{
"type": "FeatureCollection",
"name": "delux",
"crs": { "type": "name", "properties": { "name": "urn:ogc:def:crs:EPSG::25832" } },
"features": [
{ "type": "Feature", "properties": { "name": "Neuer-Burg-Weg", "km": 12.738, "darstell": "F1", "height": 539, "link": "https://www.naturpark-suedeifel.de/a-neuer-burg-weg", "erlebnis": 69, "datum": null }, "geometry": { "type": "MultiLineString", "coordinates": [ [ [ 305806.900918086757883, 5543349.892368664033711, 373.0403 ], [ 305836.865430064324755, 5543323.649671676568687, 366.47885 ], [ 305892.588612392428331, 5543315.395809617824852, 365.79575 ], [ 305965.398832893231884, 5543309.528601700440049, 359.57865 ], [ 305973.85330107761547, 5543321.132294212467968, 357.77235 ], [ 305989.853401214990299, 5543295.507904808968306, 355.64122 ], [ 306005.570849610783625, 5543287.814592906273901, 350.96458 ], [ 306045.794475533242803, 5543293.258463033474982, 342.98806 ], [ 306056.652448606793769, 5543313.79124559648335, 344.69552 ], [ 306068.652156544965692, 5543314.358359082601964, 342.14109 ], [ 306075.600158415385522, 5543312.103128348477185, 340.10155 ], [ 306087.171852348954417, 5543326.599421754479408, 338.63024 ], [ 306102.226475936709903, 5543352.100504103116691, 334.13316 ], [ 306129.515404377016239, 5543358.903902031481266, 331.23791 ], [ 306121.216956746880896, 5543377.347781220450997, 328.22702 ], [ 306109.471027840394527, 5543383.783839794807136, 326.69577 ], [ 306086.407238588086329, 5543382.72689747903496, 326.40404 ], [ 306055.888138498878106, 5543369.918732766993344, 330.89008 ], [ 306043.024416957632639, 5543349.458618819713593, 339.26671 ], [ 306011.657456881715916, 5543364.731318956241012, 337.50361 ], [ 305961.984407628246117, 5543373.655163616873324, 342.53579 ], [ 305835.119759957422502, 5543429.790854326449335, 350.27825 ], [ 305780.244059302727692, 5543485.09856984205544, 364.20695 ], [ 305759.520554397371598, 5543516.905778313055634, 366.80974 ], [ 305747.85955751570873, 5543549.386031702160835, 364.5895 ], [ 305741.068862747400999, 5543579.686020868830383, 362.03969 ], [ 305747.207655047765002, 5543608.515069695189595, 356.22049 ], [ 305764.836931689758785, 5543548.770039095543325, 353.47736 ], [ 305784.299342252896167, 5543509.884783996269107, 352.08139 ], [ 305795.53749326185789, 5543491.444965817034245, 351.49582 ], [ 305819.845641274994705, 5543473.421582097187638, 343.04387 ], [ 305851.783016559667885, 5543446.216892498545349, 337.31438 ], [ 305824.618311277125031, 5543492.282394115813076, 333.08611 ], [ 305836.194407340022735, 5543506.889319343492389, 326.46931 ], [ 305845.904837277368642, 5543523.456186611205339, 326.34899 ], [ 305847.995283694355749, 5543551.430352530442178, 326.76221 ], [ 305834.498284989851527, 5543564.943059243261814, 326.55226 ], [ 305859.397832800983451, 5543586.969784501008689, 328.20931 ], [ 305871.964509492041543, 5543575.494444810785353, 329.2079 ], [ 305894.846200956963003, 5543571.54809807613492, 331.37467 ], [ 305892.562154028564692, 5543589.663033502176404, 331.28886 ], [ 305923.200186102825683, 5543629.514084704220295, 333.74493 ], [ 305963.801432916719932, 5543692.935655608773232, 332.38001 ], [ 306032.754665556596592, 5543642.128610596992075, 344.52409 ], [ 306007.13190638134256, 5543602.09524717181921, 345.18682 ], [ 305984.238822786021046, 5543579.995161151513457, 343.64544 ], [ 305978.680559736443684, 5543565.169848445802927, 344.3564 ], [ 305980.288356979377568, 5543556.095528107136488, 345.17097 ], [ 305990.740819085156545, 5543541.691759886220098, 347.06136 ], [ 306000.234049597522244, 5543554.259612524881959, 348.97708 ], [ 306004.861016318202019, 5543569.118691552430391, 349.37341 ], [ 306027.356167976511642, 5543582.217234270647168, 355.12887 ], [ 306038.666580372781027, 5543563.775346241891384, 358.8961 ], [ 306061.610663957078941, 5543537.788245590403676, 358.09188 ], [ 306084.956783459056169, 5543520.91404427215457, 354.31336 ], [ 306127.242035181610845, 5543502.129670633003116, 347.07079 ], [ 306115.960645396611653, 5543495.637056372128427, 343.12406 ], [ 306113.556302756420337, 5543484.704531542025506, 338.17475 ], [ 306115.273059839440975, 5543478.631667743436992, 335.7547 ], [ 306144.063974855118431, 5543471.467075226828456, 334.64251 ], [ 306163.684805623721331, 5543462.631085068918765, 334.26392 ], [ 306170.235010272532236, 5543451.374339911155403, 331.64758 ], [ 306169.511383407225367, 5543433.368479879572988, 327.15785 ], [ 306165.999589317594655, 5543419.581998683512211, 324.89183 ], [ 306154.037176306301262, 5543422.018675797618926, 324.70194 ], [ 306158.328041494241916, 5543403.831256175413728, 323.37794 ], [ 306158.968717406969517, 5543393.790248819626868, 323.1773 ], [ 306181.70725709857652, 5543387.846808092668653, 323.15528 ], [ 306203.446160715015139, 5543380.04739920143038, 323.09268 ], [ 306218.621228348521981, 5543359.351201930083334, 323.86726 ], [ 306235.987322433851659, 5543343.695968602783978, 331.86203 ], [ 306247.729455344961025, 5543337.14903052803129, 335.70141 ], [ 306250.981600452563725, 5543317.997521916404366, 335.28306 ], [ 306260.188932081859093, 5543322.673232364468277, 337.18608 ], [ 306268.74538115010364, 5543311.344035143963993, 336.49461 ], [ 306275.983058658894151, 5543317.092823860235512, 336.41083 ], [ 306279.168807593872771, 5543321.875142234377563, 336.47232 ], [ 306294.529346390336286, 5543306.292684593237936, 333.6227 ], [ 306305.381308120093308, 5543302.894735219888389, 335.51104 ], [ 306309.335388838604558, 5543350.725780083797872, 337.96478 ], [ 306278.500848222174682, 5543354.958037468604743, 340.83538 ], [ 306265.006313561927527, 5543368.580779326148331, 342.42076 ], [ 306260.963686946313828, 5543391.656696022488177, 344.7472 ], [ 306280.42311129916925, 5543427.907090958207846, 360.02523 ], [ 306288.347660684841685, 5543450.661288110539317, 370.27853 ], [ 306273.308201978798024, 5543451.316786419600248, 365.56616 ], [ 306296.449122128426097, 5543478.306682341732085, 381.96434 ], [ 306275.319206182844937, 5543475.175425639376044, 374.86047 ], [ 306306.705099757760763, 5543509.992561783641577, 392.16007 ], [ 306281.491358921921346, 5543505.005482924170792, 387.69107 ], [ 306297.18224539316725, 5543522.358463481068611, 397.87283 ], [ 306283.181307152495719, 5543521.974591067060828, 393.92121 ], [ 306284.867227565729991, 5543538.832536516711116, 400.03829 ], [ 306279.965445749578066, 5543542.126555449329317, 399.81195 ], [ 306259.156818823539652, 5543545.884903472848237, 396.40458 ], [ 306239.040234045591205, 5543568.763424842618406, 403.51476 ], [ 306232.598692638217472, 5543583.021497362293303, 409.70721 ], [ 306259.166940956492908, 5543571.930823585949838, 407.45773 ], [ 306283.36751869332511, 5543550.908162049017847, 403.75643 ], [ 306295.475242828018963, 5543554.477179605513811, 407.18398 ], [ 306347.140129651350435, 5543618.502876565791667, 407.54405 ], [ 306434.114196284324862, 5543691.047339419834316, 391.81015 ], [ 306435.090211591508705, 5543716.056511387228966, 393.43797 ], [ 306441.112602608511224, 5543741.773687153123319, 396.3321 ], [ 306470.59810052003013, 5543777.662130898796022, 407.11154 ], [ 306482.556490291841328, 5543777.118510560132563, 410.49477 ], [ 306488.175683533656411, 5543765.895820058882236, 412.61145 ], [ 306481.223027384956367, 5543742.215790933929384, 409.40975 ], [ 306478.530863259220496, 5543725.282886170782149, 407.8573 ], [ 306502.723177095584106, 5543680.218850895762444, 409.99548 ], [ 306518.335627207008656, 5543669.636781536974013, 411.78773 ], [ 306519.72732433245983, 5543654.559820633381605, 410.75198 ], [ 306495.120266244688537, 5543640.533864923752844, 402.84616 ], [ 306479.466528759279754, 5543624.180797283537686, 401.74661 ], [ 306471.759993830171879, 5543607.42916186992079, 403.21428 ], [ 306477.416242309031077, 5543599.210467294789851, 407.18527 ], [ 306477.054581294534728, 5543589.205762845464051, 409.49037 ], [ 306438.247704197419807, 5543519.705102428793907, 408.33065 ], [ 306438.347701540915295, 5543498.664146988652647, 399.86333 ], [ 306452.849200085503981, 5543485.116748661734164, 397.15402 ], [ 306492.02270162012428, 5543463.553819635882974, 401.14188 ], [ 306628.203642418025993, 5543415.000416794791818, 402.5924 ], [ 306628.701282524794806, 5543402.961134030483663, 402.51949 ], [ 306602.267691506072879, 5543392.005940703675151, 400.05557 ], [ 306542.74129402555991, 5543380.354313557967544, 398.93613 ], [ 306481.104303555446677, 5543365.88559602573514, 401.23388 ], [ 306462.36871982878074, 5543347.640376255847514, 411.30243 ], [ 306456.595324984868057, 5543328.815308598801494, 416.67148 ], [ 306464.104755086125806, 5543292.479862114414573, 417.55743 ], [ 306485.009363616118208, 5543263.563174208626151, 417.27943 ], [ 306501.445897531928495, 5543249.946020694449544, 417.34028 ], [ 306554.080810905084945, 5543213.761013329960406, 409.45458 ], [ 306581.690612287842669, 5543203.63624104578048, 406.45006 ], [ 306638.46291782805929, 5543222.400299940258265, 416.27797 ], [ 306678.476671530632302, 5543245.888425806537271, 429.07061 ], [ 306732.054763222229667, 5543259.648584968410432, 438.5902 ], [ 306786.062389701954089, 5543259.480238646268845, 441.97538 ], [ 306769.903667708160356, 5543231.123261148110032, 431.06089 ], [ 306752.431408068630844, 5543243.886464350856841, 433.80453 ], [ 306729.475662779295817, 5543245.828153816051781, 432.44939 ], [ 306695.090310893952847, 5543237.163068959489465, 425.86879 ], [ 306635.843418621341698, 5543207.468274289742112, 409.41574 ], [ 306579.391855491907336, 5543171.773765775375068, 391.19355 ], [ 306561.622822303324938, 5543152.491493066772819, 380.79881 ], [ 306578.633515976369381, 5543152.767420716583729, 381.9539 ], [ 306599.836707670823671, 5543157.90084046125412, 385.21358 ], [ 306629.496430017170496, 5543172.746673518791795, 392.62978 ], [ 306656.220016588224098, 5543191.705786677077413, 402.03785 ], [ 306669.254294720012695, 5543191.123812725767493, 401.93001 ], [ 306683.368386035203002, 5543194.621289724484086, 404.15249 ], [ 306697.225600773934275, 5543191.004347009584308, 402.92021 ], [ 306699.621001355699264, 5543175.891248565167189, 395.80062 ], [ 306691.593591148382984, 5543150.246237328276038, 399.09872 ], [ 306677.187135118059814, 5543114.813809173181653, 403.61056 ], [ 306675.67905436642468, 5543102.846965501084924, 404.78742 ], [ 306679.43804444198031, 5543095.698821548372507, 404.33183 ], [ 306702.603989346767776, 5543075.71743234898895, 400.3425 ], [ 306714.956955806235783, 5543058.24133247602731, 395.7392 ], [ 306722.295139112044126, 5543040.946282775141299, 390.73783 ], [ 306755.239080346538685, 5543015.603334658779204, 392.91874 ], [ 306775.901035033282824, 5543005.730405961163342, 397.23681 ], [ 306852.959904862800613, 5542930.599950283765793, 399.91404 ], [ 306862.412988080119248, 5542916.234164144843817, 399.3814 ], [ 306860.364543563337065, 5542891.263748975470662, 401.34365 ], [ 306853.769137589028105, 5542875.473292360082269, 401.73615 ], [ 306827.960258450126275, 5542782.460315607488155, 400.33618 ], [ 306812.262198109179735, 5542739.059960334561765, 391.20919 ], [ 306821.283001486503053, 5542714.691994861699641, 395.51637 ], [ 306822.567780669720378, 5542696.613748916424811, 395.09802 ], [ 306815.972616761690006, 5542682.82685885950923, 391.89065 ], [ 306802.395684581249952, 5542668.401393028907478, 386.61522 ], [ 306792.610821638372727, 5542649.720743039622903, 384.42343 ], [ 306794.609826155297924, 5542623.602540941908956, 387.20893 ], [ 306801.919940322055481, 5542631.352984079159796, 388.51907 ], [ 306914.831197656225413, 5542676.923945224843919, 390.75184 ], [ 306967.879384664760437, 5542701.725334393791854, 387.23736 ], [ 306999.366605065995827, 5542713.502102586440742, 385.26273 ], [ 307034.865803188062273, 5542725.134473999030888, 384.85018 ], [ 307065.848520788480528, 5542724.90856244135648, 382.51373 ], [ 307084.331589398439974, 5542736.152585812844336, 384.2947 ], [ 307095.757351599051617, 5542746.649126417934895, 386.70001 ], [ 307123.44768209796166, 5542762.570445659570396, 391.82642 ], [ 307150.489706058287993, 5542762.4869503704831, 396.25297 ], [ 307160.016363536589779, 5542752.12618344463408, 395.48947 ], [ 307189.66162887297105, 5542692.844832388684154, 381.00342 ], [ 307197.254063141648658, 5542682.553788425400853, 378.68018 ], [ 307215.875968704116531, 5542671.754370362497866, 379.77348 ], [ 307259.605917308828793, 5542639.014158435165882, 379.87314 ], [ 307282.204645468271337, 5542629.073622745461762, 381.18851 ], [ 307303.552399686421268, 5542612.277144245803356, 383.52402 ], [ 307323.569264923862647, 5542586.401441264897585, 385.5709 ], [ 307341.76011476770509, 5542541.669273814186454, 391.90056 ], [ 307349.456698515801691, 5542508.334120401181281, 393.22511 ], [ 307349.372422785148956, 5542432.202964102849364, 378.2005 ], [ 307353.66839562356472, 5542414.016648096032441, 372.96877 ], [ 307365.273935398319736, 5542403.581533350050449, 371.65038 ], [ 307453.59970424376661, 5542360.000721324235201, 378.62254 ], [ 307484.117146301316097, 5542348.774678310379386, 381.3615 ], [ 307495.75903697515605, 5542339.340327985584736, 382.49019 ], [ 307495.183925805496983, 5542325.336308375932276, 381.29342 ], [ 307483.862075174343772, 5542317.729168623685837, 377.79165 ], [ 307445.532179687870666, 5542285.269765422679484, 372.67074 ], [ 307420.993528509279713, 5542271.236908956430852, 369.39162 ], [ 307361.812981867580675, 5542243.53489893861115, 362.88543 ], [ 307344.332080730702728, 5542232.253813617862761, 361.67779 ], [ 307327.602288860070985, 5542213.933402364142239, 361.45126 ], [ 307334.651968031539582, 5542164.593301037326455, 376.4517 ], [ 307335.075692131416872, 5542126.510982686653733, 384.13275 ], [ 307330.45529728080146, 5542109.758489801548421, 384.97097 ], [ 307314.368670309195295, 5542083.400839476846159, 381.53259 ], [ 307245.756211052648723, 5541995.042866967618465, 377.24342 ], [ 307233.713557909475639, 5541969.430347389541566, 382.65832 ], [ 307198.348859401012305, 5541911.821615816093981, 381.02848 ], [ 307186.489526027638931, 5541889.319188893772662, 375.13735 ], [ 307182.647536584874615, 5541844.378005449660122, 360.75265 ], [ 307183.110076334385667, 5541805.403778644278646, 354.95781 ], [ 307213.378255597897805, 5541787.172979371622205, 363.69785 ], [ 307225.948216454591602, 5541775.589859386906028, 366.85839 ], [ 307225.23246277513681, 5541757.695143726654351, 365.62027 ], [ 307203.588874082663096, 5541742.445851882919669, 361.08679 ], [ 307164.970127518521622, 5541728.030321980826557, 356.66776 ], [ 307128.537715459242463, 5541718.545169280841947, 352.82839 ], [ 307117.321787204942666, 5541711.936654255725443, 352.24492 ], [ 307100.373961069155484, 5541689.61760622356087, 354.39343 ], [ 307040.727391319640446, 5541699.000855459831655, 341.24773 ], [ 307043.454193961748388, 5541716.934447973966599, 337.86794 ], [ 307026.579238613077905, 5541720.547645356506109, 332.87625 ], [ 307019.706018497119658, 5541748.844760274514556, 324.58331 ], [ 307018.708392169326544, 5541774.926669717766345, 318.84442 ], [ 307037.235775182256475, 5541811.213316358625889, 317.36017 ], [ 307008.650691579678096, 5541822.372134571895003, 308.08774 ], [ 307006.926994557841681, 5541804.402410501614213, 309.87341 ], [ 306995.998190904618241, 5541781.866818947717547, 309.64984 ], [ 306989.011784187343437, 5541783.120322315953672, 306.90829 ], [ 306976.18415419064695, 5541761.654953096061945, 305.95926 ], [ 306964.788284152804408, 5541752.047928388230503, 304.06861 ], [ 306948.566056579875294, 5541771.777467436157167, 301.07332 ], [ 306887.947687485720962, 5541758.15681189764291, 300.76712 ], [ 306859.254350881208666, 5541766.315018817782402, 302.91026 ], [ 306832.357541337492876, 5541794.444001619704068, 306.41168 ], [ 306786.652291328529827, 5541828.260397861711681, 308.73338 ], [ 306750.510854388412554, 5541850.712683193385601, 308.32641 ], [ 306739.630008309963159, 5541877.262618267908692, 309.62627 ], [ 306734.512781313736923, 5541900.487996875308454, 310.91407 ], [ 306731.014457160315942, 5541962.612756289541721, 318.98628 ], [ 306716.301818592706695, 5541994.309888885356486, 323.16925 ], [ 306694.094375288346782, 5542015.146758565679193, 324.48646 ], [ 306646.20904647372663, 5542044.145658394321799, 328.30871 ], [ 306608.596912303648423, 5542053.629072915762663, 330.52067 ], [ 306585.599924388283398, 5542054.57077955827117, 330.71318 ], [ 306565.215574440022465, 5542046.402265302836895, 328.44485 ], [ 306536.704890020890161, 5542059.564598370343447, 332.23145 ], [ 306487.985996753792278, 5542067.44651975017041, 332.95704 ], [ 306420.069995952013414, 5542070.234648951329291, 333.23777 ], [ 306370.958156527485698, 5542069.22717460244894, 334.64361 ], [ 306377.768079819856212, 5542088.905201660469174, 339.60193 ], [ 306402.057394594768994, 5542095.930087209679186, 341.4997 ], [ 306468.584050150471739, 5542106.326294103637338, 344.56224 ], [ 306529.766018808237277, 5542109.792640788480639, 350.71008 ], [ 306581.602398492163047, 5542104.803817952051759, 353.08618 ], [ 306633.543189844931476, 5542102.705742911435664, 356.50215 ], [ 306681.110284466994926, 5542090.74830926861614, 353.71877 ], [ 306726.386455128260422, 5542070.971110313199461, 350.40876 ], [ 306762.594409143261146, 5542050.408391127362847, 350.12927 ], [ 306787.739775023364928, 5542029.465829619206488, 349.95094 ], [ 306801.96048021572642, 5542033.850409997627139, 351.94538 ], [ 306813.176203638256993, 5542040.458260701969266, 353.16122 ], [ 306846.813672862015665, 5542054.04905454441905, 354.18054 ], [ 306879.092066997429356, 5542061.789738960564137, 353.83884 ], [ 306924.052902979310602, 5542084.990425460971892, 354.65023 ], [ 306945.157245429931208, 5542111.166159252636135, 356.89116 ], [ 306953.296676542551722, 5542139.924096608534455, 360.67185 ], [ 306933.239088051370345, 5542162.686015133745968, 369.34689 ], [ 306898.20495420449879, 5542164.060331912711263, 370.27237 ], [ 306848.841768630896695, 5542156.045212828554213, 368.86181 ], [ 306814.561601715744473, 5542148.488251311704516, 368.21283 ], [ 306717.945019664941356, 5542135.277834421023726, 368.95083 ], [ 306655.438918935949914, 5542148.776000308804214, 375.41601 ], [ 306594.265393929672427, 5542171.354063840582967, 388.04057 ], [ 306534.556636471766979, 5542204.676847655326128, 395.04221 ], [ 306518.265152660082094, 5542222.406837021932006, 397.27316 ], [ 306511.71249322372023, 5542233.663082129321992, 397.19907 ], [ 306493.451080406084657, 5542252.466101203113794, 397.45769 ], [ 306460.820750004495494, 5542262.772441897541285, 404.1958 ], [ 306454.304419255699031, 5542275.029231023043394, 403.06909 ], [ 306433.960784524329938, 5542291.792863588780165, 405.34641 ], [ 306400.335845147958025, 5542326.17816989030689, 408.34244 ], [ 306387.27151494496502, 5542349.802611372433603, 406.50146 ], [ 306377.393442878266796, 5542378.2094711586833, 402.18714 ], [ 306379.476948632742278, 5542406.072580310516059, 392.26188 ], [ 306375.436724012484774, 5542429.259513958357275, 388.94322 ], [ 306323.991845668060705, 5542518.385674104094505, 395.99855 ], [ 306298.21345412672963, 5542549.482661798596382, 394.82543 ], [ 306272.932476713438518, 5542568.540461488068104, 398.71676 ], [ 306261.726700641040225, 5542587.979634231887758, 400.29622 ], [ 306261.446795767988078, 5542606.021770337596536, 399.0438 ], [ 306231.558232864364982, 5542660.308743941597641, 399.83918 ], [ 306200.083937160961796, 5542698.513538737781346, 393.98794 ], [ 306163.810084168217145, 5542717.079303079284728, 398.4614 ], [ 306148.303968217631336, 5542730.663746452890337, 403.29172 ], [ 306164.502636778051965, 5542859.084349755197763, 407.28454 ], [ 306162.858780170790851, 5542869.161655772477388, 405.20297 ], [ 306154.735572687292006, 5542890.493099577724934, 399.10099 ], [ 306101.855900451308116, 5542943.721106130629778, 397.79329 ], [ 306100.600119126320351, 5542938.757675989530981, 399.89345 ], [ 306107.936577164568007, 5542921.461741739884019, 402.42826 ], [ 306100.119372175133321, 5542901.709194772876799, 411.57634 ], [ 306107.347210293984972, 5542881.41185531206429, 414.97009 ], [ 306086.685825257736724, 5542891.287379586137831, 418.06821 ], [ 306065.987451634078752, 5542898.158984387293458, 419.82585 ], [ 306003.176422773802187, 5542928.706744963303208, 419.12959 ], [ 305978.499382280919235, 5542938.616889133118093, 418.0494 ], [ 305955.686551807622891, 5542942.560209118761122, 418.53165 ], [ 305879.069321002694778, 5542928.64089566655457, 419.45209 ], [ 305855.109304582118057, 5542930.622666663490236, 418.20756 ], [ 305837.634870025445707, 5542945.281249865889549, 417.88081 ], [ 305815.268596208421513, 5542985.273212249390781, 417.4444 ], [ 305797.189687360660173, 5543008.969928200356662, 418.16137 ], [ 305780.891952942300122, 5543002.659877152182162, 419.17706 ], [ 305762.369506549730431, 5542988.416297023184597, 420.27572 ], [ 305721.273926411464345, 5542962.970326852053404, 422.24873 ], [ 305701.676544582704082, 5542948.765940750017762, 425.19118 ], [ 305683.335233055229764, 5542939.524965800344944, 428.18998 ], [ 305663.951489833649248, 5542931.212359206750989, 432.40289 ], [ 305651.918553555151448, 5542929.756824807263911, 434.69251 ], [ 305639.061135997413658, 5542935.232437166385353, 435.87275 ], [ 305634.952063157863449, 5542956.419099991209805, 432.34714 ], [ 305644.849570797174238, 5542978.099134847521782, 425.44636 ], [ 305673.338309116486926, 5543015.91217424813658, 412.03087 ], [ 305676.963534301146865, 5543030.807395182549953, 408.47242 ], [ 305667.054432379431091, 5543058.215248164720833, 406.14498 ], [ 305672.154666948423255, 5543086.08015070669353, 403.25243 ], [ 305680.150794597866479, 5543110.723289225250483, 401.69742 ], [ 305695.542342581553385, 5543169.158774666488171, 401.67615 ], [ 305726.147695464547724, 5543208.008306546136737, 389.97142 ], [ 305743.569213264796417, 5543243.329166659153998, 380.16979 ], [ 305702.2709730026545, 5543313.060472790151834, 392.502 ], [ 305691.41933870210778, 5543316.459654091857374, 393.85171 ], [ 305657.362227584351785, 5543314.913042325526476, 399.07925 ], [ 305639.127941571176052, 5543310.566023927181959, 401.90241 ], [ 305571.927466213819571, 5543281.282701682299376, 413.49834 ], [ 305550.106848603056278, 5543261.148916013538837, 417.81043 ], [ 305522.944300265575293, 5543232.193150230683386, 419.05729 ], [ 305494.307083212421276, 5543192.271405544131994, 420.82187 ], [ 305454.313788194558583, 5543143.857612578198314, 428.40122 ], [ 305380.533823181409389, 5543075.745783345773816, 433.33629 ], [ 305272.580618595005944, 5543004.981685411185026, 429.99206 ], [ 305240.382809289265424, 5543001.366391057148576, 428.86896 ], [ 305239.884103832067922, 5543013.294710986316204, 428.23308 ], [ 305245.226537448354065, 5543022.116508937440813, 428.02102 ], [ 305279.121402788092382, 5543042.81185706704855, 425.23962 ], [ 305318.608861814718693, 5543079.22138999029994, 420.30232 ], [ 305374.193823719979264, 5543142.094341343268752, 417.20164 ], [ 305392.548124269174878, 5543175.376728328876197, 414.27756 ], [ 305411.615359923511278, 5543202.622519796714187, 410.63677 ], [ 305421.123479197733104, 5543239.231860877014697, 406.75414 ], [ 305446.207992964773439, 5543266.259076428599656, 402.93765 ], [ 305481.974797107337508, 5543308.926900429651141, 404.7734 ], [ 305507.916244088322856, 5543331.916081309318542, 403.88433 ], [ 305553.200641960720532, 5543364.109396590851247, 398.24738 ], [ 305607.365398028807249, 5543391.973466710187495, 400.87979 ], [ 305641.252497820532881, 5543412.559857933782041, 408.01852 ], [ 305675.638870846247301, 5543421.218195119872689, 406.90866 ], [ 305714.641253441222943, 5543420.693154776468873, 398.70129 ], [ 305744.472259514499456, 5543416.494019974954426, 393.3413 ], [ 305770.895323702890892, 5543401.39904787670821, 387.57297 ], [ 305789.004890384152532, 5543378.591500165872276, 381.14285 ], [ 305782.737382684950717, 5543371.917670205235481, 378.66478 ], [ 305806.900918086757883, 5543349.892368664033711, 373.0403 ] ] ] } },
{ "type": "Feature", "properties": { "name": "Prümtalweg", "km": 8.965, "darstell": "F1", "height": 359, "link": "https://www.naturpark-suedeifel.de/a-pruemtalweg", "erlebnis": 61, "datum": null }, "geometry": { "type": "MultiLineString", "coordinates": [ [ [ 312778.02194822288584, 5547717.355450225062668, 523.66009 ], [ 312811.03784385509789, 5547743.356969291344285, 521.24844 ], [ 312821.973292614333332, 5547779.369723212905228, 518.77518 ], [ 312793.008738637028728, 5547881.334487112239003, 508.1077 ], [ 312763.017496824497357, 5547927.350688150152564, 508.20177 ], [ 312763.033154683304019, 5547954.396456495858729, 507.87987 ], [ 312793.989802671829239, 5547999.391211485490203, 497.58349 ], [ 312788.030945512349717, 5548189.369315796531737, 523.0 ], [ 312934.984558329044376, 5548338.377383872866631, 515.77973 ], [ 313165.041441754612606, 5548372.40308709256351, 506.30267 ], [ 313224.978705232730135, 5548414.383686516433954, 498.0058 ], [ 313439.000246993149631, 5548424.383684731088579, 477.62407 ], [ 313771.028477882267907, 5548401.341252010315657, 444.59333 ], [ 313868.036686596809886, 5548411.318352309055626, 431.72788 ], [ 313747.042609483178239, 5548457.382093347609043, 427.02074 ], [ 313596.99204665486468, 5548543.417226870544255, 422.03861 ], [ 313503.021865342569072, 5548653.321555905044079, 408.31068 ], [ 313428.005780634644907, 5548690.331692717038095, 410.55566 ], [ 313412.026911865570582, 5548733.406521655619144, 421.23795 ], [ 313551.042898515122943, 5548717.424978839233518, 408.80632 ], [ 313677.028035558061674, 5548652.372519353404641, 389.58664 ], [ 313869.036391173722222, 5548629.321179667487741, 374.92815 ], [ 314142.981659947719891, 5548741.327882247976959, 356.49228 ], [ 314072.045312717906199, 5548852.424244629219174, 357.6092 ], [ 314077.992105414974503, 5548918.329741949215531, 348.12401 ], [ 314098.036418649018742, 5548934.327499898150563, 346.29622 ], [ 314210.990804121887777, 5548797.395861658267677, 337.4703 ], [ 314238.978104176989291, 5548722.408465147949755, 331.55642 ], [ 314228.043609889631625, 5548696.410405051894486, 331.77273 ], [ 314183.031273324741051, 5548677.384633536450565, 336.17445 ], [ 314299.976904226350598, 5548599.416911827400327, 325.93507 ], [ 314434.016880039358512, 5548419.353047964163125, 306.92047 ], [ 314442.021769348299131, 5548406.386976555921137, 306.37105 ], [ 314426.023067498463206, 5548391.360432534478605, 309.95514 ], [ 314392.037499545840546, 5548380.408777159638703, 315.2932 ], [ 314399.003905943245627, 5548364.362306216731668, 314.72766 ], [ 314476.992928765946999, 5548338.393234486691654, 309.58355 ], [ 314533.022826367639937, 5548183.411877200938761, 309.03124 ], [ 314527.986814441741444, 5548137.397276251576841, 309.39642 ], [ 314498.019674718962051, 5548085.347188980318606, 315.83044 ], [ 314494.979703837656416, 5547923.400460579432547, 313.91379 ], [ 314344.99190157308476, 5547797.384745086543262, 332.326 ], [ 314345.043344973295461, 5547782.357493882998824, 330.43349 ], [ 314457.985242203809321, 5547714.328041947446764, 331.432 ], [ 314575.045530729577877, 5547591.398996653966606, 328.20742 ], [ 314606.977584114589263, 5547524.402416398748755, 332.07817 ], [ 314511.972081889514811, 5547440.32746905926615, 360.46821 ], [ 314502.012498539406806, 5547409.397841291502118, 363.09573 ], [ 314657.004626645531971, 5547456.333598038181663, 320.06608 ], [ 314690.028176545281895, 5547439.384458525106311, 312.03943 ], [ 314726.007482550223358, 5547375.364855766296387, 318.25411 ], [ 314761.977175322768744, 5547352.415265183895826, 311.89667 ], [ 314788.026738977234345, 5547293.41474275290966, 328.48719 ], [ 314881.004728741943836, 5547271.385422409512103, 311.56045 ], [ 314843.000665718922392, 5547111.429032254964113, 304.12549 ], [ 314831.973932796798181, 5546892.329278949648142, 293.50685 ], [ 314854.013477298780344, 5546806.422520297579467, 290.03201 ], [ 314918.00297752476763, 5546700.365751654841006, 282.3285 ], [ 314846.034181944094598, 5546735.356175048276782, 302.29334 ], [ 314824.024963341886178, 5546770.398279656656086, 305.28319 ], [ 314762.975561398779973, 5546874.35111884586513, 326.47837 ], [ 314757.990275211981498, 5546939.411146095953882, 332.73914 ], [ 314699.034753342974, 5547062.324555781669915, 366.70948 ], [ 314599.993058711639605, 5547149.343268453143537, 389.93004 ], [ 314557.988422080059536, 5547217.356824071146548, 399.45012 ], [ 314498.002891235635616, 5547248.375341407954693, 400.38143 ], [ 314388.980552214081399, 5547262.398223674856126, 405.12555 ], [ 314292.026954956003465, 5547250.405256910249591, 417.90012 ], [ 314254.031749340123497, 5547260.406366750597954, 426.50007 ], [ 314211.985416770563461, 5547304.383649500086904, 440.43489 ], [ 314122.041160085878801, 5547337.337998291477561, 457.7135 ], [ 313896.042662663850933, 5547334.403118611313403, 493.80447 ], [ 313677.982313543267082, 5547454.410751878283918, 510.11595 ], [ 313588.008528842183296, 5547486.373736320063472, 511.444 ], [ 313472.975933175301179, 5547572.414216535165906, 518.70344 ], [ 313389.023757506394759, 5547606.39667871966958, 524.93084 ], [ 313270.037094223720487, 5547630.362615159712732, 521.68404 ], [ 313129.001427978510037, 5547587.319450629875064, 520.02585 ], [ 312979.977014933538157, 5547586.408612756058574, 519.37744 ], [ 312879.976445296080783, 5547618.400708090513945, 517.83247 ], [ 312805.975475281535182, 5547670.409061131998897, 522.39569 ], [ 312778.02194822288584, 5547717.355450225062668, 523.66009 ] ] ] } },
{ "type": "Feature", "properties": { "name": "Eifelgold Route", "km": 19.619, "darstell": "F1", "height": 645, "link": "https://www.naturpark-suedeifel.de/a-eifelgold-route", "erlebnis": 54, "datum": null }, "geometry": { "type": "MultiLineString", "coordinates": [ [ [ 300073.619161905138753, 5550719.430301246233284, 353.47165 ], [ 300105.325509547197726, 5550686.072609671391547, 351.51851 ], [ 300115.784565426467452, 5550672.656951600685716, 351.70543 ], [ 300122.383782137418166, 5550661.389481358230114, 352.25179 ], [ 300131.50443918426754, 5550639.007150059565902, 352.56014 ], [ 300136.360130203713197, 5550611.77508931607008, 352.56014 ], [ 300136.171330155746546, 5550581.837501358240843, 351.85902 ], [ 300137.354311910574324, 5550561.755926645360887, 351.41651 ], [ 300141.136100643081591, 5550555.603237115778029, 351.41651 ], [ 300129.594460582186002, 5550542.008957643993199, 350.26783 ], [ 300121.686486803810112, 5550495.328484488651156, 350.26783 ], [ 300118.782340051140636, 5550448.349466481246054, 350.50692 ], [ 300121.150805108714849, 5550431.229130307212472, 350.97915 ], [ 300154.933693741564639, 5550351.819709362462163, 354.90081 ], [ 300174.992845322296489, 5550301.977970263920724, 354.90081 ], [ 300180.959850585786626, 5550275.706297552213073, 354.90081 ], [ 300193.127234392042737, 5550256.215780642814934, 354.93405 ], [ 300209.078841975075193, 5550253.615463128313422, 355.8186 ], [ 300217.792446921346709, 5550222.231811197474599, 358.05935 ], [ 300232.366516202106141, 5550186.621581538580358, 358.96883 ], [ 300243.896034640376456, 5550173.054922977462411, 358.96883 ], [ 300272.614291289355606, 5550166.971881255507469, 361.80251 ], [ 300323.582151163602248, 5550163.842166707850993, 363.36097 ], [ 300368.360474610002711, 5550158.049956645816565, 366.12266 ], [ 300400.043336502276361, 5550148.851248322054744, 368.95784 ], [ 300438.957121593353804, 5550122.239667438901961, 371.58657 ], [ 300442.739604205009528, 5550116.087211885489523, 371.61549 ], [ 300441.10262649517972, 5550099.116719742305577, 369.44805 ], [ 300452.008122613653541, 5550072.66099202260375, 368.99015 ], [ 300469.477197687607259, 5550033.937831656076014, 367.58709 ], [ 300498.555022052547429, 5549985.653190629556775, 359.64932 ], [ 300505.009741130750626, 5549972.387987308204174, 356.56121 ], [ 300511.536045453045517, 5549959.120121260173619, 356.56121 ], [ 300499.325368069694377, 5549904.585076726041734, 361.34919 ], [ 300486.262206240673549, 5549854.089323612861335, 361.34919 ], [ 300467.558878691866994, 5549811.819100708700716, 353.20018 ], [ 300441.398666340857744, 5549782.851617034524679, 352.08865 ], [ 300431.082317813532427, 5549775.222051670774817, 351.44831 ], [ 300401.807570378761739, 5549745.369210248813033, 352.29736 ], [ 300357.798843403463252, 5549720.07445817347616, 353.9187 ], [ 300320.326542299997527, 5549685.630328715778887, 359.22342 ], [ 300291.488337790593505, 5549638.730058318935335, 365.11968 ], [ 300270.413267848663963, 5549613.580697346478701, 365.9941 ], [ 300242.098574400995858, 5549605.622394750826061, 365.9941 ], [ 300187.633695207536221, 5549595.859096141532063, 361.14363 ], [ 300184.590953764505684, 5549594.97101601306349, 361.14363 ], [ 300155.540313468198292, 5549594.165039772167802, 359.64622 ], [ 300126.373226206516847, 5549590.246666698716581, 357.55204 ], [ 300103.557765284902416, 5549595.218924949876964, 357.55204 ], [ 300073.065034557599574, 5549609.495310945436358, 356.80466 ], [ 300041.93759932287503, 5549631.699233710765839, 356.55733 ], [ 300009.81281407084316, 5549654.05200226046145, 356.55733 ], [ 299989.109426556620747, 5549661.839999145828187, 358.82304 ], [ 299937.056708661839366, 5549661.005755879916251, 360.68747 ], [ 299925.812520273553673, 5549655.415577571839094, 359.6175 ], [ 299909.669628816132899, 5549628.079118570312858, 357.19627 ], [ 299885.877184945275076, 5549583.997444963082671, 350.83799 ], [ 299882.010063426103443, 5549561.099340602755547, 350.48135 ], [ 299878.102340286714025, 5549514.157960118725896, 349.08001 ], [ 299871.343226122786291, 5549471.442157502286136, 347.17699 ], [ 299855.857599612092599, 5549410.017735264264047, 347.17699 ], [ 299847.83313822420314, 5549383.267892008647323, 347.71593 ], [ 299823.149891741864849, 5549342.225382932461798, 347.71593 ], [ 299785.40913809358608, 5549300.781618964858353, 346.70078 ], [ 299741.942112113931216, 5549240.405865734443069, 345.75835 ], [ 299702.632303824357223, 5549181.989649121649563, 345.53309 ], [ 299682.437937731505372, 5549153.692401602864265, 345.53309 ], [ 299654.45418550085742, 5549129.80601910687983, 346.33541 ], [ 299630.55268990888726, 5549107.770448023453355, 350.27312 ], [ 299608.992377337417565, 5549094.664005096070468, 350.27312 ], [ 299584.831391348619945, 5549090.560674311593175, 349.06786 ], [ 299561.901543525862508, 5549092.533811192028224, 346.29282 ], [ 299543.942868405720219, 5549095.211132064461708, 345.60873 ], [ 299520.273887421295512, 5549104.225263494998217, 345.60873 ], [ 299504.875004002824426, 5549117.82726507820189, 342.50763 ], [ 299490.222332013363484, 5549128.395707464776933, 340.42373 ], [ 299449.564190859382506, 5549162.092522428371012, 334.88637 ], [ 299421.404342503170483, 5549183.186790719628334, 333.81609 ], [ 299396.367114311316982, 5549207.280938542447984, 333.20874 ], [ 299366.946497838885989, 5549223.413490016013384, 333.13658 ], [ 299318.491548775578849, 5549238.368549070321023, 333.13658 ], [ 299301.535874599125236, 5549239.116629620082676, 332.99056 ], [ 299288.950069499434903, 5549224.561222436837852, 332.95354 ], [ 299284.458351268316619, 5549211.816895007155836, 332.95354 ], [ 299288.757274211384356, 5549194.623593444004655, 333.08609 ], [ 299294.725370062398724, 5549170.354499135166407, 333.87922 ], [ 299303.996118877432309, 5549151.97262167558074, 335.38662 ], [ 299309.594024231890216, 5549140.741799153387547, 336.33443 ], [ 299334.180441037460696, 5549104.641704629175365, 341.05384 ], [ 299338.399889246851671, 5549060.512218424119055, 341.58077 ], [ 299342.173266625963151, 5549029.31250836700201, 343.36888 ], [ 299340.348547860223334, 5549009.343579892069101, 343.36888 ], [ 299336.44490686483914, 5548987.448963985778391, 342.87435 ], [ 299317.65479649824556, 5548943.181573110632598, 337.54582 ], [ 299305.242696491535753, 5548883.646643793210387, 334.0333 ], [ 299308.865842355880886, 5548848.445070231333375, 333.442 ], [ 299320.216285457194317, 5548831.988923226483166, 333.442 ], [ 299337.428116806899197, 5548811.305254011414945, 336.91519 ], [ 299359.348660228541121, 5548784.322336029261351, 347.34215 ], [ 299364.541742663597688, 5548764.201286256313324, 351.89774 ], [ 299362.904898209031671, 5548749.234663597308099, 351.89774 ], [ 299352.284580721403472, 5548733.603406881913543, 349.72371 ], [ 299336.47084964136593, 5548713.269105059094727, 347.95016 ], [ 299305.957083170535043, 5548677.45684265345335, 333.62077 ], [ 299224.252097345422953, 5548610.61692476272583, 333.62077 ], [ 299197.303119651740417, 5548587.695648115128279, 328.42892 ], [ 299180.114150522393174, 5548559.398429240100086, 327.8349 ], [ 299182.443505435832776, 5548541.277201885357499, 327.8349 ], [ 299190.788377707242034, 5548524.933727179653943, 328.24641 ], [ 299209.006421804602724, 5548506.21563314460218, 329.0578 ], [ 299229.258390982286073, 5548486.30802264995873, 329.0578 ], [ 299322.503645930672064, 5548440.505269376561046, 326.68327 ], [ 299348.258673525764607, 5548433.52719681058079, 326.68327 ], [ 299382.029111768060829, 5548428.140839271247387, 327.39571 ], [ 299458.134254988399334, 5548403.021292407996953, 331.7476 ], [ 299523.150563886971213, 5548378.43005901388824, 334.51174 ], [ 299547.228784237406217, 5548353.482238721102476, 334.51174 ], [ 299563.144497749628499, 5548326.836863467469811, 336.42656 ], [ 299566.995148182846606, 5548297.638311862945557, 339.61488 ], [ 299558.934058354469016, 5548271.89200437348336, 339.61488 ], [ 299545.6793296476244, 5548241.44243554584682, 336.695 ], [ 299517.540493266656995, 5548213.554812028072774, 333.0537 ], [ 299476.149626864120364, 5548180.153185134753585, 328.1747 ], [ 299436.132154280785471, 5548154.715272993780673, 323.3937 ], [ 299413.002580829313956, 5548126.640204461291432, 322.20369 ], [ 299397.892769749858417, 5548100.268017913214862, 322.20369 ], [ 299391.872325513511896, 5548075.447197610512376, 322.62884 ], [ 299393.050529690110125, 5548053.361857735551894, 322.83855 ], [ 299407.225174149731174, 5548033.794460957869887, 323.97327 ], [ 299431.120418653765228, 5548005.847459606826305, 324.35567 ], [ 299454.569131326512434, 5547990.830304946750402, 324.53094 ], [ 299484.927626265387516, 5547974.663544761948287, 324.53094 ], [ 299511.60799214738654, 5547965.536658734083176, 324.53094 ], [ 299519.177924307528883, 5547955.234102549031377, 323.49636 ], [ 299527.896584965987131, 5547946.8922188449651, 322.61599 ], [ 299546.151244770502672, 5547929.064667711034417, 320.98791 ], [ 299567.675598383997567, 5547916.235257687978446, 320.98791 ], [ 299590.539680042478722, 5547912.372520604170859, 322.31794 ], [ 299648.584687390422914, 5547911.978046318516135, 326.1023 ], [ 299685.589843785739504, 5547912.483807483687997, 326.1023 ], [ 299721.327150553814135, 5547904.020532273687422, 323.10033 ], [ 299762.968090540380217, 5547894.334521440789104, 322.8899 ], [ 299869.517641150858253, 5547855.05705229844898, 322.8899 ], [ 299888.039995258790441, 5547844.345099589787424, 323.67523 ], [ 299898.838494277268182, 5547837.92974750045687, 324.51704 ], [ 299951.606197169807274, 5547805.676531431265175, 333.50224 ], [ 299976.731956036295742, 5547783.697348590008914, 335.5042 ], [ 300015.474235789908562, 5547727.145667338743806, 335.5042 ], [ 300030.94533923297422, 5547688.496276836842299, 333.4945 ], [ 300036.878440309257712, 5547661.224127910099924, 331.98404 ], [ 300030.673623011563905, 5547631.400359380990267, 325.70816 ], [ 300022.464450950326864, 5547601.651561397127807, 320.86425 ], [ 300012.367309928522445, 5547575.090289033949375, 316.48941 ], [ 300012.175273970293347, 5547545.04163967538625, 315.43698 ], [ 300018.183351252111606, 5547519.770399430766702, 315.08353 ], [ 300024.157330539484974, 5547495.502306857146323, 313.16592 ], [ 300043.530548643961083, 5547478.748011831194162, 313.86228 ], [ 300079.939971746760421, 5547463.249198055826128, 317.42478 ], [ 300116.536592089396436, 5547452.752945490181446, 322.90162 ], [ 300147.869087950850371, 5547460.598487499170005, 323.81954 ], [ 300177.306075865519233, 5547494.45205916557461, 326.28711 ], [ 300173.750247780466452, 5547556.588892770931125, 336.97827 ], [ 300177.060013902606443, 5547589.526549882255495, 341.3034 ], [ 300182.811207693768665, 5547607.233761945739388, 341.3034 ], [ 300195.730179232195951, 5547605.749112972989678, 336.42863 ], [ 300208.304650969221257, 5547545.167700704187155, 336.42863 ], [ 300225.591298029350583, 5547476.395416076295078, 350.66002 ], [ 300215.749575472436845, 5547429.787105025723577, 359.62463 ], [ 300195.668688006117009, 5547404.600430038757622, 359.62463 ], [ 300169.164114066283219, 5547391.676185929216444, 355.82422 ], [ 300120.424187789263669, 5547374.573896464891732, 346.471 ], [ 300111.624467929708771, 5547355.867513054981828, 346.471 ], [ 300114.10747497016564, 5547341.748661349527538, 346.44957 ], [ 300123.38473962189164, 5547323.368403886444867, 342.86948 ], [ 300147.586187545442954, 5547303.428498838096857, 338.21627 ], [ 300176.79875277436804, 5547308.236599057912827, 338.05487 ], [ 300215.217992399353534, 5547317.710155793465674, 338.05487 ], [ 300254.900888295145705, 5547334.149779397062957, 339.24335 ], [ 300257.941185548086651, 5547309.991625254973769, 332.0501 ], [ 300225.232399748580065, 5547267.243103100918233, 332.0501 ], [ 300166.469524766784161, 5547225.579655275680125, 332.0501 ], [ 300122.627068292116746, 5547205.288661031983793, 330.35825 ], [ 300101.54389054706553, 5547203.182495712302625, 326.03262 ], [ 300088.477558704849798, 5547202.669100619852543, 323.27673 ], [ 300072.109462359396275, 5547194.375622211024165, 323.19644 ], [ 300066.46242877910845, 5547177.555139733478427, 323.19644 ], [ 300068.761645149148535, 5547160.437562577426434, 326.49956 ], [ 300077.403283751104027, 5547125.04939631652087, 334.84281 ], [ 300081.669658926897682, 5547106.856427770107985, 337.445 ], [ 300076.357778769219294, 5547051.062208158895373, 337.445 ], [ 300074.790098992176354, 5547011.046445495449007, 332.42972 ], [ 300085.589304916327819, 5546956.653658110648394, 327.10269 ], [ 300096.273470979183912, 5546922.19107031263411, 325.54741 ], [ 300103.43799768621102, 5546902.88795103225857, 323.32464 ], [ 300102.468915014993399, 5546878.879565917886794, 323.32464 ], [ 300106.6576689624344, 5546856.682111157104373, 323.32464 ], [ 300101.088486582506448, 5546843.866112374700606, 322.47598 ], [ 300091.955600100453012, 5546816.266764441505075, 321.25806 ], [ 300080.735871015815064, 5546784.626683346927166, 320.71376 ], [ 300065.547252656833734, 5546731.205413184128702, 320.71376 ], [ 300046.906926761846989, 5546690.937383305281401, 311.23048 ], [ 300051.248499662382528, 5546674.745328017510474, 311.23048 ], [ 300066.503510237205774, 5546655.139722342602909, 311.87028 ], [ 300079.824611249088775, 5546637.498855377547443, 312.38249 ], [ 300097.162488917587325, 5546621.822928718291223, 313.99099 ], [ 300105.921757352538407, 5546614.482542014680803, 313.99099 ], [ 300110.525324803835247, 5546605.293766476213932, 313.23449 ], [ 300109.149079439579509, 5546595.326621651649475, 310.00108 ], [ 300102.873300444916822, 5546588.548167111352086, 310.08416 ], [ 300088.807292461686302, 5546588.183357082307339, 310.39414 ], [ 300079.117255333694629, 5546595.558561383746564, 310.39414 ], [ 300060.59320198209025, 5546608.273310177959502, 308.4879 ], [ 300040.73442255530972, 5546612.13261765986681, 308.38043 ], [ 300027.700831319089048, 5546610.616196446120739, 308.38043 ], [ 300014.221549476787914, 5546599.097880123183131, 309.97152 ], [ 300006.202491590171121, 5546574.462567318230867, 312.29428 ], [ 300007.387396230129525, 5546554.381078189238906, 313.91903 ], [ 300008.759361567324959, 5546539.301891501061618, 314.9567 ], [ 300016.703349439194426, 5546537.00114069506526, 315.68355 ], [ 300020.961413680575788, 5546468.71553108189255, 314.54564 ], [ 300027.78211666183779, 5546388.423147512599826, 309.43494 ], [ 300021.393799673998728, 5546378.643400785513222, 306.21604 ], [ 300020.279205039376393, 5546375.679496852681041, 305.50838 ], [ 300024.362287482013926, 5546329.55266825016588, 303.74607 ], [ 300020.906271212210413, 5546317.659574910067022, 302.06494 ], [ 300013.590286784921773, 5546309.918232246302068, 299.14589 ], [ 299950.550376068218611, 5546309.492598799988627, 295.33678 ], [ 299935.664150334196165, 5546314.056799096986651, 296.22038 ], [ 299891.481654224335216, 5546309.809680767357349, 297.25797 ], [ 299883.504882575478405, 5546336.156467409804463, 297.4866 ], [ 299858.818043789127842, 5546368.137798584066331, 299.1625 ], [ 299832.358840266009793, 5546408.311795891262591, 306.87092 ], [ 299812.468481714604422, 5546461.152972349897027, 314.95641 ], [ 299803.675213444046676, 5546515.47128616925329, 321.48696 ], [ 299802.614269022480585, 5546588.64688928425312, 323.12167 ], [ 299806.371534144505858, 5546633.47870786767453, 323.12167 ], [ 299806.264652378973551, 5546655.523665450513363, 323.12167 ], [ 299790.341974854178261, 5546682.168098642490804, 330.68113 ], [ 299778.057519054389559, 5546700.661488984711468, 330.99526 ], [ 299777.20501422311645, 5546704.700852560810745, 330.99526 ], [ 299751.741541895549744, 5546717.787853858433664, 333.13151 ], [ 299734.295884091523476, 5546732.467156847938895, 337.21559 ], [ 299736.934040470514446, 5546747.396311520598829, 341.52397 ], [ 299775.545447798562236, 5546761.869128433056176, 341.52397 ], [ 299818.984232592163607, 5546773.155934505164623, 337.4706 ], [ 299853.989239668357186, 5546771.734497740864754, 326.87051 ], [ 299870.433813589857891, 5546782.028267399407923, 325.225 ], [ 299869.24955621821573, 5546802.109807443805039, 325.225 ], [ 299852.108770718565211, 5546849.838748077861965, 335.04388 ], [ 299840.837680533644743, 5546918.387175143696368, 335.04388 ], [ 299834.79749477020232, 5546967.704482852481306, 327.86315 ], [ 299812.749816395691596, 5546991.572588860057294, 331.64129 ], [ 299737.515127059305087, 5547036.69032100494951, 358.80048 ], [ 299728.905452395207249, 5547070.964783301576972, 364.02042 ], [ 299738.824901805957779, 5547094.638027002103627, 370.70316 ], [ 299762.471819776459597, 5547109.671024698764086, 370.70316 ], [ 299777.364804337557871, 5547132.156234123744071, 370.70316 ], [ 299768.497028407233302, 5547159.538572866469622, 374.21035 ], [ 299746.793697963817976, 5547217.457493133842945, 374.21035 ], [ 299762.179775779950432, 5547325.861807714216411, 371.67667 ], [ 299776.898625859175809, 5547418.372635809704661, 371.67667 ], [ 299765.543410680547822, 5547434.827668685466051, 372.7559 ], [ 299734.482702844194137, 5547459.145106644369662, 374.00859 ], [ 299700.07845207490027, 5547474.57121208216995, 374.40113 ], [ 299679.141811940411571, 5547476.357414482161403, 376.45493 ], [ 299647.478715045610443, 5547461.625222484581172, 383.26002 ], [ 299638.493197683012113, 5547460.960053436458111, 383.26002 ], [ 299632.705062972032465, 5547467.188140828162432, 381.38935 ], [ 299627.288457302609459, 5547481.417236477136612, 381.38935 ], [ 299629.224516161484644, 5547504.387590726837516, 382.08358 ], [ 299638.254113448434509, 5547531.099589022807777, 385.49705 ], [ 299674.040300682536326, 5547573.618130050599575, 387.47408 ], [ 299713.208340159093495, 5547603.097270106896758, 387.47408 ], [ 299715.921327123884112, 5547620.027343242429197, 388.65651 ], [ 299694.695242226589471, 5547640.859798263758421, 390.57708 ], [ 299666.042760187759995, 5547649.057672248221934, 390.72693 ], [ 299647.52097115397919, 5547636.838761818595231, 392.85356 ], [ 299626.578208396909758, 5547613.578796311281621, 395.63953 ], [ 299605.042898384272121, 5547576.426305659115314, 397.06125 ], [ 299583.214237755862996, 5547556.31660530436784, 397.06125 ], [ 299554.329322416102514, 5547533.465908241458237, 394.78973 ], [ 299545.445675042225048, 5547487.713089920580387, 406.11922 ], [ 299501.381667676381767, 5547461.535572902299464, 409.29714 ], [ 299449.678324167034589, 5547470.59895871207118, 408.05403 ], [ 299420.319091279117856, 5547486.728241936303675, 408.05403 ], [ 299402.329388236161321, 5547513.563010045327246, 408.41624 ], [ 299412.249775067379232, 5547560.167324485257268, 407.30603 ], [ 299408.950777326535899, 5547577.322848660871387, 407.30603 ], [ 299385.833925155340694, 5547601.233130278065801, 411.27714 ], [ 299355.0271108757006, 5547605.506038717925549, 416.43884 ], [ 299326.704623040277511, 5547597.663453670218587, 422.9324 ], [ 299284.831742897280492, 5547578.307233239524066, 433.92814 ], [ 299251.122558729199227, 5547560.6485460633412, 440.71416 ], [ 299237.577084549353458, 5547572.177706842310727, 440.71416 ], [ 299183.457461097394116, 5547570.313904563896358, 444.046 ], [ 299170.659009811235592, 5547576.917151996865869, 444.046 ], [ 299146.274334889953025, 5547591.859311621636152, 444.046 ], [ 299099.179140058695339, 5547614.779299785383046, 446.25885 ], [ 299063.487574697704986, 5547649.293621852993965, 446.25885 ], [ 299061.601322400150821, 5547677.305623439140618, 445.80341 ], [ 299066.254870873177424, 5547717.20563830435276, 442.3758 ], [ 299081.220485101104714, 5547741.578716687858105, 436.95082 ], [ 299087.797194812097587, 5547756.359658916480839, 434.95004 ], [ 299091.029144903994165, 5547762.249443277716637, 433.85573 ], [ 299093.330544313415885, 5547768.174196788109839, 433.2625 ], [ 299093.781680629763287, 5547780.179713274352252, 433.2625 ], [ 299092.078197213937528, 5547788.258705758489668, 433.91477 ], [ 299090.850504669826478, 5547782.293605121783912, 434.45091 ], [ 299087.580968377762474, 5547775.403361332602799, 435.75941 ], [ 299081.493035861523822, 5547773.628395353443921, 438.35535 ], [ 299077.409346611006185, 5547771.778115379624069, 440.15127 ], [ 299068.014238659641705, 5547762.112468549050391, 444.1998 ], [ 299036.497630412923172, 5547749.382116644643247, 455.49019 ], [ 299030.372042460367084, 5547746.606748095713556, 457.32139 ], [ 298975.622321738628671, 5547729.852047896943986, 471.32092 ], [ 298957.429805922904052, 5547724.524854375049472, 473.81932 ], [ 298903.455951901094522, 5547701.730441312305629, 480.147 ], [ 298802.442343321745284, 5547653.767151695676148, 483.18216 ], [ 298672.424681438948028, 5547581.850770480930805, 477.20123 ], [ 298644.496105223428458, 5547633.998210874386132, 473.35188 ], [ 298600.184355843055528, 5547726.949389265850186, 472.20989 ], [ 298560.142429319792427, 5547826.642002914100885, 469.20466 ], [ 298536.224850241327658, 5547878.639057633467019, 466.89794 ], [ 298533.444735039258376, 5547884.755096911452711, 466.43339 ], [ 298534.157226759183686, 5547901.760196456685662, 465.63057 ], [ 298564.541030269581825, 5547960.505417408421636, 464.88691 ], [ 298581.415549463243224, 5548006.957947484217584, 464.38029 ], [ 298590.167774211731739, 5548075.646534715779126, 464.38029 ], [ 298610.744347993168049, 5548113.833303514868021, 463.53434 ], [ 298627.915415545459837, 5548168.178476318717003, 462.94035 ], [ 298599.052394825383089, 5548197.318416596390307, 464.91981 ], [ 298562.85232034267392, 5548242.876398913562298, 470.08219 ], [ 298498.453705621650442, 5548308.533264910802245, 474.9035 ], [ 298481.20541000191588, 5548328.219204003922641, 477.47424 ], [ 298458.129865750088356, 5548351.130552970804274, 480.82941 ], [ 298444.751669770106673, 5548391.710223889909685, 483.98829 ], [ 298399.057781092589721, 5548375.5108034722507, 483.70349 ], [ 298392.047875730029773, 5548375.88650304172188, 482.94772 ], [ 298326.460388047620654, 5548362.441784475930035, 477.93617 ], [ 298278.724043080583215, 5548345.318525911308825, 472.59872 ], [ 298265.835605267260689, 5548322.872908690012991, 472.24226 ], [ 298240.960482188151218, 5548301.881601549685001, 470.49439 ], [ 298223.01967105967924, 5548278.513561548665166, 469.01362 ], [ 298209.955475532333367, 5548278.004817254841328, 467.71643 ], [ 298211.708866590284742, 5548295.972541044466197, 467.71643 ], [ 298226.719129365403205, 5548321.454926833510399, 467.73441 ], [ 298254.538292036042549, 5548365.378377287648618, 466.26818 ], [ 298291.27495896583423, 5548432.899315990507603, 463.83447 ], [ 298324.731513974140398, 5548468.595277002081275, 462.66811 ], [ 298366.241294544422999, 5548504.989512480795383, 462.66811 ], [ 298391.228234774316661, 5548528.982747130095959, 459.14076 ], [ 298402.740602251607925, 5548541.57300734706223, 457.85883 ], [ 298422.390592739800923, 5548581.797771446406841, 453.71833 ], [ 298430.460821081534959, 5548609.546124036423862, 450.86931 ], [ 298441.604251007200219, 5548637.067274549975991, 448.80026 ], [ 298447.704247607965954, 5548663.888060313649476, 447.00715 ], [ 298452.986677757231519, 5548695.637768755666912, 444.59343 ], [ 298461.429996544844471, 5548731.387139544822276, 442.09806 ], [ 298469.906758082681336, 5548768.025819657370448, 440.29057 ], [ 298479.280264440341853, 5548803.740135350264609, 439.2499 ], [ 298495.583653283189051, 5548835.074340310879052, 438.38489 ], [ 298514.670201444183476, 5548862.296136266551912, 437.87773 ], [ 298541.998501928872429, 5548893.326164267957211, 437.22303 ], [ 298597.916602061071899, 5548889.994162837974727, 437.22303 ], [ 298623.807435296243057, 5548861.967803422361612, 436.24147 ], [ 298643.295882520673331, 5548875.14854783937335, 434.72955 ], [ 298677.112933093099855, 5548893.912197186611593, 433.102 ], [ 298723.950009709980804, 5548913.966811848804355, 430.28467 ], [ 298747.333031629328616, 5548922.103164101950824, 426.59682 ], [ 298751.491360676765908, 5548925.954095348715782, 425.97768 ], [ 298780.73464282049099, 5548931.754844339564443, 419.87992 ], [ 298866.950156234088354, 5548960.346986693330109, 398.85596 ], [ 298921.137921582907438, 5548989.143504268489778, 387.66471 ], [ 298952.056257952877786, 5549010.91215758677572, 384.06736 ], [ 298968.688660674146377, 5549026.316516974940896, 384.06736 ], [ 298981.945270581403747, 5549056.764721584506333, 386.477 ], [ 298983.9218570588273, 5549080.735407143831253, 389.46134 ], [ 298975.216515164240263, 5549114.12477719783783, 389.46134 ], [ 298962.462491170794237, 5549144.660843625664711, 386.22837 ], [ 298952.303909934533294, 5549166.082416632212698, 381.88713 ], [ 298901.732679874752648, 5549178.115265772677958, 373.99659 ], [ 298902.696893628919497, 5549177.077104893513024, 374.43907 ], [ 298860.856863697699737, 5549131.674760455265641, 381.85987 ], [ 298821.28353099769447, 5549093.200521513819695, 391.7197 ], [ 298798.308545313309878, 5549071.133556870743632, 393.11235 ], [ 298756.252304540015757, 5549044.775769617408514, 393.13682 ], [ 298696.903881669510156, 5549012.167757486924529, 394.63639 ], [ 298681.175085940165445, 5549020.775266540236771, 394.63639 ], [ 298673.243401808664203, 5549046.121053675189614, 396.40504 ], [ 298678.61578890128294, 5549105.029590874910355, 402.61769 ], [ 298655.622346431249753, 5549131.944713952951133, 404.988 ], [ 298644.861803972860798, 5549137.359536812640727, 406.7165 ], [ 298633.149241191858891, 5549168.859152522869408, 406.7165 ], [ 298684.108903602231294, 5549191.87490841280669, 402.25048 ], [ 298723.716124100785237, 5549231.237442081794143, 398.12073 ], [ 298767.447358330711722, 5549273.561895482242107, 398.12073 ], [ 298786.278925070655532, 5549318.827921193093061, 398.12073 ], [ 298803.249982655514032, 5549343.235905854962766, 398.08755 ], [ 298828.306642681942321, 5549369.231975812464952, 395.34614 ], [ 298833.692395830410533, 5549379.048013157211244, 395.34614 ], [ 298834.814323661150411, 5549406.947063343599439, 405.48945 ], [ 298844.693130028666928, 5549427.614633776247501, 410.08473 ], [ 298853.973076544119976, 5549434.278460076078773, 410.08473 ], [ 298869.888689330080524, 5549432.566188571043313, 404.89814 ], [ 298888.034290767507628, 5549434.888869971036911, 402.52302 ], [ 298904.962717648595572, 5549458.185535920783877, 400.33727 ], [ 298921.556361747556366, 5549472.58926366455853, 400.33727 ], [ 298938.620519931428134, 5549472.837726073339581, 393.57108 ], [ 298956.65674396243412, 5549474.162867421284318, 387.31605 ], [ 298983.414580158656463, 5549492.080560984089971, 387.31605 ], [ 298989.025749342283234, 5549507.899513808079064, 388.54453 ], [ 298993.932457362359855, 5549529.756233311258256, 395.23444 ], [ 299008.555509910336696, 5549545.12488894443959, 398.06761 ], [ 299026.263285145862028, 5549562.492631279863417, 398.30347 ], [ 299046.633496248046868, 5549570.632087389938533, 398.30347 ], [ 299062.477660856908187, 5549567.030619195662439, 398.30347 ], [ 299084.916384631418623, 5549552.049280062317848, 398.30347 ], [ 299117.818628116627224, 5549523.761603721417487, 397.99312 ], [ 299154.662548179854639, 5549520.261557287536561, 397.12226 ], [ 299169.317113925528247, 5549511.69575775694102, 393.9441 ], [ 299190.980138449347578, 5549502.755300294607878, 390.62389 ], [ 299206.195091164496262, 5549507.192918517626822, 390.62389 ], [ 299243.57120833999943, 5549540.742839167825878, 403.79496 ], [ 299275.229028289788403, 5549580.407721547409892, 406.19326 ], [ 299284.65847006032709, 5549591.074123890139163, 406.20371 ], [ 299301.701578745152801, 5549617.484541120938957, 404.06893 ], [ 299294.953685226268135, 5549647.682893238030374, 398.19431 ], [ 299277.226647125149611, 5549656.475100195966661, 398.01278 ], [ 299205.538159310002811, 5549640.355619562789798, 403.39617 ], [ 299182.028184803435579, 5549678.308528885245323, 406.2817 ], [ 299163.640172804589383, 5549719.074667397886515, 409.01889 ], [ 299147.871635025017895, 5549724.67677047662437, 409.6488 ], [ 299142.599586392054334, 5549717.861822383478284, 411.97532 ], [ 299127.573717796825804, 5549716.53425638563931, 413.48516 ], [ 299103.155343117716257, 5549707.433542178943753, 417.37645 ], [ 299061.663581418455578, 5549671.145069237798452, 423.34555 ], [ 299016.348140018177219, 5549639.898773066699505, 426.42996 ], [ 298999.550736427889206, 5549669.585062448866665, 423.82816 ], [ 298979.116284930496477, 5549684.491404632106423, 422.61331 ], [ 298928.437072476954199, 5549693.522750410251319, 423.14075 ], [ 298862.467933181440458, 5549696.116981125436723, 429.72568 ], [ 298826.815397684578784, 5549704.58366790227592, 431.22944 ], [ 298791.242104869626928, 5549717.055134818889201, 434.84478 ], [ 298739.184806010918692, 5549716.121400294825435, 444.51654 ], [ 298716.668123874813318, 5549728.992152350023389, 447.67778 ], [ 298669.435029828979168, 5549724.871725675649941, 449.79336 ], [ 298664.325396338128485, 5549747.105652172118425, 451.5195 ], [ 298656.772220442537218, 5549782.456128148362041, 455.43947 ], [ 298664.173748697852716, 5549817.243076740764081, 461.48726 ], [ 298673.159806059673429, 5549840.838307342492044, 466.45955 ], [ 298678.771651502756868, 5549856.65695609152317, 468.99195 ], [ 298683.867951757158153, 5549883.515731250867248, 471.28554 ], [ 298685.058164033282083, 5549888.48029269464314, 471.78037 ], [ 298681.587087081396021, 5549927.573144021444023, 476.16932 ], [ 298673.921076434664428, 5549959.922223840840161, 479.1215 ], [ 298641.99210568680428, 5549987.285727412439883, 480.14243 ], [ 298642.926700315671042, 5550010.182475977577269, 480.14871 ], [ 298651.405265439068899, 5550046.9325807755813, 480.85717 ], [ 298674.305576200713404, 5550069.001544320955873, 483.60738 ], [ 298684.850310683948919, 5550082.630541084334254, 484.26926 ], [ 298694.351418091682717, 5550095.185677142813802, 484.84064 ], [ 298699.774528140434995, 5550106.002037473022938, 485.19328 ], [ 298722.900905396207236, 5550132.181510894559324, 486.09765 ], [ 298744.723518237820826, 5550152.287576951086521, 486.05163 ], [ 298773.809526031895075, 5550154.086276139132679, 484.61858 ], [ 298781.122730735340156, 5550161.825871501117945, 483.5193 ], [ 298815.014529859996401, 5550207.526530663482845, 477.98045 ], [ 298857.220009655924514, 5550262.821826301515102, 475.47079 ], [ 298877.893472472729627, 5550279.07544119656086, 474.57696 ], [ 298914.265254598692991, 5550312.660716255195439, 471.68461 ], [ 298944.476122811494861, 5550342.470563143491745, 469.42394 ], [ 298973.233244602393825, 5550360.312717751599848, 468.48981 ], [ 299022.846765322028659, 5550399.300326253287494, 468.48981 ], [ 299075.318096110131592, 5550434.284668176434934, 467.8943 ], [ 299158.656438400910702, 5550489.927527438849211, 463.79701 ], [ 299224.296759105171077, 5550530.318046845495701, 455.13801 ], [ 299293.97641371039208, 5550569.555661899037659, 445.1694 ], [ 299327.36686414066935, 5550579.210482348687947, 441.46908 ], [ 299334.443678865558468, 5550555.901501902379096, 439.54473 ], [ 299330.544671763316728, 5550534.118038057349622, 436.05696 ], [ 299325.273557845270261, 5550527.302929635159671, 435.28427 ], [ 299287.565917168394662, 5550484.748420380987227, 432.98035 ], [ 299243.930989972257521, 5550446.535716898739338, 432.98035 ], [ 299186.18957293103449, 5550404.734773297794163, 433.28314 ], [ 299173.572418516501784, 5550389.290378936566412, 433.28314 ], [ 299168.92648685828317, 5550372.433134149760008, 428.72561 ], [ 299173.37417868245393, 5550359.241530863568187, 424.57638 ], [ 299206.784256251237821, 5550317.910587264224887, 420.72028 ], [ 299237.15178194118198, 5550277.584784260950983, 421.38403 ], [ 299255.725958264782093, 5550241.82114761415869, 425.58385 ], [ 299294.367140515940264, 5550206.194214922375977, 427.49384 ], [ 299329.2318040363607, 5550176.832014452666044, 427.49384 ], [ 299354.451652465912048, 5550157.73971030768007, 426.30079 ], [ 299421.491738557233475, 5550157.114724447019398, 424.71037 ], [ 299451.76671411213465, 5550163.881812795065343, 424.28241 ], [ 299461.896111853886396, 5550166.5071932496503, 424.28241 ], [ 299502.897533339448273, 5550189.903764168731868, 424.28241 ], [ 299533.293247362133116, 5550224.719182007946074, 423.03985 ], [ 299545.346555164200254, 5550225.157454176805913, 421.31982 ], [ 299587.445041101891547, 5550201.425499971024692, 418.22943 ], [ 299661.930663140723482, 5550162.453103582374752, 411.81372 ], [ 299731.930525062896777, 5550135.672400996088982, 403.67624 ], [ 299766.691980787669308, 5550130.250641413964331, 399.42343 ], [ 299798.819933222839609, 5550132.942748174071312, 392.99622 ], [ 299848.828097579593305, 5550130.95767146255821, 379.80255 ], [ 299864.073971394333057, 5550136.286405717022717, 377.16181 ], [ 299893.646456899121404, 5550151.097219991497695, 372.71117 ], [ 299919.839846683549695, 5550154.12364867515862, 372.41593 ], [ 299933.412896037218161, 5550143.485346470028162, 372.41593 ], [ 299938.456402458250523, 5550119.362984383478761, 373.967 ], [ 299928.43307807308156, 5550094.691662478260696, 372.46608 ], [ 299927.424870229908265, 5550069.682740683667362, 369.64532 ], [ 299924.11770859232638, 5550036.856295173987746, 364.72706 ], [ 299914.496414413442835, 5549996.140059798024595, 357.35486 ], [ 299902.616848810925148, 5549950.61039521638304, 350.82461 ], [ 299920.497004430217203, 5549947.825722654350102, 351.35842 ], [ 299941.308175770565867, 5549941.035210512578487, 352.2525 ], [ 299967.757673017447814, 5549927.911165508441627, 352.2525 ], [ 299999.179241463425569, 5549911.706855151802301, 353.67524 ], [ 300026.368614758714102, 5549891.542363249696791, 354.47752 ], [ 300043.728977262915578, 5549874.862777224741876, 354.47752 ], [ 300060.237477578863036, 5549862.222593232057989, 355.05003 ], [ 300081.34207734640222, 5549840.282387031242251, 353.56666 ], [ 300098.075362929841504, 5549833.645109638571739, 353.56666 ], [ 300127.345994602655992, 5549838.449920432642102, 353.87967 ], [ 300176.916366614692379, 5549851.51242143381387, 355.27471 ], [ 300212.499721711501479, 5549866.100229680538177, 356.12216 ], [ 300225.705037554027513, 5549870.504455091431737, 356.12216 ], [ 300237.023257037624717, 5549878.096174682490528, 356.75095 ], [ 300245.186660595587455, 5549881.798413493670523, 356.75095 ], [ 300266.929289402905852, 5549899.90963445045054, 356.75095 ], [ 300283.667350272240583, 5549918.319323824718595, 356.20963 ], [ 300293.052595322718844, 5549927.875813811086118, 354.23325 ], [ 300294.649404387106188, 5549941.842201905325055, 353.16581 ], [ 300286.191728375677485, 5549955.182559506967664, 353.16581 ], [ 300268.464342285646126, 5549963.971467411145568, 353.16581 ], [ 300248.800995688070543, 5549972.721500342711806, 350.99801 ], [ 300227.171711743576452, 5549982.546982600353658, 349.82847 ], [ 300207.771266073337756, 5549996.407980961725116, 349.82847 ], [ 300179.392180641007144, 5550013.499133395031095, 350.08159 ], [ 300158.213112641591579, 5550033.438035782426596, 350.08159 ], [ 300142.079228307353333, 5550056.082572474144399, 349.1186 ], [ 300125.982916154200211, 5550079.727626542560756, 349.1186 ], [ 300112.92591472377535, 5550102.257158595137298, 349.2448 ], [ 300096.721738538588397, 5550123.01207816042006, 350.0626 ], [ 300078.135795863578096, 5550133.72621161583811, 350.95059 ], [ 300068.752196118293796, 5550149.105351771228015, 350.93398 ], [ 300055.143280799733475, 5550183.678098117932677, 351.57859 ], [ 300052.331499043968506, 5550213.839310178533196, 351.57859 ], [ 300051.888168418547139, 5550226.880159959197044, 350.71363 ], [ 300039.76807981193997, 5550274.421506897546351, 350.71363 ], [ 300018.745835885230917, 5550325.30174242798239, 354.74292 ], [ 300016.420030189154204, 5550391.400688196532428, 353.83466 ], [ 300017.12828503747005, 5550408.405907900072634, 353.48319 ], [ 300018.616804198711179, 5550421.374450946226716, 353.00159 ], [ 300018.919335056096315, 5550452.420994846150279, 354.64301 ], [ 300019.152466610772535, 5550508.405491810292006, 357.71569 ], [ 300039.570728020567913, 5550569.645550440065563, 357.71569 ], [ 300051.710421021503862, 5550622.178743993863463, 357.37639 ], [ 300064.074614798184484, 5550680.714752486906946, 354.34466 ], [ 300074.508388455898967, 5550716.391418198123574, 353.47165 ], [ 300073.619161905138753, 5550719.430301246233284, 353.47165 ] ] ] } },
{ "type": "Feature", "properties": { "name": "Felsenweg 3 - Ferschweiler - Berdorf", "km": 24.675, "darstell": "F1", "height": 530, "link": "https://www.naturpark-suedeifel.de/a-felsenweg-3-ferschweiler-berdorf", "erlebnis": 76, "datum": null }, "geometry": { "type": "MultiLineString", "coordinates": [ [ [ 308959.355379555781838, 5522665.423218324780464, 357.13758 ], [ 308986.441874962532893, 5522641.423812750726938, 354.66538 ], [ 309008.516322968178429, 5522622.276816022582352, 352.86878 ], [ 309031.365207636961713, 5522604.660689344629645, 351.70553 ], [ 309019.301815227954648, 5522577.15165305417031, 349.57872 ], [ 309019.293022536439821, 5522570.80781621299684, 349.76305 ], [ 309009.520706954528578, 5522563.251762581989169, 350.02381 ], [ 309010.495063862123061, 5522556.205278979614377, 350.8267 ], [ 309008.610629226895981, 5522545.698478712700307, 352.22606 ], [ 309003.301805982249789, 5522544.217104551382363, 352.19686 ], [ 308996.30943872401258, 5522537.898162731900811, 352.83485 ], [ 308983.816061954246834, 5522538.897454272955656, 352.04441 ], [ 308973.875146310892887, 5522540.808011067099869, 351.3067 ], [ 308945.667030932963826, 5522529.119609087705612, 352.22384 ], [ 308925.626529731205665, 5522522.372915703803301, 352.71061 ], [ 308907.199693272588775, 5522524.584457155317068, 351.27336 ], [ 308891.280935445800424, 5522520.362968565896153, 351.04616 ], [ 308879.850471881451085, 5522520.879604421555996, 350.08286 ], [ 308879.890000436804257, 5522530.116186725907028, 348.25381 ], [ 308875.662820725818165, 5522530.711297081783414, 347.7953 ], [ 308861.883810373139568, 5522529.975646695122123, 346.74292 ], [ 308847.58278413163498, 5522534.823598811402917, 344.65198 ], [ 308843.126929694670253, 5522528.971384244039655, 345.1125 ], [ 308834.902970674389508, 5522524.477139267139137, 345.00361 ], [ 308828.119352570036426, 5522524.049954500980675, 344.32974 ], [ 308822.763130299688783, 5522521.234821790829301, 344.20672 ], [ 308817.009969317354262, 5522521.438904337584972, 343.55398 ], [ 308814.783422962529585, 5522515.507629527710378, 344.26859 ], [ 308794.122127015260048, 5522511.56596100423485, 342.51904 ], [ 308787.189788746763952, 5522513.036221846938133, 341.64693 ], [ 308782.903441515867598, 5522511.963986791670322, 341.38291 ], [ 308780.056307659950107, 5522508.837270587682724, 341.47329 ], [ 308774.935508063819725, 5522506.570335764437914, 341.27446 ], [ 308768.038665561703965, 5522509.041071989573538, 340.4667 ], [ 308760.263989780796692, 5522509.094340934418142, 339.92773 ], [ 308755.383505361387506, 5522505.483282838948071, 339.84644 ], [ 308743.96787616139045, 5522508.448304492980242, 339.07233 ], [ 308739.383245478093158, 5522513.174350041896105, 338.94984 ], [ 308732.443029872491024, 5522514.422359305433929, 338.81158 ], [ 308725.915480590774678, 5522513.095804279670119, 338.54552 ], [ 308717.169510264997371, 5522514.185318291187286, 338.34288 ], [ 308705.970554032595828, 5522515.139310364611447, 338.06995 ], [ 308693.772687267046422, 5522516.351386049762368, 337.85231 ], [ 308688.667637046368327, 5522514.529177122749388, 337.47499 ], [ 308687.770923126023263, 5522509.55245194863528, 336.89132 ], [ 308681.384122711373493, 5522506.106229597702622, 336.31413 ], [ 308675.072291650634725, 5522504.772076942026615, 335.93227 ], [ 308668.091307367372792, 5522498.787033660337329, 335.19752 ], [ 308657.86273348913528, 5522500.70838606543839, 334.83262 ], [ 308651.850388236343861, 5522499.69753107521683, 334.45932 ], [ 308636.07340562925674, 5522499.478591513819993, 333.65893 ], [ 308627.024839741643518, 5522498.130366303957999, 333.06087 ], [ 308616.087605537031777, 5522494.28929272480309, 332.06173 ], [ 308603.884375659632497, 5522489.268884452059865, 330.87754 ], [ 308593.965227508742828, 5522477.600603452883661, 330.19838 ], [ 308592.648454384645447, 5522483.101134892553091, 329.76207 ], [ 308589.106266595423222, 5522488.792004592716694, 329.23192 ], [ 308583.684153430804145, 5522490.208891742862761, 328.27327 ], [ 308570.550500607700087, 5522493.457904799841344, 324.64724 ], [ 308561.534914069226943, 5522499.120604696683586, 321.70482 ], [ 308560.670253389631398, 5522503.15816880017519, 321.7865 ], [ 308558.705449534463696, 5522510.685155371204019, 322.20471 ], [ 308561.440558870206587, 5522543.088013005442917, 332.13431 ], [ 308562.324452565051615, 5522559.863129695877433, 337.15449 ], [ 308553.619504020432942, 5522568.186050797812641, 335.78319 ], [ 308554.280852694821078, 5522572.614614901132882, 336.86459 ], [ 308549.686037988576572, 5522583.128871826454997, 336.36711 ], [ 308556.977573643554933, 5522591.773967201821506, 339.99771 ], [ 308557.57717851200141, 5522600.545480693690479, 340.43428 ], [ 308557.932565290248021, 5522610.54998532589525, 340.33621 ], [ 308558.052468944224529, 5522620.00634793471545, 339.79692 ], [ 308563.26157606812194, 5522630.840150026604533, 340.74802 ], [ 308572.527111694216728, 5522638.302127619273961, 342.99456 ], [ 308580.385106764617376, 5522648.707950554788113, 344.0654 ], [ 308579.676137659465894, 5522653.073887635953724, 343.38799 ], [ 308580.742719744564965, 5522662.830528189428151, 342.53843 ], [ 308592.548808571998961, 5522670.870106535963714, 344.42347 ], [ 308593.730708392220549, 5522681.846968067809939, 343.40961 ], [ 308599.119899246667046, 5522691.67268945556134, 343.37385 ], [ 308602.968732601846568, 5522706.784287057816982, 342.43119 ], [ 308613.643526695261244, 5522725.549016204662621, 342.54591 ], [ 308624.599383202614263, 5522750.202754710800946, 342.63765 ], [ 308636.158419042243622, 5522765.485776480287313, 343.57926 ], [ 308640.89150562719442, 5522777.115651587955654, 343.51575 ], [ 308647.320220273686573, 5522793.916484983637929, 343.05742 ], [ 308635.511896198848262, 5522791.887159924954176, 341.98677 ], [ 308624.597751887980849, 5522800.844943274743855, 340.49412 ], [ 308617.080090115079656, 5522808.123907693661749, 339.56474 ], [ 308612.222294546372723, 5522817.311843634583056, 338.96714 ], [ 308608.550616681517567, 5522827.459371869452298, 338.49786 ], [ 308604.67111933871638, 5522837.836887524463236, 337.89105 ], [ 308603.174260796571616, 5522844.345533827319741, 337.533 ], [ 308607.371001233463176, 5522848.982441231608391, 337.91964 ], [ 308609.397739975072909, 5522855.36594196408987, 337.87364 ], [ 308617.160637505119666, 5522863.103942882269621, 338.1278 ], [ 308615.420965536264703, 5522876.967102703638375, 337.10641 ], [ 308607.802195791329723, 5522887.477420654147863, 335.31522 ], [ 308614.884305840358138, 5522908.484465127810836, 334.17556 ], [ 308613.663822097762022, 5522922.774394427426159, 332.36079 ], [ 308613.666646948317066, 5522935.017451738938689, 330.81842 ], [ 308612.315893631137442, 5522945.639061843045056, 329.12651 ], [ 308614.495729287271388, 5522958.361307635903358, 327.66241 ], [ 308616.713348037563264, 5522976.202078296802938, 325.08714 ], [ 308616.585049162502401, 5522986.780271836556494, 323.07365 ], [ 308618.015045831329189, 5522996.63531244173646, 321.15435 ], [ 308628.413813145598397, 5523005.61532087251544, 319.88624 ], [ 308646.053276917198673, 5523009.663559474982321, 319.69125 ], [ 308673.825573456590064, 5523009.12261837720871, 321.34502 ], [ 308704.050632990780286, 5523008.717349156737328, 324.82 ], [ 308731.422556023870129, 5523019.209747194312513, 325.6102 ], [ 308744.438775909948163, 5523016.744327189400792, 328.85922 ], [ 308754.923708813730627, 5523020.045140961185098, 329.65239 ], [ 308764.730795227515046, 5523020.47619750071317, 331.3981 ], [ 308777.911798294284381, 5523024.683085767552257, 332.44677 ], [ 308785.253378598368727, 5523026.64858800265938, 333.14407 ], [ 308794.030383013188839, 5523034.573432072997093, 331.73699 ], [ 308803.338324504205957, 5523043.25855873990804, 329.88888 ], [ 308813.420527298352681, 5523053.474445645697415, 327.33329 ], [ 308818.285651145502925, 5523054.637446159496903, 327.76977 ], [ 308833.344668695237488, 5523048.872026168741286, 332.89554 ], [ 308850.228079038090073, 5523045.824461553245783, 336.7703 ], [ 308859.618496039765887, 5523048.719093076884747, 337.38828 ], [ 308865.33207792614121, 5523063.653381602838635, 333.52033 ], [ 308884.5791715902742, 5523088.681266424246132, 330.09655 ], [ 308913.42324825556716, 5523118.377418657764792, 329.00972 ], [ 308930.995311791892163, 5523136.786782706156373, 327.2559 ], [ 308944.963013303233311, 5523148.979835338890553, 326.37959 ], [ 308959.93041810777504, 5523158.911455594003201, 326.95772 ], [ 308978.600430838065222, 5523169.713561085052788, 328.98866 ], [ 308986.234310789383017, 5523177.901815500110388, 328.81993 ], [ 309004.018734740908258, 5523210.439092012122273, 326.13184 ], [ 309016.510555745568126, 5523225.689752260223031, 327.19805 ], [ 309024.617105973884463, 5523230.967474265955389, 328.89757 ], [ 309028.180824345909059, 5523238.075729897245765, 329.00159 ], [ 309017.621657377516385, 5523257.037250977009535, 323.14374 ], [ 309016.141227535088547, 5523270.11194206122309, 321.44643 ], [ 309010.976949079427868, 5523284.875425948761404, 318.8694 ], [ 309007.263582449057139, 5523297.917970699258149, 317.60461 ], [ 309008.704683192889206, 5523316.23155671544373, 319.55185 ], [ 309005.0751134614693, 5523337.730013526976109, 321.66842 ], [ 308997.890795714105479, 5523358.464080103673041, 323.91851 ], [ 308988.346531475894153, 5523377.612307704053819, 325.89261 ], [ 308979.940257505979389, 5523422.764664211310446, 334.59046 ], [ 308973.537099110195413, 5523431.005361675284803, 334.97274 ], [ 308969.77559513039887, 5523436.592480486258864, 335.32583 ], [ 308958.582617563777603, 5523445.782134321518242, 334.55688 ], [ 308939.057084580068476, 5523463.614878359250724, 332.73209 ], [ 308929.895290864747949, 5523477.295917165465653, 332.46805 ], [ 308909.298193931230344, 5523489.267821323126554, 327.59926 ], [ 308876.229109161533415, 5523512.923647588118911, 322.28795 ], [ 308851.003896183567122, 5523522.27743835747242, 319.56359 ], [ 308829.476368241361342, 5523534.393980798311532, 319.67359 ], [ 308807.903223439236172, 5523559.423187833279371, 322.7186 ], [ 308785.176745556062087, 5523600.63212551549077, 325.7741 ], [ 308780.679898586706258, 5523607.803714698180556, 326.09013 ], [ 308763.961394140031189, 5523621.530689254403114, 325.87854 ], [ 308750.261890546651557, 5523637.153975417837501, 329.63966 ], [ 308742.591049376758747, 5523650.225949372164905, 334.22389 ], [ 308740.008829192142002, 5523654.547073753550649, 335.8143 ], [ 308736.467379065346904, 5523660.237870872952044, 337.918 ], [ 308733.540595500147901, 5523667.019863308407366, 340.27615 ], [ 308730.002747806021944, 5523682.950271306559443, 344.77037 ], [ 308727.248778792622034, 5523696.626823645085096, 347.31811 ], [ 308725.199398811091669, 5523715.954737455584109, 348.60751 ], [ 308724.600187550182454, 5523725.436636680737138, 348.37114 ], [ 308727.357380564499181, 5523732.12813435215503, 348.10988 ], [ 308735.62447344372049, 5523743.966485133394599, 347.61851 ], [ 308741.549109354265966, 5523750.656838761642575, 347.26927 ], [ 308720.748250902397558, 5523756.849113528616726, 343.94344 ], [ 308732.592716582759749, 5523772.122090302407742, 342.58256 ], [ 308759.879325931658968, 5523786.401688173413277, 340.74575 ], [ 308777.618316183099523, 5523785.215502414852381, 338.02033 ], [ 308787.54107155429665, 5523782.859875964000821, 335.63033 ], [ 308830.015733537496999, 5523756.53227546159178, 328.5233 ], [ 308854.861155169957783, 5523736.50686342921108, 328.9407 ], [ 308884.279105506720953, 5523727.672096130438149, 330.4174 ], [ 308904.750431336346082, 5523726.389413052238524, 332.77731 ], [ 308912.570658136042766, 5523727.670244984328747, 333.5016 ], [ 308935.122360205452424, 5523736.330996477045119, 334.70986 ], [ 308990.425627814081963, 5523781.450309295207262, 334.48707 ], [ 309062.483992012217641, 5523850.462497805245221, 339.37371 ], [ 309077.961486792657524, 5523866.720409038476646, 340.26887 ], [ 309107.370969944982789, 5523890.164430248551071, 343.06125 ], [ 309137.844889841158874, 5523909.118844558484852, 346.48757 ], [ 309168.966667572967708, 5523926.047051414847374, 348.27029 ], [ 309194.740423405717593, 5523942.385742054320872, 347.16815 ], [ 309214.300569934479427, 5523956.050781783647835, 345.18713 ], [ 309241.982674833387136, 5523973.435104275122285, 343.8633 ], [ 309265.049688149185386, 5523986.53092947229743, 344.01846 ], [ 309295.032093298039399, 5524003.834058747626841, 344.69802 ], [ 309319.899068162834737, 5524018.981096694245934, 346.46306 ], [ 309329.392707405495457, 5524026.881313975900412, 347.18944 ], [ 309340.88075777515769, 5524032.151039128191769, 349.3334 ], [ 309346.590794262127019, 5524034.842763702385128, 350.44013 ], [ 309355.582881869631819, 5524046.878902216441929, 350.78509 ], [ 309354.902135026524775, 5524072.390867399983108, 345.47189 ], [ 309355.470053308759816, 5524100.641161073930562, 339.63552 ], [ 309364.219111524871551, 5524126.153300439938903, 338.51091 ], [ 309364.217259678407572, 5524144.406690575182438, 335.31241 ], [ 309371.068706639343873, 5524185.456800307147205, 332.45755 ], [ 309372.201773689943366, 5524195.099867878481746, 332.19179 ], [ 309373.260093430348206, 5524202.630866383202374, 332.30572 ], [ 309373.764719136059284, 5524214.856092019937932, 332.67151 ], [ 309367.912115909159184, 5524232.537437254562974, 332.5791 ], [ 309352.903638604911976, 5524276.253329715691507, 337.93912 ], [ 309353.236686488497071, 5524318.201946685090661, 346.0326 ], [ 309356.283999619190581, 5524333.1196991186589, 348.21762 ], [ 309361.445071785827167, 5524338.613371575251222, 349.97522 ], [ 309364.338200818863697, 5524343.074308414012194, 351.00386 ], [ 309368.619765761774033, 5524350.157326193526387, 352.48519 ], [ 309372.193859387305565, 5524365.724245834164321, 353.82663 ], [ 309376.599137776065618, 5524380.371344325132668, 355.13378 ], [ 309383.472236304776743, 5524395.598914193920791, 357.01449 ], [ 309394.824255484971218, 5524407.217665883712471, 360.23806 ], [ 309418.327218971797265, 5524422.52461020834744, 366.68945 ], [ 309427.715605114586651, 5524431.541686679236591, 368.90768 ], [ 309439.166874294285662, 5524443.936115547083318, 371.13332 ], [ 309443.232604737801012, 5524451.026819338090718, 371.69994 ], [ 309442.679538536001928, 5524461.842557420954108, 371.17993 ], [ 309429.853250981948804, 5524473.649036296643317, 367.35061 ], [ 309424.539207149471622, 5524478.066489070653915, 365.3542 ], [ 309417.071374463499524, 5524484.674872439354658, 362.11565 ], [ 309413.002642405685037, 5524497.841034719720483, 358.57727 ], [ 309424.333892426569946, 5524525.153977159410715, 356.65403 ], [ 309435.600794548518024, 5524538.445318876765668, 357.03362 ], [ 309452.11431073024869, 5524553.554473428055644, 358.13951 ], [ 309485.647099573165178, 5524585.869741961359978, 358.9763 ], [ 309509.761227621580474, 5524606.275239627808332, 357.97199 ], [ 309533.996485128067434, 5524624.005335388705134, 354.8004 ], [ 309546.292368421098217, 5524631.806761122308671, 352.8631 ], [ 309563.006976594857406, 5524636.335551368072629, 352.29479 ], [ 309580.330367445014417, 5524637.726450770162046, 352.4677 ], [ 309615.464596077566966, 5524640.04598147328943, 352.25297 ], [ 309629.045953535591252, 5524641.458015033043921, 352.67327 ], [ 309635.551049680972937, 5524642.229788835160434, 353.11217 ], [ 309646.233384154504165, 5524643.076530645601451, 354.38071 ], [ 309658.697146944585256, 5524643.415132876485586, 356.52634 ], [ 309680.105003710952587, 5524646.331507388502359, 359.57866 ], [ 309720.411639958969317, 5524660.600684377364814, 360.37433 ], [ 309729.771286686183885, 5524662.718624012544751, 360.61323 ], [ 309746.299849867471494, 5524664.026827869005501, 361.9679 ], [ 309778.080205572303385, 5524671.251795483753085, 364.13572 ], [ 309814.579878195014317, 5524673.524376728571951, 366.86677 ], [ 309833.767912443378009, 5524668.617416205815971, 367.4859 ], [ 309846.158247412415221, 5524664.84092930238694, 366.73461 ], [ 309864.593590688658878, 5524663.077064197510481, 363.41416 ], [ 309884.881017497275025, 5524662.806087736040354, 357.97342 ], [ 309904.932185219193343, 5524676.233451631851494, 351.10202 ], [ 309915.73347282159375, 5524684.533634312450886, 347.36141 ], [ 309920.693679943564348, 5524690.480080518871546, 345.53891 ], [ 309929.769788425182924, 5524704.962685951963067, 341.90135 ], [ 309935.468647354922723, 5524723.682595803402364, 338.3075 ], [ 309950.333478647342417, 5524747.198857181705534, 331.32017 ], [ 309967.231755865621381, 5524763.074991020374, 324.31557 ], [ 309981.232264194986783, 5524770.260703271254897, 319.36604 ], [ 309999.591679033008404, 5524798.996189011260867, 307.2288 ], [ 310005.334613756509498, 5524810.813993630930781, 302.42019 ], [ 310008.800748287932947, 5524817.258419367484748, 299.71899 ], [ 310010.401828987291083, 5524823.87994237896055, 297.38279 ], [ 310007.831088830949739, 5524834.655444625765085, 294.62013 ], [ 310004.652584807074163, 5524840.443885210901499, 293.42112 ], [ 309997.340166512527503, 5524847.37987570092082, 292.50092 ], [ 309965.510565917473286, 5524863.194567860104144, 291.78626 ], [ 309939.798772756010294, 5524866.773124796338379, 293.2864 ], [ 309903.20131520612631, 5524869.845641838386655, 293.48279 ], [ 309881.066772933583707, 5524874.856415879912674, 290.77778 ], [ 309875.50576978927711, 5524878.391745991073549, 289.09137 ], [ 309870.249445681343786, 5524886.479637666605413, 285.83917 ], [ 309869.895401009591296, 5524890.72154838591814, 284.38824 ], [ 309883.794953592703678, 5524893.013349647633731, 284.73221 ], [ 309889.58087051298935, 5524893.810798200778663, 284.76476 ], [ 309908.436368806287646, 5524895.816412143409252, 284.47188 ], [ 309952.360579458880238, 5524900.498969971202314, 280.22119 ], [ 309997.583783187379595, 5524903.24394763354212, 274.15672 ], [ 310089.397201238782145, 5524888.318919356912374, 268.5121 ], [ 310118.30313312180806, 5524885.518851712346077, 265.02749 ], [ 310147.914810983231291, 5524884.363559922203422, 263.15637 ], [ 310168.230135632038582, 5524882.868315978907049, 261.4609 ], [ 310177.238961620547343, 5524883.218565993010998, 260.74479 ], [ 310183.137094835634343, 5524889.24346726667136, 259.80748 ], [ 310185.353542526136152, 5524894.952939936891198, 259.18746 ], [ 310183.945732076070271, 5524904.017853014171124, 258.23644 ], [ 310181.246759739471599, 5524909.121480053290725, 257.57121 ], [ 310160.710497957072221, 5524918.638064777478576, 256.32539 ], [ 310143.89504728052998, 5524935.703252787701786, 254.10524 ], [ 310139.797493289457634, 5524954.212207575328648, 252.56985 ], [ 310140.168468093965203, 5524966.776025807484984, 251.45444 ], [ 310147.270291198394261, 5524970.198549748398364, 250.03143 ], [ 310164.160352645092644, 5525008.335510152392089, 243.28856 ], [ 310174.181157753104344, 5525041.483552976511419, 238.79571 ], [ 310177.266366509487852, 5525061.631390242837369, 236.68248 ], [ 310179.667774425703101, 5525095.048026873730123, 232.59996 ], [ 310185.047954603563994, 5525110.885572120547295, 230.13443 ], [ 310184.440094267425593, 5525118.141495588235557, 228.79178 ], [ 310171.728749427187722, 5525143.409468948841095, 223.29068 ], [ 310153.499796040356159, 5525173.435303937643766, 215.27639 ], [ 310135.231926399748772, 5525196.228084438480437, 208.11238 ], [ 310095.006125056126621, 5525218.793579851277173, 200.04068 ], [ 310086.960998081602156, 5525229.428221697919071, 196.31652 ], [ 310084.459641288034618, 5525244.208055155351758, 190.90404 ], [ 310081.182022197463084, 5525255.342365955933928, 186.54875 ], [ 310077.427418129052967, 5525269.276006363332272, 181.40598 ], [ 310069.408575573470443, 5525288.813765599392354, 174.77486 ], [ 310073.472920984611847, 5525295.904916205443442, 172.98391 ], [ 310075.05554913985543, 5525306.088706285692751, 170.53558 ], [ 310098.98794102598913, 5525309.251429869793355, 170.76623 ], [ 310115.837170852464624, 5525311.55103362724185, 171.23559 ], [ 310116.133776264381595, 5525322.00278184376657, 169.20053 ], [ 310108.384168039250653, 5525320.606569279916584, 169.08429 ], [ 310100.861935146094766, 5525325.657754699699581, 168.04784 ], [ 310098.844136938394513, 5525345.985536403954029, 165.89876 ], [ 310098.646790654573124, 5525360.795411211438477, 164.59288 ], [ 310101.473439381457865, 5525428.700093882158399, 164.05727 ], [ 310101.528326674364507, 5525442.499373750761151, 165.23776 ], [ 310109.93771144177299, 5525442.202796473167837, 165.88517 ], [ 310120.247209301334806, 5525442.729625895619392, 166.6985 ], [ 310135.527842674870044, 5525443.415081185288727, 167.01419 ], [ 310159.027068289811723, 5525442.475205179303885, 167.08298 ], [ 310184.490435375715606, 5525442.133990270085633, 166.9609 ], [ 310240.500698104850017, 5525440.716263437643647, 166.82529 ], [ 310330.17728621000424, 5525436.888795550912619, 165.32572 ], [ 310440.645384051604196, 5525432.887315148487687, 166.35502 ], [ 310460.709243051591329, 5525428.396812371909618, 166.13472 ], [ 310486.303609503433108, 5525423.600428821519017, 165.83905 ], [ 310507.622627614648081, 5525411.831452553160489, 164.71086 ], [ 310525.478027944627684, 5525407.975418139249086, 164.74486 ], [ 310550.739058337232564, 5525405.973568369634449, 166.17738 ], [ 310568.357839167350903, 5525403.572898159734905, 167.42179 ], [ 310571.869361495831981, 5525417.473101798444986, 169.85672 ], [ 310572.366974639939144, 5525435.708720148541033, 172.90485 ], [ 310573.378497535712086, 5525450.142074714414775, 175.41585 ], [ 310576.833345568506047, 5525454.249914386309683, 176.39475 ], [ 310592.615826731838752, 5525467.161950439214706, 179.61733 ], [ 310607.345069751900155, 5525478.77548158261925, 182.42351 ], [ 310626.700071097293403, 5525493.008840846829116, 186.95162 ], [ 310646.258254984219093, 5525513.022690580226481, 193.78635 ], [ 310672.091490231687203, 5525545.726683272980154, 203.65156 ], [ 310693.367121398565359, 5525559.336225734092295, 208.34967 ], [ 310710.43730132462224, 5525574.095388461835682, 212.24781 ], [ 310725.21289554995019, 5525587.043173958547413, 215.60177 ], [ 310733.422878169862088, 5525591.317840519361198, 217.47107 ], [ 310707.859290203021374, 5525619.484883164055645, 218.64333 ], [ 310685.774478445062414, 5525636.06589934322983, 221.91432 ], [ 310688.762952210032381, 5525649.428052365779877, 224.41616 ], [ 310698.967487903893925, 5525661.312192816287279, 227.49116 ], [ 310705.411855318699963, 5525666.539286257699132, 229.27719 ], [ 310719.137005898344796, 5525663.942057680338621, 230.00546 ], [ 310762.046811276231892, 5525654.308837137185037, 231.45871 ], [ 310795.127512815757655, 5525663.942253142595291, 236.35959 ], [ 310806.278616540075745, 5525680.245289050042629, 239.58186 ], [ 310812.525205878308043, 5525688.039336806163192, 240.75391 ], [ 310824.323029538092669, 5525724.798749099485576, 244.45381 ], [ 310824.679246330924798, 5525739.032542389817536, 245.53298 ], [ 310825.672933765337802, 5525744.785190380178392, 245.92795 ], [ 310827.395469671697356, 5525763.089049503207207, 247.0592 ], [ 310884.053407160390634, 5525786.36348055396229, 249.26925 ], [ 310897.887631735065952, 5525786.87923934776336, 249.25162 ], [ 310931.301577396458015, 5525797.837314223870635, 251.24217 ], [ 310963.505298253032379, 5525809.171979085542262, 254.09975 ], [ 310989.167412737151608, 5525812.500350615009665, 255.21464 ], [ 311025.090630963910371, 5525810.905396453104913, 255.04571 ], [ 311058.726328587858006, 5525813.842922735027969, 256.1699 ], [ 311096.438475050963461, 5525811.963064604438841, 257.64944 ], [ 311155.408505086437799, 5525808.892577947117388, 261.36254 ], [ 311209.031692947959527, 5525811.352577053941786, 266.09483 ], [ 311233.033546668710187, 5525804.278230559080839, 267.63021 ], [ 311262.050700680818409, 5525778.107381848618388, 268.37374 ], [ 311269.88800988253206, 5525773.825883511453867, 269.39102 ], [ 311317.338506164029241, 5525758.250377647578716, 276.6196 ], [ 311345.64202599436976, 5525758.928005510941148, 279.23929 ], [ 311363.269390441244468, 5525754.748801108449697, 280.40492 ], [ 311374.884430133504793, 5525745.326663725078106, 281.22322 ], [ 311381.435279759112746, 5525733.076907467097044, 281.77845 ], [ 311384.512640829663724, 5525716.163007554598153, 282.52291 ], [ 311401.419009341683704, 5525705.776476595550776, 287.12886 ], [ 311428.188540574570652, 5525685.250267066061497, 298.38514 ], [ 311441.996825251961127, 5525674.749787418171763, 305.22499 ], [ 311443.718753378314432, 5525686.932319536805153, 303.99201 ], [ 311445.94617330248002, 5525705.32986612804234, 302.30261 ], [ 311444.351257974340115, 5525729.648801690898836, 299.41697 ], [ 311464.769127885811031, 5525739.395822236314416, 305.80199 ], [ 311483.270047580008395, 5525753.995872649364173, 311.10603 ], [ 311489.22443671466317, 5525765.807617755606771, 312.74809 ], [ 311493.40178006212227, 5525782.35612474847585, 314.27913 ], [ 311494.920188894495368, 5525803.115775879472494, 316.13616 ], [ 311491.597898078965954, 5525821.262457462958992, 317.50636 ], [ 311477.218788439640775, 5525858.605760407634079, 320.85679 ], [ 311468.447148143721279, 5525889.631322963163257, 326.14993 ], [ 311461.166271675261669, 5525905.690693683922291, 328.56588 ], [ 311438.591621384257451, 5525928.8523417590186, 330.55277 ], [ 311418.055704727012198, 5525940.367625318467617, 330.40503 ], [ 311392.644903423381038, 5525956.505723789334297, 330.48519 ], [ 311358.549370947119314, 5525987.639691326767206, 331.23004 ], [ 311329.637366347131319, 5526008.575345839373767, 329.71792 ], [ 311315.561787601385731, 5526015.523992285132408, 328.47145 ], [ 311296.592789761780296, 5526016.300173592753708, 324.82459 ], [ 311280.441744270618074, 5526013.304775441996753, 320.96254 ], [ 311257.768075363186654, 5526008.979919771663845, 316.2933 ], [ 311243.455301587760914, 5526013.265903770923615, 316.47602 ], [ 311219.251480803650338, 5526028.917357069440186, 321.52988 ], [ 311205.354392994719092, 5526032.74367471691221, 322.82252 ], [ 311181.520211934228428, 5526036.362062836065888, 323.8096 ], [ 311102.924770745798014, 5526050.13792531657964, 325.97071 ], [ 311016.735232970793732, 5526064.84933877363801, 329.08252 ], [ 310895.977567651425488, 5526086.897811115719378, 332.1928 ], [ 310864.636861770355608, 5526091.89431316126138, 331.73457 ], [ 310813.033136420766823, 5526103.835840850137174, 332.42181 ], [ 310769.537886010599323, 5526111.040864972397685, 334.02533 ], [ 310722.167396607226692, 5526116.490409227088094, 334.0696 ], [ 310676.597533226478845, 5526121.988347940146923, 332.71159 ], [ 310641.754752713837661, 5526133.787311340682209, 333.89644 ], [ 310599.359390487370547, 5526149.747719502076507, 335.98726 ], [ 310554.204117322631646, 5526173.151384835131466, 339.71288 ], [ 310518.608031976269558, 5526183.975993015803397, 338.85493 ], [ 310509.793160331202671, 5526189.072166324593127, 339.31471 ], [ 310520.878495477954857, 5526191.241860055364668, 342.31638 ], [ 310529.85338573239278, 5526196.824849959462881, 345.91906 ], [ 310516.495392768993042, 5526201.635721032507718, 345.6916 ], [ 310493.627435469999909, 5526212.235097391530871, 344.83835 ], [ 310483.884800368861761, 5526219.589975079521537, 345.02249 ], [ 310477.101116737583652, 5526237.414178820326924, 349.18026 ], [ 310478.620251921121962, 5526245.819481613114476, 352.15111 ], [ 310484.758255040971562, 5526254.618669273331761, 356.13895 ], [ 310492.974244158540387, 5526254.997221045196056, 358.13108 ], [ 310494.974342686822638, 5526260.714399152435362, 359.86196 ], [ 310507.289055446628481, 5526263.063377101905644, 362.30153 ], [ 310515.132160943816416, 5526271.246073611080647, 364.18283 ], [ 310530.628664670744911, 5526290.400668731890619, 366.76667 ], [ 310535.176920384401456, 5526311.276238711550832, 367.61378 ], [ 310543.013358692754991, 5526339.71576311904937, 367.6753 ], [ 310550.952674677886534, 5526352.681006711907685, 367.93857 ], [ 310590.138648475287482, 5526388.698707578703761, 370.77037 ], [ 310619.57580866740318, 5526407.362996267154813, 372.09634 ], [ 310631.533748749352526, 5526405.717998816631734, 372.63689 ], [ 310631.950251482019667, 5526409.376235453411937, 372.51923 ], [ 310662.088882934709545, 5526472.535923799499869, 372.39766 ], [ 310688.118164548883215, 5526531.388291009701788, 374.56923 ], [ 310752.195115551003255, 5526505.984683133661747, 379.38358 ], [ 310915.6183503982611, 5526428.89844058547169, 376.99349 ], [ 311094.544977083685808, 5526350.605544403195381, 370.06126 ], [ 311133.323586907703429, 5526430.493098172359169, 375.48147 ], [ 311193.737796098168474, 5526559.038672488182783, 381.86779 ], [ 311231.014139780425467, 5526637.198697170242667, 385.71695 ], [ 311302.500562563538551, 5526589.170761368237436, 381.04997 ], [ 311376.109396415879019, 5526544.185841278173029, 376.97027 ], [ 311396.376750280731358, 5526512.757174205034971, 375.3529 ], [ 311413.409245456801727, 5526487.563365910202265, 374.57555 ], [ 311426.967821850907058, 5526467.944961477071047, 373.85422 ], [ 311450.838854780420661, 5526370.946674496866763, 370.20365 ], [ 311470.748355393239763, 5526294.343655551783741, 367.45486 ], [ 311488.12052761670202, 5526225.397914115339518, 365.05879 ], [ 311508.422894424118567, 5526166.14393465872854, 363.77205 ], [ 311519.802159510552883, 5526156.173826804384589, 363.65436 ], [ 311527.940291412174702, 5526154.330714146606624, 363.70335 ], [ 311555.192730962531641, 5526153.82183210644871, 364.07129 ], [ 311574.522615480818786, 5526155.1485714642331, 364.34425 ], [ 311606.153506074741017, 5526164.614847409538925, 365.04398 ], [ 311641.469015896087512, 5526178.626906430348754, 366.44184 ], [ 311673.579350321670063, 5526187.40899660717696, 367.65336 ], [ 311735.867347542138305, 5526213.499992255121469, 370.25182 ], [ 311800.4270808523288, 5526234.615126987919211, 372.42925 ], [ 311846.134649562241975, 5526251.604098910465837, 373.46864 ], [ 311826.362918103230186, 5526291.138287578709424, 372.91546 ], [ 311802.837040396349039, 5526324.12592816632241, 372.33306 ], [ 311905.627934508724138, 5526362.492495305836201, 373.23667 ], [ 311983.990286933083553, 5526391.586036806926131, 375.33287 ], [ 312048.354513764730655, 5526413.378576152026653, 374.61303 ], [ 312097.747779886005446, 5526435.026661683805287, 373.27375 ], [ 312219.941344107384793, 5526491.419698440469801, 369.892 ], [ 312284.889250500360504, 5526521.764492926187813, 366.99821 ], [ 312313.694346041884273, 5526534.894794574007392, 365.6854 ], [ 312365.394359086058103, 5526558.802018731832504, 363.6964 ], [ 312402.530476238811389, 5526575.649066172540188, 361.11921 ], [ 312427.220406594511587, 5526580.130868697538972, 358.29046 ], [ 312450.802219099947251, 5526575.525000722147524, 354.73246 ], [ 312464.78632793034194, 5526568.026007080450654, 351.95681 ], [ 312469.040204742341302, 5526562.090327671729028, 351.30527 ], [ 312473.034604770014994, 5526548.706763789057732, 351.46208 ], [ 312485.132824537460692, 5526524.245028354227543, 349.89414 ], [ 312502.081090807099827, 5526496.498050315305591, 346.79278 ], [ 312516.338478464633226, 5526461.721831826493144, 346.61784 ], [ 312527.129547557909973, 5526424.506552093662322, 348.05158 ], [ 312541.578474967624061, 5526382.823320953175426, 349.60195 ], [ 312559.341242004535161, 5526355.715992514975369, 350.01085 ], [ 312578.094917527749203, 5526342.597688439302146, 348.71004 ], [ 312616.603106368507724, 5526328.569146687164903, 343.61427 ], [ 312636.716313741810154, 5526317.295786611735821, 341.49584 ], [ 312673.223218263417948, 5526297.438580058515072, 338.93689 ], [ 312744.081576040596701, 5526272.26855496596545, 335.36065 ], [ 312776.17480674944818, 5526262.025872496888041, 330.75014 ], [ 312825.413285397924483, 5526246.178831548430026, 323.68756 ], [ 312863.398715983028524, 5526219.148572624661028, 325.05957 ], [ 312881.751710380543955, 5526194.470454335212708, 330.22675 ], [ 312886.915071535971947, 5526179.488493933342397, 334.30526 ], [ 312896.080470899643842, 5526169.932280511595309, 334.85316 ], [ 312928.89553821721347, 5526157.662129878997803, 324.17909 ], [ 312938.81446096545551, 5526149.081481323577464, 318.80475 ], [ 312946.99249578488525, 5526133.883538265712559, 315.69158 ], [ 312952.609656493412331, 5526123.671649077907205, 316.7881 ], [ 312958.003275833965745, 5526133.946137527003884, 315.02658 ], [ 312950.399927090387791, 5526169.825293279252946, 319.25835 ], [ 312949.318002177053131, 5526180.102191157639027, 318.99377 ], [ 312952.631384108099155, 5526190.560253392904997, 317.48828 ], [ 312960.879492669191677, 5526193.946453913114965, 317.98314 ], [ 312952.469674101681449, 5526212.825228507630527, 322.30588 ], [ 312959.17150892096106, 5526217.266825011000037, 324.58961 ], [ 312958.680759083130397, 5526223.850386644713581, 326.50171 ], [ 312958.96729542769026, 5526238.309011795558035, 330.89709 ], [ 312970.681744447443634, 5526244.134606114588678, 334.18205 ], [ 312990.296436451608315, 5526253.692439748905599, 338.88048 ], [ 313017.234878114657477, 5526264.887981651350856, 341.96697 ], [ 313053.678417820716277, 5526276.31001986656338, 341.13332 ], [ 313117.224319495609961, 5526301.593741285614669, 339.21649 ], [ 313134.930049027316272, 5526307.99074877332896, 336.85756 ], [ 313151.829354626359418, 5526324.321198239922523, 336.90563 ], [ 313159.692272218468133, 5526345.639800251461565, 340.82902 ], [ 313179.825171434669755, 5526361.858087824657559, 339.94247 ], [ 313182.479224245413207, 5526365.772649600170553, 340.55134 ], [ 313191.103024774463847, 5526388.289142443798482, 345.55632 ], [ 313211.676111433829647, 5526390.24630553368479, 340.21329 ], [ 313223.328647721675225, 5526400.526422403752804, 340.71737 ], [ 313257.047772049671039, 5526412.26688607595861, 338.30382 ], [ 313282.183395336556714, 5526427.532891600392759, 338.80211 ], [ 313308.956575850956142, 5526448.529621824622154, 340.22484 ], [ 313348.044928875984624, 5526476.111077499575913, 344.37892 ], [ 313355.479287335998379, 5526462.275127193890512, 338.29501 ], [ 313366.552704507834278, 5526443.415972107090056, 327.81864 ], [ 313376.053473392443266, 5526437.29915009252727, 326.12451 ], [ 313387.0882445985917, 5526411.095829709433019, 330.68358 ], [ 313376.979834110417869, 5526401.763509320095181, 331.00557 ], [ 313370.526986923243385, 5526383.734643513336778, 334.16626 ], [ 313361.178141186363064, 5526373.485642589628696, 335.63559 ], [ 313342.728147768764757, 5526355.984095402061939, 337.97002 ], [ 313317.287833902868442, 5526331.935954689048231, 340.21405 ], [ 313305.860795688407961, 5526313.634478230029345, 343.31249 ], [ 313299.484739809879102, 5526297.828944363631308, 347.13211 ], [ 313288.53089799254667, 5526251.686989715322852, 354.45807 ], [ 313282.553670463035814, 5526232.862634528428316, 355.51513 ], [ 313273.473298596509267, 5526211.697404400445521, 355.52785 ], [ 313264.41249661706388, 5526197.320587611757219, 354.50174 ], [ 313243.610421464196406, 5526176.339438091032207, 351.57263 ], [ 313176.262760848272592, 5526134.825537632219493, 347.85428 ], [ 313161.053496477776207, 5526123.66726497747004, 347.23897 ], [ 313134.339945350890048, 5526104.449826925061643, 343.2529 ], [ 313122.233751542284153, 5526095.632463918998837, 340.76956 ], [ 313116.801320943050086, 5526078.013603171333671, 341.54109 ], [ 313120.043371256557293, 5526051.189883527345955, 344.06684 ], [ 313128.354203866212629, 5526019.070574901998043, 342.61946 ], [ 313132.938210152438842, 5526001.883086055517197, 339.6382 ], [ 313143.021271037519909, 5525983.503061903640628, 336.88114 ], [ 313152.40306420676643, 5525973.939823051914573, 336.36217 ], [ 313166.133071533287875, 5525967.341996718198061, 337.60486 ], [ 313189.789915055851452, 5525962.736955398693681, 341.40807 ], [ 313209.37389850866748, 5525965.173712516203523, 345.15841 ], [ 313228.111920972180087, 5525963.967108099721372, 347.54791 ], [ 313238.205210252606776, 5525960.389349897392094, 348.3801 ], [ 313242.375603940570727, 5525952.008741834200919, 348.29382 ], [ 313241.315120752202347, 5525944.254784868098795, 347.67418 ], [ 313228.420322134683374, 5525927.228600429370999, 344.45044 ], [ 313211.849647267954424, 5525905.87812361959368, 339.24589 ], [ 313204.63508155522868, 5525892.884172486141324, 336.55993 ], [ 313201.430699824704789, 5525875.187931199558079, 334.92644 ], [ 313204.213502858474385, 5525862.069696434773505, 335.39574 ], [ 313214.489943025051616, 5525849.247950180433691, 337.53898 ], [ 313233.181392058264464, 5525834.242254755459726, 340.76931 ], [ 313232.784186504664831, 5525822.792509484104812, 341.50935 ], [ 313228.454512514639646, 5525807.91770413890481, 342.5814 ], [ 313204.016553167370148, 5525810.768892128020525, 340.3932 ], [ 313181.344074211083353, 5525806.435958069749177, 339.49952 ], [ 313145.482332304061856, 5525803.562531065195799, 337.05117 ], [ 313134.179568434716202, 5525803.398347658105195, 335.72127 ], [ 313091.290375695796683, 5525774.280628097243607, 340.14813 ], [ 313061.130514922202565, 5525757.40902494546026, 341.01398 ], [ 312995.319202623853926, 5525704.380126380361617, 341.57406 ], [ 312958.124075825558975, 5525673.507453517057002, 342.73878 ], [ 312947.73554890678497, 5525656.172195821069181, 344.49072 ], [ 312935.713059710047673, 5525649.80080009251833, 342.80805 ], [ 312915.883719886420295, 5525634.12918007094413, 342.01266 ], [ 312880.377818551205564, 5525602.196624552831054, 345.42089 ], [ 312868.998160276794806, 5525585.341130689717829, 348.45734 ], [ 312846.431841401266865, 5525557.188333878293633, 350.60146 ], [ 312829.615920206648298, 5525535.068336115218699, 350.47759 ], [ 312817.53811996919103, 5525520.908327614888549, 349.90695 ], [ 312805.500405736151151, 5525499.623953285627067, 350.42528 ], [ 312793.998199972207658, 5525481.325996115803719, 350.76622 ], [ 312774.303752723848447, 5525455.076950480230153, 350.63714 ], [ 312761.420153837418184, 5525426.031292178668082, 351.5939 ], [ 312751.939314518880565, 5525399.649744786322117, 352.28077 ], [ 312740.739703586208634, 5525381.786545776762068, 351.80474 ], [ 312733.885923137888312, 5525373.009862068109214, 351.28866 ], [ 312708.231519674824085, 5525355.426868161186576, 348.20886 ], [ 312696.029289080412127, 5525337.709920731373131, 347.41981 ], [ 312684.501605295576155, 5525316.630623432807624, 347.56133 ], [ 312676.663660662947223, 5525302.323393405415118, 347.80637 ], [ 312650.811488170642406, 5525279.071379353292286, 346.35702 ], [ 312628.24932001484558, 5525259.377793302759528, 344.20283 ], [ 312601.201725427061319, 5525212.127439472824335, 344.76727 ], [ 312571.22588979935972, 5525180.004217355512083, 342.68112 ], [ 312550.88467353064334, 5525151.775037580169737, 340.82702 ], [ 312545.800182576407678, 5525142.157892432063818, 340.62006 ], [ 312542.346812458825298, 5525123.580204777419567, 341.66727 ], [ 312542.309846501913853, 5525110.114548798650503, 342.90025 ], [ 312549.214289945433848, 5525081.048267299309373, 346.31801 ], [ 312550.716841010667849, 5525047.718152982182801, 348.35885 ], [ 312547.789833999238908, 5525029.789922645315528, 348.7548 ], [ 312538.454464343143627, 5525007.632890541106462, 348.38749 ], [ 312529.349076721584424, 5524979.680418905802071, 347.46194 ], [ 312520.914327812148258, 5524948.254402905702591, 345.7844 ], [ 312514.612145546008833, 5524920.20435977075249, 343.68654 ], [ 312512.13892862026114, 5524907.046116284094751, 342.54194 ], [ 312510.921440038364381, 5524888.613194563426077, 341.05986 ], [ 312514.703650045674294, 5524862.883201977238059, 339.3079 ], [ 312522.625291576841846, 5524827.882756671868265, 336.12665 ], [ 312526.460749278543517, 5524797.476453593932092, 332.02436 ], [ 312530.313835563778412, 5524779.97999463416636, 329.09638 ], [ 312535.170488565519918, 5524768.569941250607371, 326.90583 ], [ 312557.049686556390952, 5524758.236854350194335, 324.90085 ], [ 312585.392705621547066, 5524759.921580729074776, 325.41988 ], [ 312660.328315439983271, 5524791.371203273534775, 331.86158 ], [ 312681.614267650875263, 5524797.086006179451942, 333.66416 ], [ 312707.421778176678345, 5524798.303065983578563, 335.04518 ], [ 312719.971910825988743, 5524799.090884259901941, 335.59218 ], [ 312742.749523661681451, 5524806.312204531393945, 335.99025 ], [ 312765.894982905185316, 5524809.625443758442998, 335.67747 ], [ 312779.820132983964868, 5524802.352232795208693, 334.08314 ], [ 312788.918365519260988, 5524790.794985242187977, 331.69928 ], [ 312795.701038178172894, 5524758.171879847534001, 327.81329 ], [ 312800.886110164923593, 5524729.277110404334962, 326.5419 ], [ 312804.246935553383082, 5524720.367856821976602, 326.58764 ], [ 312817.3167854960775, 5524707.114471850916743, 327.36653 ], [ 312826.358843475987669, 5524696.004442632198334, 328.40216 ], [ 312820.636095393681899, 5524682.513851421885192, 328.71345 ], [ 312799.979304774664342, 5524647.28300657030195, 327.56505 ], [ 312793.272516425757203, 5524628.261810607276857, 327.08063 ], [ 312782.452093207160942, 5524592.355228539556265, 326.32306 ], [ 312779.637820332136471, 5524577.650603237561882, 326.20082 ], [ 312776.45097928866744, 5524560.510403990745544, 326.00929 ], [ 312767.533384695299901, 5524529.657342582941055, 324.89245 ], [ 312760.122213059745263, 5524504.873237446881831, 323.01506 ], [ 312755.236299014068209, 5524482.338578144088387, 320.04269 ], [ 312752.986966195399873, 5524469.395068448036909, 317.82402 ], [ 312741.856842751032673, 5524445.296756411902606, 312.3688 ], [ 312731.262310363701545, 5524424.184850671328604, 308.9293 ], [ 312715.602270532341208, 5524394.011470039375126, 306.99214 ], [ 312696.435679955058731, 5524349.936680410988629, 308.52492 ], [ 312682.318909529538359, 5524314.47876559663564, 310.27278 ], [ 312675.921324856870342, 5524289.882090209983289, 311.73669 ], [ 312675.18753403169103, 5524264.643257939256728, 314.02494 ], [ 312677.466895899211522, 5524230.841089475899935, 316.23718 ], [ 312678.622365741175599, 5524201.975064374506474, 315.77121 ], [ 312680.00674922845792, 5524185.90019911993295, 314.34403 ], [ 312687.764715884579346, 5524166.821279346942902, 311.79775 ], [ 312703.375925751635805, 5524150.02912709955126, 308.08501 ], [ 312726.906875962973572, 5524143.646154164336622, 305.85294 ], [ 312734.852057056035846, 5524142.368264270946383, 305.54116 ], [ 312788.847166775609367, 5524146.835295832715929, 308.87202 ], [ 312814.789704465598334, 5524158.065042891539633, 310.99508 ], [ 312830.374439423554577, 5524167.428877572529018, 311.57162 ], [ 312844.636550320603419, 5524173.945000324398279, 311.93491 ], [ 312852.087953937996645, 5524164.671092728152871, 312.79835 ], [ 312854.710473872954026, 5524148.998473580926657, 314.64226 ], [ 312825.555870373907965, 5524111.614178747870028, 316.90163 ], [ 312805.524798846337944, 5524086.155574151314795, 316.03426 ], [ 312784.303954639937729, 5524053.392813753336668, 315.33202 ], [ 312763.975670352927409, 5524025.607443938031793, 313.39545 ], [ 312755.584549076855183, 5524001.636464336887002, 312.48186 ], [ 312748.05069986556191, 5523975.409763965755701, 309.83908 ], [ 312751.533691462362185, 5523941.00935888569802, 309.78254 ], [ 312767.315442764083855, 5523902.174811879172921, 310.02295 ], [ 312774.312764762784354, 5523881.898245084099472, 308.07495 ], [ 312779.799686866987031, 5523855.441579688340425, 303.1382 ], [ 312786.916888317558914, 5523838.611061867326498, 299.96845 ], [ 312800.631368234637193, 5523829.342053540982306, 298.85 ], [ 312822.730671651777811, 5523819.00266938842833, 297.877 ], [ 312838.827931519597769, 5523807.870233270339668, 297.73596 ], [ 312848.870534249057528, 5523796.502999534830451, 298.44864 ], [ 312867.206813730765134, 5523783.512130924500525, 301.48554 ], [ 312854.966044764907565, 5523779.262898683547974, 300.06657 ], [ 312825.38811455341056, 5523777.396773299202323, 295.07434 ], [ 312776.906513555091806, 5523751.479922235012054, 281.84235 ], [ 312759.709590316168033, 5523733.045893975533545, 275.54604 ], [ 312750.988028303836472, 5523707.862130351364613, 272.62714 ], [ 312743.691243173845578, 5523680.180331368930638, 271.90111 ], [ 312738.743701005354524, 5523662.099676510319114, 271.62812 ], [ 312724.292578477063216, 5523631.550276913680136, 268.11616 ], [ 312711.257411403872538, 5523623.099691144190729, 263.30565 ], [ 312710.223781356355175, 5523622.356548383831978, 262.90409 ], [ 312688.841334889177233, 5523620.206217017956078, 254.18154 ], [ 312679.168321491626557, 5523609.07898984849453, 249.65096 ], [ 312668.337183327181265, 5523587.41887370031327, 243.68777 ], [ 312665.639049541088752, 5523582.281753233633935, 242.1823 ], [ 312661.741054912563413, 5523571.621527283452451, 239.93221 ], [ 312665.460540152154863, 5523550.234550380147994, 241.4875 ], [ 312669.129815666994546, 5523527.402469344437122, 243.9781 ], [ 312664.958907196065411, 5523510.964308892376721, 243.18777 ], [ 312648.379391781869344, 5523489.615397065877914, 238.28873 ], [ 312626.70716666104272, 5523464.659555290825665, 233.31809 ], [ 312621.359379003173672, 5523443.365298954769969, 234.07618 ], [ 312619.88576920167543, 5523436.182270498014987, 234.39723 ], [ 312610.296564368065447, 5523421.268143543973565, 233.06693 ], [ 312606.597302383976057, 5523449.443550488911569, 228.61997 ], [ 312612.106719410861842, 5523469.174021533690393, 227.74117 ], [ 312614.028069412452169, 5523493.369856905192137, 224.83946 ], [ 312601.674737628316507, 5523537.650395348668098, 214.33308 ], [ 312601.749220722471364, 5523566.696226897649467, 212.62075 ], [ 312596.625710066757165, 5523628.421491527929902, 212.03724 ], [ 312594.071693409816362, 5523654.331160073168576, 211.90135 ], [ 312579.96048035658896, 5523664.61615629401058, 208.48949 ], [ 312557.102282750420272, 5523622.116986234672368, 203.73053 ], [ 312542.257303465623409, 5523592.69467889610678, 201.01382 ], [ 312516.013392311055213, 5523562.556099026463926, 200.08286 ], [ 312490.316661022137851, 5523535.73749022372067, 199.54013 ], [ 312471.196135083446279, 5523517.927721733227372, 200.10668 ], [ 312432.99116840667557, 5523485.423422108404338, 203.07625 ], [ 312402.769431073160376, 5523460.98865782096982, 199.13138 ], [ 312389.75994329166133, 5523442.966371026821434, 194.98159 ], [ 312352.355378943262622, 5523433.473176315426826, 195.42001 ], [ 312313.2277623944683, 5523417.918922817334533, 195.5308 ], [ 312306.079997190041468, 5523390.454976829700172, 191.75288 ], [ 312292.603620736976154, 5523356.978882226161659, 188.98648 ], [ 312282.418107998091727, 5523331.178947661072016, 185.36216 ], [ 312272.391304187825881, 5523309.936674630269408, 181.49562 ], [ 312259.597952554235235, 5523298.139760622754693, 180.37385 ], [ 312259.106744679971598, 5523294.37277817260474, 179.47436 ], [ 312223.187149140692782, 5523288.278872271068394, 180.78638 ], [ 312195.429110058234073, 5523285.017036597244442, 180.19994 ], [ 312171.001828967826441, 5523282.307012588717043, 179.3573 ], [ 312144.81140891101677, 5523284.778237418271601, 178.92762 ], [ 312125.252562195528299, 5523297.814177498221397, 180.19196 ], [ 312113.393040149589069, 5523312.807648444548249, 181.98032 ], [ 312102.014388189301826, 5523318.88060418330133, 181.68748 ], [ 312089.426132316351868, 5523312.97567199729383, 178.54911 ], [ 312097.950913943815976, 5523297.319358233362436, 176.78345 ], [ 312064.868143620784394, 5523316.837227962911129, 175.25245 ], [ 312041.541087626712397, 5523335.347197322174907, 175.40202 ], [ 312024.780192620411981, 5523385.236627688631415, 179.2224 ], [ 312006.045737480162643, 5523401.249307084828615, 177.64608 ], [ 311973.688371313735843, 5523427.086436493322253, 174.597 ], [ 311945.095752267516218, 5523447.338800151832402, 171.37926 ], [ 311926.250359964498784, 5523439.538004387170076, 166.83993 ], [ 311858.009772498277016, 5523408.75386783387512, 160.72302 ], [ 311898.879731403081678, 5523319.513167012482882, 161.20868 ], [ 311913.21350927639287, 5523286.736525593325496, 161.06054 ], [ 311975.849336175946519, 5523222.89167357608676, 161.05678 ], [ 312036.321434915298596, 5523163.018525960855186, 160.65884 ], [ 312089.019583349814638, 5523101.079999500885606, 161.43929 ], [ 312071.86375041375868, 5523096.336042572744191, 163.44617 ], [ 312056.404014773201197, 5523096.87524539232254, 164.65379 ], [ 312030.666409815079533, 5523112.352955526672304, 165.42235 ], [ 312003.449963876511902, 5523128.772771545685828, 166.79042 ], [ 311977.576893398014363, 5523140.360074020922184, 168.64239 ], [ 311940.817299804533832, 5523149.433719477616251, 173.36239 ], [ 311913.221029802458361, 5523154.960130230523646, 177.4808 ], [ 311897.969176942366175, 5523159.387950456701219, 179.38951 ], [ 311875.514373331330717, 5523180.205421056598425, 179.43179 ], [ 311864.259867855347693, 5523189.836059647612274, 179.42538 ], [ 311858.262384943955112, 5523195.387749636545777, 179.32961 ], [ 311848.623300780483987, 5523195.613030253909528, 180.64773 ], [ 311841.844869101245422, 5523195.293242800980806, 181.68092 ], [ 311832.937977463239804, 5523206.177543526515365, 181.16159 ], [ 311825.990260038757697, 5523211.317266673780978, 181.40866 ], [ 311819.880253883078694, 5523213.645304800011218, 182.09734 ], [ 311809.728085478243884, 5523215.669336653314531, 183.87902 ], [ 311795.603791955159977, 5523215.272285353392363, 187.70333 ], [ 311791.425722387735732, 5523211.077618048526347, 189.62314 ], [ 311787.228371985489503, 5523202.209129559807479, 192.27029 ], [ 311793.751714524929412, 5523162.248045877553523, 196.73568 ], [ 311785.681242066202685, 5523151.734080944210291, 200.72314 ], [ 311794.965519365738146, 5523131.042338485829532, 202.13594 ], [ 311796.155290125345346, 5523119.759731287136674, 204.15735 ], [ 311813.407377549097873, 5523104.577207149937749, 203.83748 ], [ 311831.789164413872641, 5523078.448141072876751, 206.98937 ], [ 311810.685080044087954, 5523094.65550681669265, 206.67432 ], [ 311794.665451052715071, 5523099.778212763369083, 209.03444 ], [ 311772.907324573607184, 5523095.195939696393907, 216.5763 ], [ 311767.598207249189727, 5523087.479272983968258, 220.39648 ], [ 311761.496231913741212, 5523077.67565446998924, 225.26879 ], [ 311750.584041414840613, 5523076.498703754507005, 229.53815 ], [ 311746.533525333681609, 5523092.444470390677452, 226.41753 ], [ 311741.925551241147332, 5523098.615529978647828, 226.34958 ], [ 311734.291667388868518, 5523106.78437534160912, 226.86423 ], [ 311733.03210854990175, 5523116.066084828227758, 225.03167 ], [ 311721.593244155053981, 5523118.357824875041842, 228.41717 ], [ 311709.20822465303354, 5523107.994721444323659, 235.00986 ], [ 311694.675655292347074, 5523100.043943212367594, 241.48836 ], [ 311689.253766219364479, 5523089.103655956685543, 245.99727 ], [ 311686.237744107958861, 5523081.08432961255312, 249.10644 ], [ 311695.704215993348043, 5523073.853051548823714, 248.61441 ], [ 311702.978650877601467, 5523061.578699792735279, 250.20197 ], [ 311708.037569297594018, 5523051.830325071699917, 251.68068 ], [ 311704.475574360927567, 5523038.487781595438719, 256.94361 ], [ 311682.435055639944039, 5523048.495714721269906, 260.01399 ], [ 311662.629568960866891, 5523056.533563095144928, 261.97484 ], [ 311645.338979882537387, 5523058.250906945206225, 264.48693 ], [ 311632.97107951232465, 5523058.683242741972208, 266.24155 ], [ 311609.974659304134548, 5523053.69970481749624, 271.15327 ], [ 311606.458989011123776, 5523062.28124865796417, 269.28377 ], [ 311605.877804481773637, 5523101.255783268250525, 261.0743 ], [ 311596.510603753267787, 5523121.616895702667534, 260.29242 ], [ 311588.202617932925932, 5523137.266484853811562, 260.51367 ], [ 311570.951233150088228, 5523152.449748513288796, 264.23976 ], [ 311554.630754894053098, 5523159.253178828395903, 268.37841 ], [ 311528.947113487171009, 5523165.938965349458158, 273.87368 ], [ 311517.224748917273246, 5523172.470385695807636, 275.00071 ], [ 311505.943598839221522, 5523181.323654452338815, 275.38821 ], [ 311499.695813835656736, 5523190.000861490145326, 274.51676 ], [ 311487.307036647107452, 5523200.117199600674212, 275.50405 ], [ 311439.134002422273625, 5523236.861665536649525, 281.87896 ], [ 311415.557975888019428, 5523258.499499946832657, 280.83383 ], [ 311412.323357846180443, 5523287.438903984613717, 267.87311 ], [ 311400.646546534146182, 5523305.54400650691241, 264.03478 ], [ 311367.705100031220354, 5523347.543569573201239, 262.76911 ], [ 311345.596413810155354, 5523394.617663023993373, 261.81154 ], [ 311318.869525326532312, 5523451.647842224687338, 261.99356 ], [ 311299.471692707855254, 5523483.60198977496475, 264.35547 ], [ 311288.155234336329158, 5523501.69476924277842, 267.41814 ], [ 311276.446392493264284, 5523520.91430483199656, 271.12656 ], [ 311254.373214662773535, 5523552.517170859500766, 276.26776 ], [ 311237.864406398031861, 5523566.228752792812884, 279.93723 ], [ 311226.34580794518115, 5523578.541256351396441, 281.03823 ], [ 311218.016317520989105, 5523593.524498222395778, 280.54607 ], [ 311204.770796013413928, 5523612.018977229483426, 281.32794 ], [ 311192.957332160905935, 5523628.23733988031745, 282.38826 ], [ 311181.602606438158546, 5523645.218744209036231, 283.17425 ], [ 311159.055169431958348, 5523663.260283786803484, 287.43408 ], [ 311150.494351690053008, 5523673.68852346111089, 288.45559 ], [ 311142.66890972177498, 5523692.772279798053205, 287.64515 ], [ 311137.630204227287322, 5523713.316535895690322, 285.65385 ], [ 311130.078628234681673, 5523729.9421505946666, 285.18297 ], [ 311111.324545445735566, 5523745.291070529259741, 288.33718 ], [ 311067.684237836278044, 5523777.651060096919537, 296.31083 ], [ 311025.363208282622509, 5523804.511524275876582, 302.39987 ], [ 311004.523485065961722, 5523826.055438579060137, 299.56113 ], [ 310992.886629937973339, 5523847.276554138399661, 294.10064 ], [ 310960.543413836450782, 5523850.748684481717646, 297.84192 ], [ 310933.470376337761991, 5523871.064755490981042, 292.32382 ], [ 310906.730205958941951, 5523880.350710579194129, 291.0608 ], [ 310878.759938185219653, 5523875.099841805174947, 296.9995 ], [ 310841.573594804736786, 5523871.842196404933929, 304.25634 ], [ 310815.151395326829515, 5523888.129280596040189, 301.78358 ], [ 310746.78201163536869, 5523921.36055844463408, 299.30147 ], [ 310696.78417268965859, 5523946.823986899107695, 294.7546 ], [ 310663.896941708750091, 5523957.328902390785515, 300.54034 ], [ 310630.39639135194011, 5523970.860663441941142, 305.10005 ], [ 310604.588698738603853, 5523984.122167756780982, 305.64083 ], [ 310583.812319782329723, 5524009.449801265262067, 311.2476 ], [ 310558.099119562772103, 5524045.858469282276928, 316.69762 ], [ 310531.349768714280799, 5524069.170410554856062, 319.39291 ], [ 310489.037815373623744, 5524106.385909960605204, 324.59824 ], [ 310462.228908241260797, 5524130.03422567807138, 326.13288 ], [ 310429.90653812920209, 5524156.54790772870183, 328.95039 ], [ 310427.370703792548738, 5524172.441672920249403, 326.27285 ], [ 310401.029011079110205, 5524213.436608399264514, 331.28456 ], [ 310355.71431005303748, 5524285.929640100337565, 335.50703 ], [ 310351.860524027375504, 5524352.288571906276047, 332.61018 ], [ 310310.334377275314182, 5524401.498392510227859, 329.31529 ], [ 310259.217738334089518, 5524397.066066472791135, 335.36756 ], [ 310210.773074008058757, 5524415.356520588509738, 332.2444 ], [ 310162.783913834951818, 5524422.056192701682448, 340.18584 ], [ 310108.155888671171851, 5524448.690434098243713, 337.82087 ], [ 310051.043906312086619, 5524445.695768499746919, 344.14578 ], [ 309992.134612593799829, 5524442.765107021667063, 344.24506 ], [ 309966.765695925627369, 5524425.518201014958322, 350.30229 ], [ 309929.745320763089694, 5524404.453150230459869, 355.01094 ], [ 309906.669900498702191, 5524384.89956918079406, 356.99586 ], [ 309853.649189662304707, 5524371.411635489203036, 349.52293 ], [ 309823.248047393281013, 5524340.096579070203006, 356.30129 ], [ 309788.803237516898662, 5524330.850622575730085, 358.48409 ], [ 309746.803193075582385, 5524319.645728853531182, 362.14823 ], [ 309700.411653902498074, 5524318.613335016183555, 364.66163 ], [ 309659.893492841452826, 5524306.577642996795475, 365.86038 ], [ 309642.098444215371273, 5524283.722108531743288, 366.9722 ], [ 309649.81945380801335, 5524261.856965881772339, 367.79134 ], [ 309675.445745545323007, 5524245.591970359906554, 367.68866 ], [ 309705.470232633408159, 5524221.380699833855033, 368.8209 ], [ 309729.576586504117586, 5524202.832373665645719, 370.41469 ], [ 309709.319673220859841, 5524142.889268399216235, 372.69001 ], [ 309692.435341512551531, 5524092.844099222682416, 373.74275 ], [ 309650.678183368290775, 5524045.792528758756816, 373.94797 ], [ 309583.845583155867644, 5523991.947819909080863, 371.46966 ], [ 309530.196502070641145, 5523944.538344855420291, 370.58512 ], [ 309502.555208827601746, 5523920.139216115698218, 370.73815 ], [ 309470.025359639083035, 5523873.541695913299918, 371.41741 ], [ 309418.50907224486582, 5523815.261618656106293, 371.94293 ], [ 309331.550007970072329, 5523758.347552312538028, 369.65771 ], [ 309253.368099468701985, 5523687.100109121762216, 363.1175 ], [ 309216.326670035487041, 5523645.338294308632612, 362.32468 ], [ 309204.079482410801575, 5523561.739871964789927, 363.63795 ], [ 309241.278147893841378, 5523518.462267160415649, 366.09073 ], [ 309278.261722142109647, 5523475.192572160623968, 367.48253 ], [ 309313.936194049369078, 5523445.770784243941307, 367.22866 ], [ 309347.297279144404456, 5523418.100626021623611, 365.8459 ], [ 309295.984944355906919, 5523371.834683023393154, 362.78143 ], [ 309243.566701033676509, 5523322.825813131406903, 359.34557 ], [ 309208.001243223028723, 5523257.749815718270838, 358.48765 ], [ 309174.065877860877663, 5523236.691394217312336, 357.22105 ], [ 309128.113020868797321, 5523225.964638419449329, 355.56565 ], [ 309088.436625091126189, 5523197.319033591076732, 351.58483 ], [ 309067.58646505814977, 5523153.426145520992577, 353.40733 ], [ 309048.762078839878086, 5523124.0419548060745, 355.25345 ], [ 309009.26578652462922, 5523076.13541554659605, 357.40545 ], [ 308997.798067410010844, 5523057.286822299472988, 358.75398 ], [ 308952.344404113769997, 5523018.050692807883024, 358.8861 ], [ 308903.570335539756343, 5522970.473776262253523, 359.89048 ], [ 308863.644937648903579, 5522912.566286277957261, 362.38422 ], [ 308833.107153804274276, 5522879.813980006612837, 361.23533 ], [ 308893.181471762713045, 5522764.823920954950154, 362.64115 ], [ 308957.680706062586978, 5522666.929496184922755, 357.28704 ] ] ] } },
{ "type": "Feature", "properties": { "name": "Nat'Our Route 4 - Ourtalschleife", "km": 15.229, "darstell": "F1", "height": 471, "link": "https://www.naturpark-suedeifel.de/a-natour-route-4-ourtalschleife", "erlebnis": 71, "datum": null }, "geometry": { "type": "MultiLineString", "coordinates": [ [ [ 298605.324891235795803, 5537599.42901196051389, 224.18839 ], [ 298603.970623626606539, 5537599.702495702542365, 224.53231 ], [ 298598.953860468347557, 5537622.933594796806574, 225.71624 ], [ 298598.150558637164067, 5537637.880309195257723, 225.84219 ], [ 298598.887071320787072, 5537663.233056378550828, 225.5429 ], [ 298600.869688586448319, 5537673.956414623185992, 225.14605 ], [ 298605.196520890574902, 5537687.819961490109563, 224.51585 ], [ 298610.956877412972972, 5537703.522084359079599, 224.06256 ], [ 298629.560911859269254, 5537743.788440683856606, 223.64672 ], [ 298640.802853197616059, 5537775.425830679014325, 223.73443 ], [ 298657.261852988856845, 5537819.780220030806959, 223.59029 ], [ 298666.981141971307807, 5537860.602845639921725, 223.72798 ], [ 298673.988242344406899, 5537890.395540405996144, 223.79903 ], [ 298681.329585405183025, 5537917.615392198786139, 223.74487 ], [ 298684.512074330588803, 5537933.525653879158199, 223.72387 ], [ 298689.809405766078271, 5537956.035585122182965, 223.62441 ], [ 298692.179875823785551, 5538007.709248550236225, 223.64143 ], [ 298691.045087532722391, 5538038.698112700134516, 223.51876 ], [ 298689.740513735217974, 5538051.771231533028185, 223.5425 ], [ 298685.447302518587094, 5538059.835930134169757, 223.86493 ], [ 298682.933877702918835, 5538078.965576873160899, 223.94819 ], [ 298679.44452634017216, 5538112.269190538674593, 223.77742 ], [ 298677.809027637471445, 5538150.957778171636164, 222.74503 ], [ 298672.881874255370349, 5538172.738354046829045, 222.72976 ], [ 298665.684371094335802, 5538197.164477072656155, 222.83739 ], [ 298658.512368137482554, 5538210.79185042437166, 223.27507 ], [ 298645.094248919631355, 5538243.577750676311553, 222.71903 ], [ 298636.31558127887547, 5538256.486264888197184, 223.68257 ], [ 298632.716602763626724, 5538269.645568439736962, 223.62818 ], [ 298632.53680171770975, 5538276.331378801725805, 223.14483 ], [ 298655.40772172762081, 5538284.934624974615872, 218.99592 ], [ 298676.05981140275253, 5538293.732580278068781, 219.0 ], [ 298711.392781278816983, 5538307.211461398750544, 219.02603 ], [ 298728.826995714684017, 5538314.460631436668336, 223.1806 ], [ 298735.746847676462494, 5538318.987570720724761, 226.17526 ], [ 298717.200017232331447, 5538381.576246477663517, 227.28669 ], [ 298707.183977966662496, 5538439.948670663870871, 226.93027 ], [ 298704.839151903870516, 5538480.778930522501469, 224.39314 ], [ 298713.546830308623612, 5538496.593111759983003, 227.3875 ], [ 298728.374364215880632, 5538512.845498486422002, 232.95739 ], [ 298764.991759444586933, 5538537.630814712494612, 243.34968 ], [ 298778.668386495788582, 5538551.922800906002522, 243.75683 ], [ 298783.886292270501144, 5538560.855032534338534, 242.33616 ], [ 298809.607923566189129, 5538607.199818537570536, 237.62214 ], [ 298828.580625506816432, 5538644.001967061311007, 237.03717 ], [ 298824.245268183760345, 5538652.847384924069047, 234.94299 ], [ 298825.417850830941461, 5538672.617902756668627, 233.95734 ], [ 298832.657813823665492, 5538706.743374063633382, 235.20904 ], [ 298839.597290718986187, 5538723.291963557712734, 237.2315 ], [ 298874.346296962467022, 5538772.971795557066798, 251.7579 ], [ 298913.926098295953125, 5538817.461357005871832, 277.23518 ], [ 298935.144336454512086, 5538856.739886905066669, 291.74571 ], [ 298951.150770456297323, 5538892.985709431581199, 301.38973 ], [ 298959.838769521098584, 5538921.713765218853951, 306.39736 ], [ 298959.262603645795025, 5538946.559141607023776, 304.91689 ], [ 298957.82440252113156, 5538975.221634504385293, 303.34609 ], [ 298961.340075029642321, 5538988.559208327904344, 305.39136 ], [ 298970.904118020669557, 5539019.592089541256428, 310.26542 ], [ 298976.945735434419475, 5539052.426815129816532, 313.39018 ], [ 298985.381618051673286, 5539087.843391090631485, 319.32966 ], [ 298994.588553419220261, 5539124.678192618303001, 326.88992 ], [ 299005.430966515094042, 5539172.583424183540046, 335.65443 ], [ 299001.553555973630864, 5539176.402266842313111, 335.28538 ], [ 298986.575951774662826, 5539161.824662238359451, 329.97574 ], [ 298957.399149042961653, 5539126.629233873449266, 318.48228 ], [ 298923.72177401650697, 5539092.048005355522037, 311.06104 ], [ 298902.070956003910396, 5539079.501973970793188, 310.7352 ], [ 298888.156696913007181, 5539072.231681094504893, 312.07004 ], [ 298884.658617916400544, 5539076.592966043390334, 313.25063 ], [ 298894.413656158722006, 5539085.911660482175648, 312.50231 ], [ 298909.239985203952529, 5539100.272074712440372, 312.83931 ], [ 298885.805349394388031, 5539107.16226081456989, 313.54337 ], [ 298895.636201429180801, 5539116.589427884668112, 313.78459 ], [ 298896.073097017128021, 5539120.580469140782952, 313.88273 ], [ 298873.32200602570083, 5539116.981229485012591, 312.13355 ], [ 298865.793905863247346, 5539117.263651804067194, 311.37903 ], [ 298899.257376516528893, 5539159.533463633619249, 316.32476 ], [ 298907.823428598931059, 5539167.783597880974412, 319.09938 ], [ 298922.495334674313199, 5539187.604382579214871, 324.55352 ], [ 298879.106092280009761, 5539171.643777914345264, 313.09797 ], [ 298848.899447516247164, 5539156.858642777428031, 303.71876 ], [ 298829.025420162477531, 5539151.481887506321073, 298.79913 ], [ 298804.893933097016998, 5539151.274268799461424, 293.36894 ], [ 298777.863865367486142, 5539154.181127225980163, 288.61018 ], [ 298761.467532408598345, 5539163.034068522043526, 285.48011 ], [ 298742.654469545756001, 5539172.534375566989183, 282.38167 ], [ 298724.167743143450934, 5539188.812882538884878, 279.27471 ], [ 298708.047066992498003, 5539205.002622351981699, 276.24498 ], [ 298687.894880675012246, 5539220.898531216196716, 272.21099 ], [ 298674.776707844401244, 5539227.179671682417393, 270.13421 ], [ 298664.362814763444476, 5539230.910293192602694, 268.83754 ], [ 298648.049814000492916, 5539232.413501374423504, 267.69052 ], [ 298638.442720516701229, 5539232.774337221868336, 266.93349 ], [ 298621.499841573880985, 5539227.065623238682747, 263.54438 ], [ 298612.274210679344833, 5539222.291553549468517, 260.37865 ], [ 298603.338159089442343, 5539209.93700322508812, 257.1602 ], [ 298594.224567679455504, 5539198.59099639672786, 253.90854 ], [ 298583.962417222559452, 5539191.072963013313711, 250.68175 ], [ 298576.226978709804825, 5539182.012882217764854, 247.72684 ], [ 298570.25745657691732, 5539176.00336345937103, 245.50479 ], [ 298561.170875491923653, 5539159.64708312228322, 241.256 ], [ 298556.506438067182899, 5539148.245279243215919, 238.94543 ], [ 298554.683384215051774, 5539139.853616011328995, 237.68909 ], [ 298552.95148749591317, 5539124.334179545752704, 235.97576 ], [ 298551.175748109410051, 5539113.380426509305835, 234.70915 ], [ 298546.800109982839786, 5539096.29056136123836, 232.25644 ], [ 298537.468329136725515, 5539081.056703560985625, 229.66816 ], [ 298531.838995191908907, 5539066.908224430866539, 227.87938 ], [ 298521.053659150667954, 5539047.387611050158739, 225.73983 ], [ 298510.183453162026126, 5539040.894408222287893, 226.19672 ], [ 298483.287758505204692, 5539032.109279721975327, 228.10535 ], [ 298472.753074231906794, 5539030.724166005849838, 228.95325 ], [ 298440.40693123685196, 5539025.928936776705086, 230.5184 ], [ 298411.363633198954631, 5539019.228620729409158, 230.25692 ], [ 298375.886463040835224, 5539019.004225255921483, 235.94397 ], [ 298365.060113528859802, 5539019.411378357559443, 238.054 ], [ 298354.260096360463649, 5539016.700653878040612, 238.32392 ], [ 298339.580644451605622, 5539012.020821548067033, 238.09135 ], [ 298327.175203773775138, 5539004.806488324888051, 235.81168 ], [ 298309.671417071018368, 5538995.668925837613642, 233.40134 ], [ 298298.602463892893866, 5538989.628877930343151, 231.92532 ], [ 298262.375754405511543, 5538971.399852821603417, 229.87552 ], [ 298238.791674602194689, 5538957.148015310056508, 228.36238 ], [ 298219.043417125241831, 5538949.431012119166553, 229.67912 ], [ 298178.493854718049988, 5538928.916205652989447, 231.17356 ], [ 298150.282388736493886, 5538915.729465535841882, 230.5462 ], [ 298129.684905526810326, 5538912.163527252152562, 232.02142 ], [ 298110.515171479957644, 5538900.751610824838281, 229.58518 ], [ 298095.055374015064444, 5538894.432019367814064, 229.50189 ], [ 298079.102014097268693, 5538888.353694847784936, 229.74842 ], [ 298059.546887799166143, 5538881.965796682983637, 231.63881 ], [ 298042.345240660593845, 5538875.155361912213266, 234.57873 ], [ 298035.584530588123016, 5538874.853429265320301, 238.14814 ], [ 298025.111587751191109, 5538861.77838864736259, 236.47272 ], [ 298009.054873052984476, 5538847.243940620683134, 237.80841 ], [ 297979.218849163036793, 5538817.644089573994279, 240.70359 ], [ 297972.075914591317996, 5538811.011470781639218, 241.71118 ], [ 297947.372154893353581, 5538782.331583056598902, 242.05982 ], [ 297918.140783586539328, 5538744.026385979726911, 241.46678 ], [ 297895.786799622699618, 5538711.02803095150739, 241.0162 ], [ 297880.461238410091028, 5538687.338224751874804, 241.8482 ], [ 297857.043844209518284, 5538654.714045756496489, 246.17768 ], [ 297839.774975890351925, 5538625.197702156379819, 247.40605 ], [ 297828.663599318009801, 5538597.119022759608924, 244.37751 ], [ 297800.716325703077018, 5538543.40394901111722, 245.02138 ], [ 297783.895603068522178, 5538506.746445308439434, 248.43305 ], [ 297777.467300726100802, 5538471.478159091435373, 247.52416 ], [ 297772.280888194858562, 5538446.293056305497885, 250.20202 ], [ 297770.175799612305127, 5538411.418333197943866, 252.30864 ], [ 297773.728020905633457, 5538372.322788028977811, 252.00109 ], [ 297775.355473969306331, 5538339.311049896292388, 253.87302 ], [ 297785.575640236551408, 5538233.284137975424528, 257.14295 ], [ 297787.967505679582246, 5538214.826353271491826, 257.56991 ], [ 297799.557647236972116, 5538185.112514523789287, 253.83438 ], [ 297817.346630454063416, 5538112.19599184114486, 254.93498 ], [ 297830.216844684095122, 5538076.422783927060664, 253.17987 ], [ 297841.200019721465651, 5538030.590754544362426, 253.42965 ], [ 297847.070789983728901, 5538001.537937227636576, 253.97362 ], [ 297848.349824207252823, 5537964.97721884585917, 257.32706 ], [ 297846.887552955187857, 5537926.182138629257679, 261.79865 ], [ 297846.412697233608924, 5537869.761504054069519, 266.89007 ], [ 297848.843459432770032, 5537833.268706047907472, 268.58753 ], [ 297850.919675039651338, 5537814.043656394816935, 269.18922 ], [ 297857.112466517603025, 5537764.941402877680957, 272.17245 ], [ 297861.566215052385814, 5537736.387319923378527, 276.0956 ], [ 297868.142164104152471, 5537706.974038965068758, 279.58671 ], [ 297876.325271169189364, 5537678.279438237659633, 282.6938 ], [ 297884.353118118771818, 5537662.614972291514277, 283.85466 ], [ 297890.489733094349504, 5537652.031116371043026, 284.89968 ], [ 297898.739653307478875, 5537642.258189387619495, 285.41984 ], [ 297904.419863888411783, 5537634.808467059396207, 285.9549 ], [ 297910.37961587641621, 5537623.340755106881261, 287.6953 ], [ 297922.979730074759573, 5537610.843648542650044, 287.8157 ], [ 297934.599939567036927, 5537602.836227124556899, 287.02467 ], [ 297945.523951380164362, 5537595.411650715395808, 286.30992 ], [ 297955.615629733714741, 5537592.582504676654935, 284.09299 ], [ 297978.499140035244636, 5537586.154663401655853, 278.84552 ], [ 297996.516849413048476, 5537585.921357297338545, 273.59303 ], [ 298011.197346580331214, 5537586.704327831976116, 269.24364 ], [ 298020.285030287224799, 5537583.913114283233881, 268.12265 ], [ 298053.327727893949486, 5537561.184547339566052, 270.57216 ], [ 298082.494348599051591, 5537536.598382294178009, 275.88453 ], [ 298094.300140984356403, 5537516.33934529311955, 275.60473 ], [ 298091.83897006791085, 5537508.194440646097064, 274.07979 ], [ 298084.89361133921193, 5537499.216467747464776, 272.7254 ], [ 298074.881665098888334, 5537488.906804659403861, 270.18619 ], [ 298056.344136680592783, 5537477.248346228152514, 266.69185 ], [ 298035.545014796429314, 5537466.565644567832351, 263.56356 ], [ 297999.263492152909748, 5537454.796258550137281, 264.32151 ], [ 297961.409645079111215, 5537452.771025231108069, 271.2546 ], [ 297905.601442628074437, 5537448.862140962854028, 272.53612 ], [ 297873.210167056648061, 5537448.858090755529702, 271.75014 ], [ 297815.504572094301693, 5537440.346252234652638, 269.54585 ], [ 297763.590768821537495, 5537433.063799601979554, 272.45777 ], [ 297743.810267205932178, 5537428.466299884021282, 269.42205 ], [ 297686.179008380277082, 5537406.706092203035951, 261.41357 ], [ 297683.683634391985834, 5537397.672073534689844, 258.99167 ], [ 297699.113995287450962, 5537387.85067084711045, 258.45916 ], [ 297725.450484393863007, 5537375.83695702534169, 256.26908 ], [ 297762.719294097856618, 5537358.513190950267017, 250.09149 ], [ 297790.645015022892039, 5537352.451102243736386, 246.61964 ], [ 297821.352611409965903, 5537340.161794980056584, 242.05589 ], [ 297831.550968357827514, 5537334.434142527170479, 239.43522 ], [ 297841.932003375142813, 5537324.024250172078609, 235.22963 ], [ 297843.896625446155667, 5537313.263638202100992, 232.06296 ], [ 297842.713919368688948, 5537302.84427198395133, 229.5096 ], [ 297834.077425824652892, 5537289.03230067808181, 226.95877 ], [ 297820.052424455527216, 5537278.985619090497494, 225.65524 ], [ 297801.277497652743477, 5537266.78031730465591, 224.06054 ], [ 297770.765785246388987, 5537253.79301470797509, 222.76623 ], [ 297750.377823211369105, 5537246.435386099852622, 222.04174 ], [ 297727.726368695381097, 5537247.623392997309566, 223.06355 ], [ 297711.504249696037732, 5537249.793552101589739, 224.53125 ], [ 297695.239308429532684, 5537254.637023769319057, 226.39279 ], [ 297674.294384789653122, 5537264.889034348540008, 227.69387 ], [ 297635.564256952435244, 5537287.277856105938554, 223.75812 ], [ 297623.457162951759528, 5537301.426803543232381, 223.95623 ], [ 297611.075409864541143, 5537317.812520986422896, 224.45526 ], [ 297601.820077993615996, 5537333.301077893003821, 225.25673 ], [ 297588.275463154015597, 5537362.643717582337558, 226.96221 ], [ 297574.544806563295424, 5537394.665075609460473, 228.10934 ], [ 297565.133459979144391, 5537430.753592053428292, 229.84297 ], [ 297558.621978998067789, 5537459.942240848205984, 230.03545 ], [ 297555.804574773472268, 5537476.635086361318827, 229.98013 ], [ 297553.223722240712959, 5537491.983180336654186, 229.54843 ], [ 297552.448033791326452, 5537509.489524486474693, 230.10917 ], [ 297551.142394396360032, 5537539.594908772036433, 230.66192 ], [ 297551.779320362140425, 5537560.276188487187028, 231.61789 ], [ 297551.4751416699728, 5537582.662772730924189, 231.69271 ], [ 297550.197483559139073, 5537600.18806756939739, 231.00201 ], [ 297547.319532431312837, 5537624.786858660168946, 229.45603 ], [ 297544.614033778198063, 5537652.050799780525267, 228.26754 ], [ 297546.136714770516846, 5537694.294528670608997, 230.34808 ], [ 297545.946977867395617, 5537755.861078367568552, 230.62336 ], [ 297544.203638740233146, 5537844.759432804770768, 230.01916 ], [ 297536.639206909108907, 5537933.543593316338956, 232.89742 ], [ 297526.636719522881322, 5537980.563875503838062, 233.80022 ], [ 297512.964220035239123, 5538029.281221024692059, 232.07441 ], [ 297508.421090585470665, 5538051.605249409563839, 232.06463 ], [ 297508.843190394924022, 5538072.294663142412901, 235.26737 ], [ 297506.616926284856163, 5538089.410542196594179, 236.1516 ], [ 297500.904482358833775, 5538116.8994145328179, 236.27004 ], [ 297493.050948516349308, 5538158.050080717541277, 238.07898 ], [ 297486.381973806826863, 5538181.122335283085704, 237.76941 ], [ 297481.295897660776973, 5538198.568868857808411, 237.78743 ], [ 297479.185916435206309, 5538203.546592583879828, 237.34986 ], [ 297473.797293641662691, 5538214.882007871754467, 236.05463 ], [ 297461.089205615804531, 5538232.059823329560459, 231.81233 ], [ 297450.91365470609162, 5538240.236484069377184, 228.27471 ], [ 297433.4458632786409, 5538243.567926348187029, 222.86754 ], [ 297423.308814079849981, 5538248.960208112373948, 222.0248 ], [ 297404.048038781620562, 5538254.251906614750624, 222.46795 ], [ 297380.99485460377764, 5538261.802030249498785, 226.44541 ], [ 297362.354027235007379, 5538268.29497299157083, 227.13116 ], [ 297344.430616819765419, 5538272.86844308488071, 226.93856 ], [ 297321.340058148896787, 5538277.525941448286176, 226.52405 ], [ 297297.756260096211918, 5538280.532394018955529, 226.36319 ], [ 297268.895781241590157, 5538282.625234596431255, 225.42961 ], [ 297231.982503358507529, 5538288.25097537599504, 224.62046 ], [ 297186.150863032264169, 5538304.900935211218894, 225.29927 ], [ 297151.923478947835974, 5538320.778386446647346, 225.70604 ], [ 297135.813432275434025, 5538331.517882366664708, 224.99798 ], [ 297117.230909196136054, 5538349.030152156949043, 222.58027 ], [ 297102.676503820344806, 5538368.616478930227458, 224.06957 ], [ 297096.482844663085416, 5538383.322388514876366, 225.00673 ], [ 297089.719777661724947, 5538398.161173276603222, 225.24996 ], [ 297087.191626456333324, 5538412.951040346175432, 226.49843 ], [ 297083.580480766482651, 5538418.097073604352772, 226.48267 ], [ 297079.235652168863453, 5538420.933158515952528, 226.04048 ], [ 297067.16416547447443, 5538416.937179896980524, 223.35618 ], [ 297054.152440724661574, 5538408.969299243763089, 221.31183 ], [ 297027.799613161478192, 5538395.717767675407231, 222.5123 ], [ 297018.246347316773608, 5538389.95678081177175, 224.3971 ], [ 297009.557748290128075, 5538384.274398650974035, 225.70004 ], [ 296946.237536601198371, 5538322.106127871200442, 234.82075 ], [ 296929.80507278139703, 5538307.254894408397377, 237.07713 ], [ 296904.679582008626312, 5538284.717885489575565, 240.80931 ], [ 296859.367450743040536, 5538239.234456831589341, 250.17064 ], [ 296841.22215064172633, 5538220.886106173507869, 254.0346 ], [ 296827.851879594963975, 5538199.685223245061934, 258.04916 ], [ 296824.271207726735156, 5538190.469996468164027, 259.41298 ], [ 296822.580239095259458, 5538181.851097972132266, 260.83368 ], [ 296832.425487481523305, 5538182.034709775820374, 264.41877 ], [ 296863.996879335085396, 5538207.889500913210213, 265.062 ], [ 296878.603675660619047, 5538218.134271940216422, 265.56499 ], [ 296896.631248199031688, 5538229.585363145917654, 266.41875 ], [ 296909.901147841941565, 5538234.871447439305484, 268.74911 ], [ 296918.94065254542511, 5538234.640445382334292, 272.63525 ], [ 296939.284105159167666, 5538242.775694836862385, 275.08833 ], [ 296971.657350044115447, 5538253.795162525959313, 272.9553 ], [ 296983.779773327871226, 5538259.124863347969949, 268.82069 ], [ 296998.555203188501764, 5538266.246598676778376, 262.91379 ], [ 297006.375432461383753, 5538267.954331954009831, 262.33009 ], [ 297014.588216642558109, 5538266.752902902662754, 263.72438 ], [ 297019.481568727875128, 5538263.228091940283775, 266.18105 ], [ 297023.35893769969698, 5538253.73047215398401, 273.29212 ], [ 297029.023716113122646, 5538255.408502366393805, 271.64409 ], [ 297036.084981249005068, 5538254.139371267519891, 271.72789 ], [ 297044.104271650896408, 5538247.824603736400604, 274.99204 ], [ 297049.221777015714906, 5538238.836671761237085, 280.50251 ], [ 297055.140911718364805, 5538228.259933344088495, 286.38992 ], [ 297074.163181064126547, 5538203.383727091364563, 295.88725 ], [ 297082.013733694446273, 5538198.299925967119634, 296.32528 ], [ 297090.43776549922768, 5538195.086873477324843, 295.56213 ], [ 297099.30047332693357, 5538192.079877034761012, 294.48605 ], [ 297105.932007479132153, 5538187.042234639637172, 295.22754 ], [ 297104.549360571079887, 5538178.968210057355464, 299.4296 ], [ 297113.074582251603715, 5538176.530605095438659, 298.4994 ], [ 297119.356451942818239, 5538167.943981663323939, 300.70342 ], [ 297119.441657872754149, 5538160.704982239753008, 303.12455 ], [ 297115.472835378604941, 5538156.402340652421117, 304.78067 ], [ 297110.795320282224566, 5538152.349152086302638, 306.23482 ], [ 297103.11040807410609, 5538146.628631836734712, 308.08192 ], [ 297095.889384463313036, 5538141.781127779744565, 309.57672 ], [ 297090.409782810020261, 5538143.101645852439106, 309.96686 ], [ 297077.649428819655441, 5538145.588211654685438, 311.08417 ], [ 297068.107613057480194, 5538147.730379080399871, 311.94725 ], [ 297053.913081714359578, 5538150.271271895617247, 313.35259 ], [ 297028.476018576999195, 5538163.145148722454906, 314.41875 ], [ 297012.062022266618442, 5538173.451221977360547, 314.66737 ], [ 297002.481335626798682, 5538185.947722625918686, 312.92431 ], [ 296998.149145577917807, 5538187.224906806834042, 312.92139 ], [ 296993.758046906092204, 5538186.945847298018634, 313.2705 ], [ 296989.135161264857743, 5538184.337849641218781, 314.39197 ], [ 296987.195320214144886, 5538178.622652523219585, 316.55209 ], [ 296988.347226095036604, 5538174.905493201687932, 317.6851 ], [ 297004.174877234792802, 5538164.287579284980893, 317.90578 ], [ 297013.923908598022535, 5538156.237503866665065, 317.87565 ], [ 297018.146736420865636, 5538152.070159733295441, 317.94652 ], [ 297020.75427559990203, 5538145.069641957059503, 318.7005 ], [ 297022.738780341809615, 5538125.40225485060364, 321.06399 ], [ 297021.677062260219827, 5538112.529347750358284, 322.53267 ], [ 297017.641368452925235, 5538100.770878895185888, 324.15189 ], [ 297012.315053819911554, 5538087.168825605884194, 325.91236 ], [ 297006.123794634826481, 5538075.380630954168737, 327.57395 ], [ 296979.552044742216822, 5538039.316960668191314, 332.68659 ], [ 296955.650292948470451, 5538001.705159394070506, 334.61809 ], [ 296949.462868259870447, 5537991.920629217289388, 335.69847 ], [ 296946.548427977133542, 5537987.021578977815807, 336.25154 ], [ 296937.189455269370228, 5537969.342110405676067, 338.44735 ], [ 296936.491618971689604, 5537941.427255097776651, 340.4348 ], [ 296932.528990694438107, 5537910.741697117686272, 343.98455 ], [ 296928.949012628290802, 5537893.956630785949528, 346.59043 ], [ 296927.614977493649349, 5537856.826320544816554, 351.14258 ], [ 296932.008007945667487, 5537838.180902591906488, 351.3079 ], [ 296941.606755271961447, 5537818.559164094738662, 348.58224 ], [ 296939.168809557391796, 5537814.866590993478894, 350.25962 ], [ 296934.832450733403675, 5537812.247771797701716, 352.70593 ], [ 296929.284696706221439, 5537817.467207565903664, 354.99172 ], [ 296923.29759690805804, 5537830.050392622128129, 356.51014 ], [ 296916.964264001580887, 5537846.765530040487647, 357.31194 ], [ 296912.044360923755448, 5537860.978121090680361, 357.13046 ], [ 296910.162653187871911, 5537864.388968484476209, 357.23401 ], [ 296909.803770461818203, 5537868.187432599253953, 356.73398 ], [ 296908.537711290991865, 5537874.58060460165143, 356.10502 ], [ 296905.820705533085857, 5537878.691002918407321, 356.16369 ], [ 296903.504519125795923, 5537882.006985938176513, 356.13273 ], [ 296901.264412073884159, 5537883.538971452973783, 356.3235 ], [ 296898.362048073729966, 5537884.65075705666095, 356.65102 ], [ 296895.11795648135012, 5537886.220764628611505, 356.8106 ], [ 296885.708598006283864, 5537861.530122881755233, 364.12243 ], [ 296862.707747237524018, 5537830.675051593221724, 373.41506 ], [ 296837.664684304501861, 5537802.791737385094166, 378.12016 ], [ 296820.43816195440013, 5537776.504855496808887, 381.90857 ], [ 296808.901118724490516, 5537767.702352401800454, 383.70286 ], [ 296766.060797230689786, 5537717.450344836339355, 391.12512 ], [ 296732.609009051695466, 5537691.333238764666021, 398.33875 ], [ 296699.177420766907744, 5537677.126804154366255, 401.99193 ], [ 296677.452611692249775, 5537655.352300045080483, 403.72141 ], [ 296663.535784149891697, 5537646.306328694336116, 404.33829 ], [ 296633.475656206835993, 5537597.908498213626444, 405.93301 ], [ 296603.862006796698552, 5537555.616485392674804, 405.79788 ], [ 296583.318276615522336, 5537510.086321888491511, 406.71806 ], [ 296580.365334736416116, 5537504.1870146850124, 406.95649 ], [ 296579.323497576348018, 5537497.547312178649008, 406.97935 ], [ 296572.708936131093651, 5537482.213331597857177, 407.51487 ], [ 296562.453630285686813, 5537463.677827822044492, 408.60253 ], [ 296534.707448860805016, 5537432.781284652650356, 411.05121 ], [ 296521.355255319387652, 5537417.814241726882756, 412.30791 ], [ 296517.326405561936554, 5537411.955774935893714, 412.77008 ], [ 296516.613530643167906, 5537406.416803597472608, 412.99795 ], [ 296511.627457412425429, 5537375.324950504116714, 413.31328 ], [ 296506.945060659316368, 5537346.559305923990905, 412.66485 ], [ 296504.797859430138487, 5537335.397412979975343, 413.22546 ], [ 296501.444011821760796, 5537326.507700529880822, 414.79904 ], [ 296497.233686176245101, 5537319.654245977289975, 416.73777 ], [ 296494.630673151987139, 5537317.30394908413291, 417.78077 ], [ 296490.939129484235309, 5537318.445877850987017, 418.86654 ], [ 296486.766682530054823, 5537316.377765552140772, 420.2705 ], [ 296483.729369015025441, 5537296.900625943206251, 422.47896 ], [ 296485.801117196329869, 5537279.567383935675025, 423.36356 ], [ 296502.605526456376538, 5537254.88471188955009, 421.75909 ], [ 296523.996106984792277, 5537229.916827050969005, 420.1049 ], [ 296534.50177455751691, 5537211.48448318336159, 420.78634 ], [ 296544.670198325882666, 5537186.051784107461572, 423.38328 ], [ 296544.886069654370658, 5537161.44183820579201, 426.94584 ], [ 296531.579990730155259, 5537136.34285060595721, 428.62035 ], [ 296472.523498945869505, 5537048.85892400611192, 429.27567 ], [ 296465.566512432298623, 5537030.198416963219643, 433.0202 ], [ 296458.297278558718972, 5537010.881841556169093, 440.63672 ], [ 296461.871167828445323, 5536993.380291537381709, 443.051 ], [ 296468.596559956553392, 5536988.894972866401076, 440.95302 ], [ 296499.754994726157747, 5536986.599785898812115, 427.84714 ], [ 296522.201083528401796, 5536978.067322261631489, 426.7675 ], [ 296559.612229656602722, 5536979.654185980558395, 416.5105 ], [ 296582.682586502982304, 5536978.111475331708789, 410.93998 ], [ 296605.128408753836993, 5536979.04158288706094, 402.3891 ], [ 296617.477940490178298, 5536977.014920808374882, 398.01447 ], [ 296624.549816206854302, 5536964.612950152717531, 399.22236 ], [ 296632.527863898314536, 5536972.325563263148069, 392.64994 ], [ 296648.06049715320114, 5536934.889876442030072, 390.15656 ], [ 296659.981340915721375, 5536904.492977395653725, 390.82697 ], [ 296665.619530108291656, 5536880.790778074413538, 394.79529 ], [ 296661.021641610655934, 5536861.818006185814738, 398.79117 ], [ 296665.28963164036395, 5536820.913151984103024, 395.82677 ], [ 296666.506441345787607, 5536792.369134001433849, 398.61858 ], [ 296672.608784918673337, 5536771.4323641192168, 399.60691 ], [ 296686.719039728166535, 5536757.093980057165027, 400.65273 ], [ 296700.056583215133287, 5536752.692386091686785, 401.56866 ], [ 296721.435521333711222, 5536757.670978181995451, 401.95698 ], [ 296739.087788367585745, 5536776.149213471449912, 399.61632 ], [ 296756.7939687599428, 5536805.534798505716026, 395.2687 ], [ 296776.465346463490278, 5536845.087413068860769, 393.08521 ], [ 296806.499582840246148, 5536926.883068113587797, 395.61396 ], [ 296829.151309992419556, 5536988.252945986576378, 396.32522 ], [ 296881.078647308575455, 5537096.270549133419991, 393.04015 ], [ 296895.151396017288789, 5537116.999806039966643, 393.13844 ], [ 296909.253316431655549, 5537140.399661629460752, 391.75306 ], [ 296916.402198307914659, 5537164.174078704789281, 386.86967 ], [ 296936.512762043625116, 5537219.183953586034477, 379.15144 ], [ 296950.272300065786112, 5537244.934565677307546, 376.67367 ], [ 296967.280422533280216, 5537269.226416515186429, 374.66318 ], [ 296988.898771065403707, 5537301.470171114429832, 372.28371 ], [ 297008.919256777386181, 5537321.863266334868968, 370.19198 ], [ 297019.006446647224948, 5537322.706082383170724, 369.49245 ], [ 297024.407628037850372, 5537313.596143916249275, 369.36242 ], [ 297021.79637092113262, 5537274.955740005709231, 369.32292 ], [ 297020.240616912080441, 5537266.109041751362383, 369.19205 ], [ 297021.714652323629707, 5537251.915683187544346, 367.91339 ], [ 297016.738797515048645, 5537230.507965562865138, 368.08271 ], [ 297014.989546895842068, 5537216.54789013043046, 368.54166 ], [ 297016.299338923534378, 5537199.911716016940773, 369.33419 ], [ 297018.536673286813311, 5537188.806424687616527, 370.3064 ], [ 297024.216713186935522, 5537177.570874588564038, 370.983 ], [ 297029.617849332920741, 5537170.353387651965022, 371.46201 ], [ 297039.107210558024235, 5537162.98123412579298, 371.66422 ], [ 297069.641372814192437, 5537151.807357264682651, 372.00589 ], [ 297102.925859555776697, 5537144.982417645864189, 374.60739 ], [ 297136.88062220683787, 5537142.585118127986789, 377.81622 ], [ 297160.44393779267557, 5537140.80356960836798, 378.23357 ], [ 297177.805719327530824, 5537136.473601755686104, 376.37033 ], [ 297198.876413521706127, 5537129.554456956684589, 369.84545 ], [ 297203.252688133332413, 5537121.819309833459556, 367.75095 ], [ 297203.684467413346283, 5537112.340848378837109, 367.42266 ], [ 297199.445046696055215, 5537079.995877789333463, 370.58533 ], [ 297198.526219383464195, 5537046.189550880342722, 374.7067 ], [ 297209.436935389880091, 5537017.502020231448114, 374.80403 ], [ 297222.514553166227415, 5537000.532456327229738, 375.39437 ], [ 297239.642483763047494, 5536984.300405128858984, 379.40723 ], [ 297266.229885452601593, 5536967.48830733448267, 388.17144 ], [ 297286.874556156690232, 5536964.481828063726425, 391.44514 ], [ 297314.53022486588452, 5536968.334974281489849, 391.98365 ], [ 297364.93435260374099, 5536977.340221279300749, 389.90474 ], [ 297404.653972814208828, 5536994.430410424247384, 379.6712 ], [ 297440.09651706146542, 5537004.780589839443564, 367.3551 ], [ 297447.882095135457348, 5536997.918819796293974, 365.87012 ], [ 297450.70376807753928, 5536981.337086188606918, 365.72466 ], [ 297450.12041152844904, 5536965.885780014097691, 365.05585 ], [ 297437.666750658885576, 5536917.598282638937235, 365.28887 ], [ 297435.664032891974784, 5536868.35961376875639, 373.37341 ], [ 297438.865017027710564, 5536854.212575116194785, 376.48862 ], [ 297449.384468834847212, 5536849.362665181979537, 376.10751 ], [ 297465.358615054690745, 5536848.203019289299846, 374.13322 ], [ 297508.833998550195247, 5536844.892208058387041, 370.82428 ], [ 297550.243171075999271, 5536855.351926155388355, 366.02761 ], [ 297577.393262900877744, 5536857.221786863170564, 366.8364 ], [ 297606.24424278724473, 5536856.578607359901071, 368.47675 ], [ 297630.523429382883478, 5536866.126706431619823, 364.60228 ], [ 297658.549621738493443, 5536891.229518217965961, 352.16873 ], [ 297733.454920245334506, 5536930.92868721857667, 342.84106 ], [ 297767.9683621393051, 5536943.319772374816239, 343.4537 ], [ 297777.932551719946787, 5536948.510105703026056, 342.27622 ], [ 297845.887635524384677, 5536971.552323076874018, 340.60386 ], [ 297927.115753908234183, 5537007.564918279647827, 335.67116 ], [ 297984.516139825747814, 5537021.210363724268973, 339.35595 ], [ 298044.92753117979737, 5537051.886049774475396, 336.69797 ], [ 298100.315180105448235, 5537076.96289630793035, 336.98402 ], [ 298143.504190701816697, 5537079.456432372331619, 343.34555 ], [ 298229.462927493150346, 5537088.579069222323596, 343.27773 ], [ 298245.325064784497954, 5537092.101267612539232, 343.22479 ], [ 298261.194878785172477, 5537097.738262429833412, 342.38244 ], [ 298280.350058094598353, 5537106.702619856223464, 340.91264 ], [ 298295.63144830573583, 5537117.705093069002032, 339.31059 ], [ 298328.385467271786183, 5537146.41816851310432, 335.14148 ], [ 298329.770458639366552, 5537143.137886557728052, 335.93495 ], [ 298322.137811766180675, 5537133.072268230840564, 337.19001 ], [ 298296.297033985727467, 5537108.663323351182044, 341.61327 ], [ 298293.130685073672794, 5537102.771211296319962, 342.93233 ], [ 298294.828983869869262, 5537096.362240622751415, 344.60873 ], [ 298300.222126841254067, 5537092.708615665324032, 345.62202 ], [ 298346.918944600736722, 5537077.70631552208215, 347.49362 ], [ 298383.278004292980768, 5537066.655106112360954, 350.12751 ], [ 298407.317393142322544, 5537056.512348096817732, 352.50023 ], [ 298438.055159715004265, 5537039.216338697820902, 355.88519 ], [ 298455.209965210524388, 5537027.44007679913193, 357.81496 ], [ 298464.512739284138661, 5537016.960697574540973, 359.78951 ], [ 298485.018872464657761, 5536991.143949781544507, 363.95063 ], [ 298504.390883650747128, 5536963.81144402269274, 367.1081 ], [ 298520.023513241612818, 5536940.181612579151988, 368.43 ], [ 298529.833218247105833, 5536918.32894494663924, 368.98494 ], [ 298534.605850656167604, 5536905.793481850065291, 368.39732 ], [ 298539.796341863111593, 5536892.908381454646587, 366.70846 ], [ 298539.782707551377825, 5536884.894036189652979, 366.22445 ], [ 298532.092836762196384, 5536880.952736577019095, 369.15813 ], [ 298512.040593951649498, 5536867.234499931335449, 378.74276 ], [ 298500.440968422451988, 5536849.080118456855416, 385.49314 ], [ 298490.311459241202101, 5536826.083888103254139, 390.80813 ], [ 298495.403593962080777, 5536795.280321508646011, 386.79778 ], [ 298500.527297208376694, 5536759.577610406093299, 385.70302 ], [ 298511.998839000181761, 5536739.888871632516384, 384.37425 ], [ 298537.944448749592993, 5536715.42659636773169, 382.08712 ], [ 298557.940205733175389, 5536693.191558491438627, 383.39971 ], [ 298567.006976694683544, 5536684.057082415558398, 383.18855 ], [ 298562.49770116963191, 5536671.090924949385226, 387.52365 ], [ 298555.808096106571611, 5536655.535012559965253, 390.94283 ], [ 298543.754667658358812, 5536642.51816401258111, 394.03065 ], [ 298533.295468482363503, 5536641.352440885268152, 397.31136 ], [ 298528.099548783502541, 5536625.406518192961812, 395.2291 ], [ 298516.037213158444501, 5536623.633119072765112, 398.05976 ], [ 298487.639836174901575, 5536605.775598105974495, 398.84587 ], [ 298468.186159585718997, 5536590.810487088747323, 396.28606 ], [ 298460.364784801844507, 5536566.169146969914436, 385.3519 ], [ 298452.299675778718665, 5536538.865350182168186, 373.4743 ], [ 298417.78509735642001, 5536516.896555453538895, 369.41663 ], [ 298397.601071413024329, 5536501.625154904089868, 364.424 ], [ 298394.979163114156108, 5536494.933295495808125, 361.17888 ], [ 298399.338281703065149, 5536482.858534073457122, 354.12575 ], [ 298395.340207464643754, 5536477.77682536188513, 351.77622 ], [ 298403.130456137354486, 5536474.812510156072676, 349.18584 ], [ 298417.467706409865059, 5536475.943626281805336, 347.77042 ], [ 298445.481389259453863, 5536474.000729588791728, 341.54124 ], [ 298487.878235148731619, 5536474.412050631828606, 333.62985 ], [ 298520.231848131807055, 5536477.093207693658769, 328.37384 ], [ 298550.018989406060427, 5536482.208576148375869, 322.1837 ], [ 298581.750364411505871, 5536489.366151981055737, 316.26909 ], [ 298627.896400143159553, 5536503.552489129826427, 309.04113 ], [ 298687.043018337339163, 5536525.377580409869552, 295.72855 ], [ 298737.44880443031434, 5536551.649884371086955, 286.82837 ], [ 298770.328618900151923, 5536574.127211084589362, 277.95322 ], [ 298779.695101540943142, 5536584.462379093281925, 276.26676 ], [ 298791.074867749353871, 5536602.514256833121181, 276.08138 ], [ 298803.225009720015805, 5536633.450044986791909, 267.80049 ], [ 298803.691866099368781, 5536645.900049051269889, 264.37356 ], [ 298805.899497542937752, 5536653.052875278517604, 261.19924 ], [ 298811.159867083071731, 5536655.415915656834841, 257.0951 ], [ 298814.507868990884162, 5536650.837694006040692, 255.70212 ], [ 298815.170864123851061, 5536612.965040196664631, 260.54827 ], [ 298816.39637991390191, 5536599.672361444681883, 256.68769 ], [ 298831.125567596172914, 5536618.934530465863645, 249.51563 ], [ 298849.024131617508829, 5536636.519475040957332, 238.73543 ], [ 298851.894821336434688, 5536642.200337423011661, 237.01966 ], [ 298855.776905906677712, 5536659.531569041311741, 234.40736 ], [ 298851.976533860084601, 5536675.035788470879197, 234.80494 ], [ 298854.399278185912408, 5536682.180565581656992, 233.84822 ], [ 298858.19408098817803, 5536687.604151405394077, 232.7064 ], [ 298865.979789064498618, 5536694.102615859359503, 230.79517 ], [ 298867.600993495900184, 5536700.943494344130158, 230.40951 ], [ 298873.777979384409264, 5536700.934573486447334, 229.17696 ], [ 298877.672442768409383, 5536691.771911788731813, 228.47498 ], [ 298869.397056703339331, 5536631.970956521108747, 231.55368 ], [ 298883.042005974333733, 5536641.478003397583961, 227.48826 ], [ 298892.904871688340791, 5536663.149070491082966, 225.56653 ], [ 298899.7443595364457, 5536680.814743410795927, 224.76332 ], [ 298900.705335672013462, 5536700.704457515850663, 225.02752 ], [ 298900.159446522360668, 5536712.96978204138577, 225.21858 ], [ 298899.031342235510238, 5536751.861681411042809, 225.30872 ], [ 298898.79021625185851, 5536779.922593262977898, 225.2342 ], [ 298896.366644225083292, 5536801.497610121965408, 225.50679 ], [ 298899.492269682348706, 5536812.06688180193305, 224.97832 ], [ 298901.567568012163974, 5536831.024296175688505, 224.44365 ], [ 298902.006848988123238, 5536838.911335806362331, 224.24334 ], [ 298899.107422089553438, 5536849.706444209441543, 224.4979 ], [ 298897.432721101504285, 5536875.928708726540208, 224.0418 ], [ 298894.156537568138447, 5536880.504193212836981, 224.47555 ], [ 298888.522622741758823, 5536883.49830548837781, 225.27449 ], [ 298883.86974273819942, 5536908.830367314629257, 225.29107 ], [ 298878.559771400410682, 5536931.96072977501899, 225.28181 ], [ 298876.168467877141666, 5536939.063348226249218, 225.34147 ], [ 298870.048759979079477, 5536961.667495403438807, 225.34486 ], [ 298850.863890128210187, 5537009.362573771737516, 225.94834 ], [ 298836.932923079177272, 5537045.840343949384987, 226.68286 ], [ 298811.330944377754349, 5537113.924644043669105, 226.58739 ], [ 298794.28310101525858, 5537159.202200583182275, 225.95565 ], [ 298787.425206804065965, 5537173.596703859977424, 225.63619 ], [ 298780.622396409977227, 5537187.543883636593819, 224.99179 ], [ 298765.850998077366967, 5537218.821524953469634, 223.3553 ], [ 298742.749367947399151, 5537265.439571561291814, 222.12815 ], [ 298715.58687213761732, 5537318.666525957174599, 221.12845 ], [ 298705.657574727607425, 5537364.122635962441564, 219.85136 ], [ 298698.216520980233327, 5537382.101329642347991, 219.85317 ], [ 298684.411775029206183, 5537404.660239444114268, 220.11746 ], [ 298670.847341691609472, 5537427.878077967092395, 220.46288 ], [ 298644.659267654526047, 5537464.927901661023498, 222.13187 ], [ 298635.393026740464848, 5537480.192285535857081, 222.99808 ], [ 298626.847254142863676, 5537518.472360900603235, 221.00367 ], [ 298615.562321629724465, 5537560.306142919696867, 221.44567 ], [ 298603.970623626606539, 5537599.702495702542365, 224.53231 ] ] ] } },
{ "type": "Feature", "properties": { "name": "Nat'Our Route 1 - Dreiländereck", "km": 13.181, "darstell": "F1", "height": 176, "link": "https://www.naturpark-suedeifel.de/a-natour-route-1-dreilaendereck", "erlebnis": 82, "datum": null }, "geometry": { "type": "MultiLineString", "coordinates": [ [ [ 295358.100276105455123, 5557067.898493711836636, 317.7 ], [ 295370.038088841480203, 5557089.928122970275581, 317.9 ], [ 295394.347294813254848, 5557098.680397050455213, 317.4 ], [ 295396.449402762227692, 5557099.378996302373707, 317.3 ], [ 295399.788680580561049, 5557102.479287755675614, 317.3 ], [ 295400.308023857185617, 5557091.772040319629014, 317.1 ], [ 295399.267045858432539, 5557079.566113985143602, 316.8 ], [ 295399.016328005702235, 5557059.982328364625573, 316.4 ], [ 295400.842120907618664, 5557032.971317423507571, 316.1 ], [ 295401.950214241747744, 5557022.686780404299498, 316.2 ], [ 295403.957383142434992, 5557004.12960150372237, 316.4 ], [ 295413.650055095145945, 5557003.089651407673955, 316.1 ], [ 295421.980763955856673, 5557001.99065993912518, 315.9 ], [ 295457.087970545922872, 5556993.741272987797856, 318.4 ], [ 295468.578863061731681, 5556991.073862611316144, 319.2 ], [ 295471.397752674529329, 5556988.071231969632208, 319.9 ], [ 295471.441528823459521, 5556983.616509689949453, 320.0 ], [ 295466.029277892317623, 5556941.408930525183678, 320.3 ], [ 295466.625572103774175, 5556932.702619384974241, 320.7 ], [ 295471.299565405934118, 5556901.574651188217103, 319.7 ], [ 295469.17938143783249, 5556891.08001940138638, 317.5 ], [ 295467.422841088729911, 5556884.467848220840096, 317.5 ], [ 295465.586307826742996, 5556877.636094377376139, 318.0 ], [ 295465.294205042533576, 5556866.292044200003147, 318.5 ], [ 295467.477515164762735, 5556861.643910712562501, 318.8 ], [ 295471.962420198600739, 5556861.026540268212557, 319.2 ], [ 295476.889918229542673, 5556862.618714522570372, 319.5 ], [ 295482.0157718724804, 5556865.650521883741021, 319.7 ], [ 295488.175134275574237, 5556867.64075178001076, 319.7 ], [ 295494.244941075681709, 5556867.296577706933022, 319.9 ], [ 295495.787203669839073, 5556866.458132948726416, 320.1 ], [ 295501.620280931587331, 5556863.673876506276429, 320.5 ], [ 295504.337954094749875, 5556859.895870229229331, 321.0 ], [ 295506.129888784373179, 5556854.372159839607775, 321.7 ], [ 295498.732318069203757, 5556848.087692379951477, 321.8 ], [ 295495.385596800595522, 5556839.198667505756021, 322.0 ], [ 295492.33790076803416, 5556808.255624767392874, 321.1 ], [ 295492.826915400102735, 5556779.960062816739082, 320.7 ], [ 295495.381709095730912, 5556762.606532672420144, 321.0 ], [ 295491.626754153287038, 5556737.47957344725728, 320.8 ], [ 295490.757598674390465, 5556731.612637114711106, 320.7 ], [ 295479.76598177512642, 5556695.074057634919882, 320.0 ], [ 295468.702776759513654, 5556658.538240050897002, 319.5 ], [ 295456.663401861209422, 5556628.274145453236997, 318.8 ], [ 295444.691105118894484, 5556597.896171345375478, 318.5 ], [ 295432.485147766768932, 5556563.296793399378657, 318.7 ], [ 295421.15361014433438, 5556536.568031739443541, 318.8 ], [ 295410.369144374504685, 5556511.042882124893367, 319.5 ], [ 295409.817706052504946, 5556509.728129681199789, 319.5 ], [ 295399.932380736339837, 5556475.930365713313222, 323.1 ], [ 295390.114151057205163, 5556442.018713327124715, 328.2 ], [ 295382.046144857769832, 5556418.281902922317386, 331.6 ], [ 295373.902345020906068, 5556394.436683908104897, 334.4 ], [ 295354.603350207442418, 5556352.205503650940955, 337.9 ], [ 295341.171869948622771, 5556330.455814366228878, 338.9 ], [ 295327.807487699144986, 5556308.592250967398286, 340.2 ], [ 295314.440888323704712, 5556290.402562010101974, 342.4 ], [ 295296.870410267845728, 5556272.7082684263587, 343.7 ], [ 295277.360644018859603, 5556260.432138870470226, 341.6 ], [ 295251.920896244235337, 5556237.25115707796067, 344.9 ], [ 295234.408842983073555, 5556226.679680230095983, 344.8 ], [ 295190.009323041129392, 5556205.563008781522512, 342.0 ], [ 295154.299884194682818, 5556185.226097696460783, 346.8 ], [ 295112.290649956674315, 5556176.04145285859704, 343.5 ], [ 295072.990140455192886, 5556155.397732651792467, 346.2 ], [ 295043.255765117122792, 5556137.837703375145793, 349.9 ], [ 295013.588386401766911, 5556120.163925315253437, 350.1 ], [ 294983.190196875948459, 5556103.965642388910055, 348.9 ], [ 294955.268318647285923, 5556081.438011988066137, 348.0 ], [ 294927.270459988969378, 5556058.802108461968601, 345.9 ], [ 294909.059619390056469, 5556035.678586632944643, 345.8 ], [ 294890.848627792031039, 5556012.555123434402049, 343.7 ], [ 294873.908713317709044, 5555972.23851462919265, 343.0 ], [ 294856.968571791483555, 5555931.92195485625416, 340.3 ], [ 294841.304934842162766, 5555889.441119300201535, 339.7 ], [ 294834.428055590484291, 5555846.510936413891613, 342.5 ], [ 294826.370838872739114, 5555798.950449892319739, 343.5 ], [ 294813.896227335557342, 5555766.811683519743383, 339.7 ], [ 294812.864408742228989, 5555764.179542568512261, 339.4 ], [ 294801.417207019869238, 5555734.561781503260136, 336.1 ], [ 294796.521670446032658, 5555687.324977840296924, 337.5 ], [ 294788.331538529251702, 5555649.343735938891768, 333.5 ], [ 294785.7183058168157, 5555607.474127441644669, 330.9 ], [ 294794.040612606331706, 5555583.775303018279374, 332.7 ], [ 294820.326432701898739, 5555548.809355832636356, 338.3 ], [ 294846.608335627941415, 5555513.732386741787195, 341.7 ], [ 294872.348698087735102, 5555479.455685456283391, 336.5 ], [ 294872.89059852558421, 5555478.655557848513126, 336.4 ], [ 294899.173221392091364, 5555443.578869151882827, 325.1 ], [ 294919.646561599220149, 5555484.53902873583138, 331.8 ], [ 294940.191093891335186, 5555525.496512407436967, 338.0 ], [ 294947.027907494571991, 5555552.508632035925984, 342.2 ], [ 294953.936142856488004, 5555579.518011458218098, 345.9 ], [ 294959.287751673662569, 5555605.139998643659055, 349.1 ], [ 294964.706524468143471, 5555630.648080590181053, 352.6 ], [ 294968.889544897363521, 5555650.080719394609332, 355.3 ], [ 294974.998452464933507, 5555656.302801363170147, 355.0 ], [ 294982.484415719634853, 5555659.243485590443015, 353.8 ], [ 294988.713314760010689, 5555655.552917231805623, 352.0 ], [ 294995.971245998516679, 5555643.250667406246066, 353.2 ], [ 295003.613852423150092, 5555599.984906625002623, 361.7 ], [ 295004.998340876540169, 5555595.033329421654344, 362.7 ], [ 295010.998211435740814, 5555574.207334799692035, 367.1 ], [ 295015.851842479081824, 5555542.181443638168275, 370.3 ], [ 295018.922394709428772, 5555523.360601836815476, 371.2 ], [ 295023.141227193875238, 5555512.065823493525386, 371.9 ], [ 295038.171205982158426, 5555495.234557249583304, 374.3 ], [ 295060.94544650579337, 5555476.881169353611767, 378.0 ], [ 295086.801969208405353, 5555458.632118799723685, 383.9 ], [ 295112.582917277992237, 5555440.274782357737422, 392.4 ], [ 295145.937376132409554, 5555408.490201845765114, 396.6 ], [ 295167.881199936615303, 5555385.270866165868938, 397.3 ], [ 295189.89669867005432, 5555362.048881661146879, 398.2 ], [ 295213.649259522615466, 5555339.316936676390469, 401.6 ], [ 295237.330544722964987, 5555316.587847597897053, 406.7 ], [ 295239.830230127205141, 5555312.706800317391753, 406.9 ], [ 295256.500233820523135, 5555286.350567255169153, 408.6 ], [ 295262.984797294426244, 5555272.51988466642797, 408.8 ], [ 295268.175303025636822, 5555252.949933650903404, 407.8 ], [ 295272.705395003315061, 5555240.418873724527657, 408.6 ], [ 295285.938245833793189, 5555217.757118209265172, 413.6 ], [ 295291.264384085545316, 5555199.851883769966662, 414.2 ], [ 295291.550492184003815, 5555184.923231683671474, 412.2 ], [ 295292.878885689075105, 5555176.634133212268353, 411.7 ], [ 295299.155601770849898, 5555166.707895248197019, 413.6 ], [ 295308.965890688356012, 5555159.317885596305132, 416.9 ], [ 295304.597031887969933, 5555151.804056360386312, 413.8 ], [ 295301.696212139853742, 5555145.235825078561902, 411.3 ], [ 295302.543397249071859, 5555141.195581698790193, 410.9 ], [ 295307.785169266397133, 5555137.877301851287484, 411.9 ], [ 295315.000678182463162, 5555137.489086265675724, 413.4 ], [ 295322.992937692673877, 5555134.955883704125881, 413.3 ], [ 295338.57298124791123, 5555136.139281750656664, 413.3 ], [ 295347.053859711217228, 5555135.145929615013301, 411.8 ], [ 295351.088981964509003, 5555132.096642293967307, 409.8 ], [ 295361.458475233055651, 5555124.351306026801467, 404.7 ], [ 295371.407416724017821, 5555124.303604484535754, 403.1 ], [ 295386.47553745098412, 5555119.606516674160957, 398.0 ], [ 295398.428020028513856, 5555123.267085992731154, 397.9 ], [ 295403.440363286586944, 5555123.297477553598583, 397.0 ], [ 295427.370431379706133, 5555114.475524668581784, 388.6 ], [ 295451.372056169318967, 5555105.650940052233636, 380.7 ], [ 295462.394593043485656, 5555099.99595744535327, 376.1 ], [ 295435.518446127651259, 5555088.001498622819781, 373.0 ], [ 295408.642172771156766, 5555076.007172101177275, 370.1 ], [ 295373.744764845003374, 5555060.201617708429694, 366.8 ], [ 295338.775656708923634, 5555044.399029004387558, 362.8 ], [ 295303.810597846808378, 5555028.707826367579401, 359.0 ], [ 295272.250986461876892, 5555012.218181661330163, 353.8 ], [ 295234.996972509194165, 5554987.263874753378332, 346.7 ], [ 295225.059530609170906, 5554978.293969991616905, 344.0 ], [ 295216.494157656445168, 5554964.039087785407901, 339.1 ], [ 295208.715073260769714, 5554957.212869835086167, 337.3 ], [ 295202.169360177475028, 5554952.677155206911266, 336.3 ], [ 295197.927175131859258, 5554946.605769902467728, 334.4 ], [ 295186.656979555496946, 5554938.355052854865789, 332.4 ], [ 295172.325666936929338, 5554930.555874614976346, 330.6 ], [ 295169.488615024019964, 5554925.655141235329211, 329.2 ], [ 295162.672880828264169, 5554919.682600593194366, 328.1 ], [ 295150.375073096947744, 5554908.910914113745093, 326.0 ], [ 295139.59767662541708, 5554902.311253374442458, 324.8 ], [ 295102.691422752570361, 5554892.039472359232605, 321.5 ], [ 295092.979891411378048, 5554888.961395082063973, 319.7 ], [ 295072.39592804381391, 5554882.404583658091724, 316.0 ], [ 295068.107678058324382, 5554877.003015381284058, 316.5 ], [ 295059.882273370167241, 5554869.748835955746472, 317.5 ], [ 295048.357680826331489, 5554858.613680297508836, 318.7 ], [ 295032.177409092080779, 5554832.517069372348487, 322.5 ], [ 295017.626133651705459, 5554802.238834614865482, 324.5 ], [ 295008.225226851645857, 5554777.440353139303625, 323.9 ], [ 295002.402044404065236, 5554758.182036055251956, 323.8 ], [ 294999.657098778116051, 5554738.916758874431252, 324.6 ], [ 295000.874800313962623, 5554714.712180919013917, 326.4 ], [ 295007.643039256567135, 5554689.626362023875117, 329.4 ], [ 295014.384602808917407, 5554661.98108031321317, 331.1 ], [ 295025.25241960468702, 5554635.513187657110393, 333.9 ], [ 295041.056332601816393, 5554607.074468337930739, 337.8 ], [ 295053.379849256423768, 5554581.218683154322207, 339.6 ], [ 295065.77071680908557, 5554555.249022221192718, 339.7 ], [ 295092.222945655812509, 5554518.831297488883138, 341.5 ], [ 295112.286145592224784, 5554487.55743065290153, 340.1 ], [ 295132.273833318555262, 5554456.175229932181537, 337.7 ], [ 295143.286801374866627, 5554439.053458171896636, 335.5 ], [ 295152.337530240940396, 5554424.901528620161116, 333.7 ], [ 295159.427049838821404, 5554415.611930023878813, 332.1 ], [ 295192.959271219733637, 5554410.650849809870124, 336.2 ], [ 295226.558767723385245, 5554405.576075855642557, 332.1 ], [ 295260.091087651089765, 5554400.615420682355762, 326.8 ], [ 295268.923268569633365, 5554393.81960039678961, 322.4 ], [ 295272.408516949974, 5554383.889195503666997, 317.6 ], [ 295272.899598013202194, 5554374.296337129548192, 316.8 ], [ 295266.351237481692806, 5554365.975532416254282, 317.7 ], [ 295241.149551958951633, 5554354.808151680976152, 318.7 ], [ 295215.876262401463464, 5554343.643631361424923, 317.9 ], [ 295205.878063306794502, 5554325.658633932471275, 322.5 ], [ 295199.790733030880801, 5554299.508071452379227, 328.0 ], [ 295193.703356140118558, 5554273.35751520190388, 324.3 ], [ 295208.024146637762897, 5554236.070303461514413, 327.2 ], [ 295222.340894753288012, 5554198.671975194476545, 333.2 ], [ 295236.657867520581931, 5554161.273692436516285, 342.4 ], [ 295244.886264250206295, 5554118.208841598592699, 349.6 ], [ 295242.622462060186081, 5554092.802121832966805, 350.8 ], [ 295240.354385086859111, 5554067.284241253510118, 352.8 ], [ 295219.070296349003911, 5554031.363552434369922, 351.1 ], [ 295197.853173335432075, 5553995.329036267474294, 354.4 ], [ 295167.33648935740348, 5553974.457892116159201, 351.4 ], [ 295136.748065774561837, 5553953.589661600068212, 349.4 ], [ 295109.571080508176237, 5553933.92651052493602, 351.8 ], [ 295101.765943739796057, 5553928.325941003859043, 352.5 ], [ 295066.723795150697697, 5553916.423844881355762, 355.0 ], [ 295018.498951270419639, 5553909.926695921458304, 356.3 ], [ 294977.160548336105421, 5553913.073398189619184, 349.9 ], [ 294935.74640196620021, 5553916.112007564865053, 345.4 ], [ 294897.204801819287241, 5553911.915653984062374, 347.3 ], [ 294858.658849965664558, 5553907.608415089547634, 350.2 ], [ 294832.645829514309298, 5553908.942501834593713, 348.9 ], [ 294806.70003874914255, 5553910.162804324179888, 345.1 ], [ 294777.626111252058763, 5553906.382527677342296, 343.8 ], [ 294734.922046538849827, 5553898.228340624831617, 340.5 ], [ 294693.529383445391431, 5553875.774247889406979, 341.8 ], [ 294667.097680161939934, 5553847.62373009044677, 346.3 ], [ 294645.341984503320418, 5553805.154916158877313, 345.7 ], [ 294639.391496255935635, 5553780.780759213492274, 343.2 ], [ 294642.533896734123118, 5553761.956983221694827, 343.0 ], [ 294656.53119134309236, 5553734.922654898837209, 345.3 ], [ 294657.934985189756844, 5553726.74180762283504, 344.3 ], [ 294655.347495242604055, 5553719.04852258041501, 342.1 ], [ 294651.454631739412434, 5553709.067614307627082, 339.0 ], [ 294650.328376883640885, 5553690.964743471704423, 335.2 ], [ 294656.381767838960513, 5553665.90601715631783, 332.2 ], [ 294665.535528494219761, 5553641.395967585965991, 329.5 ], [ 294687.714813663857058, 5553601.801046423614025, 326.4 ], [ 294709.970231658429839, 5553562.314639385789633, 323.5 ], [ 294721.205457425268833, 5553536.054755129851401, 321.3 ], [ 294732.516585780424066, 5553509.903309895657003, 319.4 ], [ 294762.572313291602768, 5553472.121035777032375, 319.2 ], [ 294787.702320070005953, 5553440.317322050221264, 319.3 ], [ 294812.83691102231387, 5553408.624897688627243, 318.7 ], [ 294822.225296375574544, 5553401.36173501983285, 318.9 ], [ 294836.046252588741481, 5553399.494498080573976, 320.5 ], [ 294843.354723160620779, 5553395.873767499811947, 321.0 ], [ 294849.58519865560811, 5553390.29061512555927, 321.4 ], [ 294856.271241589740384, 5553379.791611859574914, 322.7 ], [ 294877.35268320410978, 5553335.786816263571382, 330.7 ], [ 294898.434503444819711, 5553291.782115611247718, 333.4 ], [ 294919.516702308319509, 5553247.777509907260537, 333.9 ], [ 294931.053694724861998, 5553223.733116591349244, 333.6 ], [ 294940.599279791349545, 5553203.772999153472483, 333.5 ], [ 294961.68223589041736, 5553159.768583347089589, 334.4 ], [ 294987.075409505399875, 5553119.829101109877229, 339.3 ], [ 295000.814895172487013, 5553084.122418657876551, 342.9 ], [ 295014.554586487705819, 5553048.415778072550893, 344.9 ], [ 295028.222971946583129, 5553012.711925484240055, 342.0 ], [ 295039.811106988578103, 5553003.026900944299996, 341.2 ], [ 295065.759112593601458, 5553005.481683804653585, 349.8 ], [ 295093.636863937601447, 5553005.969972923398018, 356.0 ], [ 295116.206867130589671, 5553000.650555586442351, 358.4 ], [ 295126.557965081068687, 5552997.91540373954922, 359.9 ], [ 295131.054851937049534, 5552990.06133452616632, 358.5 ], [ 295128.124072509177495, 5552984.607542221434414, 356.6 ], [ 295123.58264732506359, 5552980.106177507899702, 357.1 ], [ 295109.30175874044653, 5552973.752149985171854, 357.7 ], [ 295076.974412500858307, 5552952.505363333038986, 359.0 ], [ 295067.209391790791415, 5552942.526974796317518, 357.7 ], [ 295058.425308311649133, 5552926.388024831190705, 357.6 ], [ 295051.627684208215214, 5552896.702402865514159, 362.2 ], [ 295035.40506147017004, 5552878.956556894816458, 361.2 ], [ 295013.971440663794056, 5552863.526053902693093, 354.5 ], [ 294992.533426135836635, 5552847.98447210341692, 349.3 ], [ 294990.05926627543522, 5552846.966237293556333, 348.5 ], [ 294966.197128594387323, 5552837.306797069497406, 340.6 ], [ 294952.549670986947604, 5552828.813631162047386, 338.8 ], [ 294936.131103780702688, 5552800.388298758305609, 343.8 ], [ 294908.152607992640696, 5552773.075091817416251, 345.8 ], [ 294863.235654171381611, 5552757.879485338926315, 344.4 ], [ 294818.246910214948002, 5552742.68699889164418, 341.7 ], [ 294797.406720548984595, 5552729.683653420768678, 336.4 ], [ 294785.696788346162066, 5552711.987664513289928, 334.5 ], [ 294779.269276384322438, 5552691.9734220886603, 335.3 ], [ 294771.341560819244478, 5552688.827093407511711, 335.8 ], [ 294761.03699838288594, 5552692.78570061083883, 339.0 ], [ 294748.96195520600304, 5552704.716554567217827, 342.5 ], [ 294741.413819696870632, 5552717.030002324841917, 343.1 ], [ 294733.125583138433285, 5552743.621664498001337, 339.5 ], [ 294730.635711060836911, 5552751.51023686863482, 338.4 ], [ 294720.847394688753411, 5552767.026997864246368, 337.3 ], [ 294701.472675643570255, 5552777.234827738255262, 335.6 ], [ 294687.826983677514363, 5552793.011339865624905, 328.5 ], [ 294678.104521729052067, 5552799.062933406792581, 326.4 ], [ 294655.382381407078356, 5552804.16736816149205, 327.1 ], [ 294632.754366201348603, 5552811.717458728700876, 326.4 ], [ 294589.404389198927674, 5552820.510317853651941, 326.6 ], [ 294565.927543216501363, 5552822.749700583517551, 327.3 ], [ 294556.454030935419723, 5552829.682557852007449, 323.0 ], [ 294543.923166549415328, 5552831.61209571827203, 321.7 ], [ 294521.433505816094112, 5552831.587153147906065, 321.5 ], [ 294477.643681645859033, 5552836.390118035487831, 314.0 ], [ 294455.505018617375754, 5552845.480713286437094, 307.9 ], [ 294463.252428646723274, 5552849.524127060547471, 307.2 ], [ 294462.760391988907941, 5552849.765725993551314, 307.1 ], [ 294463.252428646723274, 5552849.524127060547471, 307.2 ], [ 294478.412831577996258, 5552854.506720365025103, 306.8 ], [ 294496.915992376219947, 5552857.022805682383478, 307.4 ], [ 294509.477976940339431, 5552857.763789286836982, 307.6 ], [ 294533.007233408745378, 5552858.750595822930336, 306.1 ], [ 294549.994497719104402, 5552859.098684530705214, 304.5 ], [ 294557.082914143044036, 5552859.048516320995986, 304.2 ], [ 294561.878612472501118, 5552858.97526984475553, 304.5 ], [ 294564.322913944139145, 5552859.215176358819008, 304.5 ], [ 294566.132147940748837, 5552859.70217782817781, 304.2 ], [ 294567.373550007119775, 5552860.322359634563327, 303.8 ], [ 294568.922397117479704, 5552861.487341350875795, 303.0 ], [ 294570.042161477147602, 5552862.668836807832122, 302.2 ], [ 294571.5078728144872, 5552865.395587711594999, 300.7 ], [ 294579.29600216896506, 5552887.249810961075127, 299.2 ], [ 294586.852426203084178, 5552908.667653600685298, 297.8 ], [ 294592.06357083079638, 5552926.835963939316571, 299.9 ], [ 294593.663072805386037, 5552934.901235342957079, 301.0 ], [ 294595.098157647822518, 5552942.416202342137694, 302.1 ], [ 294594.563902807189152, 5552949.005015671253204, 302.9 ], [ 294592.455167557636742, 5552953.761870483867824, 303.4 ], [ 294587.242670015548356, 5552959.751431776210666, 303.6 ], [ 294580.043738369364291, 5552964.370202984660864, 303.4 ], [ 294573.165093260584399, 5552969.86726921889931, 303.4 ], [ 294567.612185954581946, 5552976.315258833579719, 303.6 ], [ 294565.297507632174529, 5552981.302705816924572, 304.0 ], [ 294564.848263277439401, 5552982.655912886373699, 304.1 ], [ 294564.470531237660907, 5552984.006367661990225, 304.3 ], [ 294564.002336385368835, 5552988.588769683614373, 304.8 ], [ 294564.262097215745598, 5552993.477133480831981, 305.5 ], [ 294568.632240503560752, 5553012.123097980394959, 308.6 ], [ 294565.927631932194345, 5553012.561171032488346, 308.3 ], [ 294560.635768266627565, 5553012.76484608463943, 307.8 ], [ 294555.692905834293924, 5553012.732440581545234, 307.4 ], [ 294548.228792522917502, 5553010.459230032749474, 306.5 ], [ 294551.333145703887567, 5553016.685346754267812, 307.6 ], [ 294553.039039620663971, 5553020.07080505322665, 308.1 ], [ 294556.619532360578887, 5553040.528378733433783, 310.9 ], [ 294555.015756383887492, 5553058.402335746213794, 312.6 ], [ 294554.947924449166749, 5553064.08259429782629, 313.0 ], [ 294554.888650654291268, 5553069.985176371410489, 313.5 ], [ 294554.007335965521634, 5553086.161431135609746, 314.4 ], [ 294552.816732498002239, 5553092.441539071500301, 314.8 ], [ 294554.292821128154173, 5553104.741956936195493, 315.2 ], [ 294555.57513514906168, 5553110.147594635374844, 315.2 ], [ 294557.144715933070984, 5553117.434724791906774, 315.4 ], [ 294565.424658871430438, 5553139.047335688024759, 314.9 ], [ 294567.837054976960644, 5553142.182950673624873, 314.7 ], [ 294571.645418699481525, 5553144.374226470477879, 314.3 ], [ 294573.062172457168344, 5553149.552039811387658, 314.0 ], [ 294578.235936501412652, 5553155.587192699313164, 313.3 ], [ 294570.174311929382384, 5553178.71938668191433, 312.1 ], [ 294568.885315062012523, 5553182.442771436646581, 311.9 ], [ 294567.501592542394064, 5553189.286942824721336, 311.5 ], [ 294567.593896339414641, 5553195.406344129703939, 311.1 ], [ 294562.980026542150881, 5553196.474544488824904, 311.7 ], [ 294556.520986616611481, 5553199.84030175767839, 312.4 ], [ 294555.968491016421467, 5553204.091973693110049, 312.3 ], [ 294554.053045777138323, 5553208.284782440401614, 312.5 ], [ 294540.83072578033898, 5553225.715383409522474, 315.6 ], [ 294529.110729365726002, 5553237.521862236782908, 319.4 ], [ 294521.000992599234451, 5553244.513663654215634, 321.9 ], [ 294512.752539983135648, 5553251.622146023437381, 324.5 ], [ 294498.788971501868218, 5553260.954568986780941, 327.4 ], [ 294501.972085037617944, 5553265.507723829708993, 328.9 ], [ 294504.822807818709407, 5553276.307964378967881, 331.5 ], [ 294503.489310678909533, 5553282.593594002537429, 332.9 ], [ 294503.59933913644636, 5553283.591296495869756, 332.9 ], [ 294504.229549166746438, 5553288.799379247240722, 333.2 ], [ 294507.096652196370997, 5553292.585417526774108, 332.0 ], [ 294512.238444288028404, 5553288.491020516492426, 330.1 ], [ 294514.941843097563833, 5553299.185610453598201, 328.0 ], [ 294511.980783757986501, 5553305.979206997901201, 328.5 ], [ 294511.764481915044598, 5553309.661310748197138, 328.1 ], [ 294510.652820557064842, 5553314.268499839119613, 328.0 ], [ 294513.224066419876181, 5553315.950727246701717, 326.6 ], [ 294517.021814042760525, 5553308.568285237066448, 325.9 ], [ 294520.11929256177973, 5553310.898214883171022, 324.1 ], [ 294517.931446121248882, 5553322.894386598840356, 323.3 ], [ 294514.180458814371377, 5553350.091153093613684, 320.3 ], [ 294508.060501725063659, 5553369.69760591071099, 319.6 ], [ 294495.049274147488177, 5553400.034117072820663, 320.5 ], [ 294487.383271294354927, 5553422.260647984221578, 320.6 ], [ 294481.127322116866708, 5553445.768814398907125, 319.9 ], [ 294471.583787892363034, 5553484.321369014680386, 318.0 ], [ 294462.390288527007215, 5553511.505152913741767, 318.2 ], [ 294446.898900698521174, 5553555.519205113872886, 320.5 ], [ 294439.893185813911259, 5553570.706824393942952, 322.5 ], [ 294430.563480873417575, 5553607.358705179765821, 323.8 ], [ 294425.521537620457821, 5553640.06033006310463, 324.2 ], [ 294424.98903825628804, 5553667.133239506743848, 322.6 ], [ 294424.782298128353432, 5553678.496531031094491, 322.4 ], [ 294424.456558567471802, 5553694.206150081008673, 322.0 ], [ 294424.44641805649735, 5553716.249236671254039, 321.7 ], [ 294427.478030465077609, 5553757.768655430525541, 320.1 ], [ 294428.176042189763393, 5553775.888027271255851, 319.8 ], [ 294423.915159305324778, 5553787.964134848676622, 323.3 ], [ 294425.780688027152792, 5553797.355042683891952, 322.4 ], [ 294424.950199835700914, 5553812.972783908247948, 324.5 ], [ 294427.427954583894461, 5553819.668264176696539, 323.2 ], [ 294440.918734383420087, 5553859.448852168396115, 321.0 ], [ 294440.703839459223673, 5553865.023468305356801, 322.5 ], [ 294446.350270290800836, 5553874.046081543900073, 321.2 ], [ 294452.304093130922411, 5553883.613492719829082, 320.1 ], [ 294455.200933354091831, 5553888.177631134167314, 319.7 ], [ 294465.954652469896246, 5553905.24171332269907, 318.6 ], [ 294480.187808898859657, 5553936.42162180505693, 320.4 ], [ 294486.537971377372742, 5553941.409403262659907, 318.4 ], [ 294494.663597999024205, 5553953.45372267998755, 317.7 ], [ 294494.237164687248878, 5553957.255253911018372, 318.8 ], [ 294502.776347116334364, 5553965.164568170905113, 317.1 ], [ 294508.238050964311697, 5553974.973635763861239, 317.2 ], [ 294513.928806108306162, 5553981.434086509048939, 316.5 ], [ 294520.555046388646588, 5553984.296064700931311, 315.0 ], [ 294524.633012204838451, 5553987.924137845635414, 314.5 ], [ 294533.649445988587104, 5553998.932264545932412, 313.8 ], [ 294545.240561986865941, 5554017.300153947435319, 313.3 ], [ 294563.167481688666157, 5554038.429945120587945, 312.5 ], [ 294573.822671063651796, 5554047.371157106012106, 312.5 ], [ 294586.352630372566637, 5554054.7929692491889, 312.2 ], [ 294609.395187848829664, 5554065.595244904980063, 311.5 ], [ 294617.455498708179221, 5554068.513458996079862, 311.5 ], [ 294625.154034274397418, 5554071.334282735362649, 311.5 ], [ 294633.960485388990492, 5554076.895638993941247, 312.2 ], [ 294635.647708980541211, 5554077.943966585211456, 312.3 ], [ 294654.310387466684915, 5554086.577140614390373, 313.1 ], [ 294659.902460112585686, 5554090.481016673147678, 313.7 ], [ 294663.57816123648081, 5554096.685175329446793, 314.8 ], [ 294666.794325476163067, 5554107.69405993167311, 317.1 ], [ 294666.72222674114164, 5554113.263159958645701, 318.3 ], [ 294662.71229946258245, 5554116.979921875521541, 319.3 ], [ 294661.413155154790729, 5554124.154814584180713, 321.0 ], [ 294666.138669921667315, 5554127.869389897212386, 321.4 ], [ 294671.58097354095662, 5554127.882610873319209, 321.1 ], [ 294677.315374334109947, 5554124.322149309329689, 320.1 ], [ 294703.829179874854162, 5554098.810126612894237, 315.3 ], [ 294715.222319684573449, 5554091.580871026031673, 313.9 ], [ 294728.065614307997748, 5554082.959936201572418, 312.2 ], [ 294743.611139307962731, 5554077.574878010898829, 311.9 ], [ 294767.181504533975385, 5554072.326505912467837, 312.7 ], [ 294801.436878024833277, 5554063.772835946641862, 312.3 ], [ 294832.578318369924091, 5554052.444641370326281, 310.4 ], [ 294863.791378886671737, 5554041.113883396610618, 307.3 ], [ 294901.670966489939019, 5554057.91524291690439, 311.5 ], [ 294928.555424876278266, 5554066.233327889814973, 312.8 ], [ 294937.442465250380337, 5554066.448411680757999, 312.4 ], [ 294953.392905112588778, 5554069.73185511957854, 312.1 ], [ 294959.971782731299754, 5554071.371588246896863, 311.9 ], [ 294988.314797160157468, 5554078.520654708147049, 311.0 ], [ 294996.26174727792386, 5554082.223062479868531, 311.1 ], [ 295004.045443257433362, 5554087.267665980383754, 311.3 ], [ 295012.043615444214083, 5554092.304040248505771, 311.5 ], [ 295037.312172724399716, 5554107.030311301350594, 311.8 ], [ 295062.576317900384311, 5554121.645536516793072, 311.0 ], [ 295070.80167920072563, 5554127.007243916392326, 310.4 ], [ 295073.67651370173553, 5554131.015891683287919, 310.3 ], [ 295074.553713041357696, 5554135.212588207796216, 310.5 ], [ 295072.246709367143922, 5554145.988485166803002, 311.6 ], [ 295071.331215452752076, 5554155.709006011486053, 312.2 ], [ 295071.721901676733978, 5554169.609747489914298, 312.5 ], [ 295073.331271375063807, 5554189.141307719051838, 312.0 ], [ 295072.686795004061423, 5554194.732359233312309, 312.0 ], [ 295069.853747529326938, 5554204.860508610494435, 312.1 ], [ 295067.392005462490488, 5554209.742077498696744, 312.4 ], [ 295065.252583640569355, 5554219.286959581077099, 312.2 ], [ 295057.921728149754927, 5554226.025444651022553, 313.2 ], [ 295054.946732589858584, 5554230.592757198959589, 313.5 ], [ 295044.906536862894427, 5554235.765441615134478, 315.6 ], [ 295037.318542357068509, 5554241.400575431995094, 317.4 ], [ 295004.606637326767668, 5554277.057051930576563, 317.2 ], [ 295000.639337252243422, 5554281.885177800431848, 315.9 ], [ 294996.738152760488447, 5554284.706896940246224, 315.3 ], [ 294990.317582200863399, 5554287.180119036696851, 316.0 ], [ 294989.523718569194898, 5554288.880514190532267, 315.4 ], [ 294984.319680208805948, 5554293.199543969705701, 314.6 ], [ 294977.855287352285814, 5554292.668660473078489, 317.2 ], [ 294970.004847276490182, 5554295.196853128261864, 318.6 ], [ 294955.411708142608404, 5554302.993857149966061, 319.8 ], [ 294929.098132388317026, 5554318.811556333675981, 322.5 ], [ 294912.645437574246898, 5554332.246470802463591, 322.7 ], [ 294910.254251009784639, 5554335.232868352904916, 322.2 ], [ 294908.310270497575402, 5554340.539927472360432, 320.7 ], [ 294903.133958635327872, 5554341.852169834077358, 321.5 ], [ 294900.654195326729678, 5554344.396672355011106, 321.0 ], [ 294892.910697644052561, 5554349.704031060449779, 320.1 ], [ 294890.548636738734785, 5554359.034915994852781, 317.1 ], [ 294885.471795910503715, 5554364.79640372376889, 315.5 ], [ 294881.857863911311142, 5554369.499718354083598, 314.1 ], [ 294876.551420191419311, 5554371.150970564223826, 313.7 ], [ 294868.253917756548617, 5554371.358659196645021, 313.7 ], [ 294867.150818186346442, 5554376.188101949170232, 312.4 ], [ 294852.092955467524007, 5554386.786438926123083, 312.2 ], [ 294844.60989255097229, 5554391.415903091430664, 314.7 ], [ 294842.127079929516185, 5554395.74177492596209, 317.0 ], [ 294838.088524591526948, 5554400.572777704335749, 320.3 ], [ 294837.124171758885495, 5554405.285567392595112, 322.8 ], [ 294838.711014908680227, 5554407.451073831878603, 323.1 ], [ 294843.028582622180693, 5554411.738101989962161, 323.0 ], [ 294847.048522005905397, 5554417.595146415755153, 322.8 ], [ 294848.536289088486228, 5554422.770276046358049, 322.7 ], [ 294847.908024035394192, 5554426.913508661091328, 323.2 ], [ 294848.571318108588457, 5554438.577268761582673, 323.0 ], [ 294847.486527782981284, 5554445.743867391720414, 323.4 ], [ 294845.764510924869683, 5554449.372526820749044, 324.2 ], [ 294846.235458714771084, 5554456.033998087979853, 323.9 ], [ 294845.73191338928882, 5554457.834582486189902, 324.1 ], [ 294845.266090288758278, 5554466.201970912516117, 324.1 ], [ 294843.682792402803898, 5554469.71397112403065, 324.9 ], [ 294844.054252215952147, 5554471.926214152015746, 324.6 ], [ 294842.728179245721549, 5554476.541587144136429, 325.1 ], [ 294842.900340659485664, 5554482.880569058470428, 324.7 ], [ 294842.069263199926354, 5554485.473033572547138, 325.0 ], [ 294842.293465031660162, 5554487.579612855799496, 324.7 ], [ 294840.487152189598419, 5554490.877537850290537, 325.6 ], [ 294840.12350011873059, 5554494.453965492546558, 325.5 ], [ 294839.220934680488426, 5554497.049179759807885, 325.8 ], [ 294838.884111525374465, 5554503.185082299634814, 325.7 ], [ 294837.302010765532032, 5554508.589587870053947, 326.3 ], [ 294833.80809735879302, 5554536.889521937817335, 327.3 ], [ 294833.749430875701364, 5554537.225757176056504, 327.3 ], [ 294832.370104480884038, 5554577.690279422327876, 327.1 ], [ 294829.888335098454263, 5554596.933861881494522, 328.8 ], [ 294830.234614261891693, 5554605.937983063049614, 328.9 ], [ 294831.615488819079474, 5554608.334058503620327, 328.1 ], [ 294829.771224782103673, 5554618.090381873771548, 329.9 ], [ 294830.50250903563574, 5554624.073883876204491, 329.7 ], [ 294832.419663903245237, 5554636.691364074125886, 329.3 ], [ 294831.24518603796605, 5554641.523567550815642, 330.4 ], [ 294832.159581794345286, 5554657.853383548557758, 331.1 ], [ 294835.002286452159751, 5554677.782812483608723, 331.2 ], [ 294837.771363828680478, 5554680.90478619094938, 329.7 ], [ 294839.721509279159363, 5554692.519061616621912, 329.8 ], [ 294838.768873400229495, 5554695.67283680383116, 330.9 ], [ 294839.649302176316269, 5554698.088158865459263, 330.6 ], [ 294838.329957196256146, 5554706.59970461204648, 332.6 ], [ 294841.104480035370216, 5554711.725345067679882, 331.4 ], [ 294840.836810638080351, 5554714.07349347602576, 331.9 ], [ 294844.795736720552668, 5554736.965811965987086, 332.0 ], [ 294855.658068628050387, 5554777.404881676658988, 329.8 ], [ 294857.887472711270675, 5554785.111998072825372, 329.6 ], [ 294862.706796232494526, 5554798.731147033162415, 328.9 ], [ 294869.842881836404558, 5554818.606816624291241, 328.1 ], [ 294884.479294158751145, 5554849.215407668612897, 326.0 ], [ 294906.951492803986184, 5554882.528574290685356, 322.0 ], [ 294915.37796496914234, 5554895.007139348424971, 321.2 ], [ 294935.061483920260798, 5554920.968751886859536, 319.5 ], [ 294947.956452158628963, 5554937.951289073564112, 318.8 ], [ 294951.947180752060376, 5554944.922771285288036, 318.8 ], [ 294962.813663336564787, 5554959.422807160764933, 318.6 ], [ 294966.129930906696245, 5554963.748391431756318, 318.6 ], [ 294987.614900106447749, 5554986.30113796889782, 318.0 ], [ 295009.095420675934292, 5555008.742804716341197, 317.7 ], [ 295014.570114272763021, 5555015.21199337951839, 317.7 ], [ 295023.757980522466823, 5555028.88603188842535, 318.1 ], [ 295033.503980887820944, 5555047.770969589240849, 318.8 ], [ 295034.131383066414855, 5555049.194102472625673, 318.9 ], [ 295045.003083547053393, 5555073.156807654537261, 320.2 ], [ 295056.502088079112582, 5555098.542668404057622, 320.9 ], [ 295063.685038829338737, 5555114.075013262219727, 321.4 ], [ 295067.386633638525382, 5555130.297748600132763, 322.2 ], [ 295069.487026329268701, 5555155.154120299033821, 322.9 ], [ 295067.873253793630283, 5555170.913116042502224, 322.7 ], [ 295065.7364176918054, 5555176.784177170135081, 322.6 ], [ 295061.228979662526399, 5555184.304888512939215, 322.2 ], [ 295053.981616453034803, 5555187.589157495647669, 322.0 ], [ 295038.075226842076518, 5555189.090963774360716, 322.1 ], [ 295019.401252283190843, 5555189.363259080797434, 321.8 ], [ 294978.396842153859325, 5555186.040840810164809, 324.3 ], [ 294957.696862141718157, 5555187.615815336816013, 325.7 ], [ 294914.324594562873244, 5555197.187446327880025, 327.0 ], [ 294897.27998804836534, 5555200.737315420992672, 327.3 ], [ 294895.93037484458182, 5555201.011864621192217, 327.3 ], [ 294876.48412823129911, 5555203.54088744148612, 328.3 ], [ 294853.954257903620601, 5555217.09857726842165, 324.1 ], [ 294835.744653106725309, 5555220.136823695152998, 325.0 ], [ 294819.558513128198683, 5555231.112807487137616, 325.7 ], [ 294808.93031675129896, 5555233.970843156799674, 328.8 ], [ 294802.044841738592368, 5555237.352873057126999, 330.3 ], [ 294788.526248028734699, 5555250.675521639175713, 330.9 ], [ 294772.604834436147939, 5555261.084842337295413, 332.1 ], [ 294757.482039032271132, 5555277.36379646603018, 326.9 ], [ 294747.290289000666235, 5555291.560488547198474, 323.2 ], [ 294739.909530565957539, 5555302.531879764050245, 324.1 ], [ 294731.60258568089921, 5555311.757700515910983, 326.8 ], [ 294726.605172108742408, 5555321.412797896191478, 327.8 ], [ 294713.85962545115035, 5555358.529830956831574, 329.9 ], [ 294708.41579217731487, 5555373.323163378052413, 331.7 ], [ 294702.018842611927539, 5555383.811447280459106, 334.7 ], [ 294693.946464393287897, 5555410.283960115164518, 333.4 ], [ 294684.153609087108634, 5555429.252500627189875, 333.8 ], [ 294672.056733507721219, 5555460.889692666009068, 332.5 ], [ 294662.745569680002518, 5555483.068219070322812, 332.2 ], [ 294656.832487255975138, 5555506.117877330631018, 331.0 ], [ 294655.50476588064339, 5555519.973524959757924, 329.6 ], [ 294653.94250365300104, 5555535.174126288853586, 328.0 ], [ 294653.929216270218603, 5555558.998584050685167, 329.5 ], [ 294657.135830855753738, 5555593.943080912344158, 330.5 ], [ 294656.414638206420932, 5555621.691237151622772, 333.7 ], [ 294655.61771163425874, 5555649.330984676256776, 336.5 ], [ 294663.082485147635452, 5555688.898589043878019, 336.4 ], [ 294667.261028871289454, 5555724.918938932009041, 337.7 ], [ 294670.179528288776055, 5555750.523078775964677, 331.7 ], [ 294672.072970825072844, 5555758.799693500623107, 328.8 ], [ 294673.456242388347164, 5555764.980740357190371, 326.6 ], [ 294675.396755621186458, 5555774.48013914655894, 325.7 ], [ 294682.729089029249735, 5555786.443795625120401, 325.1 ], [ 294686.48383728263434, 5555792.867524058558047, 324.7 ], [ 294692.305328421993181, 5555802.774147448129952, 323.9 ], [ 294704.933043207158335, 5555823.99674997664988, 322.5 ], [ 294717.665100160986185, 5555844.213418641127646, 321.9 ], [ 294727.821014273562469, 5555866.310502851381898, 322.5 ], [ 294728.141138936742209, 5555867.188795040361583, 322.5 ], [ 294738.612818006193265, 5555890.053028150461614, 322.0 ], [ 294753.850704795098864, 5555923.309878022409976, 320.0 ], [ 294769.088420940446667, 5555956.56676775496453, 319.5 ], [ 294778.285611543571576, 5555985.380429550074041, 319.2 ], [ 294786.493180773570202, 5556018.239950194954872, 319.0 ], [ 294786.898327969247475, 5556026.907847469672561, 319.6 ], [ 294785.107492256327532, 5556039.890672060661018, 321.5 ], [ 294785.47539649711689, 5556049.450617191381752, 322.5 ], [ 294789.684575438674074, 5556069.550107453018427, 323.8 ], [ 294804.788076765078586, 5556110.493779479525983, 324.4 ], [ 294816.543722169473767, 5556136.982498592697084, 324.2 ], [ 294823.492303873645142, 5556148.293109815567732, 323.4 ], [ 294837.078957348014228, 5556159.125666804611683, 319.5 ], [ 294845.996196011372376, 5556165.796161890029907, 317.4 ], [ 294850.536683548125438, 5556172.189749708399177, 316.4 ], [ 294861.054983365291264, 5556190.710628039203584, 321.3 ], [ 294868.000947784050368, 5556198.236280242912471, 324.5 ], [ 294878.810482195345685, 5556205.724640344269574, 326.4 ], [ 294925.012787041778211, 5556223.42967416997999, 325.6 ], [ 294966.086832324159332, 5556236.211256617680192, 325.5 ], [ 295007.236405712435953, 5556249.101564870215952, 324.6 ], [ 295048.729115739581175, 5556259.752458333037794, 323.6 ], [ 295074.027985497494228, 5556264.346423060633242, 322.1 ], [ 295112.63492844637949, 5556272.548197536729276, 321.4 ], [ 295113.791227113688365, 5556272.837745631113648, 321.3 ], [ 295130.085030243732035, 5556277.777997080236673, 321.8 ], [ 295157.997253320994787, 5556287.058971223421395, 321.8 ], [ 295183.409134530927986, 5556298.328675588592887, 321.5 ], [ 295226.618626668408979, 5556320.15890771895647, 319.3 ], [ 295253.745656745624729, 5556346.28077089227736, 320.2 ], [ 295269.824905390036292, 5556366.14737540949136, 320.1 ], [ 295282.141939562396146, 5556386.826427303254604, 320.3 ], [ 295293.412503753090277, 5556408.213636475615203, 319.8 ], [ 295297.610991200432181, 5556420.632302693091333, 319.8 ], [ 295305.085378236311954, 5556456.860331146977842, 322.9 ], [ 295312.488224165746942, 5556493.091112626716495, 325.4 ], [ 295317.831072737346403, 5556499.899548506364226, 323.7 ], [ 295324.541350166662596, 5556508.770692211575806, 321.9 ], [ 295332.569105054717511, 5556550.098505702801049, 321.3 ], [ 295340.59676836791914, 5556591.426330149173737, 320.8 ], [ 295342.30447657982586, 5556600.489522107876837, 320.7 ], [ 295348.835461551090702, 5556619.609575491398573, 319.5 ], [ 295353.429419422405772, 5556633.015026703476906, 318.6 ], [ 295365.832016455184203, 5556657.810004264116287, 316.4 ], [ 295378.305970802670345, 5556682.602265619672835, 315.0 ], [ 295384.665032462042291, 5556710.301061043515801, 314.7 ], [ 295384.149873651214875, 5556728.578317428939044, 314.9 ], [ 295382.480673331418075, 5556742.892126617021859, 315.2 ], [ 295377.072066164808348, 5556767.925444776192307, 315.7 ], [ 295369.384306674357504, 5556806.294068133458495, 316.6 ], [ 295370.544849573227111, 5556829.07138641551137, 317.3 ], [ 295377.381699519581161, 5556861.761510699987411, 317.8 ], [ 295390.886608394561335, 5556896.644886126741767, 317.4 ], [ 295394.794496360002086, 5556908.963428627699614, 317.3 ], [ 295398.280021032260265, 5556925.194598667323589, 317.4 ], [ 295404.19196407252457, 5556972.94927364308387, 317.3 ], [ 295404.254901439533569, 5556980.183058352209628, 317.1 ], [ 295404.376498685684055, 5556987.080613344907761, 316.8 ], [ 295403.957383142434992, 5557004.12960150372237, 316.4 ], [ 295400.842120907618664, 5557032.971317423507571, 316.1 ], [ 295399.016328005702235, 5557059.982328364625573, 316.4 ], [ 295399.135823751683347, 5557070.553729422390461, 316.6 ], [ 295399.267045858432539, 5557079.566113985143602, 316.8 ], [ 295400.308023857185617, 5557091.772040319629014, 317.1 ], [ 295399.788680580561049, 5557102.479287755675614, 317.3 ], [ 295396.449402762227692, 5557099.378996302373707, 317.3 ], [ 295370.038088841480203, 5557089.928122970275581, 317.9 ], [ 295361.794789136736654, 5557074.658892594277859, 317.8 ] ] ] } },
{ "type": "Feature", "properties": { "name": "Nat'Our Route 5 - Vianden-Falkenstein", "km": 12.235, "darstell": "F1", "height": 567, "link": "https://www.naturpark-suedeifel.de/a-natour-route-5-vianden-falkenstein", "erlebnis": 91, "datum": null }, "geometry": { "type": "MultiLineString", "coordinates": [ [ [ 299369.696549731539562, 5535527.239338821731508, 206.22987 ], [ 299384.864115964388475, 5535569.751710550859571, 203.79967 ], [ 299375.093164092628285, 5535579.35616653226316, 206.29893 ], [ 299330.405747092911042, 5535492.864376937970519, 218.73557 ], [ 299318.203864467446692, 5535458.589949489571154, 222.05805 ], [ 299299.216060651349835, 5535386.944423203356564, 229.2941 ], [ 299270.927217187010683, 5535343.25315757561475, 245.04454 ], [ 299228.661207863478921, 5535267.803093142807484, 274.41832 ], [ 299210.587267947674263, 5535249.44407004956156, 280.53861 ], [ 299198.23318160494091, 5535243.783810119144619, 278.36945 ], [ 299218.31354713847395, 5535304.256588116288185, 281.06438 ], [ 299231.943047312786803, 5535330.573993355035782, 275.69002 ], [ 299240.50444703840185, 5535355.8565016342327, 272.97406 ], [ 299236.554239297634922, 5535355.892931795679033, 276.35404 ], [ 299219.205481959797908, 5535324.260143661871552, 284.18613 ], [ 299215.816750298603438, 5535323.941636698320508, 286.47567 ], [ 299216.14010066044284, 5535326.823763201013207, 286.8833 ], [ 299228.191052428155672, 5535360.881023693829775, 284.37145 ], [ 299225.854564736946486, 5535365.643699652515352, 287.23397 ], [ 299189.855877705733292, 5535319.458296101540327, 300.85018 ], [ 299177.233659923193045, 5535310.468635332770646, 304.96235 ], [ 299169.329013570328243, 5535310.43042922206223, 309.05756 ], [ 299168.365102852578275, 5535313.472033144906163, 310.83349 ], [ 299175.196631441125646, 5535323.234902270138264, 310.94745 ], [ 299153.966853005927987, 5535326.14423602912575, 322.81642 ], [ 299169.663770860992372, 5535346.261747488752007, 322.50428 ], [ 299150.833943702338729, 5535344.183388537727296, 331.48083 ], [ 299163.369832687138114, 5535364.30784566141665, 331.67245 ], [ 299146.624866728903726, 5535362.262814258225262, 339.33322 ], [ 299147.13646806019824, 5535368.254751799628139, 340.91757 ], [ 299158.51814467163058, 5535384.414998990483582, 339.60707 ], [ 299137.153443159302697, 5535387.552096503786743, 350.2367 ], [ 299153.807901950669475, 5535400.620795928873122, 345.61458 ], [ 299150.619902692968026, 5535403.745627721771598, 347.94092 ], [ 299152.272169770556502, 5535415.260699275881052, 348.88295 ], [ 299142.683465260546654, 5535462.372371044941247, 358.04495 ], [ 299131.355868740705773, 5535557.081244730390608, 363.0563 ], [ 299116.811158946540672, 5535600.371094055473804, 363.4342 ], [ 299103.623270310112275, 5535624.241154192015529, 363.33373 ], [ 299087.523042690940201, 5535641.318653658032417, 363.20751 ], [ 299057.366762166901026, 5535664.822216475382447, 362.96302 ], [ 299054.498260872904211, 5535670.718071261420846, 362.32208 ], [ 299054.925157383317128, 5535693.633289813064039, 358.62026 ], [ 299066.904825533914845, 5535727.692895857617259, 352.75468 ], [ 299067.92207277205307, 5535743.350439239293337, 352.96571 ], [ 299049.501958519220352, 5535840.440220787189901, 356.37122 ], [ 299029.104964353435207, 5535901.982844705693424, 356.32723 ], [ 299015.192905340343714, 5535933.338540074415505, 358.14151 ], [ 298989.895787908812054, 5535973.358140246942639, 360.94827 ], [ 298931.908451752329711, 5536013.266793916001916, 365.24938 ], [ 298938.278217650600709, 5536026.052199836820364, 363.22815 ], [ 298911.886217847873922, 5536029.156087999232113, 368.57334 ], [ 298905.364588407683186, 5536033.407868408598006, 370.25665 ], [ 298901.63471430435311, 5536041.228495384566486, 371.43046 ], [ 298900.096371376072057, 5536080.692289689555764, 373.51309 ], [ 298891.843790154031012, 5536165.268389138393104, 373.06453 ], [ 298889.255311493179761, 5536169.038852249272168, 372.43355 ], [ 298899.306206625769846, 5536178.458066112361848, 367.31589 ], [ 298904.959462913335301, 5536189.377894752658904, 360.5577 ], [ 298894.157503487716895, 5536188.669532233849168, 363.96995 ], [ 298898.841628765047062, 5536196.731436562724411, 358.5117 ], [ 298897.030668351915665, 5536198.246422278694808, 358.13071 ], [ 298909.249729541363195, 5536200.34880399517715, 353.08017 ], [ 298903.198061293107457, 5536201.800070009194314, 354.16594 ], [ 298888.710412387968972, 5536213.919962096959352, 350.6242 ], [ 298914.626659576664679, 5536215.397717677056789, 340.39994 ], [ 298905.62878985516727, 5536218.740454322658479, 341.56029 ], [ 298896.261179939727299, 5536227.551588500849903, 338.70646 ], [ 298891.739661757368594, 5536241.079062258824706, 330.50553 ], [ 298906.448019170202315, 5536234.850694553926587, 328.8968 ], [ 298906.386523201712407, 5536248.544969574548304, 318.28703 ], [ 298926.113056837697513, 5536240.124901090748608, 315.47195 ], [ 298926.257917459122837, 5536245.907947019673884, 310.73854 ], [ 298932.258630737778731, 5536245.015197307802737, 308.72675 ], [ 298922.139439667982515, 5536254.856300112791359, 305.62873 ], [ 298937.986281553108711, 5536250.255109312944114, 302.18652 ], [ 298942.591160134528764, 5536256.204995396547019, 295.86802 ], [ 298926.842452430981211, 5536267.258871429599822, 294.44525 ], [ 298919.394624433363788, 5536285.126012856140733, 286.0662 ], [ 298901.645429210911971, 5536306.050818989984691, 280.51098 ], [ 298876.023066848982126, 5536308.56954612582922, 287.84756 ], [ 298853.555528305354528, 5536305.181656793691218, 290.94498 ], [ 298742.232894077722449, 5536254.031183275394142, 269.16115 ], [ 298685.782051228859928, 5536237.113457625731826, 253.7731 ], [ 298638.202537310542539, 5536205.837439762428403, 259.35126 ], [ 298633.538925429689698, 5536207.904831745661795, 259.10681 ], [ 298621.03182078251848, 5536188.559713588096201, 264.29519 ], [ 298618.332140135229565, 5536235.302935098297894, 257.60291 ], [ 298617.398771043634042, 5536237.23035541921854, 257.70821 ], [ 298615.256701744685415, 5536233.748593233525753, 258.88912 ], [ 298614.639474797004368, 5536236.443370198830962, 258.83858 ], [ 298619.776351672015153, 5536271.872100210748613, 251.67313 ], [ 298614.604260744410567, 5536298.671020084060729, 247.79183 ], [ 298607.104879223858006, 5536311.308687995187938, 247.03362 ], [ 298600.829045012360439, 5536314.438479461707175, 248.0052 ], [ 298593.516519890981726, 5536324.397542630322278, 246.12603 ], [ 298565.181931508879643, 5536335.034411257132888, 247.03263 ], [ 298573.116126385633834, 5536341.638245822861791, 242.6391 ], [ 298563.214534354628995, 5536347.687122067436576, 245.53503 ], [ 298580.958680639334489, 5536355.36983718816191, 243.50935 ], [ 298618.607260534190573, 5536380.450275565497577, 244.77907 ], [ 298672.809894107514992, 5536421.718716244213283, 250.55076 ], [ 298758.728422070387751, 5536492.744212522171438, 246.14757 ], [ 298799.786315986362752, 5536532.169159270823002, 243.94241 ], [ 298809.704935361980461, 5536543.819480023346841, 242.80671 ], [ 298812.814159979927354, 5536553.944063184782863, 244.21433 ], [ 298816.928538702428341, 5536598.539237544871867, 255.96942 ], [ 298835.827911056927405, 5536623.656175618059933, 246.52348 ], [ 298847.321944848052226, 5536631.351391302421689, 240.05567 ], [ 298852.859756563149858, 5536644.947087407112122, 236.41522 ], [ 298855.370650682074483, 5536662.10709001403302, 234.39073 ], [ 298853.29505827522371, 5536679.550354332663119, 234.24436 ], [ 298857.295830903982278, 5536686.635972884483635, 232.95673 ], [ 298867.647719328524545, 5536700.273840799927711, 230.40263 ], [ 298874.507765381946228, 5536701.241167619824409, 229.03799 ], [ 298875.668495625024661, 5536682.385087992064655, 228.90609 ], [ 298869.623855233076029, 5536634.188794109970331, 231.39986 ], [ 298884.767675856593996, 5536641.524636150337756, 227.05002 ], [ 298901.096173439582344, 5536686.218606175854802, 224.68848 ], [ 298895.910387440701015, 5536802.739198759198189, 225.56114 ], [ 298901.346431794343516, 5536834.706044984050095, 224.42278 ], [ 298896.617841419472825, 5536877.183740446344018, 224.14797 ], [ 298887.342285843158606, 5536890.332888340577483, 225.28498 ], [ 298874.662878066184931, 5536946.800665942020714, 225.28039 ], [ 298798.144515636318829, 5537147.257753199897707, 226.52803 ], [ 298779.383926654234529, 5537192.822246873751283, 224.40995 ], [ 298726.657459933310747, 5537297.88006869982928, 221.38005 ], [ 298692.640055836760439, 5537390.436768386512995, 220.02401 ], [ 298679.58095574087929, 5537415.639328453689814, 220.09412 ], [ 298647.530350918415934, 5537459.142938113771379, 222.0064 ], [ 298637.009161278838292, 5537479.241076636128128, 222.64518 ], [ 298597.833339387201704, 5537629.432086476124823, 225.95231 ], [ 298602.616284198418725, 5537684.132047768682241, 224.88109 ], [ 298623.192770140885841, 5537729.110980003140867, 223.69225 ], [ 298651.063095404533669, 5537803.87188337277621, 223.70109 ], [ 298680.554823974729516, 5537914.193631442263722, 223.74725 ], [ 298689.484501396422274, 5537966.511625830084085, 223.74091 ], [ 298690.135265619726852, 5538035.504055924713612, 223.62122 ], [ 298680.146473691915162, 5538108.012773212045431, 223.78186 ], [ 298672.41577367723221, 5538125.891156062483788, 224.43736 ], [ 298674.580579542962369, 5538154.863772141747177, 223.14888 ], [ 298670.976823393255472, 5538179.377609089016914, 222.76585 ], [ 298664.21870017843321, 5538202.117476544342935, 222.84012 ], [ 298643.954515878169332, 5538245.735579428263009, 222.76607 ], [ 298635.564361538155936, 5538257.516331208869815, 223.7986 ], [ 298633.130152209778316, 5538269.184769184328616, 223.55092 ], [ 298633.556972707970999, 5538267.165024609304965, 223.59345 ], [ 298635.189230999676511, 5538278.124181024730206, 222.29619 ], [ 298729.699995818082243, 5538314.761818311177194, 223.50429 ], [ 298735.919465480255894, 5538319.760314827784896, 226.34423 ], [ 298710.851415108132642, 5538403.744108815677464, 226.80579 ], [ 298705.942921500711236, 5538452.796780284494162, 226.26528 ], [ 298709.311753489542753, 5538487.0674564903602, 226.09346 ], [ 298728.092492620286066, 5538511.074997304938734, 233.10223 ], [ 298762.908956920611672, 5538535.705263577401638, 243.12473 ], [ 298781.411615692428313, 5538558.053640137426555, 242.39384 ], [ 298834.111009236541577, 5538651.698022454045713, 237.4566 ], [ 298843.970541955786757, 5538684.83468786533922, 236.60288 ], [ 298845.343228798476048, 5538709.940937462262809, 236.9175 ], [ 298852.521978257456794, 5538729.040866086259484, 239.9698 ], [ 298880.647627681493759, 5538772.512796774506569, 254.26115 ], [ 298912.496231148135848, 5538808.053003933280706, 276.21807 ], [ 298927.981013491516933, 5538832.296059815213084, 287.98598 ], [ 298957.879634457582142, 5538898.187946111895144, 306.32488 ], [ 298962.415757288574241, 5538921.505820230580866, 308.39481 ], [ 298960.263813200639561, 5538971.34537239279598, 304.96853 ], [ 298962.953264803043567, 5538993.285365594550967, 306.28816 ], [ 298985.933770162519068, 5539041.292033377103508, 317.68852 ], [ 298989.871015394222923, 5539083.111056722700596, 320.73618 ], [ 299004.875202033203095, 5539132.863965688273311, 331.1883 ], [ 299006.149685765034519, 5539159.198396253399551, 334.30518 ], [ 299000.617408026359044, 5539166.752754347398877, 333.83702 ], [ 298993.671281927381642, 5539167.235817143693566, 332.33263 ], [ 298925.299918993958272, 5539090.096420163288713, 310.65783 ], [ 298890.437674485612661, 5539073.704562923870981, 311.79946 ], [ 298886.009154620114714, 5539074.315954432822764, 312.76075 ], [ 298884.139253260102123, 5539078.059576142579317, 313.46611 ], [ 298890.208575668686535, 5539086.737302762456238, 313.09029 ], [ 298933.257555808755569, 5539120.410269556567073, 315.68576 ], [ 298964.033533659472596, 5539154.209802787750959, 324.42597 ], [ 298999.416625444428064, 5539220.898015243932605, 341.63758 ], [ 299043.228492915048264, 5539242.409568129107356, 351.39826 ], [ 299136.207022048300132, 5539267.422291105613112, 375.22298 ], [ 299121.05145185010042, 5539228.917814713902771, 372.82551 ], [ 299114.814785013790242, 5539200.431664519011974, 374.15418 ], [ 299133.894294230383821, 5539217.193569245748222, 382.8444 ], [ 299152.484636620501988, 5539224.734535489231348, 392.16655 ], [ 299132.812887994397897, 5539167.252667835913599, 393.46848 ], [ 299151.44651288469322, 5539181.693683350458741, 402.54818 ], [ 299138.991532640589867, 5539130.954409913159907, 403.67347 ], [ 299140.468310430645943, 5539120.546585058793426, 405.89175 ], [ 299145.21217181958491, 5539113.021924514323473, 409.89258 ], [ 299188.11663858871907, 5539127.555689836852252, 435.06454 ], [ 299195.132017934869509, 5539088.665892269462347, 443.33891 ], [ 299192.427963060210459, 5538985.798874475993216, 440.34889 ], [ 299195.345319460437167, 5538962.09039165917784, 433.64303 ], [ 299218.70412522717379, 5538956.985534192994237, 430.24091 ], [ 299309.073320584488101, 5538962.062167846597731, 430.62458 ], [ 299332.488228898611851, 5538954.618057063780725, 431.85719 ], [ 299348.634499882115051, 5538942.882081164978445, 433.23167 ], [ 299364.016653389087878, 5538916.480931528843939, 433.66136 ], [ 299372.092570131761022, 5538877.106526574119925, 434.50613 ], [ 299365.107526930572931, 5538838.184388355351985, 434.78749 ], [ 299367.680540873436257, 5538805.249650648795068, 440.88605 ], [ 299348.462510141078383, 5538761.776031866669655, 429.04191 ], [ 299378.329458966385573, 5538669.601315313018858, 429.35144 ], [ 299398.182747690589167, 5538620.658389804884791, 430.52863 ], [ 299409.01733048458118, 5538566.709734768606722, 432.7025 ], [ 299404.370984890905675, 5538555.751880884170532, 432.96651 ], [ 299389.321423802757636, 5538548.856677033938468, 432.55417 ], [ 299334.831828559341375, 5538549.114455884322524, 428.02731 ], [ 299311.632886080013122, 5538543.192337341606617, 426.95874 ], [ 299215.963263621320948, 5538479.204394984059036, 427.24478 ], [ 299211.41446384950541, 5538474.69940922036767, 426.28157 ], [ 299213.348783920053393, 5538461.157632300630212, 424.89174 ], [ 299194.979450954240747, 5538453.830662176012993, 421.39208 ], [ 299181.308451973833144, 5538430.075522528029978, 413.7368 ], [ 299183.74008536117617, 5538408.722921768203378, 407.1046 ], [ 299190.005860172037501, 5538395.798148815520108, 402.93243 ], [ 299320.309207319980487, 5538372.107677455991507, 401.99401 ], [ 299372.28545443364419, 5538358.363260933198035, 404.31363 ], [ 299429.37058852869086, 5538319.938623756170273, 409.92647 ], [ 299467.038419595104642, 5538301.83242423273623, 416.07784 ], [ 299509.107343574636616, 5538318.849291321821511, 426.79381 ], [ 299521.663258627522737, 5538320.494890823028982, 428.05571 ], [ 299536.629801921080798, 5538273.29379478096962, 425.10614 ], [ 299538.356455855653621, 5538240.72484712023288, 426.20245 ], [ 299533.712300442275591, 5538225.982046355493367, 426.86261 ], [ 299444.278961418196559, 5538115.671729755587876, 422.41782 ], [ 299444.665569508564658, 5538110.648027567192912, 422.75102 ], [ 299509.139240375778172, 5538058.478869006037712, 422.8189 ], [ 299536.586021690629423, 5538030.069035279564559, 420.99842 ], [ 299544.329991149308626, 5538016.310299936681986, 420.9026 ], [ 299547.836747959139757, 5538006.383387836627662, 421.17452 ], [ 299546.436261446622666, 5537984.283772996626794, 421.31247 ], [ 299540.186644597735722, 5537951.567713640630245, 421.06274 ], [ 299531.278243546723388, 5537928.412931311875582, 416.68554 ], [ 299544.46599769522436, 5537925.805001269094646, 414.27981 ], [ 299607.616528019309044, 5537941.923577456735075, 414.4805 ], [ 299633.696580712799914, 5537944.177352156490088, 415.78346 ], [ 299679.476888133795001, 5537937.457996073178947, 416.85055 ], [ 299685.447826720890589, 5537933.895494817756116, 416.32081 ], [ 299688.431033196975477, 5537925.324044466949999, 414.80512 ], [ 299682.551771645550616, 5537902.501181899569929, 411.96174 ], [ 299682.411734671040904, 5537833.379068552516401, 414.94033 ], [ 299673.118063108064234, 5537792.205252984538674, 418.27114 ], [ 299612.981921466183849, 5537676.122530234977603, 426.46602 ], [ 299592.231309904891532, 5537647.399008776061237, 428.95765 ], [ 299492.556053526583128, 5537538.026734821498394, 430.56088 ], [ 299454.285738948034123, 5537492.147979760542512, 427.69889 ], [ 299435.899269743240438, 5537465.228963894769549, 428.49676 ], [ 299382.63267797062872, 5537362.13814954739064, 427.37854 ], [ 299372.964103806181811, 5537330.217980672605336, 427.81702 ], [ 299373.009863777086139, 5537316.079078897833824, 428.185 ], [ 299375.785156327066943, 5537301.949409391731024, 427.82353 ], [ 299382.940588431316428, 5537293.555702465586364, 426.75659 ], [ 299366.437632196466438, 5537284.377062589861453, 426.04654 ], [ 299320.2514003784745, 5537243.915727741084993, 413.29564 ], [ 299263.919460090342909, 5537201.051471185870469, 400.33125 ], [ 299201.474365579080768, 5537148.398067800328135, 385.721 ], [ 299194.316365677863359, 5537137.534334069117904, 381.48756 ], [ 299182.529726872220635, 5537095.118624374270439, 365.04263 ], [ 299186.322511747421231, 5537087.073166817426682, 361.37771 ], [ 299183.994843991124071, 5537076.696532251313329, 356.66835 ], [ 299166.943539058789611, 5537049.060402958653867, 344.50442 ], [ 299166.384933859982993, 5537036.057264481671154, 338.34486 ], [ 299161.107472684350796, 5537035.141665356233716, 338.21128 ], [ 299149.195637367316522, 5537022.006981095299125, 331.94129 ], [ 299140.54241691326024, 5537005.744765197858214, 325.06473 ], [ 299145.242664689198136, 5536996.997404711320996, 321.58778 ], [ 299142.744527461996768, 5536989.744031797163188, 318.70957 ], [ 299144.966489387617912, 5536976.191524434834719, 312.53366 ], [ 299137.574843557551503, 5536951.422009470872581, 302.71996 ], [ 299137.484963026654441, 5536937.510788952000439, 296.81176 ], [ 299125.505311598884873, 5536924.489997965283692, 294.43744 ], [ 299123.467298596398905, 5536908.425384315662086, 289.55607 ], [ 299137.34424240043154, 5536801.375771784223616, 251.3274 ], [ 299134.824973283626605, 5536785.885757647454739, 247.55085 ], [ 299117.937875715026166, 5536756.907777267508209, 244.70291 ], [ 299075.634533380507492, 5536718.640451077371836, 248.28956 ], [ 299090.580905036418699, 5536714.963881666772068, 241.29611 ], [ 299097.566713513340801, 5536717.373896742239594, 239.95922 ], [ 299111.606577934173401, 5536712.506847434677184, 235.39813 ], [ 299127.970173086156137, 5536717.905286173336208, 235.51824 ], [ 299140.606819349806756, 5536717.76614779792726, 236.95337 ], [ 299159.484019994153641, 5536725.074278004467487, 241.7479 ], [ 299171.727107202284969, 5536743.205865141004324, 246.25463 ], [ 299184.195269199030008, 5536742.405232480727136, 250.51356 ], [ 299189.045637282601092, 5536737.65971177443862, 251.93988 ], [ 299188.676678655319847, 5536741.235651416704059, 252.03409 ], [ 299189.045637282601092, 5536737.65971177443862, 251.93988 ], [ 299186.404688286362216, 5536713.157595057040453, 251.24528 ], [ 299179.160616586217657, 5536688.493818354792893, 251.14846 ], [ 299135.058425756520592, 5536636.712724762968719, 239.23584 ], [ 299083.469846372259781, 5536594.117605802603066, 234.11465 ], [ 299028.56551369704539, 5536556.990328770130873, 227.39139 ], [ 299016.231092930887826, 5536517.266987547278404, 224.66564 ], [ 299069.574737128685229, 5536455.158135728910565, 225.76203 ], [ 299112.354305568384007, 5536433.185412692837417, 226.31565 ], [ 299166.839202847797424, 5536418.789722139947116, 226.21288 ], [ 299320.58735648158472, 5536404.132109173573554, 223.97735 ], [ 299366.47030901996186, 5536388.279146953485906, 231.64428 ], [ 299394.729128466919065, 5536371.749651589430869, 235.35495 ], [ 299434.215479463280644, 5536334.652420883066952, 229.26986 ], [ 299466.675003133830614, 5536286.352552534081042, 222.5966 ], [ 299500.025735249160789, 5536223.43722009472549, 229.4695 ], [ 299541.007165769289713, 5536124.393354386091232, 232.45179 ], [ 299556.872995100682601, 5536076.046169524081051, 234.39094 ], [ 299553.426150466897525, 5536047.232770664617419, 226.44752 ], [ 299558.071533383801579, 5536027.356339919380844, 227.01117 ], [ 299567.42276914184913, 5536019.994170639663935, 233.58232 ], [ 299580.563189116830472, 5535971.74889031611383, 234.05339 ], [ 299592.735955091076903, 5535878.3455601464957, 228.51728 ], [ 299592.120879246969707, 5535842.636142251081765, 229.87284 ], [ 299589.004572103731334, 5535832.288823325186968, 228.23591 ], [ 299542.787017778609879, 5535841.25043941475451, 227.61453 ], [ 299459.14753872458823, 5535850.386200212873518, 225.30641 ], [ 299456.936417913180776, 5535843.121966252103448, 224.02258 ], [ 299459.807842988753691, 5535825.760687506757677, 216.84928 ], [ 299450.170354007394053, 5535788.941265266388655, 211.36087 ], [ 299435.021298260660842, 5535773.811814546585083, 212.38562 ], [ 299421.810776485595852, 5535770.186821612529457, 215.74843 ], [ 299415.640257754770573, 5535764.629000877961516, 217.02291 ], [ 299415.890235440456308, 5535727.106148812919855, 211.81652 ], [ 299420.627862885943614, 5535686.632683593779802, 206.82599 ], [ 299427.837066655629314, 5535669.999809544533491, 204.72282 ], [ 299420.647861976001877, 5535631.419187285937369, 203.24339 ], [ 299401.353955665894318, 5535588.059113067574799, 202.67815 ], [ 299386.75664674420841, 5535537.733267335221171, 202.90708 ], [ 299381.410490683396347, 5535529.250440014526248, 203.46159 ], [ 299369.920092136366293, 5535527.453614984638989, 206.16785 ] ] ] } },
{ "type": "Feature", "properties": { "name": "Devon-Pfad", "km": 15.872, "darstell": "F1", "height": 391, "link": "https://www.naturpark-suedeifel.de/a-devon-pfad", "erlebnis": 72, "datum": null }, "geometry": { "type": "MultiLineString", "coordinates": [ [ [ 311868.24824218521826, 5552585.198109070770442, 471.5 ], [ 311867.613464861642569, 5552583.439619557932019, 471.4 ], [ 311872.519338409649208, 5552584.491063578985631, 471.9 ], [ 311885.865480930078775, 5552589.363310004584491, 473.2 ], [ 311893.833580955630168, 5552591.97641746327281, 473.7 ], [ 311926.034141787211411, 5552597.520033895038068, 475.0 ], [ 311958.230708864051849, 5552602.952677092514932, 476.2 ], [ 311960.459302423638292, 5552603.208082533441484, 476.2 ], [ 311960.463218390126713, 5552603.319248306564987, 476.2 ], [ 312000.446579249633942, 5552608.255238850601017, 477.7 ], [ 312011.367155163665302, 5552609.317586492747068, 478.1 ], [ 312038.992853339179419, 5552611.016053444705904, 479.1 ], [ 312066.547014512820169, 5552612.717180517502129, 479.8 ], [ 312073.213190558599308, 5552612.9277055375278, 480.0 ], [ 312101.733941079466604, 5552619.714946618303657, 481.5 ], [ 312119.636884388513863, 5552623.870842835865915, 482.7 ], [ 312147.530649050197098, 5552629.122140185907483, 483.9 ], [ 312179.755209371738601, 5552633.330768417567015, 484.8 ], [ 312203.483905913890339, 5552634.165463049896061, 486.0 ], [ 312241.553290410898626, 5552629.487170557491481, 488.9 ], [ 312279.618816262984183, 5552624.697985222563148, 492.0 ], [ 312289.22862129175337, 5552625.139170492999256, 492.1 ], [ 312307.139181358448695, 5552629.518022921867669, 491.7 ], [ 312326.907825137022883, 5552635.835065440274775, 491.4 ], [ 312336.317539160139859, 5552638.732040398754179, 491.3 ], [ 312347.395431544282474, 5552642.238206802867353, 491.1 ], [ 312365.005764997680672, 5552650.300807566381991, 490.7 ], [ 312386.415446682367474, 5552662.570750230923295, 489.8 ], [ 312405.980206125241239, 5552677.354280175641179, 488.9 ], [ 312442.489686826360412, 5552709.796175572089851, 487.7 ], [ 312480.566281252016779, 5552731.832053329795599, 487.9 ], [ 312487.428736881818622, 5552735.597888120450079, 488.1 ], [ 312513.19738630449865, 5552751.722087549977005, 488.9 ], [ 312535.539828166714869, 5552764.071125025860965, 489.3 ], [ 312553.358840766362846, 5552774.019129143096507, 489.4 ], [ 312557.957576482440345, 5552776.528908454813063, 489.5 ], [ 312581.489531091414392, 5552792.175444264896214, 489.0 ], [ 312601.410810798697639, 5552806.947113825939596, 488.4 ], [ 312623.663273597951047, 5552828.983009959571064, 487.8 ], [ 312644.862452527042478, 5552851.61247449927032, 487.3 ], [ 312658.267011213407386, 5552862.272268789820373, 487.1 ], [ 312674.563019997964147, 5552873.721038646996021, 486.8 ], [ 312693.373411105538253, 5552885.415526806376874, 486.3 ], [ 312718.579052786284592, 5552903.897757113911211, 485.0 ], [ 312742.740511157666333, 5552927.314053984358907, 483.4 ], [ 312766.901761405402794, 5552950.730455739423633, 482.0 ], [ 312772.944648753269576, 5552955.638407399877906, 481.8 ], [ 312782.15197114739567, 5552962.995330893434584, 481.5 ], [ 312788.02974391693715, 5552965.237823166884482, 481.3 ], [ 312789.688658085011411, 5552967.628297185525298, 481.4 ], [ 312789.550802787009161, 5552971.862637802958488, 481.7 ], [ 312787.943838371022139, 5552975.035480415448546, 481.9 ], [ 312785.523016805236693, 5552977.457751051522791, 482.0 ], [ 312781.948987949173898, 5552981.701318124309182, 482.0 ], [ 312762.04822637909092, 5552991.971451725810766, 480.2 ], [ 312784.29665714839939, 5553018.014980459585786, 482.2 ], [ 312805.651728099095635, 5553043.088198012672365, 483.7 ], [ 312806.544877984561026, 5553044.058597506023943, 483.8 ], [ 312817.769654679927044, 5553057.911676590330899, 483.3 ], [ 312833.776051753084175, 5553073.377935525029898, 483.4 ], [ 312853.838491865317337, 5553094.267148460261524, 484.5 ], [ 312871.532147010671906, 5553110.898675452917814, 486.2 ], [ 312906.874906821525656, 5553144.942567341029644, 487.1 ], [ 312942.14961692749057, 5553179.10035590454936, 486.1 ], [ 312950.108241282519884, 5553187.614326976239681, 486.2 ], [ 312950.179744270863011, 5553187.61182096786797, 486.2 ], [ 312951.962049141060561, 5553189.441500288434327, 486.2 ], [ 312977.49287327833008, 5553211.141201233491302, 487.4 ], [ 313003.091098836157471, 5553232.727348422631621, 488.4 ], [ 313028.617616850649938, 5553254.31611888948828, 488.7 ], [ 313056.37780632392969, 5553268.146883762441576, 488.7 ], [ 313057.974211321969051, 5553268.758779196999967, 488.8 ], [ 313067.969962798175402, 5553272.081636574119329, 488.8 ], [ 313069.910778150311671, 5553274.351009322330356, 488.8 ], [ 313066.708426151424646, 5553281.030023551546037, 488.4 ], [ 313052.690618881257251, 5553297.771208339370787, 486.8 ], [ 313039.121381678502075, 5553315.053233808837831, 485.4 ], [ 313033.269658611447085, 5553321.713784323073924, 484.8 ], [ 313026.523488729959354, 5553329.407401943579316, 484.2 ], [ 313019.079302175494377, 5553335.567249307408929, 483.4 ], [ 312998.704893777670804, 5553348.635720806196332, 481.4 ], [ 312964.465657877968624, 5553370.53787487372756, 477.1 ], [ 312955.193757411791012, 5553377.652296736836433, 475.4 ], [ 312923.507707425975241, 5553413.155481809750199, 467.4 ], [ 312891.81819130666554, 5553448.547700718976557, 459.0 ], [ 312883.616339031606913, 5553459.631643448024988, 456.9 ], [ 312870.162662424088921, 5553465.891132408753037, 454.4 ], [ 312862.821625701268204, 5553466.816372644156218, 453.3 ], [ 312834.501496739103459, 5553459.461840005591512, 449.3 ], [ 312806.109782483661547, 5553452.109963773749769, 446.0 ], [ 312776.793684131407645, 5553436.77685565687716, 443.7 ], [ 312747.48131303396076, 5553421.555070767179132, 441.3 ], [ 312733.477648905362003, 5553412.140490530058742, 440.4 ], [ 312717.418591255322099, 5553399.236380376853049, 439.1 ], [ 312708.204139638342895, 5553397.778908642940223, 437.7 ], [ 312703.620402402768377, 5553403.83883548900485, 436.4 ], [ 312692.546854030806571, 5553396.324974294751883, 435.3 ], [ 312669.453406056331005, 5553389.010442168451846, 432.2 ], [ 312639.602316245494876, 5553376.813308430835605, 428.6 ], [ 312632.994289436028339, 5553374.151426852680743, 427.7 ], [ 312607.017015023040585, 5553360.148914978839457, 425.4 ], [ 312595.726062815869227, 5553350.528116420842707, 424.9 ], [ 312588.549668559804559, 5553341.875877851620317, 424.9 ], [ 312580.697280021733604, 5553334.360418557189405, 424.6 ], [ 312572.955412271548994, 5553327.954119286499918, 424.1 ], [ 312566.365355688380077, 5553321.729983598925173, 423.4 ], [ 312557.064818184357136, 5553317.827116422355175, 421.8 ], [ 312549.758745853789151, 5553319.753277285024524, 420.3 ], [ 312545.307609813055024, 5553323.471321865916252, 419.3 ], [ 312543.358065603184514, 5553335.226630975492299, 418.0 ], [ 312541.558129498967901, 5553349.202749658375978, 415.8 ], [ 312540.493951714830473, 5553361.706084249541163, 413.8 ], [ 312540.800273568544071, 5553380.616862555965781, 411.1 ], [ 312543.510275443200953, 5553398.664086790755391, 408.9 ], [ 312546.891890317434445, 5553435.831866370514035, 404.0 ], [ 312550.263404202996753, 5553450.294155289418995, 402.6 ], [ 312554.942631421261467, 5553463.263571262359619, 401.6 ], [ 312557.429748884518631, 5553468.852674094960093, 401.3 ], [ 312561.265104233112652, 5553478.178730222396553, 401.3 ], [ 312564.209753965958953, 5553482.527430566959083, 401.9 ], [ 312560.048655774560757, 5553486.34658763743937, 400.8 ], [ 312554.961980469000991, 5553490.309562300331891, 399.5 ], [ 312546.855523573874962, 5553495.936860522255301, 397.2 ], [ 312541.507788515416905, 5553504.695056650787592, 395.8 ], [ 312535.109528705186676, 5553510.039763744920492, 393.8 ], [ 312529.617333693313412, 5553514.684829894453287, 392.1 ], [ 312524.47362902876921, 5553521.098510956391692, 390.4 ], [ 312524.394619808241259, 5553527.000357270240784, 390.1 ], [ 312523.052374020509887, 5553539.736079485155642, 388.8 ], [ 312525.860940786835272, 5553552.437281612306833, 388.3 ], [ 312531.764643355971202, 5553563.58280935510993, 388.4 ], [ 312538.30669434601441, 5553576.598072408698499, 387.5 ], [ 312541.12934019084787, 5553585.625779553316534, 385.4 ], [ 312540.469034080218989, 5553587.207220236770809, 384.7 ], [ 312543.982933134189807, 5553589.42114979121834, 385.4 ], [ 312544.783821444900241, 5553591.841686720959842, 384.8 ], [ 312545.596424217685126, 5553594.595721857622266, 384.2 ], [ 312544.209712236071937, 5553601.990446260198951, 384.3 ], [ 312543.010161737329327, 5553608.599474134854972, 384.3 ], [ 312539.416054376284592, 5553614.290892109274864, 385.3 ], [ 312533.543052888475358, 5553618.281519438140094, 385.9 ], [ 312534.115331400535069, 5553624.383092653006315, 386.6 ], [ 312534.357160328014288, 5553625.153719718568027, 386.7 ], [ 312526.864062464330345, 5553621.743953296914697, 386.5 ], [ 312516.171586871263571, 5553614.884897793643177, 386.0 ], [ 312499.99806470470503, 5553600.761125722900033, 385.2 ], [ 312481.903013667091727, 5553584.924066971056163, 385.5 ], [ 312466.111420125816949, 5553569.451326967217028, 385.8 ], [ 312453.138249560841359, 5553556.773461217060685, 386.1 ], [ 312451.582090139156207, 5553555.269905919209123, 386.1 ], [ 312434.005198138125706, 5553535.853075538761914, 385.2 ], [ 312416.432089498732239, 5553516.547466400079429, 385.5 ], [ 312407.874821508303285, 5553505.272722152993083, 386.0 ], [ 312404.985917991492897, 5553500.476927725598216, 385.9 ], [ 312391.792695950949565, 5553469.330569253303111, 383.9 ], [ 312383.360614942735992, 5553447.366332331672311, 382.9 ], [ 312369.589175327622797, 5553405.889129580929875, 381.4 ], [ 312361.078753907466307, 5553381.701605613343418, 380.0 ], [ 312352.639766096021049, 5553357.511580030433834, 379.0 ], [ 312341.002211974642705, 5553327.868865295313299, 378.2 ], [ 312334.632063440978527, 5553311.619959411211312, 377.8 ], [ 312328.660117001389153, 5553300.588316864334047, 377.5 ], [ 312322.611602011078503, 5553291.451530501246452, 377.1 ], [ 312309.827378238667734, 5553280.102955346927047, 376.8 ], [ 312300.483550567587372, 5553274.977703573182225, 376.7 ], [ 312290.259883238177281, 5553273.333819922991097, 377.0 ], [ 312255.698126524919644, 5553271.766955050639808, 377.7 ], [ 312221.064834144432098, 5553270.20282918959856, 374.8 ], [ 312175.069410374155268, 5553271.264860987663269, 373.2 ], [ 312146.733936609874945, 5553273.709113013930619, 373.2 ], [ 312119.443616482778452, 5553275.337597121484578, 373.1 ], [ 312092.220892677782103, 5553276.852537683211267, 373.3 ], [ 312064.225474045088049, 5553274.721804381348193, 375.8 ], [ 312054.268140961008612, 5553272.512469702400267, 377.1 ], [ 312047.536226660246029, 5553270.412168270908296, 377.6 ], [ 312038.627919087128248, 5553267.498095246963203, 378.3 ], [ 312027.127992731868289, 5553260.111861112527549, 378.7 ], [ 312024.896783307951409, 5553257.741764388047159, 378.6 ], [ 311996.418816487537697, 5553227.691117485053837, 378.7 ], [ 311992.148368094058242, 5553220.272893383167684, 378.2 ], [ 311972.026064628269523, 5553193.712347239255905, 377.4 ], [ 311951.832065953291021, 5553167.154392343945801, 375.6 ], [ 311938.002656200085767, 5553146.493945305235684, 374.0 ], [ 311915.461426554829814, 5553118.349259524606168, 371.0 ], [ 311907.56168438855093, 5553115.622451639734209, 370.7 ], [ 311882.490114899817854, 5553111.163494982756674, 369.2 ], [ 311877.875627039931715, 5553108.209632226265967, 368.4 ], [ 311872.992735942476429, 5553101.703507979400456, 366.3 ], [ 311865.40736310131615, 5553097.74133528303355, 363.6 ], [ 311863.851877142617013, 5553094.234439685940742, 364.1 ], [ 311861.285506784566678, 5553086.422324487008154, 364.8 ], [ 311860.027748044230975, 5553075.113658469170332, 365.0 ], [ 311858.406604673829861, 5553067.713440316729248, 365.2 ], [ 311854.515922126010992, 5553062.953217149712145, 365.2 ], [ 311846.218385456129909, 5553061.130947859026492, 365.1 ], [ 311834.889234905538615, 5553060.639913501217961, 364.6 ], [ 311821.604972097615246, 5553061.553482898510993, 364.3 ], [ 311811.732404124632012, 5553063.793742286041379, 364.0 ], [ 311801.259416904125828, 5553067.27953615039587, 363.4 ], [ 311799.775254866399337, 5553055.644948089495301, 363.3 ], [ 311797.332054607919417, 5553039.146800975315273, 364.9 ], [ 311781.385419014259242, 5553041.712604652158916, 364.4 ], [ 311766.514360740664415, 5553046.355300657451153, 363.3 ], [ 311748.356150848907419, 5553055.232231002300978, 363.3 ], [ 311724.94191854231758, 5553065.296370699070394, 362.7 ], [ 311713.46882546559209, 5553066.814145181328058, 362.8 ], [ 311702.23560489207739, 5553064.984357754699886, 363.2 ], [ 311697.874706199159846, 5553063.134737010113895, 363.4 ], [ 311693.005424461502116, 5553061.080447883345187, 363.7 ], [ 311681.357627783727366, 5553053.588817712850869, 364.3 ], [ 311673.491734292765614, 5553045.74115664511919, 364.7 ], [ 311650.566714727319777, 5553018.946675974875689, 365.5 ], [ 311627.645396006584633, 5552992.263454789295793, 365.6 ], [ 311616.822765014367178, 5552977.730662816204131, 366.1 ], [ 311602.015796860214323, 5552953.766360627487302, 368.0 ], [ 311590.156613834318705, 5552938.26846413500607, 368.6 ], [ 311562.752405539620668, 5552914.41503332182765, 365.6 ], [ 311553.487397000775672, 5552907.507357339374721, 364.1 ], [ 311544.975335278257262, 5552895.564417870715261, 364.0 ], [ 311537.099810120882466, 5552881.372928461059928, 364.2 ], [ 311523.429704555077478, 5552845.013891061767936, 366.6 ], [ 311517.065606779884547, 5552816.856015517376363, 369.5 ], [ 311513.217417294974439, 5552795.064952565357089, 371.6 ], [ 311509.197541819536127, 5552784.632994555868208, 371.6 ], [ 311503.711294501554221, 5552775.254560723900795, 371.0 ], [ 311501.575568062835373, 5552771.545634720474482, 370.8 ], [ 311480.826970876252744, 5552741.558394592255354, 372.3 ], [ 311460.07422601711005, 5552711.46006487775594, 375.5 ], [ 311456.667806511744857, 5552706.23777537047863, 376.1 ], [ 311449.890509932418354, 5552686.664987809956074, 379.9 ], [ 311442.600816453108564, 5552666.776393389329314, 383.0 ], [ 311434.69744402251672, 5552641.678178860805929, 381.5 ], [ 311431.53565493010683, 5552621.087255616672337, 378.8 ], [ 311432.813548640755471, 5552576.186450807377696, 375.6 ], [ 311431.350662192271557, 5552559.097254461608827, 373.3 ], [ 311431.4790173266083, 5552546.515327034518123, 372.1 ], [ 311433.088669971795753, 5552535.328030586242676, 371.4 ], [ 311439.296420719590969, 5552520.527879606001079, 371.8 ], [ 311438.406490169232711, 5552501.414966903626919, 369.0 ], [ 311438.877330157032702, 5552496.50094430334866, 368.5 ], [ 311439.488103281357326, 5552489.467196534387767, 367.9 ], [ 311442.713444866181817, 5552481.450662056915462, 367.9 ], [ 311447.018509674642701, 5552475.622079756110907, 368.6 ], [ 311451.76444201671984, 5552470.111843002960086, 369.4 ], [ 311446.370384001289494, 5552467.408451921306551, 367.5 ], [ 311435.443151331564877, 5552462.117903490550816, 363.7 ], [ 311427.018861206015572, 5552456.738960113376379, 360.6 ], [ 311420.816840484039858, 5552457.514569376595318, 358.7 ], [ 311413.196337281260639, 5552458.674209862947464, 356.5 ], [ 311401.805271520453971, 5552460.523593503981829, 353.4 ], [ 311399.400494604662526, 5552463.391162909567356, 352.9 ], [ 311390.138978793402202, 5552474.84881869610399, 351.1 ], [ 311384.462903760606423, 5552462.138056058436632, 348.7 ], [ 311386.476531337248161, 5552444.146901331841946, 347.9 ], [ 311382.106633126968518, 5552423.821290755644441, 344.9 ], [ 311377.222025019873399, 5552399.061692949384451, 341.5 ], [ 311384.80562899063807, 5552400.908528247848153, 343.4 ], [ 311377.222025019873399, 5552399.061692949384451, 341.5 ], [ 311375.486047831655014, 5552398.566508969292045, 341.4 ], [ 311366.158601501490921, 5552396.002174532972276, 340.6 ], [ 311362.223011690715794, 5552392.022977815940976, 340.7 ], [ 311359.82456868304871, 5552388.991205988451838, 341.0 ], [ 311356.159313253534492, 5552384.557242874056101, 341.6 ], [ 311353.94790852162987, 5552380.739732973277569, 342.1 ], [ 311353.015903039486147, 5552376.654403987340629, 342.4 ], [ 311351.702754185651429, 5552371.914717293344438, 342.8 ], [ 311348.930207647732459, 5552370.454431540332735, 343.3 ], [ 311345.584741564118303, 5552371.017873214557767, 343.8 ], [ 311344.666839034296572, 5552371.384224236942828, 344.0 ], [ 311339.787341839168221, 5552373.114925436675549, 344.6 ], [ 311349.313944423920475, 5552344.840853151865304, 344.60128 ], [ 311360.435254681040533, 5552313.060018943622708, 344.96462 ], [ 311352.541296127252281, 5552292.302427935414016, 346.7 ], [ 311366.602493886894081, 5552280.897740290500224, 345.0 ], [ 311376.15825565502746, 5552269.652277629822493, 343.8 ], [ 311381.448955656494945, 5552263.34360908716917, 343.2 ], [ 311390.493210615124553, 5552249.778856756165624, 342.3 ], [ 311393.681664321222343, 5552244.768821271136403, 342.0 ], [ 311380.442675546975806, 5552236.888723574578762, 342.82988 ], [ 311362.40108075668104, 5552226.840958155691624, 340.35886 ], [ 311344.256159626529552, 5552246.292568077333272, 342.88803 ], [ 311335.731546132825315, 5552252.27034065220505, 343.1 ], [ 311335.5012838562252, 5552251.833260305225849, 343.0 ], [ 311329.996948988293298, 5552246.017344165593386, 341.4 ], [ 311326.839252269593999, 5552243.791546316817403, 340.7 ], [ 311317.821153190394398, 5552241.884173363447189, 339.5 ], [ 311308.580640006694011, 5552239.762067394331098, 338.3 ], [ 311307.572347167995758, 5552237.571615893393755, 337.8 ], [ 311308.805426177685149, 5552233.966291110962629, 337.2 ], [ 311336.344028759980574, 5552220.972155272960663, 336.9 ], [ 311337.724093117634766, 5552217.472948772832751, 336.2 ], [ 311337.598383126722183, 5552213.915650103241205, 335.3 ], [ 311334.502010736032389, 5552207.346807764843106, 333.4 ], [ 311333.664256891352125, 5552205.929455947130919, 333.1 ], [ 311320.165049340575933, 5552182.58737769536674, 328.6 ], [ 311311.8085517474683, 5552185.220108632929623, 328.7 ], [ 311290.700825488311239, 5552191.753995049744844, 329.1 ], [ 311261.23669425456319, 5552200.920777512714267, 329.4 ], [ 311243.135943132452667, 5552209.463340824469924, 329.9 ], [ 311225.63642064423766, 5552214.756877792067826, 330.5 ], [ 311198.773701107536908, 5552216.485931790433824, 330.8 ], [ 311171.982507425535005, 5552218.212591788731515, 331.5 ], [ 311165.570348858367652, 5552217.103735990822315, 331.5 ], [ 311130.769007279886864, 5552208.985210378654301, 330.8 ], [ 311112.422121120616794, 5552206.517773349769413, 330.8 ], [ 311109.346901202574372, 5552206.62657758500427, 330.7 ], [ 311080.736271420959383, 5552207.527629455551505, 330.5 ], [ 311078.18527175905183, 5552208.285729692317545, 330.5 ], [ 311061.338797144475393, 5552209.77234223112464, 330.4 ], [ 311027.415380732738413, 5552224.44088941719383, 330.8 ], [ 310993.420624724181835, 5552239.112188809551299, 331.5 ], [ 310959.493625643721316, 5552253.670011533424258, 332.2 ], [ 310932.207930689561181, 5552261.648473439738154, 332.6 ], [ 310911.017559590982273, 5552267.852915820665658, 332.6 ], [ 310904.922309799352661, 5552269.627076808363199, 332.6 ], [ 310896.995212870358955, 5552272.245266663841903, 332.2 ], [ 310881.570135722809937, 5552277.466481683775783, 332.6 ], [ 310869.129058886435814, 5552282.025502733886242, 332.0 ], [ 310860.116819631832186, 5552286.351768267340958, 331.5 ], [ 310850.551542393746786, 5552293.257660104893148, 331.3 ], [ 310815.735231556929648, 5552321.093253217637539, 331.3 ], [ 310798.984038568567485, 5552337.380919898860157, 331.7 ], [ 310778.419417547003832, 5552365.268239874392748, 330.5 ], [ 310774.860440300079063, 5552375.968377703800797, 330.5 ], [ 310773.504428066022228, 5552380.134733251295984, 330.5 ], [ 310773.392163910088129, 5552397.168400563299656, 330.6 ], [ 310767.002578833256848, 5552400.734046301804483, 330.2 ], [ 310760.680575565434992, 5552404.185999343171716, 333.6 ], [ 310753.691307756234892, 5552406.993783845566213, 337.1 ], [ 310745.259365033591166, 5552411.522300861775875, 341.7 ], [ 310706.696941949194297, 5552428.583583512343466, 350.1 ], [ 310691.115963609656319, 5552439.487483714707196, 352.4 ], [ 310668.665252139791846, 5552452.52726430259645, 355.8 ], [ 310646.214647380809765, 5552465.567142171785235, 359.3 ], [ 310636.489033361081965, 5552480.04790520388633, 359.1 ], [ 310624.301260478503536, 5552505.857876183465123, 357.1 ], [ 310607.687205104972236, 5552534.051028565503657, 355.8 ], [ 310591.073335845721886, 5552562.244237988255918, 355.5 ], [ 310584.846303140104283, 5552568.364378490485251, 355.9 ], [ 310573.847199648036622, 5552577.21389021538198, 357.3 ], [ 310563.126289878156967, 5552585.830943481065333, 359.0 ], [ 310540.822981669043656, 5552600.980892861261964, 362.2 ], [ 310534.659182366798632, 5552608.879742026329041, 362.1 ], [ 310540.263717241236009, 5552613.466957164928317, 358.9 ], [ 310520.96607412659796, 5552636.635625889524817, 359.2 ], [ 310498.92656206729589, 5552663.240879278630018, 357.1 ], [ 310477.829685119213536, 5552686.139685401692986, 355.9 ], [ 310466.053208394092508, 5552691.232656139880419, 356.5 ], [ 310448.706382356234826, 5552698.749569423496723, 357.5 ], [ 310423.348284315667115, 5552698.425745967775583, 364.7 ], [ 310394.422988065634854, 5552696.447859392501414, 359.1 ], [ 310361.927355157386046, 5552688.697765169665217, 358.2 ], [ 310331.525175834540278, 5552681.430006044916809, 359.2 ], [ 310329.431617338908836, 5552680.947866416536272, 359.3 ], [ 310318.888357629999518, 5552678.428556132130325, 359.9 ], [ 310289.761382389348, 5552690.928149490617216, 355.7 ], [ 310281.932354292424861, 5552684.194132853299379, 356.6 ], [ 310289.888212071324233, 5552672.335570226423442, 359.9 ], [ 310303.05416011903435, 5552651.943931870162487, 366.3 ], [ 310302.520916882087477, 5552616.79025143198669, 374.4 ], [ 310293.879581334767863, 5552579.142068711109459, 381.2 ], [ 310292.002578615560196, 5552548.488376048393548, 386.9 ], [ 310291.159090986126103, 5552534.827740331180394, 389.4 ], [ 310295.899167500319891, 5552513.065968287177384, 393.3 ], [ 310292.541690269717947, 5552495.153748175129294, 396.7 ], [ 310297.864156826282851, 5552481.719217867590487, 399.1 ], [ 310293.696324658463709, 5552463.167959633283317, 402.3 ], [ 310295.55335128493607, 5552454.976646385155618, 403.5 ], [ 310295.67238482972607, 5552436.161742919124663, 406.0 ], [ 310299.734921084134839, 5552425.554636835120618, 407.4 ], [ 310311.626008346443996, 5552425.688625575974584, 408.7 ], [ 310319.254522494622506, 5552442.892565864138305, 407.3 ], [ 310322.212989500490949, 5552449.577096283435822, 406.8 ], [ 310332.724422108731233, 5552473.356961850076914, 404.5 ], [ 310347.633614140679128, 5552497.982353322207928, 402.6 ], [ 310362.538728339248337, 5552522.49661841802299, 400.9 ], [ 310396.686691503506154, 5552554.564024630002677, 402.5 ], [ 310417.921005360840354, 5552557.705550999380648, 407.5 ], [ 310431.854054567520507, 5552556.876824919134378, 408.5 ], [ 310465.437195348902605, 5552554.905185949057341, 399.3 ], [ 310493.149269208661281, 5552532.773269134573638, 395.3 ], [ 310496.448655049141962, 5552524.864754120819271, 396.2 ], [ 310506.879520238435362, 5552500.00726071652025, 398.6 ], [ 310506.808007227373309, 5552500.009799239225686, 398.6 ], [ 310515.060549135843758, 5552480.349706001579762, 400.5 ], [ 310529.607335925335065, 5552456.459229839965701, 400.9 ], [ 310535.600706745812204, 5552431.648006351664662, 403.7 ], [ 310560.823587150662206, 5552405.931766590103507, 400.0 ], [ 310591.507567254302558, 5552372.675743380561471, 393.8 ], [ 310618.434473551053088, 5552350.57242879550904, 389.7 ], [ 310624.946933190163691, 5552318.174166135489941, 394.0 ], [ 310615.423635938612279, 5552287.903030892834067, 403.2 ], [ 310614.402475412469357, 5552273.246953335590661, 406.4 ], [ 310613.045046300860122, 5552253.148844324983656, 410.9 ], [ 310627.89534682611702, 5552227.689668172970414, 412.8 ], [ 310658.774668682948686, 5552212.013429573737085, 412.3 ], [ 310684.622077922103927, 5552203.861957463435829, 412.7 ], [ 310710.469559508725069, 5552195.710612448863685, 414.2 ], [ 310734.541588331921957, 5552185.95276140421629, 415.7 ], [ 310758.546123224194162, 5552176.308721614070237, 414.6 ], [ 310771.514240890624933, 5552150.248888202011585, 420.5 ], [ 310770.911401369143277, 5552133.240574950352311, 421.6 ], [ 310770.387365503702313, 5552118.455570910125971, 422.6 ], [ 310755.40167488361476, 5552087.598699213936925, 428.8 ], [ 310742.702079333306756, 5552064.67479095980525, 432.7 ], [ 310741.382973258849233, 5552037.563102673739195, 432.7 ], [ 310752.308487965317909, 5552000.333836976438761, 429.2 ], [ 310775.587779853027314, 5551974.242487018927932, 425.0 ], [ 310805.525341411586851, 5551952.144902495667338, 423.4 ], [ 310847.568548189476132, 5551934.182122477330267, 421.2 ], [ 310874.345413864008151, 5551932.009206710383296, 418.2 ], [ 310901.197750954073854, 5551929.945058099925518, 415.6 ], [ 310934.778296516975388, 5551923.74712036922574, 413.4 ], [ 310964.201605330687016, 5551909.348723380826414, 413.4 ], [ 310989.492087392834947, 5551885.413284006528556, 414.2 ], [ 311010.209363911533728, 5551861.751154377125204, 412.2 ], [ 311017.49185351957567, 5551840.902014127001166, 412.0 ], [ 311019.961799343000166, 5551833.802395119331777, 411.9 ], [ 311044.095329678151757, 5551813.581256942823529, 410.8 ], [ 311056.334169383626431, 5551789.106341695412993, 410.9 ], [ 311068.497673845151439, 5551764.522823316976428, 410.8 ], [ 311075.348930316860788, 5551739.570774490013719, 411.9 ], [ 311074.208179373876192, 5551729.593720124103129, 413.3 ], [ 311089.672342896577902, 5551709.234361971728504, 415.1 ], [ 311101.856866745045409, 5551693.331957511603832, 416.8 ], [ 311102.440853746258654, 5551693.645211678929627, 416.8 ], [ 311107.259481273009442, 5551686.128644030541182, 417.1 ], [ 311119.31330508866813, 5551690.822254353202879, 415.1 ], [ 311125.562643845449202, 5551693.383810569532216, 414.1 ], [ 311127.310667837853543, 5551694.212415458634496, 413.8 ], [ 311134.684715427341871, 5551696.177675888873637, 412.5 ], [ 311136.692804002261255, 5551692.210989551618695, 411.9 ], [ 311134.66411384800449, 5551687.49664984177798, 411.8 ], [ 311132.636167681484949, 5551680.77880254201591, 411.1 ], [ 311129.989587898482569, 5551670.743701200000942, 409.4 ], [ 311126.674944973201491, 5551662.067885974422097, 408.0 ], [ 311131.204551293805707, 5551662.575494528748095, 406.7 ], [ 311132.642895804368891, 5551662.747228088788688, 406.3 ], [ 311146.012450668029487, 5551666.170012007467449, 403.2 ], [ 311154.673202531295829, 5551670.093274682760239, 401.8 ], [ 311152.673553938395344, 5551662.150070631876588, 400.0 ], [ 311149.311010374221951, 5551654.143764649517834, 398.6 ], [ 311144.633499306160957, 5551645.404836662113667, 397.5 ], [ 311142.681011107400991, 5551638.795621616765857, 396.2 ], [ 311162.657610714202747, 5551644.767384580336511, 392.0 ], [ 311177.951242458482739, 5551645.896115407347679, 387.4 ], [ 311180.033307211764622, 5551646.045098616741598, 386.8 ], [ 311192.755216977500822, 5551649.379597254097462, 383.4 ], [ 311216.793643276847433, 5551652.75923671014607, 375.7 ], [ 311228.806543694343418, 5551640.091049100272357, 366.8 ], [ 311241.481273296172731, 5551642.091677594929934, 363.4 ], [ 311258.830185376573354, 5551650.716682883910835, 361.8 ], [ 311273.01786754996283, 5551655.001297458074987, 359.9 ], [ 311278.882039230200462, 5551656.797513547353446, 359.1 ], [ 311294.181832854868844, 5551662.155920107848942, 357.1 ], [ 311307.522949845297262, 5551666.804453837685287, 355.2 ], [ 311327.080401284503751, 5551667.003801474347711, 350.6 ], [ 311351.835305946238805, 5551676.480456255376339, 348.8 ], [ 311368.680155520851258, 5551683.008828454650939, 347.5 ], [ 311397.503046438563615, 5551694.122845563106239, 345.2 ], [ 311410.355096010258421, 5551699.122812956571579, 344.1 ], [ 311418.606921202095691, 5551701.613976467400789, 343.6 ], [ 311424.689481056877412, 5551703.513937667012215, 343.4 ], [ 311442.68895679799607, 5551704.21393855381757, 342.9 ], [ 311442.828077917685732, 5551704.097721577621996, 342.9 ], [ 311441.005524813837837, 5551701.156869453378022, 342.37951 ], [ 311456.233894975564908, 5551696.389566855505109, 342.23888 ], [ 311453.635040352877695, 5551687.688306613825262, 340.5799 ], [ 311486.776646393234842, 5551681.175550501793623, 340.49171 ], [ 311500.362334544188343, 5551662.33075481839478, 336.50171 ], [ 311494.664956632070243, 5551642.942366233095527, 332.64042 ], [ 311487.972286689444445, 5551627.818675046786666, 331.10953 ], [ 311466.552518793090712, 5551597.187157412990928, 337.07715 ], [ 311449.741979261685628, 5551575.408591771498322, 344.3 ], [ 311454.912283134530298, 5551573.779075035825372, 344.2 ], [ 311467.484583593904972, 5551564.764752729795873, 344.7 ], [ 311475.047107349382713, 5551553.812555021606386, 345.8 ], [ 311478.400152559392154, 5551537.221170262433589, 347.5 ], [ 311476.147221188002732, 5551509.919904433190823, 351.3 ], [ 311483.541599142481573, 5551484.058916524983943, 351.4 ], [ 311483.613125442236196, 5551484.05639142729342, 351.4 ], [ 311486.729397835384589, 5551472.927276122383773, 351.4 ], [ 311499.216917148092762, 5551467.589073929935694, 347.1 ], [ 311510.028853801952209, 5551459.416141851805151, 344.6 ], [ 311520.608426217804663, 5551446.687970574013889, 343.3 ], [ 311531.775658663013019, 5551426.259107149206102, 342.6 ], [ 311539.565791424829513, 5551413.629430281929672, 340.9 ], [ 311548.918709714955185, 5551398.607233132235706, 338.9 ], [ 311565.990420339570846, 5551370.957943430170417, 333.5 ], [ 311585.113309012318496, 5551350.693711278960109, 326.8 ], [ 311600.803168954676948, 5551338.675854959525168, 323.0 ], [ 311608.482092776685022, 5551335.065835515968502, 322.1 ], [ 311661.085875504184514, 5551252.848989830352366, 324.54213 ], [ 311718.87873885902809, 5551191.820136830210686, 324.10734 ], [ 311771.711688159033656, 5551142.431078692898154, 327.94393 ], [ 311803.449491573148407, 5551106.140629319474101, 335.6 ], [ 311813.994052114780061, 5551102.541256739757955, 335.4 ], [ 311819.300144470413215, 5551100.68473537825048, 335.3 ], [ 311848.720366324065253, 5551090.076064056716859, 334.0 ], [ 311855.825478170299903, 5551090.493574651889503, 333.1 ], [ 311872.84891815908486, 5551091.897346379235387, 331.8 ], [ 311884.126340002869256, 5551092.835743808187544, 331.0 ], [ 311912.427168217545841, 5551095.178062249906361, 328.5 ], [ 311928.817813628469594, 5551090.81651783362031, 327.9 ], [ 311941.289909863844514, 5551087.038221083581448, 327.7 ], [ 311941.500589803792536, 5551086.919499010778964, 327.7 ], [ 311983.587186120799743, 5551073.973427639342844, 325.7 ], [ 311993.364630220865365, 5551070.957942494191229, 325.2 ], [ 312003.144902748637833, 5551070.057139639742672, 324.3 ], [ 312044.025866841548122, 5551081.863328822888434, 321.9 ], [ 312060.635707908426411, 5551083.727465339004993, 322.3 ], [ 312076.172562759718858, 5551085.629408490844071, 322.7 ], [ 312105.729047705943231, 5551080.916460056789219, 323.7 ], [ 312117.906182577484287, 5551078.929811995476484, 324.2 ], [ 312159.643798010714818, 5551072.341709672473371, 323.4 ], [ 312201.381497397669591, 5551065.753935918211937, 322.0 ], [ 312208.217266362393275, 5551064.623142443597317, 321.8 ], [ 312222.020149066462182, 5551062.023054910823703, 320.8 ], [ 312225.151910191983916, 5551061.467730468139052, 320.6 ], [ 312232.6236567281303, 5551060.092002056539059, 319.9 ], [ 312265.053365179570392, 5551055.61284267809242, 317.8 ], [ 312286.363223414577078, 5551052.637741369195282, 317.6 ], [ 312297.015770460711792, 5551041.912160763517022, 318.6 ], [ 312306.630540731479414, 5551032.224802133627236, 319.5 ], [ 312311.61286281584762, 5551027.263679387979209, 320.1 ], [ 312288.842216606833972, 5551000.906032346189022, 322.2 ], [ 312283.611026386322919, 5550996.749079423956573, 322.8 ], [ 312299.849006695265416, 5550969.688272313214839, 326.3 ], [ 312325.146983291837387, 5550937.523129302076995, 327.8 ], [ 312350.44527493219357, 5550905.358114846982062, 327.1 ], [ 312375.743881613947451, 5550873.193228952586651, 324.5 ], [ 312380.8173103746376, 5550862.663843206129968, 324.2 ], [ 312389.854985015117563, 5550848.767431217245758, 323.5 ], [ 312411.241596154344734, 5550807.168122281320393, 324.3 ], [ 312429.950624362914823, 5550770.89418107829988, 324.2 ], [ 312429.879088820889592, 5550770.896693260408938, 324.2 ], [ 312432.628565089660697, 5550765.568909340538085, 324.2 ], [ 312439.671361782471649, 5550751.965262250043452, 325.2 ], [ 312439.871624017250724, 5550749.509569952264428, 325.6 ], [ 312442.261990636878181, 5550733.954552869312465, 327.1 ], [ 312442.404883557814173, 5550721.706236511468887, 328.5 ], [ 312439.610705179045908, 5550697.206455172039568, 332.4 ], [ 312442.117028408742044, 5550693.111547891050577, 332.8 ], [ 312452.755112042825203, 5550688.063290969468653, 332.6 ], [ 312462.041761773347389, 5550677.163464366458356, 333.4 ], [ 312467.963758243597113, 5550682.631977270357311, 331.2 ], [ 312471.074911726405844, 5550677.402823219075799, 331.6 ], [ 312471.751250293804333, 5550676.266050864942372, 331.7 ], [ 312481.073045525932685, 5550660.245105070993304, 332.2 ], [ 312497.480907860328443, 5550613.478506614454091, 334.0 ], [ 312513.964532667305321, 5550566.820623070001602, 338.2 ], [ 312530.44848022487713, 5550520.162800259888172, 340.6 ], [ 312532.40347459493205, 5550514.640362095087767, 340.5 ], [ 312546.861211042618379, 5550473.507548701949418, 339.5 ], [ 312510.553013147902675, 5550459.422072133049369, 344.3 ], [ 312474.244613171904348, 5550445.336837819777429, 348.8 ], [ 312470.088786156033166, 5550443.256681670434773, 349.3 ], [ 312435.83268084784504, 5550426.42838275898248, 353.5 ], [ 312450.243290525802877, 5550402.326243218034506, 352.3 ], [ 312464.654037858592346, 5550378.224146467633545, 350.3 ], [ 312476.433521935367025, 5550360.781319118104875, 349.5 ], [ 312485.140715026529506, 5550343.557670728303492, 348.3 ], [ 312491.835698852315545, 5550328.1855124887079, 346.9 ], [ 312495.92268694692757, 5550320.139573056250811, 345.9 ], [ 312507.789627041725907, 5550290.895691259764135, 343.8 ], [ 312510.077692474238575, 5550286.697191316634417, 343.6 ], [ 312513.774507608846761, 5550279.777989062480628, 343.5 ], [ 312524.559229107107967, 5550270.717894670553505, 342.4 ], [ 312530.325580110540614, 5550265.618219303898513, 341.8 ], [ 312536.986883226432838, 5550259.485422439873219, 341.1 ], [ 312544.610866369388532, 5550246.084192094393075, 340.8 ], [ 312554.407424111617729, 5550217.024396609514952, 340.7 ], [ 312564.136459131026641, 5550188.078298582695425, 340.6 ], [ 312574.139964892412536, 5550164.910322859883308, 340.6 ], [ 312584.34757116518449, 5550151.64112654607743, 340.0 ], [ 312593.959479996177834, 5550137.725035792216659, 340.2 ], [ 312602.202950487029739, 5550125.637806415557861, 340.4 ], [ 312623.194771164329723, 5550099.190640942193568, 338.7 ], [ 312644.115261735860258, 5550072.746072975918651, 336.8 ], [ 312665.107511501177214, 5550046.29908406175673, 334.8 ], [ 312679.570714353932999, 5550029.764411678537726, 332.4 ], [ 312684.684656321827788, 5550020.347016248852015, 332.2 ], [ 312708.857112206344027, 5549982.435896410606802, 327.3 ], [ 312716.118636814528145, 5549977.061432417482138, 324.3 ], [ 312720.377732088905759, 5549973.906969549134374, 322.5 ], [ 312724.600672680302523, 5549965.633876477368176, 321.8 ], [ 312728.233178994618356, 5549954.821533671580255, 322.2 ], [ 312728.242699914146215, 5549946.918744212947786, 323.9 ], [ 312723.938856072723866, 5549934.492460179142654, 328.1 ], [ 312714.057146749342792, 5549918.254830356687307, 333.5 ], [ 312689.451726491504814, 5549886.617185698822141, 341.3 ], [ 312686.151643543911632, 5549882.39209908246994, 342.4 ], [ 312679.560648474376649, 5549872.160773798823357, 343.1 ], [ 312697.792855437612161, 5549832.343183782882988, 341.82878 ], [ 312699.517309807590209, 5549816.143910043872893, 344.93788 ], [ 312767.409470099955797, 5549823.781446347013116, 361.2566 ], [ 312805.189927759813145, 5549834.812122352421284, 359.7 ], [ 312817.767361599660944, 5549844.166038955561817, 356.3 ], [ 312823.938502154080197, 5549846.509783471934497, 355.6 ], [ 312834.400057826191187, 5549846.588492505252361, 356.5 ], [ 312847.328298093168996, 5549843.464357867836952, 359.2 ], [ 312868.837908330257051, 5549846.049989848397672, 360.5 ], [ 312896.517119131109212, 5549852.983022220432758, 361.3 ], [ 312912.491716823016759, 5549852.980118693783879, 365.1 ], [ 312929.524880158249289, 5549856.613161313347518, 368.2 ], [ 312956.218745711143129, 5549868.144373359158635, 369.7 ], [ 312975.731133112101816, 5549873.026385121047497, 373.3 ], [ 312985.657645460683852, 5549876.240568061359227, 375.4 ], [ 313000.865461747802328, 5549880.939441761933267, 378.6 ], [ 313016.797360711439978, 5549889.953786511905491, 380.1 ], [ 313031.65143560920842, 5549905.016192324459553, 377.6 ], [ 313041.29723572533112, 5549916.587931701913476, 374.5 ], [ 313130.869893165072426, 5549954.301895095966756, 385.38999 ], [ 313182.432305424648803, 5550021.505626409314573, 377.39158 ], [ 313177.589945930521935, 5550104.260794328525662, 353.1 ], [ 313190.33241239702329, 5550124.517305818386376, 353.0 ], [ 313196.236215168843046, 5550137.667060653679073, 352.8 ], [ 313202.551918935030699, 5550172.840145340189338, 347.2 ], [ 313204.459424495114945, 5550178.227227509953082, 346.6 ], [ 313208.466577418148518, 5550182.205274215899408, 347.2 ], [ 313219.38461831829045, 5550187.16600670479238, 349.7 ], [ 313221.867611169815063, 5550188.526113814674318, 350.0 ], [ 313230.695332160452381, 5550193.114746406674385, 351.2 ], [ 313244.458440733491443, 5550213.892190285027027, 350.4 ], [ 313247.058707282412797, 5550222.705416186712682, 349.5 ], [ 313248.991766834864393, 5550230.874157970771194, 348.6 ], [ 313250.858052973460872, 5550233.03494756296277, 348.7 ], [ 313248.991766834864393, 5550230.874157970771194, 348.6 ], [ 313242.414452545810491, 5550235.333557914942503, 346.4 ], [ 313236.599925911519676, 5550245.220078506506979, 343.4 ], [ 313235.299636144714896, 5550251.053223197348416, 342.3 ], [ 313236.986989406403154, 5550258.340138779953122, 342.1 ], [ 313241.549106629972812, 5550274.096776296384633, 342.6 ], [ 313242.831941406126134, 5550290.30196584854275, 342.1 ], [ 313243.585191678197589, 5550307.749988278374076, 341.0 ], [ 313241.616139630612452, 5550314.942132648080587, 339.0 ], [ 313236.601190209854394, 5550319.013020298443735, 335.5 ], [ 313234.010878593893722, 5550322.776537821628153, 333.4 ], [ 313235.217587854538579, 5550334.754926539026201, 331.9 ], [ 313233.373659080592915, 5550349.622515195980668, 328.0 ], [ 313231.8844135904219, 5550358.24481157399714, 325.6 ], [ 313231.955954396747984, 5550358.242310270667076, 325.6 ], [ 313228.865494755737018, 5550376.381233719177544, 320.5 ], [ 313228.171606891264673, 5550399.556242543272674, 316.5 ], [ 313234.251438845065422, 5550425.944766843691468, 315.5 ], [ 313232.128450111020356, 5550436.926558878272772, 313.9 ], [ 313227.599699700600468, 5550434.413664302788675, 313.2 ], [ 313216.460499981767498, 5550433.356235595420003, 311.8 ], [ 313204.618312104954384, 5550436.775481126271188, 310.6 ], [ 313202.296374296187423, 5550437.969695284962654, 310.7 ], [ 313191.517962642014027, 5550443.132598691619933, 311.3 ], [ 313176.231019390048459, 5550450.456639318726957, 312.2 ], [ 313168.098835262353532, 5550451.4088771995157, 314.0 ], [ 313162.63227165734861, 5550448.706234184093773, 314.7 ], [ 313145.471231199800968, 5550433.167749483138323, 313.9 ], [ 313136.632875011884607, 5550422.124142436310649, 313.3 ], [ 313126.719031323678792, 5550409.003438123501837, 314.8 ], [ 313105.529243055032566, 5550417.535902286879718, 319.4 ], [ 313102.066564915410709, 5550418.881374421529472, 320.2 ], [ 313063.691916144802235, 5550437.809872805140913, 324.5 ], [ 313052.04196316114394, 5550444.67309360858053, 325.7 ], [ 313047.076349463954102, 5550452.192807991057634, 326.2 ], [ 313025.381863494985737, 5550476.993354642763734, 328.1 ], [ 313003.619936719303951, 5550501.907665205188096, 328.1 ], [ 312990.099437760538422, 5550512.620785993523896, 327.7 ], [ 312954.066632925067097, 5550537.033250078558922, 326.4 ], [ 312930.568422133801505, 5550551.21239404194057, 327.3 ], [ 312914.943421950039919, 5550565.227186606265604, 328.7 ], [ 312903.163533721119165, 5550576.547396197915077, 329.8 ], [ 312902.889063268725295, 5550576.890916489996016, 329.8 ], [ 312886.459844868630171, 5550598.613818869926035, 331.2 ], [ 312869.992843802785501, 5550623.343262578360736, 332.8 ], [ 312854.256563491711859, 5550654.61399385239929, 333.1 ], [ 312834.082739555102307, 5550683.92553785815835, 334.9 ], [ 312824.727393145789392, 5550701.060007710941136, 334.9 ], [ 312814.274619709933177, 5550713.44696089066565, 336.1 ], [ 312797.007581225072499, 5550729.634437832981348, 338.8 ], [ 312775.508059575106017, 5550751.75805682875216, 342.6 ], [ 312762.745220830314793, 5550771.794658492319286, 344.6 ], [ 312750.386416808934882, 5550805.39601890835911, 347.2 ], [ 312748.537447221111506, 5550824.159636824391782, 347.3 ], [ 312755.665381017664913, 5550843.610259796492755, 345.6 ], [ 312756.133559985144529, 5550844.706870001740754, 345.7 ], [ 312759.78017109259963, 5550852.704100711271167, 346.2 ], [ 312767.704626343329437, 5550858.102717052213848, 346.3 ], [ 312782.078832465864252, 5550863.609163491986692, 346.1 ], [ 312793.789558580960147, 5550864.645609000697732, 345.7 ], [ 312809.830200444790535, 5550862.525161632336676, 344.7 ], [ 312824.839616431389004, 5550857.547043326310813, 343.0 ], [ 312837.124030000937637, 5550856.560038414783776, 342.7 ], [ 312845.399692583130673, 5550859.720412608236074, 344.1 ], [ 312849.735651389346458, 5550864.910984641872346, 344.3 ], [ 312852.211353276565205, 5550876.288366127759218, 345.0 ], [ 312853.581457964493893, 5550888.817510810680687, 345.7 ], [ 312847.64450667402707, 5550927.870031335391104, 347.0 ], [ 312846.717420230619609, 5550946.378693224862218, 347.5 ], [ 312840.825562151381746, 5550972.407285878434777, 348.6 ], [ 312834.446471557603218, 5550990.661804512143135, 349.7 ], [ 312823.079340115073137, 5551015.769286189228296, 351.0 ], [ 312810.710077330819331, 5551030.672109865583479, 352.4 ], [ 312796.063280218804721, 5551052.110335627570748, 354.4 ], [ 312779.341938836674672, 5551079.742964636534452, 356.4 ], [ 312766.582262577721849, 5551108.015881955623627, 357.1 ], [ 312758.204209291492589, 5551138.695170522667468, 356.5 ], [ 312754.400956376979593, 5551150.737875292077661, 356.4 ], [ 312749.948682823567651, 5551164.695481577888131, 356.3 ], [ 312746.686739240190946, 5551169.707161519676447, 357.1 ], [ 312742.263362511643209, 5551176.317802443169057, 357.6 ], [ 312735.465086549171247, 5551186.684704921208322, 359.0 ], [ 312723.799916879623197, 5551207.350811310112476, 362.7 ], [ 312723.672451076214202, 5551207.800491149537265, 362.7 ], [ 312718.986064621480182, 5551227.331466227769852, 363.5 ], [ 312715.282822120585479, 5551250.389649031683803, 364.1 ], [ 312717.077156388084404, 5551264.796045870520175, 363.5 ], [ 312720.06424856063677, 5551272.371161844581366, 363.0 ], [ 312728.77191114454763, 5551293.992386283352971, 364.9 ], [ 312738.643637323053554, 5551310.007678327150643, 366.6 ], [ 312749.450631433865055, 5551317.976413477212191, 366.4 ], [ 312759.772696539643221, 5551320.285746396519244, 365.2 ], [ 312798.032170825114008, 5551324.843442686833441, 362.2 ], [ 312822.292964957887307, 5551328.445124076679349, 360.9 ], [ 312833.915557695785537, 5551329.039477118290961, 360.5 ], [ 312837.318830561242066, 5551332.147966599091887, 360.4 ], [ 312841.805306458321866, 5551337.555844101123512, 361.5 ], [ 312843.905485565308481, 5551340.264797842130065, 362.4 ], [ 312847.447599243605509, 5551349.378753932192922, 365.0 ], [ 312844.977192096179351, 5551364.713755588978529, 364.4 ], [ 312842.115796536148991, 5551370.935669272206724, 363.7 ], [ 312839.457301620976068, 5551376.816566574387252, 363.8 ], [ 312825.068640227778815, 5551405.591687230393291, 364.0 ], [ 312817.964424831792712, 5551427.655973034910858, 365.2 ], [ 312812.519330542592797, 5551458.232399606145918, 368.2 ], [ 312802.792661748942919, 5551468.813191092573106, 367.1 ], [ 312781.383705184678547, 5551485.257392884232104, 367.6 ], [ 312777.300095127196983, 5551489.296152852475643, 367.9 ], [ 312759.360782890929841, 5551510.738718812353909, 370.3 ], [ 312741.417720483150333, 5551532.070183306001127, 373.8 ], [ 312709.984971597790718, 5551564.893795576877892, 379.2 ], [ 312705.349996689707041, 5551573.62666476983577, 379.8 ], [ 312702.262621938541997, 5551579.52269059792161, 380.2 ], [ 312693.110958720906638, 5551604.441575463861227, 381.1 ], [ 312683.887866798846517, 5551629.36298796813935, 381.9 ], [ 312676.882181133143604, 5551648.084987614303827, 382.2 ], [ 312670.880595115711913, 5551656.643233446404338, 382.9 ], [ 312665.312007363128942, 5551671.419244008138776, 383.4 ], [ 312665.244384105200879, 5551671.532919145189226, 383.4 ], [ 312658.956698635942303, 5551686.222864930517972, 384.8 ], [ 312658.753829911933281, 5551686.563890617340803, 384.8 ], [ 312658.62248440948315, 5551686.902406892739236, 384.9 ], [ 312656.671805813792162, 5551692.535980531014502, 385.5 ], [ 312656.540460622229148, 5551692.87449686601758, 385.5 ], [ 312654.022772224270739, 5551702.757467123679817, 386.5 ], [ 312654.988896956900135, 5551713.96513843908906, 386.6 ], [ 312655.862725803395733, 5551720.501336261630058, 386.6 ], [ 312657.417992494883947, 5551724.008453195914626, 386.2 ], [ 312664.653374894056469, 5551736.331797376275063, 384.0 ], [ 312680.137056702165864, 5551761.276882489211857, 381.6 ], [ 312684.566133611253463, 5551769.13529259711504, 381.6 ], [ 312688.198082978080492, 5551774.684314194135368, 381.6 ], [ 312700.026241515064612, 5551793.413436917588115, 381.4 ], [ 312705.089830956421793, 5551803.030445158481598, 381.4 ], [ 312710.032424412493128, 5551815.322964350692928, 381.5 ], [ 312712.08285237691598, 5551832.948157846927643, 382.8 ], [ 312712.245195920579135, 5551845.742264861240983, 383.8 ], [ 312707.420577751589008, 5551859.267816607840359, 385.1 ], [ 312701.949811570928432, 5551864.579645490273833, 386.0 ], [ 312692.773001993133221, 5551868.351951536722481, 387.5 ], [ 312675.215264449361712, 5551874.087847298942506, 390.4 ], [ 312649.674558561004233, 5551880.883032262325287, 394.4 ], [ 312625.566924344981089, 5551889.742802897468209, 397.4 ], [ 312615.763440249720588, 5551898.100652297958732, 397.9 ], [ 312611.061335450911429, 5551906.947293824516237, 397.4 ], [ 312603.095379937032703, 5551924.812717345543206, 396.7 ], [ 312601.187788784736767, 5551931.669140706770122, 396.8 ], [ 312592.773384331027046, 5551961.237118241377175, 397.0 ], [ 312589.556514177820645, 5551983.833200077526271, 398.1 ], [ 312589.447431814391166, 5551999.08551359269768, 398.8 ], [ 312590.212373723741621, 5552033.117323025129735, 400.0 ], [ 312587.462372184731066, 5552052.691848114132881, 401.0 ], [ 312574.589411644381471, 5552077.630365956574678, 403.5 ], [ 312572.60778039728757, 5552082.374652067199349, 403.7 ], [ 312565.072542395209894, 5552092.099931864999235, 404.5 ], [ 312533.203611218021251, 5552124.606282433494925, 408.8 ], [ 312526.351199459400959, 5552135.420677849091589, 409.5 ], [ 312500.135262774885632, 5552169.84350845310837, 412.6 ], [ 312488.713726293412037, 5552181.041038734838367, 414.0 ], [ 312458.920774520840496, 5552205.349861674010754, 420.0 ], [ 312457.811659623868763, 5552206.39055058080703, 420.3 ], [ 312451.705677608901169, 5552211.947595132514834, 422.0 ], [ 312450.111573189729825, 5552213.450535636395216, 422.4 ], [ 312447.756909077346791, 5552217.762771455571055, 423.1 ], [ 312445.459860702045262, 5552231.867651631124318, 424.1 ], [ 312447.842347930883989, 5552240.576891810633242, 424.0 ], [ 312453.076426492421888, 5552250.966803579591215, 423.7 ], [ 312453.449869200587273, 5552257.520563371479511, 423.9 ], [ 312451.520659712434281, 5552267.828216576017439, 424.3 ], [ 312445.621495220868383, 5552273.155401554889977, 424.5 ], [ 312450.27246675058268, 5552301.596888507716358, 423.5 ], [ 312447.38331075606402, 5552302.922722607851028, 423.2 ], [ 312436.856730186671484, 5552313.087220828980207, 421.5 ], [ 312433.113584241014905, 5552320.676039307378232, 420.6 ], [ 312436.787235697847791, 5552329.451213332824409, 420.8 ], [ 312438.267359817866236, 5552338.971274544484913, 420.8 ], [ 312440.012528678635135, 5552343.807295127771795, 421.1 ], [ 312442.078903026820626, 5552349.633758704178035, 421.3 ], [ 312446.592382028640714, 5552355.8194614732638, 422.1 ], [ 312454.927347563148942, 5552362.761337575502694, 423.5 ], [ 312469.671225878293626, 5552368.698965411633253, 425.6 ], [ 312504.55509430472739, 5552385.393447136506438, 427.9 ], [ 312519.556335676694289, 5552392.546499306336045, 428.7 ], [ 312539.367222934728488, 5552402.090662994422019, 429.8 ], [ 312551.809493236592971, 5552409.778872956521809, 429.2 ], [ 312562.692788673739415, 5552419.970512120984495, 427.0 ], [ 312565.30378967692377, 5552424.99877121951431, 426.9 ], [ 312568.115102093725, 5552433.692994926124811, 427.1 ], [ 312568.237487637845334, 5552441.257297109812498, 427.7 ], [ 312566.854197396314703, 5552448.7631621863693, 428.3 ], [ 312564.974224811070599, 5552456.397770159877837, 428.5 ], [ 312557.104195513762534, 5552468.806126295588911, 429.5 ], [ 312543.427481829188764, 5552485.091398037970066, 431.8 ], [ 312539.356585799658205, 5552489.463865867815912, 432.9 ], [ 312528.515624377992935, 5552500.863571947440505, 435.8 ], [ 312511.407735885062721, 5552515.265982987359166, 439.1 ], [ 312495.930322687490843, 5552527.162516568787396, 441.9 ], [ 312484.88671184272971, 5552538.90334921143949, 444.9 ], [ 312482.189271201379597, 5552551.797955995425582, 447.8 ], [ 312481.638411339605227, 5552562.613703791052103, 450.3 ], [ 312474.46748121373821, 5552556.18742711097002, 449.9 ], [ 312463.741427419823594, 5552542.317445268854499, 448.2 ], [ 312454.196145853959024, 5552533.525939875282347, 447.3 ], [ 312450.923430170980282, 5552532.082678341306746, 447.2 ], [ 312423.649425581563264, 5552520.018520028330386, 446.9 ], [ 312399.453368677641265, 5552516.082757574506104, 448.4 ], [ 312373.279552598309238, 5552510.880978194065392, 450.4 ], [ 312340.730128586990759, 5552497.444403530098498, 449.8 ], [ 312327.603857652051374, 5552490.671149847097695, 448.7 ], [ 312317.271614867844619, 5552481.907537402585149, 445.6 ], [ 312308.142171409563161, 5552474.771201595664024, 442.8 ], [ 312289.124839947384316, 5552473.547725917771459, 443.7 ], [ 312270.477264208369888, 5552478.766905922442675, 447.2 ], [ 312254.188500890508294, 5552485.906652989797294, 450.5 ], [ 312238.317123994813301, 5552492.697861470282078, 452.9 ], [ 312217.304710018797778, 5552499.892570655792952, 453.4 ], [ 312218.665108959190547, 5552503.962940845638514, 455.2 ], [ 312209.180215465137735, 5552507.0791832851246, 455.3 ], [ 312171.933502708561718, 5552516.848666436038911, 454.5 ], [ 312151.495553641696461, 5552520.016507538035512, 453.0 ], [ 312133.152129595342558, 5552521.663769491016865, 452.5 ], [ 312109.637443130719475, 5552520.821823826059699, 452.6 ], [ 312083.225266805267893, 5552514.962015780620277, 451.5 ], [ 312056.745426947542001, 5552509.216020510531962, 450.1 ], [ 312038.331519170664251, 5552508.862623628228903, 450.8 ], [ 312018.048151004360989, 5552489.987416429445148, 445.0 ], [ 312002.061157730175182, 5552475.190508959814906, 440.4 ], [ 311966.916818565747235, 5552483.663047505542636, 442.9 ], [ 311935.609587690210901, 5552501.461458515375853, 448.2 ], [ 311915.950343325734138, 5552512.505336622707546, 451.7 ], [ 311910.441873956704512, 5552516.706358555704355, 453.0 ], [ 311891.281319182133302, 5552531.739699187688529, 457.7 ], [ 311871.310682730400003, 5552554.259020272642374, 465.7 ], [ 311865.089112644200213, 5552562.603467059321702, 468.1 ], [ 311861.999389920965768, 5552568.388856905512512, 469.2 ], [ 311861.306793546769768, 5552571.084559135138988, 469.5 ], [ 311860.041118209366687, 5552575.803928626701236, 470.1 ], [ 311861.451726916362531, 5552583.322872998192906, 470.8 ], [ 311867.918110186350532, 5552585.988870873115957, 471.5 ] ] ] } },
{ "type": "Feature", "properties": { "name": "Felsenweg 6 - Teufelsschlucht", "km": 17.978, "darstell": "F1", "height": 440, "link": "https://www.naturpark-suedeifel.de/a-felsenweg-6-teufelsschlucht", "erlebnis": 70, "datum": null }, "geometry": { "type": "MultiLineString", "coordinates": [ [ [ 314212.771411283581983, 5523806.499396595172584, 287.4 ], [ 314213.037936972978059, 5523801.704531577415764, 286.7 ], [ 314179.880663645104505, 5523773.243722362443805, 285.5 ], [ 314158.558162619010545, 5523749.82827059365809, 286.0 ], [ 314137.23548134311568, 5523726.412899389863014, 286.5 ], [ 314129.854966403159779, 5523714.870284241624177, 287.7 ], [ 314114.352920829027425, 5523701.604592051357031, 288.3 ], [ 314088.686445160827134, 5523687.910629582591355, 287.5 ], [ 314056.658335738466121, 5523673.434693574905396, 285.9 ], [ 314024.55814952054061, 5523658.961425892077386, 285.2 ], [ 314008.91674042865634, 5523647.926722764037549, 285.7 ], [ 313981.959881051210687, 5523619.809440068900585, 288.6 ], [ 313955.074645441549364, 5523591.689803536981344, 290.2 ], [ 313930.931408836971968, 5523576.274512735195458, 288.9 ], [ 313905.928411470900755, 5523567.232837241142988, 287.1 ], [ 313880.92532500019297, 5523558.191275781951845, 286.1 ], [ 313865.621919658966362, 5523550.70672167185694, 285.7 ], [ 313844.130824440042488, 5523534.977576921693981, 286.1 ], [ 313840.220294591970742, 5523532.219023914076388, 286.0 ], [ 313822.643444718385581, 5523519.359677519649267, 285.6 ], [ 313794.937440927780699, 5523494.607982750050724, 285.6 ], [ 313776.151755830680486, 5523471.773986840620637, 287.5 ], [ 313759.728806273371447, 5523458.98623760510236, 287.6 ], [ 313734.564659586118069, 5523447.391088568605483, 284.8 ], [ 313721.848977430607192, 5523425.237774107605219, 286.1 ], [ 313709.137041363748722, 5523403.195650100708008, 288.0 ], [ 313689.156411777017638, 5523383.296914125792682, 288.7 ], [ 313672.411212060367689, 5523363.28635386377573, 290.8 ], [ 313661.23621333175106, 5523335.737704519182444, 295.7 ], [ 313645.69503785436973, 5523317.243708556517959, 295.7 ], [ 313615.09262509108521, 5523279.57145969197154, 295.6 ], [ 313596.19010972592514, 5523253.403190698474646, 297.3 ], [ 313576.877902841428295, 5523225.802313251420856, 298.6 ], [ 313566.360540014982689, 5523204.797496479004622, 299.9 ], [ 313551.111332680040505, 5523188.519541709683836, 298.9 ], [ 313543.729189617675729, 5523170.745135786011815, 300.4 ], [ 313537.412845542654395, 5523150.485356363467872, 302.3 ], [ 313520.179661324014887, 5523133.051882684230804, 300.0 ], [ 313507.243152561713941, 5523104.562793750315905, 300.6 ], [ 313494.310367327416316, 5523076.184895867481828, 301.2 ], [ 313480.339754493092187, 5523053.185128338634968, 300.8 ], [ 313468.228479862504173, 5523025.669207770377398, 301.6 ], [ 313456.045186910603661, 5522998.155801705084741, 302.9 ], [ 313447.052211865375284, 5522983.776129769161344, 303.3 ], [ 313434.822943472594488, 5522942.463712735101581, 303.5 ], [ 313433.517458422167692, 5522929.709930128417909, 301.4 ], [ 313435.026499556668568, 5522921.310522892512381, 300.9 ], [ 313439.81879143032711, 5522916.247606829740107, 301.9 ], [ 313448.148539608577266, 5522915.62534486874938, 304.3 ], [ 313450.86772931762971, 5522892.270458151586354, 303.8 ], [ 313447.458141631213948, 5522866.567947164177895, 301.4 ], [ 313448.056403287977446, 5522833.93766852747649, 301.0 ], [ 313454.167408822919242, 5522798.334170181304216, 303.4 ], [ 313454.940841884817928, 5522754.123111501336098, 303.2 ], [ 313456.76865870389156, 5522740.37050321791321, 304.0 ], [ 313459.580143968109041, 5522725.916074242442846, 305.3 ], [ 313455.223939374671318, 5522706.144986662082374, 304.1 ], [ 313457.144133985391818, 5522695.06027287710458, 305.1 ], [ 313467.992820010171272, 5522684.000397821888328, 308.8 ], [ 313468.062341795186512, 5522679.768766578286886, 308.9 ], [ 313467.119139130343683, 5522664.999126641079783, 308.9 ], [ 313456.708445882191882, 5522640.874493182636797, 306.5 ], [ 313449.589965209830552, 5522622.423273260705173, 304.9 ], [ 313448.0743202547892, 5522599.437590586952865, 305.2 ], [ 313440.923538381175604, 5522584.215063416399062, 303.8 ], [ 313427.316002854378894, 5522569.661249434575438, 301.1 ], [ 313409.716993551584892, 5522525.084596336819232, 299.3 ], [ 313408.143245762737934, 5522506.664041667245328, 299.9 ], [ 313402.445912937400863, 5522491.836414942517877, 299.5 ], [ 313400.680915524309967, 5522469.972324912436306, 300.3 ], [ 313390.5738926588092, 5522448.397069343365729, 299.5 ], [ 313377.871217783074826, 5522435.036275069229305, 297.6 ], [ 313373.650156737188809, 5522433.735598198138177, 296.8 ], [ 313369.335307046887465, 5522433.885013221763074, 295.7 ], [ 313359.450547052547336, 5522449.919978273101151, 290.9 ], [ 313355.434914896963164, 5522450.392929578199983, 289.5 ], [ 313351.251125099835917, 5522448.089320450089872, 288.4 ], [ 313343.747884299198631, 5522439.334243115969002, 287.2 ], [ 313331.208013501716778, 5522432.756937994621694, 283.9 ], [ 313316.102534617180936, 5522414.471202725544572, 281.3 ], [ 313312.315646345727146, 5522404.919664388522506, 281.2 ], [ 313299.716645714477636, 5522394.5604257741943, 277.7 ], [ 313288.146346434601583, 5522376.486183816567063, 275.3 ], [ 313268.411042925785296, 5522357.581888699904084, 269.8 ], [ 313271.777285407064483, 5522327.971938863396645, 268.9 ], [ 313270.149077130714431, 5522314.227700239047408, 266.1 ], [ 313272.106286948954221, 5522308.372523314319551, 265.5 ], [ 313310.021848845877685, 5522282.574056631885469, 269.0 ], [ 313344.345457420567982, 5522269.476657167077065, 270.5 ], [ 313378.59730583219789, 5522256.381970570422709, 268.8 ], [ 313403.055654461088125, 5522247.410597535781562, 265.6 ], [ 313429.516204429906793, 5522238.036147189326584, 260.5 ], [ 313474.555330004892312, 5522237.03377465903759, 257.7 ], [ 313499.617328258929774, 5522230.935639954172075, 254.4 ], [ 313524.747447786736302, 5522224.723972853273153, 252.8 ], [ 313541.459487074636854, 5522218.692341160029173, 251.7 ], [ 313558.060773266828619, 5522217.784172844141722, 253.0 ], [ 313577.240233864926267, 5522224.800133982673287, 257.9 ], [ 313607.714895317098126, 5522225.30430531129241, 259.6 ], [ 313640.538625501969364, 5522222.945049367845058, 257.6 ], [ 313659.584536898648366, 5522228.185192037373781, 256.9 ], [ 313673.254220041912049, 5522238.285644814372063, 257.7 ], [ 313681.386278860270977, 5522248.577554373070598, 259.2 ], [ 313696.387126467248891, 5522263.862910252995789, 260.7 ], [ 313704.268195623066276, 5522279.394391421228647, 263.6 ], [ 313738.604740946844686, 5522312.486522638238966, 269.7 ], [ 313771.687825958186295, 5522330.152162082493305, 271.8 ], [ 313801.265362639154773, 5522354.728088366799057, 266.4 ], [ 313830.213229736255016, 5522369.420667354948819, 260.2 ], [ 313854.804564667807426, 5522376.80710098426789, 254.8 ], [ 313879.395826714055147, 5522384.193645182065666, 251.0 ], [ 313915.773523342970293, 5522399.297857246361673, 250.4 ], [ 313952.222920374944806, 5522414.399827546440065, 253.6 ], [ 313996.246994486427866, 5522423.675873391330242, 255.8 ], [ 314038.10485983378021, 5522439.0369234951213, 259.7 ], [ 314070.298281173105352, 5522443.490931144915521, 259.8 ], [ 314084.090392752550542, 5522442.569961722008884, 259.2 ], [ 314095.930270737910178, 5522443.497080693952739, 259.4 ], [ 314113.018915489898063, 5522442.128592601977289, 258.5 ], [ 314130.244780189241283, 5522434.300343702547252, 255.5 ], [ 314150.875326732173562, 5522439.598792902193964, 256.5 ], [ 314180.977057779906318, 5522456.479270643554628, 259.6 ], [ 314216.701121789519675, 5522477.729162681847811, 263.8 ], [ 314241.148998244607355, 5522497.698509708978236, 267.6 ], [ 314267.203840177156962, 5522514.162450601346791, 267.2 ], [ 314297.957057433435693, 5522524.899895178154111, 265.8 ], [ 314323.00098317139782, 5522541.287627457641065, 267.3 ], [ 314348.048584218835458, 5522557.786635085009038, 269.2 ], [ 314358.648162874975242, 5522562.429750203154981, 270.2 ], [ 314368.449031960393768, 5522566.877807771787047, 271.2 ], [ 314398.397860051132739, 5522583.542097414843738, 274.0 ], [ 314412.203287824406289, 5522578.837485307827592, 278.1 ], [ 314449.845832676743157, 5522563.852148625068367, 293.0 ], [ 314462.399651556974277, 5522552.067936885170639, 297.6 ], [ 314486.555959594319575, 5522544.781300378032029, 302.8 ], [ 314494.864814667962492, 5522537.26117751840502, 304.2 ], [ 314484.182590579264797, 5522523.93970253597945, 304.2 ], [ 314443.615221174433827, 5522512.537465776316822, 300.6 ], [ 314426.472953076474369, 5522501.886990561150014, 300.5 ], [ 314403.599164545594249, 5522469.063804537989199, 304.7 ], [ 314380.797025000443682, 5522436.238233426585793, 304.7 ], [ 314368.356099081109278, 5522417.857998025603592, 303.8 ], [ 314363.669023000169545, 5522405.109304801560938, 303.9 ], [ 314350.238166022114456, 5522391.437560255639255, 302.1 ], [ 314326.843922247877344, 5522356.072810525074601, 300.5 ], [ 314314.917969828587957, 5522329.661749857477844, 302.0 ], [ 314302.988081452785991, 5522303.139551316387951, 304.2 ], [ 314290.38780388829764, 5522257.16396935004741, 308.0 ], [ 314289.667730612214655, 5522236.265451675280929, 309.6 ], [ 314290.881305538816378, 5522204.616058120504022, 312.5 ], [ 314296.891245838429313, 5522174.248238869011402, 313.3 ], [ 314302.901269285357557, 5522143.880429194308817, 312.7 ], [ 314309.559428549837321, 5522134.413622127845883, 312.6 ], [ 314311.216131981404033, 5522121.891591715626419, 311.9 ], [ 314324.945404995, 5522094.040250174701214, 310.6 ], [ 314350.380097382818349, 5522069.458484462462366, 311.3 ], [ 314358.341171493404545, 5522051.822398876771331, 310.7 ], [ 314363.242046732630115, 5522039.411252086982131, 310.0 ], [ 314376.391261584823951, 5522017.701228738762438, 308.4 ], [ 314388.150558009278029, 5522003.718400648795068, 307.3 ], [ 314410.297606026404537, 5521981.921231110580266, 306.4 ], [ 314442.501387617434375, 5521957.329489231109619, 308.8 ], [ 314461.754456859722268, 5521939.30488258600235, 310.3 ], [ 314469.632766401860863, 5521931.799602010287344, 310.5 ], [ 314482.687095253379084, 5521928.23406948428601, 311.9 ], [ 314496.108693694637623, 5521924.878518274985254, 312.9 ], [ 314509.146992972120643, 5521918.753842195495963, 313.0 ], [ 314534.247382942703553, 5521907.428529310040176, 312.5 ], [ 314566.716610818868503, 5521903.083945026621222, 313.9 ], [ 314591.498909212590661, 5521890.879501414485276, 313.7 ], [ 314615.50810877524782, 5521864.567450415343046, 311.7 ], [ 314618.657861395156942, 5521843.090714770369232, 308.9 ], [ 314621.405462380731478, 5521841.326817321591079, 308.7 ], [ 314625.304523044615053, 5521841.637905929237604, 308.9 ], [ 314628.207438270794228, 5521840.202552408911288, 308.7 ], [ 314633.477117771864869, 5521830.116190560162067, 307.0 ], [ 314653.704484423506074, 5521813.171770555898547, 304.3 ], [ 314659.995402303873561, 5521811.84253266826272, 304.5 ], [ 314668.703534194966778, 5521805.421977584250271, 303.8 ], [ 314673.034148525679484, 5521805.718264879658818, 304.3 ], [ 314679.012705122004263, 5521809.964475580491126, 305.8 ], [ 314683.831483036570717, 5521809.798813908360898, 306.2 ], [ 314690.041476511047222, 5521804.02064486220479, 305.5 ], [ 314717.001049660961144, 5521779.722257549874485, 301.7 ], [ 314727.26169882476097, 5521774.472672683186829, 300.8 ], [ 314733.575598425115459, 5521773.810496347025037, 300.7 ], [ 314756.163216628716327, 5521785.721720192581415, 302.0 ], [ 314778.750732196727768, 5521797.633036395534873, 302.9 ], [ 314790.553015787445474, 5521807.911706183105707, 303.7 ], [ 314805.582183945574798, 5521811.513215973041952, 303.6 ], [ 314833.542634581332095, 5521816.33996188826859, 304.3 ], [ 314880.370832789223641, 5521812.839617099612951, 304.6 ], [ 314905.842655915301293, 5521812.298817035742104, 304.4 ], [ 314945.390037443430629, 5521816.950877086259425, 303.8 ], [ 314961.984912415849976, 5521815.82474203966558, 302.9 ], [ 314970.823673380189575, 5521815.298759642988443, 302.4 ], [ 315001.479786472336855, 5521808.459329252131283, 300.5 ], [ 315017.533645228133537, 5521808.353574085049331, 300.7 ], [ 315027.078038759413175, 5521813.702015935443342, 302.0 ], [ 315035.105526115978137, 5521823.109081845730543, 303.9 ], [ 315055.662607108708471, 5521832.531436258926988, 305.2 ], [ 315073.459365842398256, 5521839.154934927821159, 304.9 ], [ 315087.092791633214802, 5521848.258463408797979, 305.0 ], [ 315098.293866560328752, 5521864.123051038943231, 306.7 ], [ 315121.827680249232799, 5521880.566301660612226, 306.7 ], [ 315137.273454276961274, 5521902.629092088900506, 308.8 ], [ 315145.671661814674735, 5521912.357470629736781, 309.5 ], [ 315148.83057741553057, 5521920.484837662428617, 310.6 ], [ 315159.953580806963146, 5521927.782638370059431, 310.7 ], [ 315175.399390510516241, 5521935.154823936522007, 310.7 ], [ 315206.865263804327697, 5521945.650494734756649, 310.7 ], [ 315221.225014107127208, 5521954.952020609751344, 311.8 ], [ 315242.318505617324263, 5521963.243720076978207, 311.6 ], [ 315251.367988857324235, 5521975.175785820931196, 312.8 ], [ 315263.714301514439285, 5521986.660994427278638, 312.8 ], [ 315273.117635233560577, 5521990.011399377137423, 311.7 ], [ 315289.791368013364263, 5522005.911375650204718, 311.7 ], [ 315294.756528346566483, 5522018.428639274090528, 313.5 ], [ 315307.578069873678032, 5522022.77489978261292, 312.7 ], [ 315316.513947714702226, 5522035.601298484019935, 314.6 ], [ 315344.536201104463544, 5522054.896565746515989, 316.7 ], [ 315380.352506102528423, 5522076.818619147874415, 317.6 ], [ 315403.88916274823714, 5522097.603326923213899, 317.7 ], [ 315418.056072576611768, 5522111.808827321045101, 317.8 ], [ 315450.23395364364842, 5522132.631685309112072, 316.8 ], [ 315487.00363924796693, 5522157.192778434604406, 317.1 ], [ 315505.724911882658489, 5522178.254028516821563, 317.7 ], [ 315515.539048905251548, 5522195.724953098222613, 318.4 ], [ 315531.753316349815577, 5522210.862280503846705, 317.2 ], [ 315533.457591718179174, 5522216.479884149506688, 317.5 ], [ 315533.247496043331921, 5522227.171182710677385, 318.4 ], [ 315535.32386890007183, 5522239.45361927524209, 318.6 ], [ 315540.658172445255332, 5522245.948624183423817, 317.7 ], [ 315542.688505218247883, 5522254.782561846077442, 317.1 ], [ 315538.2021375260083, 5522291.996604570187628, 315.8 ], [ 315538.306248750246596, 5522324.490540416911244, 313.5 ], [ 315539.776467677904293, 5522333.788818086497486, 312.5 ], [ 315550.15943529404467, 5522359.475986842997372, 307.6 ], [ 315555.363765757007059, 5522381.111268498003483, 305.6 ], [ 315557.737892766250297, 5522408.408049181103706, 305.8 ], [ 315552.481207465636544, 5522433.628830829635262, 309.7 ], [ 315552.752800472720992, 5522449.979579911567271, 311.4 ], [ 315552.890129639126826, 5522456.095985004678369, 312.2 ], [ 315557.852023158804514, 5522476.960514467209578, 313.8 ], [ 315571.130577872740105, 5522505.219640845432878, 315.0 ], [ 315583.290478710085154, 5522521.83132862765342, 314.7 ], [ 315611.931678783497773, 5522550.900381304323673, 313.1 ], [ 315636.814166025957093, 5522579.541688454337418, 314.1 ], [ 315664.583914784132503, 5522606.303654048591852, 315.1 ], [ 315687.098160594934598, 5522620.446827964857221, 314.6 ], [ 315709.61608791857725, 5522634.701255972497165, 314.7 ], [ 315738.322915353812277, 5522655.199132818728685, 316.5 ], [ 315763.169177410192788, 5522676.496886530891061, 318.6 ], [ 315788.318370921304449, 5522700.344118419103324, 321.1 ], [ 315816.09352531505283, 5522720.985513328574598, 321.1 ], [ 315847.324174751993269, 5522743.73480661958456, 319.9 ], [ 315867.559835814172402, 5522764.967968201264739, 322.1 ], [ 315895.075047546823043, 5522801.199563852511346, 326.2 ], [ 315915.33237451891182, 5522816.756227491423488, 324.1 ], [ 315930.139054889325052, 5522826.600641256198287, 319.2 ], [ 315943.451032773242332, 5522839.055870687589049, 315.2 ], [ 315956.637436557502951, 5522845.728212676942348, 312.8 ], [ 315972.945546824601479, 5522846.840649651363492, 310.4 ], [ 315989.616554404608905, 5522843.82292559556663, 308.2 ], [ 316008.070712325745262, 5522846.642865471541882, 308.1 ], [ 316033.239226809877437, 5522854.241796335205436, 310.3 ], [ 316057.885151450522244, 5522859.187663620337844, 311.6 ], [ 316074.946768107474782, 5522865.505421499721706, 312.2 ], [ 316093.276992045866791, 5522881.573654542677104, 314.0 ], [ 316103.299173752660863, 5522888.354328625835478, 314.0 ], [ 316113.135621151188388, 5522891.802590860053897, 313.2 ], [ 316127.929690554155968, 5522892.855859901756048, 310.9 ], [ 316145.648345741908997, 5522933.206825917586684, 311.6 ], [ 316148.030559725419153, 5522956.608203543350101, 311.7 ], [ 316158.5754514625296, 5522972.385803019627929, 308.0 ], [ 316162.546361395157874, 5522985.382807996124029, 305.9 ], [ 316163.879952821531333, 5523005.481198969297111, 303.8 ], [ 316172.098987332836259, 5523045.933744926936924, 297.4 ], [ 316168.845507826074027, 5523062.404694048687816, 297.4 ], [ 316163.857524932362139, 5523061.7958217067644, 299.2 ], [ 316158.839354983763769, 5523062.412198253907263, 300.9 ], [ 316154.154318373184651, 5523064.352720099501312, 302.5 ], [ 316150.366278200468514, 5523067.264271032996476, 303.7 ], [ 316147.017417024704628, 5523072.49797691591084, 304.5 ], [ 316144.959053597180173, 5523077.576360145583749, 305.0 ], [ 316143.41193749778904, 5523087.088989855721593, 305.0 ], [ 316144.959053597180173, 5523077.576360145583749, 305.0 ], [ 316147.017417024704628, 5523072.49797691591084, 304.5 ], [ 316150.366278200468514, 5523067.264271032996476, 303.7 ], [ 316154.154318373184651, 5523064.352720099501312, 302.5 ], [ 316158.839354983763769, 5523062.412198253907263, 300.9 ], [ 316163.857524932362139, 5523061.7958217067644, 299.2 ], [ 316168.845507826074027, 5523062.404694048687816, 297.4 ], [ 316167.464602622902021, 5523068.350292605347931, 297.6 ], [ 316160.864533669373486, 5523069.020636693574488, 299.9 ], [ 316154.102008098503575, 5523073.36917532980442, 302.0 ], [ 316151.002997248317115, 5523079.595984262414277, 302.8 ], [ 316148.626992984092794, 5523088.023971074260771, 303.2 ], [ 316148.787259878183249, 5523105.38009221944958, 302.4 ], [ 316145.268881952099036, 5523120.413302892819047, 302.9 ], [ 316135.249501931422856, 5523143.236222512088716, 304.9 ], [ 316123.553846374619752, 5523167.563170165754855, 306.9 ], [ 316111.854511042416561, 5523191.778983699157834, 308.7 ], [ 316096.722924053785391, 5523216.668437266722322, 311.8 ], [ 316081.667181593831629, 5523241.666645992547274, 314.4 ], [ 316075.189538679900579, 5523254.352504019625485, 314.7 ], [ 316070.994021379621699, 5523268.518560738302767, 314.6 ], [ 316066.2926211518934, 5523295.277930981479585, 314.1 ], [ 316061.818368760345038, 5523322.363432022742927, 313.9 ], [ 316054.747938444837928, 5523347.200434295460582, 313.8 ], [ 316046.50018217402976, 5523367.069488220848143, 314.9 ], [ 316034.812436357082333, 5523385.275335811078548, 317.1 ], [ 316019.756844876392279, 5523403.930093840695918, 320.1 ], [ 316002.483616841258481, 5523420.879954699426889, 321.9 ], [ 315984.96039171871962, 5523434.72222587838769, 322.6 ], [ 315966.055727371480316, 5523446.052018195390701, 323.8 ], [ 315941.974110672366805, 5523455.444178143516183, 325.7 ], [ 315936.188213596818969, 5523456.754767781123519, 326.1 ], [ 315940.888786038500257, 5523461.602346891537309, 324.8 ], [ 315941.589559633866884, 5523467.365620097145438, 323.6 ], [ 315940.916903363657184, 5523475.067787253297865, 321.9 ], [ 315937.961945893359371, 5523479.175270758569241, 321.5 ], [ 315933.867479752167128, 5523479.426446263678372, 322.1 ], [ 315927.922619969001971, 5523480.297306927852333, 322.8 ], [ 315922.10610484611243, 5523478.604059484787285, 324.0 ], [ 315910.061193675152026, 5523480.01723833847791, 325.4 ], [ 315891.711385832517408, 5523478.084528240375221, 327.8 ], [ 315884.158706925052684, 5523482.46045202948153, 328.5 ], [ 315881.329158827546053, 5523490.23634094838053, 328.6 ], [ 315885.791544787236489, 5523496.538817775435746, 327.5 ], [ 315903.71424033184303, 5523502.826510972343385, 323.9 ], [ 315919.23896715400042, 5523518.989942191168666, 318.4 ], [ 315922.029685491346754, 5523533.251337273046374, 316.0 ], [ 315922.611594267713372, 5523556.602902891114354, 314.0 ], [ 315918.299569757829886, 5523571.552152567543089, 315.3 ], [ 315915.169677530357148, 5523597.924155806191266, 316.7 ], [ 315908.863029929285403, 5523609.268915295600891, 320.3 ], [ 315914.661242500180379, 5523646.242531814612448, 312.9 ], [ 315915.072015101031866, 5523662.47722140699625, 310.0 ], [ 315912.439514124358539, 5523671.804463631473482, 309.7 ], [ 315898.738174037251156, 5523677.392123178578913, 315.6 ], [ 315890.902278871741146, 5523684.003587020561099, 318.4 ], [ 315887.248085456318222, 5523692.92059023026377, 319.0 ], [ 315884.397022270015441, 5523708.487710337154567, 319.1 ], [ 315877.882787313894369, 5523722.176760941743851, 322.3 ], [ 315878.460273443488404, 5523739.073514610528946, 322.6 ], [ 315881.344540042919107, 5523772.919213122688234, 321.9 ], [ 315875.41901781357592, 5523801.723962460644543, 325.7 ], [ 315867.061674783646595, 5523812.025957250967622, 328.7 ], [ 315861.247281124466099, 5523823.020093861967325, 330.3 ], [ 315860.575731418444775, 5523837.065934198908508, 330.3 ], [ 315865.81302530359244, 5523866.045615257695317, 327.5 ], [ 315872.005014268797822, 5523876.629365466535091, 324.9 ], [ 315876.157946347084362, 5523890.73288983758539, 323.5 ], [ 315890.380069188540801, 5523906.718127181753516, 319.7 ], [ 315893.939664734061807, 5523926.629162115976214, 320.8 ], [ 315905.157329419627786, 5523943.162285103462636, 319.6 ], [ 315916.631262142909691, 5523952.452644808217883, 316.9 ], [ 315923.391452781157568, 5523969.138125497847795, 318.8 ], [ 315924.581126345088705, 5523980.783205936662853, 321.9 ], [ 315923.469673548592255, 5523988.277797001414001, 324.3 ], [ 315918.015137853566557, 5524001.374145116657019, 327.1 ], [ 315926.695967848761939, 5524006.864723538048565, 326.6 ], [ 315938.120910454716068, 5524018.939111319370568, 326.5 ], [ 315955.905940606084187, 5524027.568729413673282, 323.9 ], [ 315960.788076986849774, 5524035.637585170567036, 324.3 ], [ 315979.104411013016943, 5524057.715532936155796, 323.5 ], [ 315997.831685078388546, 5524068.650234608910978, 319.8 ], [ 316039.045681963791139, 5524078.371829376555979, 318.8 ], [ 316065.456144486437552, 5524076.134432690218091, 316.2 ], [ 316103.855219984019641, 5524089.847869798541069, 313.8 ], [ 316129.732139675179496, 5524126.803953455761075, 317.8 ], [ 316161.066248165385332, 5524138.087917464785278, 314.4 ], [ 316187.259728179895319, 5524167.465554976835847, 315.4 ], [ 316182.459573362371884, 5524182.876424228772521, 319.6 ], [ 316180.643921882729046, 5524188.725591745227575, 321.0 ], [ 316189.385426169494167, 5524202.338837940245867, 321.4 ], [ 316182.001834591676015, 5524226.407388230785728, 326.0 ], [ 316189.59517630643677, 5524221.14010102674365, 324.0 ], [ 316199.281276705907658, 5524220.253110541030765, 321.5 ], [ 316208.464510116376914, 5524223.612407677806914, 319.1 ], [ 316223.986057831905782, 5524235.547560916282237, 314.5 ], [ 316235.103513283538632, 5524249.191099853254855, 310.8 ], [ 316240.152082740678452, 5524264.265917421318591, 308.0 ], [ 316241.436544767580926, 5524287.148327581584454, 305.4 ], [ 316246.337501663365401, 5524302.116892533376813, 301.6 ], [ 316245.37445406767074, 5524324.519516663625836, 300.6 ], [ 316235.462700189091265, 5524339.882146004587412, 304.6 ], [ 316232.849404546432197, 5524353.994149542413652, 305.0 ], [ 316232.509277710574679, 5524358.791327733546495, 304.8 ], [ 316167.955077710445039, 5524369.45243164896965, 318.4 ], [ 316165.042242603143677, 5524374.782596233300865, 318.0 ], [ 316152.450987288611941, 5524379.107602396979928, 319.5 ], [ 316135.649826696142554, 5524395.039480533450842, 319.7 ], [ 316120.453927454771474, 5524420.042603393085301, 317.5 ], [ 316100.731757947942242, 5524432.624258426949382, 321.2 ], [ 316090.967730421281885, 5524443.864321623928845, 322.8 ], [ 316086.445496171712875, 5524469.504744946025312, 321.0 ], [ 316086.38949923281325, 5524476.295506294816732, 320.1 ], [ 316089.019852893892676, 5524483.773586149327457, 317.9 ], [ 316087.49600681848824, 5524491.838688313029706, 317.0 ], [ 316067.854882137151435, 5524515.213103638961911, 320.3 ], [ 316065.188016457133926, 5524519.310714792460203, 320.2 ], [ 316060.702725731418468, 5524535.490036807022989, 317.2 ], [ 316053.825274941860698, 5524542.736359231173992, 317.7 ], [ 316048.188619345950428, 5524548.382215049117804, 318.4 ], [ 316043.070102901430801, 5524552.340989872813225, 319.1 ], [ 316024.4116925051203, 5524564.441461275331676, 322.0 ], [ 315999.378686371608637, 5524579.542098966427147, 325.8 ], [ 315998.933828696550336, 5524591.799498505890369, 323.8 ], [ 315999.877564722672105, 5524604.677214502356946, 321.1 ], [ 315994.46946153108729, 5524621.222015446983278, 319.9 ], [ 315991.658385538146831, 5524621.095472323708236, 321.0 ], [ 315983.720748743449803, 5524620.47633305657655, 323.8 ], [ 315981.384448650875129, 5524634.245169610716403, 322.6 ], [ 315984.154582244809717, 5524639.492573253810406, 320.6 ], [ 315988.00324776628986, 5524646.817690408788621, 317.6 ], [ 315992.68820005026646, 5524655.449750198982656, 313.6 ], [ 315997.388330105866771, 5524664.526465804316103, 309.2 ], [ 315980.82207016076427, 5524672.549099948257208, 314.5 ], [ 315977.524170593591407, 5524681.342622580938041, 313.1 ], [ 315978.830890756566077, 5524692.204666092991829, 309.4 ], [ 315976.289250629255548, 5524697.856151808984578, 308.4 ], [ 315977.576407813932747, 5524703.933273711241782, 306.1 ], [ 315975.57214200933231, 5524710.568033635616302, 304.6 ], [ 315969.317749025649391, 5524706.552622913382947, 307.9 ], [ 315962.513121218886226, 5524718.025722286663949, 306.4 ], [ 315958.49996270891279, 5524724.840432186610997, 305.5 ], [ 315946.4400576998014, 5524734.155998473055661, 306.3 ], [ 315938.016413700126577, 5524746.686101091094315, 305.6 ], [ 315936.587579378043301, 5524755.415777266956866, 303.8 ], [ 315930.410111774457619, 5524759.967333592474461, 304.8 ], [ 315928.681752805830911, 5524764.144243066199124, 304.3 ], [ 315923.529340343200602, 5524767.102672616951168, 305.4 ], [ 315922.470726074534468, 5524771.924449819140136, 304.6 ], [ 315919.103665718517732, 5524772.373417107388377, 305.7 ], [ 315912.395202404004522, 5524767.70583688467741, 309.3 ], [ 315905.486913851520512, 5524767.719396489672363, 311.9 ], [ 315895.042802751646377, 5524777.98149192892015, 313.0 ], [ 315892.471217316458933, 5524784.85827122349292, 311.9 ], [ 315892.359146272996441, 5524794.210707074962556, 309.2 ], [ 315894.419374089338817, 5524808.16318282764405, 304.0 ], [ 315889.743916216306388, 5524812.440858266316354, 304.1 ], [ 315883.132774967176374, 5524825.354271030984819, 301.6 ], [ 315880.704666381468996, 5524830.111587759107351, 300.7 ], [ 315876.362372015311848, 5524835.713401521556079, 300.1 ], [ 315861.60871528199641, 5524842.005078617483377, 301.8 ], [ 315853.830341491964646, 5524841.825874395668507, 303.4 ], [ 315849.402751129178796, 5524834.409350764006376, 305.9 ], [ 315842.777923524612561, 5524832.187443135306239, 307.2 ], [ 315833.281984263972845, 5524832.289587594568729, 308.1 ], [ 315825.575474522775039, 5524832.10796563141048, 308.7 ], [ 315818.603337551292498, 5524834.460977991111577, 308.8 ], [ 315811.403444362513255, 5524832.258775614202023, 309.8 ], [ 315804.345299694337882, 5524840.513278845697641, 309.3 ], [ 315802.375528750475496, 5524848.148577647283673, 308.9 ], [ 315803.92793503991561, 5524855.66340618673712, 308.2 ], [ 315814.890916079864837, 5524873.206623022444546, 305.7 ], [ 315819.539391422877088, 5524889.185127902776003, 303.9 ], [ 315816.738542334409431, 5524904.082892367616296, 304.4 ], [ 315822.380492076743394, 5524911.235271573998034, 302.9 ], [ 315825.650734732102137, 5524920.5833351444453, 302.1 ], [ 315831.050405015354045, 5524926.964956826530397, 300.3 ], [ 315831.540821413625963, 5524941.30498409178108, 300.0 ], [ 315823.1672256172169, 5524955.280403101816773, 303.2 ], [ 315808.839444645796902, 5524971.907936865463853, 308.4 ], [ 315807.518099136417732, 5524987.9793317951262, 307.7 ], [ 315798.387097466620617, 5524996.638637584634125, 310.3 ], [ 315790.064326024556067, 5524997.36850434076041, 313.4 ], [ 315782.028325779712759, 5524993.85943653807044, 316.6 ], [ 315766.126672691432759, 5524987.614558906294405, 322.2 ], [ 315766.176871755393222, 5524993.288789941929281, 321.5 ], [ 315767.529639855609275, 5525005.484751158393919, 319.4 ], [ 315761.6926061011618, 5525007.353846120648086, 320.6 ], [ 315750.781822291319259, 5525006.057749164290726, 323.0 ], [ 315735.703222265350632, 5525011.2479945467785, 324.5 ], [ 315716.631669082096778, 5525007.003713679499924, 326.8 ], [ 315702.325150862568989, 5525013.725737444125116, 327.2 ], [ 315700.600867969216779, 5525018.013890710659325, 327.1 ], [ 315700.181820763624273, 5525022.5912532126531, 326.9 ], [ 315699.861284920712933, 5525027.944296681322157, 326.6 ], [ 315701.21257623413112, 5525031.68201809655875, 326.4 ], [ 315705.015349422581494, 5525035.558426896110177, 326.0 ], [ 315705.405582880601287, 5525038.549987813457847, 325.9 ], [ 315705.190352115430869, 5525040.671924415044487, 325.8 ], [ 315703.488092452986166, 5525041.39794144872576, 326.0 ], [ 315701.395597821159754, 5525039.132398319430649, 326.2 ], [ 315691.88818657991942, 5525036.786755003035069, 326.8 ], [ 315691.363439422566444, 5525042.480668652802706, 326.7 ], [ 315689.212533375248313, 5525051.12386385910213, 326.7 ], [ 315689.584987138630822, 5525059.903279789723456, 326.6 ], [ 315694.097994235809892, 5525078.2234888067469, 326.7 ], [ 315692.830310232937336, 5525095.851204974576831, 327.3 ], [ 315674.85824615258025, 5525140.538482000119984, 328.1 ], [ 315665.176411673892289, 5525173.033657118678093, 327.2 ], [ 315657.610799664049409, 5525193.770615977235138, 326.3 ], [ 315662.954208275652491, 5525202.713739968836308, 325.7 ], [ 315701.085859195736703, 5525217.21214213874191, 322.7 ], [ 315722.515582853928208, 5525212.583460872992873, 320.7 ], [ 315734.215403275797144, 5525207.508764237165451, 319.6 ], [ 315741.277908853720874, 5525205.708984537981451, 318.7 ], [ 315745.150835061445832, 5525201.12473198864609, 318.7 ], [ 315756.767803242662922, 5525197.833612665534019, 317.1 ], [ 315764.620581600640435, 5525193.892255062237382, 316.1 ], [ 315756.767803242662922, 5525197.833612665534019, 317.1 ], [ 315745.150835061445832, 5525201.12473198864609, 318.7 ], [ 315741.277908853720874, 5525205.708984537981451, 318.7 ], [ 315740.135494524030946, 5525205.970663061365485, 318.9 ], [ 315741.277908853720874, 5525205.708984537981451, 318.7 ], [ 315745.150835061445832, 5525201.12473198864609, 318.7 ], [ 315756.767803242662922, 5525197.833612665534019, 317.1 ], [ 315770.135673076612875, 5525191.032527263276279, 315.3 ], [ 315783.761797459446825, 5525189.67600520234555, 311.9 ], [ 315798.256555429892614, 5525180.054113525897264, 308.2 ], [ 315809.329001237463672, 5525177.672083728015423, 304.4 ], [ 315818.766204737999942, 5525169.558768643066287, 301.1 ], [ 315831.639402714790776, 5525167.226486911065876, 296.3 ], [ 315850.165332675038371, 5525170.265572869218886, 290.1 ], [ 315872.778188937925734, 5525181.289361523464322, 284.5 ], [ 315885.840335810440592, 5525201.320641878060997, 283.4 ], [ 315885.234183994820341, 5525219.370835103094578, 287.1 ], [ 315891.338428579620086, 5525233.741504780948162, 287.3 ], [ 315885.162606688099913, 5525244.636796952225268, 290.9 ], [ 315887.427013953099959, 5525258.248412724584341, 293.1 ], [ 315878.715203268395271, 5525260.21569147426635, 295.4 ], [ 315871.970995629730169, 5525265.009320818819106, 297.7 ], [ 315878.47538749105297, 5525274.246813599951565, 299.0 ], [ 315871.970995629730169, 5525265.009320818819106, 297.7 ], [ 315878.715203268395271, 5525260.21569147426635, 295.4 ], [ 315887.427013953099959, 5525258.248412724584341, 293.1 ], [ 315896.279457314987667, 5525260.394181376323104, 291.5 ], [ 315904.826058031932916, 5525266.223089557141066, 291.2 ], [ 315920.377267080650199, 5525287.504854921251535, 294.8 ], [ 315932.291182345477864, 5525297.113941261544824, 295.9 ], [ 315946.89386668644147, 5525301.177789309993386, 294.8 ], [ 315959.923506642342545, 5525309.747158576734364, 295.1 ], [ 315971.321159900689963, 5525333.730758286081254, 298.4 ], [ 315982.646846151852515, 5525357.716836780309677, 297.6 ], [ 315993.168298563105054, 5525366.594581505283713, 294.2 ], [ 315994.41067323036259, 5525377.68141639791429, 294.0 ], [ 315999.802734722848982, 5525388.069978979416192, 292.0 ], [ 315998.918667410791386, 5525395.89069398958236, 292.3 ], [ 315949.413012418663129, 5525448.554864743724465, 312.3 ], [ 315949.80059898638865, 5525459.89350045658648, 312.0 ], [ 315942.505400050082244, 5525471.717347715049982, 314.8 ], [ 315922.473581412923522, 5525483.531461659818888, 321.5 ], [ 315918.647357668611221, 5525495.793214937672019, 321.9 ], [ 315922.60270045674406, 5525510.459959872998297, 319.9 ], [ 315919.015599124366418, 5525527.610433022491634, 319.4 ], [ 315931.992122139432468, 5525562.001507607288659, 311.1 ], [ 315930.55078947416041, 5525585.088441052474082, 308.3 ], [ 315919.862340274034068, 5525594.468603129498661, 311.0 ], [ 315912.810679835849442, 5525590.257980721071362, 313.9 ], [ 315908.847743960912339, 5525598.517873156815767, 314.0 ], [ 315903.702391031314619, 5525593.240444824099541, 316.0 ], [ 315898.618894136918243, 5525596.08530034404248, 316.9 ], [ 315897.048432545911055, 5525592.243742913939059, 317.7 ], [ 315893.541598541894928, 5525590.694260783493519, 318.5 ], [ 315889.479152109357528, 5525591.834814293310046, 319.2 ], [ 315886.979574470722582, 5525596.594598946161568, 319.3 ], [ 315879.755162373650819, 5525599.957856576889753, 320.3 ], [ 315879.612134818919003, 5525604.191885596141219, 320.0 ], [ 315883.236453009478282, 5525607.072858033701777, 319.1 ], [ 315884.031902750721201, 5525613.500655924901366, 318.4 ], [ 315882.859872867818922, 5525617.102114849723876, 318.4 ], [ 315885.028825881483499, 5525625.820098458789289, 317.1 ], [ 315884.731363925442565, 5525633.954667063429952, 316.4 ], [ 315878.278573717281688, 5525636.73507736902684, 317.8 ], [ 315886.964577360311523, 5525642.447867451235652, 314.9 ], [ 315877.315641601802781, 5525646.450508651323617, 317.3 ], [ 315883.565284393844195, 5525650.354629867710173, 315.1 ], [ 315880.021902606007643, 5525656.151753526180983, 315.7 ], [ 315875.315756010822952, 5525653.196488781832159, 317.3 ], [ 315873.693874247721396, 5525658.371438919566572, 317.4 ], [ 315879.826736825285479, 5525665.173170005902648, 314.9 ], [ 315879.294312225654721, 5525670.64474060293287, 314.6 ], [ 315873.839785856194794, 5525671.053864752873778, 316.4 ], [ 315872.577262722188607, 5525676.216525996103883, 316.4 ], [ 315882.23209609038895, 5525685.012379285879433, 312.2 ], [ 315883.321908589859959, 5525687.423558693379164, 311.6 ], [ 315882.758713176415768, 5525689.89126724563539, 311.6 ], [ 315880.898780031013303, 5525696.52116722241044, 311.8 ], [ 315874.438103052088991, 5525696.964700957760215, 314.3 ], [ 315881.244003238040023, 5525702.407896594144404, 311.1 ], [ 315875.437764045840595, 5525703.051635235548019, 313.5 ], [ 315874.02698221267201, 5525703.878935075365007, 314.0 ], [ 315872.688070478150621, 5525704.703777365386486, 314.5 ], [ 315871.167766278842464, 5525706.536461857147515, 315.1 ], [ 315868.724198111449368, 5525706.620032754726708, 315.8 ], [ 315867.548036455234978, 5525707.995775956660509, 316.3 ], [ 315866.770341532945167, 5525716.814531913027167, 316.2 ], [ 315866.396886583883315, 5525722.725841034203768, 316.2 ], [ 315867.885165735380724, 5525732.580030000768602, 315.4 ], [ 315862.126060711336322, 5525743.015970291569829, 316.7 ], [ 315850.17714159633033, 5525744.982767256908119, 319.4 ], [ 315840.983204685733654, 5525753.866823419928551, 319.8 ], [ 315840.467181753716432, 5525766.12672471255064, 318.4 ], [ 315842.647196120466106, 5525773.0636250032112, 317.1 ], [ 315843.329370760708116, 5525780.38564052991569, 315.9 ], [ 315839.453403775289189, 5525786.973228577524424, 316.0 ], [ 315839.848868697299622, 5525798.534192742779851, 314.4 ], [ 315835.395700099994428, 5525813.488519249483943, 313.8 ], [ 315836.029597289976664, 5525825.709087031893432, 312.3 ], [ 315834.835225038114004, 5525830.758138358592987, 312.1 ], [ 315839.483829821576364, 5525829.931360666640103, 310.7 ], [ 315837.022451204014942, 5525835.802804986946285, 310.8 ], [ 315836.323933864361607, 5525842.726878494955599, 310.3 ], [ 315844.884571943315677, 5525846.885770156979561, 306.9 ], [ 315847.840271334687714, 5525855.465535800904036, 304.8 ], [ 315845.359885519137606, 5525860.781160928308964, 305.1 ], [ 315847.630367001052946, 5525866.15686256904155, 303.5 ], [ 315844.351840147632174, 5525871.27720366884023, 304.2 ], [ 315847.795392141852062, 5525879.395108216442168, 301.7 ], [ 315847.066451860126108, 5525885.429875489324331, 301.2 ], [ 315838.346581493970007, 5525899.751104108057916, 302.7 ], [ 315831.367940072785132, 5525920.801669440232217, 302.5 ], [ 315832.096540324040689, 5525933.686758676543832, 300.0 ], [ 315836.770189652452245, 5525946.214303560554981, 295.5 ], [ 315835.255712827201933, 5525958.730954452417791, 293.7 ], [ 315827.664222537423484, 5525978.689565126784146, 292.8 ], [ 315816.915930937218945, 5525986.291349239647388, 295.5 ], [ 315807.430826756637543, 5525992.959590245969594, 297.3 ], [ 315792.619517274550162, 5526016.392798990011215, 294.4 ], [ 315791.594787538866512, 5526017.985969522036612, 294.2 ], [ 315780.116971227223985, 5526027.393491226248443, 297.8 ], [ 315772.616755163297057, 5526028.985677623189986, 301.5 ], [ 315765.468261021538638, 5526030.343250954523683, 305.1 ], [ 315765.472065387759358, 5526030.454414087347686, 305.1 ], [ 315759.681407056632452, 5526031.542939190752804, 307.9 ], [ 315740.053747710073367, 5526046.682856336236, 312.9 ], [ 315734.745488631306216, 5526057.660008069127798, 312.2 ], [ 315721.972979564918205, 5526060.768258303403854, 314.1 ], [ 315714.247128734830767, 5526068.378097087144852, 313.4 ], [ 315711.033999130944721, 5526077.502859584987164, 311.1 ], [ 315707.208176993066445, 5526068.730360923334956, 314.0 ], [ 315689.819339338107966, 5526063.093255285173655, 316.3 ], [ 315678.905023002647795, 5526053.227950601838529, 318.6 ], [ 315665.524868244654499, 5526044.893915352411568, 319.5 ], [ 315658.844751325785182, 5526043.119377659633756, 319.3 ], [ 315652.309284878196195, 5526045.569046366028488, 318.1 ], [ 315644.895749104674906, 5526045.48904347512871, 317.1 ], [ 315635.172043290920556, 5526049.383440301753581, 315.0 ], [ 315612.786757981055416, 5526044.919335427694023, 312.2 ], [ 315604.880622176744509, 5526040.960986428894103, 311.6 ], [ 315598.684977440861985, 5526040.728036537766457, 310.5 ], [ 315593.751958345994353, 5526037.446916443295777, 310.1 ], [ 315577.178958148695529, 5526011.526787524111569, 310.3 ], [ 315562.335237301536836, 5525973.08257601596415, 311.9 ], [ 315549.383712643990293, 5525939.470481534488499, 314.0 ], [ 315547.487519464513753, 5525934.527239198796451, 314.3 ], [ 315527.13300593639724, 5525899.054260385222733, 314.6 ], [ 315506.850109866354614, 5525863.578890826553106, 314.9 ], [ 315496.772757996048313, 5525829.868399560451508, 317.8 ], [ 315488.200544812076259, 5525810.685801029205322, 319.3 ], [ 315489.572111125802621, 5525804.51764555554837, 320.1 ], [ 315497.80877560126828, 5525797.11257397942245, 321.7 ], [ 315499.028488032519817, 5525788.612460400909185, 322.7 ], [ 315493.562557643163018, 5525757.192397913895547, 325.3 ], [ 315497.085615127929486, 5525731.919309207238257, 327.4 ], [ 315474.0217518779682, 5525711.897847602143884, 328.3 ], [ 315438.021121644531377, 5525692.319937035441399, 329.2 ], [ 315393.124658624292351, 5525677.721605017781258, 328.6 ], [ 315354.591784446616657, 5525668.247485999017954, 327.8 ], [ 315321.897254540293943, 5525665.36228774022311, 326.9 ], [ 315308.961169286980294, 5525667.920614530332386, 326.4 ], [ 315307.531389018287882, 5525668.192249616608024, 326.3 ], [ 315287.685506996000186, 5525674.882952937856317, 325.3 ], [ 315274.586645576404408, 5525676.890479755587876, 324.8 ], [ 315260.280050658737309, 5525675.155488668009639, 324.4 ], [ 315222.167263938928954, 5525667.448588351719081, 325.3 ], [ 315192.978371305041946, 5525661.884092982858419, 326.6 ], [ 315163.793226088164374, 5525656.43091731518507, 328.6 ], [ 315138.939984547789209, 5525653.500212578102946, 331.4 ], [ 315117.518729237606749, 5525654.12447022087872, 333.0 ], [ 315103.083528771763667, 5525652.839481801725924, 333.7 ], [ 315088.949067310546525, 5525645.645617345348001, 334.4 ], [ 315077.624492425762583, 5525636.463277456350625, 335.0 ], [ 315064.230216749419924, 5525625.682639759965241, 335.7 ], [ 315045.737253251369111, 5525604.726829821243882, 337.1 ], [ 315027.240331045002677, 5525583.659917545504868, 338.5 ], [ 314996.449673724942841, 5525552.442526348866522, 340.3 ], [ 314968.898168235551566, 5525525.454448567703366, 341.9 ], [ 314941.346391695318744, 5525498.466505974531174, 342.0 ], [ 314919.809486394398846, 5525472.718754739500582, 342.1 ], [ 314898.272382148657925, 5525446.971085499972105, 341.6 ], [ 314866.801552816759795, 5525475.54276882763952, 342.3 ], [ 314835.331059854710475, 5525504.114645186811686, 342.4 ], [ 314803.789030943298712, 5525532.689186719246209, 342.5 ], [ 314772.319211099413224, 5525561.261449564248323, 342.8 ], [ 314739.646232502651401, 5525588.317193605005741, 343.4 ], [ 314716.389288997044787, 5525606.702021097764373, 344.3 ], [ 314691.035939568537287, 5525622.71063319593668, 345.1 ], [ 314665.758435419993475, 5525638.82805744279176, 346.1 ], [ 314629.702166020753793, 5525659.545907449908555, 347.1 ], [ 314593.642338432837278, 5525680.152843254618347, 348.9 ], [ 314557.586608116689604, 5525700.871190547943115, 350.5 ], [ 314521.531147729139775, 5525721.589786480180919, 351.3 ], [ 314486.538987533655018, 5525689.629557196050882, 353.5 ], [ 314451.478377725463361, 5525657.783186188898981, 354.6 ], [ 314416.489229751576204, 5525625.934557302854955, 355.5 ], [ 314381.499673285172321, 5525594.086146974936128, 355.8 ], [ 314346.43783625215292, 5525562.240433468483388, 356.5 ], [ 314311.443628620239906, 5525530.281297950074077, 357.5 ], [ 314276.452845573192462, 5525498.433543766848743, 357.9 ], [ 314240.63368960574735, 5525467.616228479892015, 358.8 ], [ 314204.814127295161597, 5525436.799142646603286, 360.3 ], [ 314168.994158644345589, 5525405.982286266982555, 361.2 ], [ 314133.173783655685838, 5525375.165659342892468, 361.6 ], [ 314097.353002332383767, 5525344.349261874333024, 361.6 ], [ 314061.531814676825888, 5525313.533093863166869, 361.6 ], [ 314028.515522485249676, 5525286.849486687220633, 361.1 ], [ 313995.502744422992691, 5525260.277237486094236, 359.9 ], [ 313962.489641851047054, 5525233.705183579586446, 359.7 ], [ 313929.476214770867955, 5525207.133324964903295, 358.3 ], [ 313896.4586213020375, 5525180.450499018654227, 357.6 ], [ 313876.139068720396608, 5525165.126257573254406, 357.2 ], [ 313855.819400392938405, 5525149.802090258337557, 356.5 ], [ 313835.157880630635191, 5525139.164221403189003, 356.1 ], [ 313797.014915012987331, 5525122.453155155293643, 355.7 ], [ 313758.943580622843001, 5525105.739867579191923, 355.5 ], [ 313727.288421352626756, 5525089.361365335062146, 354.9 ], [ 313703.362555232946761, 5525073.828589195385575, 354.4 ], [ 313679.508428443456069, 5525058.293429251760244, 354.1 ], [ 313653.128278357035015, 5525038.393951403908432, 352.9 ], [ 313636.332213181070983, 5525020.945295073091984, 352.6 ], [ 313619.05371293250937, 5524993.719360171817243, 352.0 ], [ 313601.775048148701899, 5524966.493477405048907, 351.4 ], [ 313590.27344673324842, 5524946.079295423813164, 350.6 ], [ 313579.869217125466093, 5524926.18362461682409, 350.1 ], [ 313560.534178523870651, 5524883.225040665827692, 349.1 ], [ 313544.11103497305885, 5524857.861720177344978, 348.4 ], [ 313507.205275369924493, 5524827.086432868614793, 347.4 ], [ 313470.367129179299809, 5524796.197737096808851, 345.8 ], [ 313430.562185025773942, 5524820.948697611689568, 345.6 ], [ 313396.200066876597703, 5524842.840274529531598, 345.1 ], [ 313361.84207517025061, 5524864.843240519985557, 343.4 ], [ 313334.484897890302818, 5524877.032317444682121, 342.2 ], [ 313294.45358775369823, 5524888.993154346011579, 340.5 ], [ 313254.490466261631809, 5524900.840638102032244, 338.8 ], [ 313214.531360576511361, 5524912.799585189670324, 337.2 ], [ 313174.500535785278771, 5524924.761326844803989, 335.6 ], [ 313150.9354941471247, 5524932.145378714427352, 334.5 ], [ 313128.038054714328609, 5524919.361742181703448, 333.5 ], [ 313105.208527356386185, 5524906.464543459936976, 332.8 ], [ 313077.42879000492394, 5524885.725916681811213, 332.4 ], [ 313041.455244648968801, 5524877.737067168578506, 331.5 ], [ 313019.660135064972565, 5524867.698004294186831, 330.8 ], [ 312989.259237021557055, 5524837.813204012811184, 329.4 ], [ 312961.593041223241016, 5524818.295447051525116, 328.4 ], [ 312924.588719755178317, 5524803.442755893804133, 327.3 ], [ 312898.654148198431358, 5524788.205712469294667, 327.3 ], [ 312872.787447585142218, 5524772.855130538344383, 327.3 ], [ 312857.644308781251311, 5524759.580544862896204, 327.2 ], [ 312847.761015017109457, 5524742.339127203449607, 327.1 ], [ 312833.258477032126393, 5524730.934383110143244, 327.1 ], [ 312821.29581147513818, 5524715.991204527206719, 327.2 ], [ 312825.319787929358426, 5524713.736715683713555, 327.5 ], [ 312825.636012364237104, 5524706.26885234657675, 327.8 ], [ 312823.469544881139882, 5524697.77430780697614, 328.1 ], [ 312807.750390950473957, 5524667.936665927991271, 327.9 ], [ 312801.289495119766798, 5524643.564677665010095, 327.9 ], [ 312794.824687029700726, 5524619.081534182652831, 327.5 ], [ 312787.71519384754356, 5524592.617466061376035, 327.0 ], [ 312780.601778587559238, 5524566.042244225740433, 326.5 ], [ 312781.101320689427666, 5524534.861822176724672, 326.3 ], [ 312781.119109760271385, 5524533.303050995804369, 326.3 ], [ 312781.064283038722351, 5524525.514192788861692, 326.0 ], [ 312783.333010590868071, 5524518.312346738763154, 325.9 ], [ 312787.548075900762342, 5524513.268780688755214, 326.0 ], [ 312787.998804202536121, 5524503.459011477418244, 325.5 ], [ 312778.960702602809761, 5524462.927315841428936, 321.9 ], [ 312762.295342768309638, 5524439.021376481279731, 317.5 ], [ 312747.192809883505106, 5524420.737276771105826, 313.6 ], [ 312740.114575331564993, 5524411.745739763602614, 312.0 ], [ 312733.483110998291522, 5524392.833274763077497, 311.6 ], [ 312733.320016465615481, 5524381.931872889399529, 312.4 ], [ 312734.988919732742943, 5524371.968446708284318, 313.5 ], [ 312731.956471365410835, 5524359.274763196706772, 314.1 ], [ 312727.885099879698828, 5524353.962781894020736, 314.0 ], [ 312711.764192581176758, 5524335.380280653014779, 313.7 ], [ 312695.52484924334567, 5524305.115788074210286, 313.8 ], [ 312678.823891201638617, 5524280.20963038969785, 313.3 ], [ 312670.823051160608884, 5524257.115572637878358, 313.7 ], [ 312673.333608505199663, 5524234.101140512153506, 315.4 ], [ 312679.005892628512811, 5524219.212712969630957, 316.5 ], [ 312680.712562597356737, 5524193.777718176133931, 315.3 ], [ 312682.41925994923804, 5524168.342725183814764, 311.8 ], [ 312691.594160275242757, 5524125.842242826707661, 302.4 ], [ 312691.72090640530223, 5524112.927424141205847, 299.4 ], [ 312698.534403775352985, 5524106.012706306762993, 298.2 ], [ 312701.186679659236688, 5524105.697890413925052, 298.2 ], [ 312704.430326915928163, 5524101.689724853262305, 297.6 ], [ 312703.393689600517973, 5524096.717420677654445, 296.7 ], [ 312706.895536986587103, 5524093.924542266875505, 296.6 ], [ 312712.283588596386835, 5524093.625907467678189, 297.0 ], [ 312738.867384230019525, 5524106.725059571675956, 301.1 ], [ 312753.544857678818516, 5524116.899304346181452, 303.6 ], [ 312775.913175037305336, 5524124.691633451730013, 307.1 ], [ 312796.422816055011936, 5524147.351084648631513, 309.6 ], [ 312806.93743847485166, 5524151.660126858390868, 310.6 ], [ 312829.155983140342869, 5524140.648762263357639, 313.7 ], [ 312831.041481886582915, 5524136.910462231375277, 314.4 ], [ 312835.284829975978937, 5524128.527080440893769, 316.0 ], [ 312830.405027752975002, 5524114.450687974691391, 317.2 ], [ 312821.820715303940233, 5524105.622661869041622, 317.0 ], [ 312815.361378034809604, 5524099.948403769172728, 316.5 ], [ 312798.911369036475662, 5524092.61800820287317, 313.9 ], [ 312790.079716947569977, 5524076.675646147690713, 313.6 ], [ 312779.428047709458042, 5524076.711955897510052, 311.0 ], [ 312771.507598830619827, 5524070.420749188400805, 309.7 ], [ 312765.66042541898787, 5524063.723599180579185, 308.9 ], [ 312761.060939491027966, 5524055.647527313791215, 308.7 ], [ 312751.176251769706141, 5524038.406263703480363, 307.7 ], [ 312749.575491898634937, 5524017.204264939762652, 309.1 ], [ 312742.021402340964414, 5524004.890345546416938, 306.7 ], [ 312735.295947895036079, 5523997.778567583300173, 304.0 ], [ 312739.693943570251577, 5523983.491016769781709, 306.0 ], [ 312739.220166584826075, 5523971.932644068263471, 305.6 ], [ 312734.223990141879767, 5523964.872048459015787, 302.9 ], [ 312732.428253186750226, 5523956.698528452776372, 301.5 ], [ 312734.712685115286149, 5523949.94132056646049, 302.3 ], [ 312733.894078916404396, 5523942.958094459027052, 301.5 ], [ 312746.858453921973705, 5523922.474051845259964, 305.6 ], [ 312754.321677061903756, 5523913.53350325115025, 307.3 ], [ 312764.862771083309781, 5523885.454285144805908, 306.3 ], [ 312768.907031278300565, 5523863.054421355947852, 302.8 ], [ 312777.628220116836019, 5523850.953890284523368, 301.7 ], [ 312791.534518687054515, 5523834.777808470651507, 299.5 ], [ 312816.090707262046635, 5523820.56893730070442, 297.8 ], [ 312835.968127865693532, 5523814.647373876534402, 298.1 ], [ 312849.420719775196631, 5523804.05204045958817, 298.5 ], [ 312852.387198285025079, 5523798.272870081476867, 298.8 ], [ 312890.482133456273004, 5523815.313504634425044, 302.6 ], [ 312913.432860638713464, 5523821.194195141084492, 305.3 ], [ 312941.036948917200789, 5523836.707471097819507, 309.3 ], [ 312942.214297511498444, 5523837.445663648657501, 309.5 ], [ 312959.534307896799874, 5523849.086874296888709, 311.7 ], [ 312983.293361997930333, 5523869.964775985106826, 313.7 ], [ 313011.808475075755268, 5523884.778984037227929, 315.5 ], [ 313039.498226094059646, 5523904.852898959070444, 315.9 ], [ 313059.227841805317439, 5523921.641697716899216, 315.8 ], [ 313088.722293434024323, 5523941.875809491612017, 315.7 ], [ 313127.180114878807217, 5523961.131344499997795, 316.6 ], [ 313110.174834043951705, 5523937.792626879177988, 315.8 ], [ 313107.857412578654476, 5523935.313215672038496, 315.8 ], [ 313110.174834043951705, 5523937.792626879177988, 315.8 ], [ 313127.180114878807217, 5523961.131344499997795, 316.6 ], [ 313151.320385582279414, 5523976.431894805282354, 318.0 ], [ 313175.674625436542556, 5523983.377922321669757, 318.9 ], [ 313197.650920680025592, 5523981.948020461946726, 319.4 ], [ 313218.602615435491316, 5523975.879304125905037, 319.8 ], [ 313244.435018306248821, 5523950.721152638085186, 321.2 ], [ 313270.19577118603047, 5523925.565623802132905, 322.7 ], [ 313295.956767700554337, 5523900.410224815830588, 323.6 ], [ 313305.898733615525998, 5523896.504195475019515, 323.7 ], [ 313315.132068315462675, 5523897.074576207436621, 323.8 ], [ 313349.713411535369232, 5523914.57397676538676, 324.5 ], [ 313384.294522948446684, 5523932.073594105429947, 325.6 ], [ 313418.875402553472668, 5523949.57342822663486, 325.7 ], [ 313434.532788897340652, 5523954.818518530577421, 326.0 ], [ 313448.331410855345894, 5523945.882174050435424, 325.8 ], [ 313475.396112659189384, 5523923.019734501838684, 325.8 ], [ 313502.53293912904337, 5523900.154948177747428, 325.6 ], [ 313535.991895929095335, 5523868.613015173003078, 325.4 ], [ 313569.455095424083993, 5523837.182463150471449, 323.7 ], [ 313596.715235604089685, 5523803.295683033764362, 322.2 ], [ 313615.62712783284951, 5523788.172929609194398, 320.9 ], [ 313646.58494812133722, 5523761.281413529999554, 318.5 ], [ 313677.539234027906787, 5523734.278921369463205, 316.3 ], [ 313688.590957483917009, 5523731.225613374263048, 315.6 ], [ 313699.475416796107311, 5523733.742879811674356, 315.2 ], [ 313715.900453317794017, 5523744.527023849077523, 314.8 ], [ 313747.643387158110272, 5523769.472586395218968, 314.0 ], [ 313779.386027688451577, 5523794.418329532258213, 312.9 ], [ 313811.128374907071702, 5523819.364253257401288, 311.7 ], [ 313842.942323990631849, 5523844.307873147539794, 310.1 ], [ 313855.874103843001649, 5523847.756346948444843, 309.8 ], [ 313876.438874130602926, 5523845.042482577264309, 309.3 ], [ 313887.80983040900901, 5523844.983513915911317, 308.9 ], [ 313897.464684454142116, 5523841.088524305261672, 308.7 ], [ 313938.094888124731369, 5523835.789738692343235, 307.9 ], [ 313978.797049194108695, 5523830.488778729923069, 307.1 ], [ 314019.503110142541118, 5523825.299290590919554, 305.4 ], [ 314039.729533697478473, 5523819.036300613544881, 305.4 ], [ 314061.10148813232081, 5523810.50795242190361, 304.7 ], [ 314088.309421893907711, 5523795.879660505801439, 303.6 ], [ 314092.159120890544727, 5523790.62724419683218, 303.4 ], [ 314091.103572004358284, 5523782.98432439006865, 303.3 ], [ 314093.919887546566315, 5523776.988507635891438, 302.3 ], [ 314101.263800032495055, 5523774.954364842735231, 300.5 ], [ 314118.387539766612463, 5523776.811981411650777, 295.8 ], [ 314139.435886616935022, 5523788.105603415518999, 291.5 ], [ 314141.911025813373271, 5523788.910568829625845, 291.2 ], [ 314152.617767774441745, 5523792.54780865740031, 290.3 ], [ 314181.008919097948819, 5523799.692959381267428, 289.1 ], [ 314197.581327838473953, 5523804.352206617593765, 288.2 ], [ 314212.399432388483547, 5523812.410845796577632, 288.4 ], [ 314212.632398241898045, 5523808.73008534964174, 287.8 ] ] ] } },
{ "type": "Feature", "properties": { "name": "Wallfährte Weidingen", "km": 18.677, "darstell": "F1", "height": 702, "link": "https://www.naturpark-suedeifel.de/a-wallfaehrte-weidingen", "erlebnis": 51, "datum": null }, "geometry": { "type": "MultiLineString", "coordinates": [ [ [ 309765.598817713675089, 5544031.646599382162094, 345.38103 ], [ 309830.1118903264869, 5544069.089895355515182, 353.34508 ], [ 309977.768386308220215, 5544107.254607289098203, 357.64413 ], [ 310053.092254975927062, 5544138.194919133558869, 357.90296 ], [ 310057.351790994405746, 5544145.055927504785359, 358.1592 ], [ 310002.283034004853107, 5544244.290419248864055, 382.45863 ], [ 309994.630674267071299, 5544327.70642778929323, 394.43599 ], [ 310014.12520614254754, 5544390.012655761092901, 390.92035 ], [ 310067.659606358909514, 5544475.9316630596295, 391.16656 ], [ 310133.346131188853178, 5544617.406013946048915, 410.74141 ], [ 310165.967618371592835, 5544706.182580418884754, 409.67866 ], [ 310223.400250214152038, 5544790.96283604297787, 417.54692 ], [ 310279.908253799192607, 5544851.734700648114085, 420.14031 ], [ 310222.350337764364667, 5544813.928732108324766, 426.05399 ], [ 310093.308474056597333, 5544640.97618237696588, 428.64087 ], [ 309980.453498178510927, 5544548.481175564229488, 436.15143 ], [ 309953.599500918528065, 5544551.549502891488373, 439.25128 ], [ 309911.727264676825143, 5544606.240153290331364, 443.81898 ], [ 309902.263268142589368, 5544644.642472730018198, 456.4842 ], [ 309917.42768416297622, 5544698.086532300338149, 466.66369 ], [ 309886.6033621642855, 5544702.409313964657485, 470.72702 ], [ 309831.728403272281867, 5544657.499779554083943, 461.51961 ], [ 309808.076845780131407, 5544617.491473634727299, 447.49023 ], [ 309743.275038800318725, 5544597.979118754155934, 435.4508 ], [ 309728.767289153416641, 5544635.67069099470973, 448.07396 ], [ 309747.196672789519653, 5544669.965178049169481, 460.02449 ], [ 309797.743217605631799, 5544683.862407474778593, 466.37102 ], [ 309831.2405805477174, 5544744.668658815324306, 479.12704 ], [ 309909.159801355155651, 5544816.58566112536937, 490.17354 ], [ 309980.634968650178052, 5544876.711614781990647, 496.37468 ], [ 310012.201900962856598, 5544915.549085012637079, 498.72297 ], [ 310044.553952638758346, 5544948.237101417966187, 499.77163 ], [ 310175.410366740543395, 5545041.096062239259481, 500.41362 ], [ 310241.085518272186164, 5545081.396153541281819, 500.83094 ], [ 310284.072576231672429, 5545104.692697265185416, 501.29003 ], [ 310378.029869753634557, 5545152.005573033355176, 500.9971 ], [ 310568.862942022911739, 5545268.459507627412677, 500.49791 ], [ 310573.994165199925192, 5545322.260213826783001, 498.87913 ], [ 310494.715734890662134, 5545290.452026238664985, 485.97216 ], [ 310467.296849381760694, 5545281.517169739119709, 483.32003 ], [ 310425.164198625250719, 5545278.223737073130906, 477.61709 ], [ 310341.88772921031341, 5545299.540144331753254, 462.86189 ], [ 310293.97228061669739, 5545351.548315556719899, 444.82135 ], [ 310245.603577075875364, 5545368.512201095931232, 446.99594 ], [ 310231.888293753727339, 5545376.010810730047524, 447.30556 ], [ 310181.305922320229001, 5545387.154686337336898, 448.54984 ], [ 310116.312223491375335, 5545339.70783256739378, 435.64267 ], [ 310069.906892291968688, 5545254.42613041959703, 432.6112 ], [ 310044.574513978615869, 5545221.488848482258618, 432.36631 ], [ 310000.186591184523422, 5545213.270070585422218, 421.90435 ], [ 309979.161966015875805, 5545239.06022179313004, 408.27192 ], [ 309802.404841563198715, 5545174.105413858778775, 400.12349 ], [ 309772.235903839580715, 5545144.34645312000066, 401.51199 ], [ 309740.259420641465113, 5545170.638261331245303, 384.91243 ], [ 309711.154002533876337, 5545168.77933716122061, 379.9798 ], [ 309640.529874666011892, 5545130.553796970285475, 377.63598 ], [ 309607.311056967824697, 5545125.94782998599112, 373.13612 ], [ 309563.710397611255758, 5545111.694089817814529, 367.27011 ], [ 309522.007794412667863, 5545094.367885099723935, 364.66961 ], [ 309482.631134828960057, 5545061.821670128032565, 365.14441 ], [ 309420.19310574233532, 5544901.205567495897412, 360.47848 ], [ 309471.651518446626142, 5544862.19723101425916, 378.51196 ], [ 309486.597619956592098, 5544786.534152759239078, 377.10719 ], [ 309447.913853232632391, 5544694.971671254374087, 357.94788 ], [ 309422.655490216915496, 5544613.950510239228606, 350.59084 ], [ 309417.045179381268099, 5544549.036789547652006, 352.25299 ], [ 309385.712459812639281, 5544567.29367215000093, 365.25561 ], [ 309386.016051291837357, 5544674.469761803746223, 362.2646 ], [ 309406.194903845724184, 5544727.622773570008576, 357.11834 ], [ 309420.219033679226413, 5544777.09934651479125, 353.99173 ], [ 309424.688468983222265, 5544814.004804382100701, 353.47466 ], [ 309391.7088146264432, 5544840.334382717497647, 353.23947 ], [ 309365.105939977394883, 5544850.4090525964275, 355.59655 ], [ 309358.25361629127292, 5544929.791225802153349, 366.45529 ], [ 309389.852622206672095, 5544993.5565294502303, 365.39883 ], [ 309411.104396718495991, 5545048.67479333281517, 367.96389 ], [ 309438.303575416328385, 5545103.692615444771945, 370.08309 ], [ 309524.106259012478404, 5545147.274427263066173, 366.49418 ], [ 309569.208218616433442, 5545173.495353663340211, 363.55911 ], [ 309629.730630999896675, 5545234.117747248150408, 376.078 ], [ 309707.260195845272392, 5545270.984429029747844, 369.90551 ], [ 309774.162104487535544, 5545293.315153258852661, 368.25557 ], [ 309844.676473019761033, 5545328.540949783287942, 367.77147 ], [ 309919.122111550474074, 5545387.669767081737518, 370.69467 ], [ 309933.246921018813737, 5545440.149004746228456, 377.02597 ], [ 309927.03717810154194, 5545485.33670717664063, 385.84918 ], [ 309925.915072894946206, 5545532.458464908413589, 391.88295 ], [ 309907.363743653579149, 5545569.291615825146437, 403.26675 ], [ 309879.328191902139224, 5545593.439218377694488, 418.46865 ], [ 309876.208125140750781, 5545614.586702074855566, 424.03457 ], [ 309898.425900199916214, 5545644.628608054481447, 422.85404 ], [ 309934.034873196680564, 5545684.323554365895689, 427.87426 ], [ 309964.33596594107803, 5545742.127312004566193, 441.92764 ], [ 309963.494700160576031, 5545795.13824331946671, 458.42432 ], [ 309978.737695826333947, 5545826.652542818337679, 461.91028 ], [ 310004.99936210422311, 5545857.552915782667696, 462.33584 ], [ 310027.760002576629631, 5545874.664645701646805, 462.18484 ], [ 310109.720955566328485, 5545897.354723407886922, 467.69191 ], [ 310133.127817807951942, 5545906.43000553175807, 468.7664 ], [ 310151.561955091019627, 5545916.794906963594258, 469.88749 ], [ 310187.269898363796528, 5545959.381737756542861, 473.52389 ], [ 310231.020683537353761, 5546026.615640412084758, 479.20791 ], [ 310281.719467653892934, 5546093.71471744030714, 484.53956 ], [ 310290.125544260838069, 5546102.320935935713351, 484.12939 ], [ 310329.095102050574496, 5546125.759867200627923, 482.69813 ], [ 310351.284715183719527, 5546130.872229802422225, 481.20549 ], [ 310377.120478697237559, 5546151.883242674171925, 477.98046 ], [ 310416.390603060601279, 5546131.23563202470541, 477.15905 ], [ 310480.062782278982922, 5546147.789723484776914, 474.45681 ], [ 310531.738309008418582, 5546163.656428597867489, 472.21562 ], [ 310572.866248947393615, 5546165.09369336348027, 464.95152 ], [ 310625.845934047945775, 5546138.842190127819777, 447.58192 ], [ 310678.688412239484023, 5546108.700462297536433, 435.10269 ], [ 310693.636726151395123, 5546057.082936435937881, 445.61265 ], [ 310614.945376086980104, 5546017.238959930837154, 441.94162 ], [ 310627.950280794524588, 5545991.735163611359894, 430.88986 ], [ 310777.924264647066593, 5545987.652346619404852, 411.20898 ], [ 310849.824251715326682, 5546009.818913964554667, 399.89362 ], [ 310876.565854660409968, 5546001.749965745024383, 391.02449 ], [ 310920.803264663671143, 5546007.97739037219435, 396.11714 ], [ 311048.386273942189291, 5545968.742610090412199, 398.98866 ], [ 311097.270168633491267, 5545990.835053706541657, 399.85066 ], [ 311139.055740548064932, 5546033.213124111294746, 408.03946 ], [ 311192.557244370109402, 5546046.016485505737364, 404.05549 ], [ 311279.184577011503279, 5546034.611823353916407, 404.7552 ], [ 311341.177861266303807, 5546032.091148212552071, 405.2975 ], [ 311382.371807291230652, 5546037.427944821305573, 405.92046 ], [ 311445.177226340165362, 5546055.916090967133641, 409.35361 ], [ 311574.053847306640819, 5546075.75014778599143, 415.64121 ], [ 311640.691396910697222, 5546089.096909048967063, 421.49445 ], [ 311701.473028398235328, 5546082.727444746531546, 422.7557 ], [ 311774.978045617346652, 5546044.746245729736984, 418.14994 ], [ 311767.906368287978694, 5546016.946847273036838, 413.95969 ], [ 311771.647392306826077, 5545986.763526862487197, 418.5212 ], [ 311783.444099271087907, 5545955.295045991428196, 421.72677 ], [ 311785.498477653018199, 5545932.183147598057985, 423.44849 ], [ 311773.765316018601879, 5545863.588436335325241, 427.9042 ], [ 311711.672762182308361, 5545787.973081233911216, 433.27628 ], [ 311670.50918659940362, 5545734.661176370456815, 440.32937 ], [ 311610.616391893883701, 5545689.021112096495926, 442.6933 ], [ 311561.39223011652939, 5545634.880771290510893, 446.06898 ], [ 311537.073472870048136, 5545601.901372752152383, 448.60749 ], [ 311507.684838076122105, 5545543.055845084600151, 449.49341 ], [ 311490.793129181256518, 5545472.639835690148175, 450.01382 ], [ 311480.02297410229221, 5545403.009888364933431, 452.26005 ], [ 311486.064568508998491, 5545354.71423008851707, 454.93705 ], [ 311517.920255955657922, 5545300.389244086109102, 462.06107 ], [ 311578.188355422054883, 5545205.885351315140724, 469.30018 ], [ 311578.958049340173602, 5545174.804825907573104, 475.22399 ], [ 311559.049103108351119, 5545128.647549939341843, 482.7411 ], [ 311520.445723888813518, 5545089.159139232710004, 489.67159 ], [ 311472.451654096599668, 5545066.029415134340525, 492.94084 ], [ 311367.938834315165877, 5545030.200245266780257, 506.36132 ], [ 311332.941831266623922, 5545005.611819186247885, 509.46202 ], [ 311268.543312058085576, 5544997.197717911563814, 514.85596 ], [ 311209.507560852565803, 5544996.497682399116457, 516.92025 ], [ 311207.213026097801048, 5544939.591502982191741, 518.89654 ], [ 311213.099662910914049, 5544911.335467709228396, 521.33915 ], [ 311205.210211447556503, 5544864.532650270499289, 526.69062 ], [ 311206.064760330482386, 5544811.522287588566542, 533.90057 ], [ 311202.9049323706422, 5544758.542254122905433, 535.60785 ], [ 311217.58662236307282, 5544625.907734313979745, 527.96707 ], [ 311309.317114551318809, 5544616.217099891975522, 531.93064 ], [ 311344.240647128550336, 5544589.831442267633975, 532.78986 ], [ 311384.718212874548044, 5544550.116568614728749, 534.85475 ], [ 311430.33283963589929, 5544489.296141787432134, 534.20831 ], [ 311434.88294727425091, 5544478.005562248639762, 533.39846 ], [ 311452.802626890945248, 5544451.329415226355195, 531.27695 ], [ 311471.683096059830859, 5544372.529904318973422, 523.51747 ], [ 311499.986159528372809, 5544280.264946749433875, 510.90761 ], [ 311512.590069770347327, 5544220.719455912709236, 506.29376 ], [ 311525.067379091284238, 5544133.130265514366329, 507.19308 ], [ 311580.287178041588049, 5544237.034655819647014, 510.19936 ], [ 311684.244152073340956, 5544207.776488027535379, 505.66144 ], [ 311760.924971169792116, 5544173.691904714331031, 491.10068 ], [ 311856.054507930530235, 5544125.826316733844578, 475.38232 ], [ 311914.359708582225721, 5544107.527072343975306, 470.24552 ], [ 311979.469770495197736, 5544082.867842458188534, 462.35108 ], [ 312016.723157167318277, 5544063.417165609076619, 454.39402 ], [ 311995.98524068883853, 5544020.181307504884899, 455.96645 ], [ 311963.006766211998183, 5543971.476503288373351, 455.02864 ], [ 311979.731059675337747, 5543965.769134631380439, 452.71434 ], [ 312001.71658947475953, 5543964.885614084079862, 449.92918 ], [ 312013.644486387260258, 5543961.461549003608525, 445.46349 ], [ 312030.263456340529956, 5543952.752894489094615, 433.48355 ], [ 312038.584459025179967, 5543934.42981456592679, 425.76547 ], [ 312055.362754864734598, 5543954.765400494448841, 425.51038 ], [ 312074.868246052763425, 5543966.991561321541667, 424.18122 ], [ 312081.745170482317917, 5543913.659222914837301, 416.47012 ], [ 312085.896257445332594, 5543866.432886932045221, 411.45812 ], [ 312085.473409415513743, 5543856.430580946616828, 410.79729 ], [ 312125.59142372594215, 5543834.76549287699163, 406.82966 ], [ 312206.203328028786927, 5543773.503548820503056, 403.99131 ], [ 312257.935137294814922, 5543739.411550372838974, 398.14156 ], [ 312293.766654080303852, 5543709.995754660107195, 395.65004 ], [ 312320.995510529261082, 5543690.89893844537437, 392.91228 ], [ 312281.545281027676538, 5543629.396897539496422, 404.78936 ], [ 312245.963783294195309, 5543565.755989789031446, 417.10888 ], [ 312221.834085816459265, 5543513.734137868508697, 426.44811 ], [ 312174.832840443821624, 5543490.562718886882067, 424.53889 ], [ 312141.766007869504392, 5543463.897568207234144, 427.97889 ], [ 312140.217041235766374, 5543425.886805475689471, 434.07466 ], [ 312119.003361913259141, 5543395.689410850405693, 438.65601 ], [ 312236.93057032226352, 5543340.910091957077384, 434.31147 ], [ 312261.645187591435388, 5543333.921808945015073, 434.03254 ], [ 312228.12031224113889, 5543296.253328751772642, 431.33076 ], [ 312219.538109825225547, 5543282.641659701243043, 430.19816 ], [ 312126.975429869373329, 5543220.221092164516449, 431.1598 ], [ 312034.519845415838063, 5543160.914684356190264, 432.99912 ], [ 311984.436669841175899, 5543035.789322693832219, 427.60203 ], [ 311950.045678344904445, 5543002.15964649617672, 425.12303 ], [ 311917.608807608194184, 5542991.500974092632532, 424.5606 ], [ 311891.624901529867202, 5542966.480466523207724, 422.85926 ], [ 311853.535539422882721, 5542890.909219238907099, 420.34775 ], [ 311856.141207742213737, 5542856.87063314113766, 418.49714 ], [ 311791.805808501841966, 5542824.405387849546969, 422.33043 ], [ 311757.181776378944051, 5542808.704595871269703, 423.46955 ], [ 311738.497365387214813, 5542793.445304705761373, 423.80782 ], [ 311723.226830631028861, 5542761.036850073374808, 422.86393 ], [ 311734.53712259104941, 5542719.568801490589976, 418.93415 ], [ 311705.616339696920477, 5542696.767067966982722, 418.40984 ], [ 311648.667266462463886, 5542698.992474498227239, 420.83553 ], [ 311572.190713593852706, 5542664.06288786046207, 417.87025 ], [ 311483.113256570824888, 5542613.550408877432346, 414.93438 ], [ 311431.987010985496454, 5542587.636231350712478, 413.46231 ], [ 311368.472510685620364, 5542550.138221417553723, 408.83928 ], [ 311306.539036954636686, 5542502.567993579432368, 402.28694 ], [ 311295.911969599081203, 5542488.027937068603933, 398.24456 ], [ 311235.134681834024377, 5542420.383283307775855, 394.00931 ], [ 311213.099987960187718, 5542369.181765706278384, 387.58755 ], [ 311172.929518474789802, 5542340.76891253888607, 382.89266 ], [ 311109.43157751247054, 5542330.319635444320738, 378.29946 ], [ 310990.407944885489997, 5542332.070280866697431, 369.5078 ], [ 310903.760678207385354, 5542342.586258046329021, 365.56065 ], [ 310815.650174718350172, 5542342.136354350484908, 366.25864 ], [ 310761.281214890652336, 5542334.262557201087475, 366.95276 ], [ 310672.229449852486141, 5542284.87490045465529, 361.9104 ], [ 310627.288309634313919, 5542261.64321465510875, 360.60278 ], [ 310611.21884222648805, 5542235.276082963682711, 356.72473 ], [ 310581.470987142180093, 5542193.365084372460842, 358.95082 ], [ 310580.447901147883385, 5542166.465900821611285, 361.2326 ], [ 310564.32722170301713, 5542165.032607967033982, 364.81109 ], [ 310534.455591372272465, 5542168.315315509214997, 372.33426 ], [ 310495.80063810426509, 5542176.806307438760996, 381.06072 ], [ 310429.2896311202785, 5542166.471492067910731, 392.57626 ], [ 310307.758569149998948, 5542156.305035391822457, 412.06051 ], [ 310281.508840549911838, 5542150.445291139185429, 413.64367 ], [ 310181.748542207176797, 5542157.430405524559319, 416.59304 ], [ 310101.43326799251372, 5542176.639140374958515, 417.05178 ], [ 310056.914289270993322, 5542165.417873813770711, 418.60589 ], [ 310019.204042524797842, 5542147.945035725831985, 421.66088 ], [ 309986.327104470925406, 5542127.184463301673532, 423.65434 ], [ 309882.061081692692824, 5542221.486059783026576, 422.07121 ], [ 309851.495276942849159, 5542257.743264066055417, 419.41703 ], [ 309825.048871935461648, 5542296.859602484852076, 416.66637 ], [ 309781.194975760939997, 5542326.576971544884145, 408.57951 ], [ 309769.695442257623654, 5542340.119321378879249, 406.6507 ], [ 309767.820578377577476, 5542368.12327725160867, 406.34524 ], [ 309815.432702381396666, 5542456.366036258637905, 415.36202 ], [ 309817.526789195486344, 5542509.272463010624051, 414.10583 ], [ 309730.591998774500098, 5542537.849192698486149, 407.66613 ], [ 309773.095889740157872, 5542573.180917076766491, 417.72113 ], [ 309743.144501267292071, 5542600.401453567668796, 416.55493 ], [ 309738.656399323255755, 5542637.625246970914304, 409.40576 ], [ 309761.454374079825357, 5542683.674405948258936, 398.869 ], [ 309808.246437770547345, 5542750.909621979109943, 403.49166 ], [ 309848.307654024625663, 5542802.356390913017094, 416.08597 ], [ 309792.39103651244659, 5542829.608402527868748, 412.84686 ], [ 309608.208365535771009, 5542905.051538218744099, 400.10591 ], [ 309683.644543970585801, 5542989.075973878614604, 408.91128 ], [ 309713.569722485146485, 5543035.873313748277724, 413.54218 ], [ 309723.960462302551605, 5543144.582400527782738, 402.78447 ], [ 309755.829728602780961, 5543165.376897999085486, 418.0651 ], [ 309735.687145955453161, 5543212.172686007805169, 405.50972 ], [ 309737.675782864156645, 5543262.07771650608629, 398.42545 ], [ 309761.051895741955377, 5543296.196650329045951, 395.47878 ], [ 309794.563405597524252, 5543332.960801164619625, 391.20507 ], [ 309832.658000141615048, 5543359.433645403012633, 390.71672 ], [ 309877.558722380083054, 5543381.658080310560763, 393.33964 ], [ 309844.745779394987039, 5543410.983432616107166, 392.48882 ], [ 309764.058989254524931, 5543421.195998565293849, 387.04924 ], [ 309692.64786586270202, 5543436.08877079654485, 389.00099 ], [ 309630.756657672056463, 5543466.560555255040526, 402.99096 ], [ 309588.816864555352367, 5543493.318219436332583, 400.0551 ], [ 309591.839890469796956, 5543568.230067430995405, 393.55775 ], [ 309606.006604957627133, 5543621.708990956656635, 385.21147 ], [ 309660.817758585733827, 5543666.507843727245927, 393.84036 ], [ 309703.058462783286814, 5543720.881024351343513, 385.40068 ], [ 309730.153289730660617, 5543772.898894256912172, 373.1287 ], [ 309741.138164518401027, 5543797.440683983266354, 367.05711 ], [ 309785.993946482252795, 5543842.705807112157345, 371.29531 ], [ 309788.94969499023864, 5543891.574769078753889, 362.20568 ], [ 309799.291283400612883, 5543924.26474180445075, 362.93043 ], [ 309800.497079636203125, 5543954.162814578041434, 358.13531 ], [ 309788.813392253010534, 5543986.633691063150764, 347.95494 ], [ 309789.667170700849965, 5544008.641653403639793, 344.88123 ], [ 309765.598817713675089, 5544031.646599382162094, 345.38103 ] ] ] } },
{ "type": "Feature", "properties": { "name": "Nat'Our Route 2 - Mittleres Ourtal", "km": 17.938, "darstell": "F1", "height": 74, "link": "https://www.naturwanderpark.eu/wanderwege/a-natour-route-2-mittleres-ourtal", "erlebnis": 74, "datum": null }, "geometry": { "type": "MultiLineString", "coordinates": [ [ [ 294315.740173064637929, 5548086.215877699665725, 273.22386 ], [ 294292.650995922158472, 5548130.743927118368447, 270.83016 ], [ 294276.190364077687263, 5548183.589095245115459, 271.00841 ], [ 294258.5394671902759, 5548224.12299326248467, 269.89722 ], [ 294223.624805287865456, 5548276.12009015865624, 271.1155 ], [ 294164.747185353771783, 5548344.291762050241232, 278.19821 ], [ 294150.706779205065686, 5548359.416109994053841, 279.26636 ], [ 294122.626210518879816, 5548389.664923693053424, 281.10154 ], [ 294086.315619899891317, 5548453.740062691271305, 287.18976 ], [ 294065.293640183284879, 5548518.339736575260758, 289.75479 ], [ 294053.454772480414249, 5548583.142337305471301, 287.18976 ], [ 294065.435015240451321, 5548631.775562394410372, 287.18976 ], [ 294056.248345438274555, 5548702.153635418973863, 284.28596 ], [ 294066.263025237713009, 5548751.864525416865945, 284.28596 ], [ 294098.745777232514229, 5548813.623654447495937, 293.56737 ], [ 294121.092783364234492, 5548846.717258599586785, 302.77396 ], [ 294146.870360160712153, 5548918.642922469414771, 301.15188 ], [ 294162.113809548551217, 5548970.156408451497555, 298.23161 ], [ 294183.402562465169467, 5549048.378010069951415, 295.86523 ], [ 294195.147986315423623, 5549094.682622694410384, 300.05713 ], [ 294197.568110290798359, 5549205.915453768335283, 304.61184 ], [ 294190.543725110124797, 5549254.278823903761804, 304.61184 ], [ 294170.963212985428981, 5549291.102598062716424, 302.12942 ], [ 294138.16063589474652, 5549321.422250057570636, 297.87945 ], [ 294109.606599424907472, 5549333.654921384528279, 291.9266 ], [ 294074.068435585708357, 5549345.043619343079627, 287.04389 ], [ 294028.174687991733663, 5549349.929463832639158, 286.72585 ], [ 293983.080141374142841, 5549347.660008545964956, 286.72585 ], [ 293933.716996851027943, 5549333.198296845890582, 285.56713 ], [ 293903.389556719805114, 5549306.870202304795384, 282.02313 ], [ 293874.764704818488099, 5549259.658535654656589, 275.07001 ], [ 293865.340572760615032, 5549195.564002013765275, 273.85021 ], [ 293857.520715581602417, 5549132.186882366426289, 274.89272 ], [ 293852.970987675944343, 5549073.693322477862239, 276.70415 ], [ 293851.453108372807037, 5549034.342299303039908, 276.86706 ], [ 293845.491827872348949, 5548980.133599909953773, 274.92929 ], [ 293832.637747740722261, 5548942.333128541707993, 274.82736 ], [ 293810.130778377060778, 5548929.285571275278926, 274.82736 ], [ 293798.916520854050759, 5548924.708526141010225, 275.06097 ], [ 293758.099110254202969, 5548927.508058491162956, 277.55342 ], [ 293715.475040893536061, 5548941.064992259256542, 279.14312 ], [ 293587.550963338464499, 5548995.210462021641433, 279.46182 ], [ 293529.816065142222214, 5549027.610177632421255, 280.58579 ], [ 293468.260768115054816, 5549089.103219888173044, 281.8149 ], [ 293440.135030052915681, 5549116.129415748640895, 280.97013 ], [ 293412.031552097061649, 5549160.410618543624878, 281.8149 ], [ 293388.824024450150318, 5549220.088516728021204, 280.34394 ], [ 293380.688360570813529, 5549248.791484869085252, 279.76769 ], [ 293373.72250945540145, 5549287.357360550202429, 279.91137 ], [ 293375.303353328257799, 5549343.071155644021928, 281.66614 ], [ 293379.222502250107937, 5549390.678985087200999, 281.16249 ], [ 293412.373652339796536, 5549471.44540143199265, 286.43672 ], [ 293445.164980161061976, 5549561.466032227501273, 288.15278 ], [ 293461.364204806799535, 5549606.038686307147145, 289.64428 ], [ 293493.487137940421235, 5549693.636169009841979, 296.42349 ], [ 293497.34756538271904, 5549721.207422691397369, 295.58268 ], [ 293508.317261969204992, 5549726.906474223360419, 299.33498 ], [ 293512.465803026105277, 5549713.720884657464921, 302.1861 ], [ 293517.030932573485188, 5549705.751574192196131, 304.83422 ], [ 293532.025167095882352, 5549722.873168030753732, 308.24914 ], [ 293527.875463441712782, 5549674.828900335356593, 313.30161 ], [ 293549.438596199848689, 5549689.470177935436368, 318.67239 ], [ 293555.566764017916285, 5549694.131794965825975, 320.38459 ], [ 293548.014130848052446, 5549654.457201725803316, 326.42786 ], [ 293551.46548930555582, 5549610.238354807719588, 337.65399 ], [ 293550.861114654224366, 5549574.191755428910255, 344.33718 ], [ 293552.310424726456404, 5549531.942829542793334, 353.52714 ], [ 293556.387713927077129, 5549518.760048952884972, 358.42045 ], [ 293560.930574713740498, 5549552.873252462595701, 355.16344 ], [ 293600.807469015708193, 5549648.29858585819602, 349.72092 ], [ 293617.650624857400544, 5549694.739302476868033, 349.72092 ], [ 293633.498916188604198, 5549722.849538332782686, 342.80083 ], [ 293660.612831586506218, 5549742.063909309916198, 329.61669 ], [ 293693.90480112330988, 5549748.6825802763924, 326.41613 ], [ 293723.928556912345812, 5549724.478770952671766, 331.51411 ], [ 293771.437774510821328, 5549711.400887505151331, 337.7293 ], [ 293808.870433116273489, 5549704.612587780691683, 343.69566 ], [ 293846.235673980670981, 5549703.504814919084311, 348.0731 ], [ 293895.056043621618301, 5549722.55084992852062, 348.0731 ], [ 293953.547923180623911, 5549758.257296816445887, 334.17926 ], [ 293993.121096253045835, 5549797.699535321444273, 314.29553 ], [ 294023.204868754604831, 5549847.527221092954278, 307.41262 ], [ 294043.858015856472775, 5549888.812448910437524, 307.41262 ], [ 294052.523320902721025, 5549905.400044279173017, 307.41262 ], [ 294039.03415270592086, 5549943.99364688526839, 298.47196 ], [ 294044.355825211212505, 5549989.098358266055584, 296.38943 ], [ 294037.720908186398447, 5550017.742368962615728, 291.31957 ], [ 294044.950347400153987, 5550039.840292373672128, 290.58246 ], [ 294045.905651637003757, 5550088.787099992856383, 285.86585 ], [ 294056.979584201355465, 5550138.1231359988451, 287.72129 ], [ 294077.423303395451512, 5550151.696221855469048, 292.69745 ], [ 294077.538988112821244, 5550154.697576139122248, 292.69745 ], [ 294073.950791338342242, 5550163.853321708738804, 291.81451 ], [ 294072.178767269826494, 5550169.933251670561731, 291.17324 ], [ 294071.292756998329423, 5550172.973216929472983, 290.81185 ], [ 294059.691010932670906, 5550182.437867667526007, 287.65738 ], [ 294076.196343731484376, 5550197.943979856558144, 289.56242 ], [ 294098.143183208419941, 5550218.918059538118541, 288.61772 ], [ 294105.801444206153974, 5550259.59102149028331, 286.47118 ], [ 294158.194173753145151, 5550317.576949521899223, 284.76732 ], [ 294210.724969197413884, 5550356.855188184417784, 286.28666 ], [ 294295.831409937818535, 5550410.353766249492764, 287.87802 ], [ 294335.062015816336498, 5550431.776460137218237, 291.58815 ], [ 294371.119103562377859, 5550460.11247001029551, 299.04488 ], [ 294451.823402726673521, 5550525.917314196936786, 302.43034 ], [ 294504.755073428736068, 5550573.866174981929362, 302.43034 ], [ 294541.594161571760196, 5550603.954350008629262, 303.67768 ], [ 294575.734037318441551, 5550653.294602175243199, 300.43702 ], [ 294607.683255193638615, 5550664.311862929724157, 314.74738 ], [ 294636.769065976317506, 5550701.489623785018921, 326.25057 ], [ 294637.833057819516398, 5550721.710009843111038, 326.00607 ], [ 294646.834603544499259, 5550771.349215663969517, 326.13884 ], [ 294637.652721282560378, 5550815.787240689620376, 321.54161 ], [ 294628.261189392418601, 5550839.860730021260679, 313.93577 ], [ 294631.327255494717974, 5550858.111602745018899, 308.6765 ], [ 294654.357489001238719, 5550883.165068780072033, 308.25484 ], [ 294658.863743764988612, 5550896.016944743692875, 300.94572 ], [ 294617.062114487518556, 5550902.633815561421216, 300.94572 ], [ 294597.018880521180108, 5550925.447089107707143, 303.31904 ], [ 294563.072782385745086, 5550977.962575268000364, 312.65967 ], [ 294513.59425935940817, 5551015.935548398643732, 310.43998 ], [ 294469.747553158784285, 5551034.544214769266546, 303.61748 ], [ 294423.125351830793079, 5551042.461453629657626, 293.41135 ], [ 294399.058484358014539, 5551055.63373186904937, 290.3767 ], [ 294370.537996176863089, 5551092.690078065730631, 297.04469 ], [ 294336.705244971613865, 5551133.179627079516649, 300.39533 ], [ 294298.721954953623936, 5551164.477871061302722, 292.56821 ], [ 294279.178599369945005, 5551176.029281125403941, 292.42869 ], [ 294259.295999652473256, 5551158.314993671141565, 289.42607 ], [ 294218.436292587430216, 5551135.39734910801053, 292.37753 ], [ 294177.887630616081879, 5551100.110766557976604, 299.91744 ], [ 294148.30347327736672, 5551068.632260108366609, 299.96682 ], [ 294120.652732087299228, 5551003.681402491405606, 290.58026 ], [ 294103.818628774432, 5550953.565410723909736, 288.51944 ], [ 294088.537326033809222, 5550915.85816973913461, 288.9476 ], [ 294078.301553375436924, 5550890.091036156751215, 288.98245 ], [ 294064.1626076119137, 5550861.579912524670362, 288.66506 ], [ 294039.806011818000115, 5550833.796776304021478, 288.24629 ], [ 293994.736166478018276, 5550783.545282650738955, 288.14721 ], [ 293952.016019396309275, 5550742.220942577347159, 290.41008 ], [ 293927.436084278160706, 5550727.249441654421389, 290.41008 ], [ 293885.747340033412911, 5550710.822984382510185, 290.23256 ], [ 293859.994850922783371, 5550710.03552558273077, 288.51023 ], [ 293829.407368297106586, 5550715.78043825738132, 286.97088 ], [ 293812.369970763335004, 5550731.021890915930271, 287.95298 ], [ 293776.856002399115823, 5550766.904236664064229, 289.3861 ], [ 293764.154277454013936, 5550799.790791967883706, 290.94775 ], [ 293758.219108736200724, 5550826.070474393665791, 291.68469 ], [ 293776.39594085526187, 5550894.168735607527196, 292.5431 ], [ 293812.760577119654045, 5550962.010199273005128, 293.30008 ], [ 293851.898878751206212, 5551014.493014544248581, 293.30008 ], [ 293891.415587699972093, 5551067.518102653324604, 290.82002 ], [ 293944.468408448039554, 5551101.874913119710982, 305.12639 ], [ 293988.112289410084486, 5551202.50057562533766, 300.00995 ], [ 294015.680394395953044, 5551280.145250540226698, 297.81019 ], [ 294036.362188281025738, 5551320.427166609093547, 297.81019 ], [ 294077.687487764225807, 5551377.725384133867919, 301.50625 ], [ 294114.356059451471083, 5551444.332184021361172, 301.61926 ], [ 294124.443524211412296, 5551469.993725733831525, 301.61926 ], [ 294137.220747904735617, 5551563.572172868065536, 301.61926 ], [ 294139.630613947985694, 5551724.568962154909968, 301.95977 ], [ 294158.835756198910531, 5551852.967546656727791, 310.63367 ], [ 294157.098740292072762, 5551884.094656717963517, 310.63367 ], [ 294156.135931300697848, 5551885.133713903836906, 310.08706 ], [ 294127.659721555770375, 5551999.339548924937844, 301.61949 ], [ 294087.429611196159385, 5552143.05524130538106, 301.61949 ], [ 294079.492409716011025, 5552169.411845939233899, 301.61949 ], [ 294069.855405013891868, 5552253.835343313403428, 301.06722 ], [ 294075.668631159700453, 5552298.698516099713743, 301.00567 ], [ 294078.201896215905435, 5552386.660392298363149, 301.00567 ], [ 294100.957186640356667, 5552454.80541187338531, 305.82493 ], [ 294099.828855525585823, 5552575.972618047147989, 304.25737 ], [ 294116.034026560781058, 5552680.440228695049882, 299.99602 ], [ 294139.561433735187165, 5552718.49729323387146, 299.65822 ], [ 294166.59053105651401, 5552741.501615640707314, 299.66343 ], [ 294219.697760374227073, 5552770.291630432009697, 300.00377 ], [ 294248.772832880320493, 5552796.22328167129308, 300.00377 ], [ 294319.929117915336974, 5552847.363186404109001, 300.35346 ], [ 294398.761376006994396, 5552867.259492698125541, 303.06007 ], [ 294445.66453288437333, 5552863.337909392081201, 303.81491 ], [ 294464.564832045405637, 5552855.707877065986395, 305.6401 ], [ 294494.752901462372392, 5552862.227099859155715, 305.58335 ], [ 294526.188982883119024, 5552860.237639716826379, 306.05016 ], [ 294556.953940039966255, 5552861.280007764697075, 302.63173 ], [ 294569.489592528378125, 5552866.92050429712981, 300.14635 ], [ 294590.10584943642607, 5552924.350795164704323, 299.42766 ], [ 294578.751081653637812, 5552949.390890704467893, 301.35075 ], [ 294567.078618588508107, 5552964.312544412910938, 302.16238 ], [ 294556.275371699011885, 5552983.20852329954505, 303.5001 ], [ 294564.257193031487986, 5553011.957504479214549, 308.05869 ], [ 294538.646812386519741, 5553005.261738162487745, 305.23374 ], [ 294518.724981855193619, 5553006.80790891777724, 304.75539 ], [ 294441.444511695066467, 5553032.716778980568051, 306.28439 ], [ 294395.033996295125689, 5553047.529531478881836, 308.29407 ], [ 294353.003803374187555, 5553051.486572185531259, 308.6531 ], [ 294309.81993796385359, 5553047.80685893073678, 307.54103 ], [ 294278.179310047416948, 5553044.461864566430449, 305.64939 ], [ 294214.316988533711992, 5553043.138521769084036, 310.3753 ], [ 294188.196832013898529, 5553041.807758281007409, 313.12595 ], [ 294132.55182532168692, 5553014.006699751131237, 308.95744 ], [ 294106.233274033293128, 5552988.971322068013251, 305.76338 ], [ 294083.940501761855558, 5552969.903740352019668, 304.34546 ], [ 294060.374902067473158, 5552936.412830450572073, 301.08826 ], [ 294053.741924986592494, 5552903.715931374579668, 297.12267 ], [ 294040.553784818446729, 5552881.180071098729968, 296.4663 ], [ 294011.346365286386572, 5552864.828749501146376, 302.05968 ], [ 293990.473043277859688, 5552843.591514216735959, 306.34564 ], [ 293978.408706009038724, 5552822.348337416537106, 306.9263 ], [ 293968.8272305597784, 5552813.477993094362319, 308.68156 ], [ 293954.643039600749034, 5552804.117362511344254, 312.5273 ], [ 293949.196478237281553, 5552783.62074423674494, 311.26491 ], [ 293941.322630294307601, 5552718.798279273323715, 306.29132 ], [ 293923.459265808691271, 5552673.509722279384732, 309.31175 ], [ 293908.886764637602028, 5552607.721282727085054, 310.71415 ], [ 293900.568898495228495, 5552523.990370264276862, 309.22358 ], [ 293900.610293775156606, 5552500.944043853320181, 309.22358 ], [ 293894.599743081722409, 5552475.125528201460838, 307.03 ], [ 293875.611077531124465, 5552428.544591600075364, 310.99905 ], [ 293867.361568176187575, 5552374.424105046316981, 315.37845 ], [ 293861.372026770433877, 5552321.329637591727078, 316.56534 ], [ 293858.040202993433923, 5552272.140335353091359, 318.73944 ], [ 293863.149548959569074, 5552241.216756981797516, 316.56534 ], [ 293870.599161835794803, 5552200.406045191921294, 313.91177 ], [ 293881.866842583578546, 5552173.141192947514355, 310.28387 ], [ 293893.239066015754361, 5552150.436749564483762, 306.54806 ], [ 293887.807600230793469, 5552128.492326721549034, 308.11136 ], [ 293888.444167833426036, 5552124.571303579024971, 308.1786 ], [ 293890.054920718539506, 5552106.919438599608839, 309.61276 ], [ 293908.365209908515681, 5552083.947216503322124, 311.40999 ], [ 293927.207668435527012, 5552074.759083454497159, 310.65887 ], [ 293938.686175700044259, 5552052.941281520761549, 313.94761 ], [ 293953.790065640583634, 5552006.269009813666344, 314.35617 ], [ 293957.571409535012208, 5551976.176127250306308, 314.35617 ], [ 293935.161438388051465, 5551941.193652989342809, 321.31185 ], [ 293940.248803464462981, 5551913.388223012909293, 317.70654 ], [ 293941.60852571146097, 5551868.804952017962933, 314.35993 ], [ 293944.931909082748462, 5551776.720621140673757, 309.02137 ], [ 293950.536500141548458, 5551725.182625092566013, 305.5993 ], [ 293951.276457670610398, 5551644.108064304105937, 305.5993 ], [ 293942.727982362732291, 5551606.364112637005746, 302.81327 ], [ 293927.827615802059881, 5551559.959127428941429, 300.63068 ], [ 293900.509271005052142, 5551501.787450168281794, 299.14262 ], [ 293877.247580607305281, 5551455.927923993207514, 298.70317 ], [ 293858.084117412916385, 5551438.298666658811271, 301.32289 ], [ 293848.609063360723667, 5551411.834611084312201, 299.65826 ], [ 293830.88034961593803, 5551388.695027239620686, 300.40493 ], [ 293816.077295224647969, 5551344.847035519778728, 297.92765 ], [ 293794.400964652886614, 5551327.09233277104795, 301.16828 ], [ 293782.385966811561957, 5551303.50961472094059, 300.58254 ], [ 293761.704943704069592, 5551250.314578398130834, 296.52816 ], [ 293749.153122289164457, 5551223.96947046648711, 294.68993 ], [ 293706.6017207679688, 5551198.115113859064877, 297.73888 ], [ 293682.543540933867916, 5551170.656016367487609, 295.29155 ], [ 293635.336600074428134, 5551122.605251368135214, 295.6133 ], [ 293628.299565677996725, 5551099.943746354430914, 296.2596 ], [ 293609.680437720089685, 5551076.059893652796745, 300.51793 ], [ 293609.316139054833911, 5551046.238266027532518, 299.01537 ], [ 293598.307647353154607, 5551041.319966643117368, 301.66022 ], [ 293589.969978337059729, 5551023.94114288687706, 303.13187 ], [ 293586.941830753174145, 5551004.90987790375948, 303.52856 ], [ 293588.612462451274041, 5550988.814187080599368, 303.08389 ], [ 293594.662534061120823, 5550965.53563738334924, 301.78942 ], [ 293590.460831537377089, 5550936.530269742943347, 303.78082 ], [ 293588.522612401167862, 5550906.769468014128506, 305.64828 ], [ 293571.707317444030195, 5550849.863122281618416, 313.37699 ], [ 293604.233313412289135, 5550816.432613188400865, 305.86206 ], [ 293637.749578962335363, 5550767.823578954674304, 300.84182 ], [ 293637.534848963608965, 5550762.265517182648182, 306.17742 ], [ 293669.990015696501359, 5550706.572791652753949, 301.81476 ], [ 293705.237587736628484, 5550663.797733250074089, 309.43973 ], [ 293741.40428880660329, 5550644.811431156471372, 310.22763 ], [ 293760.952962568146177, 5550633.369244650006294, 311.75531 ], [ 293820.111448459560052, 5550614.163821523077786, 314.55455 ], [ 293862.843481210642494, 5550605.612360344268382, 315.98961 ], [ 293913.526783532463014, 5550604.436025865375996, 318.13138 ], [ 293964.505920481693465, 5550610.930302015505731, 319.55122 ], [ 293999.375695765134878, 5550625.17118435818702, 318.37047 ], [ 294036.238604483893141, 5550637.220225498080254, 326.60535 ], [ 294087.083245224668644, 5550699.718063878826797, 330.25746 ], [ 294108.813305230461992, 5550744.858279787003994, 327.52084 ], [ 294117.786029387265444, 5550806.632616938091815, 308.17804 ], [ 294128.345154006034136, 5550831.496744624339044, 303.20246 ], [ 294164.832756901392713, 5550882.191310184076428, 300.06813 ], [ 294221.666654292785097, 5550919.856265194714069, 307.68793 ], [ 294285.162008314102422, 5550951.921539127826691, 304.40102 ], [ 294341.749692241486628, 5550975.792698220349848, 290.82978 ], [ 294365.941513130441308, 5550973.302684267982841, 291.62077 ], [ 294388.977094541187398, 5550972.415857911109924, 291.06621 ], [ 294439.135704413754866, 5550939.091228373348713, 291.93463 ], [ 294470.163825106108561, 5550905.723934949375689, 289.87346 ], [ 294481.84849703987129, 5550889.132047022692859, 290.51409 ], [ 294494.509531693591271, 5550858.809524785727262, 295.63778 ], [ 294517.763867780624423, 5550822.624535352922976, 293.44493 ], [ 294516.917145104147494, 5550800.61456695664674, 293.44493 ], [ 294499.179257226292975, 5550760.440334402956069, 294.22742 ], [ 294484.260839176480658, 5550713.478107021190226, 292.88849 ], [ 294464.582313157850876, 5550693.63996069971472, 296.3691 ], [ 294446.753172830969561, 5550656.697827729396522, 296.66419 ], [ 294392.690720551763661, 5550590.535597167909145, 300.43199 ], [ 294354.805144836427644, 5550544.457710048183799, 291.06346 ], [ 294311.121293311938643, 5550507.843383111990988, 290.88796 ], [ 294285.081185468821786, 5550486.580873787403107, 291.05741 ], [ 294238.472250980965327, 5550457.761236608959734, 286.79326 ], [ 294189.305773358326405, 5550444.403540058061481, 291.05741 ], [ 294138.797318149183411, 5550407.385471522808075, 289.71083 ], [ 294065.258755054906942, 5550347.320384026505053, 289.39709 ], [ 294002.958572752890177, 5550290.719273315742612, 289.39709 ], [ 293976.682641353749204, 5550248.537819651886821, 287.20081 ], [ 293961.86089884233661, 5550215.37747157830745, 288.98185 ], [ 293957.31657884188462, 5550151.428618289530277, 287.79496 ], [ 293946.762112583150156, 5550111.869433258660138, 287.41649 ], [ 293943.259465534705669, 5550074.932771891355515, 287.41649 ], [ 293942.141990213131066, 5550071.970053419470787, 287.72706 ], [ 293932.248924410785548, 5550051.422223633155227, 290.85364 ], [ 293931.096924943034537, 5550023.412355923093855, 290.08901 ], [ 293925.574333992903121, 5549999.13351484015584, 290.51173 ], [ 293921.785840286524035, 5549980.799426835030317, 290.22172 ], [ 293915.03446695569437, 5549945.101349487900734, 288.92254 ], [ 293895.116418707650155, 5549926.610161181539297, 293.57766 ], [ 293864.69386359868804, 5549916.317167893052101, 301.08169 ], [ 293825.438330660865176, 5549914.826011518016458, 302.46561 ], [ 293774.778492386569269, 5549916.781133586540818, 298.24349 ], [ 293729.510916279628873, 5549919.196519482880831, 298.82149 ], [ 293680.916041742893867, 5549935.656637760810554, 298.44812 ], [ 293640.217999611108098, 5549935.781124867498875, 295.55435 ], [ 293593.938964909291826, 5549952.820576849393547, 295.68742 ], [ 293558.232740114210173, 5549963.440252262167633, 292.59679 ], [ 293533.866220504161902, 5549968.946216616779566, 292.41599 ], [ 293506.399552875838708, 5549955.423841224983335, 286.4086 ], [ 293489.336881307943258, 5549951.51890213880688, 285.64325 ], [ 293466.757300501340069, 5549943.930821876041591, 283.90215 ], [ 293443.63122446811758, 5549942.598285076208413, 283.64449 ], [ 293417.151211234333459, 5549952.750907856039703, 285.64061 ], [ 293383.304670714249369, 5549972.540033917874098, 288.9074 ], [ 293352.354557172686327, 5549987.541613234207034, 292.45803 ], [ 293339.019638231140561, 5549981.823061307892203, 291.84985 ], [ 293366.165834662737325, 5549937.021465598605573, 295.24179 ], [ 293385.279759709606878, 5549890.192773330025375, 302.87838 ], [ 293394.562279573234264, 5549870.796857014298439, 302.87838 ], [ 293410.736863461148459, 5549848.017311550676823, 293.94182 ], [ 293411.98266433540266, 5549832.049345734529197, 295.83681 ], [ 293380.232934312312864, 5549754.123335100710392, 302.2077 ], [ 293376.313981444924138, 5549712.081843735650182, 299.50478 ], [ 293370.141565267636906, 5549652.537788632325828, 295.19557 ], [ 293374.528288840199821, 5549626.985539895482361, 290.37123 ], [ 293367.222315042221453, 5549597.43235504347831, 289.31419 ], [ 293323.966511066188104, 5549509.264103882014751, 293.24613 ], [ 293310.865379722730722, 5549481.827679751440883, 293.24613 ], [ 293294.715615800116211, 5549453.395933399908245, 293.24613 ], [ 293260.72722649096977, 5549380.678083823062479, 291.58179 ], [ 293265.855543274781667, 5549361.331381713040173, 287.41939 ], [ 293286.833389683277346, 5549368.201453886926174, 286.41826 ], [ 293304.478851415216923, 5549366.739623406901956, 283.06041 ], [ 293311.635611905541737, 5549351.656283226795495, 280.32771 ], [ 293306.399399645277299, 5549336.718299170024693, 280.43935 ], [ 293306.270781438506674, 5549313.01056354586035, 280.19454 ], [ 293303.677814502851106, 5549266.353399940766394, 283.75254 ], [ 293298.612055351142772, 5549228.030099729076028, 290.53819 ], [ 293318.361540715675801, 5549188.301724074408412, 287.78957 ], [ 293331.016900068789255, 5549157.865282535552979, 287.15708 ], [ 293343.973311606096104, 5549135.210143710486591, 281.91876 ], [ 293366.405809295363724, 5549096.268867212347686, 281.91876 ], [ 293397.353081583045423, 5549043.973269159905612, 280.68859 ], [ 293427.259582730475813, 5549016.655379419215024, 278.37297 ], [ 293444.407972342567518, 5549007.865718360990286, 278.77762 ], [ 293464.569220330449753, 5548991.723430145531893, 279.41677 ], [ 293483.336539329495281, 5548980.310820879414678, 280.4027 ], [ 293517.062657052301802, 5548959.080203835852444, 281.49601 ], [ 293552.224669969291426, 5548932.339336235076189, 276.65806 ], [ 293569.22327632503584, 5548914.093112241476774, 276.45407 ], [ 293572.854724041244481, 5548889.349625209346414, 278.06194 ], [ 293567.325563475838862, 5548864.959953228011727, 280.49682 ], [ 293591.455258320318535, 5548868.035792884416878, 278.78935 ], [ 293601.045441684720572, 5548856.532758307643235, 278.78935 ], [ 293604.599619050975889, 5548846.487424481660128, 279.56288 ], [ 293604.828895809128881, 5548826.439753471873701, 281.8633 ], [ 293601.15056313178502, 5548805.429713365621865, 285.51394 ], [ 293601.91516647755634, 5548786.251984821632504, 289.89444 ], [ 293607.155769266770221, 5548762.337018032558262, 296.52191 ], [ 293627.381557736371178, 5548740.403961515054107, 305.20228 ], [ 293640.599140460602939, 5548731.878112256526947, 310.31066 ], [ 293676.936142039718106, 5548737.377573828212917, 314.82672 ], [ 293740.723784558358602, 5548714.988191890530288, 332.19311 ], [ 293769.282725214783568, 5548717.671294923871756, 335.24525 ], [ 293803.063532846746966, 5548716.367997197434306, 339.24751 ], [ 293820.318018044810742, 5548706.57361610326916, 339.41582 ], [ 293839.99010484921746, 5548698.133289058692753, 332.86422 ], [ 293821.11043713777326, 5548665.797574187628925, 338.7459 ], [ 293836.416240598307922, 5548644.5004808511585, 329.12889 ], [ 293846.032816747669131, 5548615.073384108953178, 319.62796 ], [ 293847.753322650911286, 5548570.476476297713816, 311.20179 ], [ 293852.651989194215275, 5548543.235242329537868, 305.39374 ], [ 293863.397275950410403, 5548507.753048471175134, 298.49338 ], [ 293872.324313357123174, 5548479.020581845194101, 294.67456 ], [ 293880.464158006070647, 5548450.318492192775011, 291.0968 ], [ 293881.585707121063024, 5548440.36720479093492, 290.8887 ], [ 293898.602936979616061, 5548402.082772531546652, 283.73241 ], [ 293916.576165721402504, 5548369.995826103724539, 282.26431 ], [ 293941.262082663364708, 5548352.12260062340647, 282.86052 ], [ 293946.560506082896609, 5548329.65312498062849, 289.36373 ], [ 293988.629059540340677, 5548314.561244003474712, 288.70133 ], [ 294047.498911514936481, 5548276.000541052781045, 286.49959 ], [ 294106.837583630869631, 5548238.424419485032558, 280.52638 ], [ 294143.636510731419548, 5548211.179621873423457, 275.00837 ], [ 294170.780811455450021, 5548190.095765934325755, 273.18914 ], [ 294206.46003965678392, 5548148.644854784943163, 275.13732 ], [ 294235.290594447928015, 5548102.448160291649401, 272.56087 ], [ 294249.656130876159295, 5548073.395873575471342, 270.7403 ], [ 294297.620174648647662, 5548082.905338766053319, 268.28116 ], [ 294314.796831536572427, 5548085.918195277452469, 272.7 ] ] ] } },
{ "type": "Feature", "properties": { "name": "Nat'Our Route 6 - Kammerwald", "km": 17.339, "darstell": "F1", "height": 365, "link": "https://www.naturpark-suedeifel.de/a-natour-route-6-kammerwald", "erlebnis": 53, "datum": null }, "geometry": { "type": "MultiLineString", "coordinates": [ [ [ 302332.623224673967343, 5536625.377386149950325, 294.68673 ], [ 302289.061662088264711, 5536624.422227032482624, 298.42052 ], [ 302142.795405156735796, 5536648.959784948267043, 307.44226 ], [ 302114.848056531511247, 5536644.870076413266361, 308.41862 ], [ 302021.741926054819487, 5536611.237629449926317, 313.34871 ], [ 301935.372325719799846, 5536610.306675104424357, 312.31065 ], [ 301904.992147008539177, 5536653.170612199231982, 310.99884 ], [ 301863.772692249098327, 5536647.56859765201807, 312.71078 ], [ 301745.719018343836069, 5536607.515486191958189, 321.33493 ], [ 301706.27387520839693, 5536603.296157728880644, 324.36449 ], [ 301677.56063011882361, 5536613.48509069532156, 327.77704 ], [ 301654.038080797123257, 5536639.734039758332074, 333.53305 ], [ 301641.409401960438117, 5536636.19362583104521, 333.12254 ], [ 301637.682870087795891, 5536628.650775953195989, 332.56942 ], [ 301642.404598901746795, 5536606.770113811828196, 332.37787 ], [ 301660.369364758953452, 5536581.728385172784328, 329.11121 ], [ 301694.231035628065001, 5536549.531687918119133, 326.97444 ], [ 301759.579035412753001, 5536523.852438825182617, 328.90703 ], [ 301824.770861005759798, 5536515.322004714980721, 331.10179 ], [ 301824.90780516131781, 5536509.306040942668915, 332.68112 ], [ 301793.32694242906291, 5536492.439823934808373, 336.23706 ], [ 301739.035759759950452, 5536473.296105122193694, 341.42955 ], [ 301648.264482825645246, 5536483.552275597117841, 347.40053 ], [ 301612.039832726179156, 5536477.09957324154675, 358.67538 ], [ 301517.925274856504984, 5536428.04018893931061, 377.11356 ], [ 301497.231908995716367, 5536412.331290429458022, 377.38384 ], [ 301429.142873203847557, 5536449.357820685021579, 378.64231 ], [ 301419.678498875931837, 5536449.819392611272633, 379.07748 ], [ 301369.755703362636268, 5536422.614354500547051, 377.88552 ], [ 301172.094015148817562, 5536345.447785499505699, 370.29577 ], [ 300955.573672404221725, 5536282.901895330287516, 372.26502 ], [ 300905.8555188390892, 5536263.262699473649263, 365.40238 ], [ 300888.529872770654038, 5536268.692063804715872, 364.28613 ], [ 300876.609227990615182, 5536284.273140206001699, 364.25242 ], [ 300873.81592042313423, 5536329.013815687038004, 366.39844 ], [ 300884.68180446192855, 5536387.607161348685622, 370.14065 ], [ 300931.6487560615642, 5536489.943317880854011, 382.7331 ], [ 300930.164953194092959, 5536508.03127358853817, 384.97585 ], [ 300917.993923160247505, 5536511.043070474639535, 383.64785 ], [ 300885.016532330657355, 5536495.346963613294065, 378.95336 ], [ 300837.798476800322533, 5536484.966126044280827, 384.33211 ], [ 300810.337275760946795, 5536466.950734649784863, 384.11528 ], [ 300772.984095031337347, 5536461.102076154202223, 387.41701 ], [ 300758.846940344490577, 5536453.723675077781081, 385.49971 ], [ 300741.954649583320133, 5536420.511350031942129, 371.5967 ], [ 300695.475429044570774, 5536356.56198563426733, 358.69771 ], [ 300663.165930472372565, 5536233.20117874071002, 357.46758 ], [ 300628.133411451941356, 5536198.993310339748859, 367.116 ], [ 300587.383717955846805, 5536184.923410001210868, 369.97569 ], [ 300561.906970683368854, 5536183.643915168009698, 370.70169 ], [ 300485.113539944519289, 5536212.546189053915441, 377.89731 ], [ 300429.882592438720167, 5536203.13454566616565, 372.37466 ], [ 300355.657800115295686, 5536212.24045964051038, 372.73276 ], [ 300321.371089757652953, 5536232.884987889789045, 377.89262 ], [ 300262.212027800036594, 5536285.846344732679427, 382.18612 ], [ 300208.009089736035094, 5536302.112530291080475, 380.65968 ], [ 300171.458370224980172, 5536321.729234182275832, 381.51815 ], [ 300145.435719608620275, 5536317.355248355306685, 377.48017 ], [ 300133.581533322460018, 5536301.878688798286021, 376.76922 ], [ 300130.67981479462469, 5536264.473535853438079, 377.79337 ], [ 300135.337736330577172, 5536223.669990619644523, 382.57747 ], [ 300172.364622708701063, 5536158.952709632925689, 385.5637 ], [ 300224.915072449774016, 5536090.541003957390785, 384.5957 ], [ 300316.798355564300437, 5536011.538389837369323, 375.87995 ], [ 300327.574622132524382, 5535990.321536122821271, 376.91735 ], [ 300329.165836901112925, 5535967.442776705138385, 376.44973 ], [ 300318.988447474548593, 5535921.737077099271119, 372.54292 ], [ 300309.570164659526199, 5535915.742567881010473, 372.29557 ], [ 300322.778613337315619, 5535903.896986206062138, 372.35442 ], [ 300370.490139896865003, 5535828.876850544475019, 373.75683 ], [ 300362.680830306664575, 5535810.132504180073738, 374.35694 ], [ 300312.798957035120111, 5535780.486142518930137, 375.53419 ], [ 300279.129693266644608, 5535761.813615716993809, 375.99821 ], [ 300227.010321622248739, 5535749.28245144430548, 376.00075 ], [ 300107.881352848839015, 5535690.936351881362498, 371.26944 ], [ 300092.821193870564457, 5535695.504623400047421, 369.98396 ], [ 300081.796403654967435, 5535692.687136931344867, 369.33318 ], [ 300055.127439634641632, 5535672.975973164662719, 368.17797 ], [ 300000.441576692042872, 5535653.307037097401917, 366.14914 ], [ 299992.934649525210261, 5535646.573917200788856, 365.5358 ], [ 299992.978180476115085, 5535626.535546563565731, 364.43721 ], [ 300006.709183294791728, 5535597.861122268252075, 360.71518 ], [ 299983.427030395832844, 5535591.938481369055808, 360.32744 ], [ 299938.496767204720527, 5535596.952513861469924, 354.7207 ], [ 299934.127198405447416, 5535593.441983942873776, 353.65148 ], [ 299934.823203945648856, 5535575.494271287694573, 351.15134 ], [ 299984.407954832655378, 5535546.930558790452778, 350.36991 ], [ 299949.113876157090999, 5535500.157718730159104, 332.80329 ], [ 300053.885639958549291, 5535520.075177332386374, 323.97302 ], [ 300083.966961535741575, 5535513.722852034494281, 325.33559 ], [ 300086.854512739460915, 5535500.591432506218553, 323.3333 ], [ 300080.063186572864652, 5535460.993573104031384, 317.59351 ], [ 300089.654744880681392, 5535444.606952762231231, 319.69359 ], [ 300106.173924118513241, 5535430.967861354351044, 323.95073 ], [ 300109.705930473981425, 5535419.704818298108876, 325.22102 ], [ 300055.441367225314025, 5535397.904506016522646, 314.17676 ], [ 300038.834616363281384, 5535374.479069711640477, 313.26023 ], [ 300038.565343758091331, 5535361.465228526853025, 313.86389 ], [ 300046.03637889190577, 5535347.940411806106567, 315.04836 ], [ 300059.298132674361113, 5535327.854944462887943, 315.1981 ], [ 300084.153978024143726, 5535306.558486575260758, 315.04349 ], [ 300121.746496567910071, 5535291.578083918429911, 315.4748 ], [ 300169.535526558873244, 5535282.229360832832754, 310.65778 ], [ 300213.669343181536533, 5535296.281931551173329, 313.05111 ], [ 300267.59098602150334, 5535303.069115681573749, 316.53713 ], [ 300319.770492623443715, 5535291.999961717054248, 317.34076 ], [ 300330.861300715012476, 5535281.123807524330914, 316.26125 ], [ 300331.947905070148408, 5535262.048567024990916, 313.87795 ], [ 300314.958502919704188, 5535237.968680070713162, 308.64158 ], [ 300307.547827197005972, 5535237.687791225500405, 307.52458 ], [ 300298.389339174376801, 5535227.119662438519299, 304.89754 ], [ 300281.098140695947222, 5535227.762980415485799, 302.26814 ], [ 300266.139620337053202, 5535246.686501954682171, 302.05733 ], [ 300208.669811072410084, 5535254.613611339591444, 298.00337 ], [ 300166.972429271787405, 5535226.889932190999389, 291.41919 ], [ 300125.953425372892525, 5535217.396950714290142, 293.4484 ], [ 300091.605333128944039, 5535180.606278156861663, 281.76742 ], [ 300057.135755201452412, 5535183.003230771049857, 281.42211 ], [ 300043.263397130358499, 5535177.063686493784189, 279.16934 ], [ 299947.038156036054716, 5535105.177243813872337, 257.83667 ], [ 299925.038368704845197, 5535097.091942304745317, 250.30998 ], [ 299900.13014123425819, 5535095.794056564569473, 242.85866 ], [ 299882.67580692935735, 5535099.784170052967966, 238.6886 ], [ 299879.138300514779985, 5535107.040225862525403, 239.71264 ], [ 299876.603996563178953, 5535116.151244911365211, 241.19654 ], [ 299884.278233764052857, 5535144.695813239552081, 249.94007 ], [ 299876.883149830740876, 5535158.329340596683323, 247.81346 ], [ 299829.841288781608455, 5535116.447687871754169, 223.4063 ], [ 299784.40681020077318, 5535061.816494598053396, 209.49962 ], [ 299775.252038740960415, 5535043.679587847553194, 207.5215 ], [ 299779.456869651563466, 5535029.274382200092077, 206.68364 ], [ 299732.876562969875522, 5534963.220797523856163, 200.7788 ], [ 299738.265835996251553, 5534957.453978187404573, 200.64713 ], [ 299733.400044993846677, 5534950.28867559786886, 199.43864 ], [ 299647.176257445826195, 5534998.36614418681711, 198.65271 ], [ 299576.118760817102157, 5535052.335141128860414, 199.88544 ], [ 299614.947256611194462, 5535026.173521713353693, 199.43312 ], [ 299597.012805864796974, 5535001.908306322991848, 199.31985 ], [ 299584.551288338028826, 5534999.145370298065245, 202.80105 ], [ 299599.130931548948865, 5535002.831075320020318, 198.98719 ], [ 299614.947256611194462, 5535026.173521713353693, 199.43312 ], [ 299576.118760817102157, 5535052.335141128860414, 199.88544 ], [ 299625.933606090315152, 5535012.516874552704394, 198.72721 ], [ 299712.907273202668875, 5534959.513179110363126, 198.68851 ], [ 299733.400044993846677, 5534950.28867559786886, 199.43864 ], [ 299738.265835996251553, 5534957.453978187404573, 200.64713 ], [ 299732.876562969875522, 5534963.220797523856163, 200.7788 ], [ 299779.456869651563466, 5535029.274382200092077, 206.68364 ], [ 299775.252038740960415, 5535043.679587847553194, 207.5215 ], [ 299784.40681020077318, 5535061.816494598053396, 209.49962 ], [ 299829.841288781608455, 5535116.447687871754169, 223.4063 ], [ 299876.883149830740876, 5535158.329340596683323, 247.81346 ], [ 299884.278233764052857, 5535144.695813239552081, 249.94007 ], [ 299876.414912365959026, 5535114.933825706131756, 240.80745 ], [ 299882.67580692935735, 5535099.784170052967966, 238.6886 ], [ 299925.038368704845197, 5535097.091942304745317, 250.30998 ], [ 299947.038156036054716, 5535105.177243813872337, 257.83667 ], [ 300043.263397130358499, 5535177.063686493784189, 279.16934 ], [ 300057.135755201452412, 5535183.003230771049857, 281.42211 ], [ 300091.605333128944039, 5535180.606278156861663, 281.76742 ], [ 300112.339248910895549, 5535199.091658173128963, 288.4689 ], [ 300118.37298531550914, 5535212.558725626207888, 292.36222 ], [ 300166.972429271787405, 5535226.889932190999389, 291.41919 ], [ 300196.501803010585718, 5535250.057351459749043, 296.51156 ], [ 300226.715636643697508, 5535254.943803606554866, 299.22506 ], [ 300266.139620337053202, 5535246.686501954682171, 302.05733 ], [ 300288.329556194832548, 5535225.156318650580943, 303.16247 ], [ 300314.587359405937605, 5535237.648542485199869, 308.54777 ], [ 300326.246898711891845, 5535222.743898781016469, 308.44881 ], [ 300398.460045855899807, 5535186.218543399125338, 314.49118 ], [ 300448.427958622516599, 5535171.670897927135229, 311.49104 ], [ 300498.657489181961864, 5535168.022831756621599, 308.03628 ], [ 300534.85434731899295, 5535169.571861248463392, 302.71918 ], [ 300571.113672310486436, 5535182.472881817258894, 296.03932 ], [ 300594.126268839288969, 5535204.326100901700556, 294.28219 ], [ 300633.66612611617893, 5535276.54751465190202, 307.6524 ], [ 300652.908682571200188, 5535283.95879777148366, 307.39115 ], [ 300685.987731924280524, 5535273.157382058911026, 297.00929 ], [ 300754.790853445418179, 5535313.125068903900683, 294.67561 ], [ 300787.236605647543911, 5535347.207390327937901, 297.32183 ], [ 300794.224692547635641, 5535382.568572065792978, 309.00032 ], [ 300808.728034322382882, 5535384.256614255718887, 308.54242 ], [ 300832.032051976071671, 5535379.161912561394274, 307.10246 ], [ 300853.448553723981604, 5535385.157438838854432, 312.13125 ], [ 300863.182820479793008, 5535382.236064641736448, 313.89162 ], [ 300871.798780994606204, 5535364.66274000518024, 312.06728 ], [ 300871.907419728115201, 5535317.238923061639071, 299.73094 ], [ 300882.930758607108146, 5535302.581798747181892, 299.96508 ], [ 300907.439228042901959, 5535291.209187870845199, 304.91197 ], [ 300920.914480012375861, 5535276.795151330530643, 306.93501 ], [ 300921.089351579896174, 5535269.887199310585856, 306.8298 ], [ 300868.393955484731123, 5535222.529701584018767, 305.04695 ], [ 300781.751289267558604, 5535108.41950261965394, 311.10843 ], [ 300748.40061597363092, 5535049.992926482111216, 314.52773 ], [ 300737.552855735644698, 5535001.639977152459323, 315.75728 ], [ 300748.013643748010509, 5534964.072773164138198, 314.76522 ], [ 300760.140119582647458, 5534948.150032623670995, 313.33148 ], [ 300778.34093435871182, 5534941.018340256996453, 314.34262 ], [ 300888.606431226129644, 5534917.113575538620353, 322.72604 ], [ 300957.125705621088855, 5534928.041624246165156, 332.92111 ], [ 300972.303099108685274, 5534932.376719702966511, 334.70171 ], [ 300984.119552853400819, 5534942.958712903782725, 336.45673 ], [ 301068.237735065282322, 5535180.946467244066298, 342.07081 ], [ 301102.769067603745498, 5535263.597415096126497, 341.15891 ], [ 301123.752594621444587, 5535290.870987550355494, 342.39985 ], [ 301161.212999517971184, 5535380.871721573174, 340.19794 ], [ 301172.177489090070594, 5535416.976443857885897, 339.34555 ], [ 301187.211831338645425, 5535510.59091342613101, 334.48918 ], [ 301211.154831764171831, 5535516.939476852305233, 333.14274 ], [ 301239.609380069712643, 5535536.478705470450222, 328.95166 ], [ 301277.787922451505437, 5535541.187269860878587, 324.71102 ], [ 301266.00375312299002, 5535556.650921991094947, 321.60194 ], [ 301284.814535658166278, 5535554.396057119593024, 320.17527 ], [ 301305.006542793358676, 5535564.223301683552563, 314.12567 ], [ 301333.287365931668319, 5535561.618034358136356, 310.29777 ], [ 301373.233680201636162, 5535575.278215832076967, 296.92596 ], [ 301401.365038071759045, 5535574.45985045004636, 290.86397 ], [ 301470.319966451497748, 5535552.762927774339914, 280.57541 ], [ 301540.716618017759174, 5535554.500706184655428, 271.08518 ], [ 301598.140596933721099, 5535539.576698855496943, 269.33671 ], [ 301634.246385179052595, 5535519.31894214078784, 269.07432 ], [ 301648.714478915790096, 5535525.908286195248365, 267.71642 ], [ 301664.976963767257985, 5535544.11923111975193, 269.74798 ], [ 301712.915978994977195, 5535515.52154023014009, 267.67169 ], [ 301776.65768490312621, 5535488.789558939635754, 262.70813 ], [ 301809.451892988814507, 5535468.321405231021345, 260.03612 ], [ 301825.866813911125064, 5535465.377742489799857, 262.45596 ], [ 301850.434617717866786, 5535535.376974902115762, 274.91534 ], [ 301884.669869158882648, 5535581.198494227603078, 280.06748 ], [ 301892.262135209981352, 5535576.688367162831128, 282.01529 ], [ 301909.861121289955918, 5535559.119267100468278, 286.94396 ], [ 301967.234267055056989, 5535525.27798037044704, 300.9658 ], [ 302010.776095009990968, 5535509.868868883699179, 311.51161 ], [ 302041.857349975965917, 5535505.271749097853899, 317.80858 ], [ 302052.577861203928478, 5535503.7632404146716, 319.85855 ], [ 302031.858317681355402, 5535491.28122020419687, 317.0173 ], [ 301966.194159713690169, 5535471.774965511634946, 305.64754 ], [ 301964.625956368166953, 5535466.267192767001688, 305.61762 ], [ 302119.340355124208145, 5535490.726772498339415, 328.20524 ], [ 302155.824669375666417, 5535507.970988453365862, 327.22153 ], [ 302164.950129092670977, 5535521.659987855702639, 327.07439 ], [ 302170.885829942009877, 5535546.263871864415705, 327.22993 ], [ 302167.422686608217191, 5535598.485730776563287, 327.82692 ], [ 302203.96498075989075, 5535638.769747321493924, 329.42637 ], [ 302211.290394106414169, 5535654.306143692694604, 330.32665 ], [ 302219.413331547402777, 5535662.243917091749609, 330.7627 ], [ 302174.865572532929946, 5535806.25433839764446, 339.20197 ], [ 302223.957540984440129, 5535814.797048777341843, 340.04355 ], [ 302265.766561004158575, 5535830.398578724823892, 338.17948 ], [ 302312.741504370816983, 5535871.189329354092479, 335.55391 ], [ 302329.676557152823079, 5535855.093133235350251, 333.38998 ], [ 302368.953611505799927, 5535792.202263626269996, 326.96985 ], [ 302456.654132553027011, 5535729.421492067165673, 307.6079 ], [ 302482.714867915899958, 5535693.844283294863999, 301.1059 ], [ 302502.260111373325344, 5535680.324131429195404, 297.60501 ], [ 302528.551444261451252, 5535639.284410014748573, 291.90722 ], [ 302535.500986896222457, 5535629.010644441470504, 290.34304 ], [ 302551.579274677264038, 5535628.641747551038861, 287.97926 ], [ 302577.026588584645651, 5535441.59217709954828, 283.84558 ], [ 302604.542533868341707, 5535351.753340548835695, 277.58613 ], [ 302588.627837507461663, 5535288.223027775064111, 278.4989 ], [ 302589.953977827506606, 5535230.514742559753358, 277.29579 ], [ 302608.643136753758881, 5535172.167955137789249, 275.0189 ], [ 302615.734760271618143, 5535071.949242335744202, 273.9368 ], [ 302630.665318916202523, 5534995.374375206418335, 271.68772 ], [ 302671.821336290508043, 5534877.763351009227335, 268.23509 ], [ 302677.426529066637158, 5534842.605479498393834, 268.06488 ], [ 302682.142740656505339, 5534834.083763767033815, 268.28158 ], [ 302702.367827436537482, 5534885.879490085877478, 270.25285 ], [ 302732.459904109593481, 5534903.14004089217633, 272.00897 ], [ 302785.367442248389125, 5534927.354337943717837, 277.04138 ], [ 302826.618296855769586, 5534937.415460035204887, 279.56688 ], [ 302870.888481926755048, 5534935.789632462896407, 281.08756 ], [ 302933.69555555988336, 5534977.228999751619995, 282.02087 ], [ 302970.408419262617826, 5534990.908423040993512, 283.31926 ], [ 303051.706807083799504, 5535042.912845048122108, 288.34212 ], [ 303046.72122792690061, 5535053.892944062128663, 289.5736 ], [ 303010.451464148005471, 5535064.017376826144755, 294.39224 ], [ 302873.011431650724262, 5535067.949593367055058, 295.30514 ], [ 302828.776780551765114, 5535058.776956076733768, 293.02473 ], [ 302803.698450986528769, 5535066.48814868927002, 296.01048 ], [ 302787.887075458012987, 5535109.367375983856618, 301.03824 ], [ 302789.503281222307123, 5535174.870482909493148, 301.45851 ], [ 302850.134290209971368, 5535264.697881401516497, 298.31615 ], [ 302863.164546193322167, 5535296.722257124260068, 297.16123 ], [ 302855.508108926820569, 5535311.251325654797256, 296.91869 ], [ 302841.217882833909243, 5535315.338167103938758, 297.00053 ], [ 302814.101483458827715, 5535306.650144148617983, 292.74587 ], [ 302777.028806061600335, 5535312.464633001945913, 289.6342 ], [ 302759.901164538925514, 5535335.133674851618707, 292.1936 ], [ 302739.474215598427691, 5535398.998024016618729, 300.76117 ], [ 302739.032430507126264, 5535471.032895732671022, 300.74825 ], [ 302750.317650119250175, 5535494.661470512859523, 302.65395 ], [ 302814.232931670732796, 5535578.134189450182021, 302.94244 ], [ 302824.462366253137589, 5535584.771008460782468, 303.3142 ], [ 302917.106110730383079, 5535554.653589363209903, 315.04433 ], [ 302937.349717114586383, 5535554.244224522262812, 316.09624 ], [ 303018.091110353125259, 5535583.44931532163173, 316.0422 ], [ 303215.374655931023881, 5535685.74251326918602, 324.22512 ], [ 303203.719327807426453, 5535845.90133248642087, 326.02804 ], [ 303129.351655523176305, 5535835.605470287613571, 323.51387 ], [ 303035.995388755924068, 5535791.389649466611445, 320.27652 ], [ 302971.793111035833135, 5535742.988265531137586, 309.36404 ], [ 302946.790433869522531, 5535733.109002619050443, 304.73757 ], [ 302924.650727196247317, 5535738.597015443257987, 303.93829 ], [ 302879.536301416927017, 5535810.936651438474655, 306.07845 ], [ 302875.453192829736508, 5535867.966831160709262, 306.57967 ], [ 302890.068672509863973, 5535941.22957082465291, 305.47479 ], [ 302851.934815101034474, 5536004.07434547226876, 287.90284 ], [ 302851.737860193417873, 5536020.221767202019691, 286.55022 ], [ 302823.090311094536446, 5536038.193649035878479, 285.09936 ], [ 302804.106918275589123, 5536086.532593413256109, 296.04747 ], [ 302793.913123235164676, 5536145.345849677920341, 311.4985 ], [ 302829.871809995151125, 5536134.785638314671814, 314.04208 ], [ 303014.402187469415367, 5536189.452604943886399, 323.63184 ], [ 303098.977555643010419, 5536225.530199060216546, 325.10383 ], [ 303182.101901886751875, 5536224.039071683771908, 325.11044 ], [ 303213.02399378886912, 5536238.711189827881753, 328.46697 ], [ 303211.523722277488559, 5536289.858058594167233, 334.06261 ], [ 303216.346261097001843, 5536309.717221858911216, 336.78044 ], [ 303253.587637262360658, 5536377.25323152076453, 345.01737 ], [ 303124.99974097602535, 5536327.872333195060492, 342.14962 ], [ 303114.338807483203709, 5536336.834467423148453, 342.92245 ], [ 303043.34463322989177, 5536549.373302467167377, 344.17825 ], [ 302910.379231597471517, 5536541.121032616123557, 339.21846 ], [ 302766.158000956987962, 5536513.91750349663198, 333.53287 ], [ 302648.214200535323471, 5536449.352164693176746, 316.14552 ], [ 302633.109546126215719, 5536452.690537629649043, 313.93618 ], [ 302615.652135949523654, 5536479.936278332956135, 314.14223 ], [ 302605.242273915326223, 5536538.646749882958829, 317.18977 ], [ 302586.995375199941918, 5536577.609429459087551, 313.47214 ], [ 302583.671064043126535, 5536606.338952778838575, 311.48318 ], [ 302590.386537523707375, 5536636.591383711434901, 309.48258 ], [ 302615.21918571612332, 5536655.602632340043783, 309.86049 ], [ 302709.45189808961004, 5536684.862477216869593, 310.51442 ], [ 302714.265022051869892, 5536692.699954455718398, 309.28969 ], [ 302621.020229289191775, 5536688.337596287950873, 301.60642 ], [ 302332.73181068431586, 5536626.375197665765882, 294.57989 ] ] ] } },
{ "type": "Feature", "properties": { "name": "Stausee-Prümtalroute", "km": 17.929, "darstell": "F1", "height": 582, "link": "https://www.naturpark-suedeifel.de/a-stausee-pruemtalroute", "erlebnis": 64, "datum": null }, "geometry": { "type": "MultiLineString", "coordinates": [ [ [ 316691.349505525897257, 5543550.593942956067622, 263.2 ], [ 316646.677250261069275, 5543481.673402959480882, 261.9 ], [ 316646.571352339116856, 5543480.675365752540529, 261.9 ], [ 316645.325103616341949, 5543463.133278694935143, 262.3 ], [ 316646.133618336112704, 5543434.391217229887843, 262.5 ], [ 316650.020670473575592, 5543411.776299489662051, 262.5 ], [ 316661.171756194555201, 5543385.573741862550378, 264.0 ], [ 316669.299825958907604, 5543361.144173132255673, 263.5 ], [ 316682.715389508055523, 5543329.855813921429217, 263.6 ], [ 316696.134930506057572, 5543298.678658964112401, 263.7 ], [ 316702.695241520297714, 5543287.101867781020701, 264.6 ], [ 316706.601976601348724, 5543277.619259618222713, 264.7 ], [ 316712.017294520279393, 5543257.734491253271699, 263.6 ], [ 316724.974963630666025, 5543219.33901375066489, 261.9 ], [ 316738.294986733933911, 5543193.61890412773937, 261.8 ], [ 316745.130663247487973, 5543181.698866943828762, 261.9 ], [ 316756.257456734543666, 5543158.947574972175062, 260.7 ], [ 316766.581134413543623, 5543135.778614481911063, 258.8 ], [ 316787.10266668186523, 5543108.810540215112269, 260.1 ], [ 316795.699064993415959, 5543095.939966214820743, 260.5 ], [ 316807.690357463841792, 5543075.385141552425921, 261.3 ], [ 316829.136730756610632, 5543037.701226259581745, 263.5 ], [ 316838.084048514952883, 5543012.019725495949388, 262.4 ], [ 316841.15012642450165, 5542988.431452450342476, 258.4 ], [ 316846.267753344436642, 5542966.108555175364017, 255.9 ], [ 316852.225320661615115, 5542953.662249063141644, 255.9 ], [ 316861.645789262489416, 5542933.418108497746289, 256.1 ], [ 316864.259999175206758, 5542911.292159301228821, 253.5 ], [ 316864.821303681295831, 5542896.248051433824003, 255.2 ], [ 316864.972387286601588, 5542883.889069598168135, 255.6 ], [ 316850.936019187560305, 5542888.709690922871232, 253.8 ], [ 316838.482129156705923, 5542889.469574527814984, 254.1 ], [ 316807.886955806287006, 5542886.175701460801065, 254.8 ], [ 316773.811183329904452, 5542881.776849299669266, 255.6 ], [ 316762.152282890048809, 5542880.617678214795887, 257.9 ], [ 316750.090813673799857, 5542882.365999259985983, 260.7 ], [ 316752.880377236986533, 5542892.621037050150335, 259.1 ], [ 316756.165086888126098, 5542906.865778024308383, 257.3 ], [ 316751.48899848893052, 5542929.507553334347904, 256.2 ], [ 316732.031752473674715, 5542937.296419579535723, 259.6 ], [ 316728.62876725604292, 5542955.220224544405937, 259.1 ], [ 316724.723023353144526, 5542968.932001767680049, 258.9 ], [ 316719.36170250386931, 5542982.025833107531071, 258.9 ], [ 316715.039410279365256, 5542989.853200355544686, 259.0 ], [ 316689.198388502583839, 5543031.13823071680963, 258.9 ], [ 316680.903479132510256, 5543054.905656441114843, 257.2 ], [ 316669.768146716640331, 5543062.743747925385833, 257.8 ], [ 316656.592743124230765, 5543069.650059055536985, 258.6 ], [ 316631.583404420234729, 5543080.745739243924618, 260.0 ], [ 316606.506335101206787, 5543091.95515813678503, 261.5 ], [ 316584.098970617807936, 5543103.629724119789898, 262.6 ], [ 316547.146969260356855, 5543130.382509850896895, 263.4 ], [ 316530.283192495873664, 5543155.22290451079607, 260.4 ], [ 316514.29832396353595, 5543170.127887750975788, 262.1 ], [ 316486.313777514966205, 5543199.022342121228576, 262.3 ], [ 316466.847978097910527, 5543210.707912149839103, 264.0 ], [ 316460.048011699575, 5543225.74341150932014, 261.4 ], [ 316443.96524017280899, 5543239.872912619262934, 262.5 ], [ 316416.29150834097527, 5543261.077681878581643, 266.7 ], [ 316399.711065559706185, 5543304.60661060642451, 262.9 ], [ 316393.85871904582018, 5543322.169531722553074, 260.6 ], [ 316390.002928675385192, 5543335.212136592715979, 259.6 ], [ 316379.617289061076008, 5543358.606664988212287, 262.0 ], [ 316369.23174826730974, 5543382.001216420903802, 264.1 ], [ 316351.064193783560768, 5543404.327184157446027, 268.9 ], [ 316346.788798969297204, 5543394.679767954163253, 270.9 ], [ 316345.690298230038024, 5543381.473184733651578, 272.5 ], [ 316344.166631141561083, 5543370.507114027626812, 274.2 ], [ 316344.223010551766492, 5543370.059994528070092, 274.2 ], [ 316346.65959884331096, 5543353.281956129707396, 274.9 ], [ 316346.202810343587771, 5543342.05669448338449, 275.7 ], [ 316345.616657688748091, 5543337.513651549816132, 276.5 ], [ 316346.202810343587771, 5543342.05669448338449, 275.7 ], [ 316346.65959884331096, 5543353.281956129707396, 274.9 ], [ 316344.166631141561083, 5543370.507114027626812, 274.2 ], [ 316345.690298230038024, 5543381.473184733651578, 272.5 ], [ 316344.166631141561083, 5543370.507114027626812, 274.2 ], [ 316346.65959884331096, 5543353.281956129707396, 274.9 ], [ 316346.202810343587771, 5543342.05669448338449, 275.7 ], [ 316343.290286532137543, 5543317.782705718651414, 280.3 ], [ 316330.419229471706785, 5543300.08294559456408, 287.7 ], [ 316320.518439648323692, 5543299.977429686114192, 290.2 ], [ 316315.774000071804039, 5543305.927616766653955, 290.2 ], [ 316310.342908683756832, 5543310.677107650786638, 290.5 ], [ 316304.339222528389655, 5543307.099021722562611, 292.4 ], [ 316293.781064069480635, 5543294.105728370137513, 296.3 ], [ 316289.186308479576837, 5543287.696902996860445, 297.7 ], [ 316303.045727209420875, 5543277.761156503111124, 297.2 ], [ 316317.386245992034674, 5543273.485057907178998, 295.2 ], [ 316333.535898220259696, 5543267.588786634616554, 292.5 ], [ 316344.489743576501496, 5543260.75783381704241, 290.6 ], [ 316350.452600393560715, 5543246.418658065609634, 291.5 ], [ 316369.88349409296643, 5543223.270321583375335, 290.7 ], [ 316389.242924882797524, 5543200.124517010524869, 290.3 ], [ 316399.000456147885416, 5543189.773235222324729, 290.0 ], [ 316420.407209539087489, 5543176.128827342763543, 287.1 ], [ 316435.173307197634131, 5543169.612549144774675, 284.9 ], [ 316437.129486284102313, 5543157.636787663213909, 287.8 ], [ 316446.196729588671587, 5543145.973714595660567, 288.6 ], [ 316466.489590778597631, 5543127.025480865500867, 288.3 ], [ 316498.605730843613856, 5543105.668771729804575, 285.6 ], [ 316528.172920964076184, 5543083.17535827960819, 284.3 ], [ 316562.341294774785638, 5543052.622464463114738, 283.7 ], [ 316572.197010900941677, 5543040.932619530707598, 284.2 ], [ 316578.268108176474925, 5543031.820956488139927, 284.9 ], [ 316587.134057109826244, 5543014.266362952068448, 286.9 ], [ 316604.505985866126139, 5542995.863955335691571, 286.6 ], [ 316606.411590173840523, 5542955.175661298446357, 294.1 ], [ 316608.319476089905947, 5542943.869423708878458, 295.7 ], [ 316613.306757671642117, 5542917.766655013896525, 299.1 ], [ 316634.720708610489964, 5542874.963430719450116, 299.9 ], [ 316647.637142129591666, 5542835.344973909668624, 299.7 ], [ 316660.482150650175754, 5542795.729007835499942, 295.6 ], [ 316661.956085647689179, 5542759.173504052683711, 293.3 ], [ 316660.023725633043796, 5542729.968859436921775, 290.7 ], [ 316654.793363362725358, 5542704.995082272216678, 289.1 ], [ 316638.47808983840514, 5542683.071968556381762, 290.4 ], [ 316625.675242814235389, 5542667.372480164282024, 291.2 ], [ 316598.913381380552892, 5542652.484973061829805, 296.3 ], [ 316574.804278503637761, 5542643.850591655820608, 301.7 ], [ 316552.829867954249494, 5542636.812623450532556, 306.8 ], [ 316564.652140436461195, 5542651.098696739412844, 306.8 ], [ 316571.073784711188637, 5542662.676091939210892, 307.7 ], [ 316566.331291459209751, 5542677.084425969049335, 313.1 ], [ 316574.732511335867457, 5542677.353123724460602, 310.1 ], [ 316588.772451167751569, 5542693.566605312749743, 308.8 ], [ 316587.495130962110125, 5542719.097121484577656, 315.5 ], [ 316590.480076586245559, 5542760.17437369376421, 323.2 ], [ 316580.704865484149195, 5542788.889668345451355, 325.0 ], [ 316559.829274244082626, 5542818.096553196199238, 328.9 ], [ 316544.219574130896945, 5542841.892201830632985, 330.2 ], [ 316528.658956210245378, 5542854.556620756164193, 333.2 ], [ 316508.688055897247978, 5542859.915385534055531, 339.0 ], [ 316493.805793955863919, 5542881.905537586659193, 338.2 ], [ 316486.984019663999788, 5542879.579523396678269, 341.2 ], [ 316506.43070535955485, 5542852.647202263586223, 341.8 ], [ 316525.805953974660952, 5542825.717412107624114, 341.6 ], [ 316542.245574851171114, 5542803.117530288174748, 339.2 ], [ 316552.137683144770563, 5542786.195520313456655, 337.2 ], [ 316556.650575550971553, 5542773.464468220248818, 336.4 ], [ 316558.370191725902259, 5542762.943736079148948, 335.5 ], [ 316557.769912229501642, 5542749.608784412033856, 333.9 ], [ 316544.863407262659166, 5542728.793418359942734, 335.2 ], [ 316537.110318135470152, 5542716.037415598519146, 335.1 ], [ 316515.043407793855295, 5542691.64060752093792, 335.6 ], [ 316501.919346082722768, 5542674.950736504979432, 335.3 ], [ 316500.516232974361628, 5542673.774561744183302, 335.4 ], [ 316501.919346082722768, 5542674.950736504979432, 335.3 ], [ 316515.043407793855295, 5542691.64060752093792, 335.6 ], [ 316537.110318135470152, 5542716.037415598519146, 335.1 ], [ 316544.863407262659166, 5542728.793418359942734, 335.2 ], [ 316557.769912229501642, 5542749.608784412033856, 333.9 ], [ 316558.370191725902259, 5542762.943736079148948, 335.5 ], [ 316556.650575550971553, 5542773.464468220248818, 336.4 ], [ 316552.137683144770563, 5542786.195520313456655, 337.2 ], [ 316542.245574851171114, 5542803.117530288174748, 339.2 ], [ 316525.805953974660952, 5542825.717412107624114, 341.6 ], [ 316506.43070535955485, 5542852.647202263586223, 341.8 ], [ 316486.984019663999788, 5542879.579523396678269, 341.2 ], [ 316492.046023232105654, 5542884.970841553993523, 338.0 ], [ 316466.966674305382185, 5542923.337200724519789, 335.0 ], [ 316443.60549607872963, 5542957.41554526053369, 331.3 ], [ 316420.240817096317187, 5542991.382834819145501, 327.6 ], [ 316396.880259732541163, 5543025.461400407366455, 323.5 ], [ 316372.098700417438522, 5543059.922710423357785, 319.8 ], [ 316347.389110138290562, 5543094.381687063723803, 317.8 ], [ 316346.296300808549859, 5543095.977319739758968, 317.7 ], [ 316340.365939834038727, 5543107.087779315188527, 316.8 ], [ 316335.312678582035005, 5543114.495381119661033, 316.4 ], [ 316308.467277578485664, 5543143.129129239358008, 316.9 ], [ 316295.138135932153091, 5543160.169611444696784, 316.7 ], [ 316274.488641366246156, 5543181.245406378991902, 316.8 ], [ 316250.485590121825226, 5543206.999538731761277, 315.7 ], [ 316242.579439057037234, 5543216.953676829114556, 314.8 ], [ 316207.365213585959282, 5543246.209127523005009, 314.7 ], [ 316199.473592939437367, 5543254.493391477502882, 313.8 ], [ 316195.732124688511249, 5543260.409257298335433, 312.8 ], [ 316193.280091599677689, 5543266.280857715755701, 311.8 ], [ 316190.158980983076617, 5543286.087495978921652, 308.5 ], [ 316191.595192126347683, 5543294.496723393909633, 307.1 ], [ 316192.860239397385158, 5543308.36535725183785, 305.0 ], [ 316187.592773264972493, 5543307.433238035067916, 305.4 ], [ 316157.425330109370407, 5543304.01720339152962, 306.7 ], [ 316146.035474926233292, 5543304.408328715711832, 306.5 ], [ 316105.973881837679073, 5543298.995134057477117, 303.4 ], [ 316095.045431723352522, 5543294.028279891237617, 302.6 ], [ 316087.348151990328915, 5543289.173043132759631, 302.0 ], [ 316076.090309835155495, 5543272.531391201540828, 302.9 ], [ 316053.996509898628574, 5543247.358310393989086, 303.0 ], [ 316038.560717730084434, 5543230.192491668276489, 302.9 ], [ 316024.153523748682346, 5543211.655806194990873, 303.4 ], [ 316008.533193595358171, 5543195.386778417043388, 303.4 ], [ 315995.713256428309251, 5543185.47675848659128, 302.4 ], [ 315980.088961324829143, 5543177.443900953046978, 299.3 ], [ 315965.261185065843165, 5543163.373681734316051, 299.2 ], [ 315945.691078955947887, 5543159.483233561739326, 292.3 ], [ 315928.72748891991796, 5543150.049699153751135, 291.3 ], [ 315909.078763730591163, 5543131.359604239463806, 295.6 ], [ 315862.759020162280649, 5543115.033627388067544, 293.5 ], [ 315847.078974333766382, 5543109.562880615703762, 293.6 ], [ 315835.533713698154315, 5543101.27882759924978, 295.1 ], [ 315803.919737901596818, 5543072.53875191975385, 301.5 ], [ 315784.401365484111011, 5543059.743329064920545, 303.7 ], [ 315758.976248907565605, 5543050.378834523260593, 303.7 ], [ 315733.622676080442034, 5543041.011993214488029, 303.3 ], [ 315726.438695787626784, 5543038.588105680420995, 303.2 ], [ 315716.366230458021164, 5543035.595860611647367, 302.9 ], [ 315690.10309969849186, 5543024.813659997656941, 303.4 ], [ 315665.456922972341999, 5543013.085537359118462, 304.2 ], [ 315658.082586336648092, 5543007.218080524355173, 304.8 ], [ 315657.343238140805624, 5543006.575752709060907, 304.9 ], [ 315644.808739794185385, 5542996.656682937406003, 305.7 ], [ 315635.05936192109948, 5542984.304499996826053, 307.0 ], [ 315626.24069254740607, 5542978.15292399469763, 307.1 ], [ 315618.422213918180205, 5542973.970267691649497, 306.8 ], [ 315611.630734188016504, 5542972.534684229642153, 305.9 ], [ 315601.972065546142403, 5542975.315846147015691, 304.3 ], [ 315587.946755400742404, 5542984.591357573866844, 302.9 ], [ 315551.645431087468751, 5543015.558116598986089, 299.3 ], [ 315541.40677616809262, 5543026.484073409810662, 300.5 ], [ 315538.628885779180564, 5543035.372257843613625, 300.7 ], [ 315537.77374210342532, 5543043.860310647636652, 300.4 ], [ 315543.990255426964723, 5543070.246190446428955, 297.2 ], [ 315550.278356649680063, 5543096.629609025083482, 295.1 ], [ 315554.277641955879517, 5543108.623236807063222, 294.3 ], [ 315560.676981143769808, 5543117.417865875177085, 293.2 ], [ 315567.823303453042172, 5543127.07714818418026, 292.1 ], [ 315569.925514698086772, 5543138.134458335116506, 291.9 ], [ 315571.706709899473935, 5543148.201151669956744, 291.8 ], [ 315569.254811393388081, 5543160.305714075453579, 292.1 ], [ 315564.86650229874067, 5543168.247687695547938, 292.2 ], [ 315557.573337294335943, 5543173.06211453396827, 292.5 ], [ 315540.074508751742542, 5543179.34112688805908, 292.7 ], [ 315526.208870211848989, 5543182.823879616335034, 292.9 ], [ 315505.495681550586596, 5543185.318354920484126, 293.0 ], [ 315491.137812072993256, 5543184.922755127772689, 291.5 ], [ 315482.411219122121111, 5543181.439386175945401, 290.8 ], [ 315472.620405848836526, 5543176.211951290257275, 290.4 ], [ 315438.166442016605288, 5543142.118245404213667, 293.4 ], [ 315403.787517795688473, 5543108.133447564207017, 295.3 ], [ 315387.873093615751714, 5543095.882949554361403, 294.9 ], [ 315386.715397048741579, 5543095.588974809274077, 294.8 ], [ 315367.569299332331866, 5543089.460026388056576, 294.9 ], [ 315361.932942914892919, 5543090.322177420370281, 295.6 ], [ 315356.132715016719885, 5543094.751505553722382, 296.6 ], [ 315350.282437250833027, 5543103.968359262682498, 297.6 ], [ 315343.360039225022774, 5543117.451502065174282, 298.9 ], [ 315342.409378374984954, 5543123.160462511703372, 299.0 ], [ 315342.635582574526779, 5543129.719214528799057, 298.8 ], [ 315346.762053603539243, 5543139.148484815843403, 297.6 ], [ 315356.562919778516516, 5543155.05991476867348, 295.4 ], [ 315369.703570324403699, 5543176.309765710495412, 292.5 ], [ 315370.419463385944255, 5543188.750398185104132, 292.2 ], [ 315367.314448287244886, 5543198.540356315672398, 292.6 ], [ 315359.573489387577865, 5543211.161333505995572, 293.9 ], [ 315347.367951774678659, 5543229.501178301870823, 295.9 ], [ 315332.711747668101452, 5543241.247731084935367, 295.5 ], [ 315314.365086350007914, 5543254.123309224843979, 291.5 ], [ 315291.963526942185126, 5543263.799919283017516, 288.7 ], [ 315276.797296790056862, 5543266.994316600263119, 288.7 ], [ 315262.379464636556804, 5543266.935302262194455, 289.9 ], [ 315245.852271140436642, 5543263.944080144166946, 293.3 ], [ 315234.223172334663104, 5543255.330283206887543, 298.4 ], [ 315225.408257656963542, 5543249.290529771707952, 301.7 ], [ 315217.858478680544067, 5543240.424683004617691, 305.5 ], [ 315211.644157863222063, 5543232.848325112834573, 308.6 ], [ 315199.042734047165141, 5543225.158538772724569, 313.4 ], [ 315190.26993971754564, 5543220.341659266501665, 316.8 ], [ 315175.090833795547951, 5543227.320907731540501, 318.1 ], [ 315163.373299781698734, 5543234.848481267690659, 318.1 ], [ 315150.941993442596868, 5543240.397366078570485, 319.0 ], [ 315128.231002757907845, 5543243.184892698191106, 322.7 ], [ 315106.189010371919721, 5543242.49918060656637, 328.0 ], [ 315084.097302845679224, 5543252.833763722330332, 333.5 ], [ 315071.846821726998314, 5543276.0729561727494, 333.7 ], [ 315061.330911668774206, 5543293.46477516181767, 334.1 ], [ 315051.718261094531044, 5543314.164353302679956, 333.4 ], [ 315044.869877980439924, 5543329.760050054639578, 331.6 ], [ 315036.860030149517115, 5543344.950693191960454, 328.2 ], [ 315024.857340426067822, 5543383.651876643300056, 314.6 ], [ 315021.281038150889799, 5543392.234088105149567, 311.9 ], [ 315017.293954898603261, 5543395.154299757443368, 311.5 ], [ 315008.840065070660785, 5543399.564435426145792, 311.5 ], [ 314985.534799968358129, 5543397.587330779060721, 317.3 ], [ 314969.013004869571887, 5543396.822748897597194, 320.4 ], [ 314924.165238628454972, 5543396.146986149251461, 323.8 ], [ 314889.025705809006467, 5543383.783502865582705, 326.4 ], [ 314863.380108183366247, 5543372.204903345555067, 327.4 ], [ 314841.479383788362611, 5543373.518789260648191, 324.8 ], [ 314831.527960460400209, 5543382.321632781997323, 321.6 ], [ 314827.452947453595698, 5543388.917872879654169, 319.7 ], [ 314817.376110280980356, 5543396.166908741928637, 316.7 ], [ 314788.424634894938208, 5543396.834521227516234, 312.1 ], [ 314773.91524327947991, 5543400.341551192104816, 309.8 ], [ 314763.86446680885274, 5543412.486915978603065, 307.0 ], [ 314752.322432731220033, 5543427.132465985603631, 304.7 ], [ 314750.492282047285698, 5543446.784295571967959, 303.0 ], [ 314751.841851703298744, 5543462.987149501219392, 302.1 ], [ 314757.411489471793175, 5543480.936050476506352, 301.6 ], [ 314772.520663894130848, 5543494.770742934197187, 299.4 ], [ 314793.57953508628998, 5543514.743638472631574, 296.5 ], [ 314814.5666200555861, 5543534.719091424718499, 294.4 ], [ 314833.034917375422083, 5543554.447844420559704, 292.5 ], [ 314825.352122457057703, 5543550.039062010124326, 293.4 ], [ 314820.890316643984988, 5543547.522240396589041, 293.9 ], [ 314798.112975618161727, 5543533.841403027996421, 296.8 ], [ 314775.33936231082771, 5543520.271825177595019, 300.2 ], [ 314763.598923566634767, 5543514.66793838981539, 302.4 ], [ 314752.557938065961935, 5543506.480011193081737, 304.0 ], [ 314738.093429226079024, 5543492.623064342886209, 305.5 ], [ 314728.087830284028314, 5543477.05366216506809, 306.0 ], [ 314720.173082566878293, 5543470.093184650875628, 306.7 ], [ 314708.269971356727183, 5543463.938547688536346, 308.0 ], [ 314699.50917708320776, 5543465.688653762452304, 309.3 ], [ 314690.778278619516641, 5543472.446166974492371, 311.0 ], [ 314680.485997192852665, 5543483.820979359559715, 313.4 ], [ 314663.278580892132595, 5543494.322225954383612, 316.7 ], [ 314646.439441297203302, 5543503.030005881562829, 319.9 ], [ 314619.17672384204343, 5543513.100467757321894, 324.8 ], [ 314614.902578952373005, 5543520.148981619626284, 326.4 ], [ 314610.687702122842893, 5543530.979596031829715, 328.4 ], [ 314601.376964427356143, 5543543.767467734403908, 331.4 ], [ 314589.286526502401102, 5543554.982152736745775, 334.6 ], [ 314582.36057355965022, 5543560.007869376800954, 336.2 ], [ 314575.506264827679843, 5543565.031114231795073, 337.7 ], [ 314565.818265001056716, 5543577.275631330907345, 339.6 ], [ 314559.452292871545069, 5543590.184182109311223, 340.7 ], [ 314556.60781701025553, 5543603.304649444296956, 341.0 ], [ 314552.809053811593913, 5543615.790386004373431, 340.9 ], [ 314547.310434444341809, 5543628.891507217660546, 340.2 ], [ 314540.234434407320805, 5543639.932609578594565, 339.3 ], [ 314531.949212259962223, 5543647.120166189968586, 338.7 ], [ 314523.906615305168089, 5543650.960371792316437, 338.7 ], [ 314488.31278456869768, 5543671.003203427419066, 341.9 ], [ 314476.267540703644045, 5543681.437519528903067, 342.8 ], [ 314466.814849300717469, 5543690.112530143000185, 344.1 ], [ 314460.055564974085428, 5543695.800438716076314, 345.0 ], [ 314446.37293150043115, 5543704.510801414959133, 346.9 ], [ 314401.323071725200862, 5543722.767353765666485, 350.1 ], [ 314383.811806834186427, 5543728.605562987737358, 350.6 ], [ 314334.588151136704255, 5543736.100137632340193, 354.9 ], [ 314316.370633170648944, 5543740.182287110947073, 355.9 ], [ 314300.968168088642415, 5543742.719958774745464, 356.5 ], [ 314283.297286955581512, 5543741.886107071302831, 357.7 ], [ 314268.228185712883715, 5543741.62983438745141, 358.4 ], [ 314266.576860121800564, 5543741.575830470770597, 358.5 ], [ 314247.837579654529691, 5543738.887082131579518, 359.8 ], [ 314231.336400797765236, 5543734.56254263035953, 361.1 ], [ 314218.24253180884989, 5543729.229406898841262, 362.3 ], [ 314210.861366686760448, 5543725.256215545348823, 363.1 ], [ 314206.403238824568689, 5543722.851066905073822, 363.7 ], [ 314196.696870336774737, 5543720.071587042883039, 364.5 ], [ 314166.360274534323253, 5543726.244394518435001, 366.7 ], [ 314146.857349420897663, 5543730.483047219924629, 369.3 ], [ 314129.432141075842083, 5543730.531561906449497, 370.9 ], [ 314122.629510250175372, 5543728.764382965862751, 371.5 ], [ 314120.389702039945405, 5543728.285661238245666, 371.7 ], [ 314110.841989076929167, 5543725.946022064425051, 372.5 ], [ 314096.088904824107885, 5543720.336895808577538, 373.8 ], [ 314081.587558198720217, 5543713.717372661456466, 374.9 ], [ 314077.212569326511584, 5543711.643337488174438, 375.1 ], [ 314055.42078604066046, 5543701.604221226647496, 375.8 ], [ 314043.540483722579665, 5543696.118044098839164, 376.1 ], [ 314016.914562529302202, 5543707.950360592454672, 377.4 ], [ 313981.390919656085316, 5543723.764877919107676, 378.2 ], [ 313945.939105712226592, 5543739.577146693132818, 377.6 ], [ 313910.415862098801881, 5543755.392145578749478, 380.3 ], [ 313892.521750426036306, 5543762.580897980369627, 380.9 ], [ 313882.661707016464788, 5543769.824272466823459, 381.7 ], [ 313867.984574609901756, 5543787.029513570480049, 382.9 ], [ 313864.333096169517376, 5543793.389252055436373, 383.2 ], [ 313859.707705229287967, 5543802.676645802333951, 383.6 ], [ 313849.296180275385268, 5543843.551711956039071, 386.1 ], [ 313845.576573421596549, 5543858.261299228295684, 386.9 ], [ 313836.474954945733771, 5543879.056939605623484, 387.6 ], [ 313827.61372538463911, 5543894.390562572516501, 387.9 ], [ 313822.005053337663412, 5543904.268696129322052, 388.4 ], [ 313813.693726800614968, 5543918.915423970669508, 389.6 ], [ 313802.242476796964183, 5543934.005288959480822, 391.0 ], [ 313790.6327396343695, 5543944.537412927486002, 392.2 ], [ 313765.328360550221987, 5543969.569770629517734, 397.9 ], [ 313741.317481366218999, 5543990.550464499741793, 403.6 ], [ 313717.310659997514449, 5544011.642436215654016, 406.0 ], [ 313732.580282674287446, 5544017.677724004723132, 410.3 ], [ 313753.904688527050894, 5544036.969629077240825, 410.3 ], [ 313775.225075017195195, 5544056.150450757704675, 409.4 ], [ 313790.739996562420856, 5544071.303927143104374, 408.6 ], [ 313803.219528991845436, 5544085.783937280997634, 408.1 ], [ 313809.9497080858564, 5544099.907467503100634, 407.6 ], [ 313811.033141481224447, 5544114.561326417140663, 407.1 ], [ 313807.112474986934103, 5544131.726550777442753, 406.8 ], [ 313800.148835290106945, 5544147.995941996574402, 406.7 ], [ 313797.103660669527017, 5544153.221661500632763, 406.6 ], [ 313794.803811601479538, 5544157.197157859802246, 406.6 ], [ 313789.714361850172281, 5544165.49909170717001, 406.8 ], [ 313769.732317345275078, 5544197.135616502724588, 409.1 ], [ 313749.818275900441222, 5544228.65856546908617, 413.3 ], [ 313734.32205571612576, 5544251.123876844532788, 416.7 ], [ 313718.119467017590068, 5544271.833030660636723, 418.7 ], [ 313700.198082893271931, 5544292.602069856598973, 419.8 ], [ 313682.276841482787859, 5544313.371172977611423, 420.3 ], [ 313655.765017448633444, 5544338.668831574730575, 422.0 ], [ 313629.59221026673913, 5544359.28023705072701, 424.4 ], [ 313602.643382660346106, 5544376.134612767025828, 426.2 ], [ 313586.397141385590658, 5544389.388646392151713, 426.8 ], [ 313583.929186899331398, 5544398.823802378959954, 426.9 ], [ 313583.807278359716292, 5544405.617344938218594, 426.8 ], [ 313584.720955416793004, 5544411.261817320249975, 426.6 ], [ 313591.04874090757221, 5544417.942012096755207, 426.1 ], [ 313616.04615821223706, 5544456.248973784036934, 421.4 ], [ 313619.71037950750906, 5544464.691458081826568, 420.3 ], [ 313623.47524513915414, 5544471.906140454113483, 419.2 ], [ 313625.97611654229695, 5544477.829243713989854, 418.1 ], [ 313629.684826520271599, 5544489.609181149862707, 415.7 ], [ 313630.104861694911961, 5544491.375352399423718, 415.4 ], [ 313626.839404803700745, 5544506.737156043760478, 413.2 ], [ 313626.808431920246221, 5544522.320222239941359, 410.6 ], [ 313617.974247965961695, 5544569.262547115795314, 404.1 ], [ 313604.070756210596301, 5544592.118070259690285, 403.4 ], [ 313602.702295960625634, 5544596.061231984756887, 403.0 ], [ 313598.997581525705755, 5544604.98296551220119, 402.3 ], [ 313593.997939707711339, 5544611.723807507194579, 402.3 ], [ 313587.837244850816205, 5544651.00469346717, 393.9 ], [ 313578.821419782703742, 5544668.013752727769315, 392.1 ], [ 313570.426915360032581, 5544680.215285384096205, 391.5 ], [ 313566.433892604778521, 5544687.032392842695117, 390.8 ], [ 313557.240115124965087, 5544703.045996311120689, 389.5 ], [ 313548.485813472769223, 5544721.38160836789757, 388.1 ], [ 313538.835346743930131, 5544736.632062452845275, 388.0 ], [ 313533.356128521671053, 5544754.297092069871724, 386.3 ], [ 313530.515289261005819, 5544779.772500099614263, 382.5 ], [ 313527.602873245079536, 5544805.25040667783469, 378.6 ], [ 313529.109062306699343, 5544819.666934173554182, 376.0 ], [ 313524.434926894493401, 5544827.509519196115434, 376.1 ], [ 313507.584546310303267, 5544841.897949279285967, 377.2 ], [ 313462.497095781669486, 5544862.835690262727439, 382.0 ], [ 313417.338368181139231, 5544883.776317092590034, 385.1 ], [ 313388.598920231102966, 5544904.701226283796132, 384.2 ], [ 313359.863572267000563, 5544925.73746086936444, 384.3 ], [ 313353.01605665916577, 5544930.873514437116683, 385.6 ], [ 313345.601340689521749, 5544934.137256584130228, 385.0 ], [ 313329.753061839495786, 5544958.730975367128849, 387.4 ], [ 313321.546305113006383, 5544984.505062269978225, 389.6 ], [ 313323.160098192282021, 5545008.155745140276849, 391.3 ], [ 313329.466711568529718, 5545051.231582408770919, 394.2 ], [ 313325.256945828848984, 5545078.535743885673583, 394.6 ], [ 313320.605103922542185, 5545093.16708876658231, 393.9 ], [ 313313.036345734493807, 5545104.338595702312887, 393.6 ], [ 313284.608865114219952, 5545134.157317607663572, 394.3 ], [ 313274.162716689985245, 5545151.216921851970255, 394.4 ], [ 313269.409905805019662, 5545158.839917879551649, 394.7 ], [ 313249.833010162459686, 5545181.338058467954397, 395.3 ], [ 313226.09655739099253, 5545197.637346036732197, 395.6 ], [ 313213.778260325838346, 5545204.188886036165059, 395.4 ], [ 313215.43553612526739, 5545210.586464699357748, 396.5 ], [ 313217.70873744529672, 5545222.304969656281173, 399.7 ], [ 313230.613630946667399, 5545218.181572393514216, 397.9 ], [ 313246.115891905734316, 5545214.524052372202277, 402.2 ], [ 313256.615023114020005, 5545209.260384226217866, 404.1 ], [ 313267.075378237466794, 5545202.885086147114635, 405.1 ], [ 313276.976297610148322, 5545194.859825558960438, 405.5 ], [ 313303.520920200680848, 5545174.789873919449747, 406.7 ], [ 313330.069618851412088, 5545154.831224380992353, 407.9 ], [ 313341.952548878267407, 5545146.069146876223385, 408.4 ], [ 313352.258782491378952, 5545147.601732747629285, 411.1 ], [ 313378.471008977503516, 5545161.156485570594668, 420.1 ], [ 313401.518352860235609, 5545168.255010592751205, 427.4 ], [ 313430.514791134861298, 5545169.13597559183836, 433.0 ], [ 313459.435724813840352, 5545169.908428821712732, 437.7 ], [ 313469.753157886967529, 5545163.538527931086719, 438.8 ], [ 313468.188854347215965, 5545151.572635041549802, 437.1 ], [ 313448.610262006754056, 5545110.295005942694843, 431.3 ], [ 313435.823612770880572, 5545084.919157730415463, 428.6 ], [ 313423.104587690031622, 5545059.429675838910043, 424.5 ], [ 313415.491326318122447, 5545036.433385660871863, 420.5 ], [ 313413.49294183216989, 5545016.13511742092669, 417.6 ], [ 313426.645780123362783, 5545002.654363699257374, 421.9 ], [ 313444.600781995861325, 5544993.23563143517822, 425.5 ], [ 313463.69607340125367, 5544989.787423816509545, 426.5 ], [ 313478.221959173097275, 5544993.065273543819785, 428.2 ], [ 313498.33199790737126, 5545006.388145170174539, 432.6 ], [ 313511.812870621564798, 5545016.714415160939097, 435.8 ], [ 313521.35514321149094, 5545031.296080326661468, 440.3 ], [ 313525.44523888186086, 5545047.848564469255507, 444.8 ], [ 313527.264761584752705, 5545054.797064903192222, 446.3 ], [ 313557.808479387313128, 5545069.203445595689118, 445.0 ], [ 313583.04884148016572, 5545079.565348786301911, 444.8 ], [ 313597.036360074125696, 5545083.863958940841258, 445.4 ], [ 313624.684202012838796, 5545089.244980321265757, 444.1 ], [ 313658.364747523795813, 5545096.975948018021882, 443.3 ], [ 313691.973573489463888, 5545104.709618737921119, 443.0 ], [ 313722.3656212509959, 5545110.663381542079151, 442.3 ], [ 313726.824848004849628, 5545111.064642484299839, 442.1 ], [ 313743.357271850225516, 5545112.269931485876441, 441.9 ], [ 313775.709848712314852, 5545114.816750283353031, 442.8 ], [ 313808.062383405398577, 5545117.363763847388327, 443.4 ], [ 313814.309879479114898, 5545119.706266607157886, 443.6 ], [ 313821.306302202923689, 5545125.027812116779387, 444.1 ], [ 313802.915574980317615, 5545140.470626432448626, 447.0 ], [ 313782.146265781251714, 5545159.669186337850988, 449.0 ], [ 313759.054578424198553, 5545182.176368088461459, 451.4 ], [ 313736.030827570240945, 5545204.56999674718827, 454.2 ], [ 313715.972274523228407, 5545229.754298835992813, 454.3 ], [ 313708.517130496911705, 5545242.145557530224323, 454.2 ], [ 313702.441947117971722, 5545255.04528027959168, 454.2 ], [ 313689.250459634698927, 5545288.004205813631415, 454.2 ], [ 313675.987543274357449, 5545320.965662938542664, 455.1 ], [ 313667.681137699866667, 5545341.845441286452115, 456.8 ], [ 313663.798890573671088, 5545349.771649420261383, 458.1 ], [ 313658.13229081168538, 5545359.986007514409721, 459.7 ], [ 313653.704315466806293, 5545368.710332029499114, 459.6 ], [ 313644.045194353617262, 5545381.62366699706763, 458.5 ], [ 313628.063488366082311, 5545400.322265204042196, 457.2 ], [ 313619.213430076371878, 5545411.760568127967417, 456.6 ], [ 313602.459639740700368, 5545426.813246056437492, 457.4 ], [ 313589.137105039204471, 5545435.402320845983922, 458.9 ], [ 313582.895809468696825, 5545439.403988131321967, 459.7 ], [ 313567.999875129433349, 5545446.044538387097418, 461.9 ], [ 313572.749252787092701, 5545450.664951977320015, 460.3 ], [ 313597.290979267156217, 5545453.371455661021173, 454.1 ], [ 313611.643236105504911, 5545453.761836376972497, 450.3 ], [ 313629.98792149592191, 5545447.335173497907817, 446.6 ], [ 313646.912031671090517, 5545433.055749908089638, 445.1 ], [ 313672.165791860898025, 5545410.917886193841696, 443.2 ], [ 313689.920375306508504, 5545393.715890221297741, 441.0 ], [ 313727.291653835854959, 5545367.483464333228767, 435.6 ], [ 313745.106497109867632, 5545358.181869743391871, 433.9 ], [ 313751.903432252525818, 5545355.719261586666107, 433.1 ], [ 313763.254264749819413, 5545350.204348676837981, 432.7 ], [ 313777.00299877737416, 5545345.607699174433947, 432.3 ], [ 313794.339882990752812, 5545341.108808557502925, 432.7 ], [ 313829.735465794568881, 5545338.430175449699163, 433.1 ], [ 313854.937557025696151, 5545337.442008349113166, 433.0 ], [ 313866.179988138144836, 5545337.050883927382529, 433.1 ], [ 313874.794132991693914, 5545339.42240849416703, 431.9 ], [ 313906.179232299735304, 5545349.23807040322572, 427.4 ], [ 313933.679917112749536, 5545360.747190731577575, 424.0 ], [ 313951.283390310476534, 5545368.037308880127966, 423.1 ], [ 313974.619057070405688, 5545379.357563099823892, 422.5 ], [ 313995.742531505762599, 5545390.977419777773321, 420.0 ], [ 314015.621309721667785, 5545405.97961101680994, 412.7 ], [ 314029.336373341153376, 5545414.852035456337035, 408.7 ], [ 314069.738455075537786, 5545436.598147572018206, 401.5 ], [ 314073.599270007922314, 5545438.356070322915912, 401.0 ], [ 314085.181698966072872, 5545443.629854932427406, 399.2 ], [ 314119.902118544734549, 5545454.555106054991484, 392.5 ], [ 314132.653652443608735, 5545456.338086226023734, 391.1 ], [ 314153.268503362429328, 5545455.399356582202017, 389.9 ], [ 314170.104023982130457, 5545450.919092813506722, 388.4 ], [ 314204.687098384194542, 5545437.252481785602868, 382.0 ], [ 314211.488349311170168, 5545430.783534078858793, 381.7 ], [ 314222.071841917175334, 5545417.616598914377391, 382.8 ], [ 314253.381886724266224, 5545392.266244794242084, 381.0 ], [ 314284.688369149109349, 5545366.804916474968195, 379.4 ], [ 314287.761918510252144, 5545364.472245298326015, 379.3 ], [ 314307.996082113590091, 5545344.292575002647936, 379.9 ], [ 314334.068729103426449, 5545329.141447285190225, 375.5 ], [ 314358.573354209365789, 5545318.385528776794672, 370.1 ], [ 314383.149681022507139, 5545307.627240736037493, 366.5 ], [ 314417.718751265434548, 5545293.517382703721523, 362.0 ], [ 314452.216385191772133, 5545279.410235863178968, 356.3 ], [ 314479.043761687004007, 5545269.464738707058132, 351.3 ], [ 314505.875085374806076, 5545259.630543913692236, 343.8 ], [ 314513.466231570346281, 5545255.249312232248485, 342.1 ], [ 314519.006732096080668, 5545245.485529579222202, 343.8 ], [ 314527.526564380619675, 5545218.255838496610522, 349.3 ], [ 314536.046495328366291, 5545191.026164051145315, 351.8 ], [ 314553.265738941496238, 5545154.145886634476483, 351.9 ], [ 314562.974990847753361, 5545134.332078527659178, 351.6 ], [ 314571.26071713748388, 5545121.02296017576009, 350.9 ], [ 314578.607843535311986, 5545107.523785189725459, 350.8 ], [ 314617.691614541690797, 5545085.022767627611756, 346.0 ], [ 314656.843466022051871, 5545062.408398110419512, 342.6 ], [ 314695.927877731679473, 5545039.907968927174807, 341.2 ], [ 314698.615965434117243, 5545051.27864689566195, 336.6 ], [ 314696.64931316266302, 5545062.810521204024553, 332.0 ], [ 314691.038205886434298, 5545074.691207943484187, 328.1 ], [ 314683.527511197316926, 5545081.40665050316602, 327.7 ], [ 314658.573181718995329, 5545118.554364700801671, 323.0 ], [ 314633.547605013591237, 5545155.704686232842505, 318.2 ], [ 314608.597853348124772, 5545192.963819187134504, 314.1 ], [ 314583.573004268459044, 5545230.114394767209888, 312.6 ], [ 314579.433071321574971, 5545278.227688937447965, 299.2 ], [ 314587.830296695465222, 5545268.142385837621987, 297.3 ], [ 314614.697707962826826, 5545240.722276849672198, 295.3 ], [ 314636.675265215570107, 5545221.151339435018599, 293.7 ], [ 314642.484036819194444, 5545217.054646149277687, 292.7 ], [ 314650.026020360528491, 5545207.110380817204714, 292.9 ], [ 314655.784757527057081, 5545201.56855237390846, 292.4 ], [ 314689.521238701883703, 5545175.803002651780844, 288.2 ], [ 314721.020411748439074, 5545151.673338682390749, 284.0 ], [ 314741.237638775142841, 5545141.290324532426894, 284.7 ], [ 314751.728181545971893, 5545137.810754302889109, 285.2 ], [ 314774.677417105995119, 5545131.785233831964433, 284.2 ], [ 314799.291480130923446, 5545124.144010276533663, 283.5 ], [ 314847.061244018026628, 5545114.366007374599576, 279.3 ], [ 314890.93819286080543, 5545099.825977046042681, 278.1 ], [ 314899.801080156990793, 5545096.959508336149156, 278.0 ], [ 314932.550728518865071, 5545086.14372781291604, 277.9 ], [ 314965.225043967482634, 5545075.219461871311069, 277.9 ], [ 314985.094043439079542, 5545067.186720677651465, 279.3 ], [ 315003.253530443354975, 5545061.550425545312464, 279.3 ], [ 315033.158695333870128, 5545057.622825966216624, 277.9 ], [ 315066.637839113420341, 5545049.231239601038396, 276.8 ], [ 315082.773131023277529, 5545043.108690780587494, 277.2 ], [ 315109.515736201661639, 5545032.724225922487676, 276.9 ], [ 315127.8109907155158, 5545026.861079717986286, 275.7 ], [ 315142.758379872248042, 5545019.555481720715761, 274.8 ], [ 315167.384518250706606, 5544999.784095782786608, 273.7 ], [ 315172.46243753482122, 5544995.268068739213049, 273.4 ], [ 315179.209139298298396, 5544989.247531692497432, 273.0 ], [ 315186.630907294049393, 5544977.861379210837185, 273.3 ], [ 315196.125306068803184, 5544953.826973122544587, 274.5 ], [ 315205.623638006509282, 5544929.903752186335623, 274.5 ], [ 315206.343460128176957, 5544923.757499784231186, 274.8 ], [ 315206.987832555430941, 5544917.502555156126618, 274.6 ], [ 315199.746191207785159, 5544873.901201637461782, 272.8 ], [ 315194.066401145420969, 5544850.613461686298251, 271.6 ], [ 315183.857010801555589, 5544829.040336892940104, 271.1 ], [ 315177.17718875897117, 5544810.01647527422756, 270.9 ], [ 315166.369387097540312, 5544796.032315096817911, 271.3 ], [ 315164.546963170345407, 5544793.090213675051928, 271.4 ], [ 315159.249788369634189, 5544785.037123821675777, 271.7 ], [ 315128.299792532168794, 5544760.841592060402036, 278.4 ], [ 315107.527957119396888, 5544738.631814755499363, 283.7 ], [ 315090.329059001407586, 5544716.0760538270697, 287.4 ], [ 315082.899696483684238, 5544704.423864552751184, 288.3 ], [ 315078.08552578126546, 5544691.679630453698337, 287.5 ], [ 315076.581048266380094, 5544679.26622280292213, 285.2 ], [ 315071.462270351708867, 5544661.857995424419641, 283.5 ], [ 315070.543331858469173, 5544645.640216801315546, 281.0 ], [ 315075.61937428987585, 5544620.311423837207258, 276.7 ], [ 315080.996711647603661, 5544612.00084635335952, 274.6 ], [ 315086.223149826866575, 5544603.472893089056015, 272.9 ], [ 315087.989172227098607, 5544600.629418388940394, 272.4 ], [ 315094.01878913375549, 5544592.518914949148893, 270.6 ], [ 315096.775705730891787, 5544583.074617249891162, 269.8 ], [ 315095.02568477409659, 5544569.779306447133422, 270.3 ], [ 315098.917650288320147, 5544543.378479860723019, 268.8 ], [ 315097.864381749590393, 5544523.269910953938961, 268.6 ], [ 315094.305818032880779, 5544505.362565108574927, 268.5 ], [ 315089.372239826363511, 5544482.93950613681227, 268.7 ], [ 315082.272208481852431, 5544462.14947915636003, 268.6 ], [ 315077.252933931711596, 5544441.398860746063292, 267.9 ], [ 315076.606997592141852, 5544439.306515392847359, 267.9 ], [ 315068.126642350747716, 5544411.775010909885168, 267.6 ], [ 315065.001249774300959, 5544387.73131338134408, 267.5 ], [ 315081.600637424970046, 5544390.830591724254191, 266.1 ], [ 315092.748977707407903, 5544387.662958916276693, 267.1 ], [ 315102.348569255205803, 5544385.327941918745637, 268.0 ], [ 315110.335466428718064, 5544384.050337240099907, 268.7 ], [ 315116.618842527095694, 5544383.276784607209265, 269.3 ], [ 315115.197576237958856, 5544371.194393372163177, 270.7 ], [ 315108.787818518467247, 5544339.250681244768202, 272.2 ], [ 315103.503988120646682, 5544323.294998565688729, 270.7 ], [ 315097.170203628600575, 5544310.158044895157218, 268.7 ], [ 315097.177679901360534, 5544304.147690810263157, 268.7 ], [ 315100.725326275103725, 5544298.905418133363128, 269.5 ], [ 315105.83981905633118, 5544297.504451882094145, 270.6 ], [ 315129.884559327852912, 5544312.700773490592837, 280.5 ], [ 315162.133662884589285, 5544330.841486756689847, 293.1 ], [ 315180.59024708927609, 5544337.88366558495909, 296.1 ], [ 315205.681943025905639, 5544346.03238030243665, 301.0 ], [ 315225.792060450417921, 5544351.125550881959498, 305.2 ], [ 315258.103198450582568, 5544354.462049138732255, 310.7 ], [ 315280.416835999873001, 5544350.686827875673771, 312.8 ], [ 315323.546566701144911, 5544341.296280455775559, 317.4 ], [ 315363.285996940801851, 5544329.240603355690837, 321.9 ], [ 315400.732489952119067, 5544315.149660415947437, 326.7 ], [ 315426.852557725273073, 5544309.463014722801745, 331.7 ], [ 315441.33151806180831, 5544309.297603652812541, 335.7 ], [ 315467.897681267466396, 5544312.388291125185788, 343.1 ], [ 315514.679805448220577, 5544321.571381254121661, 351.0 ], [ 315518.080473821493797, 5544322.455839744769037, 351.4 ], [ 315524.605637776316144, 5544322.453521264716983, 351.9 ], [ 315538.20093655900564, 5544319.536389417946339, 352.3 ], [ 315550.600508585688658, 5544315.21363346837461, 352.4 ], [ 315563.849223785917275, 5544312.642405405640602, 352.7 ], [ 315578.847498783259653, 5544310.90130447037518, 352.9 ], [ 315592.807090859743766, 5544312.312363047152758, 353.5 ], [ 315597.730940486770123, 5544313.700877607800066, 353.8 ], [ 315600.122393874626141, 5544316.51221629884094, 354.1 ], [ 315601.572433146182448, 5544321.136750345118344, 354.7 ], [ 315616.242827550973743, 5544326.530086276121438, 355.7 ], [ 315640.075255639327224, 5544335.614559071138501, 357.8 ], [ 315658.756320192886051, 5544340.869854058139026, 359.2 ], [ 315687.638084790669382, 5544346.664290949702263, 360.8 ], [ 315688.391933668637648, 5544339.404001669958234, 360.3 ], [ 315703.08613717276603, 5544332.999229109846056, 360.5 ], [ 315733.17118424794171, 5544325.841988749802113, 361.7 ], [ 315763.25630254088901, 5544318.684919408522546, 362.6 ], [ 315781.14513239916414, 5544315.509317830204964, 362.7 ], [ 315763.25630254088901, 5544318.684919408522546, 362.6 ], [ 315733.17118424794171, 5544325.841988749802113, 361.7 ], [ 315703.08613717276603, 5544332.999229109846056, 360.5 ], [ 315688.391933668637648, 5544339.404001669958234, 360.3 ], [ 315687.638084790669382, 5544346.664290949702263, 360.8 ], [ 315712.647340475581586, 5544350.366274764761329, 362.4 ], [ 315737.652727784239687, 5544353.957209033891559, 364.5 ], [ 315783.328982115024701, 5544362.290289699099958, 368.9 ], [ 315828.929627471952699, 5544370.515055670402944, 374.4 ], [ 315835.751607518235687, 5544368.722143216989934, 374.6 ], [ 315842.926810719945934, 5544364.691142062656581, 374.2 ], [ 315855.912637744331732, 5544356.564823656342924, 373.2 ], [ 315868.52824152354151, 5544354.35002488270402, 373.7 ], [ 315883.608500382397324, 5544350.826200041919947, 374.5 ], [ 315893.491077690850943, 5544348.371590418741107, 375.1 ], [ 315901.965955652296543, 5544342.515211015939713, 374.6 ], [ 315910.733952553360723, 5544334.756713481619954, 373.5 ], [ 315917.229511857498437, 5544335.980157765559852, 374.9 ], [ 315938.195225389557891, 5544334.702600607648492, 378.2 ], [ 315970.710972255677916, 5544333.58445237763226, 383.7 ], [ 315955.035956113133579, 5544346.92261771298945, 385.6 ], [ 315945.759948701830581, 5544356.590560647659004, 387.2 ], [ 315935.479510718665551, 5544370.411057260818779, 389.8 ], [ 315929.272793641779572, 5544381.754228786565363, 392.4 ], [ 315949.433963364805095, 5544369.597265033982694, 392.2 ], [ 315994.328976821096148, 5544353.139751854352653, 393.7 ], [ 315999.538151064480189, 5544352.404174613766372, 393.7 ], [ 315999.235544929280877, 5544358.202021388337016, 395.8 ], [ 315996.539062327123247, 5544371.539068545214832, 400.0 ], [ 315988.550368075491861, 5544385.280666868202388, 403.2 ], [ 315979.359471484669484, 5544399.50880425516516, 405.4 ], [ 315984.728316569817252, 5544409.674827074632049, 407.7 ], [ 315983.280015098804142, 5544423.859345654956996, 409.7 ], [ 315990.702857716125436, 5544433.286967544816434, 411.3 ], [ 315999.218073789554182, 5544441.118883585557342, 412.7 ], [ 316006.399256344593596, 5544449.775753968395293, 414.4 ], [ 316023.818369058310054, 5544474.663930771872401, 417.3 ], [ 316032.216985803912394, 5544483.278980252332985, 418.0 ], [ 316058.643430122174323, 5544496.950535814277828, 419.1 ], [ 316088.468282430665568, 5544515.625085271894932, 419.9 ], [ 316118.225125291617587, 5544534.413422730751336, 420.3 ], [ 316134.054542728001252, 5544546.446100641041994, 420.5 ], [ 316159.304790509631857, 5544578.077321795746684, 422.9 ], [ 316178.467406052281149, 5544601.570485760457814, 424.8 ], [ 316187.979875282035209, 5544615.489742414094508, 425.9 ], [ 316196.408558886032552, 5544624.994364734739065, 426.8 ], [ 316202.30587874801131, 5544629.688878386281431, 427.5 ], [ 316220.540166466846131, 5544642.863456195220351, 430.5 ], [ 316236.194356578344014, 5544651.897410934790969, 433.0 ], [ 316242.938644623674918, 5544654.114353309385478, 433.7 ], [ 316264.505462066852488, 5544659.940352744422853, 434.3 ], [ 316285.682724513986614, 5544662.774798437952995, 432.9 ], [ 316326.330708005698398, 5544670.951035025529563, 429.4 ], [ 316344.122857265989296, 5544673.345409293659031, 427.8 ], [ 316363.578274363069795, 5544678.242588100023568, 426.2 ], [ 316370.703434627503157, 5544681.114396111108363, 425.7 ], [ 316403.981055912619922, 5544695.999318569898605, 424.2 ], [ 316422.779894698644057, 5544708.932581706903875, 422.5 ], [ 316429.710876761528198, 5544716.59687655325979, 421.6 ], [ 316445.563105223933235, 5544741.87391001265496, 419.3 ], [ 316454.530564080923796, 5544752.473386846482754, 418.2 ], [ 316473.59184628573712, 5544762.615396721288562, 416.0 ], [ 316518.428278143284842, 5544775.88031845446676, 414.0 ], [ 316533.6045276010409, 5544779.36665731202811, 414.0 ], [ 316552.000384355720598, 5544784.746000348590314, 414.4 ], [ 316579.426540401531383, 5544798.385693886317313, 416.0 ], [ 316614.714851409662515, 5544811.310894164256752, 417.6 ], [ 316642.74410042661475, 5544815.358744515106082, 417.5 ], [ 316662.464590340852737, 5544815.462139875628054, 417.0 ], [ 316674.910923761199228, 5544816.705175389535725, 416.8 ], [ 316663.384954833774827, 5544806.749497494660318, 416.1 ], [ 316645.371013189840596, 5544793.677252561785281, 415.3 ], [ 316605.097785029909573, 5544765.007308684289455, 412.1 ], [ 316569.949919951381162, 5544735.271586345508695, 409.1 ], [ 316544.229020098515321, 5544706.548448352143168, 408.6 ], [ 316540.042454496026039, 5544699.457706683315337, 408.8 ], [ 316538.889616833417676, 5544690.927405714988708, 408.9 ], [ 316538.084216745803133, 5544684.165936283767223, 409.1 ], [ 316538.559483753808308, 5544675.023337775841355, 409.3 ], [ 316541.103994659846649, 5544665.587208623066545, 409.3 ], [ 316545.860992947826162, 5544655.852641912177205, 409.0 ], [ 316572.715991031785961, 5544621.431891690008342, 408.1 ], [ 316599.240695996792056, 5544589.916321517899632, 408.9 ], [ 316625.761912929010577, 5544558.289725773967803, 409.7 ], [ 316652.283452096628025, 5544526.663270206190646, 410.6 ], [ 316677.977091141685378, 5544498.070322417654097, 411.7 ], [ 316688.403047153784428, 5544486.360985307954252, 412.2 ], [ 316697.854491868114565, 5544479.693376432172954, 412.3 ], [ 316709.396686435444281, 5544469.170111157000065, 412.0 ], [ 316724.291445219772868, 5544451.854294422082603, 411.3 ], [ 316729.490125520620495, 5544442.438687740825117, 411.2 ], [ 316698.796677070087753, 5544412.99470626283437, 412.1 ], [ 316668.106704639620148, 5544383.662059563212097, 410.9 ], [ 316654.747480256017298, 5544372.544894128106534, 409.0 ], [ 316649.135324989561923, 5544363.610867079347372, 407.8 ], [ 316645.834777221316472, 5544357.268759985454381, 406.9 ], [ 316648.800660266948398, 5544311.980896827764809, 404.3 ], [ 316651.762820610194467, 5544266.581873530521989, 401.0 ], [ 316652.79378175130114, 5544261.093043414875865, 400.7 ], [ 316666.697343193867709, 5544221.106636608950794, 399.1 ], [ 316680.67656727868598, 5544181.228985598310828, 395.3 ], [ 316694.580594406463206, 5544141.242665369994938, 391.5 ], [ 316708.556477738544345, 5544101.253935622982681, 386.8 ], [ 316715.71460577507969, 5544088.321062336675823, 384.7 ], [ 316708.434231732855551, 5544085.120191372931004, 384.4 ], [ 316696.709370783530176, 5544081.960240170359612, 383.3 ], [ 316688.913806587341242, 5544082.561105231754482, 382.3 ], [ 316682.399139946559444, 5544080.780893689021468, 380.7 ], [ 316676.77822088135872, 5544079.971743645146489, 379.1 ], [ 316672.78036274376791, 5544074.209978801198304, 377.0 ], [ 316677.274788554408588, 5544054.690520385280252, 375.2 ], [ 316680.0300372132333, 5544019.983068722300231, 371.4 ], [ 316682.718703390099108, 5544000.080282088369131, 369.4 ], [ 316683.048999140155502, 5543984.598814724944532, 367.0 ], [ 316684.811095134878997, 5543966.953686731867492, 364.6 ], [ 316687.144532277656253, 5543955.521573714911938, 363.4 ], [ 316684.525105643144343, 5543946.039819637313485, 361.3 ], [ 316678.067630757228471, 5543935.465255415067077, 357.9 ], [ 316670.6440150567214, 5543921.807497354224324, 353.4 ], [ 316668.473809645453002, 5543891.94318088889122, 347.9 ], [ 316666.299788084172178, 5543861.967700244858861, 342.4 ], [ 316654.109171526622958, 5543843.131017609499395, 334.8 ], [ 316649.100021863996517, 5543835.066682172007859, 331.2 ], [ 316648.12554496852681, 5543829.646552388556302, 329.7 ], [ 316644.810216192388907, 5543824.974380946718156, 327.1 ], [ 316650.27478636126034, 5543808.649271406233311, 326.1 ], [ 316661.493402237130795, 5543784.447662586346269, 325.9 ], [ 316663.906148351612501, 5543773.235421019606292, 322.5 ], [ 316654.302546075778082, 5543779.685630121268332, 321.1 ], [ 316648.739143020473421, 5543782.658587971702218, 318.8 ], [ 316632.096116133150645, 5543797.140687148086727, 313.6 ], [ 316617.826114413561299, 5543805.531556671485305, 308.7 ], [ 316631.05180689773988, 5543775.028536704368889, 306.7 ], [ 316623.431869574938901, 5543772.395867764018476, 301.7 ], [ 316615.40558404289186, 5543783.021367896348238, 300.8 ], [ 316605.917046025395393, 5543794.921236630529165, 299.5 ], [ 316598.662021532072686, 5543800.845904534682631, 297.2 ], [ 316600.401721254340373, 5543795.110196497291327, 296.4 ], [ 316613.998375802417286, 5543769.157562077976763, 295.5 ], [ 316619.462926712352782, 5543752.832421435974538, 293.4 ], [ 316604.744878459721804, 5543752.33497825358063, 285.3 ], [ 316594.518762737454381, 5543757.359773712232709, 281.7 ], [ 316592.186245373915881, 5543760.44468692317605, 281.5 ], [ 316588.143017368856817, 5543765.925434796139598, 281.0 ], [ 316585.196327950921841, 5543769.921764397062361, 280.6 ], [ 316585.238323532626964, 5543760.682744954712689, 278.3 ], [ 316582.698546868748963, 5543763.997356522828341, 278.0 ], [ 316580.084080949774943, 5543769.317859551869333, 278.1 ], [ 316548.386367713159416, 5543800.676638958975673, 273.2 ], [ 316538.331085304205772, 5543819.051241809502244, 274.1 ], [ 316525.201228167046793, 5543831.409957992844284, 272.8 ], [ 316508.668342913908418, 5543836.539808506146073, 268.9 ], [ 316513.356796347536147, 5543822.689656289294362, 267.5 ], [ 316532.28159075754229, 5543791.100636571645737, 266.2 ], [ 316541.120760125457309, 5543776.996959800831974, 266.0 ], [ 316551.026024067599792, 5543760.519545216113329, 265.7 ], [ 316555.65903266944224, 5543749.231154514476657, 264.9 ], [ 316556.443178312969394, 5543738.631145310588181, 263.0 ], [ 316584.041038239956833, 5543700.623850546777248, 264.4 ], [ 316611.643113962432835, 5543662.727874907664955, 261.9 ], [ 316631.961774341005366, 5543646.672982160933316, 261.5 ], [ 316639.334379124338739, 5543642.079900590702891, 261.4 ], [ 316645.840538816468325, 5543639.408539487048984, 261.2 ], [ 316656.980500496458262, 5543638.025329575873911, 260.7 ], [ 316681.610389762558043, 5543638.962570480071008, 257.7 ], [ 316696.977895561547484, 5543641.663923259824514, 256.9 ], [ 316745.761715778964572, 5543652.68144166842103, 256.1 ], [ 316752.61844427860342, 5543649.775619545951486, 256.7 ], [ 316758.244722486939281, 5543642.348792620934546, 258.3 ], [ 316758.940653503756039, 5543637.539246454834938, 259.3 ], [ 316759.093320963555016, 5543631.524041337892413, 260.5 ], [ 316755.192191627924331, 5543622.308721400797367, 262.0 ], [ 316747.698134900536388, 5543612.882507474161685, 262.9 ], [ 316737.391450270195492, 5543602.996108990162611, 263.4 ], [ 316719.745945342292544, 5543586.126744984649122, 263.3 ], [ 316705.25968925957568, 5543569.371853454038501, 263.2 ], [ 316691.349505525897257, 5543550.593942956067622, 263.2 ] ] ] } },
{ "type": "Feature", "properties": { "name": "Schluchtenpfad", "km": 14.442, "darstell": "F1", "height": 288, "link": "https://www.naturpark-suedeifel.de/a-schluchtenpfad", "erlebnis": 45, "datum": null }, "geometry": { "type": "MultiLineString", "coordinates": [ [ [ 309875.825009032501839, 5540104.597313904203475, 418.2 ], [ 309876.70951607968891, 5540103.230292752385139, 418.3 ], [ 309889.557529542071279, 5540087.080720038153231, 420.4 ], [ 309893.203457743569743, 5540080.607087716460228, 421.2 ], [ 309900.746574078162666, 5540066.649188074283302, 422.6 ], [ 309905.087087529129349, 5540055.476179649122059, 423.5 ], [ 309911.302740015671588, 5540034.441957024857402, 424.8 ], [ 309921.35765006323345, 5540012.381153958849609, 425.2 ], [ 309921.837905436521396, 5540005.685910231433809, 425.3 ], [ 309922.60380906809587, 5539990.855379471555352, 425.4 ], [ 309926.97419616067782, 5539974.450072553008795, 425.1 ], [ 309933.839852185628843, 5539951.500679119490087, 424.1 ], [ 309934.039127220399678, 5539951.048398333601654, 424.1 ], [ 310053.557786170742474, 5539951.597332674078643, 420.9 ], [ 310147.305487257777713, 5539986.452711622230709, 414.7 ], [ 310149.516576630761847, 5539984.03702028375119, 414.8 ], [ 310158.276655908324756, 5539976.046798820607364, 415.4 ], [ 310149.516576630761847, 5539984.03702028375119, 414.8 ], [ 310142.468982472084463, 5539991.743987535126507, 414.4 ], [ 310115.867594323004596, 5540032.978173419833183, 414.3 ], [ 310108.045843911357224, 5540055.293353239074349, 414.9 ], [ 310107.325938587076962, 5540073.46129840426147, 414.6 ], [ 310101.674329670553561, 5540086.127518167719245, 415.8 ], [ 310108.182988330547232, 5540091.573370133526623, 414.2 ], [ 310112.97372491878923, 5540111.326919095590711, 413.3 ], [ 310116.182759102666751, 5540122.90006713848561, 413.0 ], [ 310123.515288240276277, 5540149.575673843733966, 413.5 ], [ 310139.998899443773553, 5540195.516464971937239, 411.5 ], [ 310147.375378887052648, 5540211.282816139049828, 409.3 ], [ 310148.545056930859573, 5540213.912658265791833, 409.0 ], [ 310154.604526053299196, 5540226.943091219291091, 407.9 ], [ 310169.095064020017162, 5540247.020892581902444, 405.7 ], [ 310185.257691685110331, 5540267.707322207279503, 404.5 ], [ 310209.917409776127897, 5540289.205895050428808, 403.3 ], [ 310220.582963736087549, 5540294.504648893140256, 402.5 ], [ 310260.31266468972899, 5540309.904623668640852, 400.1 ], [ 310284.294739672390278, 5540322.411948530003428, 400.4 ], [ 310308.28063427231973, 5540335.030541914515197, 400.7 ], [ 310332.089016607846133, 5540352.775460332632065, 402.3 ], [ 310355.897241019294597, 5540370.520480981096625, 403.3 ], [ 310381.533462512714323, 5540387.199188687838614, 403.3 ], [ 310387.083047044638079, 5540389.89670318365097, 403.1 ], [ 310389.857837140909396, 5540391.245462534949183, 403.0 ], [ 310409.209652264311444, 5540400.689353109337389, 402.7 ], [ 310440.119825364556164, 5540412.284406552091241, 401.7 ], [ 310471.029856782464776, 5540423.879635055549443, 401.1 ], [ 310489.531903672206681, 5540427.566103477962315, 400.3 ], [ 310524.054584416095167, 5540427.680975480005145, 397.7 ], [ 310541.000312250573188, 5540429.975709808990359, 397.2 ], [ 310552.908216659154277, 5540433.89553137589246, 397.6 ], [ 310558.361467459239066, 5540437.932254424318671, 398.4 ], [ 310577.757110097911209, 5540454.721160246990621, 400.4 ], [ 310597.152632391487714, 5540471.510133600793779, 402.4 ], [ 310630.494119853829034, 5540501.162647642195225, 403.2 ], [ 310647.135266196914017, 5540515.155250011943281, 403.4 ], [ 310672.553836862149183, 5540525.721297708339989, 402.2 ], [ 310676.268087104836013, 5540527.259609846398234, 402.2 ], [ 310704.069434551638551, 5540534.179930035024881, 401.4 ], [ 310731.87070259306347, 5540541.100392672233284, 401.1 ], [ 310755.484459531318862, 5540545.275012541562319, 400.6 ], [ 310789.368049459648319, 5540547.640164775773883, 398.8 ], [ 310807.080992123985197, 5540551.355552034452558, 398.0 ], [ 310819.263324203784578, 5540554.932340344414115, 397.5 ], [ 310821.803270091186278, 5540555.733089994639158, 397.4 ], [ 310846.609682145994157, 5540563.205071789212525, 396.4 ], [ 310873.952025289880112, 5540571.366776740178466, 394.9 ], [ 310909.294542483286932, 5540592.713893570005894, 395.5 ], [ 310938.121391215361655, 5540616.517161878757179, 399.2 ], [ 310952.049201627494767, 5540639.065357877872884, 402.5 ], [ 310962.728282041323837, 5540638.688605137169361, 402.0 ], [ 310966.741896213847212, 5540638.547012302093208, 401.8 ], [ 310995.904429562564474, 5540637.295698195695877, 400.7 ], [ 311023.081969147897325, 5540632.664177242666483, 399.3 ], [ 311042.797841013467405, 5540628.073311136104167, 398.0 ], [ 311044.362860558612738, 5540627.684216591529548, 397.9 ], [ 311048.943129715393297, 5540625.296658764593303, 397.5 ], [ 311055.924968394450843, 5540621.82270276080817, 396.9 ], [ 311057.812504668254405, 5540614.298896878957748, 396.8 ], [ 311059.895465190755203, 5540606.211690254509449, 396.6 ], [ 311056.894744901685044, 5540596.411597658880055, 396.6 ], [ 311042.087095770519227, 5540581.462730053812265, 396.4 ], [ 311030.991254727938212, 5540572.059415932744741, 395.6 ], [ 311021.902210092521273, 5540562.585349263623357, 394.6 ], [ 311019.656229492393322, 5540555.875119287520647, 393.9 ], [ 311020.826416905270889, 5540542.25497371237725, 392.2 ], [ 311023.138954115565866, 5540536.608305728062987, 391.5 ], [ 311028.027216114860494, 5540524.637878947891295, 390.0 ], [ 311030.595101948885713, 5540518.091792415827513, 389.3 ], [ 311042.947459108370822, 5540473.580524145625532, 384.8 ], [ 311046.120132967364043, 5540453.656856338493526, 382.8 ], [ 311046.115650206571445, 5540447.424090331420302, 382.1 ], [ 311046.073090175166726, 5540438.076205059885979, 381.1 ], [ 311042.570558437611908, 5540428.293810740113258, 379.7 ], [ 311028.78772211400792, 5540409.858449513092637, 376.1 ], [ 311026.808803595951758, 5540402.582286541350186, 375.1 ], [ 311027.260101593681611, 5540392.994380459189415, 374.1 ], [ 311038.196117211016826, 5540375.468206556513906, 373.5 ], [ 311046.438208630948793, 5540369.055963637307286, 373.4 ], [ 311062.303085246647242, 5540367.160967474803329, 374.0 ], [ 311093.497008480713703, 5540360.384848528541625, 373.4 ], [ 311100.113018947420642, 5540356.701265646144748, 372.8 ], [ 311097.050074686936568, 5540351.24412789568305, 372.2 ], [ 311088.665817079250701, 5540341.411186760291457, 371.0 ], [ 311072.0012814028305, 5540334.875327549874783, 370.0 ], [ 311054.712884266860783, 5540333.03620518092066, 369.2 ], [ 311035.764169889269397, 5540330.921776044182479, 368.0 ], [ 311014.559901729982812, 5540332.003417707048357, 366.3 ], [ 310998.809230043552816, 5540343.243910666555166, 365.5 ], [ 310980.005282329337206, 5540367.614515140652657, 363.8 ], [ 310964.574807130091358, 5540398.099124225787818, 362.7 ], [ 310960.468433698755689, 5540422.062675066292286, 364.4 ], [ 310960.25080520787742, 5540434.2023048363626, 365.9 ], [ 310954.829496090766042, 5540445.3011813769117, 366.3 ], [ 310942.306789286376443, 5540452.421110416762531, 365.1 ], [ 310929.827637765556574, 5540452.638787590898573, 363.3 ], [ 310917.280024056322873, 5540446.848581214435399, 361.0 ], [ 310900.582388208596967, 5540435.305819615721703, 358.1 ], [ 310893.045132468338124, 5540427.112815731205046, 356.4 ], [ 310890.978665023576468, 5540419.394571809098125, 354.8 ], [ 310880.895332159125246, 5540414.296598139218986, 354.0 ], [ 310850.676872935844585, 5540391.76701182872057, 352.2 ], [ 310829.280555729288608, 5540387.402358973398805, 355.6 ], [ 310824.582432559574954, 5540386.455182736739516, 356.3 ], [ 310794.334697819082066, 5540381.401418707333505, 362.2 ], [ 310779.286835471633822, 5540382.044037719257176, 364.2 ], [ 310753.706526572525036, 5540391.295027945190668, 366.7 ], [ 310745.758446647669189, 5540391.798323199152946, 366.5 ], [ 310737.953717612486798, 5540392.296567479148507, 366.4 ], [ 310731.874120587599464, 5540390.841749217361212, 365.8 ], [ 310723.845589107135311, 5540385.003670074976981, 364.0 ], [ 310719.051278149418067, 5540377.270523226819932, 361.8 ], [ 310708.735020595951937, 5540367.617678332142532, 359.1 ], [ 310684.440047087962739, 5540354.340464913286269, 356.8 ], [ 310683.635907213087194, 5540353.923662419430912, 356.7 ], [ 310683.345277742075268, 5540353.822626956738532, 356.7 ], [ 310659.278956113848835, 5540344.989549417048693, 356.7 ], [ 310626.807802662136964, 5540333.893614084459841, 357.1 ], [ 310594.408181553822942, 5540322.795338943600655, 357.1 ], [ 310564.584830373642035, 5540311.494879148900509, 355.0 ], [ 310534.765276245889254, 5540300.305746163241565, 351.9 ], [ 310516.800876782101113, 5540295.598362797871232, 351.0 ], [ 310486.844714874692727, 5540286.640372445806861, 350.4 ], [ 310472.100824703346007, 5540283.711395805701613, 351.1 ], [ 310431.730479644204024, 5540268.443845474161208, 353.1 ], [ 310425.404152535367757, 5540266.107665006071329, 353.4 ], [ 310392.297390341409482, 5540249.247819887474179, 354.2 ], [ 310359.266024264099542, 5540232.496801815927029, 356.0 ], [ 310326.158833173103631, 5540215.637355518527329, 358.7 ], [ 310309.694706660928205, 5540202.641111375764012, 359.4 ], [ 310292.595812021114398, 5540183.879622004926205, 360.1 ], [ 310275.496801042871084, 5540165.118184662424028, 361.5 ], [ 310271.17192029056605, 5540156.478346825577319, 362.1 ], [ 310270.019716625101864, 5540150.286162813194096, 362.7 ], [ 310270.22940304747317, 5540144.045765020884573, 363.7 ], [ 310271.524393274914473, 5540142.107766894623637, 364.1 ], [ 310272.269568146090023, 5540140.85705216601491, 364.4 ], [ 310277.005976167623885, 5540136.79376878682524, 365.5 ], [ 310282.290518579306081, 5540136.050179124809802, 365.7 ], [ 310296.474167551787104, 5540137.328949435614049, 365.3 ], [ 310338.612926852423698, 5540145.743493772111833, 362.9 ], [ 310380.683790338924155, 5540154.272065978497267, 360.4 ], [ 310410.037779585691169, 5540158.353490267880261, 360.0 ], [ 310454.897802043356933, 5540162.554451867938042, 361.3 ], [ 310499.686053942074068, 5540166.758321546949446, 360.4 ], [ 310529.469914829183836, 5540170.825188718736172, 357.0 ], [ 310566.024789600225631, 5540171.536400007084012, 356.1 ], [ 310602.511890241410583, 5540172.36155725363642, 355.5 ], [ 310621.928783202136401, 5540171.452785336412489, 354.7 ], [ 310647.881144760060124, 5540168.64362926967442, 352.1 ], [ 310658.478702350985259, 5540165.931852038949728, 351.1 ], [ 310668.321204552426934, 5540160.130297541618347, 350.9 ], [ 310672.467747921997216, 5540157.646454940550029, 350.8 ], [ 310690.342236847034656, 5540143.547414723783731, 350.8 ], [ 310708.567359731183387, 5540129.213450382463634, 349.6 ], [ 310719.231873275130056, 5540120.26649194676429, 348.2 ], [ 310739.887544048775453, 5540095.495668105781078, 344.9 ], [ 310742.961021734052338, 5540089.042888967320323, 344.5 ], [ 310746.60158640681766, 5540055.968788111582398, 345.3 ], [ 310750.242215251433663, 5540022.894692279398441, 349.5 ], [ 310753.276679226779379, 5540007.205194633454084, 353.1 ], [ 310756.41611745901173, 5539996.520605066791177, 355.5 ], [ 310764.632476343424059, 5539971.076136752031744, 361.7 ], [ 310770.723686808720231, 5539958.617802278138697, 364.2 ], [ 310778.32600404927507, 5539950.33561937417835, 365.0 ], [ 310806.920711746730376, 5539922.72488090954721, 362.6 ], [ 310808.339691286673769, 5539920.226139076054096, 362.1 ], [ 310808.676653189118952, 5539915.539544006809592, 361.6 ], [ 310805.954079682356678, 5539905.507131053134799, 360.6 ], [ 310801.994069476611912, 5539901.083520558662713, 360.4 ], [ 310797.567599034460727, 5539897.678100749850273, 360.6 ], [ 310767.17975502461195, 5539888.73368832282722, 364.3 ], [ 310742.204659570008516, 5539862.346426474861801, 364.0 ], [ 310716.112792859203182, 5539838.892571335658431, 363.6 ], [ 310710.084767322347034, 5539828.754325157031417, 362.3 ], [ 310706.272048429760616, 5539816.311795849353075, 360.0 ], [ 310706.459750061738305, 5539807.400966863147914, 357.8 ], [ 310709.293907008017413, 5539794.167179627344012, 354.2 ], [ 310709.006299765198492, 5539788.055699839256704, 352.8 ], [ 310706.477164264651947, 5539765.216706885956228, 348.9 ], [ 310708.489537408575416, 5539747.003332383930683, 348.0 ], [ 310710.385890310513787, 5539737.698255549184978, 348.2 ], [ 310715.654300642665476, 5539730.38884375244379, 348.2 ], [ 310718.140872118296102, 5539719.504693439230323, 349.0 ], [ 310718.058769307273906, 5539700.920081587508321, 351.4 ], [ 310723.735836195060983, 5539688.921546992845833, 353.0 ], [ 310733.756351744756103, 5539671.87234235368669, 355.9 ], [ 310746.750305145396851, 5539657.72333980165422, 359.3 ], [ 310755.945020330604166, 5539643.708507328294218, 362.9 ], [ 310761.726366422954015, 5539630.593317344784737, 366.2 ], [ 310767.95329809829127, 5539626.03268826380372, 367.6 ], [ 310777.668228379334323, 5539622.684562446549535, 368.8 ], [ 310785.489778230083175, 5539622.631059568375349, 369.2 ], [ 310789.074044932727702, 5539622.50453560706228, 369.4 ], [ 310794.019278344116174, 5539624.333415994420648, 369.2 ], [ 310801.200332707958296, 5539630.535475557669997, 368.4 ], [ 310814.095919781597331, 5539652.229474803432822, 364.6 ], [ 310816.795344017504249, 5539653.469826823100448, 364.4 ], [ 310821.324327409034595, 5539651.640444979071617, 364.9 ], [ 310822.968427866348065, 5539645.349488846026361, 366.2 ], [ 310825.255181864602491, 5539628.796039610169828, 369.2 ], [ 310818.724977697245777, 5539604.428700793534517, 372.6 ], [ 310807.148185575148091, 5539581.463813235983253, 374.7 ], [ 310790.354962077981327, 5539557.124842755496502, 372.0 ], [ 310779.141854907851666, 5539546.50172761734575, 370.3 ], [ 310769.724520694464445, 5539544.051613269373775, 370.9 ], [ 310761.680992587469518, 5539541.886921442113817, 371.6 ], [ 310737.121061866055243, 5539541.529707411304116, 375.2 ], [ 310720.255123194889165, 5539541.568728809244931, 377.1 ], [ 310712.161562692839652, 5539535.955500996671617, 377.3 ], [ 310706.967879441916011, 5539529.126853710971773, 377.0 ], [ 310684.768023813492619, 5539563.078995244577527, 379.9 ], [ 310667.500188986887224, 5539586.283299686387181, 379.8 ], [ 310650.22858258348424, 5539609.37650031875819, 379.7 ], [ 310627.604259804473259, 5539641.451775772497058, 380.5 ], [ 310605.051904299354646, 5539673.524621770717204, 382.1 ], [ 310598.220256664091721, 5539677.2163988025859, 383.5 ], [ 310591.068480035639368, 5539675.910879913717508, 385.5 ], [ 310584.306520502548665, 5539667.356924553401768, 388.2 ], [ 310577.49347034713719, 5539657.357847925275564, 390.6 ], [ 310565.245085147966165, 5539645.881329144351184, 393.8 ], [ 310541.716480155359022, 5539630.017516651190817, 397.8 ], [ 310518.259420139424037, 5539614.151270197704434, 400.5 ], [ 310494.35732903535245, 5539595.852192213758826, 402.3 ], [ 310473.365569426910952, 5539570.549537863582373, 403.3 ], [ 310462.377542293514125, 5539554.131346192210913, 403.3 ], [ 310435.189898697310127, 5539526.154038032516837, 403.6 ], [ 310408.005909627245273, 5539498.288025449030101, 403.8 ], [ 310387.744172587175854, 5539477.411955844610929, 403.9 ], [ 310354.513088804262225, 5539442.970616053789854, 404.0 ], [ 310321.281588117533829, 5539408.529473163187504, 405.1 ], [ 310288.049670530250296, 5539374.088527180254459, 406.6 ], [ 310254.817336045322008, 5539339.647778098471463, 408.9 ], [ 310246.994842935528141, 5539331.57694552000612, 409.9 ], [ 310235.554149871808477, 5539318.625569606199861, 411.1 ], [ 310233.289342823787592, 5539315.477956156246364, 411.3 ], [ 310223.21547967067454, 5539300.586067105643451, 411.9 ], [ 310212.0260075093247, 5539286.624114110134542, 412.2 ], [ 310203.238225542241707, 5539281.703996211290359, 412.3 ], [ 310195.608433104702272, 5539279.080254971981049, 412.3 ], [ 310167.696154809324071, 5539263.150533342733979, 412.3 ], [ 310165.538871082360856, 5539240.743709742091596, 412.9 ], [ 310160.844839339610189, 5539217.647596441209316, 413.2 ], [ 310145.433345986879431, 5539193.929302930831909, 413.0 ], [ 310142.614592183905188, 5539191.357855287380517, 413.0 ], [ 310137.351281442097388, 5539186.646923673339188, 412.9 ], [ 310109.153898534656037, 5539174.84578169323504, 412.4 ], [ 310107.621628063032404, 5539172.117479139007628, 412.4 ], [ 310095.330980362719856, 5539161.533837117254734, 412.4 ], [ 310077.887150608585216, 5539149.351928409188986, 412.4 ], [ 310061.652530783729162, 5539140.911537117324769, 412.1 ], [ 310047.221184042165987, 5539134.744664173573256, 411.7 ], [ 310019.250190066290088, 5539113.141263260506094, 410.0 ], [ 309984.525564061594196, 5539077.196638939902186, 406.6 ], [ 309949.80048343189992, 5539041.252229580655694, 403.3 ], [ 309915.074948180583306, 5539005.308035180903971, 399.5 ], [ 309894.937875872594304, 5538981.980522801168263, 397.4 ], [ 309875.96351481473539, 5538959.057057295925915, 395.7 ], [ 309853.728273914079182, 5538943.372715628705919, 393.9 ], [ 309833.673128830851056, 5538934.511941119097173, 392.2 ], [ 309810.30131901887944, 5538933.337525107897818, 390.1 ], [ 309800.343618032871746, 5538933.913382666185498, 389.2 ], [ 309789.457828607759438, 5538934.63348897639662, 388.1 ], [ 309772.406282502808608, 5538935.572382918559015, 386.4 ], [ 309770.625743712706026, 5538935.969469440169632, 386.2 ], [ 309731.936086440109648, 5538944.131895956583321, 381.0 ], [ 309693.246530930278823, 5538952.294604519382119, 374.0 ], [ 309659.128431915771216, 5538963.857013669796288, 365.4 ], [ 309624.934827167424373, 5538975.311025951988995, 357.1 ], [ 309590.74530528835021, 5538986.876423483714461, 349.7 ], [ 309549.065689533716068, 5539005.831558717414737, 341.9 ], [ 309547.862961989361793, 5539018.451610184274614, 342.7 ], [ 309537.114961894461885, 5539025.066445747390389, 341.7 ], [ 309530.139106174232438, 5539030.76816161070019, 341.5 ], [ 309492.389730912051164, 5539041.125047857873142, 337.2 ], [ 309471.269992329995148, 5539048.776412693783641, 335.5 ], [ 309454.744858450081665, 5539062.497579667717218, 335.0 ], [ 309427.019315404002555, 5539078.175190174020827, 332.6 ], [ 309399.218284718925133, 5539093.744333741255105, 328.2 ], [ 309389.446091116056778, 5539101.549137045629323, 326.5 ], [ 309373.009372965199873, 5539113.70917937438935, 323.5 ], [ 309364.729857288533822, 5539125.133988972753286, 322.4 ], [ 309361.447998568124603, 5539139.831518822349608, 322.8 ], [ 309362.774757523904555, 5539152.918214784003794, 324.1 ], [ 309367.19234924815828, 5539180.253221875056624, 326.6 ], [ 309363.0602881872328, 5539187.189704206772149, 325.4 ], [ 309357.151762493187562, 5539194.634580308571458, 323.8 ], [ 309351.228505397797562, 5539197.627825625240803, 322.5 ], [ 309346.082000561873429, 5539200.259541409090161, 321.6 ], [ 309324.774572051712312, 5539182.429573186673224, 317.5 ], [ 309301.049247702467255, 5539165.242210276424885, 313.9 ], [ 309267.693791188648902, 5539145.726253913715482, 311.8 ], [ 309236.898254048544914, 5539129.569829419255257, 310.7 ], [ 309217.396378760924563, 5539120.135123182088137, 310.2 ], [ 309204.907487620133907, 5539114.123932963237166, 309.7 ], [ 309173.801055677584372, 5539097.311087431386113, 309.0 ], [ 309157.719959817710333, 5539089.201779874041677, 310.5 ], [ 309151.177495028357953, 5539082.867727296426892, 310.9 ], [ 309149.111189795308746, 5539079.268244216218591, 310.5 ], [ 309132.501502556726336, 5539048.249138376675546, 304.9 ], [ 309121.112972603063099, 5539018.713744096457958, 302.2 ], [ 309110.340974650927819, 5538992.384241306222975, 300.9 ], [ 309098.337368087726645, 5538951.629047426395118, 300.6 ], [ 309090.77605066250544, 5538922.736556123942137, 300.8 ], [ 309086.109312059008516, 5538898.527084954082966, 301.1 ], [ 309076.475730857695453, 5538873.937963336706161, 300.5 ], [ 309066.335361199104227, 5538853.262554339133203, 299.7 ], [ 309057.979414353671018, 5538832.301002426072955, 299.2 ], [ 309057.33458220527973, 5538830.320488855242729, 299.1 ], [ 309049.103038856468629, 5538804.791038658469915, 298.9 ], [ 309041.20968639315106, 5538780.696509251371026, 298.8 ], [ 309027.705782582168467, 5538748.231386315077543, 298.5 ], [ 309014.205692310701124, 5538715.877458017319441, 297.9 ], [ 309000.629798018548172, 5538683.41495175473392, 297.3 ], [ 308996.700356390036177, 5538673.871447206474841, 297.1 ], [ 308979.171842518029734, 5538627.191521264612675, 296.5 ], [ 308970.164125438779593, 5538596.013287726789713, 296.0 ], [ 308964.133985612483229, 5538573.855940815061331, 295.4 ], [ 308959.928405917540658, 5538550.520548119209707, 294.8 ], [ 308961.228314994019456, 5538524.540309178642929, 294.9 ], [ 308973.646493127685972, 5538476.125704146921635, 296.5 ], [ 308974.874590471561532, 5538470.294126118533313, 296.5 ], [ 308983.1770588021609, 5538427.257487809285522, 295.2 ], [ 308984.36586628225632, 5538400.168183628469706, 293.7 ], [ 308996.722417891258374, 5538400.395857388153672, 296.1 ], [ 308997.209451007947791, 5538414.068941672332585, 297.2 ], [ 309022.304748072638176, 5538415.178586495108902, 302.6 ], [ 309051.124127049813978, 5538418.047904977574944, 308.8 ], [ 309079.943466034368612, 5538420.917377501726151, 314.4 ], [ 309105.970816164975986, 5538421.994224614463747, 319.0 ], [ 309131.998148234793916, 5538423.07119772862643, 323.6 ], [ 309141.091941746533848, 5538424.417075446806848, 325.4 ], [ 309178.802686086855829, 5538441.106228169985116, 335.6 ], [ 309219.895018268085551, 5538458.009229804389179, 345.3 ], [ 309257.303160677431151, 5538472.260983065702021, 353.1 ], [ 309227.603543866367545, 5538470.868852777406573, 350.0 ], [ 309257.303160677431151, 5538472.260983065702021, 353.1 ], [ 309270.256831335485913, 5538473.135858004912734, 354.8 ], [ 309280.479007221059874, 5538469.878364856354892, 355.4 ], [ 309282.61871683516074, 5538467.464877059683204, 355.3 ], [ 309284.157675648690201, 5538462.290157590061426, 354.7 ], [ 309282.40285963693168, 5538455.340420483611524, 353.5 ], [ 309277.458651497145183, 5538443.495443905703723, 351.5 ], [ 309273.651384446071461, 5538425.265704177320004, 350.2 ], [ 309269.189038961427286, 5538398.711467811837792, 351.9 ], [ 309258.993354812497273, 5538376.479416879825294, 354.3 ], [ 309239.240825989225414, 5538356.034300860017538, 355.5 ], [ 309217.535319820686709, 5538339.220460810698569, 355.9 ], [ 309195.829677720204927, 5538322.406705556437373, 356.9 ], [ 309188.362182798446156, 5538316.328085890039802, 357.4 ], [ 309181.48807681852486, 5538310.78488062787801, 357.8 ], [ 309163.512772822519764, 5538301.963702229782939, 356.6 ], [ 309139.184935681638308, 5538288.13738255482167, 354.6 ], [ 309122.481808480806649, 5538272.704109522514045, 354.3 ], [ 309108.969183605222497, 5538258.159046314656734, 354.4 ], [ 309099.622780895209871, 5538245.691781966015697, 355.2 ], [ 309082.506202996824868, 5538208.569022826850414, 359.0 ], [ 309065.317705017456319, 5538171.448867234401405, 360.4 ], [ 309048.200697098800447, 5538134.326209349557757, 360.4 ], [ 309031.011768097581808, 5538097.206155445426702, 359.9 ], [ 309013.894330165116116, 5538060.08359881490469, 360.0 ], [ 308993.334725629247259, 5538023.083680723793805, 358.9 ], [ 308984.275833318592049, 5538004.595911785960197, 358.7 ], [ 308971.548733528645243, 5537963.755352966487408, 361.0 ], [ 308958.821468694019131, 5537922.914821702055633, 362.4 ], [ 308946.094038816052489, 5537882.074317991733551, 361.6 ], [ 308940.96735796687426, 5537861.109136649407446, 359.7 ], [ 308938.206640421936754, 5537842.063149179331958, 357.3 ], [ 308941.193733296764549, 5537827.153268366120756, 356.2 ], [ 308948.015395792084746, 5537821.122438497841358, 356.5 ], [ 308954.103264567966107, 5537818.679492873139679, 356.9 ], [ 308965.051149267004803, 5537817.621702290140092, 357.6 ], [ 308994.656802446872462, 5537828.365502757020295, 360.8 ], [ 309002.503951597842388, 5537832.983426987193525, 361.6 ], [ 309015.628989888471551, 5537840.641235389746726, 362.9 ], [ 309036.751487094326876, 5537857.141250336542726, 364.9 ], [ 309054.762180327321403, 5537874.97647518850863, 366.8 ], [ 309070.674357035488356, 5537888.322992072440684, 367.5 ], [ 309085.391146350186318, 5537902.379929074086249, 368.5 ], [ 309111.424989205261227, 5537919.707117409445345, 369.4 ], [ 309126.568870898918249, 5537929.630704486742616, 370.2 ], [ 309146.715958327171393, 5537940.934537967666984, 371.0 ], [ 309179.685837423661724, 5537955.455215685069561, 372.2 ], [ 309222.4107104948489, 5537973.747309310361743, 374.6 ], [ 309265.06752430240158, 5537992.153449886478484, 375.8 ], [ 309300.901641168922652, 5538004.458193754777312, 375.7 ], [ 309334.393523128936067, 5538015.510792825371027, 376.2 ], [ 309367.809598383260891, 5538026.454983273521066, 376.1 ], [ 309391.518014664179645, 5538034.96180160716176, 374.1 ], [ 309430.279042765381746, 5538048.832901352085173, 370.2 ], [ 309434.318326405598782, 5538049.357189024798572, 369.6 ], [ 309452.312461816065479, 5538062.742074363864958, 369.6 ], [ 309471.428879032609984, 5538079.4262525299564, 369.8 ], [ 309510.3915276984917, 5538109.095849741250277, 369.4 ], [ 309549.278091821353883, 5538138.657103484496474, 369.4 ], [ 309558.552508970664348, 5538149.12418710719794, 369.9 ], [ 309563.322597135207616, 5538156.078220672905445, 370.5 ], [ 309573.296231555985287, 5538159.953586735762656, 369.5 ], [ 309600.155443554744124, 5538166.234622098505497, 366.3 ], [ 309612.205198927375022, 5538167.921579324640334, 365.1 ], [ 309631.764930092147551, 5538166.781982325948775, 363.0 ], [ 309646.965751546784304, 5538168.245855088345706, 362.1 ], [ 309659.856215191248339, 5538169.346558986231685, 361.3 ], [ 309655.106678545707837, 5538160.944773538969457, 360.2 ], [ 309645.901597249438055, 5538146.35684659332037, 358.5 ], [ 309636.535919188114349, 5538135.33634455408901, 357.5 ], [ 309597.991266087454278, 5538109.324060483835638, 356.8 ], [ 309582.304105723975226, 5538096.190713572315872, 356.2 ], [ 309563.113108755263966, 5538077.394046067260206, 353.8 ], [ 309543.850273192394525, 5538058.599990910850465, 351.1 ], [ 309539.923485910752788, 5538055.177733884193003, 350.7 ], [ 309514.240357530128676, 5538031.491827468387783, 348.3 ], [ 309488.553056684555486, 5538007.694875739514828, 345.6 ], [ 309462.869480740861036, 5537984.009205394424498, 341.7 ], [ 309449.468996721552685, 5537968.568893134593964, 338.8 ], [ 309425.083110571780708, 5537947.063350060023367, 335.2 ], [ 309422.343002145295031, 5537944.712038815952837, 334.9 ], [ 309396.972139925113879, 5537925.801598027348518, 332.6 ], [ 309368.08224760054145, 5537910.911981073208153, 330.4 ], [ 309352.248796725471038, 5537903.794845047406852, 328.8 ], [ 309332.627158659277484, 5537895.14287069067359, 326.7 ], [ 309298.447926988243125, 5537874.876461911946535, 322.1 ], [ 309266.901916565082502, 5537853.960089615546167, 318.7 ], [ 309238.458947930950671, 5537833.49003695230931, 316.7 ], [ 309210.024200053187087, 5537811.238967102020979, 314.6 ], [ 309184.059531044156756, 5537787.787113776430488, 311.0 ], [ 309162.69943256553961, 5537766.620220446959138, 308.2 ], [ 309142.458854430937208, 5537744.63443614076823, 306.6 ], [ 309122.285870081279427, 5537722.53500933945179, 304.8 ], [ 309105.480695685604587, 5537710.333145778626204, 303.3 ], [ 309085.972680309321731, 5537704.905781688168645, 302.8 ], [ 309064.505623498465866, 5537694.873454340733588, 301.2 ], [ 309044.471774422214366, 5537688.7971296235919, 300.4 ], [ 309027.067933518497739, 5537679.95593293197453, 298.6 ], [ 309001.496779011213221, 5537671.628234750591218, 296.9 ], [ 308975.853827050945256, 5537663.303210576996207, 294.5 ], [ 308954.695664822938852, 5537659.938551531173289, 292.9 ], [ 308950.604109810083173, 5537659.972986986860633, 292.8 ], [ 308931.504904566216283, 5537659.985509473830462, 292.3 ], [ 308901.442068562784698, 5537658.60784515272826, 290.2 ], [ 308866.772146454197355, 5537664.963216583244503, 288.1 ], [ 308832.10229337378405, 5537671.318814091384411, 284.7 ], [ 308813.950048102647997, 5537677.753659875132143, 284.1 ], [ 308795.173010505444836, 5537680.760405868291855, 282.3 ], [ 308779.533966237446293, 5537691.224043728783727, 283.5 ], [ 308768.444157765305135, 5537704.419444632716477, 285.8 ], [ 308747.419297270709649, 5537734.998719525523484, 287.9 ], [ 308733.8439162124414, 5537746.947182295843959, 285.7 ], [ 308719.901064459700137, 5537764.696624585427344, 284.0 ], [ 308701.091150022461079, 5537798.981475904583931, 280.7 ], [ 308694.213188955676742, 5537809.46682501770556, 279.2 ], [ 308688.822014257311821, 5537815.335661969147623, 278.1 ], [ 308682.550836264621466, 5537818.67589065618813, 277.0 ], [ 308677.98914386134129, 5537819.617748396471143, 276.4 ], [ 308673.599291907274164, 5537817.325646406039596, 276.0 ], [ 308669.202161737601273, 5537810.804232263937593, 275.6 ], [ 308666.625212747079786, 5537807.000501953065395, 275.5 ], [ 308660.809721428900957, 5537800.974911793135107, 275.5 ], [ 308650.94670157355722, 5537794.203293864615262, 275.6 ], [ 308639.892021597945131, 5537790.256826168857515, 275.9 ], [ 308619.43529992736876, 5537786.423257189802825, 275.7 ], [ 308593.20538315246813, 5537785.801021830178797, 274.3 ], [ 308581.190032272948883, 5537785.116792441345751, 273.9 ], [ 308554.187434690655209, 5537782.964057497680187, 272.8 ], [ 308519.425270029110834, 5537772.629317147657275, 272.4 ], [ 308484.730701627093367, 5537762.181075021624565, 271.4 ], [ 308443.880739323387388, 5537752.286802657879889, 270.5 ], [ 308403.030609615612775, 5537742.392837607301772, 268.1 ], [ 308362.144782442948781, 5537729.49521498195827, 266.0 ], [ 308363.653824891254772, 5537737.566559691913426, 266.1 ], [ 308364.067335744621232, 5537745.120523325167596, 266.3 ], [ 308367.540158790303394, 5537755.904327101074159, 267.3 ], [ 308373.901047060557175, 5537769.144959285855293, 269.2 ], [ 308383.277953167213127, 5537780.385658620856702, 271.0 ], [ 308395.746548423834611, 5537789.735041831620038, 272.3 ], [ 308408.063968807342462, 5537796.863753166981041, 273.1 ], [ 308422.87930939119542, 5537803.569349835626781, 273.8 ], [ 308432.121055849362165, 5537811.030586282722652, 274.9 ], [ 308433.196229997556657, 5537814.999159577302635, 275.8 ], [ 308429.07252927555237, 5537818.151684892363846, 276.8 ], [ 308418.857905557611957, 5537817.626111255958676, 277.3 ], [ 308408.28518973122118, 5537813.106371189467609, 276.9 ], [ 308375.838569381623529, 5537793.228913241997361, 274.1 ], [ 308368.408903194474988, 5537790.26652563828975, 273.8 ], [ 308362.839519215573091, 5537789.129862612113357, 273.8 ], [ 308357.421284853830002, 5537790.213904256932437, 274.4 ], [ 308352.24180627358146, 5537793.960740111768246, 275.7 ], [ 308348.468530587910209, 5537798.88168740645051, 277.1 ], [ 308345.069495850009844, 5537806.237974830903113, 278.7 ], [ 308340.694127480848692, 5537816.411780239082873, 279.5 ], [ 308337.593567184405401, 5537866.275930589996278, 281.8 ], [ 308337.997151398099959, 5537893.642547852359712, 282.2 ], [ 308341.547587206587195, 5537924.681079629808664, 283.3 ], [ 308346.62434914446203, 5537950.211121034808457, 284.8 ], [ 308356.475658072740771, 5537994.826320294290781, 288.9 ], [ 308361.783119890606031, 5538022.796838092617691, 292.5 ], [ 308364.430256576393731, 5538042.62584862112999, 295.1 ], [ 308363.686467442545108, 5538070.033468418754637, 296.2 ], [ 308362.938727087690495, 5538097.329926393926144, 296.9 ], [ 308364.907694235444069, 5538126.310186679475009, 299.5 ], [ 308371.235228854464367, 5538150.682496640831232, 305.4 ], [ 308380.689122768584639, 5538182.17792793456465, 312.8 ], [ 308384.821907179953996, 5538203.400825867429376, 308.6 ], [ 308390.01163877081126, 5538212.008489577099681, 307.5 ], [ 308395.313201625016518, 5538217.718230611644685, 307.6 ], [ 308402.949240056914277, 5538222.454128249548376, 308.6 ], [ 308438.079288333305158, 5538233.108735200017691, 315.3 ], [ 308464.652757841395214, 5538241.397854556329548, 320.1 ], [ 308472.62712930055568, 5538247.568725666031241, 321.3 ], [ 308478.816812303848565, 5538254.025956718251109, 322.2 ], [ 308483.444622821698431, 5538262.987683079205453, 323.1 ], [ 308488.593709181761369, 5538276.494298689998686, 324.9 ], [ 308488.138444004347548, 5538285.860172543674707, 325.8 ], [ 308483.365311798872426, 5538292.931545681320131, 325.9 ], [ 308475.214173642569222, 5538299.900961346924305, 325.5 ], [ 308466.385489433479961, 5538310.011130250059068, 325.6 ], [ 308459.23358339141123, 5538322.844047251157463, 326.6 ], [ 308459.794603661401197, 5538328.500562355853617, 327.6 ], [ 308466.104505073803011, 5538328.275182298384607, 328.4 ], [ 308472.031830701744184, 5538329.399133679457009, 329.3 ], [ 308475.672823288245127, 5538328.823870472609997, 329.6 ], [ 308480.294082638574764, 5538325.542280208319426, 329.7 ], [ 308488.493311099242419, 5538315.899833731353283, 329.5 ], [ 308494.462060666701291, 5538304.110958176665008, 328.8 ], [ 308506.884690603124909, 5538288.084642924368382, 328.5 ], [ 308515.474812514730729, 5538275.311748672276735, 328.2 ], [ 308519.567453988653142, 5538263.255985858850181, 327.7 ], [ 308518.291248344932683, 5538243.600589246489108, 327.0 ], [ 308520.659561126143672, 5538227.488120023161173, 328.3 ], [ 308525.623586012399755, 5538223.749117844738066, 329.2 ], [ 308535.892984842299484, 5538225.831159665249288, 330.5 ], [ 308550.931883626501076, 5538248.89086458273232, 331.8 ], [ 308553.986316494410858, 5538256.016633877530694, 332.3 ], [ 308553.35207553987857, 5538262.383653345517814, 332.3 ], [ 308544.980924900854006, 5538275.259967071004212, 331.6 ], [ 308541.785462707863189, 5538280.271468608640134, 331.5 ], [ 308539.470562308037188, 5538283.804569667205215, 331.5 ], [ 308537.202245156629942, 5538296.685618632473052, 332.2 ], [ 308539.513203870737925, 5538323.204974576830864, 334.2 ], [ 308541.899824511318002, 5538349.832934962585568, 335.9 ], [ 308542.847627407638356, 5538382.411427180282772, 337.6 ], [ 308543.795437962282449, 5538414.989920675754547, 338.6 ], [ 308548.817309930571355, 5538455.102992709726095, 339.4 ], [ 308553.843104653991759, 5538495.327232887037098, 339.9 ], [ 308557.430036627105437, 5538511.33837890252471, 339.4 ], [ 308559.503298719180748, 5538527.180958663113415, 338.4 ], [ 308566.600629057211336, 5538565.105149409733713, 335.4 ], [ 308572.450676910520997, 5538576.138089636340737, 334.9 ], [ 308577.642965055420063, 5538590.867578516714275, 334.0 ], [ 308592.234738666447811, 5538613.498085608705878, 334.1 ], [ 308606.822428329382092, 5538636.017466759309173, 336.3 ], [ 308613.613547848304734, 5538667.385641926899552, 339.8 ], [ 308614.086003518139478, 5538678.610569515265524, 340.9 ], [ 308614.224879787012469, 5538682.501282807439566, 341.3 ], [ 308609.403003420564346, 5538698.25608117133379, 342.1 ], [ 308597.811865676660091, 5538727.497811801731586, 343.7 ], [ 308587.157697543269023, 5538750.80696602165699, 344.7 ], [ 308576.503630267339759, 5538774.116144427098334, 344.5 ], [ 308556.881298959371634, 5538815.665666439570487, 343.8 ], [ 308541.566994355875067, 5538841.144826787523925, 342.2 ], [ 308533.699742444208823, 5538845.989274580962956, 341.2 ], [ 308555.862385037180502, 5538873.580636518076062, 343.1 ], [ 308575.8342470129719, 5538900.137246917933226, 343.3 ], [ 308592.40129847539356, 5538919.80326372385025, 342.5 ], [ 308601.24286325275898, 5538926.165913945995271, 342.6 ], [ 308612.071767254441511, 5538933.904598054476082, 342.7 ], [ 308637.64465956913773, 5538950.466637834906578, 342.6 ], [ 308672.69185722473776, 5538975.038540120236576, 342.4 ], [ 308694.21803361462662, 5538988.851317723281682, 342.2 ], [ 308715.819758138852194, 5539002.772784509696066, 342.3 ], [ 308742.264532148838043, 5539017.634605233557522, 343.7 ], [ 308769.312621916411445, 5538995.076633061282337, 348.9 ], [ 308796.364903955778573, 5538972.629966929554939, 351.8 ], [ 308817.059316239668988, 5538957.08844690490514, 352.5 ], [ 308837.753847626969218, 5538941.5470100203529, 348.6 ], [ 308866.111598186544143, 5538971.812569009140134, 348.5 ], [ 308894.544693741714582, 5539002.18687887955457, 349.6 ], [ 308910.872136452060658, 5539017.187540371902287, 349.6 ], [ 308921.121737660199869, 5539030.846599864773452, 349.8 ], [ 308930.363234363030642, 5539046.433781696483493, 350.1 ], [ 308937.485187658166979, 5539064.99043145403266, 350.8 ], [ 308944.733482366777025, 5539089.107812954112887, 351.6 ], [ 308951.910029185004532, 5539113.227758251130581, 352.6 ], [ 308958.127178674505558, 5539134.599285365082324, 353.7 ], [ 308959.252120574121363, 5539146.023564917966723, 354.7 ], [ 308958.404944151174277, 5539160.523344393819571, 356.3 ], [ 308956.316403473727405, 5539168.389089226722717, 357.2 ], [ 308952.831461173947901, 5539209.584660277701914, 362.0 ], [ 308970.259696825873107, 5539233.339289701543748, 366.7 ], [ 308984.653398675960489, 5539254.53078368678689, 371.9 ], [ 308999.043032153800596, 5539275.611150657758117, 377.2 ], [ 309010.303154505440034, 5539291.46042952593416, 380.8 ], [ 309022.127596866805106, 5539313.077457966282964, 384.8 ], [ 309038.5872046413715, 5539337.868523277342319, 388.8 ], [ 309047.680568391107954, 5539353.349835999310017, 391.0 ], [ 309061.162768972106278, 5539369.120052432641387, 393.3 ], [ 309070.806620719609782, 5539379.907003493979573, 394.7 ], [ 309090.115289724082686, 5539396.026287576183677, 396.9 ], [ 309109.423843429191038, 5539412.145638615824282, 398.5 ], [ 309134.507355120324064, 5539445.311606427654624, 400.2 ], [ 309159.514924662304111, 5539478.369074016809464, 400.8 ], [ 309184.593886679562274, 5539511.424100084230304, 400.9 ], [ 309196.025473117595538, 5539522.036305448040366, 400.7 ], [ 309214.663878893072251, 5539539.515497823245823, 400.4 ], [ 309232.174958370742388, 5539557.591389835812151, 400.2 ], [ 309249.753653144231066, 5539575.553621989674866, 400.2 ], [ 309280.817176960990764, 5539609.397815185599029, 402.0 ], [ 309296.94996675173752, 5539627.077717351727188, 403.3 ], [ 309320.846902692108415, 5539651.1597103131935, 404.1 ], [ 309345.608317047124729, 5539673.318877974525094, 404.5 ], [ 309370.365575698437169, 5539695.366991979070008, 405.7 ], [ 309390.775709642912261, 5539710.223724346607924, 406.8 ], [ 309401.932663596409839, 5539717.173052354715765, 407.4 ], [ 309410.298383423010819, 5539722.329481389373541, 407.9 ], [ 309430.073219006997533, 5539729.41765558347106, 408.6 ], [ 309442.653003145533148, 5539731.975617275573313, 408.8 ], [ 309457.781793795060366, 5539733.552560216747224, 409.1 ], [ 309500.804224487976171, 5539732.357242402620614, 409.0 ], [ 309513.46354363753926, 5539735.135148586705327, 409.3 ], [ 309518.264088066644035, 5539742.978431620635092, 410.4 ], [ 309519.715797140845098, 5539749.493775214068592, 411.2 ], [ 309535.546124136541039, 5539748.597315072081983, 411.0 ], [ 309532.238331092055887, 5539770.641735878773034, 413.2 ], [ 309530.779698924277909, 5539788.168290752917528, 413.8 ], [ 309536.105662535817828, 5539796.660738579928875, 413.9 ], [ 309540.142472730134614, 5539801.192057703621686, 414.0 ], [ 309548.838106679962948, 5539807.561307366937399, 414.4 ], [ 309575.274807145469822, 5539828.437568700872362, 415.3 ], [ 309613.325422121793963, 5539857.026577597483993, 417.2 ], [ 309651.37563077872619, 5539885.61584747210145, 418.7 ], [ 309689.421485936443787, 5539914.094214687123895, 419.0 ], [ 309691.579200858832337, 5539916.24367512576282, 419.0 ], [ 309722.399948036647402, 5539947.427486295811832, 419.0 ], [ 309753.292025338567328, 5539978.608922552317381, 419.0 ], [ 309784.108125166269019, 5540009.681909495964646, 419.1 ], [ 309814.999500195030123, 5540040.863685986027122, 418.8 ], [ 309845.818843934219331, 5540072.048176020383835, 418.5 ], [ 309876.70951607968891, 5540103.230292752385139, 418.3 ], [ 309875.825009032501839, 5540104.597313904203475, 418.2 ] ] ] } },
{ "type": "Feature", "properties": { "name": "Klausnerweg", "km": 16.707, "darstell": "F1", "height": 489, "link": "https://www.naturpark-suedeifel.de/a-klausnerweg", "erlebnis": 59, "datum": null }, "geometry": { "type": "MultiLineString", "coordinates": [ [ [ 312529.043552362243645, 5531064.224607209675014, 286.15832 ], [ 312575.552650535479188, 5531000.275534053333104, 286.15832 ], [ 312621.792166286672, 5530955.368327881209552, 287.6949 ], [ 312657.538947610068135, 5530924.962141702882946, 288.94487 ], [ 312689.96489048388321, 5530908.584207113832235, 289.1864 ], [ 312760.462895081844181, 5530870.735162327066064, 289.1864 ], [ 312803.139214766502846, 5530836.972301771864295, 284.12199 ], [ 312843.941705261706375, 5530780.347688178531826, 277.02361 ], [ 312908.665784932207316, 5530772.752204651013017, 277.18786 ], [ 312930.940332167432643, 5530753.835420170798898, 273.06187 ], [ 312963.160903181065805, 5530733.570971286855638, 269.8798 ], [ 312968.698993711150251, 5530721.246819721534848, 268.22361 ], [ 312975.794595576240681, 5530699.964667038992047, 266.04746 ], [ 312990.488354406203143, 5530690.43833558820188, 264.45383 ], [ 313004.869112952961586, 5530700.845221721567214, 264.45383 ], [ 313015.231006306712516, 5530709.388582175597548, 265.16898 ], [ 313033.389078717387747, 5530712.652391346171498, 265.16898 ], [ 313088.765666660387069, 5530721.522420129738748, 265.42415 ], [ 313104.878355504188221, 5530723.855909693054855, 265.02629 ], [ 313196.505427366471849, 5530638.088193939998746, 262.88897 ], [ 313249.44024248002097, 5530584.940823847427964, 261.11397 ], [ 313236.238780510146171, 5530579.500706725753844, 262.01534 ], [ 313223.582239956711419, 5530564.915300704538822, 262.34121 ], [ 313206.80635299248388, 5530545.575973189435899, 261.75803 ], [ 313149.352256013196893, 5530410.788122444413602, 253.82747 ], [ 313138.711857781512663, 5530394.240751209668815, 252.33313 ], [ 313078.566042425693013, 5530316.531381453387439, 247.77354 ], [ 313068.963141975458711, 5530302.953087201341987, 247.12433 ], [ 313057.692595758417156, 5530146.304186265915632, 231.42619 ], [ 313064.726235315320082, 5530145.948323331773281, 231.55989 ], [ 313142.324501696624793, 5530158.943713103421032, 231.69605 ], [ 313168.275341787724756, 5530158.82091299444437, 231.69605 ], [ 313180.960261359694414, 5530149.365027825348079, 230.86034 ], [ 313192.15208809194155, 5530154.87489827349782, 230.93272 ], [ 313212.426840858766809, 5530161.070891954936087, 231.22405 ], [ 313220.363106906646863, 5530159.7934933276847, 231.42078 ], [ 313215.331402144394815, 5530132.923057441599667, 231.12941 ], [ 313226.695997948758304, 5530116.50143023300916, 230.90433 ], [ 313217.536265126313083, 5530088.772725312970579, 229.69552 ], [ 313177.129429264343344, 5529954.28261505253613, 233.7984 ], [ 313154.650901500426698, 5529868.140508476644754, 238.19263 ], [ 313176.098688401747495, 5529854.262151470407844, 240.03426 ], [ 313304.508411387563683, 5529887.19777197856456, 238.9052 ], [ 313300.74693635024596, 5529818.212855874560773, 233.45943 ], [ 313600.121830175281502, 5529896.307044914923608, 229.56052 ], [ 313614.370866966200992, 5529900.821434509009123, 229.56052 ], [ 313661.947442145319656, 5529889.823465898633003, 228.5566 ], [ 313719.579597214469686, 5529880.592175146564841, 226.74198 ], [ 313734.481021884363145, 5529876.959623049013317, 226.72702 ], [ 313804.408223135920707, 5529824.120284272357821, 215.38231 ], [ 313825.266280833748169, 5529795.240015641786158, 208.71273 ], [ 313835.658502419129945, 5529754.813465184532106, 200.30408 ], [ 313934.28420084528625, 5529718.789869112893939, 191.36594 ], [ 314060.790060979430564, 5529777.852604224346578, 188.0122 ], [ 314061.446891279600095, 5529769.816564129665494, 188.12154 ], [ 314061.96533764177002, 5529757.778646717779338, 188.90112 ], [ 314069.656322583148722, 5529749.388072547502816, 189.56057 ], [ 314110.273564000846818, 5529713.815810949541628, 191.4426 ], [ 314117.371440730406903, 5529692.424172625876963, 193.54034 ], [ 314071.998691926244646, 5529609.185203751549125, 206.00592 ], [ 314064.134509314375464, 5529612.573421961627901, 206.03188 ], [ 314017.48722449032357, 5529621.420872568152845, 207.1312 ], [ 313945.537163318949752, 5529624.243800539523363, 207.8111 ], [ 313920.482966137817129, 5529623.330009965226054, 206.90247 ], [ 313882.533582408388611, 5529625.8676553145051, 202.41012 ], [ 313842.016593519889284, 5529614.471109138801694, 202.62966 ], [ 313794.60486230161041, 5529603.313607814721763, 202.62966 ], [ 313783.824048936949112, 5529584.766537415795028, 204.64327 ], [ 313768.364864105882589, 5529574.394857617095113, 204.64327 ], [ 313743.380344947625417, 5529600.413225673139095, 204.63885 ], [ 313737.074928744230419, 5529617.660009795799851, 204.63885 ], [ 313714.096984699310269, 5529618.567296790890396, 208.22747 ], [ 313705.845388664049096, 5529612.843152157031, 209.65958 ], [ 313673.611805898253806, 5529581.127478105016053, 216.45736 ], [ 313646.157530802185647, 5529546.241335171274841, 222.92046 ], [ 313612.115229588234797, 5529495.556936600245535, 228.79838 ], [ 313587.98734375461936, 5529467.456147872842848, 232.35916 ], [ 313557.480825803475454, 5529431.674533577635884, 237.6244 ], [ 313517.334656090766657, 5529379.19893616437912, 238.40979 ], [ 313495.151257145567797, 5529349.139034550637007, 239.79409 ], [ 313438.534351963549852, 5529259.282977315597236, 242.89871 ], [ 313425.810063463053666, 5529242.807286444120109, 244.22962 ], [ 313419.290967471664771, 5529229.010052821598947, 245.06458 ], [ 313388.015938609198201, 5529173.222489893436432, 249.60938 ], [ 313354.032404290046543, 5529099.498973530717194, 257.62445 ], [ 313286.073036175570451, 5528977.205297817476094, 271.96015 ], [ 313254.630855565075763, 5528966.388160018250346, 276.31756 ], [ 313227.59689288912341, 5528966.547817514277995, 280.29981 ], [ 313197.403334870003164, 5528962.699358376674354, 283.95265 ], [ 313182.529818903771229, 5528940.288771034218371, 289.13211 ], [ 313153.750954710529186, 5528896.435740395449102, 300.18423 ], [ 313137.424355986469891, 5528888.099177228286862, 301.93161 ], [ 313107.885920655506197, 5528876.21503318566829, 304.80704 ], [ 313030.456935320980847, 5528891.371395582333207, 308.46679 ], [ 313037.93682787095895, 5528878.979978940449655, 308.06651 ], [ 313049.68128149129916, 5528846.518137121573091, 315.14205 ], [ 313059.831951431522612, 5528826.13182438723743, 322.08833 ], [ 313085.375878747203387, 5528814.114349740557373, 327.25882 ], [ 313133.793263702420518, 5528798.074657657183707, 334.5414 ], [ 313167.380042926233727, 5528787.781516075134277, 334.5414 ], [ 313184.427725784480572, 5528763.037913084030151, 333.16116 ], [ 313198.25409609277267, 5528732.507506526075304, 331.51039 ], [ 313222.603965558344498, 5528667.443534225225449, 314.59648 ], [ 313230.677271286840551, 5528643.123053298331797, 314.11576 ], [ 313253.164398992725182, 5528605.169109563343227, 329.19513 ], [ 313263.388187526841648, 5528584.78072346188128, 341.55093 ], [ 313221.193942138692364, 5528556.418117905035615, 341.55093 ], [ 313154.841040016966872, 5528524.109154936857522, 343.24599 ], [ 313128.03966925945133, 5528504.11633220128715, 354.0743 ], [ 313091.947605089866556, 5528477.546024546958506, 363.38951 ], [ 313050.861579181801062, 5528452.151170873083174, 369.29502 ], [ 313008.016967541654594, 5528456.867982741445303, 374.87642 ], [ 312984.405644629267044, 5528441.773308554664254, 378.74822 ], [ 312993.812063251447398, 5528476.504914517514408, 377.97774 ], [ 313012.40592312370427, 5528541.746479163877666, 377.97774 ], [ 313028.065589972771704, 5528632.243250734172761, 375.03892 ], [ 313018.220123549574055, 5528636.592190661467612, 374.62501 ], [ 312963.708121594740078, 5528673.879960406571627, 374.53349 ], [ 312911.263611937989481, 5528689.949914469383657, 376.2526 ], [ 312836.148507668985985, 5528689.001618190668523, 383.97653 ], [ 312817.150356796453707, 5528688.661044115200639, 385.45534 ], [ 312714.90910708514275, 5528734.847004497423768, 388.53792 ], [ 312709.051707722363062, 5528738.055995684117079, 388.53792 ], [ 312659.996253996156156, 5528713.052920065820217, 393.65272 ], [ 312630.211731783230789, 5528694.168092243373394, 395.35802 ], [ 312580.535425850772299, 5528678.202442687004805, 395.77717 ], [ 312526.421622731606476, 5528677.305805454961956, 395.93895 ], [ 312517.411741524119861, 5528676.729460151866078, 396.32587 ], [ 312439.576817622990347, 5528731.864342814311385, 397.0124 ], [ 312378.440472534683067, 5528754.36409739498049, 393.32984 ], [ 312340.036029347451404, 5528770.840409486554563, 390.62198 ], [ 312296.024969208752736, 5528795.637430814094841, 390.56134 ], [ 312238.174927696003579, 5528800.99554374627769, 391.24004 ], [ 312223.681091239443049, 5528789.592615791596472, 394.25608 ], [ 312203.201717167336028, 5528802.439129731617868, 393.72206 ], [ 312187.674781977781095, 5528815.001495666801929, 393.72206 ], [ 312208.17672049329849, 5528852.238346804864705, 390.00044 ], [ 312214.596543249266688, 5528861.029361361637712, 389.55342 ], [ 312224.167008891236037, 5528875.609192810021341, 389.55342 ], [ 312229.614137153024785, 5528887.439234293065965, 390.09874 ], [ 312249.415084800857585, 5528906.67037365026772, 389.41323 ], [ 312287.071346573997289, 5528947.092821611091495, 387.78364 ], [ 312336.876484014792368, 5529016.251695173792541, 387.78364 ], [ 312342.109917314024642, 5529021.967889197170734, 387.78364 ], [ 312333.111405133968219, 5529046.433571956120431, 388.92265 ], [ 312316.719035107817035, 5529063.032529142685235, 389.02981 ], [ 312321.441545266774483, 5529080.898033109493554, 386.77136 ], [ 312319.266781941754743, 5529101.007597812451422, 385.54522 ], [ 312317.371354103903286, 5529129.120886705815792, 385.36793 ], [ 312283.576561849331483, 5529135.420075916685164, 385.36793 ], [ 312280.22182734857779, 5529150.562433588318527, 382.03425 ], [ 312296.525295907340478, 5529182.937661334872246, 372.38941 ], [ 312302.076767786347773, 5529197.769165393896401, 367.59237 ], [ 312306.484999072330538, 5529206.63046960439533, 364.67088 ], [ 312299.808484405453783, 5529239.919064122252166, 354.65134 ], [ 312292.301148288068362, 5529278.245094387792051, 341.64109 ], [ 312202.033220841549337, 5529246.782784986309707, 334.0025 ], [ 312099.689622782578226, 5529190.812968439422548, 333.67944 ], [ 311998.88831350451801, 5529172.85517705976963, 331.14285 ], [ 311925.707342503359541, 5529144.806760877370834, 331.14285 ], [ 311872.216465131146833, 5529134.879977585747838, 332.58465 ], [ 311841.654441818362102, 5529145.1869409782812, 332.58465 ], [ 311801.87520024535479, 5529177.742493510246277, 332.58465 ], [ 311765.31529742735438, 5529189.261497657746077, 335.09999 ], [ 311706.263915356248617, 5529213.588475531898439, 335.65497 ], [ 311669.774499088758603, 5529227.109069207683206, 335.20971 ], [ 311584.113281750003807, 5529261.607194165699184, 326.74881 ], [ 311463.019807140226476, 5529288.444888514466584, 330.33431 ], [ 311425.104922377795447, 5529289.996854311786592, 333.33765 ], [ 311352.128703078138642, 5529267.847821837291121, 335.9949 ], [ 311311.39200529496884, 5529250.467359378933907, 336.15762 ], [ 311276.421608439064585, 5529251.917047255672514, 336.15762 ], [ 311246.103106771479361, 5529269.119521738030016, 335.13573 ], [ 311298.333828338771127, 5529323.047599334269762, 332.33637 ], [ 311331.146843750495464, 5529368.753382149152458, 331.56297 ], [ 311386.10993518185569, 5529416.576181503944099, 327.36697 ], [ 311476.677957638166845, 5529479.066940085962415, 327.36697 ], [ 311498.586851240252145, 5529550.198240892030299, 331.72676 ], [ 311590.002075327851344, 5529583.611920236609876, 319.21204 ], [ 311654.834471933660097, 5529627.975038497708738, 318.78592 ], [ 311684.807194565772079, 5529676.898571327328682, 321.48061 ], [ 311767.975172663689591, 5529729.52474819496274, 321.48061 ], [ 311788.4772288169479, 5529766.76003116928041, 324.85381 ], [ 311842.067183733684942, 5529779.687234912067652, 321.55429 ], [ 311886.744105785095599, 5529796.822233625687659, 320.62494 ], [ 311902.978425049979705, 5529827.195376282557845, 321.33469 ], [ 311952.558731468801852, 5529865.30612678360194, 318.52339 ], [ 311960.447266636183485, 5529911.998332040384412, 318.52339 ], [ 311898.706045476836152, 5529945.544237233698368, 318.98731 ], [ 311830.899973635328934, 5529976.298077484592795, 316.90191 ], [ 311787.237798141315579, 5529986.062456214800477, 316.44294 ], [ 311744.859255920746364, 5530001.681104562245309, 312.60532 ], [ 311641.582535294583067, 5529996.839480250142515, 297.54088 ], [ 311510.141724915243685, 5530013.132297480478883, 297.54088 ], [ 311450.52458594169002, 5530000.531139429658651, 295.63631 ], [ 311488.803735317022074, 5530030.018813887611032, 289.35172 ], [ 311610.184413887443952, 5530063.160908988676965, 285.88332 ], [ 311669.940575442509726, 5530079.765671752393246, 285.33706 ], [ 311748.127593191922642, 5530082.703704589046538, 285.33706 ], [ 311826.450631292769685, 5530089.533570798113942, 285.33706 ], [ 311903.828633378841914, 5530073.470050758682191, 284.80322 ], [ 311981.801602275401819, 5530070.297524629160762, 280.73515 ], [ 312044.979487183445599, 5530073.764760876074433, 273.49339 ], [ 312054.751595315756276, 5530067.413016545586288, 273.49339 ], [ 312151.554055343964137, 5530010.495338870212436, 270.73424 ], [ 312164.443538018269464, 5530006.928656289353967, 268.14371 ], [ 312230.013499772117939, 5530095.346581984311342, 256.43033 ], [ 312202.057477347785607, 5530122.47817072365433, 254.50727 ], [ 312165.234045568038709, 5530153.036080526188016, 248.78585 ], [ 312156.67897673684638, 5530163.351854760199785, 247.17749 ], [ 311963.723763830785174, 5530168.093636626377702, 255.56098 ], [ 311943.231140050513204, 5530431.141926437616348, 228.90766 ], [ 311939.631697988254018, 5530441.284747201018035, 228.90766 ], [ 311912.895745623623952, 5530548.39933848939836, 237.71732 ], [ 311919.860954668722115, 5530548.155638944357634, 237.71732 ], [ 311954.651738999411464, 5530541.818758828565478, 234.42601 ], [ 311974.610017179045826, 5530541.00933790486306, 233.05656 ], [ 311997.795927394065075, 5530544.093870711512864, 231.82408 ], [ 312074.896650081966072, 5530544.959547515958548, 221.74648 ], [ 312076.92951711290516, 5530520.84794282913208, 221.85508 ], [ 312086.384185812203214, 5530507.495478489436209, 221.85508 ], [ 312097.226854519918561, 5530502.998418384231627, 221.85508 ], [ 312113.959577238478232, 5530496.29213843587786, 221.85508 ], [ 312139.049384440877475, 5530498.309054502286017, 220.505 ], [ 312149.277149733738042, 5530502.960084374062717, 219.56715 ], [ 312162.549963445519097, 5530510.398497712798417, 218.53919 ], [ 312248.565711635514162, 5530608.007552024908364, 212.50798 ], [ 312310.964576207334176, 5530667.599190102890134, 207.74413 ], [ 312331.811288853175938, 5530638.712823646143079, 206.7402 ], [ 312352.6951160946046, 5530608.823570936918259, 206.53084 ], [ 312372.540899976389483, 5530580.083630439825356, 206.1942 ], [ 312383.651689436112065, 5530558.549134556204081, 206.1942 ], [ 312379.075740077532828, 5530542.793168782256544, 207.47491 ], [ 312389.637240049196407, 5530532.296406266279519, 207.47491 ], [ 312420.909165521152318, 5530563.147741246968508, 206.1794 ], [ 312417.76478886755649, 5530584.292857562191784, 207.1701 ], [ 312430.803706354636233, 5530609.77039666287601, 209.01148 ], [ 312466.615718198940158, 5530655.377520366571844, 215.37577 ], [ 312471.50746593659278, 5530678.134321188554168, 218.29643 ], [ 312444.360466547310352, 5530724.268590200692415, 223.1727 ], [ 312425.524045713420492, 5530753.084358954802155, 226.45926 ], [ 312423.010241900105029, 5530790.234453544020653, 230.40226 ], [ 312472.749022750533186, 5530833.240911766886711, 237.57214 ], [ 312510.73548374947859, 5530856.735307171940804, 243.79683 ], [ 312466.026714552601334, 5530914.611966677010059, 247.39784 ], [ 312433.340650088503025, 5530972.959881980903447, 246.82619 ], [ 312410.963952321908437, 5530988.877394896000624, 246.82619 ], [ 312375.731278310588095, 5531009.250514342449605, 247.64036 ], [ 312373.03195272362791, 5531016.356550077907741, 248.31718 ], [ 312370.612037768121809, 5531031.466328417882323, 249.8406 ], [ 312347.323766101908404, 5531099.503688662312925, 251.10758 ], [ 312344.646003844798543, 5531158.696732839569449, 254.87044 ], [ 312376.553237276035361, 5531230.483338493853807, 268.12591 ], [ 312383.292339026986156, 5531273.20932777505368, 268.12591 ], [ 312375.328763431112748, 5531374.546461652964354, 260.49461 ], [ 312371.366560860536993, 5531425.770856503397226, 260.49461 ], [ 312392.000625288870651, 5531465.006691284477711, 266.83342 ], [ 312396.312103822012432, 5531497.911865158006549, 266.83342 ], [ 312403.318707172991708, 5531523.59984730836004, 266.83342 ], [ 312391.855106419359799, 5531537.021974214352667, 263.8358 ], [ 312363.793770779855549, 5531536.220909883268178, 254.64059 ], [ 312307.313856773194857, 5531524.392212792299688, 245.2705 ], [ 312255.452158363361377, 5531529.542763191275299, 245.2705 ], [ 312205.948335472610779, 5531542.513640012592077, 250.51252 ], [ 312132.398045288398862, 5531556.43687563482672, 250.51252 ], [ 312057.426995974150486, 5531558.501829540356994, 250.08654 ], [ 311938.205808720202185, 5531555.2156469700858, 243.78433 ], [ 311888.214663612772711, 5531556.297537869773805, 241.86514 ], [ 311897.937765488401055, 5531597.917006152682006, 249.01167 ], [ 311938.881766837090254, 5531720.360004844143987, 274.77956 ], [ 311923.438371421652846, 5531735.035502606071532, 275.03734 ], [ 311808.806197928206529, 5531821.63300349842757, 275.03734 ], [ 311814.849258404341526, 5531848.467118191532791, 276.03783 ], [ 311851.120761498226784, 5531979.086710308678448, 282.81803 ], [ 311848.454130215803161, 5532112.294168657623231, 287.39967 ], [ 311862.730368281248957, 5532117.693128049373627, 291.85031 ], [ 311876.798565443139523, 5532119.20392941031605, 296.58629 ], [ 312022.379063680127729, 5532280.501030860468745, 309.44548 ], [ 312054.952248014160432, 5532369.291227853856981, 309.09645 ], [ 312098.959737420547754, 5532468.588961268775165, 301.37706 ], [ 312115.046254934743047, 5532494.960749042220414, 300.1223 ], [ 312120.139041941612959, 5532498.78941213618964, 299.98706 ], [ 312147.893863291421439, 5532515.626705259084702, 299.98706 ], [ 312163.311745292972773, 5532526.996616382151842, 300.51726 ], [ 312126.458646906947251, 5532455.495635627768934, 307.16498 ], [ 312127.950341699528508, 5532393.33855196647346, 320.82785 ], [ 312140.179965178074781, 5532323.794158146716654, 328.31783 ], [ 312150.365072779473849, 5532253.319611866958439, 329.78318 ], [ 312116.637701971572824, 5532211.648789902217686, 327.9038 ], [ 312071.194016456720419, 5532151.467088983394206, 327.87513 ], [ 312050.701475328241941, 5532114.230882288888097, 328.16012 ], [ 312046.353008231264539, 5532080.325450657866895, 329.44106 ], [ 312057.217796345241368, 5532051.898015417158604, 330.59527 ], [ 312094.166619838157203, 5532025.340827551670372, 333.49456 ], [ 312094.825641523348168, 5532015.412161512300372, 333.62899 ], [ 312116.270599782641511, 5531952.446074453182518, 333.86961 ], [ 312181.050687060691416, 5531794.696690756827593, 324.82273 ], [ 312214.219623993616551, 5531748.350097737275064, 319.415 ], [ 312247.15499680058565, 5531722.045698310248554, 316.65806 ], [ 312299.275849842349999, 5531672.922889297828078, 302.9385 ], [ 312349.054228279739618, 5531667.845429003238678, 302.9385 ], [ 312424.390248940791935, 5531698.938695347867906, 305.5075 ], [ 312478.365246581379324, 5531696.720995925366879, 305.5075 ], [ 312518.063714702613652, 5531689.103093921206892, 306.90839 ], [ 312549.306781687482726, 5531669.871499486267567, 308.62609 ], [ 312510.849840736191254, 5531583.287315793335438, 306.59411 ], [ 312486.764294964028522, 5531482.178262915462255, 305.25443 ], [ 312476.280867128109094, 5531346.537309492006898, 305.11074 ], [ 312460.440855055931024, 5531251.039443558081985, 305.11074 ], [ 312434.975515368569177, 5531164.0022983988747, 290.62172 ], [ 312463.850952176144347, 5531109.794008383527398, 286.15832 ], [ 312529.043552362243645, 5531064.224607209675014, 286.15832 ] ] ] } },
{ "type": "Feature", "properties": { "name": "Felsenweg 1 - Weilerbach - Hohllay", "km": 20.353, "darstell": "F1", "height": 438, "link": "https://www.naturpark-suedeifel.de/a-felsenweg-1-weilerbach-hohllay", "erlebnis": 79, "datum": null }, "geometry": { "type": "MultiLineString", "coordinates": [ [ [ 314795.129918460617773, 5521046.06165945995599, 157.48398 ], [ 314793.318805479095317, 5521054.136996735818684, 157.43837 ], [ 314789.147769050206989, 5521083.661739474162459, 157.21002 ], [ 314784.999170943570789, 5521099.162743656896055, 157.21142 ], [ 314781.886318589909934, 5521109.174793162383139, 157.23023 ], [ 314754.386843405023683, 5521189.137913476675749, 157.6549 ], [ 314721.935620159027167, 5521217.18601159658283, 158.45238 ], [ 314705.687213344848715, 5521230.543163646012545, 158.51494 ], [ 314625.631881956884172, 5521124.449859865009785, 161.02918 ], [ 314618.465899019734934, 5521115.013691416941583, 161.07458 ], [ 314563.187113954103552, 5521157.759393201209605, 160.14635 ], [ 314517.917009685304947, 5521095.767814987339079, 161.72936 ], [ 314493.564105211291462, 5521112.18676392454654, 162.01148 ], [ 314451.598571418144275, 5521062.546895748004317, 164.09081 ], [ 314459.635183809907176, 5521049.137666646391153, 164.09554 ], [ 314434.543184852111153, 5521021.064765167422593, 164.77903 ], [ 314427.706548776943237, 5521012.841721767559648, 164.4164 ], [ 314389.394568486139178, 5520977.322144877165556, 162.74181 ], [ 314365.129644977394491, 5521017.221653218381107, 166.61162 ], [ 314340.534060767502524, 5521022.40895907394588, 166.92868 ], [ 314336.241210601467174, 5521033.686174343340099, 167.07388 ], [ 314325.773848015232943, 5521055.971533683128655, 167.23098 ], [ 314290.509872890776023, 5521140.32265752274543, 166.17473 ], [ 314271.30926908942638, 5521182.941899196244776, 164.59365 ], [ 314258.616504631238058, 5521205.415382484905422, 163.92646 ], [ 314247.338636810251046, 5521225.057802617549896, 163.3833 ], [ 314202.647667706420179, 5521292.817745453678071, 162.64415 ], [ 314191.020334343891591, 5521308.577054667286575, 162.37005 ], [ 314191.499218517623376, 5521322.472327830269933, 161.84231 ], [ 314185.72959585825447, 5521322.22599742654711, 161.97425 ], [ 314174.716837583691813, 5521322.38297401368618, 162.13753 ], [ 314142.987464758101851, 5521302.330769984051585, 162.92882 ], [ 314128.306572562782094, 5521294.267218420282006, 163.03996 ], [ 314123.099074008350726, 5521289.438507448881865, 163.0931 ], [ 314104.245578372327145, 5521271.057208588346839, 163.39703 ], [ 314081.674849782371894, 5521209.621948926709592, 166.44901 ], [ 314061.342314431560226, 5521142.099679307080805, 169.7442 ], [ 314055.289610340376385, 5521100.239155075512826, 169.71486 ], [ 314040.215348857163917, 5521112.111061559058726, 173.1314 ], [ 314032.144424066529609, 5521122.405923686921597, 175.5957 ], [ 314023.610520811169408, 5521173.561809379607439, 179.79612 ], [ 314021.779303431278095, 5521193.546671350486577, 180.95162 ], [ 314021.224878981243819, 5521198.351454804651439, 181.27391 ], [ 314014.889184186351486, 5521202.576601011678576, 183.51779 ], [ 314010.359548569947947, 5521198.614960646256804, 185.00046 ], [ 314003.520461085718125, 5521194.510404224507511, 187.44272 ], [ 313972.259694609500002, 5521167.208820673637092, 200.30027 ], [ 313952.255242076935247, 5521167.67647828347981, 206.81238 ], [ 313935.61810724704992, 5521171.812017234973609, 210.27129 ], [ 313925.01742236118298, 5521171.398791821673512, 212.21447 ], [ 313915.190699195140041, 5521166.284505067393184, 214.25998 ], [ 313899.071345256874338, 5521143.691598174162209, 217.72549 ], [ 313894.071616429486312, 5521138.633328161202371, 218.47164 ], [ 313888.001556013303343, 5521135.949193413369358, 219.32715 ], [ 313877.814170881872997, 5521137.079913788475096, 220.85881 ], [ 313861.332358553772792, 5521141.544200939126313, 223.4681 ], [ 313856.364278650202323, 5521139.4898248501122, 224.2063 ], [ 313846.011126786703244, 5521150.420253769494593, 226.16745 ], [ 313825.651933196524624, 5521161.473614325746894, 230.96462 ], [ 313817.555441923323087, 5521164.75814672652632, 233.329 ], [ 313801.960773025290109, 5521163.627255787141621, 237.99078 ], [ 313807.972449705819599, 5521170.87639166880399, 236.46986 ], [ 313810.16611355880741, 5521182.263986778445542, 235.73168 ], [ 313812.335093537229113, 5521205.449668160639703, 232.70668 ], [ 313810.036340662743896, 5521211.87284667044878, 232.59012 ], [ 313806.687334594666027, 5521214.993456021882594, 233.50079 ], [ 313805.807807042379864, 5521212.464052418246865, 234.45195 ], [ 313807.814994230866432, 5521205.939645965583622, 234.65491 ], [ 313804.636522362357937, 5521201.486330070532858, 236.67758 ], [ 313799.942050427547656, 5521209.439079015515745, 237.80718 ], [ 313793.23050541349221, 5521211.117698536254466, 240.5125 ], [ 313779.629011099168565, 5521213.479472973383963, 244.8669 ], [ 313763.018999472085852, 5521218.393685821443796, 247.05988 ], [ 313732.827495783101767, 5521219.99312330968678, 250.95275 ], [ 313669.581608013249934, 5521221.622023846954107, 254.36243 ], [ 313650.197161888820119, 5521227.522833608090878, 254.74596 ], [ 313616.013777189073153, 5521240.724276790395379, 255.09353 ], [ 313606.699639092897996, 5521246.277132091112435, 253.54509 ], [ 313599.983771611121483, 5521254.077368091791868, 249.99109 ], [ 313584.299769061384723, 5521262.855455870740116, 248.09749 ], [ 313554.165653518633917, 5521272.355868642218411, 249.31533 ], [ 313540.104281115694903, 5521278.073014627210796, 249.28781 ], [ 313513.817837460257579, 5521296.789377865381539, 245.52117 ], [ 313449.126462062355131, 5521319.060510431416333, 256.03617 ], [ 313435.718832653947175, 5521329.095832186751068, 253.46741 ], [ 313422.664723773137666, 5521334.778445072472095, 253.53225 ], [ 313400.346383836236782, 5521332.8797667613253, 260.31813 ], [ 313388.752801607945003, 5521337.065077103674412, 261.12223 ], [ 313378.954787065507844, 5521343.19157390575856, 260.75662 ], [ 313370.024970004567876, 5521351.513940371572971, 259.51557 ], [ 313351.297511337441392, 5521359.730327967554331, 262.32051 ], [ 313342.252305129601154, 5521364.717881662771106, 263.77814 ], [ 313311.493426483706571, 5521379.027036288753152, 267.00916 ], [ 313301.575025829137303, 5521379.59308650996536, 268.55268 ], [ 313265.911389337677974, 5521383.276714607141912, 273.73141 ], [ 313247.003053232678212, 5521392.501403270289302, 273.38341 ], [ 313208.178327612928115, 5521408.871303772553802, 271.60662 ], [ 313202.849211915861815, 5521410.947967227548361, 271.20415 ], [ 313151.043270862777717, 5521395.603686383925378, 282.25244 ], [ 313130.128888637875207, 5521398.888364973478019, 282.74913 ], [ 313124.478679549298249, 5521402.089191763661802, 282.18574 ], [ 313109.295450070465449, 5521404.507526683621109, 285.939 ], [ 313074.826631207717583, 5521417.722435810603201, 287.98394 ], [ 313067.251083997893147, 5521417.317326141521335, 289.81049 ], [ 313062.589821168454364, 5521409.576961071230471, 293.71822 ], [ 313056.767513171187602, 5521409.890143026597798, 294.76889 ], [ 313052.457002412993461, 5521412.265524907968938, 294.79569 ], [ 313038.392794325947762, 5521430.337945300154388, 290.57392 ], [ 313026.476152415038086, 5521443.884101347066462, 286.81829 ], [ 313020.29568603693042, 5521452.556921634823084, 283.78797 ], [ 313014.50306650029961, 5521457.877427959814668, 282.16849 ], [ 313011.229110523068812, 5521458.992642465047538, 282.1593 ], [ 313005.547127829049714, 5521471.654837817884982, 276.69235 ], [ 312989.94531717710197, 5521470.303987434133887, 279.7099 ], [ 312965.582460950943641, 5521467.587682899087667, 284.29492 ], [ 312938.528766610077582, 5521466.189105455763638, 288.51247 ], [ 312912.556693319231272, 5521468.982368182390928, 290.96033 ], [ 312900.960387753555551, 5521485.522696434520185, 285.39077 ], [ 312883.583008295041509, 5521501.484631436876953, 280.91834 ], [ 312863.076163106772583, 5521501.973836095072329, 284.32113 ], [ 312853.985302743327338, 5521505.628283108584583, 284.3083 ], [ 312842.523336731188465, 5521507.361734676174819, 285.70184 ], [ 312834.785066271782853, 5521512.63869770988822, 284.83424 ], [ 312823.670474026002921, 5521524.376763999462128, 281.63551 ], [ 312814.307772768952418, 5521534.718476396985352, 278.62382 ], [ 312797.931080205598846, 5521546.305424798280001, 276.63377 ], [ 312792.657698026509024, 5521552.053342306986451, 274.96192 ], [ 312780.745390673226211, 5521559.478665830567479, 274.25596 ], [ 312783.875795138534158, 5521564.600865367799997, 270.7391 ], [ 312766.261077145813033, 5521575.785729389637709, 270.31831 ], [ 312756.203482755401637, 5521582.701512902975082, 270.39131 ], [ 312748.073897451278754, 5521591.219788731075823, 269.41737 ], [ 312745.675211291760206, 5521598.871236780658364, 266.89622 ], [ 312752.458933209942188, 5521593.070807488635182, 266.97235 ], [ 312771.686229191953316, 5521593.070784637704492, 260.38811 ], [ 312778.501281062432099, 5521594.392245921306312, 257.70297 ], [ 312783.429807932872791, 5521599.45199806522578, 254.01024 ], [ 312766.874360318179242, 5521603.811024419032037, 257.16181 ], [ 312753.155906955595128, 5521604.843978306278586, 261.50133 ], [ 312745.519241942907684, 5521608.89329800195992, 262.5604 ], [ 312742.549028612789698, 5521616.675896539352834, 260.28424 ], [ 312732.268513529794291, 5521629.609462103806436, 258.2555 ], [ 312720.26909002661705, 5521636.592777004465461, 258.89586 ], [ 312705.204912173910998, 5521640.343715184368193, 261.15784 ], [ 312691.478829876345117, 5521641.154504709877074, 263.70449 ], [ 312681.128425940871239, 5521645.85469295270741, 263.36248 ], [ 312665.990899998578243, 5521647.493665498681366, 265.01364 ], [ 312658.209033102786634, 5521649.433535160496831, 265.27323 ], [ 312636.976325963623822, 5521655.958851189352572, 264.14887 ], [ 312629.00426582392538, 5521656.569820248521864, 264.05079 ], [ 312609.86156150943134, 5521652.783352209255099, 266.06426 ], [ 312572.844311697292142, 5521650.620040779933333, 267.70201 ], [ 312535.795269464142621, 5521651.685679572634399, 266.97717 ], [ 312507.424407145299483, 5521649.667333290912211, 264.79845 ], [ 312470.84324385446962, 5521643.482879950664937, 260.73298 ], [ 312445.210823280038312, 5521633.244958258233964, 260.18636 ], [ 312419.593772018037271, 5521623.451803541742265, 259.47381 ], [ 312376.420489068084862, 5521605.811221965588629, 258.94746 ], [ 312356.981937372242101, 5521601.813332173973322, 257.11789 ], [ 312334.372482772450894, 5521599.817933714948595, 254.42176 ], [ 312308.654067597643007, 5521601.603656242601573, 250.56978 ], [ 312288.721952558145858, 5521595.842446414753795, 251.92082 ], [ 312204.076600949047133, 5521574.305155713111162, 251.71628 ], [ 312186.241166049148887, 5521572.923142729327083, 247.34835 ], [ 312168.295610965869855, 5521566.31407808419317, 245.16665 ], [ 312146.800179541402031, 5521561.164327753707767, 244.94229 ], [ 312117.927799127181061, 5521553.044141110964119, 250.17829 ], [ 312103.489978590747342, 5521554.103814038448036, 252.39366 ], [ 312078.775663626380265, 5521561.976952019147575, 254.20874 ], [ 312053.17071219929494, 5521573.220164003781974, 254.24945 ], [ 312030.048386877751909, 5521583.375268294475973, 253.4327 ], [ 311994.061320257373154, 5521592.198357854038477, 254.68401 ], [ 311974.860995733819436, 5521592.9792848424986, 257.00008 ], [ 311958.996791188779753, 5521590.305003087036312, 260.67249 ], [ 311913.473347605147865, 5521594.119024912826717, 263.07591 ], [ 311880.631835612701252, 5521602.276654784567654, 258.64193 ], [ 311872.152355210098904, 5521602.795149952173233, 258.40361 ], [ 311865.140643495717086, 5521602.038167512975633, 258.86818 ], [ 311857.399817847239319, 5521603.087393851950765, 258.65796 ], [ 311844.7838636507513, 5521600.633975252509117, 260.49684 ], [ 311824.80013576435158, 5521601.665375079028308, 261.51608 ], [ 311813.571953409002163, 5521601.834719698876143, 262.22187 ], [ 311798.07144121627789, 5521595.141512150876224, 266.18808 ], [ 311786.276110684848391, 5521587.317312891595066, 270.52206 ], [ 311779.633819033857435, 5521584.766786543652415, 271.89232 ], [ 311771.914447445422411, 5521584.368521763011813, 271.92826 ], [ 311757.790246597258374, 5521575.84661394264549, 276.36867 ], [ 311747.194269032625016, 5521567.312832189723849, 281.19871 ], [ 311732.06667863111943, 5521563.055321293883026, 283.65528 ], [ 311725.793559639831074, 5521562.829208426177502, 283.70123 ], [ 311716.458460931025911, 5521567.718420757912099, 280.21532 ], [ 311708.509587906650268, 5521568.997719787061214, 278.82012 ], [ 311699.469984432449564, 5521574.099236982874572, 274.88143 ], [ 311689.023122035432607, 5521576.022304026409984, 273.1277 ], [ 311682.84929984039627, 5521572.45385321136564, 275.22355 ], [ 311671.032127301150467, 5521570.195523304864764, 276.65591 ], [ 311656.887819752562791, 5521573.472090927883983, 274.47346 ], [ 311630.696899284608662, 5521576.167931879870594, 272.69282 ], [ 311619.614505760720931, 5521574.329229079186916, 273.95697 ], [ 311584.884225439047441, 5521561.408158713020384, 282.62658 ], [ 311574.905882725957781, 5521562.313395419158041, 281.68437 ], [ 311544.399492082477082, 5521556.924472752027214, 282.3417 ], [ 311535.820743700896855, 5521560.78588869702071, 278.31532 ], [ 311528.270319636561908, 5521567.282509041018784, 273.06558 ], [ 311519.110385705542285, 5521568.938320984132588, 270.25701 ], [ 311514.197994712856598, 5521570.556938201189041, 268.58723 ], [ 311507.178299896419048, 5521577.814117512665689, 265.10009 ], [ 311501.464954720635433, 5521585.359522617422044, 262.35005 ], [ 311492.697743966127746, 5521585.888674243353307, 261.75339 ], [ 311487.033117795246653, 5521580.410576070658863, 262.87066 ], [ 311480.909737571375445, 5521570.051431722939014, 264.7964 ], [ 311475.517261883302126, 5521560.000626130960882, 267.15885 ], [ 311471.919065191876143, 5521545.657769347541034, 271.66342 ], [ 311468.64737921138294, 5521544.770504404790699, 271.8735 ], [ 311463.357817010721192, 5521556.196546318940818, 268.03455 ], [ 311454.847150074783713, 5521564.062427293509245, 265.874 ], [ 311444.046527846367098, 5521568.224296720698476, 265.53189 ], [ 311409.290545743191615, 5521568.994839627295732, 267.73758 ], [ 311351.902861670590937, 5521560.985904376022518, 270.2537 ], [ 311341.648575883999001, 5521566.35314015019685, 268.09577 ], [ 311329.568918827571906, 5521571.005194749683142, 266.5625 ], [ 311325.008520534960553, 5521576.507090841419995, 265.30841 ], [ 311315.193627863714937, 5521582.081597990356386, 264.32365 ], [ 311295.583122851443477, 5521585.550445401109755, 265.24759 ], [ 311267.553945936379023, 5521605.674871099181473, 268.65232 ], [ 311265.929617066984065, 5521629.215585607104003, 274.25201 ], [ 311255.948737809376325, 5521662.95438436884433, 282.35178 ], [ 311246.911867626651656, 5521674.289280565455556, 284.3363 ], [ 311229.447976851777639, 5521681.467359930276871, 283.92303 ], [ 311219.771292781049851, 5521684.811260526999831, 283.56234 ], [ 311198.631319667445496, 5521687.777556915767491, 282.19959 ], [ 311184.324012626078911, 5521686.386591144837439, 281.33537 ], [ 311179.728184461651836, 5521678.53410916402936, 280.28343 ], [ 311166.493990359362215, 5521678.997667889110744, 281.1417 ], [ 311159.111143532791175, 5521682.038733662106097, 281.51286 ], [ 311132.073088594363071, 5521681.093877468258142, 282.27399 ], [ 311123.75887747912202, 5521680.160893609747291, 282.48172 ], [ 311103.557295693375636, 5521674.969926725141704, 282.71981 ], [ 311088.073934708023444, 5521674.955998620949686, 282.75372 ], [ 311078.501915792818181, 5521673.065478039905429, 283.19998 ], [ 311039.156793434987776, 5521672.329799899831414, 282.85038 ], [ 311012.629902914864942, 5521671.590216030366719, 282.30674 ], [ 310990.987883011868689, 5521668.453526967205107, 282.18406 ], [ 310975.674885924323462, 5521660.976965409703553, 282.21509 ], [ 310952.858216590597294, 5521653.095788110978901, 282.88415 ], [ 310920.261354549322277, 5521643.554354202002287, 283.24033 ], [ 310914.574928331479896, 5521639.524466692470014, 283.87703 ], [ 310902.961557303671725, 5521636.926761989481747, 284.13297 ], [ 310889.501074133033399, 5521630.943628815934062, 284.84983 ], [ 310873.774032840388827, 5521626.041728004813194, 285.1853 ], [ 310864.320108959567733, 5521621.364975310862064, 285.52413 ], [ 310856.129633183591068, 5521615.753522549755871, 285.8698 ], [ 310845.465892813517712, 5521605.331732437945902, 286.45521 ], [ 310837.161008211085573, 5521602.618078218773007, 285.81461 ], [ 310830.822767148900311, 5521594.381805418990552, 286.26156 ], [ 310823.795023374259472, 5521574.705999654717743, 287.91227 ], [ 310810.355020781687927, 5521563.157410636544228, 287.40863 ], [ 310792.096364078694023, 5521555.896009776741266, 286.21498 ], [ 310784.265851917327382, 5521554.390064915642142, 285.7919 ], [ 310740.888048163149506, 5521524.971736027859151, 289.23471 ], [ 310709.981112432258669, 5521514.370491393841803, 290.40016 ], [ 310694.343325101188384, 5521512.025816237553954, 289.20847 ], [ 310670.980204840714578, 5521496.819251553155482, 288.76882 ], [ 310660.376088686578441, 5521486.061803883872926, 289.13796 ], [ 310651.966702741221525, 5521488.583121960051358, 288.15049 ], [ 310636.887999379774556, 5521481.655728315934539, 288.19812 ], [ 310608.323597516166046, 5521474.200419506058097, 288.28585 ], [ 310605.054600962088443, 5521479.54629581514746, 287.67661 ], [ 310596.775091483956203, 5521479.614567648619413, 287.61309 ], [ 310578.385974678909406, 5521474.807009853422642, 287.85953 ], [ 310569.040877075865865, 5521473.243283342570066, 287.88664 ], [ 310550.079252396826632, 5521474.68866310082376, 288.13284 ], [ 310548.806633705855347, 5521467.165071438066661, 287.96293 ], [ 310544.075944022275507, 5521461.655078880488873, 288.02817 ], [ 310536.751685789786279, 5521466.364418561570346, 288.03385 ], [ 310515.813720672042109, 5521460.756252370774746, 288.32743 ], [ 310490.181559499236755, 5521458.874731509946287, 289.61055 ], [ 310476.317381225817371, 5521461.92196838837117, 290.14904 ], [ 310465.039459329564124, 5521468.885075444355607, 290.49898 ], [ 310457.523773212509695, 5521468.147614784538746, 290.92366 ], [ 310448.088724344968796, 5521464.02738388068974, 291.52187 ], [ 310432.218409038265236, 5521467.367868765257299, 291.70087 ], [ 310395.003399610170163, 5521443.300415428355336, 293.07589 ], [ 310384.132841924205422, 5521445.463515260256827, 292.26289 ], [ 310370.325771954027005, 5521452.181881468743086, 291.58864 ], [ 310360.10732339869719, 5521458.551454058848321, 292.04382 ], [ 310357.601567814592272, 5521458.973492954857647, 292.21684 ], [ 310340.132249213173054, 5521447.56773514021188, 293.63848 ], [ 310330.743300111149438, 5521450.903111301362514, 294.61337 ], [ 310316.297447076474782, 5521451.745246743783355, 295.81248 ], [ 310305.131392992800102, 5521453.696307032369077, 296.51026 ], [ 310287.727790942415595, 5521450.301928798668087, 297.04274 ], [ 310278.084603570401669, 5521446.41190735436976, 297.08755 ], [ 310266.454790263436735, 5521443.370910234749317, 297.20182 ], [ 310219.59175879007671, 5521441.903980370610952, 297.9755 ], [ 310204.873820587759838, 5521443.20118748024106, 298.18461 ], [ 310195.67143545486033, 5521437.515004437416792, 297.87712 ], [ 310187.356605623965152, 5521436.583450899459422, 298.06633 ], [ 310173.068305253749713, 5521429.629479331895709, 298.23101 ], [ 310162.245256282156333, 5521427.005491440184414, 298.80763 ], [ 310155.295576171891298, 5521428.029301931150258, 299.39504 ], [ 310146.972892165184021, 5521426.87548740208149, 299.79907 ], [ 310140.774297899799421, 5521422.641804763115942, 299.74285 ], [ 310115.060504807508551, 5521422.545706537552178, 300.30546 ], [ 310108.189130507875234, 5521425.792804717086256, 300.56932 ], [ 310099.035624582320452, 5521429.676793025806546, 300.89012 ], [ 310067.701503942953423, 5521421.320147096179426, 299.67139 ], [ 310055.693315268610604, 5521421.854501049034297, 299.51681 ], [ 310047.536517693777569, 5521423.366177028976381, 299.50971 ], [ 310029.070413189008832, 5521424.573324608616531, 299.43936 ], [ 310004.373935583978891, 5521426.779193541035056, 299.40473 ], [ 310035.247730417875573, 5521436.375989035703242, 300.35429 ], [ 310035.37698597391136, 5521440.044312848709524, 300.79468 ], [ 310029.209293711464852, 5521442.8215237185359, 301.01394 ], [ 310011.98312668222934, 5521442.426851503551006, 300.77018 ], [ 310008.828608864801936, 5521444.87530436553061, 301.16307 ], [ 310006.782945524551906, 5521450.1784658273682, 301.93425 ], [ 310009.943548733484931, 5521456.077250109985471, 302.84222 ], [ 310008.708687531470787, 5521461.908334983512759, 303.89826 ], [ 310002.462362692516763, 5521468.583828420378268, 305.32807 ], [ 309999.051493703969754, 5521471.931717772968113, 306.13083 ], [ 309996.801821390050463, 5521477.575972515158355, 307.43393 ], [ 309996.560810285503976, 5521485.041526119224727, 309.09733 ], [ 309989.916513834847137, 5521500.857614248991013, 312.7332 ], [ 309995.995904695359059, 5521509.88120177295059, 314.29971 ], [ 310007.915660854661837, 5521521.147554864175618, 316.22566 ], [ 310014.793710210244171, 5521536.487079669721425, 318.95614 ], [ 310020.065825411991682, 5521551.215407421812415, 321.4205 ], [ 310028.041894449619576, 5521550.71174043789506, 321.69172 ], [ 310047.743864263989963, 5521541.670063488185406, 321.59428 ], [ 310055.900480262120254, 5521540.158383127301931, 321.89678 ], [ 310063.452835439064074, 5521539.892296927981079, 322.27688 ], [ 310064.914114482700825, 5521552.75153592415154, 324.12142 ], [ 310068.637885579140857, 5521564.418071993626654, 325.69915 ], [ 310064.906281745992601, 5521552.529213227331638, 324.09206 ], [ 310063.676449773251079, 5521540.107017314992845, 322.31931 ], [ 310066.674278440186754, 5521533.212141572497785, 321.42476 ], [ 310089.055201986397151, 5521516.396591321565211, 319.25524 ], [ 310100.142761573311873, 5521512.22185140196234, 318.4842 ], [ 310138.823656774067786, 5521516.53573961276561, 316.91736 ], [ 310145.210531681659631, 5521519.983689334243536, 316.78585 ], [ 310154.849302928370889, 5521529.883785059675574, 317.28733 ], [ 310160.247761772945523, 5521546.165966534055769, 319.28379 ], [ 310166.771587762865238, 5521553.504588500596583, 319.80122 ], [ 310178.652246244077105, 5521557.538221281953156, 319.51738 ], [ 310186.884185167495161, 5521562.256841109134257, 319.83669 ], [ 310204.869812162593007, 5521561.734916500747204, 319.30446 ], [ 310216.342889552819543, 5521560.32932054810226, 319.05438 ], [ 310235.449542289541569, 5521556.874257395043969, 318.40963 ], [ 310249.746436062850989, 5521551.807765253819525, 316.96481 ], [ 310261.059135537536349, 5521545.844648599624634, 315.04359 ], [ 310269.047562939696945, 5521539.553352315910161, 313.08089 ], [ 310275.60982245602645, 5521527.524707471951842, 309.88441 ], [ 310278.077673558495007, 5521513.748075315728784, 306.72382 ], [ 310284.76844355056528, 5521511.509238845668733, 305.65432 ], [ 310309.397414010134526, 5521513.536372015252709, 303.77273 ], [ 310346.016446571564302, 5521522.710136421956122, 302.94235 ], [ 310381.109972427366301, 5521525.371160372160375, 302.10395 ], [ 310418.02195974055212, 5521522.403518168255687, 300.46158 ], [ 310426.313144560321234, 5521522.668454542756081, 300.34619 ], [ 310494.2335035642609, 5521529.073132404126227, 300.5916 ], [ 310528.171209147782065, 5521537.785865771584213, 303.1373 ], [ 310571.443383427278604, 5521555.965094287879765, 306.97526 ], [ 310629.162021718977485, 5521581.539374882355332, 303.71851 ], [ 310630.478325175121427, 5521608.761303235776722, 309.20904 ], [ 310634.400590073666535, 5521630.215462321415544, 312.87161 ], [ 310638.561813601001631, 5521637.971497103571892, 313.86597 ], [ 310653.322197870234959, 5521637.898238653317094, 312.05861 ], [ 310678.65399893396534, 5521639.457131834700704, 308.80472 ], [ 310701.078733246133197, 5521662.82144175004214, 311.80611 ], [ 310728.59323167509865, 5521677.325845210812986, 310.93226 ], [ 310744.959213305439334, 5521692.221758312545717, 311.02662 ], [ 310748.631828492973, 5521696.322169011458755, 311.13434 ], [ 310775.922445070580579, 5521710.61205917969346, 309.21473 ], [ 310783.370220525772311, 5521715.581665715202689, 309.04699 ], [ 310797.329014217364602, 5521727.557157319970429, 309.60153 ], [ 310806.022868679487146, 5521733.150849101133645, 309.67063 ], [ 310813.699764506425709, 5521736.442976280115545, 309.40489 ], [ 310821.977156914304942, 5521738.378459304571152, 308.76943 ], [ 310837.662741635693237, 5521740.053994448855519, 307.1422 ], [ 310861.998264861176722, 5521737.864529971033335, 303.36483 ], [ 310880.568601490231231, 5521739.661572929471731, 301.62343 ], [ 310905.942691039876081, 5521742.444297112524509, 299.77081 ], [ 310931.087938532640692, 5521751.022676587104797, 301.65291 ], [ 310942.331487059709616, 5521751.296132808551192, 302.13616 ], [ 310973.228781717014499, 5521761.676343912258744, 307.23237 ], [ 310977.256521708099172, 5521761.535111390054226, 307.47359 ], [ 310989.997344919946045, 5521767.543672190979123, 310.20524 ], [ 310997.024624513520394, 5521768.744161182083189, 311.15093 ], [ 311010.840018480434082, 5521770.485761542804539, 313.11721 ], [ 311016.801495428255294, 5521788.529669533483684, 318.02218 ], [ 311017.90900257404428, 5521805.742064598016441, 319.15033 ], [ 311030.510298922017682, 5521842.696501818485558, 314.59646 ], [ 311028.136426372802816, 5521861.255221448838711, 313.63311 ], [ 311033.824567522620782, 5521889.993351549841464, 308.53432 ], [ 311031.541444240370765, 5521900.869314231909811, 308.16991 ], [ 311027.85851952584926, 5521908.789299332536757, 308.68777 ], [ 311000.375574769452214, 5521942.363222677260637, 316.64881 ], [ 310997.686171482433565, 5521951.917872168123722, 317.53414 ], [ 310996.789149933261797, 5521963.301747327670455, 317.98657 ], [ 310998.555720397387631, 5521980.824931795708835, 317.90011 ], [ 311010.691659312928095, 5522010.672547404654324, 315.01409 ], [ 311010.756514761189464, 5522018.683748131617904, 315.09059 ], [ 311007.119830205570906, 5522042.295190300792456, 315.94628 ], [ 311009.338768154615536, 5522054.237602894194424, 314.86031 ], [ 311012.907555620651692, 5522075.926935966126621, 312.60806 ], [ 311009.5313186586136, 5522098.750161199830472, 312.79665 ], [ 311008.967386099044234, 5522117.579343570396304, 312.68568 ], [ 310997.818923097569495, 5522128.209693453274667, 316.83487 ], [ 310995.453775982954539, 5522132.633261327631772, 317.72682 ], [ 310996.511098218499683, 5522152.518582497723401, 318.23182 ], [ 310999.901980868540704, 5522162.973019812256098, 317.74213 ], [ 311006.136648221698124, 5522174.440726973116398, 316.35133 ], [ 311018.907037003547885, 5522195.696129080839455, 313.5845 ], [ 311024.424584959691856, 5522209.303664349019527, 313.18995 ], [ 311025.401361700496636, 5522220.733141107484698, 314.33539 ], [ 311028.897385858348571, 5522234.188959400169551, 315.06554 ], [ 311032.925500159093644, 5522242.283806822262704, 314.97321 ], [ 311044.703678719932213, 5522255.783164715394378, 313.43619 ], [ 311050.541376502194908, 5522264.148478533141315, 312.85219 ], [ 311056.65111172926845, 5522294.652615121565759, 313.59353 ], [ 311078.428991442779079, 5522326.388304013758898, 308.02553 ], [ 311081.963802329264581, 5522340.95577026065439, 307.22701 ], [ 311080.943841649917886, 5522346.779030307196081, 307.23233 ], [ 311075.024706197262276, 5522362.790862359106541, 307.41684 ], [ 311062.969749624608085, 5522382.468041209504008, 307.97583 ], [ 311053.983863971545361, 5522401.369868406094611, 308.30001 ], [ 311048.080470576009247, 5522417.826381359249353, 308.3565 ], [ 311044.85458490398014, 5522424.394779581576586, 308.48066 ], [ 311032.140587379108183, 5522439.643217160366476, 309.52192 ], [ 311022.920668093720451, 5522447.757377129979432, 310.52093 ], [ 311013.715011977823451, 5522462.437657210044563, 310.57578 ], [ 311009.08679081464652, 5522478.293019436299801, 309.69371 ], [ 311007.641510114830453, 5522486.357183025218546, 309.2838 ], [ 310998.263109063613228, 5522502.267836817540228, 309.49746 ], [ 310994.866638652107213, 5522512.181206425651908, 309.44536 ], [ 310995.858163204044104, 5522534.294813162647188, 309.66334 ], [ 310997.600096195994411, 5522538.796958208084106, 310.12714 ], [ 311005.361523054074496, 5522544.534887134097517, 311.70227 ], [ 310999.994382295408286, 5522555.741645676083863, 312.21793 ], [ 310995.937296613352373, 5522567.347660795785487, 313.00284 ], [ 310997.372076956380624, 5522571.304085332900286, 313.71356 ], [ 311003.373384807142429, 5522565.862599290907383, 314.03092 ], [ 311012.087111591128632, 5522551.533431949093938, 313.75938 ], [ 311023.688730440975633, 5522533.31887412071228, 313.56245 ], [ 311032.527294313069433, 5522522.546916614286602, 313.86398 ], [ 311043.894573068479076, 5522512.020212046802044, 314.76639 ], [ 311054.479003804270178, 5522505.861613817512989, 316.20916 ], [ 311068.345996498945169, 5522496.805506289936602, 318.09962 ], [ 311077.593862926936708, 5522497.705603150650859, 320.49416 ], [ 311081.933516560529824, 5522492.099866403266788, 320.72009 ], [ 311089.821456262026913, 5522476.798108212649822, 320.22591 ], [ 311095.161597934202291, 5522464.813315026462078, 319.38752 ], [ 311113.668986720615067, 5522440.235533764585853, 318.52531 ], [ 311130.200692577171139, 5522427.079478021711111, 319.67666 ], [ 311143.192762078193482, 5522409.484284102916718, 320.55233 ], [ 311148.593413500115275, 5522370.451980990357697, 318.314 ], [ 311150.474623723886907, 5522366.601926915347576, 318.67183 ], [ 311162.579571364680305, 5522362.727550180628896, 322.2806 ], [ 311174.870941496454179, 5522355.952918986789882, 324.63552 ], [ 311181.200841771555133, 5522345.491730224341154, 325.08024 ], [ 311179.518472521449439, 5522328.29946069791913, 324.07598 ], [ 311159.909782191738486, 5522257.75564881414175, 320.59 ], [ 311153.391210491885431, 5522238.172971268184483, 320.46516 ], [ 311142.20239754760405, 5522227.101299148052931, 318.68747 ], [ 311138.157056102878414, 5522220.565157320350409, 318.24188 ], [ 311132.982014431443531, 5522208.503695908933878, 317.94247 ], [ 311133.432142364850733, 5522196.690319416113198, 318.76987 ], [ 311134.817494587332476, 5522188.96220422629267, 319.41702 ], [ 311140.396925701701548, 5522173.518858612515032, 320.96059 ], [ 311153.869511272350792, 5522151.121082033962011, 323.13134 ], [ 311170.575177890830673, 5522136.734842129051685, 324.40551 ], [ 311180.176769043202512, 5522127.160738669335842, 324.78275 ], [ 311188.433466965099797, 5522120.304918606765568, 325.14914 ], [ 311190.783197753189597, 5522115.43679285235703, 325.15473 ], [ 311198.397717684041709, 5522059.409750046208501, 323.61181 ], [ 311207.683056954178028, 5522020.241511913016438, 322.68645 ], [ 311214.521402714075521, 5521983.162365370430052, 321.61305 ], [ 311217.819723901455291, 5521976.59156530816108, 321.63658 ], [ 311227.591430912842043, 5521938.964522756636143, 321.28932 ], [ 311233.937189018237405, 5521920.712026744149625, 321.26203 ], [ 311239.801224814436864, 5521909.265585201792419, 321.22955 ], [ 311256.935216220561415, 5521886.517333981581032, 321.11579 ], [ 311272.584051606594585, 5521858.367546016350389, 320.59312 ], [ 311278.658400679705665, 5521852.923879953101277, 320.3763 ], [ 311341.101988532405812, 5521818.239148376509547, 317.76372 ], [ 311377.735788435908034, 5521799.149530343711376, 315.82403 ], [ 311387.435678404115606, 5521796.472879939712584, 315.56309 ], [ 311413.621581836021505, 5521793.664665908552706, 315.41049 ], [ 311436.819786480511539, 5521793.966125896200538, 315.70686 ], [ 311481.750481616123579, 5521797.959530948661268, 316.50196 ], [ 311506.394885721732862, 5521798.433307931758463, 316.18138 ], [ 311548.331946823745966, 5521799.193013678304851, 314.03845 ], [ 311559.629689389839768, 5521801.024017081595957, 313.57588 ], [ 311579.056395112304017, 5521817.039578979834914, 314.86306 ], [ 311594.251198481360916, 5521833.537004336714745, 316.40884 ], [ 311597.203822104376741, 5521837.663112940266728, 316.77598 ], [ 311625.744561282917857, 5521869.275833478197455, 318.70897 ], [ 311655.802178408484906, 5521870.117593797855079, 318.26584 ], [ 311716.91595135605894, 5521883.898148736916482, 318.47415 ], [ 311771.115284940693527, 5521895.583573521114886, 318.72483 ], [ 311795.710505399969406, 5521896.728142721578479, 318.87441 ], [ 311812.034698591916822, 5521898.161569451913238, 318.97672 ], [ 311852.337514450540766, 5521905.769768451340497, 318.89086 ], [ 311909.449154073430691, 5521928.707207500934601, 316.94202 ], [ 311923.99565771559719, 5521941.11011281516403, 317.83535 ], [ 311930.881108801113442, 5521958.900008866563439, 319.72767 ], [ 311940.173388073220849, 5521971.3749765669927, 321.58652 ], [ 311946.340599950985052, 5521976.83596807718277, 322.65561 ], [ 311983.634314277151134, 5521976.647990683093667, 326.28346 ], [ 312022.79101926041767, 5521967.936729788780212, 323.16378 ], [ 312041.180374417919666, 5521976.978306122124195, 320.86177 ], [ 312054.204908288200386, 5521984.982729597948492, 319.32155 ], [ 312072.231497361150105, 5522004.276373454369605, 318.73809 ], [ 312086.648621146567166, 5522021.24736915063113, 319.24861 ], [ 312092.895751942298375, 5522022.810337541624904, 318.55365 ], [ 312115.15222701325547, 5522020.921539564616978, 313.39908 ], [ 312134.521486451674718, 5522025.032195750623941, 308.05731 ], [ 312156.148020512540825, 5522040.193940917029977, 302.1888 ], [ 312163.852358369389549, 5522046.380674289539456, 299.72066 ], [ 312168.599060700275004, 5522046.215264507569373, 297.36908 ], [ 312168.216734755726065, 5522041.442823176272213, 296.61535 ], [ 312162.721373427892104, 5522028.389997413381934, 296.35371 ], [ 312170.642513216589577, 5522026.333219933323562, 292.17922 ], [ 312179.610422739060596, 5522031.585570499300957, 289.2447 ], [ 312194.934971953858621, 5522047.746134859509766, 285.48307 ], [ 312209.228777560580056, 5522067.392848937772214, 281.56243 ], [ 312210.568711572675966, 5522076.917690860107541, 281.39959 ], [ 312209.373229277436621, 5522092.207002555020154, 281.75292 ], [ 312210.58260675839847, 5522104.184922801330686, 280.37715 ], [ 312206.368756243726239, 5522117.576054189354181, 280.91545 ], [ 312207.003921157796867, 5522135.806601896882057, 278.08271 ], [ 312208.585051925387233, 5522143.987478551454842, 276.06679 ], [ 312211.807015004102141, 5522149.662658771499991, 273.61778 ], [ 312210.863252570270561, 5522157.708910105749965, 272.8187 ], [ 312205.627180521260016, 5522185.159060596488416, 271.07248 ], [ 312201.760864402342122, 5522202.322185879573226, 270.19859 ], [ 312197.140544333669823, 5522218.509916437789798, 269.74918 ], [ 312186.213103508227505, 5522233.470566177740693, 272.04718 ], [ 312171.897054907050915, 5522271.031299467198551, 273.11802 ], [ 312146.80154154257616, 5522309.190373813733459, 275.38944 ], [ 312117.921538794937078, 5522352.378579755313694, 269.71706 ], [ 312100.905890465248376, 5522378.570074914954603, 267.94662 ], [ 312084.250415377435274, 5522400.631086986511946, 267.48248 ], [ 312073.968776906607673, 5522417.572839313186705, 266.80127 ], [ 312059.256970851041842, 5522441.680814955383539, 266.23156 ], [ 312046.340633394895121, 5522471.847563380375504, 264.8396 ], [ 312043.58734948473284, 5522483.74107420258224, 263.86623 ], [ 312036.998325489810668, 5522548.745784932747483, 256.97014 ], [ 312033.28687068040017, 5522582.709554608911276, 253.18597 ], [ 312032.684695984760765, 5522600.538097506389022, 250.59527 ], [ 312020.03970553399995, 5522624.017656387761235, 250.52226 ], [ 311997.955409515299834, 5522665.856679752469063, 250.63107 ], [ 311985.195844908012077, 5522692.234065614640713, 251.27841 ], [ 311966.703567478747573, 5522711.13200259488076, 254.96606 ], [ 311934.737906837253831, 5522744.18975131586194, 260.15276 ], [ 311917.242357384297065, 5522773.069854277186096, 259.76392 ], [ 311902.121839029015973, 5522803.981775804422796, 257.5394 ], [ 311868.665094992611557, 5522862.356530374847353, 252.96781 ], [ 311845.998215789557435, 5522901.879415417090058, 249.85863 ], [ 311834.859382905182429, 5522918.962968205101788, 248.80031 ], [ 311803.027830110571813, 5522955.801062555983663, 247.47822 ], [ 311743.591749159968458, 5523006.180324603803456, 253.25022 ], [ 311728.059497198672034, 5523019.077019602991641, 255.13824 ], [ 311713.611698601627722, 5523034.16182301286608, 255.41852 ], [ 311703.556325826561078, 5523038.965094353072345, 257.07459 ], [ 311708.783824472455308, 5523052.58333177678287, 251.21275 ], [ 311701.179007778526284, 5523063.644945126958191, 250.1063 ], [ 311696.036554297723342, 5523073.062354166060686, 248.75515 ], [ 311687.683708826487418, 5523077.138378566130996, 249.87617 ], [ 311685.924832163145766, 5523082.430837108753622, 248.79925 ], [ 311693.035455986158922, 5523098.431797790341079, 242.38305 ], [ 311707.099652180040721, 5523107.400617643259466, 235.83415 ], [ 311723.83008511911612, 5523118.502261653542519, 227.62308 ], [ 311731.922452874365263, 5523115.21447489131242, 225.61457 ], [ 311734.555986879742704, 5523106.107354618608952, 226.94532 ], [ 311744.6619719726732, 5523094.513213294558227, 226.50506 ], [ 311748.212901962979231, 5523082.814206534065306, 228.54746 ], [ 311750.259462669549976, 5523077.511721394024789, 229.35727 ], [ 311755.984767263114918, 5523076.53262285515666, 227.57926 ], [ 311761.618621005443856, 5523079.118247298523784, 224.81341 ], [ 311769.939768432348501, 5523094.743115041404963, 217.67618 ], [ 311782.225892884423956, 5523096.094705619849265, 213.40403 ], [ 311797.547584590036422, 5523097.785488746128976, 208.79471 ], [ 311810.879528064164333, 5523091.977575567550957, 207.28179 ], [ 311824.998760160873644, 5523081.912898664362729, 207.23035 ], [ 311827.297722132934723, 5523083.835969373583794, 206.3863 ], [ 311819.043543048552237, 5523096.923437546007335, 204.61103 ], [ 311803.919384844426531, 5523113.255892631597817, 203.78272 ], [ 311793.972811097162776, 5523121.171531422063708, 204.39877 ], [ 311794.120353460428305, 5523125.395684342831373, 203.48424 ], [ 311795.770143896399532, 5523129.344771456904709, 202.27624 ], [ 311787.257402121671475, 5523149.45307470485568, 200.68902 ], [ 311787.958763775764965, 5523155.104751287028193, 199.50338 ], [ 311792.51768187340349, 5523161.957256614230573, 197.1063 ], [ 311792.224017517291941, 5523167.97758150473237, 196.17197 ], [ 311785.920571637223475, 5523199.8062653709203, 193.03438 ], [ 311789.431957720895298, 5523207.58573819603771, 190.77396 ], [ 311797.461654308484867, 5523214.87349973898381, 187.22864 ], [ 311807.271693637478165, 5523215.421237497590482, 184.51361 ], [ 311820.74698733119294, 5523213.726332172751427, 181.92127 ], [ 311829.980107219307683, 5523208.061599162407219, 181.30759 ], [ 311841.561132890521549, 5523195.414448427036405, 181.70166 ], [ 311849.270441255124751, 5523195.590432825498283, 180.55971 ], [ 311855.967359956237487, 5523193.575828826986253, 179.95848 ], [ 311861.745247689890675, 5523187.920506300404668, 180.10953 ], [ 311885.92934647819493, 5523171.271902554668486, 179.3516 ], [ 311900.686043432797305, 5523158.847917323932052, 179.01813 ], [ 311910.132994363433681, 5523155.179221085272729, 177.99099 ], [ 311930.39882271195529, 5523150.019943119958043, 175.18133 ], [ 311964.439439208072145, 5523143.489649824798107, 170.17114 ], [ 311986.528342807781883, 5523136.931401377543807, 167.89794 ], [ 312004.392490001162514, 5523128.962481925264001, 166.65744 ], [ 312027.893116339342669, 5523113.34007850382477, 165.61127 ], [ 312040.413115007453598, 5523104.889935068786144, 165.23288 ], [ 312052.287764277018141, 5523098.576979946345091, 164.82972 ], [ 312063.563572594895959, 5523095.735152079723775, 164.14044 ], [ 312076.378305206424557, 5523095.733404119499028, 163.16293 ], [ 312086.74398771149572, 5523099.823791499249637, 161.94142 ], [ 312060.443051884649321, 5523134.241526466794312, 161.20111 ], [ 312048.422211956116371, 5523146.680914993397892, 161.17551 ], [ 311975.237111112393904, 5523223.914713613688946, 160.98849 ], [ 311937.465805692016147, 5523261.738447598181665, 161.02465 ], [ 311919.679335314198397, 5523280.16686786711216, 160.857 ], [ 311903.009899494703859, 5523307.9053437365219, 161.34223 ], [ 311893.303979975637048, 5523326.830862188711762, 161.43769 ], [ 311871.245082506560721, 5523375.458950740285218, 160.83612 ], [ 311867.90984940668568, 5523387.150347274728119, 160.64916 ], [ 311865.882729842385743, 5523393.008599830791354, 160.583 ], [ 311859.321560021082405, 5523407.149895700626075, 160.66782 ], [ 311871.797138246358372, 5523413.948609078302979, 159.76312 ], [ 311919.769661510479636, 5523437.426985310390592, 165.28414 ], [ 311933.500507615273818, 5523443.069039166904986, 168.67054 ], [ 311943.212864246219397, 5523444.955977256409824, 170.77534 ], [ 311960.170403723721392, 5523435.794215303845704, 173.04713 ], [ 311982.010079502710141, 5523418.003537136130035, 175.13337 ], [ 312015.564511626958847, 5523393.460265528410673, 178.50637 ], [ 312024.030147330660839, 5523384.372417136095464, 178.99581 ], [ 312042.676017387304455, 5523334.862416633404791, 175.4802 ], [ 312055.934241812094115, 5523322.825011596083641, 175.19727 ], [ 312076.491726441192441, 5523309.531379571184516, 175.59238 ], [ 312097.723574824456591, 5523296.993394826538861, 176.67981 ], [ 312089.566061179968528, 5523312.859494684264064, 178.5495 ], [ 312101.65875094756484, 5523319.004303646273911, 181.66009 ], [ 312110.203929104376584, 5523314.254423588514328, 181.88424 ], [ 312120.176324231899343, 5523300.884908582083881, 180.34274 ], [ 312139.101785872655455, 5523286.201575083658099, 178.89422 ], [ 312165.714140703668818, 5523281.378373496234417, 179.0589 ], [ 312196.851675466750748, 5523284.522264089435339, 180.10517 ], [ 312232.612034084508196, 5523290.176359178498387, 180.90512 ], [ 312258.720116176700685, 5523293.607170825824142, 179.33413 ], [ 312276.172854254837148, 5523311.029187457635999, 181.09883 ], [ 312288.903289497771766, 5523343.752159882336855, 186.99829 ], [ 312314.154643179965205, 5523403.195436233654618, 192.47484 ], [ 312329.339209878991824, 5523419.583639654330909, 193.75436 ], [ 312347.589434847817756, 5523426.850055216811597, 193.99364 ], [ 312388.392179112648591, 5523440.899357937276363, 194.49748 ], [ 312401.442612064187415, 5523458.029841352254152, 198.33979 ], [ 312447.591584608831909, 5523505.727650516666472, 204.71705 ], [ 312503.337210820929613, 5523554.093494516797364, 200.82109 ], [ 312524.807649359339848, 5523567.035832460038364, 199.37365 ], [ 312536.716082282713614, 5523576.192978254519403, 199.09142 ], [ 312538.511506077018566, 5523588.484441861510277, 200.88358 ], [ 312553.512610257370397, 5523614.117220389656723, 202.92356 ], [ 312566.094527282810304, 5523638.498637882061303, 205.29217 ], [ 312580.524062852666248, 5523664.262660075910389, 208.49579 ], [ 312593.496508398558944, 5523654.351168350316584, 211.6689 ], [ 312596.774827100452967, 5523620.291648399084806, 211.75779 ], [ 312599.205154547234997, 5523590.824794222600758, 211.67409 ], [ 312601.106826138449833, 5523573.062480161897838, 212.2699 ], [ 312602.109452242555562, 5523562.565721187740564, 212.87541 ], [ 312602.100704434385989, 5523535.409646270796657, 214.72284 ], [ 312614.175736196571961, 5523493.476017625071108, 224.87708 ], [ 312612.491727959364653, 5523467.825071537867188, 228.0631 ], [ 312606.993910471035633, 5523448.428086535073817, 228.88021 ], [ 312609.709755761083215, 5523420.95466308388859, 232.92601 ], [ 312620.946508157998323, 5523437.703531876206398, 234.56482 ], [ 312626.726496427494567, 5523465.21536598727107, 233.25511 ], [ 312650.038508646888658, 5523491.783634716644883, 238.71089 ], [ 312665.599815907422453, 5523512.834065235219896, 243.32698 ], [ 312669.796239545743447, 5523527.935780283994973, 244.25908 ], [ 312661.711674716556445, 5523572.84681114833802, 239.95696 ], [ 312666.332524515222758, 5523583.593198762275279, 242.5684 ], [ 312679.576523461088073, 5523608.397017573006451, 249.8038 ], [ 312689.639948642696254, 5523620.401044121943414, 254.52092 ], [ 312709.99649252044037, 5523622.03056026622653, 262.81598 ], [ 312724.761089958716184, 5523630.532322309911251, 268.31814 ], [ 312738.804007323342375, 5523661.763690843246877, 271.67256 ], [ 312744.768873891793191, 5523684.260845019482076, 271.94601 ], [ 312753.045166584721301, 5523711.129524876363575, 273.17181 ], [ 312756.511519567051437, 5523721.804805211722851, 274.19414 ], [ 312760.723875652416609, 5523733.233234633691609, 275.84366 ], [ 312769.411631495691836, 5523742.947974983602762, 278.98687 ], [ 312777.777001170557924, 5523751.672263254411519, 282.09725 ], [ 312819.743945248541422, 5523774.476578714326024, 293.93756 ], [ 312825.831079699099064, 5523777.715272080153227, 295.15879 ], [ 312854.103288297075778, 5523779.292869824916124, 299.93073 ], [ 312866.779297258821316, 5523783.638277736492455, 301.41544 ], [ 312864.057718164287508, 5523771.601513023488224, 302.22035 ], [ 312839.432958044344559, 5523742.406933380290866, 300.21357 ], [ 312832.565931322576944, 5523733.296609427779913, 299.14373 ], [ 312826.363194413483143, 5523716.372465325519443, 298.80877 ], [ 312821.861304054618813, 5523696.60682212933898, 299.39196 ], [ 312817.375727618695237, 5523673.167833469808102, 300.43543 ], [ 312813.419555090251379, 5523654.607494714669883, 300.82033 ], [ 312811.353808032348752, 5523628.302022810094059, 301.77626 ], [ 312810.882006871921476, 5523608.507657203823328, 302.08353 ], [ 312812.255514282500371, 5523592.099365473724902, 302.58323 ], [ 312814.651967385900207, 5523571.982753232121468, 303.2025 ], [ 312826.107772420509718, 5523551.551400090567768, 306.5528 ], [ 312847.163475182605907, 5523529.784925744868815, 311.10549 ], [ 312819.221276922384277, 5523514.951554691419005, 305.20184 ], [ 312806.03568531468045, 5523491.814838729798794, 301.63417 ], [ 312802.283210476278327, 5523483.264100950211287, 300.61178 ], [ 312788.116700228769332, 5523448.475382609292865, 296.89512 ], [ 312784.224788808496669, 5523419.339667992666364, 297.50642 ], [ 312779.383621895220131, 5523412.607514278031886, 296.21115 ], [ 312774.377571403631009, 5523413.560545175336301, 294.1874 ], [ 312763.048557104659267, 5523394.143475773744285, 291.5299 ], [ 312745.946718400635291, 5523361.905373267829418, 287.22419 ], [ 312731.906436771329027, 5523324.552565306425095, 283.83861 ], [ 312726.409806807874702, 5523301.037471749819815, 283.06001 ], [ 312733.464419529715087, 5523280.313735871575773, 287.06486 ], [ 312753.757286713807844, 5523249.001973025500774, 295.24356 ], [ 312760.835266386158764, 5523228.945251440629363, 297.31822 ], [ 312764.467869607149623, 5523217.466789827682078, 298.15144 ], [ 312770.984076331369579, 5523189.527567670680583, 298.71187 ], [ 312777.943378885567654, 5523161.906851983629167, 298.34097 ], [ 312781.555284182773903, 5523147.758015432395041, 297.8348 ], [ 312790.275198006478604, 5523121.077818810939789, 297.60061 ], [ 312797.98375194997061, 5523098.439445819705725, 297.7202 ], [ 312805.742039651609957, 5523071.013620675541461, 296.92285 ], [ 312826.105286632664502, 5523052.053652961738408, 301.39049 ], [ 312825.217181257903576, 5523026.48636410664767, 296.76664 ], [ 312827.599197476520203, 5523012.157703585922718, 295.2899 ], [ 312829.417558962362818, 5522998.182512412779033, 293.87079 ], [ 312834.222231350839138, 5522978.983969459310174, 293.12237 ], [ 312839.198744916706346, 5522956.44057847186923, 292.15476 ], [ 312847.366750420536846, 5522940.798012317158282, 292.78403 ], [ 312851.733334362041205, 5522933.857290636748075, 293.08081 ], [ 312856.326767422840931, 5522921.009996898472309, 292.28351 ], [ 312870.648542662383988, 5522910.495979545637965, 294.07414 ], [ 312880.95609548012726, 5522896.337323621846735, 293.88467 ], [ 312893.151780109212268, 5522870.204444956965744, 292.10317 ], [ 312898.302143726730719, 5522829.847718102857471, 286.50199 ], [ 312895.784916087053716, 5522823.702534602023661, 284.61208 ], [ 312888.082501598168164, 5522817.514797193929553, 281.0155 ], [ 312891.152033497695811, 5522806.389901640824974, 280.19287 ], [ 312896.093256950844079, 5522786.964110556058586, 278.90392 ], [ 312901.186060856445692, 5522767.755656309425831, 277.76131 ], [ 312922.615118642570451, 5522744.196008691564202, 280.79833 ], [ 312945.539053997024894, 5522720.139386287890375, 281.97262 ], [ 312966.667769557621796, 5522716.957532656379044, 284.33541 ], [ 312989.78496397472918, 5522727.507460570894182, 285.06607 ], [ 312996.926138643291779, 5522732.045378402806818, 284.77777 ], [ 313028.921496250492055, 5522741.174433943815529, 278.21102 ], [ 313064.45325103297364, 5522752.62950892560184, 272.01241 ], [ 313080.26593241863884, 5522758.090990724042058, 269.90644 ], [ 313097.140463254763745, 5522760.955884342081845, 266.9774 ], [ 313115.152934339479543, 5522773.797992223873734, 265.44091 ], [ 313134.229872454307042, 5522788.27268117852509, 263.72333 ], [ 313150.081028881366365, 5522801.078546239063144, 262.13153 ], [ 313174.727104399586096, 5522830.830383289605379, 260.85943 ], [ 313188.141006159828976, 5522856.408563645556569, 261.91508 ], [ 313202.335399589268491, 5522871.275322987698019, 259.93682 ], [ 313220.886547142639756, 5522880.982796033844352, 254.89936 ], [ 313243.02023997460492, 5522906.815341787412763, 252.45798 ], [ 313267.527958466904238, 5522934.680317776277661, 249.36055 ], [ 313281.181343919131905, 5522950.567670120857656, 248.47526 ], [ 313295.331570442533121, 5522968.3298643771559, 248.50021 ], [ 313297.99845471419394, 5522985.043107597157359, 249.81602 ], [ 313303.969261272752192, 5522989.065470607951283, 249.43883 ], [ 313323.321211790316738, 5522984.499676349572837, 252.25262 ], [ 313319.211151185794733, 5522965.610509308055043, 252.0575 ], [ 313317.449578771484084, 5522950.090148014016449, 251.61094 ], [ 313326.579357863753103, 5522939.312077124603093, 254.79149 ], [ 313337.509635086869821, 5522914.003226441331208, 257.59987 ], [ 313344.279557043453678, 5522893.290334092453122, 258.89966 ], [ 313352.454408765421249, 5522867.409195790998638, 260.64202 ], [ 313356.981255551741924, 5522842.210902022197843, 261.5327 ], [ 313362.420001146791037, 5522810.080708963796496, 263.22005 ], [ 313367.11842580139637, 5522754.492809012532234, 265.05618 ], [ 313369.086279677110724, 5522728.158913850784302, 266.52847 ], [ 313369.976591384736821, 5522710.209502229467034, 267.63383 ], [ 313375.427775195450522, 5522705.457606837153435, 269.65881 ], [ 313374.77119851950556, 5522669.86578221898526, 272.16494 ], [ 313374.224721402977593, 5522647.848197568207979, 274.31852 ], [ 313364.470322638517246, 5522601.108001816086471, 275.52892 ], [ 313353.022871427237988, 5522572.011142889969051, 273.14892 ], [ 313344.933208628906868, 5522550.477397503331304, 271.52556 ], [ 313333.305597198894247, 5522530.735634185373783, 268.50104 ], [ 313322.861925371107645, 5522509.839926913380623, 266.81245 ], [ 313319.373399896314368, 5522479.799674085341394, 270.47481 ], [ 313303.609417258237954, 5522448.737799351103604, 270.4113 ], [ 313294.091338044439908, 5522431.705416042357683, 270.05763 ], [ 313285.522238956298679, 5522412.970736781135201, 270.08695 ], [ 313273.619168734294362, 5522408.152225821278989, 266.69205 ], [ 313262.377506859484129, 5522395.408837073482573, 264.90719 ], [ 313258.197592920740135, 5522380.751351276412606, 265.36698 ], [ 313262.15688471600879, 5522368.260360159911215, 267.5826 ], [ 313271.214404296537396, 5522361.602698930539191, 270.62341 ], [ 313276.482609182130545, 5522328.699287392199039, 270.45489 ], [ 313273.025788407481741, 5522307.895484938286245, 265.64079 ], [ 313272.440324638795573, 5522297.231395707465708, 262.91321 ], [ 313284.205281013390049, 5522279.350413804873824, 261.14598 ], [ 313302.29748957202537, 5522271.600771053694189, 263.0292 ], [ 313322.286526051000692, 5522264.564562791027129, 264.29637 ], [ 313345.83031789760571, 5522258.295689643360674, 265.67245 ], [ 313379.149752649303991, 5522249.462526956573129, 265.81644 ], [ 313444.083337687130552, 5522234.526949195191264, 258.24679 ], [ 313483.374493963143323, 5522229.716976273804903, 254.15326 ], [ 313528.123696326569188, 5522224.49586935620755, 253.01412 ], [ 313561.072033408505376, 5522221.575342086143792, 255.01804 ], [ 313593.085015501768794, 5522224.919894519262016, 258.93998 ], [ 313634.003494396572933, 5522219.275683102197945, 256.84685 ], [ 313656.539295190479606, 5522217.1609678985551, 253.91627 ], [ 313667.627135348855518, 5522219.226132121868432, 253.03518 ], [ 313696.955983157153241, 5522236.575967237353325, 253.21014 ], [ 313733.92253151210025, 5522260.339693607762456, 254.24455 ], [ 313787.124386840732768, 5522301.795077508315444, 263.5594 ], [ 313816.061387096648104, 5522324.501205747947097, 254.47011 ], [ 313847.04248401208315, 5522348.027233114466071, 248.33431 ], [ 313881.336252607172355, 5522373.664922652766109, 246.87377 ], [ 313908.713173720869236, 5522388.746038030833006, 247.16508 ], [ 313926.053450918989256, 5522398.831639451906085, 248.8335 ], [ 313959.773914514691569, 5522414.139171087183058, 253.0542 ], [ 313975.080244153505191, 5522421.624056638218462, 255.88665 ], [ 314000.979932345915586, 5522427.296551126055419, 257.13827 ], [ 314019.947029017726891, 5522428.200130890123546, 256.28578 ], [ 314038.728108859388158, 5522436.233052477240562, 258.41941 ], [ 314098.04566354106646, 5522425.505686828866601, 252.82934 ], [ 314114.810339668300003, 5522418.917538739740849, 250.94587 ], [ 314136.754443538666237, 5522433.074195567518473, 255.08829 ], [ 314159.315904753806535, 5522448.433886800892651, 258.50123 ], [ 314181.480249434476718, 5522464.809007298201323, 261.63308 ], [ 314221.516111178090796, 5522487.913565598428249, 266.04681 ], [ 314243.224750681547448, 5522501.522268436849117, 268.13974 ], [ 314271.253942026873119, 5522514.690640254877508, 266.85318 ], [ 314328.274420793633908, 5522543.888303148560226, 267.80208 ], [ 314355.1946951453574, 5522558.319528047926724, 270.02859 ], [ 314362.894807042670436, 5522562.394764364697039, 270.76746 ], [ 314383.46883069165051, 5522570.255775581113994, 273.13818 ], [ 314403.038439638621639, 5522555.224840378388762, 279.8803 ], [ 314424.927359390654601, 5522557.364720626734197, 285.94906 ], [ 314443.463772521819919, 5522552.052112339995801, 292.61983 ], [ 314453.565736598568037, 5522542.244301008060575, 296.83891 ], [ 314457.15413582266774, 5522523.089457446709275, 300.71612 ], [ 314440.547552883566823, 5522517.540030600503087, 298.91881 ], [ 314416.576074290671386, 5522484.198120621964335, 303.57026 ], [ 314387.519765471341088, 5522447.470005032606423, 304.91718 ], [ 314373.220610396354459, 5522429.487640666775405, 303.77495 ], [ 314356.232900426490232, 5522408.704265798442066, 301.81411 ], [ 314337.443828903953545, 5522379.524626686237752, 300.06433 ], [ 314329.952824545791373, 5522368.987139783799648, 299.36324 ], [ 314322.637544019846246, 5522353.10148231126368, 299.87954 ], [ 314303.817452673451044, 5522304.223919237032533, 304.12665 ], [ 314299.882477987208404, 5522279.874750022776425, 306.84616 ], [ 314297.261563944630325, 5522266.498442406766117, 307.90304 ], [ 314296.089570660726167, 5522232.482769486494362, 310.39835 ], [ 314295.338884954922833, 5522210.694953601807356, 312.34029 ], [ 314295.591211219551042, 5522188.761286190710962, 313.33654 ], [ 314299.124089566525072, 5522163.820942454040051, 313.17932 ], [ 314306.608660031692125, 5522138.633166905492544, 312.67008 ], [ 314311.922979594441131, 5522119.418767158873379, 311.76386 ], [ 314321.761376722715795, 5522101.940529165789485, 311.03848 ], [ 314338.12112090352457, 5522073.108261077664793, 310.13577 ], [ 314351.424943094549235, 5522060.0737857632339, 310.67489 ], [ 314364.243445106549188, 5522035.036291741766036, 309.62589 ], [ 314376.014722355059348, 5522013.039841591380537, 307.59964 ], [ 314391.830534475157037, 5521995.57850559707731, 306.20145 ], [ 314404.872997322119772, 5521981.217653059400618, 305.36661 ], [ 314420.861221717961598, 5521968.758711313828826, 306.09139 ], [ 314440.997142891399562, 5521953.374686026014388, 307.99541 ], [ 314458.235743567580357, 5521943.766466787084937, 310.24467 ], [ 314472.404780017910525, 5521934.931719221174717, 311.48859 ], [ 314504.856227565207519, 5521923.798430184833705, 313.60404 ], [ 314561.788623657193966, 5521893.793492105789483, 312.24177 ], [ 314587.380479966639541, 5521880.00306782964617, 312.4706 ], [ 314606.309103115985636, 5521862.991827726364136, 311.40437 ], [ 314625.452189121744595, 5521841.744121631607413, 308.88032 ], [ 314657.48371247848263, 5521828.845543015748262, 307.92073 ], [ 314678.121824703877792, 5521817.563077139668167, 307.23128 ], [ 314696.978347996424418, 5521798.440084485337138, 304.80662 ], [ 314706.279671887459699, 5521788.326510842889547, 303.13112 ], [ 314722.118334802624304, 5521777.765672753565013, 301.38681 ], [ 314742.047019356745295, 5521760.497997777536511, 298.21264 ], [ 314782.481685394188389, 5521780.476919905282557, 300.26512 ], [ 314795.64541489147814, 5521786.368373981676996, 300.47897 ], [ 314810.308024997706525, 5521791.87448463216424, 300.71446 ], [ 314823.532219720364083, 5521772.277702122926712, 297.37057 ], [ 314855.261104236007668, 5521744.254828214645386, 291.61453 ], [ 314864.563561792718247, 5521723.679923631250858, 287.20331 ], [ 314870.015214265382383, 5521712.585936348885298, 284.69189 ], [ 314874.538912690652069, 5521699.631834177300334, 281.72842 ], [ 314894.048488867178094, 5521670.136881403625011, 273.64309 ], [ 314897.92354694462847, 5521665.552085763774812, 272.206 ], [ 314914.081704991636798, 5521630.718921113759279, 262.60045 ], [ 314906.236017366754822, 5521609.842545255087316, 260.55684 ], [ 314914.413093612587545, 5521583.741725922562182, 259.88233 ], [ 314934.668847702560015, 5521525.61895021237433, 258.41209 ], [ 314955.345138649572618, 5521509.105554021894932, 255.35967 ], [ 314980.211791073554195, 5521490.890325903892517, 251.46146 ], [ 314999.386079156189226, 5521476.765821914188564, 249.13956 ], [ 315016.160734204924665, 5521464.059248130768538, 246.48183 ], [ 315030.371774615719914, 5521433.299891044385731, 241.43763 ], [ 315030.414853982510976, 5521424.061075079254806, 240.15163 ], [ 315030.833420610520989, 5521402.67841524630785, 236.36154 ], [ 315031.692798422125634, 5521387.84693263284862, 233.77174 ], [ 315034.754715628921986, 5521370.04626203328371, 231.06182 ], [ 315039.095577353495173, 5521349.641974376514554, 228.33961 ], [ 315043.643997051287442, 5521341.584116771817207, 226.78964 ], [ 315061.027539889444597, 5521308.824057644233108, 219.31345 ], [ 315059.721027235675137, 5521291.729727038182318, 217.19263 ], [ 315027.564649339939933, 5521261.225600879639387, 214.51588 ], [ 315007.336798811331391, 5521229.978466740809381, 206.46837 ], [ 314984.835839266190305, 5521193.356030295602977, 196.99984 ], [ 314955.850974431843497, 5521148.275324054062366, 182.6915 ], [ 314943.029114095959812, 5521123.006643340922892, 175.07 ], [ 314931.979285337845795, 5521099.01268282532692, 169.70167 ], [ 314904.598359997733496, 5521052.430338376201689, 161.56121 ], [ 314904.707306792086456, 5521049.310386015102267, 161.33731 ], [ 314903.815689486160409, 5521042.218223003670573, 160.76906 ], [ 314902.89029911335092, 5521036.24015246424824, 160.35727 ], [ 314902.817220715689473, 5521032.013515864498913, 160.06765 ], [ 314902.901553575939033, 5521021.882930914871395, 159.369 ], [ 314902.753872512839735, 5521021.776707319542766, 159.36069 ], [ 314901.133196524053346, 5521020.719410327263176, 159.25401 ], [ 314889.55738345568534, 5521012.881104022264481, 159.30496 ], [ 314883.741130718786735, 5521009.185519286431372, 158.87463 ], [ 314883.074654376832768, 5521008.651934285648167, 158.7469 ], [ 314878.273083915701136, 5521005.144105412997305, 157.73876 ], [ 314870.885159424389713, 5520999.72180085722357, 156.73111 ], [ 314859.684188821935095, 5520992.315857050940394, 156.09776 ], [ 314858.502726780832745, 5520991.466077576391399, 156.0915 ], [ 314854.761624581180513, 5520989.479961993172765, 156.0989 ], [ 314851.107720853062347, 5520987.936028028838336, 156.10015 ], [ 314849.649975859327242, 5520987.429617401212454, 156.10035 ], [ 314837.908437675156165, 5520983.158491988666356, 156.48337 ], [ 314834.549891439732164, 5520981.827012780122459, 157.09758 ], [ 314832.213676396757364, 5520980.905600729398429, 157.65155 ], [ 314828.938512879423797, 5520979.905141500756145, 158.39578 ], [ 314807.897866228071507, 5520973.282394923269749, 159.51675 ], [ 314803.528422750358004, 5520971.874360944144428, 159.49088 ], [ 314802.657588208676316, 5520971.681684380397201, 159.48891 ], [ 314801.651744148111902, 5520975.94538137037307, 159.34899 ], [ 314801.587447174300905, 5520976.170176590792835, 159.3408 ], [ 314800.930427189567126, 5520982.202587337233126, 159.11725 ], [ 314800.938063405978028, 5520982.424911874346435, 159.10881 ], [ 314800.739981646591332, 5520991.335188256576657, 158.76666 ], [ 314800.354054400580935, 5521005.260120494291186, 158.26677 ], [ 314799.926745323871728, 5521020.076821971684694, 157.81738 ], [ 314799.391306111239828, 5521027.551872274838388, 157.64477 ], [ 314799.39894250157522, 5521027.774196822196245, 157.63851 ], [ 314797.962749238708057, 5521036.281827480532229, 157.52153 ], [ 314796.998926488042343, 5521041.768311120569706, 157.45981 ], [ 314795.637262258329429, 5521046.155526192858815, 157.45138 ] ] ] } },
{ "type": "Feature", "properties": { "name": "Felsenweg 5 - Prümer Burg", "km": 17.09, "darstell": "F1", "height": 298, "link": "https://www.naturpark-suedeifel.de/a-felsenweg-5-pruemer-burg", "erlebnis": 61, "datum": null }, "geometry": { "type": "MultiLineString", "coordinates": [ [ [ 316376.427613814012147, 5527225.008053128607571, 325.8 ], [ 316371.304679643479176, 5527235.087928986176848, 325.8 ], [ 316354.94219561025966, 5527272.039078382775187, 325.7 ], [ 316340.469577624928206, 5527299.020721648819745, 325.6 ], [ 316324.387828388251364, 5527339.968955995514989, 325.7 ], [ 316316.484287123254035, 5527369.731371459551156, 325.9 ], [ 316308.512795533868484, 5527399.607417899183929, 325.9 ], [ 316303.354547665105201, 5527427.606754302047193, 325.7 ], [ 316302.914149269578047, 5527444.204443814232945, 325.7 ], [ 316302.36931422946509, 5527472.49146371986717, 325.9 ], [ 316302.270230747992173, 5527496.979305756278336, 326.3 ], [ 316293.294033429061528, 5527533.233400166034698, 326.6 ], [ 316284.317978488630615, 5527569.487514210864902, 326.1 ], [ 316275.34206592803821, 5527605.7416478889063, 324.6 ], [ 316271.043726528645493, 5527642.058665505610406, 323.7 ], [ 316266.813514682406094, 5527678.262072950601578, 323.5 ], [ 316262.515335431380663, 5527714.579103679396212, 323.7 ], [ 316258.629952335031703, 5527727.176615370437503, 323.5 ], [ 316256.120696434052661, 5527737.946445563808084, 323.5 ], [ 316253.826075005461462, 5527769.743346304632723, 323.7 ], [ 316251.459656435647048, 5527801.54270358197391, 323.7 ], [ 316255.279212935478427, 5527833.353385276161134, 324.1 ], [ 316271.45097364729736, 5527860.40180475730449, 325.9 ], [ 316280.074977909796871, 5527883.367568137124181, 327.2 ], [ 316277.482752123381943, 5527923.299023547209799, 327.4 ], [ 316274.818752725725062, 5527963.23293655924499, 327.6 ], [ 316280.256850568344817, 5527998.215859030373394, 327.9 ], [ 316285.029659262159839, 5528034.779607761651278, 327.8 ], [ 316289.798630036995746, 5528071.232197445817292, 327.5 ], [ 316294.643192435964011, 5528107.79350202344358, 327.3 ], [ 316301.849034801824018, 5528131.364175408147275, 327.9 ], [ 316322.725564804393798, 5528176.170239999890327, 329.6 ], [ 316334.623070132336579, 5528198.133950258605182, 330.4 ], [ 316348.978624447248876, 5528224.688077042810619, 331.4 ], [ 316361.978352036036085, 5528264.198516956530511, 332.4 ], [ 316369.517942048609257, 5528299.666226052679121, 333.0 ], [ 316382.137165276042651, 5528321.716675977222621, 334.4 ], [ 316404.535101387067698, 5528358.457959789782763, 337.1 ], [ 316426.860916671343148, 5528395.201782673597336, 339.9 ], [ 316438.183641375624575, 5528423.528996046632528, 341.9 ], [ 316425.259434561245143, 5528440.997878775931895, 342.9 ], [ 316411.563114022952504, 5528450.591341611929238, 343.8 ], [ 316390.738400854752399, 5528445.181000421755016, 343.3 ], [ 316352.155713426182047, 5528439.931801680475473, 344.4 ], [ 316313.572935253730975, 5528434.682877757586539, 344.4 ], [ 316274.990066338097677, 5528429.434228650294244, 342.7 ], [ 316238.51021679706173, 5528431.014191781170666, 342.7 ], [ 316212.918956637266092, 5528433.446595542132854, 343.3 ], [ 316209.255467393901199, 5528433.571764688938856, 343.3 ], [ 316192.953822795534506, 5528438.469207511283457, 344.1 ], [ 316152.559879962704144, 5528455.987163947895169, 344.0 ], [ 316137.037829262088053, 5528464.753407389856875, 342.9 ], [ 316121.160831875749864, 5528475.757700558751822, 341.6 ], [ 316105.316920722369105, 5528502.453289916738868, 341.2 ], [ 316089.469375233456958, 5528529.037767125293612, 340.1 ], [ 316078.235579078143928, 5528562.253446365706623, 340.4 ], [ 316073.280377331655473, 5528568.766610292717814, 339.9 ], [ 316066.763513938058168, 5528573.775071154348552, 339.0 ], [ 316059.871905916603282, 5528576.236604489386082, 337.9 ], [ 316053.180193758744281, 5528576.131559832952917, 336.6 ], [ 316038.554676414933056, 5528604.789005010388792, 335.9 ], [ 316018.749016633082647, 5528648.091848722659051, 335.1 ], [ 316005.448527714877855, 5528683.938171937130392, 336.7 ], [ 315993.8053619179409, 5528707.262956474907696, 338.4 ], [ 315982.230330786260311, 5528730.474148377776146, 340.5 ], [ 315962.895398543856572, 5528760.183327074162662, 342.3 ], [ 315954.002250873018056, 5528771.394406924955547, 342.6 ], [ 315948.355749496200588, 5528778.710419185459614, 342.7 ], [ 315944.535856571514159, 5528788.968861578963697, 343.1 ], [ 315938.510125948232599, 5528808.317585001699626, 343.6 ], [ 315930.082614315208048, 5528839.434356491081417, 344.3 ], [ 315922.099433357478119, 5528879.328147893771529, 344.8 ], [ 315919.590554998139851, 5528902.674411044456065, 345.3 ], [ 315915.010614127968438, 5528928.540026579983532, 345.8 ], [ 315915.031032295781188, 5528935.439541693776846, 345.9 ], [ 315915.953827110002749, 5528937.188657539896667, 345.9 ], [ 315921.683235278585926, 5528947.008999437093735, 346.3 ], [ 315947.547520288033411, 5528977.842546638101339, 347.4 ], [ 315970.710796880885027, 5529001.200650633312762, 348.2 ], [ 315988.662814574723598, 5529034.085812388919294, 348.7 ], [ 316001.636223677138332, 5529049.668241005390882, 349.2 ], [ 316018.390081042016391, 5529066.456893160007894, 350.0 ], [ 316031.089969470747747, 5529076.150176810100675, 350.4 ], [ 316045.196302256430499, 5529087.019611035473645, 350.9 ], [ 316068.61517738411203, 5529107.364417896606028, 351.3 ], [ 316087.612016432802193, 5529132.980042138136923, 351.8 ], [ 316104.582420622115023, 5529158.219841863960028, 352.4 ], [ 316121.480850716005079, 5529183.462147869169712, 353.3 ], [ 316150.013302900944836, 5529222.997509502805769, 354.7 ], [ 316170.371710363775492, 5529256.913852337747812, 355.7 ], [ 316183.408315440290608, 5529272.27191586047411, 356.3 ], [ 316191.098168142372742, 5529278.464099084958434, 356.7 ], [ 316209.708534307428636, 5529305.428824502043426, 357.2 ], [ 316225.773878653242718, 5529327.361076585948467, 357.7 ], [ 316241.76727695344016, 5529349.295828313566744, 358.1 ], [ 316256.781650513061322, 5529372.043126602657139, 358.4 ], [ 316271.795903895632364, 5529394.790464428253472, 358.5 ], [ 316298.413351050985511, 5529433.056405974552035, 358.4 ], [ 316325.026641056290828, 5529471.211308356374502, 358.0 ], [ 316351.571549690444954, 5529509.479951737448573, 357.7 ], [ 316378.187917383096647, 5529547.746266542933881, 358.3 ], [ 316404.803924908046611, 5529586.012705887667835, 359.7 ], [ 316427.926520021341275, 5529620.948426500894129, 360.7 ], [ 316417.516253110312391, 5529644.564139130525291, 360.7 ], [ 316390.509783404879272, 5529674.86769341584295, 360.1 ], [ 316363.499828660744242, 5529705.06022806186229, 359.4 ], [ 316336.221906804828905, 5529735.818537699989974, 359.7 ], [ 316309.016119650914334, 5529766.574540983885527, 360.4 ], [ 316286.103649920318276, 5529792.509680195711553, 361.6 ], [ 316263.267019782564603, 5529818.553632886148989, 363.0 ], [ 316240.358802012982778, 5529844.600143101997674, 364.4 ], [ 316235.799193813581951, 5529837.410600240342319, 364.0 ], [ 316227.719916205620393, 5529826.11220093537122, 363.4 ], [ 316217.963406120717991, 5529820.435820162296295, 362.9 ], [ 316212.630127627169713, 5529820.061648624949157, 362.8 ], [ 316183.497379116131924, 5529828.069026253186166, 363.2 ], [ 316154.368509978288785, 5529836.187727528624237, 363.8 ], [ 316134.22708879748825, 5529840.103967065922916, 364.0 ], [ 316127.514554491615854, 5529841.44645173382014, 364.0 ], [ 316104.171939721331, 5529846.362629724666476, 364.0 ], [ 316088.996742149931379, 5529848.328490363433957, 364.0 ], [ 316074.581524487002753, 5529851.492628932930529, 364.1 ], [ 316032.659947629435919, 5529866.059494382701814, 365.2 ], [ 316006.975659828982316, 5529878.17903405148536, 366.0 ], [ 315988.823375069187023, 5529885.589168485254049, 366.4 ], [ 315978.543062939541414, 5529887.721711588092148, 366.4 ], [ 315964.785258559568319, 5529889.082950829528272, 366.3 ], [ 315952.501785930711776, 5529891.506697541102767, 366.2 ], [ 315913.552604492171668, 5529894.175619109533727, 366.1 ], [ 315874.607252052926924, 5529896.95598728209734, 366.5 ], [ 315851.544163732149173, 5529899.526539605110884, 366.5 ], [ 315816.171575104643125, 5529905.857675416395068, 366.1 ], [ 315814.674914074479602, 5529906.24282765109092, 366.1 ], [ 315787.187200880842283, 5529913.973469043150544, 366.0 ], [ 315768.188217020127922, 5529919.743968564085662, 365.8 ], [ 315729.033729197690263, 5529931.10222414880991, 365.2 ], [ 315690.612765881232917, 5529942.880805949680507, 365.6 ], [ 315673.828145543579012, 5529946.127268498763442, 365.5 ], [ 315643.814694564207457, 5529949.382188780233264, 365.2 ], [ 315631.3764014627086, 5529951.478109577670693, 364.9 ], [ 315592.760683392407373, 5529955.473481805995107, 364.4 ], [ 315554.077007142186631, 5529959.582759806886315, 363.7 ], [ 315515.465186751447618, 5529963.689853341318667, 363.8 ], [ 315476.781596364919096, 5529967.799690064042807, 363.1 ], [ 315475.15549196122447, 5529976.981649206019938, 363.6 ], [ 315472.824067262350582, 5529990.750892304815352, 364.0 ], [ 315476.39204226853326, 5530002.536952546797693, 364.6 ], [ 315481.465594467474148, 5530018.38924128562212, 365.1 ], [ 315483.361437827465124, 5530025.447027027606964, 365.2 ], [ 315486.196219446137547, 5530049.389358365908265, 365.1 ], [ 315483.227255868143402, 5530055.055977710522711, 364.9 ], [ 315479.683129474578891, 5530058.627742568030953, 364.8 ], [ 315473.924294028256554, 5530062.609405140392482, 364.5 ], [ 315468.433636152010877, 5530066.025397091172636, 364.2 ], [ 315455.362863571383059, 5530074.82112692296505, 363.7 ], [ 315452.632964483578689, 5530083.261924682185054, 363.7 ], [ 315452.798418387188576, 5530092.271106324158609, 363.8 ], [ 315466.960372245055623, 5530115.268160187639296, 364.8 ], [ 315481.122212278773077, 5530138.265249121002853, 365.9 ], [ 315495.496228427800816, 5530163.258389443159103, 366.8 ], [ 315496.840428383904509, 5530171.002876745536923, 366.8 ], [ 315504.240443632821552, 5530193.898189621046185, 367.1 ], [ 315513.727364411519375, 5530218.947786684148014, 367.5 ], [ 315516.679573487606831, 5530244.221633956767619, 368.0 ], [ 315513.862160027842037, 5530262.681914776563644, 368.3 ], [ 315514.000160248368047, 5530268.798379052430391, 368.5 ], [ 315514.720684261992574, 5530300.270010266453028, 369.5 ], [ 315515.51683976338245, 5530331.85034213680774, 370.7 ], [ 315514.524991101701744, 5530338.562052593566477, 370.9 ], [ 315511.798546402307693, 5530357.575692220591009, 371.3 ], [ 315511.344372231047601, 5530367.385200367309153, 371.4 ], [ 315511.964848333445843, 5530381.275728256441653, 371.5 ], [ 315517.534641545033082, 5530413.693896479904652, 371.3 ], [ 315519.326229171303567, 5530426.097406554967165, 371.4 ], [ 315521.684189788531512, 5530448.720581701025367, 371.9 ], [ 315516.627960907993838, 5530485.73260463308543, 373.2 ], [ 315512.875501713017002, 5530510.457488651387393, 373.5 ], [ 315508.836147313530091, 5530547.768515589646995, 373.1 ], [ 315508.681952019687742, 5530585.168798218481243, 372.5 ], [ 315509.869169738143682, 5530621.855277355760336, 372.2 ], [ 315510.984590977255721, 5530658.544222536496818, 371.8 ], [ 315511.160396139952354, 5530676.234035473316908, 371.4 ], [ 315511.451662269770168, 5530711.949618006125093, 370.0 ], [ 315513.489096885896288, 5530748.27303924690932, 368.0 ], [ 315515.526526860776357, 5530784.596462354063988, 366.7 ], [ 315516.134909434884321, 5530796.038931126706302, 366.6 ], [ 315515.999625721015036, 5530798.380762045271695, 366.6 ], [ 315515.66488789813593, 5530803.289215696044266, 366.5 ], [ 315514.942690558265895, 5530813.664406122639775, 366.5 ], [ 315510.132325417245738, 5530826.405806928873062, 366.5 ], [ 315496.988905463018455, 5530849.783650272525847, 366.0 ], [ 315483.841791019774973, 5530873.050365513190627, 366.0 ], [ 315473.188732076203451, 5530895.675023788586259, 366.5 ], [ 315462.467786587658338, 5530918.413334828801453, 367.1 ], [ 315450.970031374366954, 5530945.741430788300931, 367.9 ], [ 315436.330497995018959, 5530990.428134735673666, 367.8 ], [ 315427.217691540601663, 5531018.11958537157625, 366.7 ], [ 315412.971337988623418, 5531051.218216936104, 365.5 ], [ 315410.309381447092164, 5531057.430854693986475, 365.4 ], [ 315399.4563800363685, 5531057.469717537052929, 365.0 ], [ 315387.204844531079289, 5531056.55498565081507, 364.4 ], [ 315365.278133999439888, 5531041.838187302462757, 362.9 ], [ 315343.279503498983104, 5531027.123942482285202, 360.5 ], [ 315325.004342512518633, 5531005.71544218622148, 356.7 ], [ 315312.371347174979746, 5530974.875639924779534, 351.0 ], [ 315298.847623290959746, 5530947.405317695811391, 344.4 ], [ 315285.34130557073513, 5530916.261690919287503, 336.4 ], [ 315277.643170807394199, 5530895.157615174539387, 331.1 ], [ 315269.042261371971108, 5530885.436661693267524, 327.9 ], [ 315257.285907137324102, 5530875.935468754731119, 324.8 ], [ 315242.748380375502165, 5530867.086371179670095, 322.5 ], [ 315213.34937959711533, 5530852.515683463774621, 321.2 ], [ 315180.227189317345619, 5530836.292444719932973, 320.2 ], [ 315147.108615238103084, 5530820.180569126270711, 318.6 ], [ 315139.444123768713325, 5530818.886028168722987, 319.0 ], [ 315131.995032873935997, 5530817.584089577198029, 319.5 ], [ 315110.030535033089109, 5530816.447546677663922, 322.0 ], [ 315089.572143549798056, 5530811.030064224265516, 322.9 ], [ 315072.460756778134964, 5530802.603830144740641, 322.0 ], [ 315029.23577960242983, 5530785.282225374132395, 321.3 ], [ 314988.536859946907498, 5530772.437112553045154, 323.2 ], [ 314963.887946179020219, 5530760.152722474187613, 323.4 ], [ 314948.627021580468863, 5530740.756219437345862, 320.3 ], [ 314937.930590227013454, 5530728.659392210654914, 318.8 ], [ 314927.236864172271453, 5530722.906325555406511, 318.8 ], [ 314896.431649512378499, 5530711.39066638238728, 319.9 ], [ 314864.214142914861441, 5530702.706202992238104, 320.4 ], [ 314835.778153542953078, 5530699.456436088308692, 320.1 ], [ 314822.744419206865132, 5530700.907084220089018, 319.9 ], [ 314784.798847849480808, 5530711.674541292712092, 318.2 ], [ 314768.639138033962809, 5530695.425747916102409, 312.9 ], [ 314767.73919104586821, 5530694.3438042672351, 312.6 ], [ 314766.084774609538727, 5530688.05696923378855, 311.3 ], [ 314768.791218927362934, 5530681.063383079133928, 310.6 ], [ 314798.123339982586913, 5530651.894939706660807, 308.2 ], [ 314808.779986057663336, 5530641.956380542367697, 307.1 ], [ 314838.387289817794226, 5530618.677361531183124, 304.0 ], [ 314843.007679696544074, 5530615.068052915856242, 303.5 ], [ 314868.175722864514682, 5530602.73777936398983, 300.4 ], [ 314907.952846899745055, 5530586.677020048722625, 295.8 ], [ 314922.034238838707097, 5530586.414773836731911, 296.0 ], [ 314932.669910965836607, 5530588.38580275978893, 295.8 ], [ 314947.196319226932246, 5530594.786019171588123, 295.4 ], [ 314967.847666925168596, 5530616.222893626429141, 295.8 ], [ 314974.914858930977061, 5530625.217142292298377, 295.9 ], [ 314987.584268263657577, 5530646.594943138770759, 296.8 ], [ 315005.538218427682295, 5530671.129755579866469, 297.5 ], [ 315014.230864709476009, 5530681.403651569969952, 297.7 ], [ 315032.979446546640247, 5530699.789959786459804, 297.8 ], [ 315041.689377817325294, 5530706.390558139421046, 297.7 ], [ 315047.853842634824105, 5530707.959173142910004, 296.9 ], [ 315056.798634526203386, 5530706.761049692519009, 295.1 ], [ 315063.818316556047648, 5530701.845137543044984, 292.7 ], [ 315094.646952021401376, 5530697.33442893717438, 286.7 ], [ 315121.246881534694694, 5530693.191929787397385, 284.1 ], [ 315133.834560342482291, 5530691.312169529497623, 284.1 ], [ 315147.056177858961746, 5530686.962146908976138, 284.6 ], [ 315156.57678892329568, 5530679.511866980232298, 285.2 ], [ 315159.038567299256101, 5530673.751165914349258, 285.4 ], [ 315161.189378454408143, 5530665.218782885931432, 285.9 ], [ 315159.82945829507662, 5530657.029711217619479, 285.7 ], [ 315152.514980527805164, 5530642.924170721322298, 284.2 ], [ 315130.270002808072604, 5530612.749131933785975, 278.8 ], [ 315124.764486024912912, 5530605.259115521796048, 277.4 ], [ 315120.691222628112882, 5530597.608549300581217, 276.3 ], [ 315113.914923030126374, 5530578.253673196770251, 274.5 ], [ 315111.856827878509648, 5530572.759704796597362, 273.9 ], [ 315105.388570268056355, 5530539.371059468947351, 273.4 ], [ 315109.06995621410897, 5530502.183174634352326, 278.4 ], [ 315111.486741041764617, 5530497.203068660572171, 279.5 ], [ 315100.284718509879895, 5530468.317748505622149, 277.6 ], [ 315089.082589062745683, 5530439.432449886575341, 274.6 ], [ 315076.024840454396326, 5530410.944885875098407, 269.8 ], [ 315060.58796627674019, 5530378.087387818843126, 264.1 ], [ 315045.147095602238551, 5530345.118767395615578, 259.2 ], [ 315071.447958180389833, 5530325.961576484143734, 262.2 ], [ 315073.269085037987679, 5530324.563390605151653, 262.3 ], [ 315078.568892525858246, 5530317.703381588682532, 262.9 ], [ 315081.125997652532533, 5530304.26001448277384, 263.8 ], [ 315081.125613384938333, 5530293.798290707170963, 265.3 ], [ 315077.920602219062857, 5530284.22586262691766, 266.8 ], [ 315070.966223099268973, 5530274.337227421812713, 267.6 ], [ 315065.674053010414355, 5530262.610699109733105, 268.7 ], [ 315057.298738971119747, 5530253.216138823889196, 268.5 ], [ 315055.022514486277942, 5530241.385868390090764, 269.6 ], [ 315054.780742902075872, 5530232.267988015897572, 270.6 ], [ 315054.710209394106641, 5530226.037889337167144, 271.3 ], [ 315056.533098262094427, 5530191.251113814301789, 274.1 ], [ 315060.352230274816975, 5530176.873965960927308, 274.5 ], [ 315066.128090005891863, 5530169.218512854538858, 274.7 ], [ 315069.101219847914763, 5530165.777391047216952, 274.9 ], [ 315077.54090093949344, 5530156.138307296670973, 275.5 ], [ 315078.039387368015014, 5530145.548131937161088, 275.0 ], [ 315078.568466067139525, 5530135.847265051677823, 274.7 ], [ 315077.097596673003864, 5530105.625605691224337, 273.7 ], [ 315075.626726624846924, 5530075.403947553597391, 272.3 ], [ 315060.475112025276758, 5530029.960263251326978, 270.3 ], [ 315050.608901850471739, 5529998.135379704646766, 270.8 ], [ 315040.742591739282943, 5529966.310512783005834, 271.2 ], [ 315028.760450916888658, 5529927.324270207434893, 272.1 ], [ 315030.379025050846394, 5529920.034408605657518, 272.7 ], [ 315024.341154381050728, 5529915.901621167548001, 271.8 ], [ 315012.840749628900085, 5529909.730876717716455, 269.9 ], [ 314983.935812969692051, 5529897.147438333369792, 267.0 ], [ 314955.106374969007447, 5529884.672844117507339, 264.6 ], [ 314991.66818672377849, 5529866.942987749353051, 268.0 ], [ 315028.298220110824332, 5529849.099752079695463, 269.8 ], [ 315039.521717236377299, 5529843.037607835605741, 270.4 ], [ 315050.850630832370371, 5529835.858912325464189, 271.4 ], [ 315052.751392397098243, 5529834.680581012740731, 271.6 ], [ 315061.547702399897389, 5529827.03255002014339, 272.5 ], [ 315070.248454297601711, 5529816.605446958914399, 273.2 ], [ 315085.664352266758215, 5529792.369431656785309, 274.3 ], [ 315099.160235045710579, 5529758.294245109893382, 274.5 ], [ 315100.969292243476957, 5529754.448008299805224, 274.6 ], [ 315113.779417917598039, 5529725.516019145026803, 274.4 ], [ 315138.353760360274464, 5529689.501913709565997, 272.3 ], [ 315149.667056762962602, 5529679.764209790155292, 270.9 ], [ 315164.381753226334695, 5529668.574071147479117, 268.8 ], [ 315183.153434086416382, 5529660.360787061974406, 269.2 ], [ 315194.388187098084018, 5529652.517897044308484, 269.6 ], [ 315202.208586771739647, 5529641.5648247981444, 267.6 ], [ 315202.654002285329625, 5529639.880095303058624, 267.2 ], [ 315205.435754373087548, 5529628.766311676241457, 265.9 ], [ 315205.581673209555447, 5529624.643390119075775, 265.5 ], [ 315204.130018958705477, 5529613.786390199325979, 264.8 ], [ 315193.924888790235855, 5529574.182287651114166, 262.0 ], [ 315184.227780486806296, 5529549.36294484231621, 259.7 ], [ 315169.379444249498192, 5529516.930035602301359, 258.9 ], [ 315160.864943820226472, 5529501.418840358965099, 259.5 ], [ 315172.466698094329331, 5529483.324188883416355, 261.5 ], [ 315191.585125791432802, 5529449.612557369284332, 262.5 ], [ 315196.805815737170633, 5529440.418264725245535, 262.8 ], [ 315207.905074870795943, 5529432.802680080756545, 263.0 ], [ 315225.688969157985412, 5529429.297921975143254, 263.6 ], [ 315257.836919828958344, 5529425.299733325839043, 262.8 ], [ 315268.648134998162277, 5529426.041275861673057, 263.4 ], [ 315290.064364005578682, 5529421.521597971208394, 263.4 ], [ 315297.563487874751445, 5529420.039778192527592, 263.7 ], [ 315317.137721773353405, 5529412.133345662616193, 263.8 ], [ 315352.583320617151912, 5529412.029084688983858, 267.8 ], [ 315362.198213569237851, 5529407.247166500426829, 267.7 ], [ 315378.165594096295536, 5529396.905032210052013, 267.5 ], [ 315405.721510082716122, 5529382.715011455118656, 266.3 ], [ 315431.778968996368349, 5529375.142942338250577, 266.0 ], [ 315450.367785027716309, 5529369.94190277159214, 265.8 ], [ 315466.583384892554022, 5529366.825665510259569, 265.4 ], [ 315471.440504439931829, 5529365.879934047348797, 265.1 ], [ 315485.834550958592445, 5529364.16179421544075, 264.6 ], [ 315498.766775414347649, 5529365.943972427397966, 264.9 ], [ 315518.855653928010724, 5529370.930788832716644, 265.9 ], [ 315534.18843874160666, 5529373.52105316426605, 265.2 ], [ 315545.220213571330532, 5529378.596066588535905, 264.7 ], [ 315556.279899975867011, 5529388.678387763909996, 265.2 ], [ 315565.989588916709181, 5529397.137615725398064, 265.6 ], [ 315573.306301671895199, 5529405.011162189766765, 266.4 ], [ 315579.733850800781511, 5529410.021559619344771, 266.8 ], [ 315587.423043879447505, 5529411.983752721920609, 266.3 ], [ 315616.83243165834574, 5529414.091529969125986, 264.6 ], [ 315646.309796345769428, 5529416.085841700434685, 264.0 ], [ 315651.117937591392547, 5529415.809715534560382, 263.7 ], [ 315682.544696791097522, 5529413.842100936919451, 263.1 ], [ 315695.580547385034151, 5529408.16448134649545, 261.9 ], [ 315715.147145466064103, 5529397.922615994699299, 261.0 ], [ 315749.465856348630041, 5529381.721947664394975, 263.1 ], [ 315753.184748586150818, 5529379.03476598393172, 263.4 ], [ 315753.754960837424733, 5529376.789348108693957, 263.3 ], [ 315752.786469418322667, 5529373.706296747550368, 263.0 ], [ 315750.729239560838323, 5529370.326665993779898, 262.5 ], [ 315715.29047139652539, 5529353.845236863940954, 255.7 ], [ 315692.849575844709761, 5529345.265599238686264, 251.6 ], [ 315681.221033466106746, 5529341.657566225156188, 249.4 ], [ 315677.440610512741841, 5529340.451611764729023, 248.8 ], [ 315659.917735376744531, 5529332.705186311155558, 246.2 ], [ 315654.216015840647742, 5529327.892399960197508, 245.3 ], [ 315647.019527734140866, 5529317.23226972296834, 244.1 ], [ 315645.20054067694582, 5529314.512272349558771, 243.8 ], [ 315642.669787373510189, 5529307.810085510835052, 243.4 ], [ 315640.362115492462181, 5529301.322840231470764, 243.1 ], [ 315639.570029661234003, 5529280.315394148230553, 243.4 ], [ 315639.877560248482041, 5529257.823427467606962, 244.8 ], [ 315642.654598331195302, 5529252.831282873637974, 245.8 ], [ 315633.754487731843255, 5529247.01521672308445, 245.1 ], [ 315612.271603786735795, 5529232.838329358957708, 244.2 ], [ 315601.163381911464967, 5529225.539903376251459, 243.9 ], [ 315562.102901338832453, 5529199.946164146997035, 241.4 ], [ 315525.923235187307, 5529176.591049111448228, 238.7 ], [ 315491.538205696851946, 5529151.059996237047017, 237.8 ], [ 315457.156663584173657, 5529125.640319558791816, 237.7 ], [ 315434.904983146116138, 5529110.043640349060297, 238.9 ], [ 315412.653172839432955, 5529094.447050367482007, 238.3 ], [ 315374.51555478211958, 5529064.371116162277758, 235.8 ], [ 315336.377511234255508, 5529034.295443166047335, 233.5 ], [ 315298.239042198576499, 5529004.220031377859414, 229.8 ], [ 315293.265658488671761, 5528997.601865193806589, 229.0 ], [ 315315.325859790318646, 5528980.37270213663578, 229.9 ], [ 315337.314375525165815, 5528963.146099465899169, 230.2 ], [ 315363.566830378840677, 5528944.437680475413799, 231.8 ], [ 315372.890126809477806, 5528935.325362734496593, 232.0 ], [ 315400.033287974540144, 5528911.133136509917676, 232.1 ], [ 315402.878996087121777, 5528908.141811241395772, 231.9 ], [ 315426.832706815388519, 5528874.821774291805923, 228.7 ], [ 315435.908935252868105, 5528860.598519205115736, 227.6 ], [ 315452.052887575817294, 5528828.103090453892946, 225.6 ], [ 315460.824785848148167, 5528807.101377199403942, 224.5 ], [ 315462.851227086619474, 5528794.900772438384593, 223.1 ], [ 315462.755240872036666, 5528790.007116968743503, 222.4 ], [ 315494.042144483420998, 5528762.890913682058454, 225.2 ], [ 315525.257535399869084, 5528735.777364440262318, 226.8 ], [ 315556.469430286553688, 5528708.552841397002339, 226.7 ], [ 315581.180000218388159, 5528684.667657321318984, 226.0 ], [ 315605.815151055459864, 5528660.673891773447394, 226.1 ], [ 315639.506552786799148, 5528628.134082466363907, 227.4 ], [ 315660.403758930624463, 5528606.272009589709342, 230.3 ], [ 315678.277695570373908, 5528588.520210367627442, 233.4 ], [ 315696.151751817669719, 5528570.768473773263395, 235.7 ], [ 315720.012507511302829, 5528545.132420177571476, 236.8 ], [ 315732.027610779856332, 5528530.58648042473942, 236.7 ], [ 315744.903218617371749, 5528509.667344047687948, 235.6 ], [ 315754.717297719675116, 5528491.746748506091535, 235.2 ], [ 315771.268269134452567, 5528456.344894315116107, 236.4 ], [ 315777.204555598087609, 5528442.7863276777789, 237.7 ], [ 315778.754235808446538, 5528425.037536328658462, 237.3 ], [ 315778.23829447850585, 5528401.572208220139146, 236.2 ], [ 315778.012186327250674, 5528388.669868167489767, 235.8 ], [ 315774.535141852335073, 5528345.940824979916215, 233.5 ], [ 315774.834718981524929, 5528333.688245736062527, 233.1 ], [ 315779.374375924118795, 5528312.943425588309765, 233.3 ], [ 315779.501827907341067, 5528308.264721181243658, 232.9 ], [ 315780.207125257409643, 5528284.757576265372336, 230.7 ], [ 315783.879921095562167, 5528242.896631754003465, 224.6 ], [ 315788.268924595438875, 5528224.048982320353389, 221.4 ], [ 315796.142304920474999, 5528214.541998119093478, 219.8 ], [ 315808.515238348278217, 5528206.216490278020501, 218.3 ], [ 315818.280215658072848, 5528201.541700774803758, 217.5 ], [ 315830.484312537475489, 5528198.786713612265885, 217.1 ], [ 315868.566574544180185, 5528204.049436391331255, 219.1 ], [ 315871.167900602042209, 5528204.405574060976505, 219.2 ], [ 315899.850047605577856, 5528206.094985158182681, 220.4 ], [ 315907.056498287420254, 5528206.516132605262101, 220.7 ], [ 315910.197833217680454, 5528203.737587990239263, 220.3 ], [ 315913.867337940784637, 5528195.3762908866629, 219.4 ], [ 315912.617159830231685, 5528165.1472078980878, 219.0 ], [ 315912.336107312235981, 5528159.035676655359566, 219.1 ], [ 315909.572669112123549, 5528124.517927029170096, 221.4 ], [ 315906.80921604426112, 5528090.000179561786354, 224.6 ], [ 315904.04574810876511, 5528055.482434255070984, 227.6 ], [ 315908.64361662522424, 5528019.599856927990913, 232.5 ], [ 315913.165925383043941, 5527983.608581434935331, 234.4 ], [ 315917.688316617743112, 5527947.61731293424964, 233.3 ], [ 315920.920645450241864, 5527926.472235451452434, 232.4 ], [ 315941.804099758097436, 5527929.319140610285103, 239.8 ], [ 315960.413217544672079, 5527922.45009655598551, 245.2 ], [ 315975.815554927801713, 5527893.320816192775965, 246.7 ], [ 315986.318882208550349, 5527870.257699264213443, 247.0 ], [ 316009.256855140207335, 5527838.533644031733274, 250.0 ], [ 316032.231965267797932, 5527822.612095951102674, 255.3 ], [ 316050.248568094335496, 5527819.436332686804235, 260.6 ], [ 316055.940827193437144, 5527807.110741542652249, 261.2 ], [ 316062.659144411969464, 5527780.615824493579566, 261.2 ], [ 316069.377539226901717, 5527754.120918360538781, 261.5 ], [ 316077.272324116085656, 5527707.33042832929641, 260.5 ], [ 316080.058182379871141, 5527679.411871067248285, 259.0 ], [ 316082.735225187207107, 5527633.578817457892001, 256.7 ], [ 316085.412349625024945, 5527587.745769090950489, 256.5 ], [ 316089.496415008441545, 5527566.237865637987852, 258.9 ], [ 316091.216543537157122, 5527540.804207669571042, 261.0 ], [ 316092.638973374268971, 5527498.241566268727183, 263.8 ], [ 316094.057657554629259, 5527455.567764820531011, 264.9 ], [ 316095.404548763413914, 5527412.896422238089144, 264.5 ], [ 316096.827139169501606, 5527370.333790843375027, 264.1 ], [ 316095.672098032431677, 5527359.689116911031306, 263.8 ], [ 316093.604482303198893, 5527341.285106603987515, 263.5 ], [ 316093.709849304577801, 5527338.05400223005563, 263.5 ], [ 316094.918629948282614, 5527306.07153869792819, 263.7 ], [ 316097.685651385225356, 5527275.482636541128159, 264.2 ], [ 316099.561133356648497, 5527250.377573542296886, 264.5 ], [ 316101.512291784747504, 5527225.381220451556146, 264.5 ], [ 316115.317698641330935, 5527193.636075230315328, 266.4 ], [ 316210.55654377466999, 5527191.495446691289544, 302.9 ], [ 316270.279246098478325, 5527223.622997794300318, 324.5 ], [ 316280.620708673144691, 5527214.700365881435573, 325.9 ], [ 316292.687355428002775, 5527212.062559187412262, 326.0 ], [ 316301.801096936978865, 5527213.532127032056451, 326.0 ], [ 316309.020930657279678, 5527220.631005210801959, 326.0 ], [ 316303.76659460918745, 5527205.785819481126964, 326.0 ], [ 316299.4047874949174, 5527191.800513008609414, 325.9 ], [ 316297.111679052643012, 5527179.413983569480479, 325.8 ], [ 316296.502475758141372, 5527176.318577729165554, 325.7 ], [ 316303.267500498623122, 5527174.306956628337502, 325.9 ], [ 316303.796019487257581, 5527166.60970317851752, 325.9 ], [ 316300.566874907002784, 5527137.338600162416697, 325.5 ], [ 316281.561149642453529, 5527111.610984221100807, 324.2 ], [ 316267.53912688040873, 5527113.870390443131328, 320.8 ], [ 316271.64496977836825, 5527105.605825431644917, 322.1 ], [ 316274.325707156676799, 5527101.952928747981787, 322.9 ], [ 316265.611731117474847, 5527093.235705120489001, 320.6 ], [ 316252.15122706949478, 5527080.340133288875222, 315.5 ], [ 316244.385895716783125, 5527067.806588289327919, 311.9 ], [ 316235.223901274148375, 5527045.972133890725672, 306.5 ], [ 316220.201118622440845, 5527002.07923334185034, 292.6 ], [ 316204.763434664113447, 5526996.596620628610253, 284.9 ], [ 316207.334093733225018, 5526989.719954200088978, 284.6 ], [ 316206.247875544242561, 5526983.190763122402132, 283.0 ], [ 316209.139565627323464, 5526973.075637471862137, 282.3 ], [ 316212.510907269141171, 5526958.047242208383977, 281.0 ], [ 316211.514421825762838, 5526943.613183698616922, 278.4 ], [ 316210.067833930836059, 5526928.638031721115112, 276.0 ], [ 316213.01975995459361, 5526916.072408633306623, 275.5 ], [ 316210.394249154021963, 5526908.705439960584044, 273.9 ], [ 316225.011173024307936, 5526881.718563508242369, 275.1 ], [ 316239.700107493728865, 5526854.729277832433581, 275.8 ], [ 316246.656249855470378, 5526835.126801293343306, 275.3 ], [ 316250.019456574111246, 5526813.532440228387713, 273.7 ], [ 316254.2877219368238, 5526801.58966717030853, 273.4 ], [ 316256.775318243657239, 5526794.381993088871241, 273.2 ], [ 316272.020799601450562, 5526768.931922853924334, 273.2 ], [ 316286.794517957547214, 5526750.73204430565238, 273.4 ], [ 316295.483596645644866, 5526735.522214261814952, 272.8 ], [ 316297.208413459127769, 5526703.85617583990097, 267.6 ], [ 316302.463446389418095, 5526687.094183017499745, 266.2 ], [ 316314.839234790124465, 5526663.968069941736758, 265.2 ], [ 316326.106933065981138, 5526639.989464519545436, 263.1 ], [ 316336.683796388679184, 5526627.386325905099511, 263.0 ], [ 316347.695647902204655, 5526614.879661484621465, 263.4 ], [ 316364.025009158882312, 5526602.191595511510968, 265.7 ], [ 316373.044124686159194, 5526592.424004362896085, 266.9 ], [ 316380.258850643527694, 5526578.266278660856187, 266.9 ], [ 316387.310360424104147, 5526557.213985873386264, 266.1 ], [ 316393.835981575073674, 5526533.39732840936631, 265.5 ], [ 316400.108734395587817, 5526514.820064323954284, 265.6 ], [ 316406.824431443703361, 5526500.790701259858906, 266.4 ], [ 316409.482116376399063, 5526488.012687336653471, 266.2 ], [ 316422.268350762024056, 5526476.892487808130682, 269.1 ], [ 316426.02707624132745, 5526468.973809148184955, 269.6 ], [ 316428.916091963415965, 5526462.976769691333175, 270.0 ], [ 316436.145648849138524, 5526440.805566869676113, 270.4 ], [ 316438.594438367174007, 5526415.569926667027175, 268.8 ], [ 316441.252091871981975, 5526400.677379013970494, 268.2 ], [ 316447.074758353061043, 5526377.329960226081312, 267.8 ], [ 316458.158169825037476, 5526350.019220023415983, 269.1 ], [ 316469.169843713752925, 5526322.710956498980522, 270.9 ], [ 316471.411491016682703, 5526306.163229819387197, 270.5 ], [ 316465.934247398166917, 5526297.446576559916139, 268.2 ], [ 316441.957884252420627, 5526284.241266786120832, 260.4 ], [ 316431.480734559998382, 5526278.700045363977551, 257.3 ], [ 316428.446706595364958, 5526269.900106706656516, 255.8 ], [ 316427.103073868667707, 5526257.92632925324142, 254.4 ], [ 316433.705822846095543, 5526244.791221701540053, 254.6 ], [ 316447.2832131080213, 5526233.644143614917994, 256.5 ], [ 316454.877268932992592, 5526224.259211409837008, 257.1 ], [ 316458.632002714788541, 5526209.885741306468844, 255.8 ], [ 316464.481855823658407, 5526191.545602878555655, 254.3 ], [ 316472.556162017630413, 5526179.362014484591782, 254.7 ], [ 316475.944376641476993, 5526169.007588366046548, 254.0 ], [ 316482.689126816752832, 5526126.263912021182477, 248.3 ], [ 316490.909062330261804, 5526082.468333568423986, 243.5 ], [ 316491.584676079626661, 5526060.075516662560403, 240.4 ], [ 316490.167970257694833, 5526026.958656762726605, 235.9 ], [ 316488.679400278604589, 5525993.84424808435142, 231.9 ], [ 316495.099499016883783, 5525954.22787528950721, 228.9 ], [ 316493.133925195259508, 5525913.45055228099227, 222.3 ], [ 316492.918068426952232, 5525909.228797795251012, 221.6 ], [ 316495.810922372271307, 5525896.999315733090043, 220.6 ], [ 316505.99231065204367, 5525879.068079367280006, 221.5 ], [ 316517.743137342273258, 5525854.405833904631436, 222.4 ], [ 316527.583845332788769, 5525828.584501106292009, 222.0 ], [ 316533.003253428847529, 5525810.259157408028841, 220.2 ], [ 316555.310564265819266, 5525765.983705565333366, 218.3 ], [ 316555.393107724026777, 5525751.512890960089862, 216.0 ], [ 316552.498624492320232, 5525734.138622408732772, 212.9 ], [ 316552.414605762343854, 5525716.89117568731308, 210.9 ], [ 316553.487595624756068, 5525689.254121175967157, 208.7 ], [ 316554.564397228125017, 5525661.72823141515255, 207.1 ], [ 316552.936661275336519, 5525635.073540503159165, 205.4 ], [ 316551.377004534529988, 5525608.305238571017981, 204.3 ], [ 316548.60349013924133, 5525590.259096190333366, 203.0 ], [ 316544.34775807056576, 5525585.729827295057476, 201.7 ], [ 316538.843990487628616, 5525586.807703109458089, 200.2 ], [ 316536.937762675108388, 5525592.103396470658481, 199.8 ], [ 316533.919686653767712, 5525602.779009028337896, 199.3 ], [ 316528.571561276796274, 5525614.758240528404713, 198.3 ], [ 316514.897848398250062, 5525627.355083625763655, 195.2 ], [ 316505.362143538834061, 5525634.691485116258264, 193.3 ], [ 316494.014079423854128, 5525633.186287174001336, 191.2 ], [ 316485.446100082423072, 5525628.804042547009885, 189.7 ], [ 316474.646080007543787, 5525620.15749107580632, 188.0 ], [ 316472.221299869008362, 5525618.682051989249885, 187.7 ], [ 316498.435136779909953, 5525617.232087415643036, 191.6 ], [ 316509.112998780852649, 5525605.405055743642151, 193.4 ], [ 316515.266180266276933, 5525581.156210551038384, 193.8 ], [ 316516.400750694447197, 5525576.443267495371401, 193.8 ], [ 316516.646030635398347, 5525564.63792169559747, 193.2 ], [ 316521.141438203048892, 5525519.188752243295312, 191.4 ], [ 316535.786137327610049, 5525473.838925272226334, 194.2 ], [ 316550.42732802615501, 5525428.377983581274748, 195.3 ], [ 316554.923663499183021, 5525393.501608942635357, 193.6 ], [ 316554.945877102552913, 5525381.481289741583169, 193.0 ], [ 316550.795617937808856, 5525369.491834403946996, 191.5 ], [ 316549.694439614133444, 5525360.403387847356498, 191.1 ], [ 316550.132573625887744, 5525343.694624082185328, 191.1 ], [ 316550.846598279080354, 5525320.29892735928297, 191.2 ], [ 316566.343761379132047, 5525285.159086891449988, 194.7 ], [ 316581.84493137022946, 5525250.130460714921355, 197.8 ], [ 316599.624375720799435, 5525239.731154310517013, 201.7 ], [ 316621.860079479170963, 5525224.951047292910516, 205.2 ], [ 316638.65612918388797, 5525215.25312190875411, 207.4 ], [ 316640.13902706396766, 5525214.423581247217953, 207.6 ], [ 316673.576081379549578, 5525186.24111405108124, 209.9 ], [ 316687.043292613700032, 5525173.874384065158665, 210.4 ], [ 316705.292176117072813, 5525151.885103027336299, 210.1 ], [ 316723.473119377042167, 5525130.009497624821961, 209.9 ], [ 316732.121037674660329, 5525119.810181088745594, 210.0 ], [ 316742.963142106775194, 5525112.763674736022949, 211.2 ], [ 316753.888497324136551, 5525108.162781700491905, 212.6 ], [ 316788.870128425594885, 5525099.961088274605572, 216.9 ], [ 316823.848072320572101, 5525091.648461394943297, 219.4 ], [ 316850.590386829338968, 5525086.621047189459205, 218.8 ], [ 316877.328963558189571, 5525081.482603712007403, 216.8 ], [ 316883.138904002902564, 5525112.669315141625702, 225.0 ], [ 316885.472350944648497, 5525138.966119626536965, 232.7 ], [ 316899.726656992686912, 5525139.149161626584828, 232.7 ], [ 316918.361472001066431, 5525145.415642281062901, 233.9 ], [ 316925.998760265880264, 5525162.628787255845964, 237.9 ], [ 316930.708389979437925, 5525167.810673158615828, 238.7 ], [ 316941.769442041171715, 5525177.784766575321555, 239.8 ], [ 316956.159274393634405, 5525192.542559639550745, 241.1 ], [ 316964.20883043075446, 5525207.070733848959208, 242.7 ], [ 316961.083273697528057, 5525229.435322467237711, 246.7 ], [ 316960.731373273360077, 5525231.784410725347698, 247.1 ], [ 316962.19887589541031, 5525238.96848857589066, 247.8 ], [ 316965.584502547921147, 5525241.19052975717932, 247.5 ], [ 316990.206854355987161, 5525256.379628743045032, 243.6 ], [ 316987.074300625477917, 5525263.720057877711952, 245.0 ], [ 316983.026358348957729, 5525269.533518612384796, 246.4 ], [ 316986.914995058556087, 5525273.853017244488001, 245.7 ], [ 316971.62006476323586, 5525291.734396833926439, 250.3 ], [ 316952.954469939577393, 5525316.296624342910945, 254.7 ], [ 316935.503091785998549, 5525349.053237304091454, 258.3 ], [ 316907.967759731574915, 5525349.766889102756977, 265.4 ], [ 316893.61999836191535, 5525325.659292604774237, 268.2 ], [ 316888.807859791442752, 5525340.736042914912105, 270.6 ], [ 316876.506242650619242, 5525330.247800122015178, 272.9 ], [ 316874.334596528206021, 5525344.678305794484913, 275.0 ], [ 316860.417841405840591, 5525324.785220745950937, 275.4 ], [ 316855.927492628397886, 5525330.279959761537611, 277.0 ], [ 316843.481975640635937, 5525324.025773453526199, 277.3 ], [ 316832.62520531215705, 5525320.054698755964637, 277.1 ], [ 316827.923061544308439, 5525323.553412904962897, 277.9 ], [ 316821.885520657640882, 5525332.216988907195628, 279.6 ], [ 316817.792386026645545, 5525340.925714945420623, 281.1 ], [ 316813.02207413117867, 5525357.225334586575627, 283.4 ], [ 316812.806269254069775, 5525380.492690274491906, 285.8 ], [ 316809.753209969843738, 5525428.22951318975538, 286.2 ], [ 316810.169042648049071, 5525474.29023362416774, 284.8 ], [ 316810.652994288713671, 5525520.237348138354719, 283.7 ], [ 316808.788025977090001, 5525539.443020569160581, 283.4 ], [ 316803.435442256275564, 5525553.425346545875072, 282.9 ], [ 316795.079428782686591, 5525567.955044991336763, 282.0 ], [ 316792.083527143578976, 5525583.526575797237456, 282.0 ], [ 316794.90160934405867, 5525611.364975759759545, 283.8 ], [ 316797.719675702857785, 5525639.203377538360655, 285.9 ], [ 316793.570121709024534, 5525654.702875594608486, 286.4 ], [ 316785.933009656087961, 5525667.093590064905584, 286.3 ], [ 316781.753247142652981, 5525679.589244287461042, 286.8 ], [ 316778.235555149614811, 5525713.653028438799083, 289.4 ], [ 316774.721710531041026, 5525747.827980816364288, 292.3 ], [ 316764.520372860599309, 5525780.004704135470092, 294.2 ], [ 316761.623066695814487, 5525794.237409427762032, 295.1 ], [ 316761.498247972573154, 5525794.798118152655661, 295.2 ], [ 316752.97271651122719, 5525823.356490973383188, 296.2 ], [ 316730.440942960442044, 5525867.41610726993531, 292.5 ], [ 316716.65056070801802, 5525897.711880044080317, 289.5 ], [ 316711.506810513033997, 5525917.808300847187638, 289.5 ], [ 316706.393521573743783, 5525945.13768422883004, 290.7 ], [ 316697.834321403992362, 5525964.237492688931525, 290.8 ], [ 316692.486432257806882, 5525982.560217501595616, 292.2 ], [ 316692.64572868210962, 5525999.916377918794751, 294.6 ], [ 316688.87092639983166, 5526001.046544241718948, 294.2 ], [ 316681.245617422857322, 5526001.083618555217981, 292.8 ], [ 316672.232211880851537, 5526002.614773617126048, 291.2 ], [ 316666.43767537525855, 5526005.705705824308097, 290.6 ], [ 316662.844536037475336, 5526010.057179447263479, 290.6 ], [ 316658.343857807223685, 5526021.562268471345305, 291.9 ], [ 316653.249560469877906, 5526038.874778155237436, 294.3 ], [ 316652.220875827712007, 5526042.471166321076453, 294.8 ], [ 316636.465002906334121, 5526082.627870831638575, 298.6 ], [ 316631.968402245431207, 5526098.473251204006374, 300.0 ], [ 316624.779206061095465, 5526123.981498286128044, 301.5 ], [ 316617.514438009704463, 5526149.381042274646461, 302.6 ], [ 316606.275208323670086, 5526189.050133525393903, 305.1 ], [ 316604.895231730537489, 5526201.339307310990989, 306.8 ], [ 316604.452883637743071, 5526205.249610405415297, 307.4 ], [ 316605.009421420982108, 5526217.361516863107681, 309.5 ], [ 316608.179233267204836, 5526223.819773293100297, 311.0 ], [ 316614.238683267263696, 5526230.62475608382374, 312.7 ], [ 316611.134014097508043, 5526242.972685918211937, 313.6 ], [ 316601.375409058877267, 5526233.177550756372511, 311.1 ], [ 316600.793621630349662, 5526247.776673210784793, 312.8 ], [ 316600.276029143831693, 5526260.036469224840403, 313.8 ], [ 316592.741573860286735, 5526254.283390409313142, 312.0 ], [ 316589.863199283601716, 5526252.155615713447332, 311.2 ], [ 316584.482273209199775, 5526275.821656400337815, 311.7 ], [ 316575.738954826490954, 5526297.932895068079233, 309.9 ], [ 316565.365636552800424, 5526320.76745433639735, 306.7 ], [ 316553.244539708830416, 5526334.535623452626169, 302.9 ], [ 316552.643252246081829, 5526335.891624955460429, 302.7 ], [ 316543.820494123268872, 5526353.553939890116453, 300.5 ], [ 316549.305504365474917, 5526368.836653005331755, 303.2 ], [ 316551.04604747967096, 5526381.909843483008444, 304.4 ], [ 316544.833334221330006, 5526404.380078431218863, 304.3 ], [ 316546.970946027373429, 5526416.438102995045483, 305.7 ], [ 316560.761685292236507, 5526436.891082154586911, 309.7 ], [ 316568.667075938195921, 5526451.423568469472229, 311.5 ], [ 316573.883211098378524, 5526463.042811605148017, 312.4 ], [ 316583.4489829960512, 5526479.855875089764595, 313.7 ], [ 316585.907795163453557, 5526488.675483864732087, 314.0 ], [ 316584.920936358859763, 5526493.494687210768461, 314.1 ], [ 316581.937184319715016, 5526498.827107969671488, 314.0 ], [ 316575.473911733017303, 5526503.387765168212354, 313.7 ], [ 316562.047930804663338, 5526508.408304235897958, 312.7 ], [ 316545.191572366748005, 5526511.987702283076942, 310.4 ], [ 316539.15896844654344, 5526508.075496681034565, 309.0 ], [ 316532.086634445236996, 5526509.540778131224215, 307.3 ], [ 316524.231574621284381, 5526513.369893244467676, 305.3 ], [ 316512.405782360059675, 5526523.121592774987221, 302.1 ], [ 316504.256181239150465, 5526533.081870199181139, 300.2 ], [ 316497.367600701400079, 5526565.257682512514293, 301.6 ], [ 316490.554767226974946, 5526597.542220391333103, 305.1 ], [ 316481.321155645360705, 5526624.233391518704593, 307.8 ], [ 316462.575673920335248, 5526646.240768890827894, 306.8 ], [ 316457.421945821901318, 5526659.660339500755072, 307.4 ], [ 316452.093689584813546, 5526665.851846995763481, 306.8 ], [ 316436.44896486424841, 5526679.629223727621138, 304.5 ], [ 316428.969034584355541, 5526688.119995345361531, 303.7 ], [ 316417.663655938522425, 5526717.33040929865092, 305.0 ], [ 316404.901183316600509, 5526733.346727374009788, 303.8 ], [ 316400.236690669204108, 5526758.991878595203161, 306.9 ], [ 316399.719121345318854, 5526764.908049069344997, 307.8 ], [ 316396.357286251732148, 5526767.582466840744019, 307.4 ], [ 316379.328189724474214, 5526774.507113693282008, 303.8 ], [ 316379.495268663857132, 5526781.512856835499406, 305.3 ], [ 316376.040079190395772, 5526796.210091598331928, 307.4 ], [ 316355.360462349024601, 5526828.968006577342749, 307.9 ], [ 316371.86528847302543, 5526838.309904167428613, 314.4 ], [ 316380.923763097031042, 5526848.684947019442916, 318.1 ], [ 316381.227795874117874, 5526863.921683239750564, 320.1 ], [ 316381.69491638452746, 5526883.93844480253756, 322.4 ], [ 316381.609760611725505, 5526902.527243603952229, 324.1 ], [ 316381.560871434630826, 5526905.311231059022248, 324.3 ], [ 316367.840650274301879, 5526905.890653152018785, 323.0 ], [ 316359.732803910213988, 5526908.615748295560479, 322.4 ], [ 316351.46295225142967, 5526917.133610811084509, 322.7 ], [ 316347.409928710432723, 5526926.954393676482141, 323.7 ], [ 316346.704113837680779, 5526939.999740230850875, 325.2 ], [ 316347.003352339728735, 5526944.552534570917487, 325.7 ], [ 316345.975544263259508, 5526952.378106936812401, 326.4 ], [ 316337.042422624770552, 5526981.507808359339833, 327.1 ], [ 316341.265930927242152, 5527010.411105022765696, 327.3 ], [ 316347.038271785131656, 5527059.405553767457604, 327.1 ], [ 316347.469607475912198, 5527061.505398008972406, 327.1 ], [ 316353.099708787864074, 5527089.470356456935406, 327.3 ], [ 316364.925224984297529, 5527092.405600941739976, 327.8 ], [ 316377.741251590545289, 5527092.747338236309588, 328.2 ], [ 316405.135436477721669, 5527092.369151512160897, 328.1 ], [ 316412.156110663898289, 5527112.607510650530457, 327.3 ], [ 316416.479945059982128, 5527127.59582332521677, 326.8 ], [ 316425.894951372756623, 5527154.763960561715066, 325.9 ], [ 316435.236843467922881, 5527169.247228235006332, 325.4 ], [ 316435.167754841386341, 5527198.85346260946244, 325.1 ], [ 316406.050356830586679, 5527205.63400918059051, 325.5 ], [ 316398.593396432814188, 5527208.448159093037248, 325.7 ], [ 316378.446536280680448, 5527220.932619617320597, 325.8 ], [ 316376.427613814012147, 5527225.008053128607571, 325.8 ] ] ] } },
{ "type": "Feature", "properties": { "name": "Irsenpfad", "km": 11.639, "darstell": "F1", "height": 158, "link": "https://www.naturpark-suedeifel.de/a-irsenpfad", "erlebnis": 55, "datum": null }, "geometry": { "type": "MultiLineString", "coordinates": [ [ [ 296890.56102110655047, 5554522.647828340530396, 482.76546 ], [ 296894.907284784596413, 5554531.499575279653072, 481.88368 ], [ 296902.370390050287824, 5554543.238406213931739, 480.3569 ], [ 296905.201102069870103, 5554563.057567358016968, 478.48377 ], [ 296889.591094811097719, 5554598.718782112933695, 475.03086 ], [ 296871.016402833687607, 5554633.602351498790085, 472.74351 ], [ 296873.92810300947167, 5554657.426071986556053, 467.5667 ], [ 296870.404865509364754, 5554694.631003142334521, 459.42184 ], [ 296820.542446098465007, 5554772.675278880633414, 451.09105 ], [ 296803.532710271188989, 5554773.434480967000127, 449.81804 ], [ 296777.397007775667589, 5554771.42431827634573, 449.81804 ], [ 296751.337000091909431, 5554769.522721841000021, 451.00598 ], [ 296739.08395391626982, 5554788.024043021723628, 452.02598 ], [ 296741.84375329350587, 5554807.845860163681209, 452.02598 ], [ 296753.600591641559731, 5554851.482158082537353, 448.55958 ], [ 296792.207534726825543, 5554914.022545387037098, 442.12912 ], [ 296798.198159276274964, 5554939.732790844514966, 442.12912 ], [ 296789.481350527028553, 5554972.126114707440138, 446.94833 ], [ 296774.17374816397205, 5555013.787790860049427, 451.21005 ], [ 296747.705468587460928, 5555051.86712531466037, 451.21005 ], [ 296717.481751710991375, 5555072.166579524986446, 449.23749 ], [ 296682.493074028985575, 5555074.502029763534665, 449.23749 ], [ 296616.24641975259874, 5555068.12161176558584, 456.47431 ], [ 296557.40909033769276, 5555049.547721705399454, 466.54661 ], [ 296541.078034327016212, 5555066.201292640529573, 470.34404 ], [ 296535.836661888635717, 5555086.439573559910059, 473.89033 ], [ 296540.075804186053574, 5555141.272034466266632, 480.60237 ], [ 296513.792281796108, 5555210.405105165205896, 480.8731 ], [ 296491.520685138762929, 5555253.335394860245287, 477.38814 ], [ 296552.061375660763588, 5555265.943281785584986, 470.49259 ], [ 296587.235324618523009, 5555268.498091374523938, 467.25947 ], [ 296595.257009836030193, 5555319.28997125197202, 465.87082 ], [ 296582.610885504051112, 5555351.833627238869667, 466.30407 ], [ 296580.138700008392334, 5555365.843439681455493, 466.30407 ], [ 296578.047510951990262, 5555387.965391104109585, 466.22467 ], [ 296571.677857924136333, 5555429.286974321119487, 464.76885 ], [ 296564.812242909043562, 5555457.602555133402348, 463.4201 ], [ 296578.584442993858829, 5555477.115617842413485, 458.83704 ], [ 296578.414166971575469, 5555497.049151084385812, 456.22139 ], [ 296579.935685429372825, 5555535.06400990113616, 450.38082 ], [ 296584.344752430683002, 5555569.962981015443802, 444.57373 ], [ 296586.685284075560048, 5555578.779651067219675, 441.80113 ], [ 296588.801101297372952, 5555581.704707416705787, 440.53629 ], [ 296608.18191647878848, 5555615.030764675699174, 431.64565 ], [ 296605.256232871906832, 5555617.146178717724979, 431.64565 ], [ 296590.322583896806464, 5555619.719570725224912, 432.50101 ], [ 296582.240952994558029, 5555618.023977529257536, 433.3831 ], [ 296562.998742259806022, 5555610.853924041613936, 436.08727 ], [ 296558.109905819641426, 5555614.046169380657375, 436.08727 ], [ 296566.683426850358956, 5555628.636580931954086, 434.32634 ], [ 296574.560929293045774, 5555649.376387719064951, 434.32634 ], [ 296586.02608575578779, 5555660.962096080183983, 434.53719 ], [ 296598.525765161553863, 5555673.398963708430529, 434.53719 ], [ 296616.804611998377368, 5555679.715273454785347, 434.53719 ], [ 296615.146695744420867, 5555688.795763373374939, 437.34327 ], [ 296659.04781194293173, 5555710.054482075385749, 431.99947 ], [ 296665.785323327232618, 5555702.784170938655734, 427.96184 ], [ 296671.412585342943203, 5555694.554281625896692, 424.5694 ], [ 296690.820139734772965, 5555679.787539799697697, 420.43858 ], [ 296703.709967973059975, 5555676.179089123383164, 420.15866 ], [ 296722.455433444993105, 5555668.451128737069666, 421.95289 ], [ 296724.118331217439845, 5555661.374328213743865, 424.559 ], [ 296727.892156197456643, 5555655.218986572697759, 428.23696 ], [ 296713.272797542042099, 5555639.745556192472577, 428.23696 ], [ 296714.406044482835568, 5555618.773431001231074, 428.27666 ], [ 296719.270805959298741, 5555590.534334843046963, 428.27666 ], [ 296726.136982018360868, 5555562.218965041451156, 424.72292 ], [ 296740.160517408745363, 5555537.638493917882442, 424.72292 ], [ 296758.377550573786721, 5555517.907842997461557, 425.81887 ], [ 296763.962277078302577, 5555506.673948933370411, 425.81887 ], [ 296778.948719368316233, 5555481.054994418285787, 427.77345 ], [ 296792.186649420415051, 5555411.4184316014871, 429.37342 ], [ 296790.761580821126699, 5555351.469128925353289, 429.37342 ], [ 296780.969052202766761, 5555306.75603798776865, 424.34862 ], [ 296783.061141160374973, 5555284.634191431105137, 423.11945 ], [ 296807.526873186987359, 5555246.631243142299354, 422.16994 ], [ 296877.908480448415503, 5555203.762618468143046, 421.28372 ], [ 296907.945718648610637, 5555178.572912643663585, 419.24124 ], [ 296930.05811623565387, 5555157.69275004696101, 419.24124 ], [ 296949.878439106105361, 5555151.817314217798412, 419.8941 ], [ 296977.218680683872662, 5555134.746009049937129, 421.78323 ], [ 297000.556068761390634, 5555117.827192670665681, 427.96657 ], [ 297019.429480714024976, 5555088.944089657627046, 429.34515 ], [ 297027.607689605560154, 5555068.705970807932317, 429.34515 ], [ 297035.70560222864151, 5555046.355777552351356, 430.95856 ], [ 297040.953536811750382, 5555028.121686023660004, 430.95856 ], [ 297031.935190602671355, 5554977.367335399612784, 428.40117 ], [ 297023.149363921256736, 5554932.726939951069653, 419.16965 ], [ 296984.731050334172323, 5554873.183624098077416, 419.16965 ], [ 296972.436503183154855, 5554841.701674344018102, 415.85128 ], [ 296984.81994316901546, 5554802.155817804858088, 415.85128 ], [ 297009.379265122348443, 5554789.086966589093208, 416.43105 ], [ 297048.997932438622229, 5554778.562348918989301, 416.43105 ], [ 297099.626162755768746, 5554769.511775054037571, 416.24738 ], [ 297148.324377294571605, 5554760.535080899484456, 416.24738 ], [ 297183.08726715692319, 5554754.092446999624372, 417.07032 ], [ 297214.585765460389666, 5554740.872093040496111, 417.07032 ], [ 297242.925601456256118, 5554723.653028969652951, 419.34691 ], [ 297261.261520773696247, 5554706.925627132877707, 419.79891 ], [ 297289.377811035956256, 5554683.815202420577407, 422.8921 ], [ 297312.447908555564936, 5554659.783431976102293, 424.18592 ], [ 297333.221220527077094, 5554629.938907614909112, 424.18592 ], [ 297345.134610580280423, 5554602.434846829622984, 422.50098 ], [ 297362.221771081676707, 5554554.696166538633406, 417.46316 ], [ 297386.936274989042431, 5554496.648826144635677, 412.08603 ], [ 297412.710602558683604, 5554464.610953029245138, 411.75195 ], [ 297453.844799146521837, 5554443.011036922223866, 409.81933 ], [ 297497.617963290540501, 5554436.228545024059713, 409.81933 ], [ 297535.063998830504715, 5554445.716995142400265, 413.49677 ], [ 297586.488639387185685, 5554455.677239692769945, 413.49677 ], [ 297642.064132050960325, 5554469.376815494149923, 407.11394 ], [ 297686.538798309979029, 5554454.665363281965256, 408.81733 ], [ 297737.431972088990733, 5554450.620559310540557, 412.50771 ], [ 297773.653320236713625, 5554456.149468595162034, 416.05527 ], [ 297836.594926126534119, 5554452.650834011845291, 415.4066 ], [ 297907.354190410114825, 5554445.739787340164185, 414.87351 ], [ 297938.229916913551278, 5554442.455197024159133, 412.92881 ], [ 297949.823676021303982, 5554430.995216399431229, 409.62623 ], [ 297958.566387603641488, 5554423.650829158723354, 407.58875 ], [ 297973.864970151509624, 5554406.039212865754962, 405.13638 ], [ 297986.388282435014844, 5554394.544123441912234, 404.35874 ], [ 297986.350400726310909, 5554393.543658825568855, 404.3123 ], [ 298002.384907151455991, 5554368.89098044950515, 404.3123 ], [ 298019.49621585640125, 5554346.201392819173634, 407.36004 ], [ 298031.547907246742398, 5554297.654043799266219, 409.40711 ], [ 298041.144631428003777, 5554288.273690315894783, 414.51297 ], [ 298046.829814590979367, 5554254.995860433205962, 418.87541 ], [ 298046.547443386050873, 5554222.945814439095557, 419.25959 ], [ 298040.263747045595665, 5554191.234248523600399, 419.25959 ], [ 298028.571892823441885, 5554173.642651707865298, 416.01296 ], [ 298002.383004913455807, 5554145.690329583361745, 409.4287 ], [ 297985.686252242070623, 5554128.28829106874764, 404.77212 ], [ 298011.222506242396776, 5554116.300643769092858, 402.61858 ], [ 298050.67145307152532, 5554125.716958322562277, 402.61858 ], [ 298081.566158606146928, 5554147.480035508982837, 405.75161 ], [ 298110.193763316725381, 5554162.31577924080193, 405.75161 ], [ 298147.341714831592981, 5554165.808460825122893, 405.12882 ], [ 298200.277420289698057, 5554162.692884155549109, 405.12882 ], [ 298245.719018839823548, 5554148.840353117324412, 406.51822 ], [ 298301.679454998578876, 5554121.565950063988566, 408.06054 ], [ 298320.454410605248995, 5554089.797530581243336, 414.07396 ], [ 298335.56612166413106, 5554067.184690162539482, 414.07396 ], [ 298353.778488238225691, 5554022.413059066049755, 412.79881 ], [ 298376.617975292901974, 5553967.447736626490951, 411.99509 ], [ 298377.780949823267292, 5553922.429912345483899, 406.73856 ], [ 298390.838168299465906, 5553873.845689779147506, 405.67678 ], [ 298408.148804119671695, 5553807.066761016845703, 402.93858 ], [ 298416.012693654280156, 5553753.669377389363945, 397.589 ], [ 298444.123821120592766, 5553705.51859663054347, 397.589 ], [ 298472.103453175921459, 5553680.416475206613541, 397.99449 ], [ 298493.66832876636181, 5553667.468112514354289, 400.48726 ], [ 298521.459531713160686, 5553637.363938478752971, 400.48726 ], [ 298540.902885855175555, 5553598.558045278303325, 398.12822 ], [ 298564.010838893707842, 5553550.59690572693944, 393.26573 ], [ 298578.313044657814316, 5553533.02494431938976, 392.01888 ], [ 298607.02681711432524, 5553500.771377170458436, 392.01888 ], [ 298635.419572260987479, 5553484.671651283279061, 392.01888 ], [ 298684.985439030337147, 5553473.67336203251034, 394.09953 ], [ 298720.268576890288386, 5553454.197210930287838, 394.09953 ], [ 298748.73734993377002, 5553440.099033940583467, 393.26253 ], [ 298772.498534561949782, 5553434.08229707274586, 393.26253 ], [ 298791.995666746166535, 5553421.324538335204124, 393.26253 ], [ 298835.250354615971446, 5553400.546775554306805, 393.29376 ], [ 298869.453067108988762, 5553356.176563213579357, 393.29376 ], [ 298923.636200512177311, 5553309.940592398867011, 393.3192 ], [ 298977.719704919261858, 5553285.750453226268291, 393.3192 ], [ 299037.742907903622836, 5553284.269252995029092, 399.33724 ], [ 299084.157332785718609, 5553269.385965479537845, 399.73456 ], [ 299134.68553459958639, 5553255.350155157037079, 410.61211 ], [ 299152.445490938494913, 5553249.672368607483804, 414.84768 ], [ 299165.636391418520361, 5553229.138334562070668, 414.84768 ], [ 299174.962044259533286, 5553187.710248472169042, 407.18713 ], [ 299198.190567624988034, 5553142.75347113981843, 407.18713 ], [ 299226.903145601856522, 5553085.567953230813146, 407.18713 ], [ 299255.003298949974123, 5552987.328547128476202, 397.58963 ], [ 299283.830329743796028, 5552933.144781220704317, 388.70923 ], [ 299317.079222789499909, 5552912.747565594501793, 387.99038 ], [ 299357.641055560205132, 5552902.094475876539946, 387.99038 ], [ 299394.60829528956674, 5552900.593708034604788, 389.01537 ], [ 299396.460217559942976, 5552896.516592177562416, 387.76987 ], [ 299391.864737642172258, 5552806.631506376899779, 381.61383 ], [ 299401.128250489302445, 5552788.249555424787104, 386.18586 ], [ 299407.948539620032534, 5552782.983860400505364, 386.18586 ], [ 299427.599934710538946, 5552774.230397810228169, 385.48128 ], [ 299437.348131467937492, 5552768.743408911861479, 385.48128 ], [ 299442.941758961533196, 5552757.512582183815539, 387.15309 ], [ 299433.672117502428591, 5552750.9590376438573, 390.25576 ], [ 299445.713929764751811, 5552726.461523450911045, 393.24292 ], [ 299445.676341457583476, 5552725.46105750836432, 393.44527 ], [ 299423.397086727200076, 5552744.331965571269393, 393.94759 ], [ 299401.705610131495632, 5552752.160222340375185, 395.65428 ], [ 299373.45090908871498, 5552747.322136007249355, 402.53538 ], [ 299365.694696045480669, 5552727.68739274982363, 407.93002 ], [ 299335.003052203333937, 5552760.901195799000561, 410.16273 ], [ 299302.566201053152326, 5552776.258298171684146, 410.16273 ], [ 299260.222670645394828, 5552792.878714325837791, 408.24829 ], [ 299236.38664577412419, 5552798.895877044647932, 408.24829 ], [ 299184.321935442916583, 5552796.958124388940632, 408.24829 ], [ 299158.521276294020936, 5552804.051433353684843, 406.46387 ], [ 299133.186823558236938, 5552794.985894620418549, 407.43347 ], [ 299099.824818645836785, 5552812.382855189964175, 397.10066 ], [ 299099.275492157205008, 5552824.426119772717357, 393.99017 ], [ 299098.210712296131533, 5552847.509492999874055, 390.85312 ], [ 299099.772906822094228, 5552860.475169538520277, 391.65873 ], [ 299150.978536224924028, 5552864.336831632070243, 389.03146 ], [ 299191.17540218657814, 5552868.724438996985555, 387.43154 ], [ 299200.750448165461421, 5552883.392453618347645, 384.7035 ], [ 299197.129672038019635, 5552916.590751944109797, 382.39562 ], [ 299162.059722320525907, 5553016.094624547287822, 382.39562 ], [ 299143.74960136692971, 5553033.815618085674942, 382.43396 ], [ 299131.307456568349153, 5553072.355380901135504, 382.43396 ], [ 299126.715985039132647, 5553083.548886879347265, 382.51963 ], [ 299111.120129243237898, 5553118.199875565245748, 383.22574 ], [ 299103.047670339583419, 5553141.547024454921484, 383.60339 ], [ 299075.250534103484824, 5553171.647999276407063, 389.93986 ], [ 299033.216399831522722, 5553196.385213544592261, 389.93986 ], [ 298990.65898491081316, 5553209.119876686483622, 391.90309 ], [ 298941.353989294846542, 5553227.118502303026617, 395.5947 ], [ 298890.235598870611284, 5553250.195363282226026, 401.04756 ], [ 298838.229660684068222, 5553276.311853700317442, 404.31378 ], [ 298824.549850857874844, 5553283.840685626491904, 404.31378 ], [ 298745.193437114183325, 5553327.130669641308486, 404.31378 ], [ 298703.497376101207919, 5553360.763580963946879, 400.49883 ], [ 298674.480293668108061, 5553385.012868607416749, 400.49883 ], [ 298644.410359293455258, 5553385.145395546220243, 401.74327 ], [ 298563.541571500012651, 5553439.516122541390359, 401.74327 ], [ 298467.556034355075099, 5553516.389306859113276, 395.86834 ], [ 298459.736552141606808, 5553521.694060724228621, 395.72788 ], [ 298443.421692711417563, 5553514.406403094530106, 401.39886 ], [ 298431.956694576190785, 5553502.81672240793705, 408.20098 ], [ 298426.120090308715589, 5553480.995552277192473, 418.2766 ], [ 298437.418898321921006, 5553463.536640643142164, 421.63154 ], [ 298473.786183136631735, 5553448.136752019636333, 421.63154 ], [ 298488.457932514487766, 5553438.45440527331084, 422.03734 ], [ 298507.505209719296545, 5553415.69364414922893, 427.80734 ], [ 298394.974311283789575, 5553405.248989421874285, 448.98667 ], [ 298376.312500025029294, 5553388.921815786510706, 450.85738 ], [ 298359.902022321126424, 5553352.583113459870219, 453.9811 ], [ 298359.437129678321071, 5553317.53444501478225, 460.64258 ], [ 298380.709238400624599, 5553298.69674296118319, 468.51581 ], [ 298338.572460048017092, 5553271.345151961781085, 464.86857 ], [ 298312.67970584903378, 5553249.391350543126464, 464.46316 ], [ 298290.432837756350636, 5553244.332051996141672, 461.60723 ], [ 298269.783737284597009, 5553253.127636203542352, 457.64622 ], [ 298262.527141249040142, 5553271.436001705005765, 455.40744 ], [ 298258.365370098035783, 5553316.678520915098488, 450.51979 ], [ 298247.634064091194887, 5553349.144775685854256, 450.39468 ], [ 298235.258845581091009, 5553364.641013929620385, 450.88605 ], [ 298231.455463044752833, 5553394.730300724506378, 450.88605 ], [ 298225.053150871186517, 5553411.002657330594957, 450.88605 ], [ 298225.956809289520606, 5553433.010163407772779, 450.24512 ], [ 298239.59185319498647, 5553473.572327395901084, 447.34055 ], [ 298242.795956822985318, 5553503.396695962175727, 447.34055 ], [ 298244.640999068855308, 5553548.412179529666901, 450.06346 ], [ 298237.725412714993581, 5553575.724777245894074, 452.34557 ], [ 298206.423023463983554, 5553618.987902924418449, 454.90189 ], [ 298184.000500847469084, 5553633.86235635727644, 456.98662 ], [ 298163.584357424871996, 5553648.772348317317665, 458.9168 ], [ 298160.846159967593849, 5553655.889180675148964, 458.9168 ], [ 298157.594698855769821, 5553674.046278311870992, 458.9168 ], [ 298133.80969458410982, 5553704.000938184559345, 458.9168 ], [ 298133.716982569545507, 5553728.049945482052863, 457.91356 ], [ 298135.504361599567346, 5553746.907031551003456, 456.4352 ], [ 298142.792944867920596, 5553778.691987630911171, 453.5149 ], [ 298143.7727252455079, 5553802.700426057912409, 451.07864 ], [ 298166.492913130088709, 5553795.71833102684468, 447.65027 ], [ 298187.854411699809134, 5553803.92747253831476, 443.70272 ], [ 298218.409749594517052, 5553816.687188224866986, 437.66336 ], [ 298229.98812471923884, 5553831.277803169563413, 434.76909 ], [ 298232.758725450607017, 5553876.146992926485837, 427.25876 ], [ 298248.158300452050753, 5553959.612578402273357, 427.25876 ], [ 298242.055260412045754, 5553981.885028106160462, 425.19847 ], [ 298219.049478481872939, 5554007.802339857444167, 424.61056 ], [ 298182.804506267537363, 5554026.316650071181357, 421.13662 ], [ 298149.079015418072231, 5554035.718844566494226, 414.73708 ], [ 298130.094546086038463, 5554035.435151458717883, 412.51786 ], [ 298114.853122544591315, 5554030.000419880263507, 412.51786 ], [ 298086.960812699515373, 5554008.123507525771856, 417.32537 ], [ 298080.538606736809015, 5553997.345664050430059, 419.90288 ], [ 298069.931650535552762, 5553983.831821496598423, 420.84499 ], [ 298031.567224547499791, 5553999.310371259227395, 403.60999 ], [ 298003.620276229456067, 5554002.483379411511123, 406.11036 ], [ 297976.51853618567111, 5553999.613145074807107, 408.50269 ], [ 297955.574118959135376, 5554002.40996421687305, 410.26303 ], [ 297838.854428366350476, 5554036.10859720595181, 414.63336 ], [ 297795.320381835568696, 5554022.840982358902693, 419.53551 ], [ 297721.50037434825208, 5554005.823550973087549, 426.97249 ], [ 297687.315808759769425, 5554001.219476470723748, 429.70717 ], [ 297669.559667826688383, 5554006.902247002348304, 429.70717 ], [ 297659.967376222892199, 5554018.286907058209181, 429.70717 ], [ 297658.231028674170375, 5554025.36606605630368, 430.37355 ], [ 297669.692428636131808, 5554034.95046966150403, 430.37355 ], [ 297693.055961848702282, 5554044.974194077774882, 430.37355 ], [ 297724.365524502878543, 5554075.736713016405702, 435.67546 ], [ 297730.71254536008928, 5554084.513218097388744, 435.67546 ], [ 297735.133507266175002, 5554095.366544117219746, 435.67546 ], [ 297731.471063244505785, 5554104.522492724470794, 435.96072 ], [ 297708.463833618385252, 5554128.438449240289629, 440.35004 ], [ 297697.719041283242404, 5554135.859140398912132, 442.36221 ], [ 297683.046246536076069, 5554143.540117778815329, 445.09635 ], [ 297689.806284128455445, 5554112.224833554588258, 445.71347 ], [ 297681.969496194506064, 5554092.483940120786428, 445.79593 ], [ 297666.538002873421647, 5554082.048161772079766, 445.79593 ], [ 297640.327879384043626, 5554078.143930811434984, 446.91934 ], [ 297615.190154939075001, 5554074.199149807915092, 448.21446 ], [ 297590.071930778794922, 5554097.193806249648333, 455.55448 ], [ 297534.433503165608272, 5554157.415151754394174, 470.22571 ], [ 297510.866489313426428, 5554168.439840571954846, 473.48712 ], [ 297490.91935012221802, 5554169.196880925446749, 476.53762 ], [ 297464.405650135013275, 5554157.289813721552491, 480.27663 ], [ 297415.301442748168483, 5554131.21196105517447, 486.61954 ], [ 297412.22265307221096, 5554129.325046438723803, 486.98783 ], [ 297360.756512764433865, 5554118.365930491127074, 492.11494 ], [ 297303.554733301745728, 5554114.749850893393159, 494.93416 ], [ 297201.990270001464523, 5554128.850839257240295, 500.33523 ], [ 297176.569732593954541, 5554143.843794073909521, 500.33523 ], [ 297144.218860023189336, 5554161.104176510125399, 500.53462 ], [ 297094.307601266831625, 5554189.162952632643282, 502.88921 ], [ 297065.69882326957304, 5554199.379494986496866, 501.96181 ], [ 297073.952154216589406, 5554230.013466591946781, 500.84725 ], [ 297073.70764143532142, 5554248.057139784097672, 498.73356 ], [ 297073.696052076295018, 5554274.107232517562807, 495.02386 ], [ 297076.530391430540476, 5554294.037627153098583, 491.92586 ], [ 297073.545308674452826, 5554319.087581906467676, 487.60394 ], [ 297044.186757034040056, 5554360.392023091204464, 481.14725 ], [ 297000.621653281035833, 5554397.116304360330105, 481.14725 ], [ 296953.868348984047771, 5554429.064083172008395, 483.89454 ], [ 296931.604910476016812, 5554447.945841992273927, 484.64318 ], [ 296913.954482816625386, 5554482.682696798816323, 484.64318 ], [ 296890.56102110655047, 5554522.647828340530396, 482.76546 ] ] ] } },
{ "type": "Feature", "properties": { "name": "Felsenweg 2 - Bollendorf - Beaufort", "km": 20.291, "darstell": "F1", "height": 708, "link": "https://www.naturpark-suedeifel.de/a-felsenweg-2-bollendorf-beaufort", "erlebnis": 84, "datum": null }, "geometry": { "type": "MultiLineString", "coordinates": [ [ [ 309433.232891854830086, 5525933.686048723757267, 282.41525 ], [ 309424.961153630050831, 5525931.752834687940776, 284.57501 ], [ 309394.593173834844492, 5525931.714914137497544, 292.25082 ], [ 309348.423940215143375, 5525928.452479087747633, 301.79274 ], [ 309175.471902758232318, 5525925.453377448953688, 321.81373 ], [ 309150.155463585630059, 5525931.915862519294024, 326.09966 ], [ 309138.06243951729266, 5525956.163084649480879, 334.09441 ], [ 309123.716802237206139, 5525973.70082014799118, 340.12482 ], [ 309103.193355236435309, 5525985.447379313409328, 344.61984 ], [ 309085.532586705579888, 5525988.633587279357016, 346.4271 ], [ 309060.102196159539744, 5525991.872816218994558, 348.76218 ], [ 309020.465212970855646, 5525988.158921605907381, 350.35735 ], [ 309000.28078339016065, 5525983.087318349629641, 351.06364 ], [ 308989.843238499714062, 5525985.01586184091866, 353.01073 ], [ 308967.729285102337599, 5525982.350173684768379, 355.6821 ], [ 308944.712922651320696, 5525970.478560587391257, 357.19954 ], [ 308908.163742142438423, 5525962.537730822339654, 364.02302 ], [ 308881.7113385401899, 5525965.368869009427726, 369.84493 ], [ 308871.061297129141167, 5525969.419920035637915, 372.04868 ], [ 308863.77724597544875, 5525973.017580775544047, 373.41996 ], [ 308858.102493595681153, 5525946.951837749220431, 371.49622 ], [ 308862.383243953750934, 5525935.780976640060544, 369.24985 ], [ 308862.553350299480371, 5525920.303990402258933, 366.50325 ], [ 308857.327659277478233, 5525908.914138534106314, 364.98986 ], [ 308850.208836042205803, 5525898.927128513343632, 363.62489 ], [ 308839.008553767576814, 5525881.405223753303289, 359.8833 ], [ 308829.56004204635974, 5525856.475215492770076, 352.59692 ], [ 308797.898056378704496, 5525826.101173026487231, 348.82751 ], [ 308788.766817527532112, 5525795.928767335601151, 342.98113 ], [ 308779.520849862019531, 5525782.789629964157939, 341.38611 ], [ 308785.45850519661326, 5525781.799630150198936, 339.66957 ], [ 308817.848498123465106, 5525790.110007786192, 334.38725 ], [ 308803.46503496094374, 5525774.148120380938053, 333.30741 ], [ 308791.129416809126269, 5525759.115253513678908, 331.57858 ], [ 308763.778087935526855, 5525750.848651031963527, 334.23533 ], [ 308745.214739652757999, 5525742.826506045646966, 335.21163 ], [ 308723.556879353127442, 5525724.674584971740842, 333.15955 ], [ 308707.285326677781995, 5525706.220062643289566, 329.08835 ], [ 308629.278756671119481, 5525659.68540713749826, 330.22107 ], [ 308593.69633228488965, 5525632.456938826479018, 329.52918 ], [ 308559.312410118174739, 5525602.514820256270468, 329.13506 ], [ 308541.416681121452712, 5525578.887296639382839, 326.90113 ], [ 308521.981970061489847, 5525548.413822590373456, 323.49219 ], [ 308499.995554621098563, 5525529.161375201307237, 325.55279 ], [ 308489.116524392738938, 5525512.630387206561863, 325.05248 ], [ 308484.262357579311356, 5525497.554648287594318, 322.5688 ], [ 308475.956057030824013, 5525488.612021906301379, 322.99526 ], [ 308454.715677474159747, 5525470.112315095961094, 324.75752 ], [ 308436.846770940115675, 5525447.263251029886305, 324.32474 ], [ 308414.06587867741473, 5525413.792694196105003, 323.12238 ], [ 308397.676417030044831, 5525383.990362009964883, 320.13977 ], [ 308390.70053652767092, 5525371.995347754098475, 318.614 ], [ 308376.180245483643375, 5525352.255059741437435, 316.76512 ], [ 308355.393368251854554, 5525324.278862645849586, 316.52362 ], [ 308323.456603323400486, 5525274.216553702950478, 318.25138 ], [ 308308.870567039237358, 5525258.708248079754412, 320.62624 ], [ 308293.412707768031396, 5525247.015294934622943, 322.95527 ], [ 308274.197172172367573, 5525222.7677041310817, 324.3865 ], [ 308267.265006913279649, 5525209.992150799371302, 324.53345 ], [ 308268.594156172242947, 5525186.682632085867226, 322.91978 ], [ 308264.935940155992284, 5525162.771576435305178, 321.98471 ], [ 308265.720961664104834, 5525130.243338325060904, 319.73277 ], [ 308258.558475139143411, 5525113.023896541446447, 319.49201 ], [ 308251.538442926597781, 5525099.806274525821209, 319.45368 ], [ 308237.718264076684136, 5525097.738442348316312, 321.33185 ], [ 308221.019521395093761, 5525093.658413797616959, 323.44968 ], [ 308204.450172340730205, 5525097.253693637438118, 325.56976 ], [ 308191.653642166173086, 5525103.71980675123632, 326.48922 ], [ 308183.400823660194874, 5525112.472754972986877, 326.71129 ], [ 308169.594424607232213, 5525130.995562977157533, 325.6827 ], [ 308157.293636703747325, 5525149.353471490554512, 323.72648 ], [ 308143.917525676719379, 5525171.867918606847525, 321.35075 ], [ 308138.136215044767596, 5525209.582850783132017, 320.09572 ], [ 308133.653948843129911, 5525243.355921260081232, 319.51632 ], [ 308127.489780354779214, 5525266.281281468458474, 318.79708 ], [ 308119.745439106540289, 5525299.39149465225637, 318.40426 ], [ 308109.587403090437874, 5525325.353074212558568, 316.96588 ], [ 308074.87645898986375, 5525363.097430246882141, 308.05097 ], [ 308062.566355075920001, 5525375.111695256084204, 304.8976 ], [ 308050.076341750682332, 5525388.134129488840699, 302.43849 ], [ 308031.925999756029341, 5525424.064146368764341, 304.44565 ], [ 308020.798393458186183, 5525434.923336496576667, 304.44064 ], [ 308011.750734437140636, 5525447.600535769015551, 305.585 ], [ 307990.362218809663318, 5525469.399432889185846, 306.26422 ], [ 307962.201245144475251, 5525492.998206599615514, 306.29537 ], [ 307946.658698544022627, 5525531.39553006645292, 313.75742 ], [ 307944.379483763070311, 5525544.165352039970458, 316.40177 ], [ 307948.323136515333317, 5525549.81243194732815, 318.81146 ], [ 307964.941466300690081, 5525551.66835917904973, 323.59467 ], [ 307989.113994230574463, 5525555.480992970056832, 329.61393 ], [ 307991.972069439711049, 5525558.940759399905801, 330.8781 ], [ 307986.586841998039745, 5525569.372662054374814, 332.1303 ], [ 307966.596383070922457, 5525575.873349472880363, 329.07515 ], [ 307951.591513978259172, 5525588.985754765570164, 326.62523 ], [ 307934.797794797399547, 5525634.66245639603585, 323.03984 ], [ 307920.17692519153934, 5525678.703472497873008, 318.0214 ], [ 307922.878601341042668, 5525750.397463032975793, 319.20479 ], [ 307930.519375438860152, 5525772.941971468739212, 318.74532 ], [ 307943.340752244461328, 5525787.399173139594495, 320.70274 ], [ 307950.287475311313756, 5525806.629374933429062, 318.41215 ], [ 307964.899528241949156, 5525828.925248634070158, 317.94061 ], [ 307987.471694086503703, 5525856.502393167465925, 318.16268 ], [ 308022.653618786600418, 5525880.513473682105541, 322.18495 ], [ 308072.849862446135376, 5525911.891980433836579, 326.68608 ], [ 308078.849078600876965, 5525918.690184828825295, 326.93442 ], [ 308099.212174976593815, 5525946.903009141795337, 329.38703 ], [ 308099.729470865102485, 5525953.340128506533802, 329.82129 ], [ 308029.595919426647015, 5525946.045886258594692, 316.59308 ], [ 307996.163995950249955, 5525934.772201184183359, 304.67117 ], [ 307967.746421229792759, 5525924.878092748112977, 294.9024 ], [ 307902.321508049382828, 5525926.544361600652337, 275.18275 ], [ 307845.812355267931707, 5525928.004496633075178, 262.74667 ], [ 307794.034668651060201, 5525928.962390708737075, 242.90987 ], [ 307762.050343721173704, 5525903.836846930906177, 230.95964 ], [ 307677.647789115551859, 5525863.776969926431775, 212.34462 ], [ 307552.939440696849488, 5525807.461703185923398, 180.27191 ], [ 307539.799161032191478, 5525830.414712497033179, 181.02793 ], [ 307519.885944287816528, 5525861.178537919186056, 180.04147 ], [ 307448.158765060186852, 5525815.437684643082321, 170.90619 ], [ 307388.591987356194295, 5525773.714800058864057, 171.27873 ], [ 307362.002570682903752, 5525752.627998852171004, 173.32582 ], [ 307355.007134524756111, 5525752.210479819215834, 173.58805 ], [ 307332.441245030728169, 5525738.99370816256851, 174.74279 ], [ 307321.006424874532968, 5525733.169916218146682, 175.30701 ], [ 307318.258316680556163, 5525740.836914728395641, 175.34068 ], [ 307312.257915670750663, 5525734.039529871195555, 175.68373 ], [ 307281.482479058438912, 5525720.67156429681927, 177.59207 ], [ 307277.334277689573355, 5525717.369634642265737, 177.74138 ], [ 307273.865251837705728, 5525710.926891789771616, 177.94949 ], [ 307255.097138269222341, 5525723.39694684650749, 178.82315 ], [ 307232.979211885132827, 5525734.762666751630604, 180.83496 ], [ 307152.387609555502422, 5525767.144298235885799, 188.68448 ], [ 307119.046144856140018, 5525778.578630647622049, 192.15496 ], [ 307110.349496177281253, 5525780.893671346828341, 193.31281 ], [ 307100.88308771699667, 5525773.775470151565969, 195.76139 ], [ 307097.087280482519418, 5525758.217613415792584, 199.08033 ], [ 307088.72130710654892, 5525723.567924453876913, 206.43344 ], [ 307074.315873923245817, 5525666.985163076780736, 217.69923 ], [ 307065.893380762485322, 5525636.789682, 223.83411 ], [ 307052.625340631580912, 5525630.030384536832571, 227.21731 ], [ 307028.260987200657837, 5525620.886205554939806, 233.31386 ], [ 306985.382140695699491, 5525597.157160576432943, 242.95958 ], [ 306969.658496813382953, 5525586.145226097665727, 247.01653 ], [ 306965.462170776969288, 5525581.509595295414329, 248.28485 ], [ 306963.873654855880886, 5525571.32657122798264, 249.6488 ], [ 306964.680491603096016, 5525567.73591398820281, 249.86682 ], [ 306969.919919727370143, 5525559.311572007834911, 249.72894 ], [ 306976.768647401360795, 5525549.605198891833425, 249.39282 ], [ 306988.760807664890308, 5525534.817078866064548, 248.48816 ], [ 306999.231552258948795, 5525521.753085078671575, 247.47514 ], [ 307008.959690820658579, 5525508.047908120788634, 246.35377 ], [ 306996.516693964949809, 5525516.285198213532567, 248.29102 ], [ 306976.797982073447201, 5525530.348545235581696, 251.02938 ], [ 306966.319757346005645, 5525537.179827269166708, 252.52985 ], [ 306968.532926444662735, 5525522.630954346619546, 253.30822 ], [ 306970.87762069987366, 5525511.750402238219976, 253.61412 ], [ 306973.825080615759362, 5525503.630844474770129, 253.49202 ], [ 306976.844717195897829, 5525491.501755828969181, 253.4812 ], [ 306977.564495682658162, 5525477.451643080450594, 253.93688 ], [ 306976.571655892650597, 5525457.78641941677779, 254.90964 ], [ 306974.057460765005089, 5525437.841822436079383, 256.34517 ], [ 306970.133474207948893, 5525420.730366894043982, 258.26294 ], [ 306962.824157987022772, 5525391.496832486242056, 262.24156 ], [ 306956.185156148625538, 5525368.91751601640135, 265.92212 ], [ 306954.80468784540426, 5525352.494008709676564, 267.67378 ], [ 306952.290400685393251, 5525332.54942137375474, 270.09864 ], [ 306949.069279249408282, 5525312.964088249951601, 272.80034 ], [ 306946.067761066835374, 5525293.482187151908875, 275.6095 ], [ 306942.898417738149874, 5525275.341952612623572, 278.60669 ], [ 306948.150957726757042, 5525255.2302160654217, 279.53369 ], [ 306953.423908773460425, 5525229.663859089836478, 282.00445 ], [ 306959.195195322507061, 5525215.989175739698112, 282.78082 ], [ 306963.776292978902347, 5525205.251070329919457, 283.47708 ], [ 306971.927784626546782, 5525189.710216213949025, 283.89415 ], [ 306980.410675295453984, 5525175.381842629984021, 283.4994 ], [ 306990.087681990407873, 5525160.231557584367692, 282.0218 ], [ 306993.323426294664387, 5525146.091283396817744, 281.93174 ], [ 306992.825236104079522, 5525134.199616738595068, 282.37943 ], [ 306986.500586192123592, 5525124.408950564451516, 284.36588 ], [ 306979.572498436784372, 5525119.871206345036626, 286.43824 ], [ 306958.983422982797492, 5525111.704921276308596, 291.74575 ], [ 306931.266424145898782, 5525099.453405323438346, 295.11365 ], [ 306907.286563093250152, 5525095.081911696121097, 297.35037 ], [ 306876.130161628709175, 5525097.312221627682447, 303.21781 ], [ 306865.10449445451377, 5525096.928516904823482, 305.44355 ], [ 306853.551736567984335, 5525095.895915093831718, 307.63984 ], [ 306844.970121099730022, 5525093.42111643217504, 308.5878 ], [ 306837.279087596281897, 5525089.69004014134407, 308.70277 ], [ 306809.349617175408639, 5525085.571952329017222, 309.81546 ], [ 306778.943884060252458, 5525088.666325380094349, 310.22398 ], [ 306765.010950100724585, 5525089.500181818380952, 309.50525 ], [ 306674.876220568548888, 5525094.850065721198916, 303.13056 ], [ 306646.631025103735738, 5525095.975453810766339, 301.7406 ], [ 306630.385946724854875, 5525096.558766056783497, 300.827 ], [ 306625.625841976027004, 5525096.284478884190321, 300.37242 ], [ 306603.378785203851294, 5525090.071224275976419, 296.47442 ], [ 306586.822222329094075, 5525087.994546423666179, 295.27492 ], [ 306571.771142521989532, 5525087.756018473766744, 295.24079 ], [ 306546.91229139873758, 5525090.986383059062064, 297.28705 ], [ 306530.675177628116217, 5525091.792317920364439, 298.4305 ], [ 306523.235476978938095, 5525087.050905060954392, 297.09231 ], [ 306512.24966010695789, 5525087.77953165769577, 297.87559 ], [ 306486.09696982317837, 5525091.056666694581509, 300.03185 ], [ 306460.599191285902634, 5525092.529518987052143, 301.18373 ], [ 306441.614619641797617, 5525092.989248510450125, 301.6204 ], [ 306423.240967861493118, 5525090.421858451329172, 301.54213 ], [ 306408.720949706272222, 5525088.940343473106623, 302.34768 ], [ 306384.568620109115727, 5525079.791240131482482, 304.32687 ], [ 306350.580313140060753, 5525067.322877654805779, 308.18664 ], [ 306313.764385899237823, 5525052.285104561597109, 310.37383 ], [ 306298.021781517076306, 5525040.830419152975082, 311.12653 ], [ 306282.558640066010412, 5525029.143113212659955, 311.8161 ], [ 306280.565272206091322, 5525015.746935879811645, 313.32819 ], [ 306280.48501211690018, 5525007.513266208581626, 314.53228 ], [ 306280.904214277630672, 5525005.160785272717476, 314.95836 ], [ 306283.627647495479323, 5525002.836721377447248, 315.74676 ], [ 306290.772161741857417, 5525007.365831773728132, 316.0514 ], [ 306292.126109206583351, 5525010.990188357420266, 315.55899 ], [ 306264.103973417019006, 5525010.328653970733285, 312.65899 ], [ 306241.337219447013922, 5525009.700784524902701, 312.35571 ], [ 306229.161248536314815, 5525011.363240236416459, 313.05947 ], [ 306214.789057726156898, 5525015.998681277967989, 314.40188 ], [ 306182.534793574712239, 5525029.736898232251406, 317.96504 ], [ 306148.183964444790035, 5525041.213383852504194, 321.90164 ], [ 306091.143189931521192, 5525060.185375599190593, 324.65179 ], [ 306060.603149519651197, 5525079.539192291907966, 323.68886 ], [ 306061.980011866195127, 5525069.806061258539557, 326.1673 ], [ 306068.08905417000642, 5525059.56859624851495, 328.78953 ], [ 306084.976542044314556, 5525050.835192109458148, 328.92242 ], [ 306100.278844001179095, 5525044.05110667552799, 328.74601 ], [ 306126.89033793087583, 5525033.520759100094438, 327.5593 ], [ 306144.42908074578736, 5525026.878901246935129, 326.02564 ], [ 306160.509937047725543, 5525015.72607531491667, 325.16993 ], [ 306173.611813466763124, 5525005.793570495210588, 323.85862 ], [ 306159.298685581074096, 5524998.072183278389275, 330.26743 ], [ 306132.998047578847036, 5525003.248524674214423, 335.79798 ], [ 306104.381692935654428, 5525014.073626744560897, 338.81145 ], [ 306080.3787539586192, 5525035.084130075760186, 336.36143 ], [ 306054.762219322961755, 5525051.25544051732868, 335.7173 ], [ 305994.965144592395518, 5525097.597518134862185, 337.12737 ], [ 305991.818601646751631, 5525100.159592411480844, 337.31006 ], [ 305982.818913853436243, 5525114.063069199211895, 335.39666 ], [ 305967.2292074279394, 5525118.854371020570397, 338.62266 ], [ 305944.150148336135317, 5525143.505330498330295, 335.97946 ], [ 305937.657777707907371, 5525151.085445075295866, 334.96174 ], [ 305926.137580192531459, 5525156.954578749835491, 335.84868 ], [ 305918.969815575284883, 5525159.772931333631277, 336.84192 ], [ 305897.615302974649239, 5525176.347976127639413, 337.12586 ], [ 305870.016405770729762, 5525201.384823387488723, 335.63778 ], [ 305854.448640396120027, 5525218.753193141892552, 334.07779 ], [ 305834.475226255715825, 5525227.709952360019088, 336.52068 ], [ 305818.493948948278558, 5525227.618392083793879, 341.0273 ], [ 305787.084940551314503, 5525244.779106246307492, 341.13069 ], [ 305770.565342314424925, 5525249.715854765847325, 341.71267 ], [ 305765.569890478858724, 5525250.897792031988502, 342.03939 ], [ 305743.64797424263088, 5525259.702577623538673, 341.59157 ], [ 305720.989423634135164, 5525256.067808299325407, 344.93141 ], [ 305689.98451440257486, 5525250.508190280757844, 348.53258 ], [ 305673.135069892392494, 5525240.319578387774527, 351.1572 ], [ 305622.911017709760927, 5525216.754589441232383, 354.13465 ], [ 305588.944491791655309, 5525198.947500351816416, 356.25713 ], [ 305554.966804136522114, 5525186.817609531804919, 355.50962 ], [ 305518.309522606548853, 5525196.155417120084167, 349.90736 ], [ 305484.436031695106067, 5525186.916148727759719, 349.92986 ], [ 305440.591147302824538, 5525178.593875325284898, 351.68108 ], [ 305430.764476774027571, 5525183.512468026019633, 351.25395 ], [ 305387.248880418017507, 5525184.305814448744059, 353.22874 ], [ 305364.684743965277448, 5525195.250183193944395, 353.96159 ], [ 305330.210478720138781, 5525197.275493124499917, 355.77745 ], [ 305283.051064641796984, 5525206.771987820975482, 358.25842 ], [ 305259.019069411209784, 5525206.973197581246495, 359.43228 ], [ 305243.764455247670412, 5525207.079666924662888, 359.99853 ], [ 305189.272990350902546, 5525214.838668076321483, 361.89065 ], [ 305159.462470143742394, 5525214.470234089531004, 363.50462 ], [ 305132.9785207741661, 5525214.538113812915981, 365.83337 ], [ 305109.095646432018839, 5525204.939637867733836, 368.34714 ], [ 305080.871164519106969, 5525192.715755268931389, 371.67494 ], [ 305055.414217701531015, 5525181.393579907715321, 374.56931 ], [ 305043.104351215180941, 5525173.379944579675794, 376.08612 ], [ 305022.801935797091573, 5525159.311252990737557, 378.38414 ], [ 305014.006643458851613, 5525152.951328808441758, 379.2361 ], [ 304971.388211513636634, 5525136.796939167194068, 381.33767 ], [ 304975.335245246766135, 5525114.615303541533649, 382.37104 ], [ 304977.708937631628942, 5525078.799953818321228, 383.12021 ], [ 304979.078045249218121, 5525035.118229802697897, 382.78517 ], [ 304981.208022455102764, 5524998.532571520656347, 382.02445 ], [ 304980.594424622075167, 5524989.538968086242676, 381.81998 ], [ 304974.230186918226536, 5524980.753618498332798, 381.7363 ], [ 304967.139009303995408, 5524957.85867902263999, 381.12498 ], [ 304964.987657730584033, 5524948.141621732152998, 380.72077 ], [ 304970.160910578211769, 5524912.113587599247694, 378.27392 ], [ 304972.584821678581648, 5524869.729354007169604, 374.6299 ], [ 304973.549816251033917, 5524836.74769994802773, 372.5091 ], [ 304973.973107259662356, 5524808.68314856197685, 371.69943 ], [ 304972.552093328908086, 5524797.270044363103807, 371.45685 ], [ 304967.342997443163767, 5524778.647894129157066, 370.78931 ], [ 304965.174930495151784, 5524766.482699480839074, 370.45127 ], [ 304963.482453765813261, 5524755.524653199128807, 370.26157 ], [ 304952.23830299382098, 5524735.228860287927091, 369.47511 ], [ 304940.370669537223876, 5524713.619989986531436, 369.23064 ], [ 304917.207974450313486, 5524676.280816681683064, 369.43713 ], [ 304910.788710486958735, 5524671.949770676903427, 369.17717 ], [ 304885.625045338878408, 5524648.930425965227187, 368.21843 ], [ 304867.719620615476742, 5524631.547459924593568, 367.22492 ], [ 304858.059461941651534, 5524621.212030704133213, 366.86295 ], [ 304850.86701383558102, 5524609.451524526812136, 367.18642 ], [ 304842.638067964348011, 5524590.938883238472044, 368.23233 ], [ 304817.897630294552073, 5524543.862259887158871, 369.81989 ], [ 304810.381193056702614, 5524531.111779234372079, 369.93313 ], [ 304780.209095079451799, 5524473.212787218391895, 367.81432 ], [ 304771.814956299960613, 5524464.055974174290895, 366.64797 ], [ 304758.953628946444951, 5524448.827927925623953, 364.67852 ], [ 304745.244378942647018, 5524430.068833373486996, 362.54781 ], [ 304736.857531378860585, 5524419.130896852351725, 361.53085 ], [ 304729.413290496449918, 5524408.381412050686777, 360.89981 ], [ 304720.46229338174453, 5524369.971203118562698, 361.63172 ], [ 304719.843742503435351, 5524346.953149545937777, 362.49167 ], [ 304722.862822930852417, 5524321.02055199444294, 363.38763 ], [ 304728.752797104010824, 5524304.778866359964013, 363.57588 ], [ 304729.098399218404666, 5524286.512049219571054, 362.90677 ], [ 304741.287417042069137, 5524271.266406363807619, 362.2177 ], [ 304754.103168162226211, 5524267.351351303979754, 361.96287 ], [ 304793.767118982388638, 5524263.35374095197767, 360.46963 ], [ 304806.822152547654696, 5524258.094464673660696, 359.61801 ], [ 304811.204545540502295, 5524247.918073480017483, 358.85197 ], [ 304810.435800117673352, 5524228.68990218732506, 357.77515 ], [ 304812.067979083280079, 5524224.067191241309047, 357.40753 ], [ 304819.820736664929427, 5524211.54255320224911, 356.20616 ], [ 304836.69252275605686, 5524200.357126204296947, 354.579 ], [ 304840.348636617185548, 5524191.987983566708863, 353.86718 ], [ 304841.782318532816134, 5524177.911426080390811, 353.00091 ], [ 304851.972746315877885, 5524169.082947443239391, 352.03181 ], [ 304857.48488827154506, 5524156.305628991685808, 351.33144 ], [ 304855.789755214820616, 5524137.333636838942766, 351.47044 ], [ 304852.383597984793596, 5524126.77161361835897, 351.73687 ], [ 304842.952012115740217, 5524108.859044882468879, 351.33601 ], [ 304842.450852710404433, 5524089.064653577283025, 350.20291 ], [ 304845.837250724784099, 5524073.247761736623943, 348.94072 ], [ 304855.957675724115688, 5524056.519085117615759, 348.17949 ], [ 304870.414314722933341, 5524034.290652451105416, 345.76992 ], [ 304883.699470491614193, 5524021.454433725215495, 344.14644 ], [ 304890.627355920965783, 5524013.968594158068299, 342.8274 ], [ 304893.28635907638818, 5524009.865259475074708, 341.91257 ], [ 304878.281967178394552, 5524016.975791854783893, 342.07931 ], [ 304870.374582853284664, 5524021.269243220798671, 342.22964 ], [ 304867.515438824193552, 5524023.821550868451595, 342.5253 ], [ 304860.81477911293041, 5524029.629595658741891, 343.12908 ], [ 304852.041830059140921, 5524037.850155621767044, 343.70606 ], [ 304844.19146840297617, 5524045.703388823196292, 343.91387 ], [ 304836.601116325764451, 5524054.771585869602859, 344.21882 ], [ 304832.21609418920707, 5524056.933970582671463, 343.69912 ], [ 304824.607867437181994, 5524059.547059659846127, 342.20886 ], [ 304821.998895996948704, 5524057.081539053469896, 340.75718 ], [ 304821.874040875467472, 5524053.63556241709739, 339.84567 ], [ 304821.936679174890742, 5524049.403647272847593, 338.7884 ], [ 304826.572439813637175, 5524044.226895484142005, 338.98782 ], [ 304831.547550817369483, 5524038.481321298517287, 339.09376 ], [ 304832.54886917443946, 5524034.326704922132194, 338.35049 ], [ 304835.410828672116622, 5524027.878549882210791, 337.55146 ], [ 304837.541755547979847, 5524021.122961976565421, 336.35755 ], [ 304840.255317552946508, 5524012.565364522859454, 334.7365 ], [ 304843.559575100720394, 5524002.428079669363797, 332.66095 ], [ 304847.101439288409892, 5523998.849268834106624, 332.42814 ], [ 304852.65925354254432, 5523991.301706537604332, 331.32354 ], [ 304860.017934910720214, 5523981.796706861816347, 329.72511 ], [ 304869.973550209600944, 5523974.423779215663671, 328.95898 ], [ 304879.00661616132129, 5523967.418205979280174, 328.09017 ], [ 304885.340990824508481, 5523965.407873389311135, 328.44335 ], [ 304895.433552406844683, 5523961.814452717080712, 329.09957 ], [ 304902.786001561558805, 5523958.097674362361431, 329.54884 ], [ 304906.779443333623931, 5523955.059084552340209, 329.71081 ], [ 304899.144039924256504, 5523946.987632252275944, 326.51151 ], [ 304882.107945484691299, 5523945.712439985945821, 322.31616 ], [ 304871.852013168972917, 5523950.758784596808255, 322.08463 ], [ 304862.175299601512961, 5523955.895474921911955, 322.27448 ], [ 304855.485463698161766, 5523958.030017380602658, 321.96242 ], [ 304848.188244004268199, 5523959.296120334416628, 321.30539 ], [ 304851.322336368612014, 5523954.396409655921161, 320.4681 ], [ 304852.914973237493541, 5523950.665604492649436, 319.73488 ], [ 304854.207359695807099, 5523944.608242109417915, 318.43499 ], [ 304853.218596117163543, 5523937.186531268060207, 316.67433 ], [ 304856.131822090828791, 5523928.176488976925611, 315.12016 ], [ 304857.758962833322585, 5523919.435648704878986, 313.66139 ], [ 304859.006490448722616, 5523910.152028412558138, 312.2266 ], [ 304861.976116774254479, 5523902.698237554170191, 311.59517 ], [ 304865.379426605184563, 5523889.329502145759761, 310.5268 ], [ 304871.358421193435788, 5523873.530042420141399, 310.20982 ], [ 304878.958884861320257, 5523870.694706213660538, 312.10585 ], [ 304882.729806263640057, 5523857.535284500569105, 312.05602 ], [ 304885.390638004231732, 5523845.529135318472981, 311.723 ], [ 304893.989166950806975, 5523826.518258522264659, 312.63278 ], [ 304902.539454898214899, 5523806.173471192829311, 312.70674 ], [ 304911.261789648619015, 5523786.601615995168686, 311.94185 ], [ 304917.836378019768745, 5523771.337189852260053, 310.74085 ], [ 304923.733922582003288, 5523763.220891334116459, 310.8213 ], [ 304931.815542526601348, 5523751.797636884264648, 311.02734 ], [ 304940.256150345318019, 5523738.357886765152216, 311.39215 ], [ 304944.912437395309098, 5523733.737051211297512, 312.30894 ], [ 304952.679461048392113, 5523725.553104786202312, 314.01922 ], [ 304961.296160186058842, 5523712.997468472458422, 316.085 ], [ 304966.733735561021604, 5523702.115222667343915, 317.57077 ], [ 304966.8598359542666, 5523695.654897983185947, 317.35361 ], [ 304967.902410102891736, 5523680.702125200070441, 317.29349 ], [ 304967.958506770548411, 5523666.341595338657498, 317.0401 ], [ 304965.194915776024573, 5523653.641427171416581, 315.71846 ], [ 304958.552691228687763, 5523641.192979139275849, 312.52343 ], [ 304950.414203716849443, 5523635.143161133863032, 308.59164 ], [ 304935.83625778532587, 5523628.213435942307115, 301.6966 ], [ 304927.264133221586235, 5523614.165301595814526, 297.77687 ], [ 304918.667084922315553, 5523611.360011450015008, 299.80478 ], [ 304908.213220922800247, 5523610.959402661770582, 302.82482 ], [ 304898.231016398989595, 5523611.654796538874507, 305.44793 ], [ 304895.137030049460009, 5523603.752787922509015, 307.02596 ], [ 304892.896128922642674, 5523589.586735949851573, 309.3429 ], [ 304892.713307629397605, 5523578.574035751633346, 310.93943 ], [ 304903.060519763734192, 5523554.157185886986554, 311.43972 ], [ 304913.19267603859771, 5523531.751661981455982, 311.84906 ], [ 304939.939262943225913, 5523496.946173009462655, 307.69015 ], [ 304952.322410746943206, 5523481.026311789639294, 308.9118 ], [ 304977.658199785044417, 5523456.957505328580737, 308.12272 ], [ 305000.518845759797841, 5523438.098492839373648, 307.55084 ], [ 305014.269500816473737, 5523426.136321458034217, 308.52745 ], [ 305032.366629832598846, 5523414.907355501316488, 307.01331 ], [ 305051.248702715965919, 5523411.441476195119321, 299.81277 ], [ 305068.224125790875405, 5523403.035874374210835, 297.37862 ], [ 305084.535897557507269, 5523392.205605714581907, 298.11883 ], [ 305092.811489219951909, 5523386.118325352668762, 298.38669 ], [ 305109.729352610185742, 5523370.146140927448869, 298.69614 ], [ 305116.082287079945672, 5523358.674453752115369, 297.95578 ], [ 305122.092736913822591, 5523351.667400146834552, 297.93431 ], [ 305133.111496452242136, 5523339.804371945559978, 297.91734 ], [ 305147.957350192882586, 5523328.248191352933645, 298.48317 ], [ 305158.576942718937062, 5523317.290104229003191, 298.55081 ], [ 305165.829982573282905, 5523310.794702107086778, 298.72762 ], [ 305169.072420859069098, 5523304.889552587643266, 298.40238 ], [ 305172.010723927989602, 5523296.546673826873302, 297.68593 ], [ 305182.247667219606228, 5523288.941651858389378, 297.85805 ], [ 305186.101992795942351, 5523286.019648566842079, 297.92785 ], [ 305191.581146407756023, 5523278.25275248195976, 297.20265 ], [ 305198.717734717472922, 5523268.533742382191122, 296.5719 ], [ 305202.532898884033784, 5523250.58688451256603, 301.37744 ], [ 305218.269306718313601, 5523235.770860438235104, 301.79377 ], [ 305231.593548003933392, 5523223.936028678901494, 301.56577 ], [ 305254.117863962659612, 5523211.657408498227596, 297.65848 ], [ 305271.613636197987944, 5523203.678923494182527, 295.34776 ], [ 305294.593268262571655, 5523190.04836071562022, 295.05711 ], [ 305302.414259142358787, 5523185.313532221131027, 295.1141 ], [ 305327.142382061341777, 5523164.273768943734467, 294.38134 ], [ 305333.612507660640404, 5523156.026014576666057, 294.00033 ], [ 305349.522592627734412, 5523147.993781475350261, 293.78758 ], [ 305370.552026096615009, 5523128.200907080434263, 292.40569 ], [ 305386.377577774692327, 5523115.830928600393236, 291.44824 ], [ 305398.528575163800269, 5523107.378091481514275, 291.1792 ], [ 305419.100180454435758, 5523094.836819522082806, 289.81246 ], [ 305440.506345914094709, 5523079.482862612232566, 289.16536 ], [ 305463.854813373880461, 5523068.065873271785676, 287.98304 ], [ 305485.031665526330471, 5523066.299645588733256, 288.6967 ], [ 305506.788709888933226, 5523044.700203910470009, 286.97953 ], [ 305515.804454719298519, 5523039.143449909053743, 286.80648 ], [ 305536.903115428634919, 5523021.24098286125809, 285.88227 ], [ 305547.644452087057289, 5523013.618518793024123, 285.53168 ], [ 305566.339658655633684, 5523004.929943677037954, 284.92812 ], [ 305589.356110524269752, 5522986.290672694332898, 283.05133 ], [ 305598.395822077931371, 5522979.397540811449289, 282.69395 ], [ 305599.098055099719204, 5522972.916503394953907, 282.13985 ], [ 305620.116262190218549, 5522946.78071357216686, 282.0866 ], [ 305633.696883545198943, 5522928.036808790639043, 282.57211 ], [ 305640.403549441951327, 5522920.337466087192297, 282.84658 ], [ 305658.377108152140863, 5522919.577933597378433, 285.34151 ], [ 305672.445273156045005, 5522900.371336447075009, 284.58841 ], [ 305669.998848384188022, 5522888.4386035958305, 282.75114 ], [ 305670.976075894199312, 5522875.603273808956146, 281.50447 ], [ 305677.12240690580802, 5522858.351951083168387, 280.82564 ], [ 305680.412848888954613, 5522845.767127345316112, 280.52424 ], [ 305680.591791686136276, 5522838.748453136533499, 280.23216 ], [ 305672.030002585845068, 5522802.99433202855289, 278.19972 ], [ 305665.819352884893306, 5522784.519032798707485, 277.51372 ], [ 305656.12807941052597, 5522759.379645632579923, 277.05791 ], [ 305651.191968538740184, 5522742.305362286046147, 277.3191 ], [ 305641.891708879848011, 5522714.035349206998944, 277.94749 ], [ 305623.743533303146251, 5522697.994114852510393, 274.87831 ], [ 305614.333380458992906, 5522686.646485200151801, 273.25031 ], [ 305605.558122073416598, 5522672.938560020178556, 272.09241 ], [ 305593.315979156643152, 5522666.924458688125014, 268.85908 ], [ 305580.802193561336026, 5522661.365403856150806, 265.79004 ], [ 305567.791910879313946, 5522648.032924370840192, 264.3971 ], [ 305563.63210995105328, 5522642.506435902789235, 264.0075 ], [ 305555.144591470598243, 5522630.791694250889122, 262.69519 ], [ 305549.182898757862858, 5522625.21892227884382, 262.18855 ], [ 305546.116419494326692, 5522610.08074798155576, 260.98652 ], [ 305542.314737204927951, 5522594.523881259374321, 261.14765 ], [ 305535.272291829052847, 5522574.965657754801214, 261.8569 ], [ 305532.519797673798166, 5522548.574330752715468, 264.90337 ], [ 305529.8475098341587, 5522524.406215325929224, 265.54522 ], [ 305526.391872383537702, 5522498.485483285039663, 263.24554 ], [ 305525.475319967721589, 5522487.054117505438626, 261.77512 ], [ 305528.493259898910765, 5522468.913774569518864, 260.93963 ], [ 305531.999157498124987, 5522454.317595415748656, 260.12649 ], [ 305542.504238378722221, 5522434.126236361451447, 260.37504 ], [ 305551.23234310222324, 5522420.566018296405673, 260.12027 ], [ 305558.135298156063072, 5522412.303005214780569, 259.88944 ], [ 305579.049056299263611, 5522395.186690871603787, 258.9319 ], [ 305600.998863899963908, 5522386.826200908049941, 258.78077 ], [ 305633.808757347520441, 5522382.081136277876794, 259.27412 ], [ 305655.419606596580707, 5522378.296606117859483, 257.22062 ], [ 305696.516775429307017, 5522379.708799496293068, 256.20828 ], [ 305732.843312945216894, 5522380.625424720346928, 252.24023 ], [ 305774.515933940419927, 5522384.020955262705684, 248.17316 ], [ 305801.133731207693927, 5522387.291399646550417, 245.48638 ], [ 305835.606654627830721, 5522392.727692307904363, 242.8635 ], [ 305865.840387182310224, 5522398.428197229281068, 241.01567 ], [ 305873.955165683873929, 5522399.805484612472355, 240.19052 ], [ 305902.866697964956984, 5522410.785137344151735, 242.73043 ], [ 305924.51037054520566, 5522419.91185094229877, 246.12907 ], [ 305931.830139502533711, 5522423.210029659792781, 247.51665 ], [ 305968.460390228312463, 5522432.576435603201389, 247.98893 ], [ 306004.099569294019602, 5522440.42049053683877, 247.02663 ], [ 306042.463545570499264, 5522449.947588408365846, 246.77907 ], [ 306073.971485566638876, 5522463.060772985219955, 248.92289 ], [ 306114.428974128270056, 5522480.749568141065538, 252.89989 ], [ 306148.337487708311528, 5522484.538538194261491, 249.49652 ], [ 306175.278098878217861, 5522488.800910069607198, 247.96265 ], [ 306227.592987291514874, 5522495.824103262275457, 242.21943 ], [ 306248.732248595799319, 5522498.959764673374593, 241.78437 ], [ 306277.226858671521768, 5522504.391117073595524, 246.3772 ], [ 306299.340899962990079, 5522508.604977313429117, 249.37461 ], [ 306321.335038826277014, 5522513.491060145199299, 251.75881 ], [ 306343.780596477910876, 5522518.917530559003353, 250.81543 ], [ 306364.364346237445716, 5522520.626641303300858, 246.8237 ], [ 306386.502227223187219, 5522523.504343821667135, 244.67896 ], [ 306393.418113878229633, 5522521.586337339133024, 244.52755 ], [ 306401.101115456956904, 5522518.972959202714264, 244.86698 ], [ 306412.076349536539055, 5522511.789171590469778, 245.17636 ], [ 306415.053015265264548, 5522504.447485338896513, 244.19257 ], [ 306418.649029488733504, 5522494.300953056663275, 242.86116 ], [ 306426.747808338841423, 5522483.213570350781083, 242.15507 ], [ 306443.324723274330609, 5522471.599109848029912, 242.75521 ], [ 306462.310996638145298, 5522456.892976311035454, 243.12302 ], [ 306481.045412568491884, 5522449.208111813291907, 244.44216 ], [ 306491.461603477946483, 5522440.486318690702319, 243.71124 ], [ 306498.270109782926738, 5522429.556688311509788, 241.69726 ], [ 306513.928300829837099, 5522420.424136709421873, 239.90369 ], [ 306521.543660833500326, 5522415.921203868463635, 238.77988 ], [ 306547.378207648405805, 5522405.421717863529921, 237.58459 ], [ 306567.395024213474244, 5522405.371110882610083, 236.68295 ], [ 306577.730991100717802, 5522406.447118666023016, 236.81344 ], [ 306596.241533313761465, 5522406.561978897079825, 235.95699 ], [ 306603.529062677931506, 5522406.968300097621977, 235.64655 ], [ 306617.580632231081836, 5522409.246704392135143, 235.31043 ], [ 306616.789300101110712, 5522413.282035415992141, 236.52751 ], [ 306608.418318794458173, 5522424.824084049090743, 240.43034 ], [ 306613.164445330156013, 5522430.664192285388708, 241.65041 ], [ 306621.801774484454654, 5522440.594232778064907, 243.62555 ], [ 306622.484667529002763, 5522445.578402988612652, 245.0353 ], [ 306621.001972751459107, 5522452.421135541051626, 247.39568 ], [ 306611.085397209972143, 5522455.00302909873426, 249.26537 ], [ 306598.024696327687707, 5522454.247345892712474, 249.94938 ], [ 306590.825101959519088, 5522454.283095827326179, 250.31378 ], [ 306570.400806530495174, 5522457.019544821232557, 251.66297 ], [ 306571.83083382085897, 5522462.756024561822414, 253.58519 ], [ 306576.684686165070161, 5522471.597440427169204, 256.72558 ], [ 306580.539680972404312, 5522480.697314424440265, 260.08861 ], [ 306583.819447466521524, 5522487.814364003948867, 262.7285 ], [ 306602.561065350892022, 5522494.376560168340802, 264.53728 ], [ 306614.227111652842723, 5522498.410102621652186, 265.31838 ], [ 306617.563026901392732, 5522501.07300095167011, 266.07816 ], [ 306624.566752557177097, 5522501.60082977078855, 265.64953 ], [ 306636.600573959294707, 5522501.836892871186137, 264.42867 ], [ 306650.372328574070707, 5522502.344545131549239, 262.80823 ], [ 306676.753071032348089, 5522505.071219736710191, 259.46771 ], [ 306686.309706338797696, 5522506.509288595058024, 258.12371 ], [ 306697.624351406353526, 5522506.771282621659338, 255.95282 ], [ 306709.641582487383857, 5522514.576756281778216, 256.3766 ], [ 306722.852477859822102, 5522533.581122988834977, 260.3469 ], [ 306729.12853693345096, 5522539.922972943633795, 261.68441 ], [ 306736.926589280948974, 5522548.547628813423216, 263.8643 ], [ 306742.519342238549143, 5522555.915728963911533, 265.87227 ], [ 306750.257059193041641, 5522568.88340921048075, 269.2313 ], [ 306759.1091590563301, 5522584.816340733319521, 272.79122 ], [ 306764.718134811380878, 5522588.622160779312253, 273.76572 ], [ 306769.220315819373354, 5522593.69200973585248, 274.70016 ], [ 306782.655787467316259, 5522598.886794911697507, 276.03261 ], [ 306790.510191101115197, 5522601.053886619396508, 276.64755 ], [ 306798.936284722527489, 5522599.082260275259614, 277.23248 ], [ 306806.000186392921023, 5522595.267316657118499, 277.87724 ], [ 306813.623473136802204, 5522590.987116721458733, 278.74686 ], [ 306826.495736428885721, 5522594.532643396407366, 280.00036 ], [ 306838.357398048508912, 5522595.999652858823538, 281.27018 ], [ 306852.947601442807354, 5522599.261060520075262, 282.90111 ], [ 306867.193939139018767, 5522604.983507503755391, 284.57007 ], [ 306886.62536806735443, 5522616.75319008063525, 287.00243 ], [ 306905.497778160497546, 5522624.981254518032074, 289.50097 ], [ 306918.155515329621267, 5522616.513900109566748, 291.23078 ], [ 306932.558671318751294, 5522612.547491995617747, 292.48348 ], [ 306959.003822496393695, 5522605.033279443159699, 293.51179 ], [ 307011.175446098030079, 5522588.02753106225282, 293.81219 ], [ 307016.856936552445404, 5522585.820623494684696, 293.78398 ], [ 307048.675435837882105, 5522581.564861501567066, 294.45411 ], [ 307067.725624249083921, 5522574.649871102534235, 294.65143 ], [ 307088.770155230537057, 5522563.100129835307598, 294.482 ], [ 307099.11539985035779, 5522552.378633460961282, 293.86557 ], [ 307113.364585333736613, 5522538.067036837339401, 293.42637 ], [ 307129.684091902221553, 5522519.229264507070184, 293.53312 ], [ 307139.386874037620146, 5522504.635236049070954, 293.76301 ], [ 307151.925916949345265, 5522492.833623071201146, 294.99861 ], [ 307172.660728060523979, 5522472.613678156398237, 296.5959 ], [ 307180.064400903123897, 5522470.234035030938685, 297.12741 ], [ 307193.540818717272487, 5522468.527577021159232, 297.84901 ], [ 307203.049606218119152, 5522468.632629525847733, 298.3169 ], [ 307214.12429087178316, 5522470.239929149858654, 299.15982 ], [ 307221.558753223333042, 5522474.760033718310297, 300.16331 ], [ 307225.017617158358917, 5522480.869287052191794, 300.79045 ], [ 307227.305598244594876, 5522488.467362237162888, 301.09842 ], [ 307227.833367289451417, 5522509.262160333804786, 301.00854 ], [ 307231.345783580327407, 5522528.948476319201291, 300.63168 ], [ 307241.454229217662942, 5522571.995126824826002, 300.03433 ], [ 307244.241584808914922, 5522579.464042853564024, 299.95711 ], [ 307254.421338077401742, 5522602.362304088659585, 299.636 ], [ 307281.037796490709297, 5522666.07751590013504, 299.25671 ], [ 307288.039013279834762, 5522678.627005571499467, 299.81811 ], [ 307304.366039286076557, 5522706.314160563983023, 302.13047 ], [ 307310.915439892676659, 5522720.326768972910941, 303.67608 ], [ 307318.458168446784839, 5522741.983776172623038, 305.94447 ], [ 307331.188537119189277, 5522773.80650002323091, 308.7522 ], [ 307355.273324388079345, 5522823.14311833307147, 311.33891 ], [ 307364.825679235626012, 5522842.613577875308692, 311.83911 ], [ 307372.423693283344619, 5522865.826907351613045, 312.36517 ], [ 307390.597629387979396, 5522902.909004782326519, 313.40523 ], [ 307394.327815793803893, 5522908.563433630391955, 313.57346 ], [ 307397.557020123931579, 5522922.360886093229055, 314.1913 ], [ 307399.741329547367059, 5522927.068843209184706, 314.3862 ], [ 307411.223005350679159, 5522946.136502836830914, 315.2174 ], [ 307417.181127934658434, 5522957.721679216250777, 315.79395 ], [ 307421.348241909872741, 5522975.603831292130053, 316.6073 ], [ 307426.852179517969489, 5523000.672902354970574, 317.48056 ], [ 307434.257875558454543, 5523024.560986638069153, 318.06273 ], [ 307443.501751497678924, 5523045.48951568454504, 318.3402 ], [ 307448.130032154964283, 5523054.117059972137213, 318.35527 ], [ 307459.216431201435626, 5523070.193745578639209, 318.03994 ], [ 307462.666758066217881, 5523076.080817717127502, 317.81892 ], [ 307468.199490873259492, 5523095.917652444913983, 317.25034 ], [ 307472.892304765642621, 5523120.459223038516939, 316.53796 ], [ 307481.591380387311801, 5523166.450420427136123, 315.20475 ], [ 307500.31626034603687, 5523178.692573237232864, 311.11668 ], [ 307515.286057579796761, 5523190.623714758083224, 306.79713 ], [ 307536.148583594476804, 5523218.37201858125627, 301.62779 ], [ 307545.0106373031158, 5523228.629250878468156, 299.25251 ], [ 307551.871659526019357, 5523237.288422673940659, 297.30326 ], [ 307557.845091674709693, 5523249.318387290462852, 295.77434 ], [ 307561.502987164771184, 5523254.975492022931576, 294.56222 ], [ 307566.345307069714181, 5523269.605826512910426, 293.21081 ], [ 307566.923596791166347, 5523291.845737716183066, 293.94479 ], [ 307570.316769274068065, 5523302.187019438482821, 293.2044 ], [ 307572.307127300067805, 5523315.583578054793179, 293.00386 ], [ 307573.380794290220365, 5523337.583192760124803, 293.0967 ], [ 307576.315573633066379, 5523361.297186654061079, 292.22132 ], [ 307573.445145506586414, 5523371.639560285024345, 292.95575 ], [ 307566.977354294853285, 5523392.127671753056347, 293.99894 ], [ 307562.236606629448943, 5523406.543756449595094, 293.78496 ], [ 307562.807012897857931, 5523428.561349180527031, 290.22519 ], [ 307569.723364817909896, 5523438.776793559081852, 287.19716 ], [ 307581.817119622835889, 5523446.803890019655228, 285.77819 ], [ 307598.9488806638401, 5523450.755502670072019, 282.08039 ], [ 307606.002813640516251, 5523452.729667005129158, 280.05788 ], [ 307616.911232739163097, 5523455.790538310073316, 276.39352 ], [ 307636.510499968193471, 5523464.328877035528421, 271.01367 ], [ 307656.153354854963254, 5523474.090057421475649, 266.53415 ], [ 307672.756409522902686, 5523483.403301586396992, 262.12494 ], [ 307683.000772559142206, 5523490.049692203290761, 259.62761 ], [ 307711.783401568070985, 5523497.703984744846821, 256.19119 ], [ 307722.279589884099551, 5523503.339733800850809, 255.1381 ], [ 307737.806876491755247, 5523516.80975631903857, 254.66321 ], [ 307750.185787231952418, 5523532.840819653123617, 254.57509 ], [ 307756.067273642867804, 5523542.31428372208029, 252.98628 ], [ 307757.46015100099612, 5523547.05059679877013, 252.07078 ], [ 307763.420016393065453, 5523546.615336313843727, 251.2285 ], [ 307776.672092921915464, 5523552.820666852407157, 247.9861 ], [ 307804.458782046451233, 5523578.987188469618559, 237.93925 ], [ 307825.519877053971868, 5523600.27381628099829, 230.19567 ], [ 307853.49800567550119, 5523625.765919405966997, 220.60103 ], [ 307889.494731802726164, 5523658.095575729385018, 209.31236 ], [ 307901.70475355128292, 5523675.468595761805773, 204.76219 ], [ 307902.648095349315554, 5523701.924951964989305, 203.35059 ], [ 307903.839310127543285, 5523713.12402908038348, 201.99775 ], [ 307912.621264536865056, 5523733.290559560060501, 195.60963 ], [ 307920.059700062731281, 5523744.044291887432337, 191.74312 ], [ 307938.788975590490736, 5523744.378276042640209, 190.35289 ], [ 307947.166002285724971, 5523741.074472478590906, 186.29952 ], [ 307953.68445889960276, 5523728.042321421205997, 182.03697 ], [ 307962.196305783058051, 5523714.382612231187522, 176.5839 ], [ 307973.148803978750948, 5523700.524623136036098, 171.64461 ], [ 307983.119126940844581, 5523685.366037490777671, 169.29401 ], [ 308003.877613197138999, 5523686.073145180009305, 168.48235 ], [ 308001.64850317168748, 5523659.885228573344648, 168.49973 ], [ 307996.304507671040483, 5523631.137065064162016, 168.674 ], [ 307989.282401766977273, 5523603.784339915029705, 169.24008 ], [ 307982.989366366760805, 5523582.749871484003961, 170.01827 ], [ 308009.056631923303939, 5523570.801957787945867, 171.79216 ], [ 308028.955765489721671, 5523561.522604327648878, 176.58127 ], [ 308030.608237823587842, 5523539.203264750540257, 178.18185 ], [ 308035.223317454045173, 5523521.230460698716342, 179.50115 ], [ 308042.73491544049466, 5523501.707534594461322, 180.7279 ], [ 308047.942019605019595, 5523494.28736943565309, 181.49202 ], [ 308052.249439820181578, 5523489.904423653148115, 182.14759 ], [ 308056.248221699264832, 5523488.982847024686635, 182.89751 ], [ 308059.814973881235346, 5523490.080104952678084, 183.66145 ], [ 308068.1843808676349, 5523512.82151482347399, 186.85142 ], [ 308071.677344074763823, 5523519.931729101575911, 188.10272 ], [ 308076.571438244078308, 5523529.997193796560168, 189.94542 ], [ 308083.147586946724914, 5523538.778420296497643, 192.06663 ], [ 308089.912330169929191, 5523544.770380319096148, 193.83154 ], [ 308097.764124161563814, 5523548.94279311876744, 195.30196 ], [ 308128.380805677152239, 5523551.52532680798322, 197.80556 ], [ 308160.959218560310546, 5523552.591252756305039, 199.91512 ], [ 308186.091569273441564, 5523554.81288324855268, 202.48628 ], [ 308205.640037159551866, 5523555.897780770435929, 204.25609 ], [ 308216.36118683218956, 5523555.738736271858215, 205.31121 ], [ 308229.848820151528344, 5523560.489833773113787, 207.29655 ], [ 308232.101486168801785, 5523561.077464482747018, 207.6245 ], [ 308239.046120898157824, 5523566.06147834751755, 208.96098 ], [ 308247.15370913001243, 5523569.33457890432328, 210.09028 ], [ 308259.068066411651671, 5523572.360908555798233, 211.31632 ], [ 308261.562044168356806, 5523579.729385918937624, 212.12382 ], [ 308258.227414166904055, 5523635.721678724512458, 215.97737 ], [ 308259.339112824993208, 5523666.95798509940505, 217.97636 ], [ 308262.8897032472305, 5523679.74265662021935, 219.01666 ], [ 308268.926478415261954, 5523687.54156019538641, 220.03282 ], [ 308278.478377339954022, 5523694.992772399447858, 221.35751 ], [ 308301.346671485691331, 5523704.418794991448522, 224.74992 ], [ 308304.70473751926329, 5523707.749668780714273, 225.25566 ], [ 308313.759052664565388, 5523721.451554509811103, 226.13574 ], [ 308326.578718603181187, 5523749.933950711973011, 226.45116 ], [ 308333.835463429219089, 5523763.699818968772888, 226.55264 ], [ 308349.272373501560651, 5523788.861387591809034, 226.1273 ], [ 308352.376925963326357, 5523797.209892958402634, 225.41153 ], [ 308355.944490459223744, 5523806.432344176806509, 224.59649 ], [ 308375.539429694064893, 5523808.851769533008337, 227.95723 ], [ 308399.919847326469608, 5523810.210649333894253, 232.29229 ], [ 308418.405398398055695, 5523809.775835713371634, 236.06873 ], [ 308442.894010496733245, 5523810.129344385117292, 240.51358 ], [ 308451.552569194929674, 5523812.715321362018585, 241.93393 ], [ 308477.146518273395486, 5523815.812228024937212, 247.45047 ], [ 308493.977632401394658, 5523817.439921813085675, 251.33055 ], [ 308504.411419501528144, 5523815.288201365619898, 254.23075 ], [ 308510.433365757402498, 5523808.507343665696681, 256.76716 ], [ 308510.808584271348082, 5523798.810754067264497, 258.34451 ], [ 308504.990298223099671, 5523784.993546033278108, 258.89227 ], [ 308501.869318282289896, 5523768.07531572598964, 260.56934 ], [ 308499.946885032812133, 5523750.446671985089779, 262.57182 ], [ 308499.833760077483021, 5523733.087619766592979, 264.84567 ], [ 308511.867679889837746, 5523735.442416973412037, 268.80638 ], [ 308530.766730141476728, 5523750.68684829864651, 273.05397 ], [ 308554.142307779053226, 5523768.33219681493938, 277.63221 ], [ 308592.700722260284238, 5523793.897102583199739, 284.21212 ], [ 308599.046649658936076, 5523796.231575658544898, 285.72734 ], [ 308607.160038887523115, 5523793.605991248041391, 289.43022 ], [ 308642.57049743749667, 5523809.599828751757741, 297.59552 ], [ 308657.680591312760953, 5523819.525478867813945, 300.1437 ], [ 308676.149217484635301, 5523830.778810465708375, 303.32012 ], [ 308689.591449622064829, 5523836.311715262010694, 306.26669 ], [ 308701.237074426782783, 5523839.905021771788597, 308.92179 ], [ 308712.362215429311618, 5523836.95004478096962, 313.82367 ], [ 308713.846971863764338, 5523830.107932582497597, 317.22905 ], [ 308712.305007195333019, 5523821.147262268699706, 320.5701 ], [ 308707.887994442251511, 5523810.285252867266536, 323.67344 ], [ 308695.461297979112715, 5523792.80697488412261, 326.27535 ], [ 308695.767211650090758, 5523787.231035822071135, 328.44978 ], [ 308701.048452619230375, 5523775.802046822384, 334.15288 ], [ 308697.772168694180436, 5523768.683788155205548, 335.3623 ], [ 308691.880761168140452, 5523758.875857779756188, 336.39064 ], [ 308691.282736341352575, 5523756.225857766345143, 336.95596 ], [ 308712.836909097502939, 5523763.140295556746423, 340.97234 ], [ 308707.342239816556685, 5523750.313122419640422, 342.78143 ], [ 308708.28566056501586, 5523748.498799751512706, 343.36487 ], [ 308713.864383494015783, 5523751.528458337299526, 343.81028 ], [ 308725.004309946089052, 5523761.15006092749536, 343.77419 ], [ 308730.911439645919017, 5523771.402671358548105, 342.48281 ], [ 308742.412509251851588, 5523777.004631472751498, 342.7132 ], [ 308762.071769477217458, 5523787.325573026202619, 340.30998 ], [ 308775.756868618307635, 5523785.504178057424724, 338.42054 ], [ 308788.419625642360188, 5523783.273898812942207, 335.20692 ], [ 308806.487040079431608, 5523771.057315733283758, 332.0949 ], [ 308825.056927522527985, 5523760.826391788199544, 328.76397 ], [ 308842.086369007651228, 5523747.756360870786011, 328.00405 ], [ 308856.450805342523381, 5523736.673064949922264, 328.70198 ], [ 308881.977441276190802, 5523729.757170559838414, 329.66672 ], [ 308904.127003850182518, 5523727.079334133304656, 332.48069 ], [ 308929.116313085192814, 5523733.427572960965335, 334.49167 ], [ 308945.555677812139038, 5523744.308573978021741, 334.39371 ], [ 308968.010911629418842, 5523762.433476322330534, 334.11998 ], [ 308991.571094138838816, 5523783.301815614104271, 334.28168 ], [ 309014.667223325232044, 5523805.299710071645677, 334.90148 ], [ 309047.600308999244589, 5523836.743502746336162, 337.75652 ], [ 309063.984963813505601, 5523852.190116061829031, 339.44715 ], [ 309079.091148399980739, 5523868.127287213690579, 340.27197 ], [ 309099.130511326424312, 5523883.110570716671646, 342.37779 ], [ 309124.919445827486925, 5523901.897036278620362, 345.06719 ], [ 309146.554091384983622, 5523913.15102475322783, 347.36846 ], [ 309175.039306214312091, 5523930.840479215607047, 347.96454 ], [ 309195.275189604144543, 5523943.257208298891783, 346.96669 ], [ 309226.015351843030658, 5523963.649566621519625, 344.36035 ], [ 309245.292738805175759, 5523975.432608567178249, 343.8232 ], [ 309279.767111221910454, 5523995.581720604561269, 344.07464 ], [ 309301.48867560538929, 5524007.278415399603546, 345.10609 ], [ 309335.370659961015917, 5524029.007040437310934, 348.40615 ], [ 309348.363464358320925, 5524036.115633904002607, 350.70466 ], [ 309353.235065026092343, 5524045.626385130919516, 350.333 ], [ 309356.380503476480953, 5524049.076688705943525, 350.61281 ], [ 309355.785226395120844, 5524079.037659105844796, 344.38737 ], [ 309355.871397056267597, 5524089.608181525953114, 342.15827 ], [ 309356.635003554460127, 5524103.048548545688391, 339.63912 ], [ 309364.287070399790537, 5524126.039594602771103, 338.56062 ], [ 309365.11684465885628, 5524135.248191655613482, 337.27113 ], [ 309365.338538455078378, 5524153.716272097080946, 334.28221 ], [ 309369.452061440329999, 5524176.387350446544588, 332.785 ], [ 309372.755077927722596, 5524198.530610368587077, 332.238 ], [ 309373.480005689663813, 5524216.980882433243096, 332.69626 ], [ 309353.887575842614751, 5524273.547285038046539, 337.52782 ], [ 309353.675488044274971, 5524281.791051121428609, 339.4742 ], [ 309353.488111688406207, 5524311.069795662537217, 345.15938 ], [ 309353.815743742627092, 5524318.292752124369144, 346.1961 ], [ 309357.464647098851856, 5524335.971732470206916, 348.72373 ], [ 309367.359368253208231, 5524347.085511786863208, 352.01977 ], [ 309375.660640059679281, 5524380.293257790617645, 354.84604 ], [ 309380.731871354684699, 5524389.351750242523849, 356.28675 ], [ 309384.537695839127991, 5524397.230719881132245, 357.30935 ], [ 309390.812425253447145, 5524403.686710976995528, 359.09761 ], [ 309402.641184644424357, 5524412.506086863577366, 362.45928 ], [ 309418.558618903392926, 5524422.961625484749675, 366.74346 ], [ 309427.109029708080925, 5524430.672742528840899, 368.77725 ], [ 309436.24129617534345, 5524440.589300169609487, 370.62752 ], [ 309439.50839245528914, 5524447.485656151548028, 371.11759 ], [ 309442.677160518360324, 5524451.602974208071828, 371.58637 ], [ 309442.312230859592091, 5524461.632951111532748, 371.12128 ], [ 309438.479193914274219, 5524467.222299688495696, 370.00635 ], [ 309429.17872488044668, 5524472.893797130323946, 367.23627 ], [ 309417.417927681934088, 5524486.332121396437287, 361.99727 ], [ 309413.366015527863055, 5524497.939477417618036, 358.68916 ], [ 309426.2973671038053, 5524527.755721198394895, 356.68408 ], [ 309431.77327903767582, 5524534.017412688583136, 356.9319 ], [ 309442.945755084219854, 5524544.640890735201538, 357.72083 ], [ 309464.523415291914716, 5524566.582857335917652, 358.33629 ], [ 309478.772886307910085, 5524580.770472739823163, 358.55259 ], [ 309491.973730418190826, 5524591.767493024468422, 358.84916 ], [ 309512.351953346165828, 5524608.298322713933885, 357.72314 ], [ 309530.62794447154738, 5524620.340240243822336, 355.89054 ], [ 309545.769511147984304, 5524631.268747291527689, 353.0433 ], [ 309563.226565247634426, 5524636.439087538048625, 352.26361 ], [ 309585.03046853520209, 5524638.339380734600127, 352.30783 ], [ 309611.355307599937078, 5524639.857342219911516, 352.15734 ], [ 309636.265979856485501, 5524642.093218647874892, 353.26106 ], [ 309647.550903570139781, 5524643.697767877019942, 354.36587 ], [ 309659.340191457304172, 5524643.281106312759221, 356.6972 ], [ 309681.682564380462281, 5524646.164460139349103, 359.90155 ], [ 309714.146996820229106, 5524658.484709612093866, 360.41187 ], [ 309732.598388513724785, 5524663.286550159566104, 360.71478 ], [ 309748.408092884579673, 5524664.620156163349748, 362.03823 ], [ 309761.848281243001111, 5524668.152211982756853, 362.72101 ], [ 309779.984563597827218, 5524672.18623794708401, 364.09622 ], [ 309796.48167012387421, 5524672.605301247909665, 366.10373 ], [ 309815.09877801372204, 5524673.951254201121628, 366.72974 ], [ 309830.688610994897317, 5524669.060045666992664, 367.64355 ], [ 309851.76924514840357, 5524664.754125757142901, 365.81047 ], [ 309866.981511840829626, 5524663.437963931821287, 362.81428 ], [ 309885.99461652431637, 5524663.768480218946934, 357.59311 ], [ 309901.411061386228539, 5524674.354330908507109, 352.29086 ], [ 309916.112515920074657, 5524685.076757278293371, 347.21613 ], [ 309926.032917839474976, 5524696.969654687680304, 343.58605 ], [ 309931.001063225208782, 5524709.259939185343683, 341.14973 ], [ 309935.611146134906448, 5524725.680970082990825, 337.97837 ], [ 309946.486924540949985, 5524742.214789777994156, 333.04438 ], [ 309950.743896084604785, 5524748.631276329047978, 330.95004 ], [ 309962.43376311683096, 5524759.68268786650151, 326.14678 ], [ 309966.823985108290799, 5524763.757180314511061, 324.24431 ], [ 309975.535093132057227, 5524767.901816312223673, 321.28418 ], [ 309980.573540909797885, 5524769.950044638477266, 319.59955 ], [ 309985.447378983837552, 5524779.572493857704103, 316.00013 ], [ 310002.41087426780723, 5524805.463435404933989, 304.67868 ], [ 310008.833415684348438, 5524816.144265847280622, 300.04429 ], [ 310009.485658678109758, 5524826.47216574754566, 296.79335 ], [ 310006.014443043270148, 5524840.284539693966508, 293.21579 ], [ 309993.816608553635888, 5524849.50759338773787, 292.39205 ], [ 309976.419711545109749, 5524858.246322109363973, 292.06125 ], [ 309965.893515543371905, 5524863.848855773918331, 291.50637 ], [ 309940.737172547902446, 5524866.851307303644717, 293.18 ], [ 309917.769981623685453, 5524868.663606931455433, 293.80165 ], [ 309896.627337935380638, 5524871.190700504928827, 292.87314 ], [ 309885.404529175662901, 5524873.367679658345878, 291.59652 ], [ 309876.329117924789898, 5524877.249675876460969, 289.55817 ], [ 309866.831924712285399, 5524891.608807371929288, 283.77873 ], [ 309892.200032684020698, 5524894.608740950934589, 284.60128 ], [ 309922.403845055028796, 5524897.99461323581636, 283.44211 ], [ 309941.659219290362671, 5524899.095826176926494, 281.7903 ], [ 309969.319619622488972, 5524901.792618494480848, 277.78611 ], [ 309999.844798375153914, 5524902.051174871623516, 274.30373 ], [ 310019.081813521159347, 5524900.593407215550542, 272.74374 ], [ 310050.102314242220018, 5524894.490670138970017, 270.9068 ], [ 310079.421216672984883, 5524889.115924209356308, 269.16581 ], [ 310111.342288027866744, 5524886.098187518306077, 265.54176 ], [ 310148.089926589513198, 5524885.24778610561043, 263.00726 ], [ 310167.723039489123039, 5524882.774890987202525, 261.51842 ], [ 310174.998848554561846, 5524882.963625942356884, 260.9222 ], [ 310180.870913438615389, 5524886.206946056336164, 260.22582 ], [ 310183.893743362743407, 5524892.333195199258626, 259.4899 ], [ 310185.520815629628487, 5524895.614843574352562, 259.11979 ], [ 310184.481609108392149, 5524902.885965978726745, 258.36628 ], [ 310180.516183414321858, 5524908.813331295736134, 257.60392 ], [ 310170.178120893076994, 5524913.629729737527668, 256.90812 ], [ 310159.851831884589046, 5524918.779633916914463, 256.3176 ], [ 310147.759755749488249, 5524931.003706878982484, 254.52191 ], [ 310143.813987195608206, 5524937.486909977160394, 253.88118 ], [ 310140.990805348439608, 5524949.27293798327446, 252.87382 ], [ 310140.67957160260994, 5524960.859107850119472, 251.88334 ], [ 310140.360597869148478, 5524966.10145228728652, 251.48463 ], [ 310148.673885642958339, 5524973.265466102398932, 249.50505 ], [ 310152.925190756621305, 5524981.574388650245965, 247.93467 ], [ 310166.695656009775121, 5525014.92413416877389, 242.23666 ], [ 310175.876035627326928, 5525050.77300416585058, 237.80585 ], [ 310178.098675804794766, 5525070.95124738663435, 235.67017 ], [ 310179.555362517712638, 5525095.942389015108347, 232.46632 ], [ 310184.620596057153307, 5525111.011936042457819, 230.10335 ], [ 310183.240306684281677, 5525120.854986187070608, 228.25125 ], [ 310172.497250751650427, 5525140.711178552359343, 223.9161 ], [ 310163.046858509129379, 5525156.403726975433528, 219.96847 ], [ 310154.402866193442605, 5525172.513065764680505, 215.55743 ], [ 310133.649275303119794, 5525198.28728827368468, 207.45769 ], [ 310112.99791791185271, 5525208.587289723567665, 203.54921 ], [ 310095.102837242535315, 5525217.454568071290851, 200.39863 ], [ 310088.699139283620752, 5525227.697418870404363, 197.04745 ], [ 310086.214770543563645, 5525234.796944928355515, 194.42742 ], [ 310084.339409328997135, 5525244.880096269771457, 190.64855 ], [ 310078.632338899013121, 5525264.670203233137727, 183.06289 ], [ 310068.777365110639948, 5525289.281230506487191, 174.60862 ], [ 310073.768270919332281, 5525296.117098961025476, 172.93932 ], [ 310074.711848019505851, 5525306.546029703691602, 170.42307 ], [ 310086.49051394558046, 5525307.911391478031874, 170.50249 ], [ 310115.960007919347845, 5525312.993602951057255, 170.92163 ], [ 310116.08933977514971, 5525322.783449443988502, 169.07136 ], [ 310106.73884419107344, 5525320.887192986905575, 168.97306 ], [ 310101.180804442439694, 5525326.536909963935614, 167.94215 ], [ 310099.804670827463269, 5525342.612657500430942, 166.21857 ], [ 310099.147312010522, 5525358.663056800141931, 164.81116 ], [ 310101.738726107229013, 5525419.898027994669974, 163.43401 ], [ 310101.855031735263765, 5525443.600852734409273, 165.34966 ], [ 310095.758733567025047, 5525454.389374293386936, 165.7406 ], [ 310084.961901305010542, 5525478.811016107909381, 167.01512 ], [ 310082.583549606264569, 5525488.911919505335391, 167.59845 ], [ 310081.953748142870609, 5525505.740458783693612, 168.50618 ], [ 310087.199372126255184, 5525532.044873397797346, 169.90348 ], [ 310089.813029350014403, 5525546.978207506239414, 170.44583 ], [ 310089.147913731168956, 5525556.684781708754599, 170.69529 ], [ 310079.820234299113508, 5525588.066544638946652, 171.61916 ], [ 310076.377013834891841, 5525608.778537074103951, 171.91592 ], [ 310063.901409246609546, 5525630.476965820416808, 172.53583 ], [ 310044.616025359195191, 5525630.489535097964108, 173.8495 ], [ 310017.998363749706186, 5525632.76429857686162, 175.88815 ], [ 309992.978863949596416, 5525633.424590220674872, 177.2843 ], [ 309949.842115133302286, 5525630.495066004805267, 180.42486 ], [ 309941.132302627200261, 5525665.083030447363853, 185.01654 ], [ 309931.542787757585756, 5525689.017235979437828, 189.01832 ], [ 309887.434904522902798, 5525760.471221978776157, 204.93044 ], [ 309856.848157468251884, 5525790.934706215746701, 212.18789 ], [ 309822.361860529519618, 5525833.222692304290831, 220.55001 ], [ 309796.912032307242043, 5525854.267159967683256, 226.81315 ], [ 309787.472765852231532, 5525862.057792291976511, 229.02562 ], [ 309772.295751359430142, 5525870.3850799491629, 231.46972 ], [ 309761.84994368837215, 5525872.089791199192405, 232.86022 ], [ 309733.632524149026722, 5525888.112549892626703, 237.25599 ], [ 309707.117693435051478, 5525901.404068476520479, 239.40896 ], [ 309678.339683835278265, 5525913.774026261642575, 241.9675 ], [ 309652.705496643437073, 5525923.473070678301156, 245.54526 ], [ 309640.557431488065049, 5525927.909431499429047, 247.08013 ], [ 309630.823703166272026, 5525927.363210802897811, 248.62546 ], [ 309606.068782460060902, 5525921.226673626340926, 252.29329 ], [ 309569.043651024461724, 5525901.834249349310994, 259.6229 ], [ 309532.939283765736036, 5525892.203970109112561, 263.29045 ], [ 309508.353920742578339, 5525896.969360583461821, 266.24181 ], [ 309484.72481663513463, 5525920.622194999828935, 271.71384 ], [ 309468.007391339400783, 5525936.239456153474748, 273.95647 ], [ 309433.396303734276444, 5525934.236769637092948, 282.41976 ] ] ] } },
{ "type": "Feature", "properties": { "name": "Oberkail-Himmerod-Schleife", "km": 15.504, "darstell": "F1", "height": null, "link": null, "erlebnis": 51, "datum": null }, "geometry": { "type": "MultiLineString", "coordinates": [ [ [ 333976.789505548193119, 5545096.673045513220131, 356.1 ], [ 333978.783257563598454, 5545093.940546092577279, 356.1 ], [ 334007.585490772500634, 5545054.322726214304566, 356.0 ], [ 334036.388165960321203, 5545014.705072681419551, 356.3 ], [ 334064.502799541805871, 5544975.99914725497365, 355.7 ], [ 334092.549694670538884, 5544937.406770003028214, 355.5 ], [ 334101.462991840788163, 5544926.670438898727298, 355.2 ], [ 334109.466882864711806, 5544918.966777830384672, 354.9 ], [ 334132.774884706246667, 5544891.649190526455641, 354.8 ], [ 334156.154738214914687, 5544864.329491467215121, 354.3 ], [ 334179.53483621799387, 5544837.009900692850351, 353.1 ], [ 334183.328601147630252, 5544832.21873776614666, 353.1 ], [ 334208.249931566999294, 5544803.738767504692078, 352.4 ], [ 334233.243142299645115, 5544775.256701749749482, 352.0 ], [ 334258.165015600738116, 5544746.776977537199855, 351.2 ], [ 334282.054326589102857, 5544719.664674067869782, 350.9 ], [ 334305.868832570035011, 5544692.44353137537837, 350.8 ], [ 334308.868222035642248, 5544687.45451510977, 350.9 ], [ 334311.411836922517978, 5544674.690294248983264, 351.4 ], [ 334312.065308507764712, 5544670.330297626554966, 351.6 ], [ 334315.102742852410302, 5544643.418741287663579, 353.1 ], [ 334341.531514637870714, 5544621.903194700367749, 354.0 ], [ 334368.028669301012997, 5544600.27439790405333, 355.2 ], [ 334389.214289120514877, 5544583.038603560999036, 355.6 ], [ 334424.593277421488892, 5544554.2361447410658, 355.9 ], [ 334448.977126495563425, 5544533.785930834710598, 356.1 ], [ 334473.292988296016119, 5544513.449217043817043, 356.1 ], [ 334502.440300507703796, 5544489.402383200824261, 356.6 ], [ 334531.659487863304093, 5544465.353500213474035, 357.9 ], [ 334560.803887733141892, 5544441.195827588438988, 359.0 ], [ 334588.448098251712508, 5544417.195972530171275, 359.6 ], [ 334595.096244905609637, 5544409.646300310268998, 359.7 ], [ 334617.227545253175776, 5544390.490577440708876, 359.2 ], [ 334648.226813288987614, 5544361.379980331286788, 358.3 ], [ 334679.22642158169765, 5544332.269571124576032, 357.0 ], [ 334710.15475489012897, 5544303.16156165022403, 356.3 ], [ 334728.563864080642816, 5544288.79487526230514, 355.6 ], [ 334750.052543121972121, 5544274.333168525248766, 354.6 ], [ 334773.280708524631336, 5544260.485503914766014, 354.1 ], [ 334792.608310995274223, 5544250.319162993691862, 353.5 ], [ 334814.466565027309116, 5544240.853714665398002, 351.4 ], [ 334829.508499295159709, 5544235.827181904576719, 349.1 ], [ 334841.580317957210355, 5544232.116377010010183, 347.5 ], [ 334854.017093858099543, 5544228.616889203898609, 346.3 ], [ 334883.115642098826356, 5544219.15087201539427, 345.1 ], [ 334903.773835304193199, 5544210.279203402809799, 344.9 ], [ 334927.313899578526616, 5544201.875107013620436, 345.0 ], [ 334944.691574074269738, 5544193.549887070432305, 345.8 ], [ 334960.848387863021344, 5544185.151098592206836, 346.6 ], [ 334986.921204606769606, 5544168.212262546643615, 348.4 ], [ 335012.994183813862037, 5544151.273557398468256, 349.6 ], [ 335040.310884167847689, 5544125.839748875238001, 350.4 ], [ 335067.699464163277298, 5544100.403879197314382, 351.7 ], [ 335086.071897196932696, 5544080.14206634555012, 352.9 ], [ 335089.045290637644939, 5544076.600924273021519, 353.1 ], [ 335116.4552091092919, 5544054.169098060578108, 352.7 ], [ 335129.048306330281775, 5544041.763467500917614, 353.1 ], [ 335166.920946089434437, 5544012.221867432817817, 350.5 ], [ 335204.869044712395407, 5543982.789509776048362, 347.6 ], [ 335222.366366595961154, 5543966.672329589724541, 346.8 ], [ 335231.921335339837242, 5543955.695796057581902, 345.8 ], [ 335236.674634842609521, 5543947.092585901729763, 345.2 ], [ 335246.72590894473251, 5543919.632132912054658, 341.6 ], [ 335251.556784338434227, 5543901.902017955668271, 339.2 ], [ 335256.453176112787332, 5543890.957655354402959, 337.6 ], [ 335277.062542696832679, 5543922.370498645119369, 336.3 ], [ 335293.544440781115554, 5543947.790309096686542, 334.7 ], [ 335296.634793795994483, 5543952.702576634474099, 334.4 ], [ 335300.22990010533249, 5543957.71058854367584, 334.0 ], [ 335313.600960426148959, 5543979.887934461236, 333.7 ], [ 335323.424956435570493, 5544000.95041929371655, 337.8 ], [ 335343.214368516230024, 5543984.76312768086791, 341.4 ], [ 335346.559164149337448, 5543974.645507017150521, 341.7 ], [ 335357.955181509430986, 5543953.597852540202439, 343.9 ], [ 335359.851107397931628, 5543949.978743225336075, 344.3 ], [ 335366.418105186661705, 5543930.414951327256858, 346.1 ], [ 335366.289713853446301, 5543902.934054964222014, 346.5 ], [ 335361.939314636285417, 5543878.031065518967807, 346.1 ], [ 335365.418961175368167, 5543846.655854722484946, 349.3 ], [ 335346.829343592922669, 5543820.29919321089983, 346.3 ], [ 335335.462119998410344, 5543781.702734061516821, 347.9 ], [ 335329.949257295345888, 5543765.626224354840815, 348.2 ], [ 335328.29490704491036, 5543763.117800920270383, 347.8 ], [ 335328.29490704491036, 5543763.117800920270383, 347.8 ], [ 335303.135044252499938, 5543725.94720424246043, 341.4 ], [ 335302.3871994005749, 5543715.62166656833142, 340.6 ], [ 335307.109248604450841, 5543696.670954308472574, 340.1 ], [ 335312.347191059147008, 5543687.496549057774246, 340.4 ], [ 335330.019686435698532, 5543670.039110692217946, 341.8 ], [ 335349.537604033015668, 5543654.305367636494339, 342.4 ], [ 335389.781470763497055, 5543627.140674400143325, 343.3 ], [ 335430.025740641052835, 5543599.976293357089162, 343.8 ], [ 335447.545689006568864, 5543586.863676238805056, 343.5 ], [ 335451.439927928498946, 5543573.613575390540063, 341.0 ], [ 335465.763574375305325, 5543549.805652014911175, 337.5 ], [ 335480.083938125171699, 5543525.886600989848375, 334.1 ], [ 335488.466929909482133, 5543514.056425172835588, 332.6 ], [ 335507.456406440003775, 5543481.092017292976379, 328.7 ], [ 335523.427368451259099, 5543443.213084097951651, 326.4 ], [ 335528.40667171595851, 5543432.600305694155395, 326.4 ], [ 335532.468412565998733, 5543420.124058275483549, 326.3 ], [ 335543.886261767009273, 5543381.049800246953964, 326.1 ], [ 335547.22821980615845, 5543363.810883031226695, 325.3 ], [ 335550.43062294984702, 5543353.697815644554794, 324.8 ], [ 335554.946244790917262, 5543344.323332292959094, 324.4 ], [ 335559.141306315199472, 5543336.182718151248991, 324.0 ], [ 335566.15695551270619, 5543321.835383096709847, 323.2 ], [ 335584.834054375241976, 5543295.001003181561828, 322.6 ], [ 335591.208788870950229, 5543287.794947314076126, 322.6 ], [ 335609.241770521039143, 5543272.664247220382094, 323.2 ], [ 335627.830869219033048, 5543259.296927006915212, 323.7 ], [ 335637.053846714959946, 5543253.78386995382607, 323.8 ], [ 335640.856966790976003, 5543251.552899309433997, 323.8 ], [ 335675.62753892323235, 5543232.79293180629611, 323.2 ], [ 335700.008721811464056, 5543223.587792624719441, 322.9 ], [ 335724.314943135599606, 5543214.273794802837074, 323.1 ], [ 335731.187957424088381, 5543206.941357431933284, 322.7 ], [ 335751.40799153491389, 5543199.978351082652807, 323.5 ], [ 335782.932003280264325, 5543185.213314588181674, 324.0 ], [ 335792.721480017527938, 5543179.460616247728467, 323.8 ], [ 335792.721480017527938, 5543179.460616247728467, 323.8 ], [ 335796.524714285740629, 5543177.22975888568908, 323.7 ], [ 335811.10323945665732, 5543168.65963645465672, 323.1 ], [ 335824.037724432884715, 5543160.251245521940291, 322.3 ], [ 335839.377094649535138, 5543146.09417281113565, 321.0 ], [ 335861.088260166929103, 5543131.630521424114704, 320.5 ], [ 335868.056935405591503, 5543129.747767618857324, 320.7 ], [ 335875.311949147144333, 5543134.866505021229386, 321.5 ], [ 335890.080988796427846, 5543151.216135109774768, 323.7 ], [ 335898.76884675945621, 5543146.943969338200986, 323.7 ], [ 335890.333916002186015, 5543133.738371687941253, 322.2 ], [ 335883.13397428963799, 5543111.704285338521004, 320.1 ], [ 335885.477686674566939, 5543099.281033022329211, 319.4 ], [ 335927.463334444910288, 5543107.675017175264657, 324.1 ], [ 335969.445428766077384, 5543115.958158223889768, 335.2 ], [ 336002.279206030012574, 5543122.852737350389361, 345.6 ], [ 336035.184519721544348, 5543129.745322262868285, 354.8 ], [ 336042.459924886701629, 5543133.19454612210393, 356.5 ], [ 336048.602850560564548, 5543137.123554850928485, 357.8 ], [ 336054.60903393960325, 5543145.952803628519177, 359.2 ], [ 336071.924492962076329, 5543177.580706317909062, 362.9 ], [ 336087.971309918561019, 5543202.904893966391683, 365.2 ], [ 336103.946353623527102, 5543228.231320201419294, 366.4 ], [ 336116.606234091566876, 5543248.318130837753415, 367.0 ], [ 336124.08593779389048, 5543253.764128108508885, 367.7 ], [ 336129.164444422000088, 5543258.059623414650559, 368.2 ], [ 336138.438415544631425, 5543261.225243608467281, 369.2 ], [ 336150.594714062579442, 5543262.522283766418695, 370.5 ], [ 336163.228407893679105, 5543265.362572819925845, 371.5 ], [ 336177.338695265469141, 5543271.941010620445013, 372.0 ], [ 336189.303492714650929, 5543278.696406032890081, 372.2 ], [ 336199.968942076375242, 5543282.821014698594809, 373.0 ], [ 336216.287564494123217, 5543310.028878743760288, 372.8 ], [ 336232.606030294147786, 5543337.236789996735752, 373.5 ], [ 336248.218050701601896, 5543367.136919358745217, 373.4 ], [ 336256.481295139179565, 5543379.458083100616932, 373.5 ], [ 336281.465750570176169, 5543411.074553309008479, 375.6 ], [ 336297.174855043471325, 5543420.720044656656682, 376.6 ], [ 336310.932749723724555, 5543432.205618673935533, 377.1 ], [ 336323.193232015299145, 5543443.959555745124817, 377.4 ], [ 336332.968142566271126, 5543447.11017438210547, 378.0 ], [ 336340.476318266766611, 5543437.08855861518532, 379.1 ], [ 336344.525291037512943, 5543433.515296102501452, 379.5 ], [ 336344.525291037512943, 5543433.515296102501452, 379.5 ], [ 336346.967643182491884, 5543431.326434347778559, 379.8 ], [ 336360.870494914473966, 5543426.450493110343814, 381.1 ], [ 336365.440998037578538, 5543425.865689913742244, 381.5 ], [ 336388.85010167339351, 5543417.694869088940322, 383.9 ], [ 336411.498555864731316, 5543410.437585968524218, 386.0 ], [ 336410.27296559268143, 5543419.599460862576962, 385.6 ], [ 336411.062523529399186, 5543461.859244726598263, 384.2 ], [ 336411.852096637128852, 5543504.119030908681452, 382.9 ], [ 336409.74866982572712, 5543552.587270456366241, 381.8 ], [ 336445.351954440469854, 5543586.884303249418736, 383.7 ], [ 336480.951393805560656, 5543621.070394976995885, 385.8 ], [ 336516.550385273993015, 5543655.256715290248394, 388.1 ], [ 336528.553985732491128, 5543668.020382648333907, 388.8 ], [ 336541.076531194732524, 5543676.651112891733646, 389.2 ], [ 336555.229730963124894, 5543682.338972385041416, 390.1 ], [ 336587.223092471249402, 5543692.378234378993511, 391.6 ], [ 336613.043561664002482, 5543699.824264325201511, 393.3 ], [ 336637.967535240051802, 5543703.737030633725226, 394.6 ], [ 336647.363679891743232, 5543703.895371350459754, 395.1 ], [ 336654.109783447929658, 5543704.134596356190741, 395.5 ], [ 336674.934247123659588, 5543707.616267898119986, 396.6 ], [ 336706.420271475217305, 5543710.438944542780519, 398.4 ], [ 336737.909643924562261, 5543713.372975357808173, 400.3 ], [ 336740.859730967320502, 5543713.728089981712401, 400.4 ], [ 336740.859730967320502, 5543713.728089981712401, 400.4 ], [ 336743.878049475199077, 5543713.969852047972381, 400.6 ], [ 336783.466616123332642, 5543721.553151383064687, 403.1 ], [ 336823.12328989431262, 5543729.023387944325805, 405.6 ], [ 336862.708216648607049, 5543736.496098763309419, 407.9 ], [ 336874.263106531114317, 5543736.922860403545201, 408.6 ], [ 336887.765824624104425, 5543735.398650021292269, 409.3 ], [ 336912.47936691052746, 5543732.420161312445998, 410.5 ], [ 336960.815251325722784, 5543725.94040185958147, 412.5 ], [ 336984.606353863026015, 5543730.334357466548681, 413.6 ], [ 337002.197813306527678, 5543731.2451949454844, 414.6 ], [ 337019.151433676073793, 5543732.398056449368596, 415.4 ], [ 337045.52816335321404, 5543734.599367816932499, 416.1 ], [ 337079.135316933854483, 5543736.469458458945155, 416.7 ], [ 337112.667431135952938, 5543738.230769214220345, 417.4 ], [ 337146.421143251238391, 5543740.2080919444561, 417.9 ], [ 337180.103197492077015, 5543742.187805512920022, 417.7 ], [ 337209.989872058737092, 5543741.946429304778576, 417.5 ], [ 337215.362148606451228, 5543739.446321936324239, 417.4 ], [ 337262.567048962111585, 5543728.775333655066788, 416.4 ], [ 337283.328655158053152, 5543723.136902048252523, 415.8 ], [ 337301.274768701056018, 5543723.926665497943759, 415.5 ], [ 337322.98172246204922, 5543728.162911811843514, 415.3 ], [ 337349.384611950139515, 5543733.591819723136723, 415.1 ], [ 337375.719197213067673, 5543739.134202571585774, 414.7 ], [ 337406.193579322658479, 5543746.442591924220324, 414.2 ], [ 337436.66787025751546, 5543753.7511530155316, 413.8 ], [ 337473.563658341299742, 5543762.422713552601635, 413.5 ], [ 337510.387693614000455, 5543771.096700071357191, 413.7 ], [ 337540.364463311852887, 5543776.19549310952425, 413.9 ], [ 337559.554872334818356, 5543777.838522402569652, 414.0 ], [ 337571.286517907166854, 5543779.374136935919523, 414.1 ], [ 337579.686464525642805, 5543779.786877375096083, 414.1 ], [ 337584.522204879962374, 5543780.864139531739056, 414.2 ], [ 337592.986235018470325, 5543783.389128983020782, 414.4 ], [ 337592.22201147582382, 5543784.191222433932126, 414.5 ], [ 337592.22201147582382, 5543784.191222433932126, 414.5 ], [ 337592.986235018470325, 5543783.389128983020782, 414.4 ], [ 337592.966908676084131, 5543749.674223192967474, 412.2 ], [ 337592.944226565130521, 5543715.848149068653584, 410.1 ], [ 337592.993184456019662, 5543682.019903456792235, 408.1 ], [ 337593.959973296849057, 5543657.176863395608962, 406.6 ], [ 337595.703923406836111, 5543643.771285300143063, 405.8 ], [ 337604.810009931272361, 5543634.370697208680212, 405.3 ], [ 337614.198448169627227, 5543627.18700497969985, 404.9 ], [ 337640.158808860112913, 5543610.932704862207174, 404.1 ], [ 337666.458935035741888, 5543598.785304403863847, 403.7 ], [ 337691.741282483970281, 5543590.897239486686885, 403.6 ], [ 337714.665999858640134, 5543585.640030740760267, 403.6 ], [ 337726.467105691612232, 5543584.725912130437791, 403.7 ], [ 337733.278124142205343, 5543584.74198766425252, 403.8 ], [ 337747.24730893864762, 5543586.766539266332984, 404.0 ], [ 337765.652925709844567, 5543590.882109360769391, 404.4 ], [ 337784.607042251969688, 5543596.538927705027163, 404.8 ], [ 337813.788946114713326, 5543603.777539291419089, 405.3 ], [ 337833.098607127089053, 5543606.975768561474979, 405.5 ], [ 337856.642586319649126, 5543605.594927477650344, 405.4 ], [ 337890.805557587882504, 5543599.775533517822623, 404.8 ], [ 337914.313476331532001, 5543594.835340095683932, 404.4 ], [ 337935.802502568752971, 5543589.511287193745375, 404.0 ], [ 337951.619815731653944, 5543583.91392923053354, 403.8 ], [ 337966.490180004038848, 5543575.452216251753271, 403.4 ], [ 337983.640069422777742, 5543564.139758817851543, 402.9 ], [ 337992.804144883644767, 5543556.629737933166325, 402.7 ], [ 338017.616291073034517, 5543573.459804829210043, 403.5 ], [ 338042.431643523741513, 5543590.401153756305575, 404.2 ], [ 338069.486345563200302, 5543610.279203773476183, 405.0 ], [ 338099.564821976819076, 5543632.95898859295994, 406.0 ], [ 338129.714666181593202, 5543655.63677182327956, 407.3 ], [ 338159.795993195497431, 5543678.428055612370372, 408.5 ], [ 338189.94532559934305, 5543701.106168607249856, 409.5 ], [ 338216.361227956484072, 5543683.283153990283608, 409.6 ], [ 338242.848926738486625, 5543665.458109461702406, 409.5 ], [ 338257.494526130962186, 5543656.670191569253802, 409.3 ], [ 338267.04941046028398, 5543652.598257647827268, 409.2 ], [ 338298.172780086169951, 5543633.965814426541328, 408.9 ], [ 338313.497848107654136, 5543623.93354757130146, 408.7 ], [ 338350.965819984907284, 5543604.108350107446313, 407.8 ], [ 338383.339781225891784, 5543588.888079538941383, 406.4 ], [ 338391.236316289345268, 5543586.869331939145923, 406.1 ], [ 338425.651595166011248, 5543582.269748074002564, 404.8 ], [ 338460.070276842452586, 5543577.781556699424982, 403.4 ], [ 338499.882112913648598, 5543571.461806245148182, 401.4 ], [ 338540.052148259652313, 5543565.131552005186677, 399.0 ], [ 338565.076054680161178, 5543558.145642874762416, 397.4 ], [ 338580.397232616844121, 5543550.339717117138207, 396.2 ], [ 338587.718767924467102, 5543545.89063941128552, 395.5 ], [ 338601.095217404537834, 5543533.024944729171693, 394.0 ], [ 338615.325766011723317, 5543517.574302028864622, 392.4 ], [ 338636.021045208326541, 5543493.027138754725456, 389.9 ], [ 338656.641542952740565, 5543468.37104897107929, 387.5 ], [ 338676.376734140736517, 5543447.636214754544199, 385.3 ], [ 338683.283410458941944, 5543441.308174312114716, 384.7 ], [ 338715.931316157511901, 5543408.946027731522918, 381.0 ], [ 338724.573101843765471, 5543398.337473788298666, 379.9 ], [ 338741.071491592156235, 5543372.470685745589435, 377.2 ], [ 338746.98822721792385, 5543361.832990473136306, 376.1 ], [ 338758.909415691625327, 5543336.326686698943377, 373.8 ], [ 338770.629236414039042, 5543311.271564613096416, 372.1 ], [ 338770.629236414039042, 5543311.271564613096416, 372.1 ], [ 338770.83407416078262, 5543310.931582817807794, 372.0 ], [ 338803.144633996998891, 5543286.369162622839212, 369.0 ], [ 338846.451382807455957, 5543262.699910233728588, 363.6 ], [ 338860.465783626423217, 5543251.929878395050764, 361.8 ], [ 338873.501614170381799, 5543234.846903809346259, 360.5 ], [ 338893.944188518566079, 5543208.973221248015761, 359.2 ], [ 338898.307631854899228, 5543201.498044891282916, 359.1 ], [ 338902.629566291696392, 5543195.025558521971107, 359.1 ], [ 338921.933222257299349, 5543226.601962414570153, 356.5 ], [ 338933.47017124586273, 5543252.626012338325381, 355.6 ], [ 338935.2600454489002, 5543259.693488487042487, 355.7 ], [ 338933.408058460219763, 5543276.773627723567188, 356.9 ], [ 338929.994478215521667, 5543287.224508352577686, 358.1 ], [ 338958.333354141796008, 5543295.051067511551082, 356.7 ], [ 338986.675484255480114, 5543302.988945078104734, 355.3 ], [ 339007.971304717240855, 5543310.248699422925711, 354.0 ], [ 339031.81604004802648, 5543321.215094869956374, 352.7 ], [ 339056.442347299773246, 5543336.720189344137907, 351.7 ], [ 339080.996883369167335, 5543352.227547451853752, 350.8 ], [ 339117.813587467477191, 5543377.380835760384798, 349.9 ], [ 339154.56165724969469, 5543402.647693038918078, 348.7 ], [ 339157.261192766600288, 5543416.141585896722972, 349.0 ], [ 339159.407377638446633, 5543425.535096323117614, 348.9 ], [ 339159.523176754417364, 5543436.547398234717548, 348.8 ], [ 339153.807638184982352, 5543451.518107553943992, 348.6 ], [ 339144.925885275530163, 5543489.950777969323099, 345.6 ], [ 339138.882798110949807, 5543510.717420957051218, 343.3 ], [ 339132.024355861824006, 5543521.049143441021442, 342.2 ], [ 339125.658339611662086, 5543523.910949110984802, 342.4 ], [ 339105.720455984410364, 5543528.404644078575075, 344.4 ], [ 339084.918322861543857, 5543535.149806840345263, 348.0 ], [ 339077.183359432034194, 5543540.166965472511947, 349.5 ], [ 339074.31072615418816, 5543547.152102107182145, 349.6 ], [ 339073.923448473622557, 5543555.731583316810429, 348.8 ], [ 339076.253959989757277, 5543592.714643632061779, 345.1 ], [ 339075.448877028073184, 5543604.088451836258173, 344.9 ], [ 339068.557734565809369, 5543618.093184125609696, 347.4 ], [ 339067.111883967532776, 5543634.382168299518526, 348.2 ], [ 339077.940732949762605, 5543655.97693082690239, 344.2 ], [ 339086.985625715751667, 5543677.847880805842578, 341.8 ], [ 339101.964056281256489, 5543706.327993503771722, 338.1 ], [ 339121.215380996000022, 5543724.331548064947128, 332.7 ], [ 339140.466577887884341, 5543742.335169575177133, 327.7 ], [ 339170.366608231328428, 5543768.809257655404508, 319.4 ], [ 339200.266345583251677, 5543795.283507470972836, 309.7 ], [ 339206.966380963567644, 5543808.323428090661764, 307.2 ], [ 339207.421692154021002, 5543816.321229638531804, 306.7 ], [ 339205.771807327051647, 5543825.828789349645376, 306.7 ], [ 339202.696204873209354, 5543835.601721338927746, 306.9 ], [ 339192.961805756436661, 5543848.022655709646642, 309.0 ], [ 339181.378696924075484, 5543860.944237755611539, 311.4 ], [ 339171.227642046753317, 5543869.038182535208762, 313.8 ], [ 339163.366170236957259, 5543869.830758760683239, 316.5 ], [ 339154.21513247967232, 5543865.877462488599122, 320.5 ], [ 339134.348855873278808, 5543856.015054141171277, 329.6 ], [ 339122.436553958337754, 5543855.594188146293163, 334.4 ], [ 339111.172619953053072, 5543860.0497683044523, 338.1 ], [ 339105.596747615723871, 5543865.335824657231569, 339.5 ], [ 339095.840668752847705, 5543874.642022998072207, 341.5 ], [ 339089.508996267570183, 5543883.400209609419107, 342.1 ], [ 339087.501251522568054, 5543892.918576941825449, 340.7 ], [ 339089.544304064009339, 5543903.650412932038307, 337.2 ], [ 339093.867701615614351, 5543916.316568790003657, 332.2 ], [ 339099.495028856676072, 5543927.051927612163126, 326.9 ], [ 339099.609120288048871, 5543935.616340427659452, 324.4 ], [ 339093.241231203312054, 5543947.93627786450088, 323.2 ], [ 339085.564185429713689, 5543959.627959203906357, 322.7 ], [ 339079.543939559021965, 5543966.819012114778161, 322.8 ], [ 339072.467572050518356, 5543972.261495415121317, 323.8 ], [ 339057.932882504130248, 5543977.594440803863108, 327.4 ], [ 339049.109039016766474, 5543979.751380908302963, 329.7 ], [ 339043.596359335933812, 5543982.365114008076489, 330.7 ], [ 339037.884137080982327, 5543987.87789374217391, 330.9 ], [ 339026.28012786898762, 5544031.066128679551184, 321.7 ], [ 339018.202042159100529, 5544058.014082234352827, 316.9 ], [ 338999.389845379861072, 5544071.264819180592895, 318.6 ], [ 338996.411204670439474, 5544079.477191992104053, 317.3 ], [ 338995.09036561998073, 5544092.758154018782079, 314.6 ], [ 338996.05352038203273, 5544124.775178671814501, 307.6 ], [ 338994.379925162298605, 5544140.625983740203083, 305.4 ], [ 338982.874477084260434, 5544179.916914447210729, 303.6 ], [ 338966.508055485435762, 5544222.024642447941005, 304.7 ], [ 338962.977326633874327, 5544235.705928443931043, 304.4 ], [ 338963.880800665763672, 5544241.909912904724479, 303.5 ], [ 338967.271326082758605, 5544252.156086378730834, 301.5 ], [ 338958.303377628384624, 5544256.654226812534034, 303.3 ], [ 338950.153312723210547, 5544262.129208985716105, 304.8 ], [ 338944.591422818950377, 5544267.860129008069634, 305.4 ], [ 338931.196736267069355, 5544284.842609354294837, 306.0 ], [ 338925.173743094899692, 5544291.922680836170912, 306.1 ], [ 338894.919141170568764, 5544327.438627800904214, 305.0 ], [ 338864.73321633413434, 5544362.841429426334798, 300.5 ], [ 338851.964780386304483, 5544376.800961583852768, 298.3 ], [ 338832.385187412495725, 5544393.07979691773653, 297.6 ], [ 338820.662265779916197, 5544403.669793587177992, 297.3 ], [ 338806.147262948798016, 5544419.128574713133276, 296.8 ], [ 338789.560222600004636, 5544432.424395595677197, 296.8 ], [ 338773.482525989878923, 5544443.590775610879064, 296.9 ], [ 338765.729113474313635, 5544447.941402659751475, 297.1 ], [ 338756.846668025944382, 5544452.882415526546538, 297.3 ], [ 338725.309717962285504, 5544467.185274187475443, 299.6 ], [ 338705.27475204935763, 5544475.466809003613889, 302.4 ], [ 338703.644434703746811, 5544476.072303604334593, 302.6 ], [ 338682.417706894339062, 5544487.616713983006775, 305.7 ], [ 338666.011604788247496, 5544495.010114202275872, 308.0 ], [ 338653.274488689668942, 5544502.849301157519221, 309.2 ], [ 338644.4556151261786, 5544517.024110571481287, 308.5 ], [ 338638.432973939343356, 5544531.225892070680857, 307.2 ], [ 338622.355066728312522, 5544563.756857628934085, 304.2 ], [ 338622.59497167787049, 5544581.219220167025924, 301.8 ], [ 338616.956141373375431, 5544598.636328192427754, 301.0 ], [ 338600.456840123399161, 5544629.065933272242546, 302.4 ], [ 338591.81107478227932, 5544665.60117444768548, 303.2 ], [ 338585.162033373606391, 5544685.16295616235584, 303.7 ], [ 338576.25845576293068, 5544706.016745933331549, 304.1 ], [ 338568.274804670596495, 5544721.724317305721343, 304.0 ], [ 338561.910359639208764, 5544731.708210040815175, 303.9 ], [ 338548.023565485898871, 5544748.929173026233912, 303.6 ], [ 338528.081416674016509, 5544772.119017280638218, 302.7 ], [ 338521.516977063845843, 5544773.096011858433485, 303.3 ], [ 338514.708569733833428, 5544777.863607443869114, 303.4 ], [ 338497.074971565976739, 5544794.418893312104046, 302.7 ], [ 338471.673196565709077, 5544812.43272377550602, 302.9 ], [ 338451.778640947653912, 5544822.936489653773606, 303.5 ], [ 338450.155169842531905, 5544823.764405012130737, 303.6 ], [ 338438.764032787526958, 5544828.670464864932001, 304.0 ], [ 338411.385541294468567, 5544838.176371945999563, 305.0 ], [ 338395.314315307070501, 5544847.118369135074317, 304.9 ], [ 338385.169715888740029, 5544855.325049509294331, 304.5 ], [ 338376.735902240616269, 5544865.594236715696752, 303.8 ], [ 338369.384221963002346, 5544887.959361190907657, 301.9 ], [ 338358.331405685050413, 5544906.430527158081532, 301.3 ], [ 338344.827276636729948, 5544924.419420423917472, 300.9 ], [ 338334.746724397118669, 5544934.738436150364578, 301.0 ], [ 338327.942046923097223, 5544939.617448379285634, 301.0 ], [ 338316.772798472433351, 5544944.739625838585198, 301.3 ], [ 338287.731374760391191, 5544953.740099029615521, 302.9 ], [ 338265.477036689699162, 5544966.763903762213886, 302.8 ], [ 338243.222804547403939, 5544979.787803530693054, 302.9 ], [ 338231.971003978746012, 5544986.915554932318628, 303.1 ], [ 338185.057950173155405, 5544999.795116337947547, 306.4 ], [ 338176.589136105263606, 5545013.626411272212863, 305.0 ], [ 338172.947138779971283, 5545030.649889396503568, 302.8 ], [ 338165.071419989981223, 5545045.130900572985411, 302.5 ], [ 338150.629903965222184, 5545048.683342109434307, 302.7 ], [ 338145.975626446888782, 5545048.82413341011852, 302.9 ], [ 338145.975626446888782, 5545048.82413341011852, 302.9 ], [ 338126.703988335095346, 5545049.073325306177139, 304.0 ], [ 338106.031502110534348, 5545048.029709322378039, 306.2 ], [ 338088.041047179372981, 5545050.354442306794226, 307.4 ], [ 338070.95022963458905, 5545053.98727351706475, 308.0 ], [ 338041.871803554473445, 5545064.102972149848938, 307.9 ], [ 338028.650107571738772, 5545070.066810662858188, 307.6 ], [ 338008.184501099400222, 5545080.589608403854072, 307.7 ], [ 337982.907782617025077, 5545100.271213384345174, 308.1 ], [ 337957.556279169279151, 5545119.843940605409443, 308.2 ], [ 337942.703877847758122, 5545128.750467893667519, 308.5 ], [ 337938.244971712643746, 5545135.339311291463673, 307.7 ], [ 337931.645605449914001, 5545139.878824543207884, 307.7 ], [ 337915.79759537242353, 5545149.038134545087814, 307.8 ], [ 337900.818977226736024, 5545158.50497078243643, 307.6 ], [ 337889.039822618593462, 5545164.759286543354392, 307.6 ], [ 337876.259904129081406, 5545175.828660843893886, 307.1 ], [ 337867.804795753152575, 5545192.441894241608679, 306.1 ], [ 337864.858939010300674, 5545201.655490234494209, 305.6 ], [ 337862.004100466729142, 5545204.412539110518992, 305.6 ], [ 337853.085810272605158, 5545210.468972134403884, 305.8 ], [ 337840.947966384002939, 5545228.529135906137526, 305.5 ], [ 337831.282555931946263, 5545235.943520930595696, 306.1 ], [ 337823.586623853072524, 5545237.400792515836656, 307.1 ], [ 337816.025495092733763, 5545243.304881627671421, 307.9 ], [ 337809.949509713798761, 5545253.281035997904837, 308.1 ], [ 337807.164674137893599, 5545260.709432903677225, 308.0 ], [ 337800.199177186470479, 5545269.71111573651433, 308.4 ], [ 337794.692694046127144, 5545279.55875294841826, 308.5 ], [ 337780.302918004163075, 5545313.154208960011601, 308.3 ], [ 337780.302918004163075, 5545313.154208960011601, 308.3 ], [ 337779.501012061198708, 5545315.070154048502445, 308.3 ], [ 337743.269960415782407, 5545349.216757665388286, 311.0 ], [ 337739.299211468314752, 5545355.345896518789232, 311.1 ], [ 337724.343738115858287, 5545379.723080324940383, 311.5 ], [ 337717.665182678087149, 5545398.174342386424541, 310.9 ], [ 337708.335426765843295, 5545402.463165245950222, 311.7 ], [ 337676.169862911337987, 5545414.67754250112921, 314.8 ], [ 337646.192151879426092, 5545430.497718354687095, 318.7 ], [ 337616.289586372906342, 5545446.427063100971282, 320.5 ], [ 337580.197149424988311, 5545468.553226409479976, 318.7 ], [ 337554.738181225198787, 5545482.122576988302171, 318.3 ], [ 337532.597899564134423, 5545491.696725022047758, 318.5 ], [ 337515.027867904223967, 5545496.01361283287406, 319.4 ], [ 337498.87025342672132, 5545497.283293440006673, 320.9 ], [ 337492.107561649521813, 5545503.497444775886834, 319.8 ], [ 337450.35299307492096, 5545525.573987408541143, 317.0 ], [ 337441.309390853857622, 5545532.191332032904029, 316.0 ], [ 337417.479617907083593, 5545549.828957893885672, 314.4 ], [ 337393.721598573727533, 5545567.464517340995371, 314.8 ], [ 337388.878731562756002, 5545573.175364698283374, 314.8 ], [ 337383.877046914421953, 5545573.66122089792043, 315.4 ], [ 337378.476193125476129, 5545575.160671726800501, 316.0 ], [ 337371.479295132565312, 5545578.37774074729532, 316.5 ], [ 337365.586783039267175, 5545582.562700338661671, 316.7 ], [ 337342.481436400092207, 5545595.727746246382594, 317.3 ], [ 337339.361583041551057, 5545596.824064605869353, 317.4 ], [ 337324.128648095589597, 5545609.638557353056967, 316.5 ], [ 337316.426976493909024, 5545622.669151860289276, 315.1 ], [ 337279.06625592825003, 5545640.718944954685867, 315.3 ], [ 337254.809630422852933, 5545651.360134928487241, 315.6 ], [ 337233.515606812899932, 5545662.801481009460986, 315.2 ], [ 337216.299270153278485, 5545674.00755781494081, 314.8 ], [ 337192.365424126328435, 5545690.536696025170386, 314.8 ], [ 337186.164186135458294, 5545689.278882223181427, 314.9 ], [ 337180.422973870532587, 5545689.008531479164958, 315.0 ], [ 337165.680438743554987, 5545692.016550207510591, 315.1 ], [ 337148.287820697645657, 5545699.778757308609784, 315.0 ], [ 337111.760230424348265, 5545716.914227674715221, 314.7 ], [ 337090.033796063333284, 5545728.2580681508407, 314.7 ], [ 337051.151182785746641, 5545743.351501761935651, 315.0 ], [ 337023.148780461808201, 5545753.328980568796396, 315.3 ], [ 336984.84560262854211, 5545770.964547591283917, 315.7 ], [ 336946.467684008879587, 5545788.491406794637442, 316.2 ], [ 336942.549875749216881, 5545791.615210046060383, 316.2 ], [ 336935.90765886369627, 5545797.047532994300127, 316.3 ], [ 336915.343518277921248, 5545813.586538050323725, 316.7 ], [ 336899.607643724884838, 5545826.306386698037386, 317.0 ], [ 336899.607643724884838, 5545826.306386698037386, 317.0 ], [ 336825.347083855653182, 5545872.635466351173818, 318.5 ], [ 336825.347083855653182, 5545872.635466351173818, 318.5 ], [ 336824.069326492026448, 5545868.334777690470219, 318.6 ], [ 336822.880117521912325, 5545864.587755599059165, 318.7 ], [ 336822.315279960224871, 5545857.81730220746249, 318.8 ], [ 336823.203044789785054, 5545849.333434158936143, 318.8 ], [ 336834.825882400851697, 5545802.800392366945744, 320.7 ], [ 336834.340589350438677, 5545789.239830248989165, 322.9 ], [ 336826.363053872250021, 5545788.481709855608642, 324.1 ], [ 336824.334282739378978, 5545790.101424793712795, 324.2 ], [ 336822.048159490630496, 5545780.93546218983829, 326.0 ], [ 336819.973802152497228, 5545769.315023547038436, 327.9 ], [ 336800.30658378219232, 5545742.430451641790569, 334.9 ], [ 336788.879925346584059, 5545734.322285920381546, 338.2 ], [ 336762.73416929889936, 5545711.19625789206475, 347.4 ], [ 336736.588189336936921, 5545688.070353537797928, 356.1 ], [ 336711.498965025879443, 5545664.355941280722618, 363.5 ], [ 336686.481118127587251, 5545640.63945693988353, 369.1 ], [ 336657.96900060767075, 5545612.801373107358813, 374.4 ], [ 336649.831619735516142, 5545606.818520309403539, 375.3 ], [ 336645.614481469034217, 5545604.833094025962055, 375.6 ], [ 336617.457575913751498, 5545595.678336929529905, 379.3 ], [ 336612.397929093858693, 5545596.611782662570477, 380.2 ], [ 336574.866764771810267, 5545601.986597705632448, 384.9 ], [ 336541.233012430893723, 5545603.570556539110839, 389.2 ], [ 336507.524274166091345, 5545605.045745350420475, 392.2 ], [ 336490.93772927072132, 5545603.994852584786713, 393.4 ], [ 336482.516906829201616, 5545600.468930917792022, 394.6 ], [ 336468.989332744851708, 5545591.646709596738219, 397.3 ], [ 336461.035444087639917, 5545589.330558646470308, 398.5 ], [ 336453.088570953928865, 5545584.90000154171139, 399.9 ], [ 336448.561377312755212, 5545579.808536761440337, 401.1 ], [ 336432.255845773383044, 5545562.169423313811421, 404.0 ], [ 336426.787858283205424, 5545554.436167447827756, 405.3 ], [ 336420.119684525183402, 5545547.295984487980604, 406.3 ], [ 336413.979665968217887, 5545543.366601267829537, 406.9 ], [ 336409.062567342189141, 5545551.306134155020118, 406.8 ], [ 336386.116854176158085, 5545595.40468436665833, 407.0 ], [ 336379.429738943930715, 5545611.076286509633064, 407.4 ], [ 336378.092617429676466, 5545618.90635911654681, 407.5 ], [ 336378.092617429676466, 5545618.90635911654681, 407.5 ], [ 336374.299472763785161, 5545642.501180070452392, 407.8 ], [ 336377.258352595148608, 5545690.035926830023527, 408.3 ], [ 336377.797129785176367, 5545731.079536968842149, 408.5 ], [ 336378.332524384837598, 5545772.011979352682829, 409.2 ], [ 336378.871337200282142, 5545813.055593892931938, 410.4 ], [ 336379.627532352576964, 5545821.378011725842953, 410.4 ], [ 336377.466014746809378, 5545865.508625749498606, 412.0 ], [ 336369.236123569891788, 5545865.87164734210819, 412.8 ], [ 336331.195984979975037, 5545866.25651959516108, 415.8 ], [ 336312.619314505252987, 5545863.375452112406492, 417.2 ], [ 336286.828645618050359, 5545861.271601860411465, 419.4 ], [ 336250.796355634345673, 5545864.043623101897538, 422.5 ], [ 336249.006508159975056, 5545864.098414758220315, 422.7 ], [ 336206.360374639742076, 5545866.183014911599457, 426.1 ], [ 336187.541397104971111, 5545867.093119576573372, 427.5 ], [ 336183.116195091046393, 5545867.673736274242401, 427.8 ], [ 336183.116195091046393, 5545867.673736274242401, 427.8 ], [ 336155.559280453482643, 5545871.077044761739671, 429.5 ], [ 336149.763502312591299, 5545873.702606748789549, 429.8 ], [ 336136.614082324900664, 5545874.884326228871942, 430.3 ], [ 336129.543400103691965, 5545873.320544289425015, 430.6 ], [ 336089.232736635371111, 5545872.107581084594131, 432.1 ], [ 336048.922039122553542, 5545870.894921141676605, 433.0 ], [ 336008.61130756593775, 5545869.682564460672438, 433.2 ], [ 336001.683760293584783, 5545868.114560729824007, 433.1 ], [ 335973.022331846063025, 5545868.214444367215037, 432.7 ], [ 335956.432996514486149, 5545867.054053042083979, 432.3 ], [ 335915.968723521800712, 5545860.839747369289398, 430.8 ], [ 335875.432747230050154, 5545854.627942386083305, 429.5 ], [ 335866.306141143897548, 5545851.458465301431715, 429.4 ], [ 335847.677913357852958, 5545846.911457274109125, 429.0 ], [ 335832.104432180291042, 5545846.16537035163492, 428.4 ], [ 335822.85177117283456, 5545848.229739273898304, 428.0 ], [ 335811.949547350523062, 5545868.927614001557231, 427.1 ], [ 335799.373037700308487, 5545874.766112748533487, 426.4 ], [ 335785.463422836619429, 5545876.862230471335351, 425.5 ], [ 335763.020668842596933, 5545883.44881303422153, 424.1 ], [ 335758.973957443551626, 5545884.685809943825006, 423.8 ], [ 335720.341268940945156, 5545900.78295380808413, 421.7 ], [ 335699.640829384501558, 5545908.095225095748901, 420.6 ], [ 335682.281182105070911, 5545909.852489716373384, 419.7 ], [ 335650.452703002549242, 5545909.495025818236172, 418.2 ], [ 335632.02912669244688, 5545906.945426271297038, 417.3 ], [ 335610.407429516490083, 5545900.599555172026157, 416.2 ], [ 335582.573452695040032, 5545885.65400156006217, 414.7 ], [ 335554.735898972256109, 5545870.597419891506433, 413.3 ], [ 335544.170203624235, 5545864.913401585072279, 412.9 ], [ 335516.120872013445478, 5545847.638022446073592, 411.4 ], [ 335488.07477557787206, 5545830.473956652916968, 409.5 ], [ 335453.04873038828373, 5545803.064885938540101, 406.5 ], [ 335417.950731472927146, 5545775.658240605145693, 403.2 ], [ 335414.865058035007678, 5545773.193853403441608, 402.9 ], [ 335382.804725182650145, 5545749.032210365869105, 398.9 ], [ 335355.320178540889174, 5545731.517687251791358, 394.7 ], [ 335341.245520920492709, 5545723.605269399471581, 392.4 ], [ 335330.699833249556832, 5545718.588681165128946, 390.7 ], [ 335321.876127884082962, 5545715.967154359444976, 389.4 ], [ 335311.279621132765897, 5545713.95659504737705, 387.9 ], [ 335301.440140123479068, 5545713.258050188422203, 386.7 ], [ 335290.516729394439608, 5545714.595849996432662, 385.9 ], [ 335283.292650673422031, 5545717.37761452049017, 385.8 ], [ 335277.633715315489098, 5545722.114146550185978, 386.2 ], [ 335273.955808779341169, 5545728.347534083761275, 387.2 ], [ 335262.479907969012856, 5545728.033278695307672, 386.9 ], [ 335270.843721128941979, 5545706.41088663879782, 383.7 ], [ 335281.410564133373555, 5545688.837856590747833, 382.5 ], [ 335292.874575781344902, 5545674.798032057471573, 382.7 ], [ 335294.827376951754559, 5545668.395224994048476, 382.7 ], [ 335294.888141249190085, 5545663.385973851196468, 382.5 ], [ 335288.584479294368066, 5545665.805563257075846, 381.8 ], [ 335271.78347947972361, 5545669.438599213026464, 380.4 ], [ 335265.320409006206319, 5545678.317084409296513, 380.6 ], [ 335246.268464799271896, 5545701.937777231447399, 382.6 ], [ 335227.216693591093644, 5545725.558542249724269, 385.5 ], [ 335206.326746903941967, 5545768.597902395762503, 385.8 ], [ 335185.797221066721249, 5545802.390413101762533, 384.4 ], [ 335174.925024545635097, 5545826.315763189457357, 385.1 ], [ 335169.022059759183321, 5545839.405587797053158, 386.1 ], [ 335169.022059759183321, 5545839.405587797053158, 386.0 ], [ 335112.706161118810996, 5545830.458780820481479, 381.0 ], [ 335112.706161118810996, 5545830.458780820481479, 381.0 ], [ 335127.133841353352182, 5545805.644774814136326, 380.1 ], [ 335138.679064798983745, 5545791.935906144790351, 379.5 ], [ 335155.203111848444678, 5545763.051470904611051, 378.7 ], [ 335166.72282233950682, 5545736.880628000944853, 378.4 ], [ 335174.10203030903358, 5545722.855120492167771, 378.4 ], [ 335176.586335335858166, 5545715.100581686012447, 378.3 ], [ 335174.689572367351502, 5545707.035930528305471, 377.6 ], [ 335174.379614138277248, 5545685.34680637717247, 377.1 ], [ 335174.891899516340345, 5545643.825354889966547, 377.9 ], [ 335175.472392212133855, 5545602.190530320629478, 379.5 ], [ 335151.128142704255879, 5545595.93030721694231, 383.6 ], [ 335120.098882631864399, 5545595.996366675011814, 389.3 ], [ 335104.241861656308174, 5545597.709147240966558, 391.2 ], [ 335057.308369334321469, 5545602.605564762838185, 396.2 ], [ 335010.303343819687143, 5545607.504603926092386, 400.5 ], [ 334963.373410179046914, 5545612.513018651865423, 404.8 ], [ 334916.440112390962895, 5545617.410677164793015, 407.4 ], [ 334869.506879106047563, 5545622.308749136514962, 409.1 ], [ 334822.573710325348657, 5545627.207234562374651, 410.8 ], [ 334807.111100853711832, 5545623.122392581775784, 411.1 ], [ 334765.309317247825675, 5545613.174539055675268, 411.0 ], [ 334741.01127096125856, 5545617.708472384139895, 410.4 ], [ 334737.025843844865449, 5545618.610521703027189, 410.5 ], [ 334713.985384251573123, 5545605.857990564778447, 410.3 ], [ 334695.264737296616659, 5545593.750997986644506, 409.6 ], [ 334657.315126336237881, 5545569.330355517566204, 407.9 ], [ 334632.960863066662569, 5545553.503035927191377, 406.7 ], [ 334595.324568571639247, 5545529.963326071389019, 405.2 ], [ 334557.762975507066585, 5545506.532829869538546, 403.9 ], [ 334520.126010731910355, 5545482.993636111728847, 401.9 ], [ 334474.343250222620554, 5545471.835797715000808, 396.8 ], [ 334450.454140265006572, 5545452.545310861431062, 394.8 ], [ 334426.564858650381211, 5545433.254927438683808, 392.7 ], [ 334404.771804031915963, 5545412.230617088265717, 390.8 ], [ 334382.910421453299932, 5545391.319778433069587, 388.9 ], [ 334374.2165033435449, 5545381.351522824726999, 388.2 ], [ 334359.952846161206253, 5545365.101708171889186, 387.0 ], [ 334336.084197333664633, 5545360.388223165646195, 382.7 ], [ 334309.876059955800883, 5545354.189429923892021, 378.5 ], [ 334283.74290065880632, 5545348.099715410731733, 375.3 ], [ 334254.868706899345852, 5545332.191462051123381, 371.9 ], [ 334226.065939409832936, 5545316.281142504885793, 368.8 ], [ 334202.078303989255801, 5545303.114930131472647, 367.7 ], [ 334178.087102254619822, 5545289.837653490714729, 366.8 ], [ 334158.303832338249777, 5545299.019125148653984, 365.4 ], [ 334156.060432893456891, 5545289.073800783604383, 365.1 ], [ 334158.454342719283886, 5545269.192418054677546, 364.7 ], [ 334157.968829400604591, 5545265.090245679952204, 364.6 ], [ 334154.990636335802265, 5545249.937713552266359, 364.5 ], [ 334148.404714322183281, 5545234.006807023659348, 364.3 ], [ 334143.125612405652646, 5545220.9285789411515, 363.6 ], [ 334139.285445661866106, 5545208.028299831785262, 362.6 ], [ 334137.585705135832541, 5545192.502313512377441, 361.8 ], [ 334109.421080776723102, 5545201.832506365142763, 358.5 ], [ 334081.259995467611589, 5545211.27401908673346, 356.9 ], [ 334078.280238821695093, 5545212.256636721082032, 356.8 ], [ 334074.731104902515654, 5545213.368190205655992, 356.7 ], [ 334072.906547099119052, 5545212.312011091969907, 356.6 ], [ 334069.708785523776896, 5545203.954180660657585, 356.1 ], [ 334067.66621432674583, 5545193.557550548575819, 355.4 ], [ 334066.919398064143024, 5545183.343287440016866, 354.7 ], [ 334068.375857747043483, 5545174.841114782728255, 354.2 ], [ 334070.551271472591907, 5545154.855182511731982, 353.1 ], [ 334070.551271472591907, 5545154.855182511731982, 353.1 ], [ 334070.717816305346787, 5545153.292148698121309, 353.0 ], [ 334070.174418991431594, 5545149.636881584301591, 352.8 ], [ 334067.742529553477652, 5545147.486774750985205, 352.6 ], [ 334064.273702188453171, 5545144.256064711138606, 352.3 ], [ 334040.536832204379607, 5545129.969977054744959, 354.4 ], [ 334016.799833410535939, 5545115.683992207050323, 355.4 ], [ 334017.259680640418082, 5545114.334409952163696, 355.3 ], [ 333978.783257563598454, 5545093.940546092577279, 356.1 ], [ 333976.789505548193119, 5545096.673045513220131, 356.1 ] ] ] } },
{ "type": "Feature", "properties": { "name": "Bach-Pfad", "km": 13.978, "darstell": "F1", "height": 223, "link": "https://www.naturpark-suedeifel.de/a-bach-pfad", "erlebnis": 67, "datum": null }, "geometry": { "type": "MultiLineString", "coordinates": [ [ [ 307287.939187814947218, 5568803.144146389327943, 455.22387 ], [ 307327.943840825348161, 5568807.814827872440219, 460.89462 ], [ 307368.429544514510781, 5568827.718243670649827, 465.60892 ], [ 307427.601988407433964, 5568853.066507170908153, 467.87115 ], [ 307517.396597627550364, 5568880.310832287184894, 466.42045 ], [ 307580.189181720954366, 5568920.890666083432734, 468.89656 ], [ 307611.8776985675795, 5568950.242243070155382, 471.91381 ], [ 307692.98693035641918, 5568990.048439561389387, 470.2533 ], [ 307782.447703937534243, 5569008.181476843543351, 469.31959 ], [ 307844.243064597365446, 5569021.306132511235774, 471.12742 ], [ 307904.111690684803762, 5569068.006221721880138, 474.07617 ], [ 307951.125120968790725, 5569096.805300062522292, 473.19679 ], [ 308041.467104539973661, 5569139.399354734458029, 469.95606 ], [ 308094.393132721888833, 5569161.975020273588598, 470.61428 ], [ 308138.781027736724354, 5569203.114872582256794, 473.81122 ], [ 308153.285078010463621, 5569266.70661407802254, 475.47343 ], [ 308170.487757123424672, 5569318.067862778902054, 476.32726 ], [ 308193.966438886767719, 5569375.213287862949073, 477.74247 ], [ 308226.311398873804137, 5569422.910955761559308, 478.14262 ], [ 308251.717271875822917, 5569446.482044579461217, 477.01622 ], [ 308273.982320256880485, 5569470.055344650521874, 476.45462 ], [ 308351.334709754330106, 5569406.152456349693239, 471.1593 ], [ 308385.094474224722944, 5569408.050743163563311, 474.29796 ], [ 308468.927051249833312, 5569438.642169190570712, 479.10434 ], [ 308574.144407134619541, 5569468.463816649280488, 482.86782 ], [ 308624.144526080403011, 5569497.160742809996009, 486.13609 ], [ 308656.115426878852304, 5569532.629964799620211, 487.15017 ], [ 308688.56741894967854, 5569583.443010896444321, 488.0631 ], [ 308637.848030737135559, 5569621.892361357808113, 485.81981 ], [ 308599.281916089297738, 5569656.898675018921494, 482.71665 ], [ 308603.886039690696634, 5569699.476370157673955, 478.13818 ], [ 308677.102699019014835, 5569776.313832418993115, 490.7881 ], [ 308728.820908187772147, 5569850.809984233230352, 493.38697 ], [ 308758.201486084319185, 5569901.622677306644619, 491.00836 ], [ 308761.281104503083043, 5569987.110294084064662, 484.07251 ], [ 308737.063800529227592, 5570079.592181188054383, 485.58536 ], [ 308709.454101644048933, 5570163.06894073355943, 487.83648 ], [ 308687.242720007780008, 5570227.984918631613255, 489.87583 ], [ 308658.536792492493987, 5570281.002159026451409, 490.77246 ], [ 308639.02186534460634, 5570333.576926848851144, 491.1666 ], [ 308640.673055023769848, 5570379.377844467759132, 492.65805 ], [ 308638.70642766385572, 5570409.948169942945242, 491.3178 ], [ 308706.978065601782873, 5570434.981248575262725, 494.7919 ], [ 308759.335792287951335, 5570442.222102973610163, 499.10551 ], [ 308757.921294933417812, 5570488.13346079364419, 493.60001 ], [ 308741.291614794696216, 5570537.598487880080938, 490.40076 ], [ 308700.765280622406863, 5570603.174543008208275, 497.50601 ], [ 308674.573202000465244, 5570640.740217994898558, 501.19342 ], [ 308649.591922380845062, 5570711.878564051352441, 503.25988 ], [ 308660.985952917078976, 5570772.577967504039407, 512.24657 ], [ 308683.905335759744048, 5570814.495452905073762, 521.79079 ], [ 308590.236412620521151, 5570933.97124862857163, 516.91198 ], [ 308564.816878938174341, 5570992.881673344410956, 515.88877 ], [ 308581.71975231874967, 5571038.132499945349991, 514.00066 ], [ 308612.08663170557702, 5571116.402669430710375, 516.08161 ], [ 308599.8073059724411, 5571199.327725173905492, 511.26602 ], [ 308580.667048628092743, 5571264.13385162409395, 511.04901 ], [ 308552.077030759188347, 5571320.153423701412976, 508.33663 ], [ 308533.33810870081652, 5571394.072911552153528, 507.14218 ], [ 308538.275550355087034, 5571445.877515305764973, 509.15176 ], [ 308559.336701934807934, 5571521.366400592960417, 510.71468 ], [ 308591.779384930676315, 5571572.178710035048425, 512.94666 ], [ 308596.106697945215274, 5571607.085913418792188, 514.00437 ], [ 308598.308340415358543, 5571668.116831322200596, 512.88434 ], [ 308569.306960009620525, 5571669.163116916082799, 512.11439 ], [ 308559.425672983808909, 5571693.897002884186804, 514.48452 ], [ 308533.958767123520374, 5571751.362555393949151, 519.9238 ], [ 308510.396862843947019, 5571776.590275746770203, 521.34153 ], [ 308498.847546071396209, 5571838.11755779851228, 521.97288 ], [ 308496.250464092066977, 5571894.646623218432069, 523.52107 ], [ 308492.396982754347846, 5571955.896168887615204, 522.67285 ], [ 308475.390357078518718, 5571994.690222254022956, 520.90815 ], [ 308484.776101883326191, 5572043.217502658255398, 523.43122 ], [ 308509.588984650210477, 5572094.193346611224115, 529.00741 ], [ 308520.264965059002861, 5572134.993547670543194, 530.80093 ], [ 308524.761177353211679, 5572174.569752796553075, 529.80446 ], [ 308536.660335316322744, 5572207.756590186618268, 529.8533 ], [ 308558.243918328313157, 5572254.285352444276214, 528.31048 ], [ 308568.867166083829943, 5572293.640465140342712, 524.70372 ], [ 308574.470065162866376, 5572322.379466239362955, 523.75667 ], [ 308550.694115219754167, 5572341.604038132354617, 522.03778 ], [ 308505.495336741092615, 5572318.746783511713147, 523.30721 ], [ 308468.52980313077569, 5572312.512099768035114, 522.34148 ], [ 308433.523833543411456, 5572275.595979176461697, 523.25551 ], [ 308404.517331787676085, 5572236.904998680576682, 524.45804 ], [ 308382.87609436630737, 5572188.820483284071088, 524.5748 ], [ 308285.27144740044605, 5572198.46914757695049, 537.81419 ], [ 308290.376052613835782, 5572254.831481078639627, 538.07226 ], [ 308204.06287977960892, 5572280.770577319897711, 543.65984 ], [ 308076.430631609226111, 5572308.317204373888671, 550.60511 ], [ 308077.975099769770168, 5572351.005482668988407, 550.13022 ], [ 308040.112641456129495, 5572402.800265476107597, 549.09325 ], [ 308000.908194048854057, 5572419.469024736434221, 548.83662 ], [ 307972.169592839782126, 5572429.636983707547188, 548.80798 ], [ 307926.062730962468777, 5572466.481251771561801, 548.32157 ], [ 307871.534921890008263, 5572524.891792440786958, 549.6255 ], [ 307803.098758747102693, 5572538.057148350402713, 552.30103 ], [ 307655.224837085406762, 5572554.103401241824031, 561.45508 ], [ 307530.221113104140386, 5572569.323903342708945, 562.25172 ], [ 307564.066570559225511, 5572615.404186049476266, 561.86802 ], [ 307441.220762904267758, 5572731.28758508246392, 549.74275 ], [ 307372.696035933448002, 5572698.711915190331638, 543.06304 ], [ 307292.633162212208845, 5572645.072669522836804, 536.51583 ], [ 307225.2292962243082, 5572600.213512410409749, 530.81723 ], [ 307201.735020612191875, 5572585.817405624315143, 528.44848 ], [ 307137.09900943771936, 5572575.922634799964726, 525.62903 ], [ 307117.33491095242789, 5572579.758094012737274, 525.36413 ], [ 307086.160419796709903, 5572564.08336247690022, 522.33188 ], [ 307050.079822556115687, 5572541.017895603552461, 518.72038 ], [ 307020.344426369061694, 5572523.732776406221092, 516.1614 ], [ 306997.403375688474625, 5572524.567456161603332, 514.71938 ], [ 306967.227431610284839, 5572536.351699254475534, 513.64573 ], [ 306919.460808113217354, 5572527.40403570048511, 510.25118 ], [ 306887.566276754485443, 5572533.129004115238786, 508.4544 ], [ 306859.218661455844995, 5572553.975105213932693, 507.66532 ], [ 306794.186294604325667, 5572617.455197842791677, 505.14678 ], [ 306772.800739685422741, 5572660.979039330035448, 502.75594 ], [ 306749.191961910750251, 5572643.472231223247945, 501.52895 ], [ 306719.237278108543251, 5572620.185761835426092, 502.30965 ], [ 306709.729106455575675, 5572609.846028570085764, 503.2418 ], [ 306685.500574394653086, 5572618.409714858047664, 501.25742 ], [ 306649.874630495789461, 5572605.905211835168302, 500.95634 ], [ 306618.864909265830647, 5572594.791045062243938, 499.98631 ], [ 306588.520218847959768, 5572560.833253449760377, 501.35669 ], [ 306551.488544731982984, 5572511.758025616407394, 504.98861 ], [ 306502.110858507803641, 5572458.680768983438611, 499.83784 ], [ 306448.719423462869599, 5572379.702654601074755, 497.704 ], [ 306420.82359784381697, 5572328.847770036198199, 497.58372 ], [ 306400.508573307422921, 5572274.599512703716755, 499.04004 ], [ 306355.403257566678803, 5572213.575440587475896, 494.90516 ], [ 306334.136580567108467, 5572176.282015327364206, 493.95674 ], [ 306321.667314536636695, 5572127.869904059916735, 496.3627 ], [ 306289.978743592859246, 5572057.22863095253706, 499.05154 ], [ 306248.104895516182296, 5572000.762551384977996, 499.1291 ], [ 306217.807482199626975, 5571968.251931356266141, 498.04283 ], [ 306149.041526242275722, 5571929.577479152940214, 490.18704 ], [ 306126.885423691943288, 5571909.014540066942573, 488.34969 ], [ 306121.481566511793062, 5571845.094390566460788, 496.10735 ], [ 306120.088178568403237, 5571806.964158116839826, 501.57369 ], [ 306115.350487150950357, 5571761.275382406078279, 499.67428 ], [ 306119.130915950401686, 5571739.76469858083874, 495.89111 ], [ 306143.143500533653423, 5571725.195504159666598, 496.21007 ], [ 306158.44925747695379, 5571726.19470583461225, 497.95984 ], [ 306205.394175952416845, 5571753.421746584586799, 503.54617 ], [ 306213.920328296953812, 5571734.854638551361859, 500.68033 ], [ 306203.778105566685554, 5571709.177333612926304, 499.88009 ], [ 306198.271566087205429, 5571683.44203064776957, 498.77314 ], [ 306225.604563478729688, 5571636.693198235705495, 499.13488 ], [ 306289.816939862561412, 5571591.603515802882612, 505.26727 ], [ 306310.025701531558298, 5571558.807044177316129, 505.31309 ], [ 306302.519947160733864, 5571519.341581337153912, 503.4178 ], [ 306254.51064415066503, 5571547.030793248675764, 499.28679 ], [ 306223.095547041739337, 5571567.992081626318395, 500.71578 ], [ 306192.696145875030197, 5571573.777609579265118, 505.56524 ], [ 306144.862450410670135, 5571563.280343038029969, 516.0565 ], [ 306050.645087849348783, 5571581.973639640025795, 519.75631 ], [ 306036.502077088516671, 5571571.80435648933053, 521.48693 ], [ 306052.97482722485438, 5571520.776361466385424, 528.58182 ], [ 306070.739378587866668, 5571462.131788996979594, 533.99298 ], [ 306081.212605679640546, 5571412.88161804061383, 536.46351 ], [ 306141.408030683058314, 5571384.745649132877588, 536.82483 ], [ 306214.854115608846769, 5571342.323405369184911, 538.10779 ], [ 306262.029091172036715, 5571291.733517014421523, 540.90754 ], [ 306303.522725532646291, 5571253.596126384101808, 542.91211 ], [ 306367.464810930308886, 5571200.948196161538363, 547.52913 ], [ 306486.752473283442669, 5571155.299085097387433, 551.40422 ], [ 306505.740211474709213, 5571088.931061663664877, 551.23376 ], [ 306491.994097186252475, 5571005.50103426259011, 552.3328 ], [ 306472.617320947349072, 5570935.968057754449546, 554.63513 ], [ 306406.0692139667226, 5570749.048887887969613, 551.21956 ], [ 306593.989626137074083, 5570653.59121966175735, 559.11739 ], [ 306565.476046841940843, 5570585.949305706657469, 559.59776 ], [ 306706.066396150679793, 5570534.965917686931789, 546.79021 ], [ 306727.448093844519462, 5570534.187290234491229, 544.52212 ], [ 306782.541606024256907, 5570532.18142422195524, 539.47582 ], [ 306862.356632291688584, 5570495.659655875526369, 530.98772 ], [ 306920.734645419986919, 5570417.174344506114721, 524.22604 ], [ 306966.759747811942361, 5570375.7612783331424, 519.67165 ], [ 307072.484540090197697, 5570335.295244768261909, 509.06542 ], [ 307189.511890156543814, 5570311.229202464222908, 502.59771 ], [ 307302.418407066434156, 5570299.448560187593102, 499.13067 ], [ 307374.707656971993856, 5570309.069234839640558, 497.86799 ], [ 307391.415417483251076, 5570346.643429457210004, 498.95026 ], [ 307400.590743145905435, 5570389.054822005331516, 503.07548 ], [ 307441.409686760627665, 5570457.812552034854889, 504.4994 ], [ 307415.375871199765243, 5570501.501404141075909, 505.8083 ], [ 307389.082982236403041, 5570536.072116502560675, 504.37174 ], [ 307382.547524002089631, 5570609.664824638515711, 501.19703 ], [ 307450.064540163322818, 5570570.481588568538427, 495.87357 ], [ 307515.074174592620693, 5570546.751429489813745, 492.43824 ], [ 307622.703249358979519, 5570474.169130840338767, 490.82723 ], [ 307598.758075069170445, 5570447.542723162099719, 489.57527 ], [ 307543.184286863193847, 5570393.010390352457762, 485.08495 ], [ 307513.613840060774237, 5570339.205241503193974, 485.27179 ], [ 307499.377855845610611, 5570283.174396144226193, 488.06651 ], [ 307488.026372649590485, 5570224.033507809974253, 486.31187 ], [ 307475.844144330010749, 5570141.992245526984334, 478.19381 ], [ 307474.017736491863616, 5570091.633608888834715, 475.45795 ], [ 307496.88052557897754, 5570045.054766193032265, 475.89374 ], [ 307509.198251973837614, 5570004.869314778596163, 478.37152 ], [ 307468.212017243437003, 5569931.553194957785308, 475.10384 ], [ 307426.223827199195512, 5569871.965200965292752, 472.67194 ], [ 307436.766423214459792, 5569824.163369350135326, 472.00079 ], [ 307473.274867760832421, 5569773.972805122844875, 471.74278 ], [ 307515.012812129454687, 5569700.66244631446898, 473.14277 ], [ 307516.695580153085757, 5569662.421062313020229, 473.47479 ], [ 307505.007465862028766, 5569635.35050259064883, 471.19643 ], [ 307499.898731484659947, 5569579.100014945492148, 472.15658 ], [ 307474.975565321277827, 5569440.973702394403517, 473.44027 ], [ 307444.342461013467982, 5569399.340330401435494, 471.79507 ], [ 307372.376746794092469, 5569357.648050948046148, 465.91904 ], [ 307316.383687898516655, 5569335.190783055499196, 465.00852 ], [ 307260.404959546867758, 5569352.472402613610029, 465.55478 ], [ 307239.35331681126263, 5569321.178372353315353, 464.45987 ], [ 307212.226742094324436, 5569250.366112775169313, 463.71483 ], [ 307214.757494771736674, 5569150.982741703279316, 461.45893 ], [ 307231.87921506294515, 5569074.000238256528974, 459.92244 ], [ 307245.879453675821424, 5568995.572749678976834, 460.67418 ], [ 307235.260974396602251, 5568913.47507671546191, 461.61736 ], [ 307206.639579794951715, 5568801.531128202565014, 459.08574 ], [ 307219.124345483374782, 5568807.20013252645731, 458.97522 ], [ 307274.122697994112968, 5568802.087153162807226, 456.55694 ] ] ] } },
{ "type": "Feature", "properties": { "name": "Felsenweg 4 - Ralingen - Rosport", "km": 33.724, "darstell": "F1", "height": 821, "link": "https://www.naturpark-suedeifel.de/a-felsenweg-4-ralingen-rosport", "erlebnis": 50, "datum": null }, "geometry": { "type": "MultiLineString", "coordinates": [ [ [ 319967.466114911832847, 5513536.751741574145854, 0.0 ], [ 319993.35317677911371, 5513546.531716962344944, 0.0 ], [ 320035.110828854434658, 5513559.214841459877789, 0.0 ], [ 320055.861359320115298, 5513563.147749004885554, 0.0 ], [ 320055.861359320115298, 5513563.147749004885554, 0.0 ], [ 320054.988601540855598, 5513588.735302173532546, 0.0 ], [ 320060.833961114461999, 5513611.030240402556956, 0.0 ], [ 320071.251511177746579, 5513635.153918604366481, 0.0 ], [ 320082.473628670908511, 5513653.148675696924329, 0.0 ], [ 320082.473628670908511, 5513653.148675696924329, 0.0 ], [ 320095.069775658892468, 5513663.024524613283575, 0.0 ], [ 320101.669143460458145, 5513678.78646005038172, 0.0 ], [ 320098.942408559145406, 5513689.513856941834092, 0.0 ], [ 320091.870326056494378, 5513704.173878159373999, 0.0 ], [ 320091.997848207363859, 5513714.17602332495153, 0.0 ], [ 320096.075287973450031, 5513722.778143269009888, 0.0 ], [ 320107.868778657750227, 5513730.338370244018734, 0.0 ], [ 320133.600007929024287, 5513729.366717325523496, 0.0 ], [ 320148.122283372562379, 5513723.064331975765526, 0.0 ], [ 320182.437439530622214, 5513744.03401464316994, 0.0 ], [ 320279.46273361571366, 5513809.167966415174305, 0.0 ], [ 320321.039872499066405, 5513837.757700220681727, 0.0 ], [ 320344.317452342307661, 5513850.499319761991501, 0.0 ], [ 320428.370362065499648, 5513890.104980802163482, 0.0 ], [ 320546.021393383736722, 5513931.694108857773244, 0.0 ], [ 320564.313788098865189, 5513940.113922690972686, 0.0 ], [ 320627.901350993837696, 5513973.383136476390064, 0.0 ], [ 320665.101050209021196, 5513991.241714703850448, 0.0 ], [ 320674.070700629847124, 5513983.647968613542616, 0.0 ], [ 320707.776062325981911, 5513942.097262070514262, 0.0 ], [ 320721.511103228898719, 5513934.823912463150918, 0.0 ], [ 320744.150111327297054, 5513931.467271198518574, 0.0 ], [ 320762.938090563286096, 5513925.504150537773967, 0.0 ], [ 320808.993493432353716, 5513906.252859332598746, 0.0 ], [ 320862.572045771579724, 5513900.727175557985902, 0.0 ], [ 320890.537553972855676, 5513905.925453878007829, 0.0 ], [ 320910.565171276568435, 5513899.665354621596634, 0.0 ], [ 320912.02319748851005, 5513926.209137317724526, 0.0 ], [ 320912.02319748851005, 5513926.209137317724526, 0.0 ], [ 320935.444811695837416, 5513936.283238492906094, 0.0 ], [ 320950.631000092253089, 5513965.693352847360075, 0.0 ], [ 320965.800563471799251, 5513984.389536152593791, 0.0 ], [ 320999.573701449728105, 5514010.88335508108139, 0.0 ], [ 321017.230315165827051, 5514001.46053705457598, 0.0 ], [ 321104.904868858284317, 5514069.609279156662524, 0.0 ], [ 321104.904868858284317, 5514069.609279156662524, 0.0 ], [ 321111.672948116902262, 5514090.958364861086011, 0.0 ], [ 321143.550576581677888, 5514110.095048469491303, 0.0 ], [ 321161.819625387724955, 5514116.367759650573134, 0.0 ], [ 321161.819625387724955, 5514116.367759650573134, 0.0 ], [ 321177.715033094631508, 5514123.988907742314041, 0.0 ], [ 321227.952633928856812, 5514155.865056992508471, 0.0 ], [ 321257.954735079430975, 5514175.246215559542179, 0.0 ], [ 321271.522035110392608, 5514207.051579444669187, 0.0 ], [ 321314.529528310580645, 5514281.391519067808986, 0.0 ], [ 321326.148897758161183, 5514305.012189818546176, 0.0 ], [ 321335.77475460502319, 5514334.669372351840138, 0.0 ], [ 321365.298407612775918, 5514434.12374756205827, 0.0 ], [ 321365.807863138674293, 5514447.613820530474186, 0.0 ], [ 321364.813900550070684, 5514467.665154459886253, 0.0 ], [ 321368.311717949749436, 5514480.792198277078569, 0.0 ], [ 321374.302784479572438, 5514487.070426804944873, 0.0 ], [ 321384.041093253646977, 5514493.20713855791837, 0.0 ], [ 321408.854461554728914, 5514540.803496719338, 0.0 ], [ 321394.024473036988638, 5514542.417752491310239, 0.0 ], [ 321384.870668941177428, 5514538.780901482328773, 0.0 ], [ 321374.441438129695598, 5514528.186454239301383, 0.0 ], [ 321362.171578344190493, 5514521.67024290561676, 0.0 ], [ 321348.101392246200703, 5514520.232507630251348, 0.0 ], [ 321336.153762414003722, 5514521.718166491016746, 0.0 ], [ 321336.153762414003722, 5514521.718166491016746, 0.0 ], [ 321362.967663815245032, 5514566.680661529302597, 0.0 ], [ 321384.710991, 5514609.84116835705936, 0.0 ], [ 321404.889889437181409, 5514639.053905247710645, 0.0 ], [ 321429.952090018894523, 5514665.078368906863034, 0.0 ], [ 321442.460519525688142, 5514702.60173403378576, 0.0 ], [ 321458.205442447273526, 5514746.005249333567917, 0.0 ], [ 321458.205442447273526, 5514746.005249333567917, 0.0 ], [ 321433.980340391863137, 5514750.687374643981457, 0.0 ], [ 321410.609966239891946, 5514756.915141116827726, 0.0 ], [ 321441.768533449852839, 5514797.925991706550121, 0.0 ], [ 321515.881883969530463, 5514885.689321309328079, 0.0 ], [ 321545.318756973836571, 5514916.59961443580687, 0.0 ], [ 321577.305893190321513, 5514955.419091713614762, 0.0 ], [ 321599.158872272702865, 5514990.868720590136945, 0.0 ], [ 321608.087049969413783, 5515015.298567410558462, 0.0 ], [ 321607.33845832280349, 5515041.845091881230474, 0.0 ], [ 321615.545930759049952, 5515080.311797428876162, 0.0 ], [ 321618.266463848529384, 5515105.976781135424972, 0.0 ], [ 321645.630219808022957, 5515161.482195713557303, 0.0 ], [ 321666.696479221456684, 5515209.219938611611724, 0.0 ], [ 321674.837492092163302, 5515232.678810545243323, 0.0 ], [ 321706.280977941351011, 5515293.509028471074998, 0.0 ], [ 321745.167768062150571, 5515372.620547022670507, 0.0 ], [ 321746.667565435520373, 5515399.082134903408587, 0.0 ], [ 321737.355664576287381, 5515457.223587641492486, 0.0 ], [ 321728.200161033018958, 5515539.375657009892166, 0.0 ], [ 321717.935286426451057, 5515572.285738525912166, 0.0 ], [ 321719.792739749944303, 5515581.722119604237378, 0.0 ], [ 321702.485771136591211, 5515598.897597715258598, 0.0 ], [ 321702.485771136591211, 5515598.897597715258598, 0.0 ], [ 321694.729116337257437, 5515605.207518946379423, 0.0 ], [ 321689.275802716962062, 5515667.933291999623179, 0.0 ], [ 321676.503827099455521, 5515713.947035404853523, 0.0 ], [ 321700.006137424206827, 5515737.105288703925908, 0.0 ], [ 321744.887901826645248, 5515783.342377630062401, 0.0 ], [ 321768.029620005574543, 5515811.43457249365747, 0.0 ], [ 321772.02876070397906, 5515836.296994025819004, 0.0 ], [ 321780.385218198178336, 5515920.029561748728156, 0.0 ], [ 321793.72897557343822, 5515953.519733543507755, 0.0 ], [ 321787.180296583799645, 5516061.008102481253445, 0.0 ], [ 321790.057653286494315, 5516111.786689832806587, 0.0 ], [ 321791.218086950946599, 5516141.410969162359834, 0.0 ], [ 321815.232224439561833, 5516234.068187583237886, 0.0 ], [ 321835.38044077064842, 5516303.855598406866193, 0.0 ], [ 321854.310825187247247, 5516328.157705557532609, 0.0 ], [ 321857.156455646385439, 5516338.272623494267464, 0.0 ], [ 321857.156455646385439, 5516338.272623494267464, 0.0 ], [ 321864.317179986159317, 5516367.014759122394025, 0.0 ], [ 321871.933125047828071, 5516410.54910736437887, 0.0 ], [ 321877.279116994002834, 5516432.862634751945734, 0.0 ], [ 321849.449732813751325, 5516411.398420039564371, 0.0 ], [ 321837.165529362915549, 5516390.848011809401214, 0.0 ], [ 321814.887673839344643, 5516344.156878934241831, 0.0 ], [ 321769.269513442763127, 5516292.753063002601266, 0.0 ], [ 321743.408522483194247, 5516253.292629820294678, 0.0 ], [ 321731.538523475057445, 5516217.215885384939611, 0.0 ], [ 321722.063389875576831, 5516191.55590165220201, 0.0 ], [ 321705.943075983668678, 5516188.662420834414661, 0.0 ], [ 321679.51060771138873, 5516225.295771044678986, 0.0 ], [ 321657.689283466315828, 5516230.167313239537179, 0.0 ], [ 321608.055082990205847, 5516246.39724741037935, 0.0 ], [ 321494.903927498031408, 5516284.194552482105792, 0.0 ], [ 321439.294821267249063, 5516308.810678796842694, 0.0 ], [ 321390.915955162141472, 5516326.148867357522249, 0.0 ], [ 321325.587328860186972, 5516345.128027508035302, 0.0 ], [ 321268.820045687258244, 5516405.312460691668093, 0.0 ], [ 321227.870097264472861, 5516433.878003312274814, 0.0 ], [ 321189.032966069877148, 5516491.88413373939693, 0.0 ], [ 321152.334346698014997, 5516513.78461498208344, 0.0 ], [ 321130.643580169533379, 5516535.618517366237938, 0.0 ], [ 321093.115010022185743, 5516551.983099007047713, 0.0 ], [ 321057.246325047570281, 5516579.419516730122268, 0.0 ], [ 321031.840540139877703, 5516582.380628091283143, 0.0 ], [ 320985.912047177786008, 5516585.116313097067177, 0.0 ], [ 320960.016588970203884, 5516601.605270007625222, 0.0 ], [ 320945.159712307620794, 5516605.668927496299148, 0.0 ], [ 320933.441657973569818, 5516600.107434840872884, 0.0 ], [ 320927.896171205560677, 5516549.592210247181356, 0.0 ], [ 320927.717082310409751, 5516541.282830808311701, 0.0 ], [ 320883.673854212043807, 5516540.945211380720139, 0.0 ], [ 320876.510178303695284, 5516563.231064507737756, 0.0 ], [ 320876.492365282261744, 5516589.249748389236629, 0.0 ], [ 320882.736536608659662, 5516675.073441749438643, 0.0 ], [ 320891.335728390840814, 5516717.278034036979079, 0.0 ], [ 320897.671068883675616, 5516726.04494012799114, 0.0 ], [ 320901.857963730930351, 5516757.408591262064874, 0.0 ], [ 320926.257781832304318, 5516820.531165153719485, 0.0 ], [ 320948.518194620264694, 5516865.002806165255606, 0.0 ], [ 320984.465005857869983, 5516930.910140909254551, 0.0 ], [ 320999.153107221005484, 5516948.868063763715327, 0.0 ], [ 321056.95400100434199, 5517035.245708192698658, 0.0 ], [ 321111.859237058612052, 5517084.707106085494161, 0.0 ], [ 321238.245378639665432, 5517251.55094519816339, 0.0 ], [ 321273.683834712428506, 5517302.248030813410878, 0.0 ], [ 321293.577069328865036, 5517352.031358280219138, 0.0 ], [ 321299.527216798975132, 5517390.333157716318965, 0.0 ], [ 321296.220899480045773, 5517448.498137073591352, 0.0 ], [ 321282.271309918840416, 5517503.062464683316648, 0.0 ], [ 321265.643650507496204, 5517539.71554253809154, 0.0 ], [ 321239.230991223070305, 5517582.242114452645183, 0.0 ], [ 321157.398082951724064, 5517654.381558429449797, 0.0 ], [ 321102.741726343519986, 5517690.970416807569563, 0.0 ], [ 321019.022314258734696, 5517739.664961404167116, 0.0 ], [ 320927.470214077970013, 5517789.558552643284202, 0.0 ], [ 320791.609762682463042, 5517865.338141480460763, 0.0 ], [ 320714.646961695398204, 5517923.166841832920909, 0.0 ], [ 320714.646961695398204, 5517923.166841832920909, 0.0 ], [ 320684.031025116448291, 5517908.381381968967617, 0.0 ], [ 320650.942541568307206, 5517931.72686661593616, 0.0 ], [ 320617.089070301735774, 5517961.096303881146014, 0.0 ], [ 320583.519166326732375, 5517997.467560813762248, 0.0 ], [ 320555.186144626117311, 5518039.640981729142368, 0.0 ], [ 320523.532831588061526, 5518098.951755880378187, 0.0 ], [ 320512.137323826551437, 5518164.455315393395722, 0.0 ], [ 320508.022576879360713, 5518211.655032596550882, 0.0 ], [ 320521.33339504734613, 5518269.170088537968695, 0.0 ], [ 320547.550073930528015, 5518324.163800579495728, 0.0 ], [ 320591.834600733884145, 5518380.437623155303299, 0.0 ], [ 320633.243176758754998, 5518414.80612800270319, 0.0 ], [ 320633.243176758754998, 5518414.80612800270319, 0.0 ], [ 320678.686167890322395, 5518399.974906231276691, 0.0 ], [ 320703.303153968416154, 5518388.53506944514811, 0.0 ], [ 320673.128568630723748, 5518336.147957552224398, 0.0 ], [ 320653.825440162327141, 5518297.340024079196155, 0.0 ], [ 320671.02065154525917, 5518302.194128489121795, 0.0 ], [ 320679.751051875529811, 5518321.377788638696074, 0.0 ], [ 320689.348571329552215, 5518337.026254147291183, 0.0 ], [ 320708.103718183701858, 5518334.752108074724674, 0.0 ], [ 320734.693170873681083, 5518345.319858186878264, 0.0 ], [ 320794.726005216187332, 5518371.571295610629022, 0.0 ], [ 320833.39665247395169, 5518388.622954831458628, 0.0 ], [ 320842.589358472148888, 5518369.402470049448311, 0.0 ], [ 320861.251903607742861, 5518335.630908311344683, 0.0 ], [ 320880.696814185765106, 5518289.768489149399102, 0.0 ], [ 320906.100024378625676, 5518233.770529697649181, 0.0 ], [ 320938.493151230795775, 5518270.072559248656034, 0.0 ], [ 320962.571217993157916, 5518298.182870673015714, 0.0 ], [ 320992.02088835882023, 5518302.368357505649328, 0.0 ], [ 321041.943221128894947, 5518299.377155953086913, 0.0 ], [ 321076.176667368446942, 5518298.893800424411893, 0.0 ], [ 321111.094321232754737, 5518296.073414293117821, 0.0 ], [ 321114.160506872925907, 5518278.464861017651856, 0.0 ], [ 321114.732693173398729, 5518286.429367015138268, 0.0 ], [ 321146.399621965945698, 5518316.754637768492103, 0.0 ], [ 321191.542307009221986, 5518361.434154391288757, 0.0 ], [ 321218.604801148874685, 5518387.076861815527081, 0.0 ], [ 321272.341156390320975, 5518432.078916572965682, 0.0 ], [ 321327.887247585516889, 5518472.009110872633755, 0.0 ], [ 321395.678704230929725, 5518504.972095211967826, 0.0 ], [ 321448.172078239440452, 5518522.301371430046856, 0.0 ], [ 321473.179593855107669, 5518530.063001863658428, 0.0 ], [ 321530.308836715121288, 5518558.925717759877443, 0.0 ], [ 321585.911519248154946, 5518600.354719295166433, 0.0 ], [ 321606.241886789561249, 5518621.057785571552813, 0.0 ], [ 321630.484547634550836, 5518641.199777877889574, 0.0 ], [ 321651.187210758624133, 5518659.430597434751689, 0.0 ], [ 321760.393213020870462, 5518721.973332942463458, 0.0 ], [ 321849.142226464231499, 5518787.043517840094864, 0.0 ], [ 321907.308419989305548, 5518816.867607530206442, 0.0 ], [ 321951.900301164889243, 5518858.212182431481779, 0.0 ], [ 322037.80170596879907, 5518907.001937917433679, 0.0 ], [ 322079.856291155156214, 5518920.923446225002408, 0.0 ], [ 322102.887164920801297, 5518934.56312505248934, 0.0 ], [ 322114.831775530707091, 5518946.12000809237361, 0.0 ], [ 322274.70138389908243, 5519072.169467412866652, 0.0 ], [ 322300.127249141922221, 5519096.2258161008358, 0.0 ], [ 322323.126625411445275, 5519104.759510179050267, 0.0 ], [ 322323.126625411445275, 5519104.759510179050267, 0.0 ], [ 322346.451894211582839, 5519103.981789266690612, 0.0 ], [ 322502.614915670943446, 5519198.149117166176438, 0.0 ], [ 322526.258672373369336, 5519214.767628627829254, 0.0 ], [ 322492.10665127041284, 5519251.082187827676535, 0.0 ], [ 322455.135512020904571, 5519278.997466855682433, 0.0 ], [ 322432.473539819242433, 5519288.359678537584841, 0.0 ], [ 322450.649000380537473, 5519292.676263046450913, 0.0 ], [ 322470.74745294341119, 5519294.918806964531541, 0.0 ], [ 322478.770552721456625, 5519308.625211207196116, 0.0 ], [ 322472.804037008201703, 5519322.860278157517314, 0.0 ], [ 322467.04521196638234, 5519342.5912668062374, 0.0 ], [ 322485.360466446960345, 5519407.497522683814168, 0.0 ], [ 322485.360466446960345, 5519407.497522683814168, 0.0 ], [ 322499.178271336888429, 5519451.452335599809885, 0.0 ], [ 322513.95362870185636, 5519511.435420260764658, 0.0 ], [ 322541.561057066428475, 5519606.457878629676998, 0.0 ], [ 322551.72503703169059, 5519637.095004497095942, 0.0 ], [ 322565.357365172938444, 5519653.591464591212571, 0.0 ], [ 322589.509486246970482, 5519657.181803974322975, 0.0 ], [ 322624.606969416607171, 5519672.366717009805143, 0.0 ], [ 322641.868868845980614, 5519692.228397297672927, 0.0 ], [ 322695.531094223028049, 5519761.749343074858189, 0.0 ], [ 322709.465534637216479, 5519786.239839165471494, 0.0 ], [ 322730.858133631874807, 5519835.965917055495083, 0.0 ], [ 322741.126741615647916, 5519882.609994520433247, 0.0 ], [ 322750.97126096021384, 5519931.271463208831847, 0.0 ], [ 322742.518365246884059, 5519985.62786291539669, 0.0 ], [ 322728.570986928651109, 5520058.266335440799594, 0.0 ], [ 322714.555465836310759, 5520106.266435010358691, 0.0 ], [ 322707.299374964961316, 5520152.572147495113313, 0.0 ], [ 322702.758608999720309, 5520188.393302481621504, 0.0 ], [ 322696.528556778095663, 5520225.028493743389845, 0.0 ], [ 322677.846351008163765, 5520260.258188488893211, 0.0 ], [ 322658.343505656463094, 5520287.013086756691337, 0.0 ], [ 322633.155914434755687, 5520308.979420010000467, 0.0 ], [ 322612.011779745458625, 5520318.784719254821539, 0.0 ], [ 322603.763742830778938, 5520315.452106382697821, 0.0 ], [ 322603.763742830778938, 5520315.452106382697821, 0.0 ], [ 322594.493132374656852, 5520308.824067087844014, 0.0 ], [ 322575.510646282171365, 5520284.565427024848759, 0.0 ], [ 322565.24105940782465, 5520259.510617714375257, 0.0 ], [ 322569.621325426793192, 5520203.306706924922764, 0.0 ], [ 322561.974286721728276, 5520173.074826227501035, 0.0 ], [ 322548.802242695994209, 5520129.042163125239313, 0.0 ], [ 322534.934604702866636, 5520119.559421812184155, 0.0 ], [ 322524.187927317223512, 5520152.512893862091005, 0.0 ], [ 322514.293154213577509, 5520182.382026578299701, 0.0 ], [ 322506.752282580418978, 5520194.675250508822501, 0.0 ], [ 322486.701802338473499, 5520206.940922886133194, 0.0 ], [ 322454.871036271972116, 5520278.191931988112628, 0.0 ], [ 322445.644004474626854, 5520312.063632672652602, 0.0 ], [ 322424.98372159304563, 5520374.386656461283565, 0.0 ], [ 322415.784245000919327, 5520395.74875299539417, 0.0 ], [ 322391.427513459115289, 5520439.698814317584038, 0.0 ], [ 322369.534336122102104, 5520535.591451497748494, 0.0 ], [ 322348.571970224846154, 5520589.92045269254595, 0.0 ], [ 322347.866212548920885, 5520610.96153796184808, 0.0 ], [ 322357.690441853366792, 5520632.60531519446522, 0.0 ], [ 322367.386804119101726, 5520644.247062070295215, 0.0 ], [ 322395.744529580231756, 5520666.441192595288157, 0.0 ], [ 322414.203287400072441, 5520678.252090480178595, 0.0 ], [ 322435.804966679250356, 5520673.933221869170666, 0.0 ], [ 322468.602694522531237, 5520694.458494806662202, 0.0 ], [ 322506.815676680766046, 5520706.023084498941898, 0.0 ], [ 322551.7307492303662, 5520709.579042026773095, 0.0 ], [ 322606.200534623698331, 5520721.02951164636761, 0.0 ], [ 322628.636614686518442, 5520718.930644888430834, 0.0 ], [ 322642.635658804792911, 5520718.651697955094278, 0.0 ], [ 322667.938122130057309, 5520726.201166941784322, 0.0 ], [ 322689.871056309202686, 5520743.884836606681347, 0.0 ], [ 322723.205338311265223, 5520752.131406935863197, 0.0 ], [ 322786.587724185665138, 5520754.488998642191291, 0.0 ], [ 322798.611445624788757, 5520748.280606165528297, 0.0 ], [ 322788.924540268490091, 5520736.888703654520214, 0.0 ], [ 322751.639648515963927, 5520716.783243778161705, 0.0 ], [ 322695.716619372018613, 5520680.120427506044507, 0.0 ], [ 322731.54823608242441, 5520675.013550320640206, 0.0 ], [ 322780.140054676216096, 5520683.183789687231183, 0.0 ], [ 322818.650001398462337, 5520695.987991534173489, 0.0 ], [ 322840.539219088270329, 5520692.658943658694625, 0.0 ], [ 322858.110377910314128, 5520680.987293113954365, 0.0 ], [ 322881.497672602185048, 5520664.342568188905716, 0.0 ], [ 322864.967056360619608, 5520657.212068933062255, 0.0 ], [ 322843.958670070802327, 5520650.751153871417046, 0.0 ], [ 322837.947767890524119, 5520630.714498108252883, 0.0 ], [ 322880.581791653472465, 5520640.110609103925526, 0.0 ], [ 322940.948277273098938, 5520655.340933788567781, 0.0 ], [ 322965.289213127107359, 5520663.927423282526433, 0.0 ], [ 322987.810232140589505, 5520664.076891424134374, 0.0 ], [ 323018.40946823725244, 5520652.913519850000739, 0.0 ], [ 323049.104725117911585, 5520670.766320861876011, 0.0 ], [ 323079.101263697375543, 5520670.132897985167801, 0.0 ], [ 323114.537047275342047, 5520667.792867133393884, 0.0 ], [ 323145.343989255197812, 5520662.125402947887778, 0.0 ], [ 323163.689372740627732, 5520670.938492717221379, 0.0 ], [ 323216.812791218981147, 5520712.960615949705243, 0.0 ], [ 323270.727730644750409, 5520749.449050640687346, 0.0 ], [ 323308.64434787427308, 5520773.032955904491246, 0.0 ], [ 323340.404109660710674, 5520779.337641186080873, 0.0 ], [ 323353.140278681414202, 5520785.360679429024458, 0.0 ], [ 323388.407674942864105, 5520805.041976638138294, 0.0 ], [ 323460.535757308418397, 5520846.846029208041728, 0.0 ], [ 323474.516673664096743, 5520859.32643508259207, 0.0 ], [ 323520.475317637377884, 5520897.116191010922194, 0.0 ], [ 323545.448012969049159, 5520909.181125507690012, 0.0 ], [ 323570.099665196670685, 5520912.752410281449556, 0.0 ], [ 323589.990292051574215, 5520909.498889690265059, 0.0 ], [ 323603.356630965485238, 5520892.482452916912735, 0.0 ], [ 323611.180688008200377, 5520887.683662390336394, 0.0 ], [ 323621.861684423522092, 5520892.283345793373883, 0.0 ], [ 323624.804424719652161, 5520917.189114177599549, 0.0 ], [ 323629.773179007286672, 5520929.509804668836296, 0.0 ], [ 323643.980706511938479, 5520947.985707237385213, 0.0 ], [ 323664.551179424277507, 5520962.718721683137119, 0.0 ], [ 323724.715676941326819, 5520992.466366117820144, 0.0 ], [ 323751.046418600832112, 5521013.986396892927587, 0.0 ], [ 323789.359562359983101, 5521048.06233504973352, 0.0 ], [ 323821.581112195970491, 5521053.348824770189822, 0.0 ], [ 323822.533979852683842, 5521065.320954925380647, 0.0 ], [ 323812.532854095567018, 5521078.707809139043093, 0.0 ], [ 323795.640006369096227, 5521081.848032215610147, 0.0 ], [ 323767.207721496466547, 5521070.914581850171089, 0.0 ], [ 323735.399976439715829, 5521050.101921886205673, 0.0 ], [ 323675.254358466248959, 5521020.853922379203141, 0.0 ], [ 323610.339084282051772, 5520997.790268557146192, 0.0 ], [ 323524.957995471777394, 5520976.000506822951138, 0.0 ], [ 323427.103449516114779, 5520928.664493108168244, 0.0 ], [ 323313.787943065690342, 5520869.404300249181688, 0.0 ], [ 323243.517491159727797, 5520837.036486114375293, 0.0 ], [ 323195.702732212957926, 5520816.328411742113531, 0.0 ], [ 323155.844232557923533, 5520794.318921102210879, 0.0 ], [ 323102.401364093122538, 5520770.32116384524852, 0.0 ], [ 323071.640819893917069, 5520763.978700631298125, 0.0 ], [ 323052.711625449475832, 5520766.195190919563174, 0.0 ], [ 323025.553141194977798, 5520775.727503916248679, 0.0 ], [ 323004.776507284783293, 5520782.016555221751332, 0.0 ], [ 322997.555105769075453, 5520776.285404998809099, 0.0 ], [ 322996.98857301287353, 5520761.296573346480727, 0.0 ], [ 323006.009389999322593, 5520748.447077116928995, 0.0 ], [ 323023.250862453889567, 5520741.290964523330331, 0.0 ], [ 323028.425732919829898, 5520732.589566641487181, 0.0 ], [ 323024.183215398807079, 5520726.245481755584478, 0.0 ], [ 323011.965539256925695, 5520720.70317312143743, 0.0 ], [ 322995.204808516777121, 5520727.340772277675569, 0.0 ], [ 322975.200813550734892, 5520727.596517443656921, 0.0 ], [ 322962.371814924874343, 5520745.593367675319314, 0.0 ], [ 322940.200963049894199, 5520767.94604707043618, 0.0 ], [ 322927.655233033758122, 5520793.437321473844349, 0.0 ], [ 322914.486315751448274, 5520802.440877569839358, 0.0 ], [ 322881.718599026091397, 5520809.183163938112557, 0.0 ], [ 322805.926202282891609, 5520816.050640023313463, 0.0 ], [ 322747.337502543930896, 5520814.762735651805997, 0.0 ], [ 322659.638137565518264, 5520811.072735337540507, 0.0 ], [ 322618.771643404732458, 5520802.110182960517704, 0.0 ], [ 322578.547215735190548, 5520810.13500496558845, 0.0 ], [ 322543.6967609426938, 5520827.963561350479722, 0.0 ], [ 322498.654619833920151, 5520827.664660855196416, 0.0 ], [ 322476.020237802295014, 5520824.517436406575143, 0.0 ], [ 322469.591970070789102, 5520839.770692047663033, 0.0 ], [ 322439.500917147146538, 5520837.9059963459149, 0.0 ], [ 322413.463547179824673, 5520837.389110457152128, 0.0 ], [ 322374.83239073283039, 5520847.855439986102283, 0.0 ], [ 322341.197521069145296, 5520858.132926496677101, 0.0 ], [ 322310.617077128146775, 5520869.795996345579624, 0.0 ], [ 322282.287488757225219, 5520884.751255026087165, 0.0 ], [ 322266.208340332843363, 5520899.493761967867613, 0.0 ], [ 322256.603707171278074, 5520923.372932561673224, 0.0 ], [ 322250.355667893309146, 5520956.631757793016732, 0.0 ], [ 322259.400332813442219, 5521023.836242927238345, 0.0 ], [ 322271.223293169692624, 5521058.319242114201188, 0.0 ], [ 322290.610169441788457, 5521117.595827864482999, 0.0 ], [ 322306.875112057779916, 5521181.150936213321984, 0.0 ], [ 322313.268937627552077, 5521217.934656586498022, 0.0 ], [ 322322.906060233013704, 5521261.100242247804999, 0.0 ], [ 322336.449183230637573, 5521354.652842897921801, 0.0 ], [ 322342.728024486801587, 5521361.920651218853891, 0.0 ], [ 322349.128946647513658, 5521404.472964201122522, 0.0 ], [ 322359.966048648348078, 5521447.32807825691998, 0.0 ], [ 322387.862864514871035, 5521483.799300344660878, 0.0 ], [ 322409.745247251936235, 5521519.997519375756383, 0.0 ], [ 322425.453525722958148, 5521564.93494872469455, 0.0 ], [ 322441.658891645784024, 5521590.908724542707205, 0.0 ], [ 322467.601558195834514, 5521613.891431615687907, 0.0 ], [ 322487.740314901689999, 5521642.106555441394448, 0.0 ], [ 322505.368920586071908, 5521682.434243403375149, 0.0 ], [ 322533.891988480987493, 5521706.935953286476433, 0.0 ], [ 322549.050833645393141, 5521710.866007899865508, 0.0 ], [ 322534.515253892401233, 5521723.42370373941958, 0.0 ], [ 322516.935557496617548, 5521748.104701826348901, 0.0 ], [ 322503.352893699309789, 5521772.634608449414372, 0.0 ], [ 322499.857245258404873, 5521799.284922035411, 0.0 ], [ 322501.273777055961546, 5521836.757087829522789, 0.0 ], [ 322500.937334465386812, 5521880.799977382645011, 0.0 ], [ 322496.394339910359122, 5521892.979943044483662, 0.0 ], [ 322484.413574253907427, 5521906.942105648107827, 0.0 ], [ 322471.584649788914248, 5521924.939076155424118, 0.0 ], [ 322454.901237791986205, 5521960.093421000987291, 0.0 ], [ 322445.823810987058096, 5521971.444120620377362, 0.0 ], [ 322421.494867684668861, 5521987.0226258803159, 0.0 ], [ 322394.034155385685153, 5522004.423200017772615, 0.0 ], [ 322390.757243325118907, 5522019.272981054149568, 0.0 ], [ 322385.363705138908699, 5522039.774991853162646, 0.0 ], [ 322380.846976233297028, 5522046.686235501430929, 0.0 ], [ 322370.973279636935331, 5522050.083076607435942, 0.0 ], [ 322360.825999231776223, 5522046.489144794642925, 0.0 ], [ 322354.548839389695786, 5522039.740734397433698, 0.0 ], [ 322354.548839389695786, 5522039.740734397433698, 0.0 ], [ 322320.535802727623377, 5522040.093994231894612, 0.0 ], [ 322320.535802727623377, 5522040.093994231894612, 0.0 ], [ 322317.941195563995279, 5522029.815205541439354, 0.0 ], [ 322299.333033268689178, 5522040.52552301902324, 0.0 ], [ 322270.369847010821104, 5521989.084366431459785, 0.0 ], [ 322253.18323636369314, 5521971.221364415250719, 0.0 ], [ 322211.372233819798566, 5521937.277551057748497, 0.0 ], [ 322164.00008074613288, 5521915.051854846999049, 0.0 ], [ 322137.90600937436102, 5521913.036219109781086, 0.0 ], [ 322120.183759425592143, 5521920.710981564596295, 0.0 ], [ 322110.860778898466378, 5521925.566510377451777, 0.0 ], [ 322077.486801714228932, 5521889.80268913321197, 0.0 ], [ 322034.157999079092406, 5521855.415860424749553, 0.0 ], [ 322020.468790849903598, 5521837.420615499839187, 0.0 ], [ 321997.691805238253437, 5521817.26718588732183, 0.0 ], [ 321983.544259742135182, 5521853.326429083943367, 0.0 ], [ 321965.820232151425444, 5521834.483016447164118, 0.0 ], [ 321951.040846373827662, 5521867.063742152415216, 0.0 ], [ 321941.659431942971423, 5521843.902202849276364, 0.0 ], [ 321925.017020005267113, 5521787.492075940594077, 0.0 ], [ 321908.221783460117877, 5521700.566713553853333, 0.0 ], [ 321891.646380631602369, 5521659.164364583790302, 0.0 ], [ 321850.532430639257655, 5521617.18856278527528, 0.0 ], [ 321783.710678545059636, 5521570.180389146320522, 0.0 ], [ 321730.068181782669853, 5521527.677445452660322, 0.0 ], [ 321680.639063750160858, 5521477.510037635453045, 0.0 ], [ 321663.771805875177961, 5521441.622450350783765, 0.0 ], [ 321623.014913481543772, 5521390.50109828542918, 0.0 ], [ 321590.875519287365023, 5521339.805832222104073, 0.0 ], [ 321549.543544268002734, 5521278.825026324950159, 0.0 ], [ 321504.748415039561223, 5521186.077879391610622, 0.0 ], [ 321465.302402808621991, 5521125.609359467402101, 0.0 ], [ 321450.077673613966908, 5521109.465275004506111, 0.0 ], [ 321413.699809063575231, 5521086.643476511351764, 0.0 ], [ 321334.611384845746215, 5521046.28307912312448, 0.0 ], [ 321307.186632522731088, 5521022.302401616238058, 0.0 ], [ 321269.818442238145508, 5520992.333463641814888, 0.0 ], [ 321188.882475595804863, 5520945.528175841085613, 0.0 ], [ 321157.819192750263028, 5520935.884540502913296, 0.0 ], [ 321119.821814497816376, 5520920.275622090324759, 0.0 ], [ 321058.653450725600123, 5520893.6009213142097, 0.0 ], [ 321015.051585529814474, 5520865.228177893906832, 0.0 ], [ 320970.383539739530534, 5520821.885323246009648, 0.0 ], [ 320956.958738129935227, 5520810.884771295823157, 0.0 ], [ 320929.098645745718386, 5520780.799300535582006, 0.0 ], [ 320882.374774127500132, 5520704.127886293455958, 0.0 ], [ 320854.15554912306834, 5520683.720910587348044, 0.0 ], [ 320824.000270602060482, 5520668.808225787244737, 0.0 ], [ 320829.987229130696505, 5520681.590959815308452, 0.0 ], [ 320825.340924366668332, 5520688.873765829019248, 0.0 ], [ 320798.635500253818464, 5520725.805787298828363, 0.0 ], [ 320766.265625945467036, 5520769.558764571323991, 0.0 ], [ 320757.443807956762612, 5520800.913722978904843, 0.0 ], [ 320759.236232785624452, 5520821.86055292468518, 0.0 ], [ 320743.560377636982594, 5520843.96798381395638, 0.0 ], [ 320734.774709797115065, 5520849.803877375088632, 0.0 ], [ 320727.611508671252523, 5520872.089903719723225, 0.0 ], [ 320701.218370392685756, 5520915.116667106747627, 0.0 ], [ 320691.764743419364095, 5520942.993092979304492, 0.0 ], [ 320677.335316269076429, 5520998.076352437026799, 0.0 ], [ 320670.700917020032648, 5521034.35212913993746, 0.0 ], [ 320674.314977142901625, 5521090.254426465369761, 0.0 ], [ 320687.938942141539883, 5521119.760299210436642, 0.0 ], [ 320677.77630287676584, 5521115.641307694837451, 0.0 ], [ 320645.600627230131067, 5521098.344651240855455, 0.0 ], [ 320635.63545305741718, 5521086.212634690105915, 0.0 ], [ 320625.726935294689611, 5521075.579517814330757, 0.0 ], [ 320623.548161121201701, 5521057.649363176897168, 0.0 ], [ 320638.468591606884729, 5521015.556558202020824, 0.0 ], [ 320646.526355570706073, 5520977.225586506538093, 0.0 ], [ 320652.800312724546529, 5520904.938420098274946, 0.0 ], [ 320675.400870247220155, 5520814.522002511657774, 0.0 ], [ 320680.131198346847668, 5520780.819940286688507, 0.0 ], [ 320691.253710236167535, 5520757.383568249642849, 0.0 ], [ 320746.455660880950745, 5520708.764823846518993, 0.0 ], [ 320764.867925203288905, 5520653.26873174123466, 0.0 ], [ 320758.857501044287346, 5520639.74852441623807, 0.0 ], [ 320746.880875094910152, 5520603.943604790605605, 0.0 ], [ 320746.880875094910152, 5520603.943604790605605, 0.0 ], [ 320738.152967697707936, 5520594.999489586800337, 0.0 ], [ 320718.110979241435416, 5520594.255956468172371, 0.0 ], [ 320709.994894295814447, 5520604.56965668220073, 0.0 ], [ 320713.002935597673059, 5520617.965338792651892, 0.0 ], [ 320712.043036767747253, 5520645.520715545862913, 0.0 ], [ 320697.761393417662475, 5520651.564328830689192, 0.0 ], [ 320669.198104192153551, 5520663.651557978242636, 0.0 ], [ 320641.671847646939568, 5520676.700289034284651, 0.0 ], [ 320619.876810628222302, 5520682.527539107948542, 0.0 ], [ 320606.642444323864765, 5520703.041650922968984, 0.0 ], [ 320596.368112688884139, 5520722.44319093041122, 0.0 ], [ 320599.36430537328124, 5520695.811527493409812, 0.0 ], [ 320600.73965439555468, 5520679.248076880350709, 0.0 ], [ 320616.434423336642794, 5520657.640276929363608, 0.0 ], [ 320620.591208554455079, 5520648.476911647245288, 0.0 ], [ 320614.774204599671066, 5520640.19086645077914, 0.0 ], [ 320622.348855678283144, 5520617.944638285785913, 0.0 ], [ 320622.219102596864104, 5520598.880987807177007, 0.0 ], [ 320698.488317838753574, 5520511.939975718967617, 0.0 ], [ 320747.04402025276795, 5520459.569724211469293, 0.0 ], [ 320806.375279553118162, 5520414.297438847832382, 0.0 ], [ 320845.525278848479502, 5520404.311861866153777, 0.0 ], [ 320868.082736056298018, 5520378.942307559773326, 0.0 ], [ 320890.272745842696168, 5520357.089073738083243, 0.0 ], [ 320937.312218615668826, 5520330.794238770380616, 0.0 ], [ 320993.278204484726302, 5520289.1516477689147, 0.0 ], [ 320987.780691284919158, 5520262.841060522943735, 0.0 ], [ 320977.068922930047847, 5520217.714374051429331, 0.0 ], [ 320959.05304343404714, 5520204.385566386394203, 0.0 ], [ 320937.567287239711732, 5520178.679232161492109, 0.0 ], [ 320934.154061250388622, 5520167.80060638859868, 0.0 ], [ 320922.133777030976489, 5520154.245194610208273, 0.0 ], [ 320942.239790936466306, 5520141.789709442295134, 0.0 ], [ 320929.653019684250467, 5520113.245308243669569, 0.0 ], [ 320878.108433462562971, 5519993.859285534359515, 0.0 ], [ 320873.451232929364778, 5519989.782348168082535, 0.0 ], [ 320862.954595397226512, 5519996.683555876836181, 0.0 ], [ 320763.985329461866058, 5520091.987412742339075, 0.0 ], [ 320709.396679591969587, 5520070.784369193017483, 0.0 ], [ 320667.810119036235847, 5520053.691144603304565, 0.0 ], [ 320622.56200040562544, 5520037.040445995517075, 0.0 ], [ 320609.194627331220545, 5520040.797900857403874, 0.0 ], [ 320595.920907025109045, 5520033.794346930459142, 0.0 ], [ 320595.425614000996575, 5520027.30854903627187, 0.0 ], [ 320588.425640246947296, 5520020.818410023115575, 0.0 ], [ 320576.264483429025859, 5520016.774891606532037, 0.0 ], [ 320557.032921539619565, 5520010.997195430099964, 0.0 ], [ 320539.743244601879269, 5520003.645065494813025, 0.0 ], [ 320518.90382246079389, 5519988.421528050675988, 0.0 ], [ 320491.304799653007649, 5519966.448584999889135, 0.0 ], [ 320465.087038868805394, 5519947.925868312828243, 0.0 ], [ 320448.683329314109869, 5519937.538159376010299, 0.0 ], [ 320435.51345601468347, 5519933.282581034116447, 0.0 ], [ 320416.54623766662553, 5519934.499752207659185, 0.0 ], [ 320399.950108536460903, 5519938.879574974998832, 0.0 ], [ 320395.06706090667285, 5519942.066206443123519, 0.0 ], [ 320393.535490499867592, 5519947.878089956007898, 0.0 ], [ 320387.972534678527154, 5519948.768924026750028, 0.0 ], [ 320373.456458591972478, 5519959.394414790906012, 0.0 ], [ 320361.286603860324249, 5519968.360264831222594, 0.0 ], [ 320342.437773304816801, 5519979.329752468504012, 0.0 ], [ 320330.503194425080437, 5519981.281839998438954, 0.0 ], [ 320301.486627749167383, 5519981.377766411751509, 0.0 ], [ 320277.966037540463731, 5519981.265983317047358, 0.0 ], [ 320255.444713878910989, 5519981.116434821859002, 0.0 ], [ 320239.696780221653171, 5519981.46142206247896, 0.0 ], [ 320220.903074189205654, 5519967.411415550857782, 0.0 ], [ 320202.415832645434421, 5519954.85086942370981, 0.0 ], [ 320184.668601151322946, 5519942.012179664336145, 0.0 ], [ 320171.597467189305462, 5519933.750075750984251, 0.0 ], [ 320163.503799145808443, 5519924.799510343931615, 0.0 ], [ 320154.227132751839235, 5519917.644872706383467, 0.0 ], [ 320137.441404311335646, 5519903.769141635857522, 0.0 ], [ 320129.055808596662246, 5519900.333440637215972, 0.0 ], [ 320116.385550066886935, 5519896.058970461599529, 0.0 ], [ 320104.992702143965289, 5519892.486746108159423, 0.0 ], [ 320101.721096119028516, 5519885.355332900770009, 0.0 ], [ 320075.285396247170866, 5519847.827552790753543, 0.0 ], [ 320058.96588397375308, 5519826.428959610871971, 0.0 ], [ 320045.404552571068052, 5519818.435542805120349, 0.0 ], [ 320029.953625487629324, 5519820.020164425484836, 0.0 ], [ 320021.111249510897323, 5519824.357127807103097, 0.0 ], [ 320000.284832367789932, 5519789.619431879371405, 0.0 ], [ 319981.041553791554179, 5519743.814222416840494, 0.0 ], [ 319972.782298590987921, 5519723.862221500836313, 0.0 ], [ 319964.183168988791294, 5519694.916781771928072, 0.0 ], [ 319953.005250333517324, 5519657.312688190490007, 0.0 ], [ 319937.831562722334638, 5519662.069161457940936, 0.0 ], [ 319926.453237895737402, 5519665.501258449628949, 0.0 ], [ 319913.632651668507606, 5519670.488908203318715, 0.0 ], [ 319879.187748244265094, 5519683.368589214980602, 0.0 ], [ 319856.97793268901296, 5519691.462995176203549, 0.0 ], [ 319845.453636926249601, 5519697.652532540261745, 0.0 ], [ 319833.840758742648177, 5519721.357644019648433, 0.0 ], [ 319827.304118997068144, 5519740.367774265818298, 0.0 ], [ 319814.712984454119578, 5519718.327894442714751, 0.0 ], [ 319807.368765407125466, 5519709.348981232382357, 0.0 ], [ 319790.262028501194436, 5519686.979399320669472, 0.0 ], [ 319785.609161322470754, 5519676.397725513204932, 0.0 ], [ 319763.034019884536974, 5519641.726059768348932, 0.0 ], [ 319748.090680433902889, 5519617.023137162439525, 0.0 ], [ 319742.234305899241008, 5519596.910372637212276, 0.0 ], [ 319741.471218964317814, 5519587.502497349865735, 0.0 ], [ 319744.47685211210046, 5519576.81164376437664, 0.0 ], [ 319761.096446926763747, 5519550.735678279772401, 0.0 ], [ 319765.111688635603059, 5519537.825027754530311, 0.0 ], [ 319760.537818078417331, 5519525.169038384221494, 0.0 ], [ 319739.971579703269526, 5519488.23978971503675, 0.0 ], [ 319718.254127450461965, 5519449.783061820082366, 0.0 ], [ 319710.594014140195213, 5519439.064848932437599, 0.0 ], [ 319700.916475414473098, 5519427.922524532303214, 0.0 ], [ 319704.187351962085813, 5519421.794722244143486, 0.0 ], [ 319716.423355832928792, 5519414.577602428384125, 0.0 ], [ 319719.66955451911781, 5519387.936401451937854, 0.0 ], [ 319718.692809498752467, 5519368.70985456649214, 0.0 ], [ 319719.657967098173685, 5519347.908874785527587, 0.0 ], [ 319719.774903536308557, 5519331.142745733261108, 0.0 ], [ 319731.6456716991961, 5519281.159550306387246, 0.0 ], [ 319735.434360175160691, 5519262.253271277062595, 0.0 ], [ 319733.496117044473067, 5519244.063759136013687, 0.0 ], [ 319734.235423708683811, 5519230.526384591124952, 0.0 ], [ 319744.320432258071378, 5519192.86924393940717, 0.0 ], [ 319751.592068997095339, 5519166.826458876021206, 0.0 ], [ 319767.743172534857877, 5519124.186775922775269, 0.0 ], [ 319767.8396496703499, 5519096.093635435216129, 0.0 ], [ 319766.81732820632169, 5519086.445381805300713, 0.0 ], [ 319752.010593352140859, 5519058.735162285156548, 0.0 ], [ 319743.563287572062109, 5519047.045984879136086, 0.0 ], [ 319734.299753828556277, 5519020.377165768295527, 0.0 ], [ 319735.599726873915642, 5519001.815111440606415, 0.0 ], [ 319741.429121383349411, 5518977.327880981378257, 0.0 ], [ 319753.518473068950698, 5518959.608993969857693, 0.0 ], [ 319780.987635931465775, 5518931.802302711643279, 0.0 ], [ 319793.13362939999206, 5518915.582329651340842, 0.0 ], [ 319808.80471042759018, 5518886.720422070473433, 0.0 ], [ 319814.021883803943638, 5518872.513498665764928, 0.0 ], [ 319815.939846262219362, 5518863.684911713935435, 0.0 ], [ 319834.269590801093727, 5518838.97551654279232, 0.0 ], [ 319848.9181477415259, 5518816.156449569389224, 0.0 ], [ 319870.99078188178828, 5518797.810168890282512, 0.0 ], [ 319901.791865593520924, 5518758.869934713467956, 0.0 ], [ 319914.506616926926654, 5518711.356678135693073, 0.0 ], [ 319929.628082667069975, 5518663.128077568486333, 0.0 ], [ 319935.973104985780083, 5518637.244412352330983, 0.0 ], [ 319941.868615714716725, 5518614.505941674113274, 0.0 ], [ 319951.666817015851848, 5518589.118260869756341, 0.0 ], [ 319956.568112838082016, 5518573.172070777975023, 0.0 ], [ 319964.160106376744807, 5518542.363919917494059, 0.0 ], [ 319965.746380503929686, 5518498.273282406851649, 0.0 ], [ 319971.933217751560733, 5518456.760730809532106, 0.0 ], [ 319974.972526327357627, 5518437.882808749563992, 0.0 ], [ 319988.258757248520851, 5518412.113171709701419, 0.0 ], [ 320028.756891633500345, 5518398.07422836497426, 0.0 ], [ 320052.238192968652584, 5518386.359563414938748, 0.0 ], [ 320063.305942322942428, 5518372.251710152253509, 0.0 ], [ 320062.555840256798547, 5518359.020814983174205, 0.0 ], [ 320059.552984670968726, 5518352.379571328870952, 0.0 ], [ 320042.893555575457867, 5518337.678483501076698, 0.0 ], [ 320031.831368850253057, 5518327.158722399733961, 0.0 ], [ 320024.142364734667353, 5518302.431814812123775, 0.0 ], [ 320021.181664879841264, 5518290.285140674561262, 0.0 ], [ 320020.662507354514673, 5518276.545167833566666, 0.0 ], [ 320027.166563720791601, 5518263.290350314229727, 0.0 ], [ 320028.429489876725711, 5518256.988273113034666, 0.0 ], [ 320027.39182093256386, 5518242.767543683759868, 0.0 ], [ 320027.937371817766689, 5518217.479322849772871, 0.0 ], [ 320034.487988431530539, 5518192.214381166733801, 0.0 ], [ 320045.21503433980979, 5518171.544951409101486, 0.0 ], [ 320043.370649367221631, 5518142.594419577158988, 0.0 ], [ 320027.617026355001144, 5518122.925530131906271, 0.0 ], [ 320028.464640413993038, 5518105.631475682370365, 0.0 ], [ 320030.418847858556546, 5518086.974813155829906, 0.0 ], [ 320033.27472867211327, 5518054.163999168202281, 0.0 ], [ 320044.262662363180425, 5517989.884465076029301, 0.0 ], [ 320046.681210078299046, 5517978.605168492533267, 0.0 ], [ 320053.967463021923322, 5517959.566800992004573, 0.0 ], [ 320065.274707567295991, 5517947.631564695388079, 0.0 ], [ 320090.684384590131231, 5517924.906357714906335, 0.0 ], [ 320099.00325655983761, 5517913.334208309650421, 0.0 ], [ 320103.683101234259084, 5517898.146938324905932, 0.0 ], [ 320103.176906073582359, 5517880.5839415313676, 0.0 ], [ 320102.460478865425102, 5517859.165953650139272, 0.0 ], [ 320101.241664984554518, 5517800.421061645261943, 0.0 ], [ 320061.112363041203935, 5517738.142790781334043, 0.0 ], [ 320017.245245213154703, 5517676.255889666266739, 0.0 ], [ 319985.517474969441537, 5517679.886426785960793, 0.0 ], [ 319974.177789972687606, 5517681.885829356499016, 0.0 ], [ 319954.982665595540311, 5517693.657205195166171, 0.0 ], [ 319949.319826949969865, 5517672.142241035588086, 0.0 ], [ 319932.686012632853817, 5517661.716755973175168, 0.0 ], [ 319932.968022860470228, 5517656.95973208360374, 0.0 ], [ 319923.837151777755935, 5517656.595259799621999, 0.0 ], [ 319911.806908328668214, 5517654.431258372031152, 0.0 ], [ 319906.137191046145745, 5517654.519046551547945, 0.0 ], [ 319903.872649059223477, 5517662.992265013046563, 0.0 ], [ 319883.970257927372586, 5517691.298188759945333, 0.0 ], [ 319876.504036579746753, 5517692.330797237344086, 0.0 ], [ 319860.605659534572624, 5517701.937744261696935, 0.0 ], [ 319844.240376874688081, 5517705.808318907395005, 0.0 ], [ 319833.135125130764209, 5517703.225798112340271, 0.0 ], [ 319815.567337949411012, 5517695.13342640735209, 0.0 ], [ 319795.123830173513852, 5517677.142718360759318, 0.0 ], [ 319780.181338892609347, 5517665.698885453864932, 0.0 ], [ 319697.620093373814598, 5517592.765048968605697, 0.0 ], [ 319656.85577019804623, 5517560.031223209574819, 0.0 ], [ 319635.96925195096992, 5517543.558272846974432, 0.0 ], [ 319606.008754264912568, 5517518.672021128237247, 0.0 ], [ 319551.36225417710375, 5517469.4507474033162, 0.0 ], [ 319502.62703553121537, 5517431.013815409503877, 0.0 ], [ 319441.349272563529667, 5517398.304397108964622, 0.0 ], [ 319410.776452952588443, 5517383.698409841395915, 0.0 ], [ 319399.175971711287275, 5517374.630022457800806, 0.0 ], [ 319378.006299200118519, 5517350.662475444376469, 0.0 ], [ 319351.411694459267892, 5517335.405829956755042, 0.0 ], [ 319305.514987479371484, 5517319.127180086448789, 0.0 ], [ 319254.414839289675001, 5517310.80053876619786, 0.0 ], [ 319217.780859966180287, 5517307.931574816815555, 0.0 ], [ 319201.575385107658803, 5517302.789778136648238, 0.0 ], [ 319180.25083903549239, 5517294.589097048155963, 0.0 ], [ 319146.977747458789963, 5517294.595260574482381, 0.0 ], [ 319121.666109891142696, 5517300.054678868502378, 0.0 ], [ 319108.058204651693814, 5517304.071235046721995, 0.0 ], [ 319094.808365691744257, 5517304.321632358245552, 0.0 ], [ 319081.176574377925135, 5517301.084003061056137, 0.0 ], [ 319055.197531714336947, 5517242.523709597997367, 0.0 ], [ 319025.352959516574629, 5517174.352591233327985, 0.0 ], [ 319029.589875051053241, 5517160.683046809397638, 0.0 ], [ 319062.692536491318606, 5517142.920885594561696, 0.0 ], [ 319079.076202644384466, 5517126.290701904334128, 0.0 ], [ 319106.847722194506787, 5517106.478374563157558, 0.0 ], [ 319125.102810854674317, 5517093.029778316617012, 0.0 ], [ 319152.566394967027009, 5517060.900573268532753, 0.0 ], [ 319165.449083512183279, 5517048.475397150963545, 0.0 ], [ 319200.601909734425135, 5517025.382133214734495, 0.0 ], [ 319233.888868867361452, 5517019.121108686551452, 0.0 ], [ 319261.340614420594648, 5517017.333508065901697, 0.0 ], [ 319288.538098464545328, 5517022.060068377293646, 0.0 ], [ 319322.47624306101352, 5517033.036531575955451, 0.0 ], [ 319348.797134907566942, 5517041.048480620607734, 0.0 ], [ 319370.545226950081997, 5517033.972499120980501, 0.0 ], [ 319385.373899292026181, 5517029.15932254306972, 0.0 ], [ 319399.60355823894497, 5517015.112299170345068, 0.0 ], [ 319377.736659445625264, 5516999.176658327691257, 0.0 ], [ 319358.014312859217171, 5516980.40807103458792, 0.0 ], [ 319344.236540103564039, 5516979.927866097539663, 0.0 ], [ 319318.476910271972883, 5516980.150485744699836, 0.0 ], [ 319307.536518902285025, 5516975.31011235807091, 0.0 ], [ 319299.037687903502956, 5516968.876450400799513, 0.0 ], [ 319299.517894264543429, 5516955.098674407228827, 0.0 ], [ 319311.579693598905578, 5516949.889678228646517, 0.0 ], [ 319321.223248298279941, 5516940.268885751254857, 0.0 ], [ 319327.392659532953985, 5516924.775135824456811, 0.0 ], [ 319334.465492800460197, 5516895.918048888444901, 0.0 ], [ 319337.991641510860063, 5516880.844259191304445, 0.0 ], [ 319343.811870219302364, 5516856.107224395498633, 0.0 ], [ 319358.633916084421799, 5516804.761742826551199, 0.0 ], [ 319363.79852822702378, 5516769.291951548308134, 0.0 ], [ 319364.65461802930804, 5516725.729146229103208, 0.0 ], [ 319357.171794903930277, 5516666.720325205475092, 0.0 ], [ 319357.698673174832948, 5516640.9323874367401, 0.0 ], [ 319364.965140046086162, 5516594.875848446972668, 0.0 ], [ 319381.456030281609856, 5516547.970503623597324, 0.0 ], [ 319390.410695578320883, 5516520.112979797646403, 0.0 ], [ 319396.67843867954798, 5516487.353457717224956, 0.0 ], [ 319397.954273566720076, 5516448.277957893908024, 0.0 ], [ 319393.347822033800185, 5516441.377139861695468, 0.0 ], [ 319387.417714376118965, 5516430.093099053949118, 0.0 ], [ 319375.50678931013681, 5516410.348783580586314, 0.0 ], [ 319365.431604647426866, 5516377.886513631790876, 0.0 ], [ 319357.149744412105065, 5516348.24827794637531, 0.0 ], [ 319345.378930941282306, 5516321.423832791857421, 0.0 ], [ 319332.057562118861824, 5516299.911633176729083, 0.0 ], [ 319301.922340256627649, 5516263.773880363442004, 0.0 ], [ 319273.035707509086933, 5516214.329668170772493, 0.0 ], [ 319252.80881662160391, 5516188.825324486009777, 0.0 ], [ 319225.049115135450847, 5516149.345530577935278, 0.0 ], [ 319219.307750654174015, 5516143.057847264222801, 0.0 ], [ 319218.199704367143568, 5516133.593043258413672, 0.0 ], [ 319226.334953554382082, 5516123.779086473397911, 0.0 ], [ 319203.897446418181062, 5516099.358931629918516, 0.0 ], [ 319192.132620082818903, 5516105.807536664418876, 0.0 ], [ 319175.276552346069366, 5516096.687413496896625, 0.0 ], [ 319172.395439462387003, 5516066.775208128616214, 0.0 ], [ 319169.871485064388253, 5516035.528707603923976, 0.0 ], [ 319168.373015297285747, 5516019.894193028099835, 0.0 ], [ 319190.055600816034712, 5516024.328855343163013, 0.0 ], [ 319224.11190950643504, 5516045.057862306013703, 0.0 ], [ 319234.401661726064049, 5516045.920061295852065, 0.0 ], [ 319238.007396402477752, 5516042.031232953071594, 0.0 ], [ 319238.548264032229781, 5516009.988376272842288, 0.0 ], [ 319253.127151827211492, 5516005.18470913451165, 0.0 ], [ 319259.089528380194679, 5515997.454236786812544, 0.0 ], [ 319286.19213263283018, 5515986.423484871163964, 0.0 ], [ 319299.399742002307903, 5515991.678622748702765, 0.0 ], [ 319333.431699684180785, 5515991.894185777753592, 0.0 ], [ 319385.247952861129306, 5515992.688858172856271, 0.0 ], [ 319436.950956976041198, 5515990.48570787999779, 0.0 ], [ 319488.936548025638331, 5515982.517861554399133, 0.0 ], [ 319531.938590590609238, 5515988.39879441820085, 0.0 ], [ 319544.64654700626852, 5515993.672798399813473, 0.0 ], [ 319564.574953130620997, 5516007.110079884529114, 0.0 ], [ 319570.585931753623299, 5516011.45610002335161, 0.0 ], [ 319578.819026883691549, 5515971.117146389558911, 0.0 ], [ 319579.455245708697475, 5515968.09101727604866, 0.0 ], [ 319589.032780197099783, 5515956.721556993201375, 0.0 ], [ 319616.162675800325815, 5515919.921799212694168, 0.0 ], [ 319629.505872649955563, 5515895.651194537058473, 0.0 ], [ 319634.72773948777467, 5515874.939626102335751, 0.0 ], [ 319644.351036064792424, 5515853.991880013607442, 0.0 ], [ 319652.100818481878377, 5515844.762791533023119, 0.0 ], [ 319674.843233681749552, 5515830.894678195938468, 0.0 ], [ 319689.26615717750974, 5515815.339415478520095, 0.0 ], [ 319706.733601538813673, 5515787.660776224918664, 0.0 ], [ 319738.374630869715475, 5515757.695558149367571, 0.0 ], [ 319771.603507342282683, 5515739.108475218527019, 0.0 ], [ 319806.555153362860437, 5515728.101414442993701, 0.0 ], [ 319820.059245859913062, 5515721.336981171742082, 0.0 ], [ 319830.267582294763997, 5515715.877980166114867, 0.0 ], [ 319846.397944592754357, 5515703.330265116877854, 0.0 ], [ 319856.366839151829481, 5515695.698666815645993, 0.0 ], [ 319872.015495437313803, 5515686.101315713487566, 0.0 ], [ 319903.237318040395621, 5515664.908074446022511, 0.0 ], [ 319927.75179794273572, 5515644.968881527893245, 0.0 ], [ 319954.104876867786516, 5515633.966521879658103, 0.0 ], [ 319974.80650115624303, 5515625.679369402118027, 0.0 ], [ 320010.434684859355912, 5515611.004492478445172, 0.0 ], [ 320017.449397476972081, 5515608.808072389103472, 0.0 ], [ 320032.301412541186437, 5515597.989954476244748, 0.0 ], [ 320038.546392374439165, 5515584.49484380800277, 0.0 ], [ 320042.359245962230489, 5515572.842816735617816, 0.0 ], [ 320039.393763403524645, 5515553.941588050685823, 0.0 ], [ 320035.443395809736103, 5515542.082435738295317, 0.0 ], [ 320031.139417471247725, 5515527.484723040834069, 0.0 ], [ 320053.038921264756937, 5515537.665227813646197, 0.0 ], [ 320083.295638094074093, 5515550.53216159902513, 0.0 ], [ 320052.932804709067568, 5515497.57144382968545, 0.0 ], [ 320045.53311402676627, 5515484.661629629321396, 0.0 ], [ 320029.633728853485081, 5515467.749963187612593, 0.0 ], [ 320005.117873886250891, 5515447.911475536413491, 0.0 ], [ 319995.728133420401718, 5515437.75881078466773, 0.0 ], [ 319995.920883137790952, 5515422.991251276805997, 0.0 ], [ 319997.856923089479096, 5515417.094193007797003, 0.0 ], [ 320004.983016296289861, 5515393.809012265875936, 0.0 ], [ 320009.555715572321787, 5515379.946646907366812, 0.0 ], [ 320007.301962041063234, 5515360.017834297381341, 0.0 ], [ 320001.654551738523878, 5515342.969115067273378, 0.0 ], [ 319996.874316781992093, 5515322.385202974081039, 0.0 ], [ 319991.943561736028641, 5515311.06342133693397, 0.0 ], [ 319985.485593555844389, 5515299.048798537813127, 0.0 ], [ 319982.783885195385665, 5515273.883243006654084, 0.0 ], [ 319976.231564502522815, 5515259.370439751073718, 0.0 ], [ 319958.511534750345163, 5515236.453405365347862, 0.0 ], [ 319929.224978022859432, 5515167.33048381190747, 0.0 ], [ 319913.047051660832949, 5515136.419541521929204, 0.0 ], [ 319909.134447559132241, 5515125.559645372442901, 0.0 ], [ 319906.361779792816378, 5515091.890831879340112, 0.0 ], [ 319938.108395087299868, 5515117.710633794777095, 0.0 ], [ 319973.234735467121936, 5515146.905218911357224, 0.0 ], [ 319987.196666330564767, 5515158.886605635285378, 0.0 ], [ 319992.83418913272908, 5515162.426296452060342, 0.0 ], [ 320002.355573546665255, 5515162.817207734100521, 0.0 ], [ 320009.477631843998097, 5515159.295951545238495, 0.0 ], [ 320018.480073437211104, 5515145.946882702410221, 0.0 ], [ 320026.45043803169392, 5515138.390801201574504, 0.0 ], [ 320034.109872661763802, 5515135.849946953356266, 0.0 ], [ 320017.908587870420888, 5515110.944081476889551, 0.0 ], [ 319996.341276296763681, 5515077.693103234283626, 0.0 ], [ 319930.920500892214477, 5514980.386252479627728, 0.0 ], [ 319889.745600035879761, 5514916.896015167236328, 0.0 ], [ 319928.908623236231506, 5514889.829220476560295, 0.0 ], [ 319960.984710256278049, 5514868.923949628137052, 0.0 ], [ 319980.517264756257646, 5514856.177894824184477, 0.0 ], [ 319988.17177941679256, 5514846.882533325813711, 0.0 ], [ 319992.620911677600816, 5514832.204398429952562, 0.0 ], [ 319997.527430452581029, 5514823.012822287157178, 0.0 ], [ 320003.13171792041976, 5514819.048551809042692, 0.0 ], [ 320011.470056105870754, 5514821.235378826968372, 0.0 ], [ 320020.044266490265727, 5514829.667651535011828, 0.0 ], [ 320033.718617455335334, 5514840.659221210516989, 0.0 ], [ 320045.224596934451256, 5514847.229548388160765, 0.0 ], [ 320072.180172064574435, 5514841.388277573511004, 0.0 ], [ 320102.564540462335572, 5514835.307189620099962, 0.0 ], [ 320124.722838504239917, 5514832.468941224738955, 0.0 ], [ 320151.943531980388798, 5514831.190719148144126, 0.0 ], [ 320121.554783997125924, 5514814.826233054511249, 0.0 ], [ 320093.820085884537548, 5514787.573208962567151, 0.0 ], [ 320060.012647593975998, 5514748.602792812511325, 0.0 ], [ 320035.03135698440019, 5514718.864722930826247, 0.0 ], [ 319995.39762689510826, 5514693.753202063962817, 0.0 ], [ 319901.473501750268042, 5514631.254367934539914, 0.0 ], [ 319877.551697120827157, 5514613.895076003856957, 0.0 ], [ 319864.376984134141821, 5514602.884612945839763, 0.0 ], [ 319841.831436137785204, 5514582.221071855165064, 0.0 ], [ 319821.06783382530557, 5514568.995461476035416, 0.0 ], [ 319797.06602914177347, 5514556.142315892502666, 0.0 ], [ 319755.392779210931621, 5514532.448515495285392, 0.0 ], [ 319731.805694699985906, 5514517.328128329478204, 0.0 ], [ 319727.3700945955934, 5514512.492151991464198, 0.0 ], [ 319723.405827382346615, 5514506.887850756756961, 0.0 ], [ 319713.185496747959405, 5514461.491887735202909, 0.0 ], [ 319704.215042376890779, 5514442.56721992790699, 0.0 ], [ 319688.527412576600909, 5514411.387497356161475, 0.0 ], [ 319671.37370484159328, 5514374.509121011011302, 0.0 ], [ 319679.707142823259346, 5514369.941442382521927, 0.0 ], [ 319723.632127462653443, 5514347.267964328639209, 0.0 ], [ 319753.369547425070778, 5514333.135866763070226, 0.0 ], [ 319753.298599794274196, 5514324.632614029571414, 0.0 ], [ 319752.138944233185612, 5514320.423441915772855, 0.0 ], [ 319741.485438545932993, 5514290.054305348545313, 0.0 ], [ 319729.828135186457075, 5514266.227610344998538, 0.0 ], [ 319721.357336590066552, 5514247.284067041240633, 0.0 ], [ 319716.764933637809008, 5514234.128319538198411, 0.0 ], [ 319715.723977660702076, 5514223.980402065441012, 0.0 ], [ 319716.713442998356186, 5514210.433612159453332, 0.0 ], [ 319725.230289913248271, 5514190.848545223474503, 0.0 ], [ 319722.792502414435148, 5514159.418618390336633, 0.0 ], [ 319720.995866945013404, 5514131.71709631383419, 0.0 ], [ 319719.174874035990797, 5514112.452500043436885, 0.0 ], [ 319718.732434938952792, 5514098.279188183136284, 0.0 ], [ 319717.821873347216751, 5514067.542110216803849, 0.0 ], [ 319715.704858787765261, 5514044.606001257896423, 0.0 ], [ 319711.601951189571992, 5514004.663092057220638, 0.0 ], [ 319708.302850372041576, 5513981.091024238616228, 0.0 ], [ 319706.774569903558586, 5513940.62046573124826, 0.0 ], [ 319704.303627071029041, 5513901.686551275663078, 0.0 ], [ 319712.494254539487883, 5513882.544238635338843, 0.0 ], [ 319718.38219174684491, 5513870.383447284810245, 0.0 ], [ 319723.485557187930681, 5513855.610685492865741, 0.0 ], [ 319732.177135923993774, 5513847.276888835243881, 0.0 ], [ 319740.200583105906844, 5513845.292611334472895, 0.0 ], [ 319743.960870149661787, 5513841.328071016818285, 0.0 ], [ 319752.651754401857033, 5513806.475810782052577, 0.0 ], [ 319757.82762985653244, 5513782.083365646190941, 0.0 ], [ 319755.918187265400775, 5513764.643259018659592, 0.0 ], [ 319751.543068934872281, 5513728.283002558164299, 0.0 ], [ 319732.880185670219362, 5513693.643216673284769, 0.0 ], [ 319726.875740483752452, 5513677.928713724948466, 0.0 ], [ 319720.131928928778507, 5513651.624367187730968, 0.0 ], [ 319711.550581922288984, 5513623.218850458972156, 0.0 ], [ 319701.632651283987798, 5513599.07626130990684, 0.0 ], [ 319700.567012628540397, 5513584.106030886992812, 0.0 ], [ 319699.595708505134098, 5513571.633983199484646, 0.0 ], [ 319704.067723252577707, 5513566.641874111257493, 0.0 ], [ 319716.662074027932249, 5513555.658973396755755, 0.0 ], [ 319733.140317026583944, 5513541.527322172187269, 0.0 ], [ 319754.925895074091386, 5513522.191776576451957, 0.0 ], [ 319760.578347992734052, 5513517.044775076210499, 0.0 ], [ 319773.100818739971146, 5513499.990482361055911, 0.0 ], [ 319781.538038037193473, 5513498.170842733234167, 0.0 ], [ 319786.986546816071495, 5513483.45499022025615, 0.0 ], [ 319786.628084345895331, 5513473.961899248883128, 0.0 ], [ 319782.486490301438607, 5513458.989872580394149, 0.0 ], [ 319785.552699642372318, 5513445.482626147568226, 0.0 ], [ 319792.651051938824821, 5513434.707267256453633, 0.0 ], [ 319806.857511192676611, 5513426.66559876408428, 0.0 ], [ 319822.987049772986211, 5513416.549921124242246, 0.0 ], [ 319836.213101338187698, 5513409.045623923651874, 0.0 ], [ 319851.070124739431776, 5513404.982182458043098, 0.0 ], [ 319861.581351393135265, 5513405.085627287626266, 0.0 ], [ 319871.97937998874113, 5513402.191255151294172, 0.0 ], [ 319877.767485315154772, 5513396.46886258944869, 0.0 ], [ 319877.484491973591503, 5513388.97432039026171, 0.0 ], [ 319892.31353202072205, 5513397.420650213956833, 0.0 ], [ 319912.006868351832964, 5513402.180863840505481, 0.0 ], [ 319950.682781949464697, 5513410.297007934190333, 0.0 ], [ 319954.604404660814907, 5513408.147534042596817, 0.0 ], [ 319958.811971918446943, 5513382.901313092559576, 0.0 ], [ 319961.875501514354255, 5513371.277623219415545, 0.0 ], [ 319968.44688484974904, 5513357.339837328530848, 0.0 ], [ 319981.197350635426119, 5513370.367786291055381, 0.0 ], [ 319995.805181881354656, 5513392.832216188311577, 0.0 ], [ 320003.813984339125454, 5513412.793907246552408, 0.0 ], [ 320005.676228115393315, 5513428.984905876219273, 0.0 ], [ 319996.768325780634768, 5513458.091293054632843, 0.0 ], [ 319988.072187773883343, 5513472.929761107079685, 0.0 ], [ 319975.072871428506915, 5513499.688905283808708, 0.0 ], [ 319957.996451336948667, 5513531.105142050422728, 0.0 ], [ 319967.22573023987934, 5513537.0109928175807, 0.0 ] ] ] } },
{ "type": "Feature", "properties": { "name": "Moore-Pfad Schneifel", "km": 14.916, "darstell": "F1", "height": 226, "link": "https://www.naturpark-suedeifel.de/a-moore-pfad-schneifel", "erlebnis": 57, "datum": null }, "geometry": { "type": "MultiLineString", "coordinates": [ [ [ 312781.6818516200874, 5571388.293250436894596, 695.17075 ], [ 312783.489436870440841, 5571417.280541812069714, 695.48797 ], [ 312829.968540292640682, 5571454.59816830419004, 696.62485 ], [ 312873.002627076930366, 5571481.240911454893649, 697.23479 ], [ 312896.159440194140188, 5571508.696180053986609, 697.52089 ], [ 312916.142226347117685, 5571533.146864597685635, 697.39453 ], [ 312942.633060672786087, 5571568.164911980740726, 697.16331 ], [ 312962.051112421846483, 5571576.607506263069808, 697.05288 ], [ 312986.719847230706364, 5571602.45153271406889, 696.86954 ], [ 312983.785025782475714, 5571628.489408611319959, 697.03408 ], [ 312991.068909407244064, 5571661.06811061874032, 696.85725 ], [ 313008.096482148743235, 5571688.739835030399263, 696.44857 ], [ 313031.980714647681452, 5571714.611682045273483, 695.84682 ], [ 313048.648281785193831, 5571730.052485927939415, 695.40628 ], [ 313060.844843288825359, 5571750.214435865171254, 695.02993 ], [ 313066.239391177427024, 5571773.732648312114179, 694.71622 ], [ 313080.308116372441873, 5571804.514094187878072, 694.27123 ], [ 313090.357477729208767, 5571828.536168257705867, 693.93735 ], [ 313097.970024293172173, 5571848.191843390464783, 693.68403 ], [ 313107.129729147651233, 5571869.240008571185172, 693.56415 ], [ 313113.507287702988833, 5571878.142478520050645, 693.55542 ], [ 313134.652031985111535, 5571891.088364128023386, 693.32562 ], [ 313141.425757965072989, 5571909.215344139374793, 693.59253 ], [ 313143.673815138812643, 5571930.507001612335443, 693.81039 ], [ 313160.500942003913224, 5571950.506046565249562, 693.69877 ], [ 313167.72866584250005, 5571981.528608370572329, 693.58828 ], [ 313186.062772395845968, 5572003.812084086239338, 693.49587 ], [ 313206.881070365430787, 5572029.792562277987599, 693.30535 ], [ 313216.90211879927665, 5572053.036679019220173, 693.10234 ], [ 313227.506423910264857, 5572072.587165579199791, 692.95504 ], [ 313221.7937196418643, 5572104.844532689079642, 692.75524 ], [ 313153.510897809523158, 5572165.239771864376962, 691.66184 ], [ 313109.726691380201373, 5572204.181112967431545, 690.47431 ], [ 313099.646251677535474, 5572201.530985300429165, 690.38752 ], [ 313072.575767228845507, 5572192.467221033759415, 690.15403 ], [ 313046.922876048833132, 5572203.388821481727064, 689.45704 ], [ 313022.911982456687838, 5572216.367502748034894, 688.62704 ], [ 312993.815515602764208, 5572216.61400118470192, 687.82962 ], [ 312965.451811679813545, 5572215.387835779227316, 686.55827 ], [ 312948.018015943467617, 5572198.416077514179051, 686.45875 ], [ 312918.318725835764781, 5572201.800829362124205, 684.7766 ], [ 312908.9670015090378, 5572197.567062802612782, 684.47232 ], [ 312846.344037483097054, 5572224.152245657518506, 679.14973 ], [ 312793.726751241949387, 5572229.01415485702455, 675.28253 ], [ 312681.518014570523519, 5572279.612904109060764, 664.05925 ], [ 312648.868936842191033, 5572288.334797623567283, 661.04043 ], [ 312618.924520273401868, 5572306.97900350112468, 657.51235 ], [ 312604.22702004306484, 5572325.084738624282181, 655.09193 ], [ 312585.202156193146948, 5572347.907005471177399, 651.92339 ], [ 312510.328167356841732, 5572374.929213360883296, 644.27364 ], [ 312457.19999100145651, 5572387.492828201502562, 639.59871 ], [ 312442.197156073700171, 5572394.924343237653375, 637.94166 ], [ 312318.233994393376634, 5572417.563387087546289, 628.65721 ], [ 312257.105648820986971, 5572419.726589575409889, 626.26156 ], [ 312219.091001387801953, 5572427.973280599340796, 624.7227 ], [ 312171.539558821590617, 5572467.056267504580319, 621.07418 ], [ 312109.923234137822874, 5572544.037357730790973, 613.61412 ], [ 312100.126712443539873, 5572525.239432571455836, 615.08985 ], [ 312102.382904372818302, 5572502.341396142728627, 616.96008 ], [ 312105.292500504641794, 5572477.75059949606657, 618.75567 ], [ 312115.333483881200664, 5572436.990182989276946, 621.48642 ], [ 312130.151096827001311, 5572380.032296545803547, 624.26468 ], [ 312103.055918545927852, 5572370.306446856819093, 623.23163 ], [ 312078.681223688065074, 5572352.804108819924295, 622.35998 ], [ 312066.777303877519444, 5572318.831704000942409, 622.4642 ], [ 312055.200165136368014, 5572294.086294841952622, 622.34448 ], [ 312020.086922647315077, 5572297.667949332855642, 620.31316 ], [ 311976.795449341589119, 5572305.992029710672796, 617.63157 ], [ 311938.239770247717388, 5572276.860384543426335, 616.33627 ], [ 311885.687697205867153, 5572219.173904607072473, 615.15273 ], [ 311831.724042590940371, 5572230.32638000883162, 612.13679 ], [ 311784.290209049475379, 5572252.601166957058012, 609.17457 ], [ 311733.377989197848365, 5572305.49831937905401, 604.50416 ], [ 311706.363623859244399, 5572342.298435286618769, 601.42948 ], [ 311678.431755228317343, 5572375.346802254207432, 598.46616 ], [ 311619.337933846923988, 5572456.919324425980449, 591.10411 ], [ 311581.261584715277422, 5572505.577831147238612, 586.67777 ], [ 311529.924195932573639, 5572590.549201792106032, 580.55164 ], [ 311379.607719045423437, 5572537.900593739934266, 579.82255 ], [ 311240.164643435680773, 5572490.211938223801553, 581.73466 ], [ 311258.495228275540285, 5572446.037871639244258, 583.38669 ], [ 311251.043900034623221, 5572366.939758396707475, 589.33299 ], [ 311187.22792381135514, 5572293.632088840939105, 598.87119 ], [ 311243.818977797054686, 5572248.096325205639005, 598.75109 ], [ 311301.340977244428359, 5572208.650094973854721, 598.21275 ], [ 311366.432101643062197, 5572167.377065961249173, 599.31896 ], [ 311342.489751718647312, 5572140.067365452647209, 599.63342 ], [ 311294.86927946144715, 5572092.896537614054978, 599.12291 ], [ 311246.317928776377812, 5572039.637224245816469, 597.549 ], [ 311202.94727714092005, 5571981.630267391912639, 595.16084 ], [ 311159.64296266058227, 5571927.517064894549549, 592.26728 ], [ 311102.380179262370802, 5571866.109512369148433, 588.05097 ], [ 311063.8718011562014, 5571838.540394202806056, 585.24891 ], [ 311025.873819309577812, 5571825.312221880070865, 583.09234 ], [ 310994.280679934192449, 5571819.647772866301239, 581.55712 ], [ 310929.696263261255808, 5571789.112762501463294, 576.87335 ], [ 310881.871659661876038, 5571756.422730180434883, 572.7133 ], [ 310834.002951977658086, 5571724.513832023367286, 568.32729 ], [ 310800.611312437918968, 5571710.455101046711206, 565.24336 ], [ 310767.584374997939449, 5571708.627591913565993, 564.17599 ], [ 310747.782152717816643, 5571689.520828042179346, 563.36627 ], [ 310690.035199904174078, 5571658.744671092368662, 562.42843 ], [ 310646.879392516508233, 5571629.006686422973871, 561.65939 ], [ 310618.523497615824454, 5571584.159202045761049, 560.13482 ], [ 310606.374862024444155, 5571545.634497857652605, 559.20622 ], [ 310586.218278818414547, 5571516.634368693456054, 558.44928 ], [ 310565.867011716240086, 5571482.187085926532745, 557.82333 ], [ 310557.262023367104121, 5571455.000839391723275, 557.69766 ], [ 310540.125532162259333, 5571426.67219602316618, 556.35496 ], [ 310519.88482063182164, 5571395.337778117507696, 554.19076 ], [ 310505.01616771100089, 5571364.590743842534721, 552.75585 ], [ 310501.997423170076218, 5571343.99495966359973, 552.55877 ], [ 310473.516095998114906, 5571297.705562183633447, 550.89572 ], [ 310449.362698865123093, 5571262.726587723009288, 550.06498 ], [ 310432.165521855349652, 5571232.730753335170448, 549.84359 ], [ 310411.407197147316765, 5571186.944907161407173, 549.54191 ], [ 310407.982932752347551, 5571155.010054455138743, 550.31716 ], [ 310400.682630569441244, 5571122.43451975658536, 551.01823 ], [ 310381.309007213334553, 5571073.482614082284272, 551.75193 ], [ 310351.62407619523583, 5571013.545651624910533, 552.63011 ], [ 310315.805726507795043, 5570953.7167331520468, 553.43345 ], [ 310285.092106040450744, 5570908.954971049912274, 553.94029 ], [ 310251.360944822605234, 5570863.633387755602598, 554.31824 ], [ 310207.814802742155734, 5570823.226681923493743, 553.76527 ], [ 310178.130054831854068, 5570785.329869084991515, 553.81696 ], [ 310137.492493650875986, 5570742.482135508209467, 553.33957 ], [ 310114.289936378598213, 5570714.260328349657357, 553.17244 ], [ 310086.366799605544657, 5570681.755122796632349, 552.83199 ], [ 310065.332959514169488, 5570650.339217897504568, 552.74229 ], [ 310040.748863086104393, 5570605.470622895285487, 552.82679 ], [ 310031.956996176508255, 5570595.099530919454992, 552.75873 ], [ 309960.844977177504916, 5570534.309788634069264, 556.19622 ], [ 309910.591626739362255, 5570519.969358883798122, 553.76158 ], [ 309853.694872705033049, 5570491.508358210325241, 555.22773 ], [ 309663.549330142443068, 5570399.034678088501096, 558.72923 ], [ 309555.724041779700201, 5570444.977714851498604, 556.44127 ], [ 309597.056624989723787, 5570296.119694557972252, 556.04255 ], [ 309633.237523722345941, 5570152.789827793836594, 555.01176 ], [ 309593.510180338518694, 5570048.024469587951899, 554.58491 ], [ 309489.314380640804302, 5570024.269105459563434, 547.79613 ], [ 309480.49260642810259, 5570013.120712196454406, 547.80035 ], [ 309481.736203741515055, 5569984.135320854373276, 549.78608 ], [ 309487.747294778062496, 5569938.838801732286811, 549.69585 ], [ 309492.728395402431488, 5569906.602599039673805, 548.51262 ], [ 309499.906771556066815, 5569871.950037364847958, 547.21311 ], [ 309508.30813203623984, 5569849.497770267538726, 546.42696 ], [ 309535.555994853610173, 5569797.317295196466148, 547.0414 ], [ 309540.010315705789253, 5569794.15210863109678, 547.39416 ], [ 309589.198993845260702, 5569778.585173188708723, 552.01046 ], [ 309633.69109012093395, 5569779.327119923196733, 555.38647 ], [ 309723.424287886824459, 5569783.790658697485924, 561.94063 ], [ 309820.425936437910423, 5569777.977408098988235, 571.47964 ], [ 309839.377393583650701, 5569729.212585393339396, 574.83989 ], [ 309871.29456916206982, 5569657.832813469693065, 579.18655 ], [ 309908.188426335109398, 5569639.703903518617153, 583.28289 ], [ 309894.69771653204225, 5569605.792155163362622, 582.78812 ], [ 309882.365090422332287, 5569560.374032078310847, 582.41733 ], [ 309880.454346227110364, 5569507.013649013824761, 582.76713 ], [ 309891.589283407025505, 5569433.261661782860756, 584.37727 ], [ 309898.492608202155679, 5569368.899956006556749, 585.97803 ], [ 309892.477948249783367, 5569286.634631642140448, 587.77952 ], [ 309872.011777219944634, 5569229.374940704554319, 588.3832 ], [ 309805.921047622978222, 5569179.760051590390503, 585.20152 ], [ 309699.193925535771996, 5569151.526601617224514, 579.54384 ], [ 309810.582327068550512, 5569052.810997303575277, 596.01494 ], [ 309678.471398741472512, 5568999.551755914464593, 595.64185 ], [ 309441.098264986881986, 5568873.601610170677304, 589.84005 ], [ 309614.611909170402214, 5568671.806169145740569, 601.03701 ], [ 309583.372808064275887, 5568569.073738812468946, 598.21932 ], [ 309625.513466300908476, 5568547.749820901080966, 602.7323 ], [ 309669.397315118345432, 5568660.715041686780751, 606.14884 ], [ 309713.629538648005109, 5568741.610759493894875, 608.4368 ], [ 309784.10193720064126, 5568827.688876928761601, 611.23184 ], [ 309867.160918976413086, 5568922.444551275111735, 611.68893 ], [ 309918.21631327556679, 5568978.720542977564037, 612.24934 ], [ 309947.537423655565362, 5569028.094417057000101, 611.81414 ], [ 309984.104255069047213, 5569066.523401912301779, 613.14831 ], [ 310075.859498049423564, 5569147.168350093998015, 618.04945 ], [ 310151.307145390252117, 5569201.015600382350385, 623.05819 ], [ 310203.390139129012823, 5569286.197755126282573, 626.06487 ], [ 310300.861049114202615, 5569443.111471276730299, 634.34541 ], [ 310348.468877872801386, 5569533.018380930647254, 636.51639 ], [ 310399.541197178070433, 5569632.040589087642729, 636.67735 ], [ 310425.039038424496539, 5569704.482936891727149, 634.89217 ], [ 310468.394871123833582, 5569759.368788526393473, 633.5818 ], [ 310523.998362749931403, 5569815.487444726750255, 632.04106 ], [ 310572.461656093946658, 5569885.552422471344471, 628.39984 ], [ 310647.24591630580835, 5569965.253236251883209, 627.76299 ], [ 310451.800344362505712, 5570024.209680736996233, 608.8833 ], [ 310362.650633301469497, 5570057.892461446113884, 603.92618 ], [ 310489.554571945569478, 5570180.14187547750771, 599.31629 ], [ 310531.204198357649148, 5570189.340794223360717, 600.69797 ], [ 310603.69398538308451, 5570160.818828177638352, 608.17781 ], [ 310634.515601658727974, 5570208.583957795985043, 607.53973 ], [ 310695.324780536699109, 5570282.773055239580572, 607.59176 ], [ 310750.779607323464006, 5570376.966676270589232, 608.44111 ], [ 310802.066357411094941, 5570442.36899393144995, 610.28817 ], [ 310918.094352464540862, 5570560.340286077931523, 615.51618 ], [ 311018.727170331752859, 5570678.973291683010757, 617.66298 ], [ 311081.691417617956176, 5570769.897113053128123, 617.82891 ], [ 311129.866609570337459, 5570832.296287431381643, 617.88435 ], [ 311166.104824411449954, 5570860.058329554274678, 619.38849 ], [ 311210.16578069399111, 5570895.111295912414789, 620.21144 ], [ 311270.216474848333746, 5570946.403525838628411, 620.82589 ], [ 311295.414001743600238, 5570922.577931276522577, 626.0141 ], [ 311327.806420915178023, 5570886.36405193246901, 633.799 ], [ 311363.694454819487873, 5570862.158767753280699, 640.86884 ], [ 311423.971983388182707, 5570835.52874899469316, 650.89491 ], [ 311505.35816607112065, 5570756.280053362250328, 669.0979 ], [ 311558.469106997188646, 5570785.003753767348826, 671.15121 ], [ 311585.654678268707357, 5570774.911284564994276, 674.0756 ], [ 311627.346114343323279, 5570741.263303831219673, 679.80788 ], [ 311663.81390088587068, 5570691.104844583198428, 685.16638 ], [ 311773.241584570030682, 5570539.183377868495882, 694.50116 ], [ 311819.895859178563114, 5570514.59965305775404, 694.85657 ], [ 311873.365426318778191, 5570555.446352367289364, 694.9528 ], [ 311933.19614455383271, 5570600.631751928478479, 694.80811 ], [ 311987.908974894555286, 5570632.308227645233274, 694.70826 ], [ 312047.453984269115608, 5570671.494323049671948, 694.69073 ], [ 312108.562068687635474, 5570710.51439112983644, 694.7085 ], [ 312156.278038534044754, 5570717.952556515112519, 694.90349 ], [ 312182.072382727288641, 5570755.218100359663367, 694.8171 ], [ 312258.827293824055232, 5570802.924580841325223, 694.85236 ], [ 312335.831883023609407, 5570859.750453460030258, 693.90302 ], [ 312411.715483949170448, 5570927.302457650192082, 691.70471 ], [ 312479.594798010017257, 5570984.452790685929358, 690.03998 ], [ 312542.192584822245408, 5571023.424819020554423, 689.1057 ], [ 312610.179187676636502, 5571083.689475933089852, 688.7971 ], [ 312648.441707408404909, 5571126.638622857630253, 689.20794 ], [ 312664.983029757335316, 5571162.674610702320933, 689.88491 ], [ 312694.499830646382179, 5571216.618250763043761, 691.0127 ], [ 312736.252612107433379, 5571271.577185917645693, 692.36349 ], [ 312773.051044825464487, 5571317.584055659361184, 693.71916 ], [ 312788.365216924110427, 5571361.343820833601058, 694.84327 ], [ 312784.396896066027693, 5571378.291153094731271, 695.08243 ] ] ] } }
]
}
