{
"type": "FeatureCollection",
"name": "Lieserpfad",
"crs": { "type": "name", "properties": { "name": "urn:ogc:def:crs:EPSG::25832" } },
"features": [
{ "type": "Feature", "properties": { "name": "Lieserpfad_VG_Daun", "Nr": 1, "km": 15.208, "darstell": "F1" }, "geometry": { "type": "MultiLineString", "coordinates": [ [ [ 347177.361134924460202, 5571077.872354135848582, 0.0 ], [ 347177.361134924460202, 5571077.872354135848582, 0.0 ], [ 347149.216892577998806, 5571049.987026941031218, 0.0 ], [ 347142.458848144335207, 5571031.255039782263339, 0.0 ], [ 347143.735613250697497, 5571013.192867421545088, 0.0 ], [ 347143.132574591203593, 5570998.200205527245998, 0.0 ], [ 347148.240265790838748, 5570975.977532433345914, 0.0 ], [ 347148.240265790838748, 5570975.977532433345914, 0.0 ], [ 347350.737840328132734, 5571034.861630870960653, 0.0 ], [ 347575.584137391357217, 5571101.856815874576569, 0.0 ], [ 347575.584137391357217, 5571101.856815874576569, 0.0 ], [ 347637.009964716737159, 5570987.312052334658802, 0.0 ], [ 347637.009964716737159, 5570987.312052334658802, 0.0 ], [ 347793.831880073412322, 5571030.022142679430544, 0.0 ], [ 347858.732907924801111, 5571051.415730153210461, 0.0 ], [ 347863.415493127307855, 5571068.238583099097013, 0.0 ], [ 347933.309264891489875, 5571089.445391463115811, 0.0 ], [ 347933.309264891489875, 5571089.445391463115811, 0.0 ], [ 348091.581456845975481, 5571044.032438150607049, 0.0 ], [ 348186.908216220675968, 5570976.157538411207497, 0.0 ], [ 348186.908216220675968, 5570976.157538411207497, 0.0 ], [ 348191.222821514937095, 5570958.96577559504658, 0.0 ], [ 348226.568472841056064, 5570892.507600318640471, 0.0 ], [ 348261.672139208414592, 5570820.048229120671749, 0.0 ], [ 348324.020231568603776, 5570703.460911434143782, 0.0 ], [ 348355.893818510812707, 5570650.14346435200423, 0.0 ], [ 348355.893818510812707, 5570650.14346435200423, 0.0 ], [ 348429.109990963130258, 5570679.206435915082693, 0.0 ], [ 348509.070268767303787, 5570676.990018508397043, 0.0 ], [ 348620.800562699441798, 5570668.483174750581384, 0.0 ], [ 348620.800562699441798, 5570668.483174750581384, 0.0 ], [ 348695.482462777465116, 5570659.477130368351936, 0.0 ], [ 348770.285419180523604, 5570653.461756802164018, 0.0 ], [ 348777.522439589432906, 5570659.163760401308537, 0.0 ], [ 348893.805534325540066, 5570639.473119328729808, 0.0 ], [ 348893.805534325540066, 5570639.473119328729808, 0.0 ], [ 348949.50379763811361, 5570631.222654478624463, 0.0 ], [ 349032.935795691329986, 5570590.840168567374349, 0.0 ], [ 349096.815710317401681, 5570537.229142291471362, 0.0 ], [ 349131.815884085313883, 5570511.811217938549817, 0.0 ], [ 349131.815884085313883, 5570511.811217938549817, 0.0 ], [ 349115.787847293308005, 5570511.454639940522611, 0.0 ], [ 349099.887912428472191, 5570514.098643784411252, 0.0 ], [ 349099.887912428472191, 5570514.098643784411252, 0.0 ], [ 349090.414457129780203, 5570502.473703915253282, 0.0 ], [ 349067.66995900508482, 5570484.372210063971579, 0.0 ], [ 349035.650966083514504, 5570459.647258881479502, 0.0 ], [ 349035.650966083514504, 5570459.647258881479502, 0.0 ], [ 349012.828104551299475, 5570439.556553650647402, 0.0 ], [ 348990.047477585379966, 5570420.455003380775452, 0.0 ], [ 348990.047477585379966, 5570420.455003380775452, 0.0 ], [ 348975.416330921347253, 5570405.038194629363716, 0.0 ], [ 348941.189368089195341, 5570350.379313695244491, 0.0 ], [ 348921.643542002304457, 5570312.148362884297967, 0.0 ], [ 348892.887168715125881, 5570244.260283092036843, 0.0 ], [ 348878.098566504777409, 5570224.842619097791612, 0.0 ], [ 348878.098566504777409, 5570224.842619097791612, 0.0 ], [ 348780.595505458302796, 5570292.659940959885716, 0.0 ], [ 348720.312269856105559, 5570202.671556930057704, 0.0 ], [ 348720.511810158379376, 5570175.348795748315752, 0.0 ], [ 348714.831800297542941, 5570146.366881142370403, 0.0 ], [ 348714.831800297542941, 5570146.366881142370403, 0.0 ], [ 348684.73263978457544, 5570119.564118918962777, 0.0 ], [ 348640.968768901948351, 5570101.306970998644829, 0.0 ], [ 348602.084919594984967, 5570079.862278609536588, 0.0 ], [ 348602.084919594984967, 5570079.862278609536588, 0.0 ], [ 348533.213656369945966, 5570009.593116674572229, 0.0 ], [ 348533.213656369945966, 5570009.593116674572229, 0.0 ], [ 348493.480143796186894, 5569967.166340940631926, 0.0 ], [ 348460.821628526202403, 5569951.475421332754195, 0.0 ], [ 348460.821628526202403, 5569951.475421332754195, 0.0 ], [ 348442.483152141328901, 5569943.208955517038703, 0.0 ], [ 348417.062688166333828, 5569933.219877587631345, 0.0 ], [ 348402.192974798323121, 5569911.802944904193282, 0.0 ], [ 348400.867470578639768, 5569903.851876246742904, 0.0 ], [ 348408.618507123552263, 5569897.533118715509772, 0.0 ], [ 348430.034204102645162, 5569882.668352343142033, 0.0 ], [ 348388.667850996484049, 5569849.312609777785838, 0.0 ], [ 348388.667850996484049, 5569849.312609777785838, 0.0 ], [ 348370.798328703967854, 5569828.014810554683208, 0.0 ], [ 348371.474799439019989, 5569819.984308669343591, 0.0 ], [ 348394.287348058831412, 5569815.060101754032075, 0.0 ], [ 348418.268693898571655, 5569814.097079959698021, 0.0 ], [ 348418.268693898571655, 5569814.097079959698021, 0.0 ], [ 348376.581953025888652, 5569797.763181490823627, 0.0 ], [ 348345.645608960650861, 5569774.991681253537536, 0.0 ], [ 348289.781760723330081, 5569779.247213286347687, 0.0 ], [ 348283.668758573709056, 5569776.495615556836128, 0.0 ], [ 348262.201312991732266, 5569765.348345550708473, 0.0 ], [ 348262.201312991732266, 5569765.348345550708473, 0.0 ], [ 348245.380546647298615, 5569770.035059404559433, 0.0 ], [ 348213.178605924826115, 5569790.338366598822176, 0.0 ], [ 348163.982684900576714, 5569786.315494346432388, 0.0 ], [ 348142.167635419929866, 5569791.201030750758946, 0.0 ], [ 348042.27917504508514, 5569845.253329077735543, 0.0 ], [ 348041.524856016156264, 5569851.294451768510044, 0.0 ], [ 348019.424109446816146, 5569849.17888506129384, 0.0 ], [ 348019.424109446816146, 5569849.17888506129384, 0.0 ], [ 348054.3132089455612, 5569721.692122968845069, 0.0 ], [ 348089.916069727623835, 5569587.175479025579989, 0.0 ], [ 348090.799162912473548, 5569584.134884026832879, 0.0 ], [ 348090.799162912473548, 5569584.134884026832879, 0.0 ], [ 348098.619474054663442, 5569554.803768892772496, 0.0 ], [ 348093.822279366024304, 5569534.979808028787374, 0.0 ], [ 348026.670571272959933, 5569482.648100730031729, 0.0 ], [ 347938.255453915859107, 5569424.172286518849432, 0.0 ], [ 347839.977517121820711, 5569369.095988569781184, 0.0 ], [ 347808.367760527762584, 5569354.35791339725256, 0.0 ], [ 347808.367760527762584, 5569354.35791339725256, 0.0 ], [ 347786.328911884105764, 5569304.218660938553512, 0.0 ], [ 347785.041260819649324, 5569272.24410364497453, 0.0 ], [ 347792.545807475049514, 5569234.921462981961668, 0.0 ], [ 347792.545807475049514, 5569234.921462981961668, 0.0 ], [ 347842.490882298559882, 5569207.887378942221403, 0.0 ], [ 347855.316081687691621, 5569203.369593209587038, 0.0 ], [ 347855.316081687691621, 5569203.369593209587038, 0.0 ], [ 347849.598910771252122, 5569185.586097503080964, 0.0 ], [ 347833.838457083445974, 5569142.198655614629388, 0.0 ], [ 347810.976538196671754, 5569121.101257449947298, 0.0 ], [ 347787.993065819493495, 5569097.014356954954565, 0.0 ], [ 347769.961547494924162, 5569071.728532584384084, 0.0 ], [ 347741.982559102238156, 5569047.840674410574138, 0.0 ], [ 347698.731755724234972, 5569017.5591981690377, 0.0 ], [ 347674.549182741786353, 5568988.511256715282798, 0.0 ], [ 347640.650999324047007, 5568941.85046401899308, 0.0 ], [ 347636.205252299783751, 5568906.005433120764792, 0.0 ], [ 347636.205252299783751, 5568906.005433120764792, 0.0 ], [ 347643.33277642482426, 5568834.667978351935744, 0.0 ], [ 347643.33277642482426, 5568834.667978351935744, 0.0 ], [ 347657.026259499136358, 5568777.083914652466774, 0.0 ], [ 347674.875120156968478, 5568723.33067880012095, 0.0 ], [ 347684.406807285966352, 5568661.905011516995728, 0.0 ], [ 347689.862441687670071, 5568598.649116022512317, 0.0 ], [ 347689.862441687670071, 5568598.649116022512317, 0.0 ], [ 347650.380949561949819, 5568587.230756503529847, 0.0 ], [ 347650.380949561949819, 5568587.230756503529847, 0.0 ], [ 347653.137621062167455, 5568581.109881357289851, 0.0 ], [ 347636.682639949838631, 5568495.717342717573047, 0.0 ], [ 347639.914805627136957, 5568476.57572749722749, 0.0 ], [ 347640.032423742930405, 5568454.563772895373404, 0.0 ], [ 347572.789418874657713, 5568350.200120215304196, 0.0 ], [ 347526.412568052764982, 5568292.025854370556772, 0.0 ], [ 347526.412568052764982, 5568292.025854370556772, 0.0 ], [ 347491.7546909149969, 5568251.396016939543188, 0.0 ], [ 347470.045537945232354, 5568209.248436633497477, 0.0 ], [ 347468.472135256626643, 5568145.270620344206691, 0.0 ], [ 347468.9779901340371, 5568108.226454797200859, 0.0 ], [ 347488.221572260430548, 5568039.400462058372796, 0.0 ], [ 347498.380955678876489, 5567943.931058142334223, 0.0 ], [ 347498.380955678876489, 5567943.931058142334223, 0.0 ], [ 347504.243936170008965, 5567890.666178425773978, 0.0 ], [ 347504.243936170008965, 5567890.666178425773978, 0.0 ], [ 347500.790187859209254, 5567829.768847397528589, 0.0 ], [ 347533.327579228789546, 5567718.380235617980361, 0.0 ], [ 347535.911482264811639, 5567658.244260208681226, 0.0 ], [ 347521.514665455906652, 5567623.797612457536161, 0.0 ], [ 347518.392437411355786, 5567620.927538541145623, 0.0 ], [ 347518.392437411355786, 5567620.927538541145623, 0.0 ], [ 347505.522926767123863, 5567599.421920470893383, 0.0 ], [ 347469.784372595313471, 5567556.842524544335902, 0.0 ], [ 347428.336885677301325, 5567521.481625977903605, 0.0 ], [ 347407.030753344064578, 5567514.338300965726376, 0.0 ], [ 347338.969436024257448, 5567489.055647638626397, 0.0 ], [ 347304.117278710007668, 5567468.449280325323343, 0.0 ], [ 347278.369244238827378, 5567425.46151227504015, 0.0 ], [ 347255.895306939957663, 5567364.321078725159168, 0.0 ], [ 347259.438595292449463, 5567303.144750953651965, 0.0 ], [ 347287.921057822648436, 5567264.973617541603744, 0.0 ], [ 347287.921057822648436, 5567264.973617541603744, 0.0 ], [ 347310.767476281267591, 5567236.032892394810915, 0.0 ], [ 347345.768363402807154, 5567210.603983203880489, 0.0 ], [ 347389.204507982474752, 5567195.848285823129117, 0.0 ], [ 347378.2079062233679, 5567171.273786446079612, 0.0 ], [ 347359.330201888806187, 5567125.006158974021673, 0.0 ], [ 347363.037438164930791, 5567092.832546095363796, 0.0 ], [ 347365.515678362105973, 5567079.732001989148557, 0.0 ], [ 347367.659237903193571, 5567033.617080897092819, 0.0 ], [ 347377.968159732408822, 5567041.198626876808703, 0.0 ], [ 347377.968159732408822, 5567041.198626876808703, 0.0 ], [ 347389.117601086909417, 5567044.750443384982646, 0.0 ], [ 347402.81920031865593, 5567012.178541536442935, 0.0 ], [ 347429.306177617167123, 5566999.111768051050603, 0.0 ], [ 347450.559664175380021, 5566980.242624100297689, 0.0 ], [ 347449.191982286982238, 5566946.278781705535948, 0.0 ], [ 347432.783083370421082, 5566836.862916359677911, 0.0 ], [ 347425.176677829469554, 5566797.147705595009029, 0.0 ], [ 347425.176677829469554, 5566797.147705595009029, 0.0 ], [ 347409.251627183170058, 5566724.736438783816993, 0.0 ], [ 347407.652071587217506, 5566709.794747080653906, 0.0 ], [ 347434.009541882667691, 5566643.690969659946859, 0.0 ], [ 347419.684172540670261, 5566586.232494926080108, 0.0 ], [ 347388.50351615663385, 5566557.464206137694418, 0.0 ], [ 347360.12819911132101, 5566548.599006390199065, 0.0 ], [ 347347.901089172344655, 5566543.097612775862217, 0.0 ], [ 347347.901089172344655, 5566543.097612775862217, 0.0 ], [ 347319.367835178505629, 5566530.231556906364858, 0.0 ], [ 347314.370335474843159, 5566530.430783011950552, 0.0 ], [ 347314.370335474843159, 5566530.430783011950552, 0.0 ], [ 347305.416424455412198, 5566531.789607875980437, 0.0 ], [ 347294.784046123852022, 5566516.217369396239519, 0.0 ], [ 347270.280683327466249, 5566479.179874713532627, 0.0 ], [ 347221.034431501466315, 5566424.116445143707097, 0.0 ], [ 347175.426992670632899, 5566384.926705439575016, 0.0 ], [ 347151.560674268752337, 5566363.882683981209993, 0.0 ], [ 347137.975934300222434, 5566349.419298633001745, 0.0 ], [ 347132.210956921626348, 5566330.636374203488231, 0.0 ], [ 347137.677438556042034, 5566292.392466140910983, 0.0 ], [ 347149.218539339490235, 5566255.898766133934259, 0.0 ], [ 347159.122383848996833, 5566228.487057886086404, 0.0 ], [ 347159.122383848996833, 5566228.487057886086404, 0.0 ], [ 347127.981346342712641, 5566200.720406476408243, 0.0 ], [ 347081.093591754091904, 5566154.580629675649107, 0.0 ], [ 347081.093591754091904, 5566154.580629675649107, 0.0 ], [ 346992.566578971338458, 5566242.203402118757367, 0.0 ], [ 346992.566578971338458, 5566242.203402118757367, 0.0 ], [ 346983.964626553701237, 5566227.541285574436188, 0.0 ], [ 346967.888288871385157, 5566176.153742263093591, 0.0 ], [ 346959.731484401854686, 5566147.459190720692277, 0.0 ], [ 346931.224473742942791, 5566110.582884271629155, 0.0 ], [ 346896.570350730558857, 5566069.956066043116152, 0.0 ], [ 346891.730533718829975, 5566049.132769325748086, 0.0 ], [ 346891.730533718829975, 5566049.132769325748086, 0.0 ], [ 346860.558328463113867, 5566045.391044678166509, 0.0 ], [ 346816.079347097082064, 5566034.166430396959186, 0.0 ], [ 346777.108158752380405, 5566010.722021262161434, 0.0 ], [ 346747.414570580236614, 5565993.908922526054084, 0.0 ], [ 346713.842857667477801, 5565980.245425925590098, 0.0 ], [ 346682.468701729841996, 5565971.503514582291245, 0.0 ], [ 346652.379966433858499, 5565969.712283716537058, 0.0 ], [ 346633.594569242559373, 5565975.47276627831161, 0.0 ], [ 346633.594569242559373, 5565975.47276627831161, 0.0 ], [ 346628.543943810858764, 5565952.163936815224588, 0.0 ], [ 346609.686521935276687, 5565921.070186810567975, 0.0 ], [ 346579.740232872311026, 5565857.867061810567975, 0.0 ], [ 346561.991209435160272, 5565796.851436809636652, 0.0 ], [ 346441.073240683414042, 5565844.546749304048717, 0.0 ], [ 346361.209959432831965, 5565891.148311801254749, 0.0 ], [ 346344.771132643858436, 5565885.042726471088827, 0.0 ], [ 346344.771132643858436, 5565885.042726471088827, 0.0 ], [ 346336.619922515994404, 5565881.361761998385191, 0.0 ], [ 346299.569656074861996, 5565855.840090076439083, 0.0 ], [ 346280.702450790675357, 5565834.58838680293411, 0.0 ], [ 346265.590104536735453, 5565807.175174157135189, 0.0 ], [ 346240.243641209905036, 5565774.171984110958874, 0.0 ], [ 346223.617059238487855, 5565758.830720619298518, 0.0 ], [ 346223.617059238487855, 5565758.830720619298518, 0.0 ], [ 346151.056815967545845, 5565820.792570289224386, 0.0 ], [ 346151.056815967545845, 5565820.792570289224386, 0.0 ], [ 346127.8718970407499, 5565791.710704926401377, 0.0 ], [ 346069.965369707439095, 5565770.021144255064428, 0.0 ], [ 346069.965369707439095, 5565770.021144255064428, 0.0 ], [ 346044.909468111465685, 5565769.033307783305645, 0.0 ], [ 346045.345354040968232, 5565755.000925640575588, 0.0 ], [ 346044.725634237052873, 5565689.982786758802831, 0.0 ], [ 346041.449925880180672, 5565683.112296436913311, 0.0 ], [ 346041.449925880180672, 5565683.112296436913311, 0.0 ], [ 346040.606904690153897, 5565662.140462518669665, 0.0 ], [ 346042.077165511727799, 5565649.06840652693063, 0.0 ], [ 346042.077165511727799, 5565649.06840652693063, 0.0 ], [ 346037.958085118210874, 5565621.214967559091747, 0.0 ], [ 346034.15610028343508, 5565601.352507376112044, 0.0 ], [ 346018.638556144549511, 5565563.959792381152511, 0.0 ], [ 346018.638556144549511, 5565563.959792381152511, 0.0 ], [ 346002.042852503363974, 5565524.595527412369847, 0.0 ], [ 345980.365653911605477, 5565458.429447591304779, 0.0 ], [ 345962.735304365865886, 5565418.11610303632915, 0.0 ], [ 345946.899248172994703, 5565372.721497344784439, 0.0 ], [ 345935.57515261718072, 5565340.147751044481993, 0.0 ], [ 345912.473661488620564, 5565313.067094458267093, 0.0 ], [ 345917.908001179399434, 5565298.834182900376618, 0.0 ], [ 345925.375448057544418, 5565285.532637044787407, 0.0 ], [ 345937.160249860258773, 5565280.050511157140136, 0.0 ], [ 345937.160249860258773, 5565280.050511157140136, 0.0 ], [ 345936.958520048414357, 5565275.060427754186094, 0.0 ], [ 345924.48454242630396, 5565238.536630280315876, 0.0 ], [ 345901.882260143873282, 5565149.387402562424541, 0.0 ], [ 345901.882260143873282, 5565149.387402562424541, 0.0 ], [ 345894.776855440111831, 5565047.605182887986302, 0.0 ], [ 345894.776855440111831, 5565047.605182887986302, 0.0 ], [ 345904.125824322807603, 5565031.222602088935673, 0.0 ], [ 345904.64095526386518, 5565019.190737466327846, 0.0 ], [ 345899.02827374113258, 5564954.372966839000583, 0.0 ], [ 345895.268754147109576, 5564935.510761530138552, 0.0 ], [ 345895.268754147109576, 5564935.510761530138552, 0.0 ], [ 345891.588619112328161, 5564918.649079294875264, 0.0 ], [ 345845.496544637775514, 5564867.466843464411795, 0.0 ], [ 345814.99997865135083, 5564830.675826997496188, 0.0 ], [ 345790.370688730559777, 5564790.643793136812747, 0.0 ], [ 345749.314231297466904, 5564715.237855699844658, 0.0 ], [ 345728.280671212065499, 5564665.054252305999398, 0.0 ], [ 345712.313420315098483, 5564591.646719083189964, 0.0 ], [ 345704.797714744345285, 5564578.946589166298509, 0.0 ], [ 345693.648754484427627, 5564575.38686840236187, 0.0 ], [ 345642.06243775197072, 5564586.475471505895257, 0.0 ], [ 345608.0506928950781, 5564586.839838996529579, 0.0 ], [ 345594.948435222264379, 5564584.371832994744182, 0.0 ], [ 345681.511287840432487, 5564472.816184988245368, 0.0 ], [ 345751.30277975538047, 5564391.946726449765265, 0.0 ], [ 345764.689844132750295, 5564376.403725838288665, 0.0 ], [ 345773.794303062255494, 5564354.019599633291364, 0.0 ], [ 345771.983495673164725, 5564309.064253612421453, 0.0 ], [ 345780.441915019997396, 5564245.685546005144715, 0.0 ], [ 345796.892844336864073, 5564206.999100675806403, 0.0 ], [ 345822.773611066513695, 5564153.919435645453632, 0.0 ], [ 345839.030531204596628, 5564110.242856860160828, 0.0 ], [ 345849.011691618827172, 5564084.818136982619762, 0.0 ], [ 345849.011691618827172, 5564084.818136982619762, 0.0 ], [ 345832.029448097222485, 5564085.499574031680822, 0.0 ], [ 345815.242195825965609, 5564091.182463344186544, 0.0 ], [ 345788.671467946318444, 5564102.256292134523392, 0.0 ], [ 345768.178605272434652, 5564115.090046776458621, 0.0 ], [ 345746.482633613748476, 5564147.987002256326377, 0.0 ], [ 345732.341972563997842, 5564169.571471479721367, 0.0 ], [ 345699.099722653743811, 5564188.917368991300464, 0.0 ], [ 345646.958640000782907, 5564211.037362064234912, 0.0 ], [ 345623.384369048755616, 5564221.991710252128541, 0.0 ], [ 345568.601997032179497, 5564253.213023138232529, 0.0 ], [ 345511.909929918125272, 5564286.5154925044626, 0.0 ], [ 345485.492729069315828, 5564301.592110443860292, 0.0 ], [ 345466.998007067129947, 5564314.335661810822785, 0.0 ], [ 345446.54292913392419, 5564328.171052642166615, 0.0 ], [ 345421.884366155718453, 5564337.166153081692755, 0.0 ], [ 345421.884366155718453, 5564337.166153081692755, 0.0 ], [ 345410.055680093588307, 5564316.636087727732956, 0.0 ], [ 345396.381623064749874, 5564300.176480757072568, 0.0 ], [ 345382.873471545288339, 5564287.70661293156445, 0.0 ], [ 345363.961155490134843, 5564265.457663887180388, 0.0 ], [ 345340.613272120943293, 5564232.366718380711973, 0.0 ], [ 345327.264363566064276, 5564223.909133755601943, 0.0 ], [ 345318.198156727477908, 5564222.270150659605861, 0.0 ], [ 345318.198156727477908, 5564222.270150659605861, 0.0 ], [ 345305.087388566229492, 5564219.791929348371923, 0.0 ], [ 345291.69468789070379, 5564210.323161494918168, 0.0 ], [ 345272.911546682298649, 5564191.063868121244013, 0.0 ], [ 345272.304280144046061, 5564176.08255922421813, 0.0 ], [ 345272.304280144046061, 5564176.08255922421813, 0.0 ], [ 345251.772386800439563, 5564038.818457034416497, 0.0 ], [ 345258.191404823388439, 5563999.531976118683815, 0.0 ], [ 345257.866644793655723, 5563966.528104566037655, 0.0 ], [ 345253.626700753346086, 5563960.698616554960608, 0.0 ], [ 345233.721016317489557, 5563938.478963719680905, 0.0 ], [ 345221.811177210067399, 5563915.948782949708402, 0.0 ], [ 345229.119862913503312, 5563898.645263525657356, 0.0 ], [ 345230.306987218209542, 5563878.582411300390959, 0.0 ], [ 345211.204276337695774, 5563851.332382140681148, 0.0 ], [ 345208.802067159092985, 5563841.421523451805115, 0.0 ], [ 345222.175000713323243, 5563800.853323139250278, 0.0 ], [ 345203.065262847580016, 5563748.590387004427612, 0.0 ], [ 345200.656271988176741, 5563713.666600467637181, 0.0 ], [ 345190.460734917374793, 5563684.054412927478552, 0.0 ], [ 345190.460734917374793, 5563684.054412927478552, 0.0 ], [ 345178.984117208514363, 5563672.505007113330066, 0.0 ], [ 345166.038391972891986, 5563674.027918558567762, 0.0 ], [ 345114.769581125001423, 5563693.112192721106112, 0.0 ], [ 345098.234396883228328, 5563704.776216785423458, 0.0 ], [ 345083.971853240742348, 5563723.361761270090938, 0.0 ], [ 345042.060626051621512, 5563776.088872147724032, 0.0 ], [ 345027.284666581195779, 5563806.695425507612526, 0.0 ], [ 344993.254446048347745, 5563856.1000837367028, 0.0 ], [ 344990.136506746755913, 5563878.244395337067544, 0.0 ], [ 344976.236176414298825, 5563880.80816319398582, 0.0 ], [ 344969.079535897006281, 5563877.088991328142583, 0.0 ], [ 344969.079535897006281, 5563877.088991328142583, 0.0 ], [ 344969.079535897006281, 5563877.088991328142583, 0.0 ], [ 345021.878727944334969, 5563771.892367158085108, 0.0 ], [ 345076.15644040692132, 5563653.634910956956446, 0.0 ], [ 345113.705601538415067, 5563592.078058067709208, 0.0 ], [ 345113.705601538415067, 5563592.078058067709208, 0.0 ], [ 345125.848610261571594, 5563570.583468911238015, 0.0 ], [ 345157.573304119985551, 5563538.282136332243681, 0.0 ], [ 345192.612920026760548, 5563513.862472433596849, 0.0 ], [ 345222.818560600164346, 5563493.633881410583854, 0.0 ], [ 345229.649828607332893, 5563489.351559066213667, 0.0 ], [ 345234.56344052683562, 5563487.15012519992888, 0.0 ], [ 345238.399099328380544, 5563482.999484425410628, 0.0 ], [ 345238.399099328380544, 5563482.999484425410628, 0.0 ], [ 345221.24909677321557, 5563454.668888612650335, 0.0 ], [ 345215.728368667885661, 5563416.864797197282314, 0.0 ], [ 345224.550558391259983, 5563387.4891785569489, 0.0 ], [ 345234.530791950353887, 5563362.074417512863874, 0.0 ], [ 345234.053332192706876, 5563350.082464899867773, 0.0 ], [ 345214.666371747851372, 5563340.854960177093744, 0.0 ], [ 345214.666371747851372, 5563340.854960177093744, 0.0 ], [ 345217.423815892601851, 5563334.743982660584152, 0.0 ], [ 345217.423815892601851, 5563334.743982660584152, 0.0 ], [ 345246.429299471492413, 5563309.55456533562392, 0.0 ], [ 345268.603804579353891, 5563288.658686242997646, 0.0 ], [ 345276.789361482835375, 5563268.314427414909005, 0.0 ], [ 345285.213492707232945, 5563253.960600954480469, 0.0 ], [ 345284.656870099250227, 5563239.979253348894417, 0.0 ], [ 345284.656870099250227, 5563239.979253348894417, 0.0 ], [ 345284.656870099250227, 5563239.979253348894417, 0.0 ], [ 345285.091486487304792, 5563225.946822624653578, 0.0 ], [ 345285.091486487304792, 5563225.946822624653578, 0.0 ], [ 345285.091486487304792, 5563225.946822624653578, 0.0 ], [ 345285.121573011158034, 5563201.934276230633259, 0.0 ], [ 345285.397307333012577, 5563183.91194053273648, 0.0 ], [ 345285.397307333012577, 5563183.91194053273648, 0.0 ], [ 345285.397307333012577, 5563183.91194053273648, 0.0 ], [ 345277.002786652534269, 5563174.24209941457957, 0.0 ], [ 345258.939289391855709, 5563172.964971452951431, 0.0 ], [ 345236.924327837594319, 5563172.848784040659666, 0.0 ], [ 345214.504696105606854, 5563162.752574855461717, 0.0 ], [ 345191.715876857750118, 5563143.654471291229129, 0.0 ], [ 345170.251511713373475, 5563107.493864086456597, 0.0 ], [ 345166.973322764504701, 5563100.623882913962007, 0.0 ], [ 345166.973322764504701, 5563100.623882913962007, 0.0 ], [ 345159.331082302553114, 5563084.912702577188611, 0.0 ], [ 345164.281784247083124, 5563058.698451038450003, 0.0 ], [ 345174.624672648264095, 5563017.261553354561329, 0.0 ], [ 345186.566412787069567, 5562990.754862044006586, 0.0 ], [ 345210.616594361257739, 5562966.777729508467019, 0.0 ], [ 345234.188725900021382, 5562955.821873351931572, 0.0 ], [ 345251.015361095953267, 5562951.137578064575791, 0.0 ], [ 345264.997861062758602, 5562950.575093574821949, 0.0 ], [ 345264.997861062758602, 5562950.575093574821949, 0.0 ], [ 345284.140460928785615, 5562953.812595156952739, 0.0 ], [ 345292.801700822019484, 5562928.555433059111238, 0.0 ], [ 345253.393966390984133, 5562915.848077016882598, 0.0 ], [ 345190.406423316337168, 5562905.95677031762898, 0.0 ], [ 345164.118053648329806, 5562877.900602244772017, 0.0 ], [ 345119.238826866610907, 5562867.483025895431638, 0.0 ] ] ] } },
{ "type": "Feature", "properties": { "name": "Lieserpfad: Etappe 2: Daun-Manderscheid", "Nr": 2, "km": 18.291, "darstell": "F2" }, "geometry": { "type": "MultiLineString", "coordinates": [ [ [ 345118.828498453251086, 5562865.602506854571402, 431.32191 ], [ 345179.005342981312424, 5562891.445473626255989, 425.91893 ], [ 345180.622741767787375, 5562907.754833006300032, 422.34978 ], [ 345228.074644242180511, 5562920.95027010794729, 409.85552 ], [ 345297.211544436402619, 5562925.837986774742603, 396.38692 ], [ 345317.674491899029817, 5562944.269817620515823, 392.16143 ], [ 345322.329698208603077, 5562971.728950223885477, 391.0902 ], [ 345352.452807013876736, 5562953.940458972938359, 390.50662 ], [ 345439.978182623512112, 5562800.183743474073708, 387.7182 ], [ 345455.806978800159413, 5562659.081295024603605, 384.72319 ], [ 345493.09330238943221, 5562676.357559518888593, 384.82165 ], [ 345567.825052811065689, 5562556.466562636196613, 384.42449 ], [ 345629.964077720767818, 5562531.742189182899892, 382.07553 ], [ 345726.808079669252038, 5562541.172746907919645, 381.9305 ], [ 345856.229212524485774, 5562511.385156818665564, 383.34469 ], [ 345821.366506237536669, 5562365.744743713177741, 382.24552 ], [ 345766.875310024712235, 5562284.763462854549289, 378.15273 ], [ 345506.158774959971197, 5562122.643483344465494, 378.03952 ], [ 345498.335748828365467, 5562064.788860112428665, 381.87829 ], [ 345485.740880293538794, 5562002.510820208117366, 383.5664 ], [ 345460.937268853536807, 5561940.476057057268918, 383.35759 ], [ 345414.145293037116062, 5561859.274392594583333, 380.49449 ], [ 345355.485240251640789, 5561844.177206551656127, 372.92888 ], [ 345356.88723203225527, 5561789.17016689106822, 372.16057 ], [ 345301.825474567769561, 5561792.216900577768683, 372.05969 ], [ 345255.237446267157793, 5561772.207888340577483, 372.69222 ], [ 345222.292538430192508, 5561747.240486308932304, 373.51856 ], [ 345204.512702172563877, 5561715.601160788908601, 371.66885 ], [ 345197.423646993236616, 5561680.646681687794626, 370.88551 ], [ 345196.935363038326614, 5561663.859423981979489, 370.43052 ], [ 345197.768208501627669, 5561640.914003019221127, 369.83584 ], [ 345198.937602998688817, 5561627.082765505649149, 369.56026 ], [ 345186.262453637493309, 5561613.765490150079131, 369.78978 ], [ 345187.447761972551234, 5561602.938021216541529, 369.69446 ], [ 345227.824377881945111, 5561559.148103819228709, 368.96007 ], [ 345271.825311277061701, 5561549.078588518314064, 369.28006 ], [ 345266.844124478520826, 5561498.151459311135113, 369.37386 ], [ 345264.792422692175023, 5561479.184305584058166, 369.24183 ], [ 345297.776236183126457, 5561434.163449961692095, 372.07869 ], [ 345247.848503682645969, 5561395.224630519747734, 369.70273 ], [ 345259.792237399087753, 5561366.17028699722141, 370.25433 ], [ 345288.766063575225417, 5561269.192675156518817, 369.86448 ], [ 345268.836541325377766, 5561188.212690535001457, 368.3766 ], [ 345274.77919136825949, 5561122.280700605362654, 368.10902 ], [ 345298.769624814856797, 5561060.274909673258662, 369.31353 ], [ 345324.767011146410368, 5561040.270130904391408, 375.45905 ], [ 345309.7686640645843, 5561018.341147295199335, 372.41698 ], [ 345314.756726597435772, 5560988.37645812984556, 377.5232 ], [ 345355.791053955792449, 5561043.263131068088114, 382.99562 ], [ 345369.76133166695945, 5561059.324910865165293, 385.62549 ], [ 345388.753347814141307, 5561061.332410764880478, 390.67889 ], [ 345404.717986345000099, 5561040.284234888851643, 394.87055 ], [ 345393.744964842800982, 5561009.336721984669566, 392.86855 ], [ 345355.740774028934538, 5560960.370192574337125, 398.56071 ], [ 345322.815890037338249, 5560899.350677605718374, 406.69998 ], [ 345303.765997072099708, 5560863.408423505723476, 409.23422 ], [ 345265.791123347822577, 5560825.345839693211019, 400.30892 ], [ 345254.809026947477832, 5560779.377686453051865, 404.1859 ], [ 345276.775635078782216, 5560721.436362687498331, 419.65582 ], [ 345250.809918833198026, 5560629.505076344124973, 424.57494 ], [ 345224.806400367757306, 5560521.552439700812101, 431.51571 ], [ 345185.813270295911934, 5560480.515674631111324, 425.83766 ], [ 345122.835186157608405, 5560457.534588506445289, 415.47411 ], [ 345074.865451044170186, 5560439.569608387537301, 409.46683 ], [ 345027.897748859249987, 5560426.582932426594198, 401.03695 ], [ 345022.876983275171369, 5560391.568426135927439, 402.56931 ], [ 345042.885761799989268, 5560337.577495707198977, 412.8353 ], [ 345029.889234497735742, 5560325.605020755901933, 414.90623 ], [ 345001.92380833812058, 5560329.645810670219362, 410.42858 ], [ 344963.940820050251205, 5560367.581342625431716, 395.59171 ], [ 344947.929128469782881, 5560357.588413452729583, 397.21087 ], [ 344919.969707160373218, 5560322.574414744973183, 401.93428 ], [ 344903.937597234500572, 5560272.637001481838524, 400.00541 ], [ 344898.936302505724598, 5560223.602244173176587, 401.52918 ], [ 344884.967135420301929, 5560185.621722491458058, 401.64436 ], [ 344872.939042517275084, 5560194.651033965870738, 398.97371 ], [ 344854.97418422694318, 5560220.654820716008544, 395.20707 ], [ 344836.947079213918187, 5560261.681675843894482, 388.66935 ], [ 344815.950573160487693, 5560237.592072083614767, 398.57329 ], [ 344784.825839116994757, 5560192.10050143301487, 400.11589 ], [ 344736.01646730286302, 5560135.664111939258873, 396.08292 ], [ 344673.003540097328369, 5560089.656560701318085, 389.16544 ], [ 344606.03637489839457, 5560052.666555059142411, 381.29851 ], [ 344518.098771175602451, 5560009.724785061553121, 374.29703 ], [ 344516.083153254818171, 5559984.748269470408559, 374.5559 ], [ 344537.078649532108102, 5559910.809473521076143, 375.71033 ], [ 344547.084898737783078, 5559888.820048805326223, 376.2786 ], [ 344545.095389687747229, 5559859.837113020941615, 373.15367 ], [ 344533.102763536735438, 5559884.777504185214639, 372.79848 ], [ 344519.065439117723145, 5559883.740850172005594, 369.96158 ], [ 344508.085586630098987, 5559901.753102472051978, 368.51182 ], [ 344483.114519571536221, 5559966.795398787595332, 365.69041 ], [ 344468.104358272510581, 5560010.739716148935258, 362.88763 ], [ 344452.110259226697963, 5560008.758992338553071, 362.53788 ], [ 344429.141000137256924, 5559985.729829024523497, 367.49571 ], [ 344408.151576857664622, 5559971.766916748136282, 368.04833 ], [ 344356.130153555306606, 5559932.785461180843413, 367.92957 ], [ 344289.19289076642599, 5559862.751614047214389, 369.26604 ], [ 344264.186738233780488, 5559828.767075630836189, 369.33802 ], [ 344257.190594583400525, 5559794.812239011749625, 374.06813 ], [ 344270.206592179369181, 5559743.804419603198767, 371.65747 ], [ 344313.155233253724873, 5559694.814488765783608, 373.69797 ], [ 344352.144655672484078, 5559639.932165470905602, 376.56779 ], [ 344382.153774432372302, 5559585.868912930600345, 381.54102 ], [ 344407.15533772011986, 5559538.962062650360167, 386.14645 ], [ 344418.141209288674872, 5559459.974427169188857, 383.66421 ], [ 344420.162853303132579, 5559423.97571174800396, 383.33661 ], [ 344401.1118490670342, 5559381.02634843531996, 378.39693 ], [ 344426.098746584029868, 5559358.042766242288053, 386.70398 ], [ 344426.098470169235952, 5559336.011657153256238, 388.30095 ], [ 344416.139610421902034, 5559318.054564261808991, 389.49032 ], [ 344386.12711995706195, 5559306.024231332354248, 387.21224 ], [ 344354.144200074544642, 5559295.053056815639138, 381.57633 ], [ 344309.201241147937253, 5559227.046409193426371, 385.47958 ], [ 344211.236785431276076, 5559113.078991805203259, 381.4483 ], [ 344150.266845498001203, 5559086.155310218222439, 371.83317 ], [ 344193.232119195279665, 5559079.11239914316684, 371.94798 ], [ 344235.225972364016343, 5559051.068517933599651, 365.8362 ], [ 344305.185977389162872, 5559026.101873909123242, 365.58325 ], [ 344330.132656131114345, 5559026.151632554829121, 368.67801 ], [ 344420.10561945050722, 5558957.095836573280394, 359.41458 ], [ 344422.098330161301419, 5558893.169696083292365, 368.41548 ], [ 344408.113105746917427, 5558840.16943995654583, 363.48069 ], [ 344394.166764837747905, 5558803.190695331431925, 356.54337 ], [ 344395.162840632139705, 5558749.196529968641698, 356.17319 ], [ 344415.156719482387416, 5558714.230686593800783, 354.85497 ], [ 344447.139662252506241, 5558693.268430545926094, 356.58715 ], [ 344500.077896239468828, 5558692.279252334497869, 374.55592 ], [ 344477.120042115217075, 5558645.326699122786522, 376.50546 ], [ 344470.108249118085951, 5558586.336787897162139, 370.23634 ], [ 344484.104009423987009, 5558539.306895519606769, 369.26191 ], [ 344480.09821071854094, 5558507.378634609282017, 362.99452 ], [ 344486.078651394578628, 5558467.370102612301707, 359.47934 ], [ 344511.113077401532792, 5558421.353323709219694, 357.38554 ], [ 344505.110627437476069, 5558399.386178371496499, 354.45783 ], [ 344479.083329642540775, 5558389.352879690006375, 357.86518 ], [ 344452.140417817572597, 5558377.343610535375774, 356.48558 ], [ 344430.128903986536898, 5558360.405946466140449, 353.06886 ], [ 344418.149136962369084, 5558339.392296756617725, 351.94187 ], [ 344403.114221473573707, 5558299.441051402129233, 352.02631 ], [ 344382.121407142258249, 5558224.391870235092938, 353.80847 ], [ 344337.137748019769788, 5558096.523637044243515, 356.40548 ], [ 344308.170570203335956, 5558098.482667813077569, 345.66985 ], [ 344300.193020651931874, 5558077.463564708828926, 345.52024 ], [ 344257.160989957279526, 5558082.504320154897869, 346.13407 ], [ 344156.235003218811471, 5557975.522252079099417, 347.6303 ], [ 344125.266092879115604, 5557955.509669135324657, 348.73048 ], [ 344063.292017702071462, 5557750.58639907091856, 347.99596 ], [ 344033.296908295480534, 5557646.649454581551254, 348.35354 ], [ 344030.241784665733576, 5557544.705821826122701, 345.16436 ], [ 344018.277137374505401, 5557504.776876220479608, 344.63236 ], [ 344003.270486366993282, 5557475.730022090487182, 345.00608 ], [ 343962.323965319723357, 5557422.741060268133879, 346.07025 ], [ 343943.290639190410729, 5557397.817910719662905, 344.65117 ], [ 343822.370162423176225, 5557333.820126345381141, 342.57438 ], [ 343717.422515081299935, 5557292.834213813766837, 349.12775 ], [ 343650.41069220576901, 5557250.848545318469405, 345.69224 ], [ 343541.494925822073128, 5557186.83845938462764, 349.52238 ], [ 343524.442443636362441, 5557136.934326062910259, 346.15778 ], [ 343481.472787305247039, 5557046.955611682496965, 347.80703 ], [ 343474.461907772347331, 5556985.963667114265263, 346.49564 ], [ 343477.526238102058414, 5556914.99547981005162, 343.81161 ], [ 343474.457277924579103, 5556829.965008905157447, 343.58845 ], [ 343441.534114507143386, 5556789.984985842369497, 348.66578 ], [ 343425.488569537876174, 5556733.041589066386223, 349.62322 ], [ 343408.505785260000266, 5556666.111571703106165, 349.3634 ], [ 343400.536499705049209, 5556609.042260722257197, 351.11855 ], [ 343417.524243497056887, 5556564.147015205584466, 350.09202 ], [ 343446.476076295017265, 5556493.197406976483762, 342.39583 ], [ 343465.470656715100631, 5556419.202305424027145, 339.41205 ], [ 343482.487339581828564, 5556341.148436475545168, 337.72899 ], [ 343507.509450675745029, 5556348.202680443413556, 336.00169 ], [ 343554.429549261636566, 5556341.150893594138324, 343.18489 ], [ 343578.475499181949999, 5556283.253291607834399, 348.26607 ], [ 343567.460329328372609, 5556244.187431399710476, 340.33668 ], [ 343629.393878705450334, 5556244.262108311988413, 352.08631 ], [ 343637.39165239490103, 5556229.228833643719554, 351.11192 ], [ 343623.41153096803464, 5556218.289486766792834, 352.05705 ], [ 343588.43773918133229, 5556213.306924395263195, 349.85268 ], [ 343569.450313613866456, 5556185.267997263930738, 355.20477 ], [ 343545.440668793919031, 5556076.261753568425775, 343.30226 ], [ 343571.41996884526452, 5556040.338628730736673, 341.44123 ], [ 343599.425911326135974, 5556000.350536867976189, 338.20324 ], [ 343652.429473288124427, 5555993.343863829039037, 348.66328 ], [ 343687.393345398246311, 5555983.305975541472435, 354.4215 ], [ 343710.369625843537506, 5555947.360373312607408, 351.13958 ], [ 343728.681285086437128, 5555903.540282094851136, 346.85662 ], [ 343745.56823518301826, 5555869.664898156188428, 347.12321 ], [ 343721.402707067260053, 5555872.375952796079218, 345.71042 ], [ 343691.394335113349371, 5555912.422019140794873, 339.24454 ], [ 343686.433231431816239, 5555899.326527466066182, 338.7887 ], [ 343710.385887175274547, 5555845.438129368238151, 348.1114 ], [ 343735.350775902508758, 5555772.382063172757626, 355.02041 ], [ 343745.347645070170984, 5555686.412563530728221, 361.42719 ], [ 343724.357861185329966, 5555614.480782519094646, 359.67901 ], [ 343761.375906275119632, 5555547.525271334685385, 360.72573 ], [ 343728.382385350414552, 5555539.479326039552689, 351.59207 ], [ 343718.363779499311931, 5555529.53625550866127, 349.23309 ], [ 343722.388950234628282, 5555498.485728004015982, 350.11723 ], [ 343739.370794347603805, 5555455.594907079823315, 353.32601 ], [ 343745.347298230510205, 5555410.578710865229368, 351.83946 ], [ 343732.413118050026242, 5555342.639047412201762, 342.40353 ], [ 343734.389956360915676, 5555285.611822651699185, 337.42 ], [ 343753.348082966695074, 5555246.668846640735865, 335.05923 ], [ 343734.375005211506505, 5555221.633074883371592, 334.27679 ], [ 343722.365801343345083, 5555187.714379846118391, 337.35889 ], [ 343724.383009909128305, 5555146.708593738265336, 346.25842 ], [ 343704.397903489647433, 5555106.681362711824477, 349.37565 ], [ 343659.375264282745775, 5555061.713399769738317, 343.31707 ], [ 343657.436144710227381, 5555029.725004999898374, 344.55118 ], [ 343671.389089488598984, 5554995.713025321252644, 342.1703 ], [ 343706.373938227188773, 5554961.752344284206629, 340.87517 ], [ 343740.336961705004796, 5554941.730362756177783, 341.67281 ], [ 343789.381017640349455, 5554879.763925179839134, 344.3358 ], [ 343814.308748963987455, 5554780.784284646622837, 336.95027 ], [ 343796.316696621943265, 5554720.892642503604293, 325.95658 ], [ 343839.294971843832172, 5554722.860977409407496, 329.61709 ], [ 343842.311815319000743, 5554698.850050563924015, 336.89887 ], [ 343825.34900600684341, 5554683.880435852333903, 338.99118 ], [ 343796.3358762714779, 5554662.921467903070152, 338.60022 ], [ 343788.350847376394086, 5554619.872069229371846, 342.03046 ], [ 343793.356285432935692, 5554548.959068134427071, 344.82883 ], [ 343813.365329250693321, 5554474.93634154368192, 346.76349 ], [ 343845.293268335633911, 5554421.928246821276844, 351.8007 ], [ 343860.302358505141456, 5554397.009983493946493, 353.48872 ], [ 343887.076345922891051, 5554375.641837054863572, 358.07312 ], [ 343893.962924935040064, 5554342.059968213550746, 353.4435 ], [ 343893.289506128407083, 5554319.04724037181586, 349.11354 ], [ 343901.300020395661704, 5554274.973329709842801, 344.72164 ], [ 343906.598724664363544, 5554260.464744873344898, 347.10641 ], [ 343935.092163603811059, 5554231.814174401573837, 355.11213 ], [ 343966.30215389787918, 5554203.084317862056196, 358.54202 ], [ 343983.267963322927244, 5554152.072603708133101, 355.50394 ], [ 344021.223608040483668, 5554094.661330410279334, 357.87529 ], [ 344015.959596472559497, 5554061.434949825517833, 356.44055 ], [ 343979.304313421598636, 5553987.178586278110743, 347.44506 ], [ 343946.306291004701052, 5553891.229535637423396, 341.42072 ], [ 343899.328012216486968, 5553777.219211560674012, 332.85544 ], [ 343881.308723004534841, 5553726.2294847285375, 336.06092 ], [ 343854.318232360761613, 5553696.3093944741413, 332.99088 ], [ 343810.359465048182756, 5553678.235411037690938, 325.99962 ], [ 343761.332070544594899, 5553675.22007420193404, 319.29264 ], [ 343700.367178582004271, 5553687.242213610559702, 315.50502 ], [ 343621.373443576216232, 5553682.213085404597223, 313.08706 ], [ 343542.443092540837824, 5553662.273343220353127, 311.35999 ], [ 343528.465541192912497, 5553644.323991550132632, 311.11362 ], [ 343533.470845495176036, 5553622.257412525825202, 310.97488 ], [ 343547.458762406895403, 5553611.276791765354574, 311.06289 ], [ 343580.407411430263892, 5553600.296687679365277, 311.29908 ], [ 343742.389700279803947, 5553590.321090939454734, 314.60783 ], [ 343776.346647660247982, 5553589.326793066225946, 315.46168 ], [ 343807.330586842435878, 5553594.31692698597908, 316.38808 ], [ 343799.362086537235882, 5553576.302278563380241, 312.92626 ], [ 343798.318071529211011, 5553555.303237807936966, 310.48404 ], [ 343777.321751412586309, 5553527.322101761586964, 310.17331 ], [ 343738.342816943419166, 5553508.323967420496047, 311.21148 ], [ 343700.410192213195842, 5553493.301098129712045, 312.16192 ], [ 343624.399044225050602, 5553519.339435880072415, 313.2572 ], [ 343535.460490653058514, 5553458.301296018995345, 324.90011 ], [ 343505.446483640291262, 5553447.387036668136716, 333.09381 ], [ 343490.425776568008587, 5553435.365556021220982, 338.26514 ], [ 343483.450391619291622, 5553385.38826604001224, 340.98911 ], [ 343474.453328681527637, 5553332.3547782311216, 344.3276 ], [ 343487.477279157377779, 5553293.362775049172342, 340.60187 ], [ 343437.497175237163901, 5553260.447062030434608, 351.68868 ], [ 343383.497371387900785, 5553234.437111060135067, 353.65911 ], [ 343342.523039278807119, 5553191.466341189108789, 350.88722 ], [ 343333.495020750211552, 5553137.432519239373505, 339.40966 ], [ 343331.509817621030379, 5553062.496080749668181, 318.94721 ], [ 343257.547792310360819, 5553041.524064797908068, 315.40008 ], [ 343270.527997459284961, 5553020.558239199221134, 322.70806 ], [ 343341.510250631195959, 5553015.581178060732782, 313.96274 ], [ 343356.479982974939048, 5552996.560007167048752, 319.45272 ], [ 343362.473019686411135, 5552971.571328559890389, 328.58745 ], [ 343380.474638624116778, 5552948.566871023736894, 334.20083 ], [ 343406.477857008227147, 5552927.553061872720718, 337.95425 ], [ 343440.444344125280622, 5552914.539615997113287, 335.54442 ], [ 343473.483149737119675, 5552884.529607038013637, 339.49905 ], [ 343509.422235926380381, 5552865.561571577563882, 339.48217 ], [ 343506.433883603429422, 5552846.622384100221097, 345.28882 ], [ 343481.458142133080401, 5552846.575895205140114, 349.08364 ], [ 343402.464026692439802, 5552895.625644885003567, 353.18227 ], [ 343359.48992045444902, 5552862.616182511672378, 356.15352 ], [ 343259.558300375705585, 5552817.593464339151978, 354.96695 ], [ 343244.560802176478319, 5552801.566237641498446, 355.64918 ], [ 343245.56598378601484, 5552784.623955976217985, 355.11788 ], [ 343260.548833588545676, 5552763.599328086711466, 352.42838 ], [ 343271.524942204356194, 5552720.661317029036582, 346.87474 ], [ 343266.574989446555264, 5552644.699284725822508, 336.18965 ], [ 343274.561325894901529, 5552626.661880390718579, 328.39234 ], [ 343251.53629481367534, 5552590.730804577469826, 329.55914 ], [ 343228.579205754678696, 5552554.686551238410175, 326.43949 ], [ 343176.572015210753307, 5552540.748025569133461, 329.72817 ], [ 343138.614258501038421, 5552522.725245863199234, 332.0501 ], [ 343119.604160368267912, 5552501.697901654988527, 331.93134 ], [ 343115.617300728044938, 5552487.795283443294466, 331.72217 ], [ 343128.62398270261474, 5552484.742577476426959, 333.6311 ], [ 343152.59247811808018, 5552496.722795993089676, 329.93712 ], [ 343198.578785988967866, 5552495.705510835163295, 323.00943 ], [ 343214.579396089771762, 5552472.759340910241008, 327.0273 ], [ 343256.572229809942655, 5552452.721757103689015, 316.93937 ], [ 343270.569444879307412, 5552390.779518746770918, 325.60991 ], [ 343294.520513556781225, 5552338.781778267584741, 327.32733 ], [ 343298.559293686179444, 5552300.832094415090978, 336.0044 ], [ 343303.552016629488207, 5552275.872771360911429, 340.30419 ], [ 343310.541868825093843, 5552262.87177649140358, 340.49277 ], [ 343352.675163740292192, 5552230.480191725306213, 330.94577 ], [ 343377.527343909838237, 5552201.822729215957224, 325.17578 ], [ 343382.494964822893962, 5552180.869887709617615, 324.8552 ], [ 343314.485197762318421, 5552155.827517153695226, 338.01485 ], [ 343318.552394929865841, 5552135.90244766138494, 330.74776 ], [ 343375.516350573627278, 5552147.916803167201579, 322.22394 ], [ 343387.522882296238095, 5552144.894121279940009, 319.1786 ], [ 343400.515105856931768, 5552116.918551567941904, 319.43601 ], [ 343421.484504511987325, 5552094.940040305256844, 325.45847 ], [ 343445.433743142988533, 5552098.910899696871638, 313.00748 ], [ 343453.42900163657032, 5552090.887690864503384, 311.49397 ], [ 343448.465832045360003, 5552055.872611355036497, 318.02597 ], [ 343427.467758759623393, 5552015.875670894049108, 335.48936 ], [ 343443.481821544584818, 5551968.896090295165777, 331.51949 ], [ 343463.454537246958353, 5551951.954063958488405, 323.18785 ], [ 343475.468577142222784, 5551914.99472382478416, 331.56753 ], [ 343516.452818021178246, 5551896.991856135427952, 320.17096 ], [ 343520.418629461957607, 5551854.037558495998383, 328.92537 ], [ 343516.401928862789646, 5551821.998928910121322, 339.99629 ], [ 343524.423461119469721, 5551809.969450053758919, 339.53348 ], [ 343532.424652992514893, 5551785.03353361133486, 345.50262 ], [ 343556.403081915923394, 5551767.974515675567091, 341.70229 ], [ 343585.394086547952611, 5551750.991294967010617, 338.03709 ], [ 343612.399310824403074, 5551737.070630966685712, 336.81838 ], [ 343660.409647534834221, 5551712.075846751220524, 329.9888 ], [ 343645.143496104632504, 5551684.483479815535247, 334.69504 ], [ 343611.416752558085136, 5551657.098041233606637, 348.7771 ], [ 343627.418610227527097, 5551634.042050156742334, 336.19416 ], [ 343620.385959099920001, 5551604.09452432859689, 337.8236 ], [ 343616.412002328550443, 5551571.053195094689727, 337.42783 ], [ 343613.403775736514945, 5551544.103296233341098, 335.98141 ], [ 343606.377968202228658, 5551524.169660486280918, 336.55192 ], [ 343564.393814510724042, 5551508.153090722858906, 338.31788 ], [ 343552.38442958088126, 5551489.144400179386139, 343.33866 ], [ 343560.412405716779176, 5551465.097926207818091, 338.89406 ], [ 343494.440812152344733, 5551412.176270357333124, 357.43454 ], [ 343474.456656936614309, 5551392.177539590746164, 359.1701 ], [ 343474.425729621842038, 5551369.14604686293751, 354.54325 ], [ 343494.453900357359089, 5551366.222363527864218, 355.72043 ], [ 343544.386618765478488, 5551365.204139780253172, 365.40288 ], [ 343569.404420173843391, 5551354.234548427164555, 369.16905 ], [ 343553.433225839398801, 5551300.18136884085834, 370.84904 ], [ 343551.395077119581401, 5551245.274924675002694, 372.30824 ], [ 343430.44075438764412, 5551231.239752522669733, 376.61989 ], [ 343440.463602175936103, 5551192.22474951762706, 373.37783 ], [ 343545.437123412149958, 5551088.339757298119366, 360.50988 ], [ 343590.388686291407794, 5551088.246904195286334, 359.96294 ], [ 343606.195127106038854, 5551090.231849339790642, 359.6 ] ] ] } },
{ "type": "Feature", "properties": { "name": "Lieserpfad: Etappe 3: Manderscheid-Wittlich", "Nr": 3, "km": 23.248, "darstell": "F1" }, "geometry": { "type": "MultiLineString", "coordinates": [ [ [ 343590.388686291407794, 5551088.246904195286334, 359.96294 ], [ 343606.363791722105816, 5551081.325515074655414, 361.0984 ], [ 343684.355772892187815, 5551097.289827850647271, 355.90792 ], [ 343697.369408108759671, 5551094.349760566838086, 353.55657 ], [ 343702.356095517403446, 5551081.296794350259006, 351.10623 ], [ 343684.38919991417788, 5551015.284814706072211, 351.35572 ], [ 343679.34929022018332, 5550987.392971202731133, 350.67992 ], [ 343708.340730340045411, 5550921.341778309084475, 345.90268 ], [ 343712.326299197622575, 5550908.318133348599076, 346.77254 ], [ 343715.33637673931662, 5550886.421657061204314, 350.49281 ], [ 343728.366554410662502, 5550869.350265830755234, 345.55542 ], [ 343736.373423770070076, 5550827.390759122557938, 345.36456 ], [ 343747.300310111022554, 5550809.379562925547361, 339.96518 ], [ 343743.34648956975434, 5550779.453090311028063, 344.66537 ], [ 343700.385048451891635, 5550764.465204411186278, 355.92035 ], [ 343680.393268685671501, 5550756.482736570760608, 356.88015 ], [ 343665.336614246305544, 5550743.460114763118327, 355.08173 ], [ 343691.355652928235941, 5550727.454927174374461, 356.02813 ], [ 343736.316458798246458, 5550710.450562017038465, 356.00475 ], [ 343787.672770839883015, 5550708.948195141740143, 348.04115 ], [ 343836.2947990631219, 5550709.417813048698008, 334.8706 ], [ 343843.301278139755595, 5550694.414423257112503, 336.65481 ], [ 343821.258035077771638, 5550657.895757720805705, 341.99051 ], [ 343809.319453315809369, 5550636.436523237265646, 340.82272 ], [ 343765.29371415276546, 5550587.542709573172033, 351.09676 ], [ 343764.311594903760124, 5550551.520877032540739, 342.9155 ], [ 343761.300669443036895, 5550519.564010562375188, 336.55211 ], [ 343733.342527353437617, 5550530.507233741693199, 349.17758 ], [ 343658.360925018438138, 5550556.512729429639876, 357.17631 ], [ 343599.368963628541678, 5550556.459576793015003, 354.25959 ], [ 343549.379515389446169, 5550548.465914398431778, 350.02981 ], [ 343504.409306333691347, 5550528.531296328641474, 351.89593 ], [ 343485.407138569862582, 5550505.49940178822726, 348.57529 ], [ 343459.452457993873395, 5550467.538954700343311, 348.63014 ], [ 343446.487160277087241, 5550435.540125831961632, 347.79218 ], [ 343442.487925327382982, 5550384.585579577833414, 341.6566 ], [ 343438.466467081569135, 5550342.644352482631803, 344.84217 ], [ 343444.460277956852224, 5550312.648996160365641, 345.5877 ], [ 343445.447484044765588, 5550292.591922495514154, 349.02143 ], [ 343440.464893480297178, 5550271.597146478481591, 356.78005 ], [ 343449.457149861496873, 5550248.635036916472018, 358.01158 ], [ 343485.459172303089872, 5550211.64064665697515, 345.28961 ], [ 343508.442135023884475, 5550167.684274685569108, 329.10637 ], [ 343515.457974353339523, 5550145.670343660749495, 321.52881 ], [ 343510.393574467743747, 5550109.656821312382817, 324.04391 ], [ 343515.397094108397141, 5550094.711689624004066, 322.02349 ], [ 343530.435034603462555, 5550077.692357318475842, 315.40119 ], [ 343543.398539062589407, 5550060.733829573728144, 312.07246 ], [ 343543.39918101154035, 5549994.752311907708645, 321.96073 ], [ 343535.383140278223436, 5549977.740663161501288, 326.35238 ], [ 343540.403449207253288, 5549970.695052735507488, 324.28312 ], [ 343541.447006834496278, 5549964.767323270440102, 324.04776 ], [ 343560.40077966672834, 5549956.757330656982958, 315.97446 ], [ 343577.403337802505121, 5549940.793301098048687, 311.08374 ], [ 343590.37364692427218, 5549916.713614363223314, 312.53611 ], [ 343638.400801554089412, 5549886.823273777961731, 300.20362 ], [ 343650.321103644673713, 5549856.209726413711905, 307.14778 ], [ 343661.331035407376476, 5549823.842581508681178, 320.07863 ], [ 343680.356786087388173, 5549793.800057951360941, 329.46931 ], [ 343713.336260666197632, 5549770.804285326972604, 331.41475 ], [ 343756.295738686574623, 5549765.875903850421309, 322.84891 ], [ 343824.277600877685472, 5549776.795099958777428, 317.37244 ], [ 343879.293977200635709, 5549799.77704740036279, 316.03934 ], [ 343902.296767455525696, 5549807.783693640492857, 315.69328 ], [ 343921.283902203198522, 5549805.782470665872097, 315.21228 ], [ 343935.283167634857818, 5549794.803143422119319, 312.37661 ], [ 343970.236896591726691, 5549711.889804528094828, 307.84165 ], [ 343990.221012841910124, 5549677.814901920966804, 304.52831 ], [ 344011.216186881181784, 5549653.835840343497694, 300.05278 ], [ 344054.21751916129142, 5549620.86948658246547, 300.25567 ], [ 344092.158187058754265, 5549605.853843056596816, 304.64781 ], [ 344146.166966268909164, 5549586.920460747554898, 303.994 ], [ 344181.874093682854436, 5549571.414301847107708, 287.69325 ], [ 344195.172056834446266, 5549560.901235081255436, 282.31459 ], [ 344189.163163810269907, 5549516.903662127442658, 290.50935 ], [ 344162.163924263091758, 5549421.000486177392304, 291.50876 ], [ 344139.152565351105295, 5549344.007662469521165, 294.48336 ], [ 344128.17972261691466, 5549309.056264547631145, 299.43112 ], [ 344129.169967418420129, 5549288.999401288107038, 299.82229 ], [ 344145.18511129997205, 5549266.05639847740531, 296.25839 ], [ 344205.16279123199638, 5549238.048386232927442, 280.93486 ], [ 344211.076643254724331, 5549222.298657585866749, 284.61138 ], [ 344208.167574555496685, 5549206.027309284545481, 290.18094 ], [ 344179.128027673927136, 5549185.065848529338837, 297.21931 ], [ 344129.166591513203457, 5549171.056991094723344, 305.75612 ], [ 344129.176926967687905, 5549164.046899793669581, 305.67852 ], [ 344144.145210970600601, 5549142.024586983025074, 302.33159 ], [ 344145.170842249935959, 5549128.086361543275416, 301.15246 ], [ 344137.134977002744563, 5549125.094024560414255, 303.4797 ], [ 344101.194024463766254, 5549140.050817837007344, 310.60621 ], [ 344116.151948879472911, 5549125.038517655804753, 308.76162 ], [ 344129.178156440262683, 5549110.08261205535382, 305.86211 ], [ 344151.186470554792322, 5549101.0956851830706, 294.45405 ], [ 344157.139039649104234, 5549089.127830936573446, 289.33768 ], [ 344147.140813724137843, 5549063.049283463507891, 290.75363 ], [ 344137.153703542659059, 5549020.169190125539899, 296.08513 ], [ 344140.195044933818281, 5548977.131628249771893, 289.16434 ], [ 344151.169889103388414, 5548958.118775060400367, 279.6084 ], [ 344145.174377069924958, 5548939.155807244591415, 279.16848 ], [ 344101.176438354479615, 5548911.176130480132997, 294.32724 ], [ 344068.187753103440627, 5548875.198148982599378, 300.08517 ], [ 343997.202906432910822, 5548764.223083171062171, 302.25647 ], [ 343988.2083962004981, 5548738.226746195927262, 303.52088 ], [ 343981.232109499163926, 5548683.242194489575922, 298.62982 ], [ 343984.211565729638096, 5548628.300804237835109, 295.46111 ], [ 344007.18446993350517, 5548571.3293527495116, 284.92308 ], [ 344098.213179279700853, 5548414.346685376018286, 256.93362 ], [ 344101.125640921643935, 5548398.795704335905612, 257.24989 ], [ 344092.153015552321449, 5548383.368872680701315, 259.97906 ], [ 344099.195749101985712, 5548374.37339446041733, 258.92927 ], [ 344110.177108681411482, 5548333.440869671292603, 257.749 ], [ 344123.674351615307387, 5548312.462946106679738, 256.49207 ], [ 344134.051570854266174, 5548299.921021054498851, 255.49195 ], [ 344147.129853370366618, 5548274.393465737812221, 254.64273 ], [ 344197.126084544812329, 5548252.462865232490003, 257.24955 ], [ 344208.140067272586748, 5548249.47143445815891, 264.00928 ], [ 344236.102423127973452, 5548287.37711835373193, 262.71792 ], [ 344255.14015885128174, 5548316.419152902439237, 257.7276 ], [ 344278.119353156303987, 5548323.426971681416035, 255.87745 ], [ 344301.103901287075132, 5548313.411008290015161, 257.10386 ], [ 344338.079462843597867, 5548294.42016966547817, 262.25351 ], [ 344341.083030158188194, 5548284.430012249387801, 268.30102 ], [ 344410.019428687286563, 5548246.372634361498058, 292.8314 ], [ 344443.072585423709825, 5548230.389661356806755, 302.95237 ], [ 344468.00650713860523, 5548218.426196911372244, 309.29373 ], [ 344466.997308535501361, 5548203.43465811572969, 319.20656 ], [ 344435.200927666155621, 5548188.782744063064456, 330.8476 ], [ 344386.096036578936037, 5548177.416544330306351, 339.55711 ], [ 344322.11337297654245, 5548186.400717441923916, 325.31675 ], [ 344302.062835946795531, 5548191.435383021831512, 317.00624 ], [ 344287.080477557436097, 5548193.429556279443204, 311.66144 ], [ 344285.12983965233434, 5548185.475220422260463, 314.65908 ], [ 344288.104239122476429, 5548174.484487886540592, 320.58996 ], [ 344304.899293385911733, 5548165.872817363590002, 331.37097 ], [ 344328.158207741333172, 5548152.956098527647555, 346.78347 ], [ 344382.092493936652318, 5548128.464779711328447, 363.97577 ], [ 344470.04773789877072, 5548106.433253915049136, 369.99394 ], [ 344569.014162412961014, 5548103.443265630863607, 372.36464 ], [ 344672.932851854595356, 5548125.457256620749831, 372.34881 ], [ 344785.927538428863045, 5548139.421068901196122, 382.7826 ], [ 344786.899573017726652, 5547980.505557961761951, 375.53483 ], [ 344709.964921504142694, 5547987.524465722031891, 372.8 ], [ 344617.000392207526602, 5547960.51804475672543, 367.14921 ], [ 344555.956158679910004, 5547947.494491899386048, 363.96086 ], [ 344500.007649135019165, 5547922.529201325029135, 352.7343 ], [ 344405.07107400894165, 5547906.599051592871547, 339.86763 ], [ 344308.065950707823504, 5547883.609776485711336, 318.96783 ], [ 344228.086774701019749, 5547852.559956066310406, 298.69434 ], [ 344236.08999746106565, 5547844.538119022734463, 297.49525 ], [ 344300.0792778574978, 5547840.559898246079683, 304.00826 ], [ 344201.148068320821039, 5547805.611836502328515, 283.69032 ], [ 344161.136910453555174, 5547801.65985188446939, 277.32469 ], [ 344089.153850234346464, 5547779.614012932404876, 261.04333 ], [ 344110.139400220825337, 5547774.662620198912919, 262.67868 ], [ 344170.131247019628063, 5547773.581110281869769, 272.56161 ], [ 344174.140042550279759, 5547763.672831512056291, 271.47497 ], [ 344154.153505943831988, 5547704.616785563528538, 263.31397 ], [ 344152.14119387062965, 5547662.616833898238838, 257.75136 ], [ 344157.130668795784004, 5547639.661816284991801, 255.05643 ], [ 344197.154137295903638, 5547604.670328492298722, 261.75103 ], [ 344249.084151808638126, 5547572.670257239602506, 273.66482 ], [ 344244.095021335524507, 5547563.691793364472687, 274.97784 ], [ 344231.11544436973054, 5547560.731978540308774, 275.80256 ], [ 344171.147327442129608, 5547589.739795511588454, 256.7446 ], [ 344154.124272207496688, 5547585.674102217890322, 256.66096 ], [ 344145.139835562265944, 5547579.705113208852708, 257.66758 ], [ 344112.154450133093633, 5547536.716691085137427, 261.24939 ], [ 344085.202389914076775, 5547501.674926904961467, 262.55267 ], [ 344032.215732916025445, 5547455.709771966561675, 257.69063 ], [ 343944.218411553942133, 5547390.738971326500177, 252.36417 ], [ 343876.274015348870307, 5547347.770994778722525, 255.44258 ], [ 343794.319562120246701, 5547310.776453191414475, 254.64838 ], [ 343731.330051454890054, 5547292.811689324676991, 253.05552 ], [ 343688.344476618978661, 5547282.830308035947382, 254.24455 ], [ 343666.35212029365357, 5547282.805714655667543, 252.73364 ], [ 343656.361456339189317, 5547271.859921360388398, 254.95712 ], [ 343655.366209230967797, 5547259.872230584733188, 255.64291 ], [ 343668.366757758660242, 5547248.810496851801872, 256.82227 ], [ 343680.355380909400992, 5547244.788177072070539, 258.97854 ], [ 343707.316013604286127, 5547235.877544731833041, 263.88948 ], [ 343721.289510512258857, 5547223.786108657717705, 263.836 ], [ 343735.279409506416414, 5547209.802702349610627, 262.91334 ], [ 343752.328078513965011, 5547182.82303673401475, 259.24252 ], [ 343746.309552098275162, 5547177.88065932970494, 253.64673 ], [ 343790.300257256370969, 5547138.875938345678151, 257.63655 ], [ 343829.278094939771108, 5547099.906758253462613, 257.09645 ], [ 343867.286275635357015, 5547071.87030868139118, 261.12958 ], [ 343918.23467008251464, 5546988.935924238525331, 251.01207 ], [ 343940.211055285180919, 5546958.920189197175205, 246.201 ], [ 343959.231912071525585, 5546947.906063234433532, 245.20894 ], [ 343980.191492254962213, 5546941.953686154447496, 245.2129 ], [ 344002.201173738110811, 5546944.98331874795258, 248.83424 ], [ 343960.23908904066775, 5546925.95722564868629, 240.79929 ], [ 343942.222410119022243, 5546910.01560633443296, 240.15164 ], [ 343940.219618790899403, 5546892.939056896604598, 242.92473 ], [ 343922.213080404500943, 5546869.987427611835301, 243.17533 ], [ 343893.218812169856392, 5546851.028396112844348, 242.04629 ], [ 343870.251840398006607, 5546852.032726928591728, 239.93607 ], [ 343832.272563012200408, 5546859.038883225992322, 237.09951 ], [ 343813.271945391432382, 5546856.033302812837064, 237.07689 ], [ 343787.257256610959303, 5546840.993385040201247, 239.06108 ], [ 343743.271173801855184, 5546791.986110214143991, 245.15808 ], [ 343714.298965796246193, 5546764.014770908281207, 247.57783 ], [ 343649.367729570367374, 5546719.069645319133997, 236.70902 ], [ 343645.362829446035903, 5546707.058691966347396, 235.24147 ], [ 343664.355534492293373, 5546673.012200503610075, 234.71054 ], [ 343715.309135023853742, 5546649.04702540114522, 237.34209 ], [ 343716.299329376081005, 5546624.094410390593112, 234.31475 ], [ 343738.299489543249365, 5546585.064613382332027, 232.57551 ], [ 343745.33547890081536, 5546556.152303772047162, 230.44094 ], [ 343744.294828989077359, 5546545.056072960607708, 228.67285 ], [ 343740.277172742469702, 5546530.152503699995577, 228.65531 ], [ 343744.322399068856612, 5546514.123218112625182, 229.49646 ], [ 343741.332878634682857, 5546500.079738778993487, 231.15811 ], [ 343746.311971415532753, 5546484.134437288157642, 230.29286 ], [ 343740.329046543571167, 5546468.175624201074243, 230.71082 ], [ 343714.312338812625967, 5546453.136026806198061, 233.12682 ], [ 343708.286945389350876, 5546438.179882465861738, 231.28431 ], [ 343636.332369887037203, 5546425.150934222154319, 233.55721 ], [ 343556.383146920707077, 5546386.209155541844666, 229.044 ], [ 343512.365185708913486, 5546363.240836423821747, 232.44803 ], [ 343456.421371600765269, 5546361.20624587778002, 245.30494 ], [ 343372.449391888570972, 5546405.167287044227123, 260.8747 ], [ 343298.506177449831739, 5546422.131823268719018, 281.2658 ], [ 343269.49773489049403, 5546410.186178558506072, 293.76377 ], [ 343271.495051210862584, 5546395.217891272157431, 297.70094 ], [ 343259.477166869328357, 5546359.18583810236305, 299.09315 ], [ 343244.495889555080794, 5546349.165835282765329, 295.48498 ], [ 343182.248906208551489, 5546347.207577238790691, 287.11242 ], [ 343126.570944564417005, 5546337.157399619929492, 282.05753 ], [ 343171.560860735015012, 5546305.23955068923533, 282.63384 ], [ 343211.509132295032032, 5546304.179558037780225, 278.13461 ], [ 343238.479974568705074, 5546283.249660263769329, 277.69801 ], [ 343240.493869212630671, 5546276.180822053924203, 278.21067 ], [ 343218.498597357771359, 5546232.207541442476213, 280.70893 ], [ 343218.517293098615482, 5546213.291629924438894, 281.46251 ], [ 343214.540453390451148, 5546202.281522022560239, 283.96516 ], [ 343232.504440995049663, 5546172.269245312549174, 279.97481 ], [ 343287.472792380372994, 5546126.262941270135343, 274.31553 ], [ 343352.435371230938472, 5546086.306739846244454, 266.91624 ], [ 343362.428302226704545, 5546070.325483357533813, 269.3364 ], [ 343379.462930262030568, 5546040.340986080467701, 274.39391 ], [ 343400.435356340487488, 5546032.272053101100028, 271.46525 ], [ 343423.409133590990677, 5546036.27267730422318, 265.94981 ], [ 343446.402385158115067, 5546048.28402154892683, 258.58161 ], [ 343467.413856907631271, 5546051.340866331011057, 253.82949 ], [ 343477.397345375036821, 5546047.265641646459699, 251.72653 ], [ 343490.410567698185332, 5546024.297739394009113, 250.41103 ], [ 343501.416134539409541, 5546001.277349670417607, 248.80608 ], [ 343502.431778405094519, 5545972.318342585116625, 249.92862 ], [ 343513.389267432619818, 5545913.360320959240198, 242.92037 ], [ 343521.391433296375908, 5545900.330575020052493, 239.68152 ], [ 343521.41445741453208, 5545886.421593407168984, 239.22998 ], [ 343523.396478528273292, 5545873.345436233095825, 238.10322 ], [ 343532.401120881608222, 5545855.390662648715079, 234.59927 ], [ 343547.409760799026117, 5545839.374358361586928, 233.18089 ], [ 343586.346905018144753, 5545813.423241327516735, 227.58709 ], [ 343587.329924571327865, 5545805.383317577652633, 227.64208 ], [ 343538.373690523090772, 5545802.36440319288522, 231.03315 ], [ 343501.400110950286034, 5545753.376096872612834, 241.5483 ], [ 343558.395030634535942, 5545629.427179979160428, 251.52773 ], [ 343575.341614112723619, 5545586.539131976664066, 253.90459 ], [ 343567.365627062972635, 5545573.531667572446167, 258.17459 ], [ 343571.372047899756581, 5545563.511807024478912, 259.41005 ], [ 343578.359511521353852, 5545552.514652851037681, 260.80317 ], [ 343605.328549658588599, 5545548.499420516192913, 259.39939 ], [ 343616.361039734212682, 5545543.503712335601449, 259.53079 ], [ 343631.360797949426342, 5545534.497743190266192, 259.7791 ], [ 343643.321290706284344, 5545519.572270357981324, 262.72026 ], [ 343651.353668413532432, 5545507.543285948224366, 264.70694 ], [ 343651.318394965142943, 5545496.528957989066839, 267.28876 ], [ 343675.343309964227956, 5545477.579200437292457, 267.22368 ], [ 343685.308950345264748, 5545465.493782675825059, 267.90943 ], [ 343700.290259722620249, 5545443.581685302779078, 268.58462 ], [ 343717.302713322278578, 5545417.604718717746437, 270.17548 ], [ 343742.28497368702665, 5545399.517455605790019, 270.21058 ], [ 343755.296666433685459, 5545393.574119149707258, 269.71274 ], [ 343791.287044358847197, 5545401.535674037411809, 256.15488 ], [ 343782.308092074585147, 5545356.623824128881097, 272.83474 ], [ 343771.316147364093922, 5545333.578922005370259, 277.32155 ], [ 343775.288904172135517, 5545258.580838035792112, 273.96478 ], [ 343785.297162956034299, 5545208.663938364945352, 258.56318 ], [ 343804.280767407268286, 5545171.614426349289715, 239.45314 ], [ 343840.248059512581676, 5545124.722920072264969, 224.25331 ], [ 343864.258921021362767, 5545107.666069224476814, 219.10378 ], [ 343886.219901219708845, 5545086.663572346791625, 216.6838 ], [ 343889.211694580968469, 5545078.676397492177784, 216.71475 ], [ 343884.261748116114177, 5545041.658009577542543, 220.53821 ], [ 343887.264024485950358, 5545026.660777031444013, 223.84171 ], [ 343889.261119249509647, 5545006.685909706167877, 228.19343 ], [ 343891.58583606116008, 5544997.939341709017754, 229.7716 ], [ 343900.255324632104021, 5544975.76702369377017, 232.98749 ], [ 343942.186671420815401, 5544936.713472144678235, 232.37954 ], [ 343977.206919983029366, 5544913.772809958085418, 231.26424 ], [ 343998.198526508291252, 5544898.80745864007622, 231.61632 ], [ 344028.176500840811059, 5544884.804160092957318, 237.57838 ], [ 344058.161747328471392, 5544890.717386837117374, 240.67617 ], [ 344090.120325439143926, 5544912.706801431253552, 242.11198 ], [ 344113.171729361987673, 5544948.752834743820131, 237.14466 ], [ 344135.166436754632741, 5544997.736551936715841, 230.88855 ], [ 344164.100190198863856, 5545021.705997734330595, 230.44608 ], [ 344203.0968987410306, 5545046.717745785601437, 226.42642 ], [ 344221.100341448793188, 5545054.64972330071032, 224.09599 ], [ 344244.091618620092049, 5545051.755061814561486, 223.80112 ], [ 344263.106769101577811, 5545042.745364084839821, 222.29356 ], [ 344284.089027321548201, 5545007.753624925389886, 220.13844 ], [ 344292.052001412725076, 5544958.787599446251988, 219.76814 ], [ 344296.075184063054621, 5544919.727605300955474, 217.75665 ], [ 344296.048457920958754, 5544886.793804761953652, 215.56359 ], [ 344286.056549116503447, 5544848.809255184605718, 214.54504 ], [ 344264.09904622688191, 5544815.846116483211517, 215.58519 ], [ 344245.124435618694406, 5544791.808733538724482, 216.34132 ], [ 344216.178993998502847, 5544774.848885238170624, 219.09371 ], [ 344192.130065343109891, 5544748.845362119376659, 217.91107 ], [ 344158.111128189309966, 5544702.881960895843804, 212.69124 ], [ 344144.116452318034135, 5544694.83337446115911, 213.40819 ], [ 344125.111001939978451, 5544696.833422017283738, 215.44763 ], [ 344094.145646855875384, 5544686.831500664353371, 220.23307 ], [ 344079.188218656578101, 5544672.802782880142331, 223.56736 ], [ 344114.144256739295088, 5544659.878915878012776, 225.20347 ], [ 344119.141693328914698, 5544651.833476878702641, 227.20341 ], [ 344129.168021561577916, 5544599.914182338863611, 243.68761 ], [ 344132.144677395699546, 5544588.923452009446919, 247.3747 ], [ 344189.102631833287887, 5544548.878101518377662, 237.44962 ], [ 344304.047841389896348, 5544513.933146168477833, 228.78481 ], [ 344376.035150352283381, 5544445.970111735165119, 230.36297 ], [ 344412.000407101877499, 5544410.988432332873344, 224.18234 ], [ 344428.026332210458349, 5544373.026140565052629, 223.25019 ], [ 344438.030626565334387, 5544335.016414686106145, 223.52968 ], [ 344457.026547912624665, 5544307.983157453127205, 222.57161 ], [ 344474.968408751301467, 5544293.998633622191846, 218.45463 ], [ 344476.988630530424416, 5544254.997120567597449, 216.29854 ], [ 344470.974724012135994, 5544233.030123489908874, 217.53106 ], [ 344483.983637167024426, 5544212.068035765551031, 213.3362 ], [ 344501.997518330113962, 5544198.081531341187656, 214.26756 ], [ 344513.011695559020154, 5544175.063445694744587, 215.52188 ], [ 344519.965574540197849, 5544143.039606387726963, 220.9784 ], [ 344528.970551944337785, 5544110.066078488714993, 224.87451 ], [ 344550.988230318995193, 5544071.040090284310281, 222.49539 ], [ 344565.13816351769492, 5544032.576492672786117, 226.80452 ], [ 344584.961930739460513, 5543982.154099118895829, 241.12159 ], [ 344646.954155659419484, 5543962.106913234107196, 236.75204 ], [ 344748.915798469854053, 5543988.077226548455656, 215.15763 ], [ 344776.87207610468613, 5543988.156492334790528, 213.56887 ], [ 344782.860231692902744, 5543982.085795498453081, 214.4063 ], [ 344795.857743952830788, 5543916.173931747674942, 216.16444 ], [ 344799.829759013024159, 5543880.120241259224713, 219.14802 ], [ 344803.895740282721817, 5543857.193072726950049, 223.87007 ], [ 344823.843568917713128, 5543838.1447713971138, 217.74084 ], [ 344846.848924516816624, 5543828.131626405753195, 218.85305 ], [ 344884.840816284064204, 5543833.150040028616786, 215.36949 ], [ 344925.831887412234209, 5543845.20275969710201, 215.75468 ], [ 344963.811691574810538, 5543867.134288602508605, 217.5273 ], [ 345003.787664341041818, 5543896.129196335561574, 216.58621 ], [ 345040.779432679759338, 5543911.191452008672059, 217.60064 ], [ 345069.737034342600964, 5543916.138911196961999, 216.74758 ], [ 345141.728055696934462, 5543907.157126207835972, 216.49606 ], [ 345172.732305970741436, 5543896.135118397884071, 220.0345 ], [ 345201.669154760311358, 5543868.149645105935633, 226.30234 ], [ 345223.665215754648671, 5543833.13286607619375, 217.34337 ], [ 345233.722287263371982, 5543794.233348973095417, 212.75256 ], [ 345241.683769255585503, 5543762.181569889187813, 210.9412 ], [ 345242.667484677745961, 5543734.225797329097986, 211.55503 ], [ 345215.69397067965474, 5543696.285761911422014, 216.68615 ], [ 345218.673470882407855, 5543685.295705074444413, 217.6852 ], [ 345231.658788096101489, 5543678.244376392103732, 219.18714 ], [ 345248.691212430014275, 5543687.209390428848565, 216.89997 ], [ 345268.708672861277591, 5543705.211832993663847, 212.38222 ], [ 345288.636529731447808, 5543710.199021295644343, 209.90226 ], [ 345306.807444214471616, 5543703.999374167062342, 208.73143 ], [ 345365.625061615835875, 5543658.239267584867775, 210.97533 ], [ 345388.641604106058367, 5543616.295419844798744, 218.93973 ], [ 345407.627444740268402, 5543576.248322291299701, 225.88552 ], [ 345459.920917973970063, 5543520.441502711735666, 228.2988 ], [ 345485.560291019675788, 5543492.330423264764249, 234.02825 ], [ 345533.595557085354812, 5543455.33965879958123, 236.97321 ], [ 345645.504792056861334, 5543443.321795493364334, 220.27917 ], [ 345747.473057962721214, 5543484.331726066768169, 218.6186 ], [ 345816.448834114475176, 5543517.281358850188553, 217.16269 ], [ 345864.466051115479786, 5543554.28446236345917, 213.96969 ], [ 345878.44516938959714, 5543554.327011840417981, 215.5682 ], [ 345888.405477418215014, 5543544.249049945734441, 218.92951 ], [ 345896.432894305733498, 5543519.317436585202813, 223.42587 ], [ 345903.396868391195312, 5543492.302445696666837, 223.68391 ], [ 345899.393854739551898, 5543450.3600620245561, 226.56868 ], [ 345894.44093708624132, 5543400.322788957506418, 229.79883 ], [ 345899.426135712652467, 5543359.345566237345338, 228.05173 ], [ 345908.204647556354757, 5543330.609414732083678, 223.57796 ], [ 345930.371127195772715, 5543281.349272675812244, 213.82173 ], [ 345945.380727929412387, 5543247.427021000534296, 208.91474 ], [ 345949.390769708901644, 5543217.381760612130165, 208.77725 ], [ 345901.432581756671425, 5543045.524778786115348, 226.82654 ], [ 345893.411346648121253, 5542978.552533277310431, 218.31849 ], [ 345870.396694510243833, 5542963.52688533719629, 226.72435 ], [ 345818.464508901699446, 5542952.560650954954326, 248.44312 ], [ 345861.40620158193633, 5542952.548100741580129, 229.03933 ], [ 345881.421797462040558, 5542955.532326662912965, 219.69479 ], [ 345889.450032823195215, 5542950.516904105432332, 215.39199 ], [ 345848.411307755857706, 5542914.536332701332867, 224.56632 ], [ 345807.44447795371525, 5542883.56083844229579, 224.20631 ], [ 345758.448890579398721, 5542857.601254915818572, 220.75122 ], [ 345716.503879633848555, 5542827.544699828140438, 219.81513 ], [ 345697.503160835476592, 5542797.606019841507077, 217.61111 ], [ 345685.497529137181118, 5542771.582543663680553, 217.21562 ], [ 345682.498323212377727, 5542744.631925005465746, 215.37177 ], [ 345683.527731338923331, 5542715.673717494122684, 216.88806 ], [ 345700.513172059552744, 5542690.594959268346429, 218.89542 ], [ 345739.482312503852881, 5542654.646627312526107, 213.65051 ], [ 345776.487466260441579, 5542627.656253235414624, 208.97279 ], [ 345821.434519090573303, 5542587.642173897475004, 209.75093 ], [ 345851.400592116639018, 5542567.642115028575063, 206.58741 ], [ 345920.392294887569733, 5542463.739219346083701, 201.23317 ], [ 345925.436172036163043, 5542444.679325697943568, 200.89411 ], [ 345912.3870867859805, 5542409.784331873059273, 204.90584 ], [ 345894.428772315732203, 5542378.702329982072115, 209.90561 ], [ 345885.393900592636783, 5542363.719268537126482, 212.00418 ], [ 345883.443520257540513, 5542350.757590474560857, 211.85716 ], [ 345890.42623181163799, 5542341.76682985201478, 210.4629 ], [ 345903.388314963551238, 5542343.730343918316066, 210.25965 ], [ 345911.390764409443364, 5542352.734923619776964, 208.70778 ], [ 345918.420384132768959, 5542372.78257245477289, 205.292 ], [ 345934.409090768080205, 5542377.774443060159683, 204.33504 ], [ 345945.39270079950802, 5542370.782651116140187, 205.34585 ], [ 345968.360451121348888, 5542336.742975544184446, 210.82333 ], [ 346039.379329022893216, 5542245.80139075499028, 213.46118 ], [ 346073.333401522890199, 5542214.784279399551451, 207.85655 ], [ 346111.361384639458265, 5542195.77800901606679, 202.19088 ], [ 346146.338721470790915, 5542187.874704332090914, 193.3306 ], [ 346182.316334416216705, 5542184.838473903015256, 197.75883 ], [ 346240.264888110687025, 5542197.861055501736701, 201.96496 ], [ 346353.21821988990996, 5542238.790472520515323, 219.54195 ], [ 346419.222563243703917, 5542287.744215101003647, 212.59133 ], [ 346447.170142430928536, 5542299.73798344284296, 212.35239 ], [ 346461.180978639400564, 5542295.775842885486782, 214.88341 ], [ 346485.156555118446704, 5542311.777883568778634, 212.23075 ], [ 346565.140449483529665, 5542325.729900024831295, 213.51703 ], [ 346631.101889742654748, 5542330.738622860051692, 209.09974 ], [ 346653.085313572897576, 5542324.768454305827618, 209.80077 ], [ 346666.093333412776701, 5542310.821941801346838, 211.89367 ], [ 346693.080997176701203, 5542256.754519622772932, 213.42211 ], [ 346693.070010971918236, 5542243.848384981043637, 212.39572 ], [ 346680.108324869419448, 5542216.848891345784068, 215.01966 ], [ 346679.134218418272212, 5542197.850893018767238, 213.36871 ], [ 346693.074158927542157, 5542168.857352128252387, 205.37147 ], [ 346723.103267372935079, 5542135.842940155416727, 205.91381 ], [ 346752.072385440114886, 5542105.863133289851248, 208.98756 ], [ 346791.078026114613749, 5542075.818889752961695, 216.47209 ], [ 346901.012106980138924, 5542058.878496165387332, 199.27411 ], [ 346988.004023432265967, 5542016.894264770671725, 201.83058 ], [ 347003.992245842237025, 5542026.896132869645953, 198.35972 ], [ 347097.964229039964266, 5542010.860930609516799, 202.26989 ], [ 347184.906686433649156, 5542019.839391391724348, 200.33941 ], [ 347241.850449610152282, 5542037.908212278969586, 203.48915 ], [ 347322.810314078291412, 5542050.842426097951829, 213.66355 ], [ 347383.840678772772662, 5542063.900696792639792, 208.99511 ], [ 347411.789218239835463, 5542060.879076007753611, 204.61528 ], [ 347430.776995944441296, 5542052.883573358878493, 203.52808 ], [ 347476.797601799829863, 5542034.88346460275352, 206.50229 ], [ 347517.755529979011044, 5542027.931546431034803, 207.12607 ], [ 347552.731558527972084, 5542024.933113993145525, 207.32426 ], [ 347639.693150471081026, 5542001.875042174942791, 204.5965 ], [ 347789.682570865144953, 5542031.87858544010669, 197.58545 ], [ 347827.669627057563048, 5542033.914395354688168, 194.06367 ], [ 347884.641950798453763, 5542027.845423915423453, 190.93704 ], [ 347906.627785830991343, 5542021.880454551428556, 189.49279 ], [ 347923.625196146138478, 5542011.940562733449042, 188.88864 ], [ 347930.62897149741184, 5541990.935842895880342, 191.22038 ], [ 347931.578855150728486, 5541973.885908544063568, 192.3799 ], [ 347885.317458886129316, 5541945.604179144836962, 199.52993 ], [ 347788.688386723166332, 5541890.938731631264091, 201.47588 ], [ 347737.668501012667548, 5541876.923640538938344, 203.2634 ], [ 347689.720515195629559, 5541849.915337463840842, 200.26706 ], [ 347632.783206882013474, 5541789.228423003107309, 200.44413 ], [ 347525.790583171648905, 5541615.033619313500822, 192.8142 ], [ 347507.796103949891403, 5541605.087309299968183, 194.12565 ], [ 347508.788844018999953, 5541582.027907271869481, 187.74243 ], [ 347497.79445405799197, 5541566.096739183180034, 184.93155 ], [ 347479.798287325189449, 5541546.025759550742805, 183.04904 ], [ 347463.772998110041954, 5541517.10904430411756, 189.29453 ], [ 347454.818814224097878, 5541467.073813017457724, 188.92765 ], [ 347448.801198749162722, 5541442.100074894726276, 191.21359 ], [ 347443.800477087148465, 5541420.101442799903452, 193.35626 ], [ 347441.800017383764498, 5541385.111022804863751, 193.41795 ], [ 347431.808176922961138, 5541369.151413734070957, 196.91796 ], [ 347431.796780065749772, 5541351.127363999374211, 196.27388 ], [ 347453.818550174240954, 5541316.120370168238878, 191.58601 ], [ 347460.796309077064507, 5541294.225667255930603, 192.06971 ], [ 347496.757952375803143, 5541255.150315523147583, 186.51763 ], [ 347537.754587679111864, 5541166.198070898652077, 193.68329 ], [ 347563.017533081118017, 5541101.392572754062712, 181.78689 ], [ 347558.727600698650349, 5541094.282654935494065, 181.83432 ], [ 347525.772422824287787, 5541080.311495801433921, 187.37041 ], [ 347487.795776633662172, 5541061.254196082241833, 192.64101 ], [ 347428.81619907845743, 5541012.309615899808705, 195.85327 ], [ 347443.762594845262356, 5541008.323604578152299, 193.98496 ], [ 347521.748332794755697, 5541047.270127560012043, 184.81259 ], [ 347562.749164473847486, 5541064.238907405175269, 178.92674 ], [ 347612.75054628145881, 5541052.24653086066246, 176.11665 ], [ 347628.737865011615213, 5541019.303486512973905, 176.92687 ], [ 347649.667488757986575, 5540943.273098917677999, 186.20226 ], [ 347688.487723005819134, 5540898.666147591546178, 186.6062 ], [ 347762.659003762877546, 5540856.392705121077597, 182.40839 ], [ 347834.33329664322082, 5540832.215557580813766, 173.9817 ], [ 347861.459125844645314, 5540802.517327456735075, 169.31797 ], [ 347876.639503491926007, 5540627.406513978727162, 175.11282 ], [ 347872.594773200689815, 5540583.462008401751518, 175.1082 ], [ 347859.64216082036728, 5540531.425862750969827, 175.38924 ], [ 347859.593595469952561, 5540509.508830240927637, 175.49284 ], [ 347881.607120618107729, 5540519.453602837398648, 174.73991 ], [ 347908.616134963289369, 5540523.471091998741031, 174.72176 ], [ 347936.572926214779727, 5540520.452380440197885, 174.63468 ], [ 347968.539758118800819, 5540499.518294966779649, 171.89204 ], [ 347976.589916732977144, 5540487.496235152706504, 170.70204 ], [ 347999.528788305120543, 5540479.502237571403384, 167.92699 ], [ 348014.563608890050091, 5540473.512708797119558, 166.79486 ], [ 348000.531604750314727, 5540441.533850319683552, 166.66737 ], [ 347976.585513655736577, 5540411.505205760709941, 166.84476 ], [ 347941.583078339986969, 5540378.56383771263063, 166.65445 ], [ 347908.599025164614432, 5540353.576173287816346, 167.18529 ], [ 347874.636606987682171, 5540329.506560957990587, 168.86437 ], [ 347853.628191550204065, 5540309.519758824259043, 170.26699 ], [ 347833.632431363686919, 5540264.581822706386447, 170.683 ], [ 347822.657781693909783, 5540221.612971621565521, 170.36897 ], [ 347822.608529953053221, 5540189.571217983961105, 169.56599 ], [ 347836.623096834751777, 5540152.679660427384079, 168.0069 ], [ 347861.619722959061619, 5540118.591658132150769, 166.33097 ], [ 347874.586322625982575, 5540077.613326325081289, 165.8324 ], [ 347921.571459992323071, 5540019.64797355607152, 164.82656 ], [ 347954.546138741774485, 5539993.678629100322723, 164.28183 ], [ 347993.54285731096752, 5539934.716774212196469, 164.46453 ], [ 348040.558968024910428, 5539877.753067496232688, 163.85822 ], [ 348113.525124167907052, 5539822.724569942802191, 162.51243 ], [ 348160.463318474823609, 5539747.74003776255995, 161.43372 ], [ 348235.449007934308611, 5539682.865221796557307, 160.38017 ], [ 348283.435282102262136, 5539611.857620127499104, 160.53665 ], [ 348305.421817125810776, 5539592.8773288205266, 160.72134 ], [ 348320.429072376224212, 5539519.910871552303433, 161.161 ], [ 348319.398804089578334, 5539442.947897714562714, 161.55506 ], [ 348333.400193031295203, 5539369.898730077780783, 161.72945 ], [ 348346.44244951591827, 5539333.926424328237772, 161.7496 ], [ 348368.420846690074541, 5539301.929250504821539, 161.72349 ], [ 348408.351890884106979, 5539262.971343196928501, 160.78264 ], [ 348417.407950938562863, 5539222.995361055247486, 159.82854 ], [ 348416.389364138594829, 5539186.975876579992473, 159.25334 ], [ 348417.35836365132127, 5539134.98998854868114, 158.69403 ], [ 348416.365630899148528, 5539077.05153273884207, 158.82712 ], [ 348414.400125261570793, 5539043.061515146866441, 158.93997 ], [ 348402.423608701559715, 5539033.053005610592663, 159.85286 ], [ 348416.392939085024409, 5538984.14856353122741, 159.27484 ], [ 348437.338337481138296, 5538951.068389888852835, 158.96312 ], [ 348446.36665087856818, 5538948.14290124271065, 158.63942 ], [ 348457.334308214834891, 5538935.149199660867453, 158.49251 ] ] ] } },
{ "type": "Feature", "properties": { "name": "Lieserpfad: Etappe 4: Wittlich - Lieser", "Nr": 4, "km": 18.086, "darstell": "F2" }, "geometry": { "type": "MultiLineString", "coordinates": [ [ [ 348437.338337481138296, 5538951.068389888852835, 158.96312 ], [ 348446.36665087856818, 5538948.14290124271065, 158.63942 ], [ 348460.658826697559562, 5538930.938598592765629, 158.45148 ], [ 348473.443992250598967, 5538946.709906850941479, 157.53234 ], [ 348482.509035754948854, 5538967.926869737915695, 157.37523 ], [ 348511.627359232923482, 5538937.174995339475572, 157.65515 ], [ 348542.279088551993482, 5538904.8223339561373, 157.83441 ], [ 348580.339769664104097, 5538873.150673324242234, 157.63901 ], [ 348647.369821090018377, 5538835.877175732515752, 157.79898 ], [ 348692.964067366498057, 5538816.899823201820254, 158.09442 ], [ 348771.272983494098298, 5538785.20639530569315, 158.19088 ], [ 348847.225345507846214, 5538746.23746104631573, 158.19501 ], [ 348925.175492356298491, 5538699.202672346495092, 162.86479 ], [ 348942.144548579235561, 5538685.26211800146848, 164.33088 ], [ 348970.171915516722947, 5538646.19922243244946, 162.08056 ], [ 349030.123480657348409, 5538589.214754132553935, 161.21005 ], [ 349053.779038746026345, 5538550.275461827404797, 159.46883 ], [ 349065.929550735512748, 5538530.796776442788541, 158.46061 ], [ 349084.289195310790092, 5538512.700975467450917, 158.65324 ], [ 349106.908537488547154, 5538482.803129574283957, 158.03241 ], [ 349120.056271053501405, 5538457.956073864363134, 156.34468 ], [ 349133.37305460893549, 5538439.112301857210696, 155.50337 ], [ 349187.103830238163937, 5538413.346166784875095, 155.9139 ], [ 349198.030848486290779, 5538401.356604682281613, 155.50343 ], [ 349220.069272066350095, 5538381.377700424753129, 154.72033 ], [ 349263.051694365916774, 5538371.37966522667557, 155.42269 ], [ 349292.001278891926631, 5538357.326034440658987, 154.72949 ], [ 349356.969752970035188, 5538320.342437383718789, 155.84841 ], [ 349376.001862236007582, 5538313.354730461724102, 155.87523 ], [ 349392.02065150917042, 5538260.390508396551013, 154.75952 ], [ 349405.210277636768296, 5538224.194657752290368, 154.17866 ], [ 349423.986127391224727, 5538192.737369506619871, 153.74183 ], [ 349453.958849932299927, 5538161.410819245502353, 153.5339 ], [ 349489.972769096144475, 5538125.464525854215026, 151.92094 ], [ 349506.929462498403154, 5538108.41102633997798, 152.17465 ], [ 349529.509158376953565, 5538071.84075924474746, 152.61088 ], [ 349540.898621360247489, 5538040.479963268153369, 152.37627 ], [ 349556.18468799663242, 5538007.340994783677161, 151.99736 ], [ 349559.856202079565264, 5537971.968958539888263, 151.21529 ], [ 349564.378506915294565, 5537915.767674429342151, 150.39185 ], [ 349564.752022524713539, 5537872.811319144442677, 150.08201 ], [ 349578.090383097354788, 5537829.046253773383796, 150.17687 ], [ 349588.324296598439105, 5537807.620047997683287, 150.24308 ], [ 349615.909274090314284, 5537780.589372014626861, 150.6288 ], [ 349627.901612612069584, 5537765.566947443410754, 150.81062 ], [ 349505.073558520991355, 5537666.431876892223954, 161.74056 ], [ 349537.244541403837502, 5537634.042968608438969, 156.52076 ], [ 349548.357907744473778, 5537618.377483528107405, 155.91097 ], [ 349563.90738728560973, 5537597.135911852121353, 156.61561 ], [ 349564.58993991202442, 5537577.980271765030921, 159.40695 ], [ 349557.606696561444551, 5537559.262180449441075, 162.59023 ], [ 349549.073959657514933, 5537533.912042347714305, 166.1914 ], [ 349544.126108705531806, 5537495.666596293449402, 171.71351 ], [ 349543.904430240043439, 5537464.742900419048965, 177.46072 ], [ 349549.895976797211915, 5537432.754841892048717, 184.88541 ], [ 349554.986747925751843, 5537414.699394906871021, 189.03721 ], [ 349559.631693538860418, 5537388.423319835215807, 193.738 ], [ 349574.898398881079629, 5537405.685242495499551, 193.82987 ], [ 349613.873769202735275, 5537436.745988428592682, 192.15683 ], [ 349647.892021823790856, 5537449.69955450296402, 187.7438 ], [ 349680.856565497582778, 5537450.666938237845898, 180.31433 ], [ 349701.828087596397381, 5537448.744099611416459, 175.03953 ], [ 349717.861529535613954, 5537444.734538508579135, 172.25719 ], [ 349726.865424083196558, 5537422.898104612715542, 177.11959 ], [ 349751.41057218372589, 5537392.281913062557578, 181.22047 ], [ 349772.585413516208064, 5537377.113912716507912, 178.90835 ], [ 349779.936999053345062, 5537365.448383987881243, 177.46022 ], [ 349775.548102796194144, 5537347.102411, 177.73435 ], [ 349736.505013217451051, 5537298.241054223850369, 186.79082 ], [ 349721.722202133503743, 5537264.943908487446606, 189.70324 ], [ 349732.678020088467747, 5537246.168054678477347, 188.99645 ], [ 349752.490770415344741, 5537238.71499598864466, 189.46223 ], [ 349783.975837833015248, 5537235.496697159484029, 193.27187 ], [ 349859.823891976848245, 5537250.729311865754426, 196.22248 ], [ 349893.793428089935333, 5537251.669926159083843, 194.21651 ], [ 349922.76470073137898, 5537263.765175018459558, 190.44711 ], [ 349959.790969372028485, 5537286.761062354780734, 185.22722 ], [ 349985.709118200815283, 5537307.731443424709141, 180.1747 ], [ 350007.73406516527757, 5537317.796252718195319, 176.601 ], [ 350031.757952215266414, 5537319.794667515903711, 173.05817 ], [ 350056.378095117863268, 5537312.319577206857502, 173.0083 ], [ 350084.17981526744552, 5537287.733182272873819, 177.33901 ], [ 350099.148944691056386, 5537271.293638135306537, 179.18897 ], [ 350112.494051328860223, 5537253.230652765370905, 181.4737 ], [ 350143.019555857521482, 5537243.922086666338146, 178.99121 ], [ 350178.177786398446187, 5537236.041904368437827, 175.89069 ], [ 350221.080313435872085, 5537227.945694103837013, 173.04146 ], [ 350244.508204886631574, 5537211.159125826321542, 172.59149 ], [ 350266.33698505803477, 5537193.638502310030162, 171.53362 ], [ 350292.947487981291488, 5537182.882499583996832, 168.16438 ], [ 350317.508930543088354, 5537178.414255467243493, 156.79699 ], [ 350327.706476497405674, 5537158.103275918401778, 153.85859 ], [ 350331.952222274092492, 5537117.375691355206072, 154.17611 ], [ 350338.787373878702056, 5537087.145360551774502, 149.27779 ], [ 350332.125107344705611, 5537041.270512315444648, 150.70711 ], [ 350332.57724293100182, 5537018.895075128413737, 152.81786 ], [ 350341.433186966576613, 5536986.494477517902851, 154.15586 ], [ 350363.062365829653572, 5536936.047580419108272, 151.74611 ], [ 350387.524762087094132, 5536873.950968749821186, 147.79787 ], [ 350398.615683491458185, 5536829.027303172275424, 147.00975 ], [ 350402.479719748371281, 5536802.885240464471281, 149.36148 ], [ 350425.931791996583343, 5536786.877720346674323, 152.07083 ], [ 350487.540826871991158, 5536752.005482623353601, 149.68652 ], [ 350478.570652890135534, 5536734.009247252717614, 153.74789 ], [ 350444.554114579921588, 5536698.019938281737268, 160.81608 ], [ 350416.584159861900844, 5536672.987989733926952, 162.63982 ], [ 350410.592927728721406, 5536664.031919970177114, 162.95359 ], [ 350410.536931881681085, 5536644.007101397961378, 162.78941 ], [ 350413.555568106356077, 5536602.980111901648343, 162.28257 ], [ 350420.52885424537817, 5536575.082524790428579, 161.57569 ], [ 350416.601329985656776, 5536568.071543347090483, 161.88193 ], [ 350475.525447998021264, 5536514.026598766446114, 155.18014 ], [ 350485.523187185113784, 5536489.048782425932586, 153.428 ], [ 350486.534416162525304, 5536466.1015440300107, 152.57693 ], [ 350483.56318796321284, 5536447.048049041070044, 152.74139 ], [ 350505.510902528709266, 5536449.106616259552538, 153.62156 ], [ 350524.503950528509449, 5536461.038253683596849, 152.91814 ], [ 350540.516794901108369, 5536469.04770761821419, 152.66732 ], [ 350553.482494563853834, 5536481.03610010817647, 151.73831 ], [ 350575.533708865870722, 5536479.086793558672071, 152.70114 ], [ 350592.467300160322338, 5536466.043093223124743, 153.77981 ], [ 350608.772041824122425, 5536448.455406429246068, 153.23581 ], [ 350610.50406273023691, 5536441.064187318086624, 153.24824 ], [ 350679.464786057593301, 5536376.172744731418788, 148.56204 ], [ 350738.409706378530245, 5536320.127716170623899, 151.26203 ], [ 350764.394196823821403, 5536302.160009393468499, 150.03054 ], [ 350799.727578123682179, 5536295.169428303837776, 148.18975 ], [ 350861.400209486950189, 5536275.20857852883637, 148.56918 ], [ 350853.374702913570218, 5536260.189439074136317, 152.3954 ], [ 350839.37495742237661, 5536231.651764214038849, 159.7416 ], [ 350824.042691043694504, 5536206.822655213996768, 160.77236 ], [ 350686.643920569098555, 5536100.277321646921337, 162.798 ], [ 350629.504744304926135, 5536056.252186212688684, 164.40071 ], [ 350591.473525182693265, 5536028.272870586253703, 166.15974 ], [ 350646.44522998877801, 5535989.24874927662313, 166.17253 ], [ 350703.424799916509073, 5535955.287197450175881, 164.01179 ], [ 350791.431456066202372, 5535901.327201168984175, 161.54846 ], [ 350886.372616493899841, 5535833.380157917737961, 159.30669 ], [ 351034.207979851169512, 5535734.038196655921638, 155.25069 ], [ 351178.626632606610656, 5535775.312571711838245, 151.95503 ], [ 351190.65726546489168, 5535766.523423053324223, 151.30505 ], [ 351202.164712762809359, 5535736.276265692897141, 148.83288 ], [ 351206.188770807348192, 5535713.134548044763505, 147.4726 ], [ 351203.929562681820244, 5535688.609460914507508, 147.08724 ], [ 351201.550949063617736, 5535657.189770781435072, 147.75736 ], [ 351202.653258416219614, 5535614.102868088521063, 150.89847 ], [ 351285.821324788033962, 5535504.323599861003458, 157.50616 ], [ 351318.956215467944276, 5535531.775918305851519, 157.23648 ], [ 351334.359252504073083, 5535530.681657514534891, 156.81399 ], [ 351348.094974914973136, 5535526.40718586742878, 156.1833 ], [ 351399.452960301074199, 5535462.792466787621379, 155.63056 ], [ 351397.309443868987728, 5535439.821733020246029, 156.61591 ], [ 351361.876019802759402, 5535412.321331778541207, 157.38319 ], [ 351387.860307680326514, 5535378.558562819845974, 157.31953 ], [ 351425.18542550120037, 5535308.434892296791077, 158.318 ], [ 351502.990280711790547, 5535196.471568183042109, 163.96891 ], [ 351560.196016584755853, 5535232.493722652085125, 162.57971 ], [ 351608.727652868197765, 5535261.190851452760398, 162.03168 ], [ 351679.678812428726815, 5535290.715096251107752, 161.46375 ], [ 351742.710268353344873, 5535314.228671982884407, 159.69145 ], [ 351755.682358893565834, 5535310.866428253240883, 159.5569 ], [ 351759.849380003637634, 5535295.397990264929831, 159.9959 ], [ 351783.750229163619224, 5535154.889038735069335, 161.05721 ], [ 351813.642352357972413, 5535038.913699698634446, 159.16849 ], [ 351846.890820921922568, 5534987.263149973936379, 157.57321 ], [ 351876.499382650770713, 5534944.16873431019485, 157.19614 ], [ 351885.835631973866839, 5534920.88113059476018, 156.99593 ], [ 351893.997458163066767, 5534948.692397747188807, 157.66035 ], [ 351906.974477025563829, 5534963.687648825347424, 158.35242 ], [ 351925.941576659912243, 5534974.623720301315188, 158.47044 ], [ 351934.925816058297642, 5534990.619230825453997, 158.35948 ], [ 351934.970219926908612, 5535015.650571526028216, 158.02363 ], [ 351930.933625878533348, 5535030.670210658572614, 157.84107 ], [ 351959.944344463176094, 5535111.643016862682998, 154.20064 ], [ 351964.230124299530871, 5535136.891140058636665, 153.54236 ], [ 351971.611359663889743, 5535152.04086547717452, 153.68887 ], [ 351974.924043295206502, 5535170.640482948161662, 153.73978 ], [ 351972.951186514343135, 5535187.605782839469612, 153.04177 ], [ 351977.903854158066679, 5535200.597378507256508, 153.54748 ], [ 351982.917240849346854, 5535223.600329303182662, 154.15232 ], [ 351977.967241178033873, 5535244.541690811514854, 152.64616 ], [ 351966.922531122574583, 5535260.533391181379557, 150.51126 ], [ 351973.969488624250516, 5535276.582381933927536, 151.28313 ], [ 351979.948509974812623, 5535308.57042234018445, 152.1809 ], [ 351977.903990096179768, 5535325.537702738307416, 151.62389 ], [ 351987.963518005330116, 5535341.503620073199272, 155.14481 ], [ 351985.957718413788825, 5535375.491978131234646, 155.69365 ], [ 351981.910272849258035, 5535387.507985258474946, 154.84292 ], [ 351978.916774569661357, 5535406.504048170521855, 154.71197 ], [ 351979.943205283780117, 5535425.500494677573442, 155.87674 ], [ 351967.944426723232027, 5535448.527651733718812, 152.51169 ], [ 351970.946237240335904, 5535471.474824056960642, 153.90755 ], [ 351967.952846395317465, 5535490.470896990969777, 153.22955 ], [ 351979.921683392487466, 5535557.450587179511786, 154.42558 ], [ 351990.918755160935689, 5535568.38412063755095, 150.70576 ], [ 351993.962058989214711, 5535582.429686074145138, 145.81717 ], [ 352012.913348311558366, 5535582.463324818760157, 144.26855 ], [ 352024.884424507967196, 5535584.469593053683639, 142.92638 ], [ 352035.89790568157332, 5535580.383217762224376, 143.53484 ], [ 352048.876256962656043, 5535569.456087937578559, 146.2905 ], [ 352065.915543230483308, 5535557.415743326768279, 149.32302 ], [ 352085.876660028938204, 5535552.415294864214957, 148.92544 ], [ 352129.879794573527761, 5535526.39260384067893, 151.82674 ], [ 352180.863344885176048, 5535511.414845360442996, 147.82621 ], [ 352185.874584309232887, 5535487.468095488846302, 155.10384 ], [ 352195.821187679073773, 5535478.516198673285544, 156.19258 ], [ 352205.858360579120927, 5535475.458378673531115, 155.43611 ], [ 352226.862081051163841, 5535487.451878105290234, 149.12333 ], [ 352239.843175920716021, 5535484.424315271899104, 148.40886 ], [ 352250.794069267692976, 5535475.444873541593552, 149.07049 ], [ 352284.84394940227503, 5535455.482843519188464, 148.10459 ], [ 352306.808243053383194, 5535455.434608472511172, 144.34693 ], [ 352342.804003910510801, 5535430.524167442694306, 146.1466 ], [ 352355.817838326329365, 5535436.507691205479205, 142.47599 ], [ 352379.76787594234338, 5535409.481297165155411, 146.61641 ], [ 352399.795648257248104, 5535409.486718153581023, 142.6979 ], [ 352426.777450646797661, 5535393.502715262584388, 141.86859 ], [ 352475.70176223712042, 5535350.548119061626494, 143.21102 ], [ 352498.385206034756266, 5535347.922045391984284, 138.11311 ], [ 352524.355916490720119, 5535339.531714146025479, 137.46267 ], [ 352562.213886207842734, 5535317.019276795908809, 137.12474 ], [ 352573.983528114855289, 5535296.002473936416209, 138.11916 ], [ 352591.890103083685972, 5535276.2634610645473, 139.11921 ], [ 352623.86227237735875, 5535261.589765719138086, 137.38945 ], [ 352641.137297771754675, 5535244.983420035801828, 138.50847 ], [ 352696.613642914569937, 5535202.629886525683105, 142.92996 ], [ 352732.630695868399926, 5535204.534128326922655, 137.19428 ], [ 352755.78376158257015, 5535184.985516464337707, 137.90407 ], [ 352789.618049344047904, 5535146.564444079063833, 141.04902 ], [ 352812.573588777566329, 5535114.560955498367548, 141.40168 ], [ 352827.574506461736746, 5535085.668321177363396, 141.44637 ], [ 352830.615543436608277, 5535065.670292004011571, 142.74035 ], [ 352851.601571855600923, 5535027.268217074684799, 139.16335 ], [ 352856.918787663453259, 5534998.641177902929485, 137.92907 ], [ 352878.560946181649342, 5534973.683092998340726, 136.23176 ], [ 352912.555418835196178, 5534922.686719140969217, 135.7103 ], [ 353003.387335969135165, 5534973.155706414021552, 132.47898 ], [ 353034.375147458340507, 5534896.208884769119322, 134.26901 ], [ 353061.545808952709194, 5534792.554397341795266, 131.89173 ], [ 353093.490209643670823, 5534692.774636858142912, 130.89713 ], [ 353143.474953611788806, 5534501.829088286496699, 131.24696 ], [ 353152.470004235685337, 5534444.843196612782776, 131.05356 ], [ 353156.474268315476365, 5534383.877426913939416, 130.52829 ], [ 353150.438842109637335, 5534325.967645634897053, 130.44589 ], [ 353082.458025604079012, 5534105.985957747325301, 127.93793 ], [ 353041.482047224242706, 5533952.018503816798329, 127.96385 ], [ 353031.479001178522594, 5533896.108743716962636, 127.77544 ], [ 353026.496079029107932, 5533748.165325257927179, 128.14024 ], [ 353026.436653131037019, 5533648.927910627797246, 128.14426 ], [ 353026.511469538731035, 5533536.225044967606664, 128.51159 ], [ 353029.486591064138338, 5533461.269347402267158, 128.76527 ], [ 353010.790975149429869, 5533473.462773406878114, 132.7668 ], [ 352996.502313094271813, 5533510.2341303601861, 134.73791 ], [ 352976.267012757249177, 5533534.374074503779411, 137.74527 ], [ 352964.556273589842021, 5533547.266481269150972, 139.03479 ], [ 352946.324699095799588, 5533565.900213582441211, 141.37226 ], [ 352924.880761752661783, 5533569.491370645351708, 144.79332 ], [ 352923.537303534976672, 5533549.279829137958586, 146.51791 ], [ 352951.521751389838755, 5533488.213461183942854, 145.16171 ], [ 352995.50470433884766, 5533400.341982489451766, 141.80427 ], [ 353021.532629091176204, 5533333.321886040270329, 144.89136 ], [ 353053.512013583385851, 5533242.330659753642976, 151.97644 ], [ 353108.457401636987925, 5533174.408669635653496, 149.34503 ], [ 353150.444764821149874, 5533118.412054544314742, 149.32236 ], [ 353179.380502498999704, 5533107.719312951900065, 144.1989 ], [ 353222.446854052366689, 5533075.390976696275175, 143.48671 ], [ 353252.381525525241159, 5533064.448837756179273, 140.88422 ], [ 353353.397433490492404, 5533042.44271751306951, 135.7203 ], [ 353422.357107521267608, 5533019.421983638778329, 137.03954 ], [ 353475.292256802786142, 5532985.491407306864858, 144.72072 ], [ 353500.290501579060219, 5532980.470575503073633, 144.42196 ], [ 353539.267093686328735, 5532982.411419902928174, 141.24636 ], [ 353593.265428216313012, 5532958.465911087580025, 145.71437 ], [ 353628.272284180857241, 5532946.49764021858573, 144.76464 ], [ 353669.263038397824857, 5532927.468837884254754, 146.11118 ], [ 353697.194228343956638, 5532911.466170488856733, 149.41904 ], [ 353823.158951997058466, 5532882.448111321777105, 149.75926 ], [ 353987.093521563685499, 5532831.485076311975718, 151.89791 ], [ 354077.087096705567092, 5532826.480547287501395, 150.67026 ], [ 354116.07717998069711, 5532831.540338476188481, 151.10875 ], [ 354142.015762390568852, 5532850.527720966376364, 149.0334 ], [ 354236.979221848072484, 5532872.536679449491203, 146.20269 ], [ 354314.961856248788536, 5532885.440076210536063, 143.64024 ], [ 354358.993344490532763, 5532880.46333132404834, 144.29126 ], [ 354422.956230168114416, 5532842.460809096693993, 146.49504 ], [ 354464.932515592779964, 5532830.531718869693577, 144.78145 ], [ 354537.903263865213376, 5532809.530763526447117, 140.29601 ], [ 354589.851697920123115, 5532794.55129477661103, 135.402 ], [ 354636.861615536618046, 5532785.491138086654246, 130.21681 ], [ 354680.855534340254962, 5532744.583455494605005, 131.03643 ], [ 354735.790814694715664, 5532720.51316865067929, 129.60319 ], [ 354811.782169828715269, 5532707.555801870301366, 128.22367 ], [ 354882.745246613223571, 5532702.523050657473505, 127.18685 ], [ 354945.740369893203024, 5532705.605339214205742, 129.19944 ], [ 355018.695936746778898, 5532710.533299311995506, 132.50989 ], [ 355055.683177502360195, 5532726.556692477315664, 129.72386 ], [ 355114.634618278010748, 5532723.519930724985898, 138.56887 ], [ 355136.645729757961817, 5532727.48759294860065, 139.37736 ], [ 355148.541398520348594, 5532737.179488306865096, 136.67689 ], [ 355179.699805940967053, 5532747.464532575570047, 136.1454 ], [ 355227.612523086601868, 5532766.532078226096928, 134.49264 ], [ 355292.587382752099074, 5532800.49313154257834, 128.83123 ], [ 355337.589939043449704, 5532823.533849094063044, 126.35388 ], [ 355344.537950416444801, 5532793.53114733286202, 125.53503 ], [ 355363.532749090227298, 5532741.50988881289959, 126.98309 ], [ 355414.51326793548651, 5532786.52944556530565, 131.01534 ], [ 355484.540174462774303, 5532845.499713798053563, 130.40709 ], [ 355522.53250533377286, 5532805.539428304880857, 135.63593 ], [ 355561.189207056071609, 5532768.899131732992828, 140.10674 ], [ 355577.72765128838364, 5532783.028417346999049, 139.25381 ], [ 355595.498222816328052, 5532773.539222318679094, 140.04585 ], [ 355619.449688478664029, 5532753.53751686681062, 141.46675 ], [ 355637.465493623283692, 5532750.494484049268067, 141.63432 ], [ 355663.4347174850991, 5532765.483081090264022, 141.04078 ], [ 355711.427882082993165, 5532731.485589467920363, 141.91842 ], [ 355781.356569157331251, 5532658.517712940461934, 147.4792 ], [ 355835.35980188427493, 5532607.561052871868014, 150.59434 ], [ 355870.374880933901295, 5532571.577148532494903, 153.48243 ], [ 355933.353444666368887, 5532485.670269096270204, 156.44825 ], [ 355980.313363740278874, 5532415.657622548751533, 158.93609 ], [ 356008.318971354339737, 5532372.631315258331597, 159.24926 ], [ 356026.943304972955957, 5532338.645455965772271, 159.40233 ], [ 356048.417282474692911, 5532309.144618533551693, 159.86859 ], [ 356095.267189016565681, 5532261.720101242884994, 160.30544 ], [ 356152.076579407788813, 5532210.691805642098188, 161.10987 ], [ 356222.223921083903406, 5532142.730757066048682, 159.35273 ], [ 356242.201089223846793, 5532137.746100439690053, 158.64216 ], [ 356256.193756307300646, 5532115.78896523732692, 144.69032 ], [ 356268.194864562479779, 5532134.825568907894194, 135.92034 ], [ 356269.189713888627011, 5532182.74819159694016, 132.47618 ], [ 356254.18043996556662, 5532225.758972185663879, 138.62119 ], [ 356236.215107879368588, 5532281.754054242745042, 140.41593 ], [ 356226.199012302618939, 5532312.727441406808794, 140.08869 ], [ 356232.210246863367502, 5532330.700508195906878, 135.45963 ], [ 356245.225425734592136, 5532301.760647540912032, 132.32972 ], [ 356259.215791780035943, 5532271.682221254333854, 128.6054 ], [ 356276.173105041554663, 5532239.744444044306874, 123.38788 ], [ 356286.173781186807901, 5532194.753943685442209, 122.86653 ], [ 356286.178530810051598, 5532162.713493266142905, 125.28708 ], [ 356309.114814978791401, 5532147.526075535453856, 121.29828 ], [ 356300.15305369842099, 5532142.759481837041676, 123.5095 ], [ 356283.213870082166977, 5532129.751219937577844, 129.43564 ], [ 356293.156522341887467, 5532114.800102723762393, 128.71261 ], [ 356309.159713054657914, 5532127.722180107608438, 123.78777 ], [ 356330.189803199493326, 5532121.819685983471572, 121.18749 ], [ 356348.028856304823421, 5532098.647437485866249, 121.11424 ], [ 356359.142660231969785, 5532073.763796489685774, 122.20945 ], [ 356406.134524652268738, 5532028.785950159654021, 120.07871 ], [ 356450.133532119565643, 5532000.798660978674889, 119.77553 ], [ 356475.075192284537479, 5531998.797283963300288, 117.63565 ], [ 356518.103505157167092, 5531982.851604516617954, 114.17582 ], [ 356556.088724747416563, 5531987.844830951653421, 111.03809 ], [ 356576.076727764098905, 5531977.854879757389426, 110.63308 ], [ 356585.039380511734635, 5531963.82052384223789, 110.60361 ], [ 356585.087759528018069, 5531946.797860435210168, 110.73788 ], [ 356596.087834823818412, 5531914.909016406163573, 110.31835 ], [ 356587.05659973755246, 5531869.871011892333627, 109.90059 ], [ 356569.089057753095403, 5531839.867927490733564, 114.33174 ], [ 356519.090549101878423, 5531828.854068436659873, 133.12916 ], [ 356568.056923602125607, 5531768.917481495067477, 129.7521 ], [ 356637.052128069160972, 5531686.975563876330853, 118.21549 ], [ 356702.038602047716267, 5531618.936622750945389, 116.97605 ], [ 356774.990997220622376, 5531564.036276133731008, 114.00744 ], [ 356821.959251892927568, 5531525.960621790029109, 116.29148 ], [ 356862.925254663219675, 5531489.046549687162042, 117.39962 ], [ 356884.943146112607792, 5531458.088713829405606, 115.99317 ], [ 356917.921619834902231, 5531399.026523818261921, 115.42521 ], [ 356924.898544213734567, 5531348.110587066039443, 117.69336 ], [ 356927.940148670226336, 5531295.074437350966036, 116.97687 ], [ 356950.939284011139534, 5531236.166981595568359, 108.72274 ], [ 356983.694877646456007, 5531241.525154745206237, 107.55087 ], [ 357035.851615027524531, 5531230.903560089878738, 109.96854 ], [ 357075.989869206794538, 5531232.950884978286922, 113.45929 ], [ 357129.737055813428015, 5531225.402916515246034, 115.25157 ], [ 357232.932070998940617, 5531224.217835210263729, 110.70572 ], [ 357321.172596180695109, 5531238.784260547719896, 109.36096 ], [ 357394.334112190175802, 5531264.432237192988396, 109.46692 ], [ 357431.343880585976876, 5531265.007719576358795, 109.50906 ], [ 357454.749085003742948, 5531278.070549353025854, 110.17546 ], [ 357494.724404430948198, 5531282.127792817540467, 110.5325 ], [ 357549.645710953162052, 5531270.102894948795438, 109.18135 ], [ 357584.677580394200049, 5531280.076837900094688, 110.21522 ], [ 357682.64650217758026, 5531285.046321842819452, 109.24581 ], [ 357722.598452478414401, 5531280.094649157486856, 108.94537 ], [ 357772.617156464897562, 5531270.093098262324929, 108.92868 ], [ 357833.597650560666807, 5531267.144474767148495, 108.90993 ], [ 357910.531606243632268, 5531297.038267870433629, 110.33222 ], [ 358002.470657591940835, 5531313.075425344519317, 111.48459 ], [ 358009.5128457788378, 5531272.3945846343413, 109.6 ] ] ] } }
]
}
