{
"type": "FeatureCollection",
"name": "saarhunsruecksteig",
"crs": { "type": "name", "properties": { "name": "urn:ogc:def:crs:EPSG::25832" } },
"features": [
{ "type": "Feature", "properties": { "name": "Saar-Hunsrück-Steig - 01. Etappe: Perl - Hellendorf", "km": 17.479, "darstell": "F1", "datum": null, "height": 396, "link": "https://www.saar-hunsrueck-steig.de/tour/saar-hunsrueck-steig-01.-etappe-perl-hellendorf-e4f8809393" }, "geometry": { "type": "MultiLineString", "coordinates": [ [ [ 310641.127088656416163, 5483204.896306771785021, 234.0 ], [ 310652.135032941121608, 5483198.170803442597389, 234.0 ], [ 310656.83170715929009, 5483168.404628058895469, 236.0 ], [ 310670.195802012458444, 5483171.057091427966952, 236.0 ], [ 310693.324374259973411, 5483175.040208044461906, 238.0 ], [ 310708.182631225325167, 5483176.86189925391227, 238.0 ], [ 310718.323903414595407, 5483176.510141649283469, 239.0 ], [ 310727.404785465390887, 5483174.859698105603456, 239.0 ], [ 310738.924616123200394, 5483170.342429638840258, 239.0 ], [ 310762.524561324389651, 5483160.732089491561055, 240.0 ], [ 310781.794513333938085, 5483153.831660966388881, 241.0 ], [ 310797.584415825200267, 5483149.055177357047796, 241.0 ], [ 310805.723665999539662, 5483147.437514473684132, 241.0 ], [ 310814.297548509435728, 5483145.804796617478132, 242.0 ], [ 310833.374953194637783, 5483143.807994729839265, 242.0 ], [ 310851.030575279204641, 5483142.639569472521544, 243.0 ], [ 310853.054988420335576, 5483142.458113365806639, 243.0 ], [ 310857.839043689658865, 5483129.827817738056183, 243.0 ], [ 310861.067245026119053, 5483116.249840316362679, 244.0 ], [ 310861.375565016060136, 5483104.219832275062799, 244.0 ], [ 310858.017998719529714, 5483097.324927784502506, 244.0 ], [ 310831.350590835209005, 5483060.299334313720465, 246.0 ], [ 310804.682838191860355, 5483023.273863830603659, 247.0 ], [ 310802.5342904899735, 5483017.783844962716103, 247.0 ], [ 310802.307709389249794, 5483013.340097095817327, 247.0 ], [ 310804.963308635982685, 5483008.351271374151111, 248.0 ], [ 310826.094963268726133, 5482992.372003647498786, 249.0 ], [ 310807.228135203127749, 5482966.984144389629364, 250.0 ], [ 310799.77059778344119, 5482956.89269823115319, 251.0 ], [ 310787.27452810225077, 5482941.634019051678479, 252.0 ], [ 310763.028146250755526, 5482907.529593794606626, 254.0 ], [ 310803.56746427109465, 5482882.308028060011566, 257.0 ], [ 310844.179590721498244, 5482857.084262830205262, 261.0 ], [ 310871.758576170308515, 5482838.767260646447539, 264.0 ], [ 310876.95366380980704, 5482833.801770186983049, 265.0 ], [ 310879.334328846307471, 5482827.153169515542686, 266.0 ], [ 310879.14870493876515, 5482819.703175840899348, 267.0 ], [ 310877.010246260440908, 5482810.317632166668773, 268.0 ], [ 310866.613455464190338, 5482790.757008163258433, 271.0 ], [ 310862.656938525382429, 5482783.326399840414524, 272.0 ], [ 310849.647397032473236, 5482772.091802603565156, 275.0 ], [ 310825.718210776161868, 5482751.330894689075649, 279.0 ], [ 310808.519153070403263, 5482732.228718217462301, 283.0 ], [ 310791.31997842702549, 5482713.126593381166458, 288.0 ], [ 310786.679715133970603, 5482702.714903954416513, 291.0 ], [ 310772.392753781576175, 5482671.381259087473154, 298.0 ], [ 310769.703828009660356, 5482669.137392283417284, 299.0 ], [ 310769.703828009660356, 5482669.137392283417284, 299.0 ], [ 310752.155239437939599, 5482654.610379220917821, 304.0 ], [ 310707.523777465801686, 5482641.356478720903397, 307.0 ], [ 310675.368036234052852, 5482628.115335053764284, 309.0 ], [ 310653.695756338653155, 5482609.725207967683673, 311.0 ], [ 310645.197658952849451, 5482592.658749890513718, 311.0 ], [ 310632.474525587400422, 5482575.071142729371786, 311.0 ], [ 310604.098632905283011, 5482566.262148262932897, 311.0 ], [ 310587.738780454150401, 5482560.931461055763066, 311.0 ], [ 310575.609075495973229, 5482550.000793563202024, 309.0 ], [ 310574.388217492727563, 5482548.262518431060016, 308.0 ], [ 310557.357000471150968, 5482523.590710091404617, 303.0 ], [ 310552.443511111778207, 5482517.862860979512334, 302.0 ], [ 310536.860667538014241, 5482520.295666560530663, 299.0 ], [ 310533.952961065922864, 5482524.291756457649171, 298.0 ], [ 310527.879906136426143, 5482526.950950679369271, 297.0 ], [ 310514.240698957932182, 5482526.867967646569014, 294.0 ], [ 310498.7654223627178, 5482521.951987895183265, 292.0 ], [ 310474.270812418311834, 5482522.579861498437822, 289.0 ], [ 310462.290133686619811, 5482522.216838788241148, 287.0 ], [ 310449.871808539610356, 5482523.872267351485789, 286.0 ], [ 310433.522983579081483, 5482527.222294428385794, 284.0 ], [ 310423.183361219940707, 5482530.252367733977735, 283.0 ], [ 310413.67063557257643, 5482532.029545322991908, 281.0 ], [ 310406.137131250929087, 5482534.40573410782963, 280.0 ], [ 310398.93314386572456, 5482531.651126315817237, 280.0 ], [ 310393.632978124078363, 5482531.501365108415484, 280.0 ], [ 310388.695962943253107, 5482533.453512824140489, 279.0 ], [ 310382.09948743681889, 5482533.571375318802893, 279.0 ], [ 310371.430571572156623, 5482533.385563993826509, 278.0 ], [ 310365.787482682964765, 5482533.804195899516344, 278.0 ], [ 310362.68001508328598, 5482534.134738341905177, 278.0 ], [ 310357.934248164936434, 5482537.415756233967841, 277.0 ], [ 310347.693224881310016, 5482539.107063891366124, 277.0 ], [ 310344.985677963704802, 5482538.422106389887631, 277.0 ], [ 310343.331000920385122, 5482538.813471886329353, 277.0 ], [ 310342.874087047704961, 5482540.276124930009246, 276.0 ], [ 310342.835352114983834, 5482547.511355315335095, 276.0 ], [ 310337.506177230156027, 5482550.701373402029276, 276.0 ], [ 310322.702026076498441, 5482554.6658103344962, 275.0 ], [ 310300.684199600596912, 5482559.771316139027476, 273.0 ], [ 310290.858588925679214, 5482560.891843352466822, 272.0 ], [ 310279.421777566254605, 5482565.740981198847294, 271.0 ], [ 310266.24918065383099, 5482568.647250110283494, 270.0 ], [ 310265.307384184387047, 5482568.679987886920571, 270.0 ], [ 310264.311517587280832, 5482583.850131493993104, 269.0 ], [ 310251.948473973432556, 5482597.52349005267024, 267.0 ], [ 310234.109583642915823, 5482610.163060580380261, 264.0 ], [ 310208.712293230579235, 5482620.283242468722165, 258.0 ], [ 310187.2763779272791, 5482629.598041233606637, 254.0 ], [ 310168.906085085007362, 5482622.780437174253166, 249.0 ], [ 310167.574001646018587, 5482619.93320650793612, 249.0 ], [ 310158.744902345351875, 5482599.651493293233216, 247.0 ], [ 310161.417653981479816, 5482599.33595163654536, 247.0 ], [ 310165.680341172381304, 5482598.853822912089527, 248.0 ], [ 310183.437223909131717, 5482598.458855155855417, 251.0 ], [ 310190.355207315646112, 5482592.987612828612328, 252.0 ], [ 310198.726097752340138, 5482595.923951782286167, 254.0 ], [ 310208.606638684053905, 5482590.127134555950761, 256.0 ], [ 310211.848262048035394, 5482583.225686115212739, 257.0 ], [ 310229.975937221897766, 5482560.114682274870574, 262.0 ], [ 310242.507142988615669, 5482555.44997369684279, 263.0 ], [ 310254.464584141387604, 5482546.798777790740132, 263.0 ], [ 310269.207864316995256, 5482534.823345944285393, 263.0 ], [ 310290.680048575624824, 5482520.276982179842889, 263.0 ], [ 310315.047373162175063, 5482499.286537682637572, 263.0 ], [ 310351.112688570632599, 5482476.776856897398829, 263.0 ], [ 310353.255204699817114, 5482475.812092964537442, 263.0 ], [ 310366.968097339035012, 5482469.659855432808399, 264.0 ], [ 310370.58566970215179, 5482467.308367611840367, 264.0 ], [ 310378.859174762561452, 5482465.35158965177834, 264.0 ], [ 310392.524670320330188, 5482464.097845997661352, 264.0 ], [ 310405.234952281229198, 5482458.314407533034682, 265.0 ], [ 310413.721961684292182, 5482456.238977540284395, 265.0 ], [ 310443.718399206758477, 5482444.847198008559644, 265.0 ], [ 310472.154075256432407, 5482430.282362597063184, 266.0 ], [ 310480.025952202966437, 5482425.112268650904298, 266.0 ], [ 310487.395445820293389, 5482422.185435630381107, 266.0 ], [ 310495.001585516729392, 5482419.80684887804091, 267.0 ], [ 310499.60351287573576, 5482418.645471164025366, 267.0 ], [ 310506.108379154582508, 5482417.974487498402596, 267.0 ], [ 310512.298568289668765, 5482412.417662389576435, 267.0 ], [ 310517.2803065686021, 5482407.570535832084715, 267.0 ], [ 310523.223170099430718, 5482403.246503100730479, 267.0 ], [ 310525.849728094530292, 5482401.597266706638038, 267.0 ], [ 310529.094455308513716, 5482401.039477141574025, 267.0 ], [ 310538.046287565492094, 5482397.723921036347747, 267.0 ], [ 310543.702388657839037, 5482391.406640999019146, 267.0 ], [ 310547.871811901393812, 5482386.142578277736902, 267.0 ], [ 310560.23307170951739, 5482374.473252790048718, 267.0 ], [ 310576.151730605808552, 5482352.441810076124966, 267.0 ], [ 310579.623730361403432, 5482347.981008824892342, 267.0 ], [ 310584.317976857186295, 5482339.026190136559308, 267.0 ], [ 310589.753826358006336, 5482334.719831306487322, 267.0 ], [ 310599.4534317801008, 5482332.046178827993572, 267.0 ], [ 310610.358508057775907, 5482330.666201759129763, 268.0 ], [ 310615.108460593619384, 5482327.496568814851344, 268.0 ], [ 310624.387999245314859, 5482323.168183929286897, 268.0 ], [ 310636.107684135087766, 5482318.087424678727984, 268.0 ], [ 310646.28282253612997, 5482312.392528999596834, 268.0 ], [ 310657.003682357841171, 5482307.791625359095633, 269.0 ], [ 310665.53341239731526, 5482306.939315272495151, 270.0 ], [ 310677.390354512259364, 5482301.631308062933385, 271.0 ], [ 310684.33777614578139, 5482301.167777151800692, 272.0 ], [ 310688.516705285641365, 5482300.355107279494405, 272.0 ], [ 310697.128879156429321, 5482295.604836639948189, 273.0 ], [ 310702.977214791928418, 5482292.731064434163272, 274.0 ], [ 310709.966261200956069, 5482291.375803179107606, 275.0 ], [ 310720.358868912793696, 5482285.673512006178498, 276.0 ], [ 310730.846293659764342, 5482278.521184358745813, 277.0 ], [ 310742.753454638295807, 5482274.658355104736984, 279.0 ], [ 310758.983723627810832, 5482267.863431047648191, 280.0 ], [ 310773.154610962374136, 5482260.249625528231263, 281.0 ], [ 310779.490904699603561, 5482256.802575363777578, 282.0 ], [ 310797.140196248306893, 5482251.182771656662226, 283.0 ], [ 310823.199941846949514, 5482241.265117542818189, 285.0 ], [ 310832.076629147690255, 5482239.955891492776573, 286.0 ], [ 310843.989252233644947, 5482240.43340708501637, 288.0 ], [ 310875.581323795253411, 5482239.450075567699969, 292.0 ], [ 310892.554603060067166, 5482241.533005735836923, 294.0 ], [ 310901.89680438808864, 5482241.098085557110608, 296.0 ], [ 310908.348706335760653, 5482240.985879382118583, 297.0 ], [ 310907.482140543172136, 5482249.473920203745365, 298.0 ], [ 310908.379909478127956, 5482254.450861615128815, 299.0 ], [ 310906.993229541811161, 5482258.394038552418351, 299.0 ], [ 310901.322600941755809, 5482268.495264319702983, 301.0 ], [ 310900.884764442860615, 5482270.51364781986922, 301.0 ], [ 310900.485434608883224, 5482273.643595376983285, 302.0 ], [ 310900.844544149935246, 5482275.634371554479003, 302.0 ], [ 310900.932396194082685, 5482276.076487401500344, 302.0 ], [ 310901.5319577481132, 5482278.726672756485641, 303.0 ], [ 310901.365379500726704, 5482282.293716647662222, 303.0 ], [ 310900.09352006012341, 5482287.457106474786997, 304.0 ], [ 310897.692565686244052, 5482291.435423259623349, 305.0 ], [ 310895.238419523579068, 5482295.972033066675067, 306.0 ], [ 310891.800795191375073, 5482301.433033683337271, 307.0 ], [ 310890.798058702843264, 5482301.801641433499753, 307.0 ], [ 310890.241570214624517, 5482302.48865910153836, 308.0 ], [ 310867.993920712964609, 5482319.84163212031126, 313.0 ], [ 310867.0528109211009, 5482321.988746793009341, 313.0 ], [ 310869.047445971053094, 5482323.032535098493099, 314.0 ], [ 310887.602076794777531, 5482322.612268671393394, 317.0 ], [ 310905.974727136315778, 5482325.314483629539609, 319.0 ], [ 310920.778816980542615, 5482329.698424213565886, 320.0 ], [ 310925.785486914974172, 5482329.747582878917456, 320.0 ], [ 310932.909976614697371, 5482334.397562636062503, 321.0 ], [ 310935.954226736794226, 5482338.521133055910468, 321.0 ], [ 310929.659592571784742, 5482341.076241257600486, 322.0 ], [ 310914.884621760691516, 5482343.813816695474088, 322.0 ], [ 310914.305032571894117, 5482343.833893501199782, 322.0 ], [ 310898.419524969998747, 5482343.827737925574183, 323.0 ], [ 310886.866250368650071, 5482345.340884794481099, 324.0 ], [ 310877.678274727310054, 5482350.222091515548527, 324.0 ], [ 310865.536996894341428, 5482349.418570010922849, 323.0 ], [ 310854.244186298805289, 5482354.261458240449429, 321.0 ], [ 310832.548890338337515, 5482358.240669449791312, 319.0 ], [ 310820.829884366830811, 5482365.435487437061965, 317.0 ], [ 310812.62235002592206, 5482371.395729067735374, 316.0 ], [ 310802.054109420743771, 5482376.213618061505258, 315.0 ], [ 310786.927023756783456, 5482385.529860486276448, 314.0 ], [ 310776.204669337021187, 5482396.362803033553064, 314.0 ], [ 310761.663431127206422, 5482401.652373175136745, 314.0 ], [ 310747.633208150276914, 5482407.035556271672249, 314.0 ], [ 310734.064677190035582, 5482413.181798714213073, 314.0 ], [ 310731.785672965575941, 5482416.488231149502099, 314.0 ], [ 310733.271662625600584, 5482423.781848012469709, 314.0 ], [ 310707.130528446636163, 5482437.597970243543386, 315.0 ], [ 310702.100139357266016, 5482445.22885481081903, 317.0 ], [ 310699.264051383943297, 5482457.569118713028729, 319.0 ], [ 310697.117890282825101, 5482479.345114923082292, 322.0 ], [ 310694.49932389438618, 5482502.139108574017882, 326.0 ], [ 310695.078242514631711, 5482510.465787672437727, 327.0 ], [ 310695.503757146303542, 5482516.460695183835924, 328.0 ], [ 310703.526966346835252, 5482528.201771626248956, 330.0 ], [ 310707.473886092251632, 5482539.527770984917879, 330.0 ], [ 310706.912924721022137, 5482548.450431984849274, 330.0 ], [ 310703.102667849394493, 5482555.705138965509832, 330.0 ], [ 310703.52511885354761, 5482563.703374849632382, 330.0 ], [ 310710.006023997208104, 5482570.712471571750939, 330.0 ], [ 310700.904050291865133, 5482569.692651436664164, 329.0 ], [ 310710.006023997208104, 5482570.712471571750939, 329.0 ], [ 310746.02623495174339, 5482578.25533511582762, 328.0 ], [ 310765.748402720317245, 5482582.245721897110343, 328.0 ], [ 310782.042479966592509, 5482585.687277384102345, 327.0 ], [ 310818.720669216592796, 5482589.20135925989598, 326.0 ], [ 310836.371883852174506, 5482592.039585405960679, 326.0 ], [ 310868.535990768228658, 5482597.157210760749876, 326.0 ], [ 310868.661623012507334, 5482596.596407979726791, 326.0 ], [ 310907.045120873430278, 5482603.279389737173915, 327.0 ], [ 310955.792712937283795, 5482611.829459907487035, 328.0 ], [ 310973.760485130071174, 5482615.43618511967361, 327.0 ], [ 310989.613905818783678, 5482648.051523610018194, 325.0 ], [ 310996.516076027415693, 5482650.483464660122991, 325.0 ], [ 311026.847468409745488, 5482661.341231171041727, 324.0 ], [ 311058.744904742343351, 5482669.251415124163032, 325.0 ], [ 311090.638391569547821, 5482677.050626657903194, 327.0 ], [ 311120.005205831199419, 5482676.813314000144601, 328.0 ], [ 311141.487773397064302, 5482679.297333681955934, 328.0 ], [ 311156.682437115465291, 5482680.3296452248469, 328.0 ], [ 311161.189354593516327, 5482680.618870110251009, 328.0 ], [ 311182.190451497677714, 5482679.669729965738952, 328.0 ], [ 311200.39436878246488, 5482683.82545580342412, 328.0 ], [ 311210.771068485861178, 5482690.255183808505535, 328.0 ], [ 311217.996845051296987, 5482691.563307057134807, 328.0 ], [ 311231.748813454993069, 5482701.21501437574625, 327.0 ], [ 311245.49894804955693, 5482704.523317311890423, 326.0 ], [ 311255.156439235666767, 5482702.742577067576349, 325.0 ], [ 311262.771310721174814, 5482704.816328571178019, 324.0 ], [ 311270.879077712190337, 5482710.656887595541775, 323.0 ], [ 311282.295590480905958, 5482713.600816261954606, 322.0 ], [ 311292.97016915702261, 5482722.357469444163144, 321.0 ], [ 311300.024089630576782, 5482722.892613407224417, 321.0 ], [ 311330.268168892129324, 5482724.963161773979664, 320.0 ], [ 311355.457097541366238, 5482729.768250576220453, 319.0 ], [ 311374.872449751012027, 5482745.901914674788713, 318.0 ], [ 311400.399328338622581, 5482745.798794264905155, 318.0 ], [ 311404.898485446930863, 5482745.86590550839901, 318.0 ], [ 311425.998643896193244, 5482745.693290257826447, 318.0 ], [ 311441.853212561574765, 5482749.040653519332409, 319.0 ], [ 311461.846231672680005, 5482758.811165088787675, 320.0 ], [ 311492.234558636322618, 5482775.56778225582093, 321.0 ], [ 311522.546413220698014, 5482792.215909319929779, 322.0 ], [ 311552.930520438821986, 5482808.861699095927179, 324.0 ], [ 311582.440826730628032, 5482823.312031333334744, 326.0 ], [ 311622.476949697418604, 5482850.642595380544662, 329.0 ], [ 311645.910761723993346, 5482871.869037183001637, 331.0 ], [ 311669.271952698705718, 5482893.098075355403125, 332.0 ], [ 311695.08699533843901, 5482907.676488389261067, 333.0 ], [ 311720.833290896785911, 5482922.368676032871008, 334.0 ], [ 311729.562349499494303, 5482931.527103015221655, 334.0 ], [ 311756.320977111405227, 5482937.726567404344678, 335.0 ], [ 311754.751342339150142, 5482963.711021913215518, 337.0 ], [ 311753.250339754973538, 5482989.581822809763253, 338.0 ], [ 311755.115829265792854, 5482995.304499732330441, 338.0 ], [ 311761.21267378795892, 5482997.542560847476125, 339.0 ], [ 311763.104584881919436, 5483001.92886175122112, 339.0 ], [ 311761.986329542472959, 5483015.767256617546082, 339.0 ], [ 311765.115973823005334, 5483032.909090464003384, 342.0 ], [ 311768.424986715312116, 5483051.04633904248476, 345.0 ], [ 311773.063311173347756, 5483082.492409070953727, 350.0 ], [ 311766.781794452457689, 5483110.642584888264537, 355.0 ], [ 311757.536010323849041, 5483128.545150900259614, 356.0 ], [ 311754.485425709863193, 5483145.232431032694876, 357.0 ], [ 311751.101687716087326, 5483154.36355809122324, 357.0 ], [ 311741.49170108360704, 5483180.625396130606532, 358.0 ], [ 311738.484630774531979, 5483223.797967181541026, 360.0 ], [ 311742.171170254354365, 5483261.286463782191277, 361.0 ], [ 311745.785247697145678, 5483298.777462376281619, 361.0 ], [ 311749.006051346776076, 5483314.358099130913615, 362.0 ], [ 311752.725796823215205, 5483327.58445639628917, 363.0 ], [ 311766.456912310095504, 5483340.910623366013169, 364.0 ], [ 311774.808605417027138, 5483353.865927604958415, 365.0 ], [ 311776.2341900615138, 5483372.068145026452839, 367.0 ], [ 311782.969666747725569, 5483386.525963765569031, 368.0 ], [ 311792.049846234847791, 5483401.681940979324281, 368.0 ], [ 311803.642170269973576, 5483416.08355591353029, 368.0 ], [ 311816.032411687483545, 5483436.801143839024007, 368.0 ], [ 311832.455971713119652, 5483477.745541558600962, 367.0 ], [ 311838.320135837770067, 5483502.694619830697775, 367.0 ], [ 311844.252856541192159, 5483527.530049493536353, 367.0 ], [ 311848.16853538446594, 5483550.654412166215479, 368.0 ], [ 311849.355460334569216, 5483557.735975514166057, 368.0 ], [ 311854.526622280827723, 5483587.828251819126308, 368.0 ], [ 311856.018287349492311, 5483614.263580553233624, 368.0 ], [ 311857.513782888650894, 5483640.810067038051784, 368.0 ], [ 311860.098392930114642, 5483661.086820463649929, 368.0 ], [ 311871.032058505807072, 5483683.746633411385119, 367.0 ], [ 311889.718743357225321, 5483702.02147519774735, 367.0 ], [ 311908.481567286478821, 5483720.405038190074265, 366.0 ], [ 311912.546810544561595, 5483728.945431885309517, 365.0 ], [ 311914.485129389970098, 5483738.894613227806985, 365.0 ], [ 311924.471910366555676, 5483755.132400444708765, 365.0 ], [ 311932.316406697151251, 5483772.334355771541595, 364.0 ], [ 311948.777905662602279, 5483799.700469909235835, 363.0 ], [ 311963.339463010779582, 5483841.377075932919979, 362.0 ], [ 311977.896995579591021, 5483882.942560755647719, 360.0 ], [ 311981.958553743374068, 5483893.48632103856653, 359.0 ], [ 311987.339868785114959, 5483931.806811533868313, 357.0 ], [ 311996.475128760561347, 5483965.43510364741087, 359.0 ], [ 312005.678891136310995, 5483998.949757246300578, 364.0 ], [ 312015.969324611709453, 5484011.393392310477793, 367.0 ], [ 312048.921715307340492, 5484024.948193124495447, 371.0 ], [ 312063.061728309257887, 5484035.478669701144099, 373.0 ], [ 312091.803577914251946, 5484061.53180989343673, 378.0 ], [ 312098.944643705501221, 5484070.967974386177957, 380.0 ], [ 312128.47929203521926, 5484098.99717886839062, 382.0 ], [ 312152.398973362403922, 5484128.221459284424782, 382.0 ], [ 312176.582180185709149, 5484163.001190631650388, 382.0 ], [ 312176.50975611503236, 5484163.003684085793793, 382.0 ], [ 312177.272266378044151, 5484164.090318548493087, 382.0 ], [ 312186.478225124825258, 5484195.601932258345187, 380.0 ], [ 312191.967834547860548, 5484228.688248834572732, 378.0 ], [ 312189.0352149104001, 5484246.70668263360858, 377.0 ], [ 312179.283694694400765, 5484266.740503223612905, 376.0 ], [ 312165.418630982225295, 5484308.394700239412487, 369.0 ], [ 312157.835044826613739, 5484347.161719058640301, 363.0 ], [ 312160.752956411743071, 5484387.681626128964126, 359.0 ], [ 312163.739446028252132, 5484428.087885239161551, 356.0 ], [ 312156.733943553525023, 5484456.262588839046657, 354.0 ], [ 312134.048198250238784, 5484488.093395448289812, 347.0 ], [ 312120.75330517400289, 5484512.589665598236024, 342.0 ], [ 312103.838243625417817, 5484541.43965049367398, 337.0 ], [ 312088.933757286751643, 5484557.088353360071778, 335.0 ], [ 312079.924203016911633, 5484562.851883955299854, 335.0 ], [ 312073.289853096706793, 5484572.317421244457364, 334.0 ], [ 312035.526328103267588, 5484578.960446276701987, 332.0 ], [ 312015.513078804477118, 5484585.214564954861999, 331.0 ], [ 311987.997120948857628, 5484582.04521547537297, 331.0 ], [ 311959.965367739554495, 5484572.327732163481414, 332.0 ], [ 311931.864921593747567, 5484562.724044198170304, 333.0 ], [ 311930.389717436861247, 5484561.995882835239172, 333.0 ], [ 311903.473877778742462, 5484548.901530979201198, 333.0 ], [ 311875.086518561583944, 5484535.190318998880684, 331.0 ], [ 311840.938672908814624, 5484516.336066579446197, 330.0 ], [ 311804.631112007249612, 5484487.429209627211094, 328.0 ], [ 311768.522620875912253, 5484464.302742270752788, 325.0 ], [ 311732.417655834986363, 5484441.287663716822863, 320.0 ], [ 311711.270875830145087, 5484425.212861974723637, 314.0 ], [ 311690.051550181116909, 5484409.140639396384358, 309.0 ], [ 311690.50574701523874, 5484411.795903460122645, 308.0 ], [ 311648.888424431788735, 5484437.048625724390149, 303.0 ], [ 311648.278355108224787, 5484436.179375541396439, 303.0 ], [ 311645.233354652067646, 5484438.287723511457443, 303.0 ], [ 311643.275169599219225, 5484442.473044095560908, 303.0 ], [ 311648.188438088749535, 5484458.774219173938036, 302.0 ], [ 311671.810703646275215, 5484498.245365626178682, 300.0 ], [ 311685.521155765803996, 5484515.244457495398819, 299.0 ], [ 311717.641380975837819, 5484548.857944489456713, 296.0 ], [ 311709.599506898783147, 5484551.13873789831996, 296.0 ], [ 311697.55924266425427, 5484553.112411494366825, 295.0 ], [ 311659.657717169960961, 5484555.756397628225386, 291.0 ], [ 311621.760051465826109, 5484558.511804732494056, 287.0 ], [ 311603.487428019114304, 5484558.475134836509824, 285.0 ], [ 311570.157713764347136, 5484552.837715825997293, 281.0 ], [ 311536.580487638362683, 5484548.433232047595084, 278.0 ], [ 311514.937563876097556, 5484545.285904323682189, 275.0 ], [ 311500.010395875666291, 5484541.350134965963662, 274.0 ], [ 311462.084967731265351, 5484526.523849996738136, 270.0 ], [ 311444.644904585671611, 5484519.113813538104296, 268.0 ], [ 311420.442861091578379, 5484511.158565890043974, 266.0 ], [ 311396.240741898422129, 5484503.203423880040646, 263.0 ], [ 311386.937872997717932, 5484454.335042834281921, 263.0 ], [ 311382.238650603918359, 5484429.568639605306089, 263.0 ], [ 311377.631034832098521, 5484405.355519898235798, 263.0 ], [ 311368.507350784086157, 5484357.482571019791067, 263.0 ], [ 311359.383545895339921, 5484309.60963645298034, 263.0 ], [ 311350.259620167431422, 5484261.736716201528907, 259.0 ], [ 311323.514318864326924, 5484268.337436125613749, 257.0 ], [ 311296.841497887973674, 5484274.935783600434661, 254.0 ], [ 311272.189523757202551, 5484283.356278636492789, 252.0 ], [ 311258.63557502720505, 5484285.605838264338672, 251.0 ], [ 311245.06944443914108, 5484285.407477858476341, 250.0 ], [ 311233.096611670101993, 5484285.154018377885222, 248.0 ], [ 311231.717948006757069, 5484276.743697443976998, 248.0 ], [ 311222.452636088768486, 5484243.677362558431923, 245.0 ], [ 311213.187230212672148, 5484210.611042050644755, 242.0 ], [ 311206.368903670692816, 5484189.590639309957623, 241.0 ], [ 311203.859659482142888, 5484186.227491238154471, 241.0 ], [ 311200.028210036281962, 5484184.468160191550851, 240.0 ], [ 311193.010765174170956, 5484184.933601811528206, 240.0 ], [ 311162.700374099425972, 5484189.098814060911536, 238.0 ], [ 311132.317595379834529, 5484193.266703131608665, 235.0 ], [ 311099.064130827784538, 5484196.198684656992555, 233.0 ], [ 311098.267466928111389, 5484196.226270231418312, 233.0 ], [ 311088.20053228829056, 5484196.574861636385322, 232.0 ], [ 311078.232253383961506, 5484195.584575278684497, 232.0 ], [ 311057.540642857318744, 5484192.739886635914445, 230.0 ], [ 311024.879044038942084, 5484187.638938738964498, 228.0 ], [ 311013.515418483351823, 5484186.14065301977098, 227.0 ], [ 311006.947925421525724, 5484187.03590757958591, 227.0 ], [ 311002.138610963360406, 5484190.541221600957215, 226.0 ], [ 310996.114989365567453, 5484198.762793799862266, 225.0 ], [ 310983.166404221497942, 5484210.11784600187093, 224.0 ], [ 310973.99780136795016, 5484217.558092373423278, 224.0 ], [ 310966.398675587261096, 5484222.161718321032822, 224.0 ], [ 310967.998121432145126, 5484228.561124027706683, 224.0 ], [ 310972.364995350595564, 5484245.771070942282677, 224.0 ], [ 310974.230746938032098, 5484293.338600400835276, 224.0 ], [ 310974.843972405185923, 5484302.66572377551347, 223.0 ], [ 310989.660373853286728, 5484324.299087234772742, 223.0 ], [ 310994.866983114159666, 5484334.357383699156344, 223.0 ], [ 310998.979541527456604, 5484344.231008590199053, 223.0 ], [ 311003.424136257264763, 5484355.317323572002351, 223.0 ], [ 311011.448934809479397, 5484369.284439786337316, 223.0 ], [ 311021.033797938551288, 5484386.424933684058487, 223.0 ], [ 311025.19100250385236, 5484393.403484862297773, 223.0 ], [ 311028.482992118457332, 5484400.523301006294787, 223.0 ], [ 311032.237194690154865, 5484410.520649687387049, 223.0 ], [ 311035.229408437036909, 5484421.546006740070879, 224.0 ], [ 311037.055915778968483, 5484434.50367677398026, 224.0 ], [ 311038.407911513466388, 5484442.135859844274819, 224.0 ], [ 311038.897819259320386, 5484447.905974279157817, 224.0 ], [ 311039.162763813743368, 5484453.46130131278187, 225.0 ], [ 311039.228221967990976, 5484455.350965456105769, 225.0 ], [ 311033.88421124155866, 5484476.903785196132958, 225.0 ], [ 311029.81388098601019, 5484489.175410642288625, 226.0 ], [ 311026.571742568223272, 5484504.423182716593146, 226.0 ], [ 311023.835701341740787, 5484528.000184851698577, 227.0 ], [ 311022.959599646623246, 5484540.383741033263505, 227.0 ], [ 311024.235332881915383, 5484547.907273693010211, 228.0 ], [ 311030.789966942509636, 5484555.025348104536533, 228.0 ], [ 311051.211716059478931, 5484585.701730725355446, 230.0 ], [ 311054.900325618917122, 5484593.809428771957755, 231.0 ], [ 311060.535620498238131, 5484609.973876968957484, 233.0 ], [ 311064.972222474461887, 5484620.837923974730074, 234.0 ], [ 311087.083727655000985, 5484656.352653121575713, 238.0 ], [ 311089.796166483545676, 5484663.492567502893507, 239.0 ], [ 311091.617214860278182, 5484672.110125266946852, 240.0 ], [ 311091.67328953940887, 5484680.009778876788914, 240.0 ], [ 311088.39795332425274, 5484698.486078694462776, 242.0 ], [ 311100.433673634019215, 5484706.861165528185666, 244.0 ], [ 311104.20634483412141, 5484704.838581787422299, 244.0 ], [ 311115.101418496400584, 5484699.119363317266107, 245.0 ], [ 311129.391149974428117, 5484711.868059376254678, 247.0 ], [ 311121.708668008679524, 5484716.140523359179497, 248.0 ], [ 311116.314185614348389, 5484723.672469294629991, 249.0 ], [ 311111.588309603976086, 5484735.85545058734715, 250.0 ], [ 311160.404945084301289, 5484734.387732724659145, 254.0 ], [ 311153.562158520100638, 5484765.006816409528255, 257.0 ], [ 311144.835640542325564, 5484804.037891088053584, 261.0 ], [ 311136.036857306782622, 5484843.071492390707135, 265.0 ], [ 311137.331647263548803, 5484851.150832775048912, 266.0 ], [ 311144.327988992270548, 5484858.476302251219749, 267.0 ], [ 311167.163269394659437, 5484862.582433387637138, 268.0 ], [ 311202.187721153255552, 5484856.473200264386833, 269.0 ], [ 311221.920395182387438, 5484848.445059018209577, 270.0 ], [ 311250.74333650409244, 5484828.639549234881997, 271.0 ], [ 311279.566484221257269, 5484808.834197447635233, 271.0 ], [ 311285.305248913122341, 5484804.963073696941137, 271.0 ], [ 311308.389838333183434, 5484789.029003652743995, 271.0 ], [ 311318.454363475786522, 5484746.724572698585689, 270.0 ], [ 311330.068688077735715, 5484698.913365975953639, 268.0 ], [ 311325.303282323642634, 5484682.718600614927709, 268.0 ], [ 311372.397693147300743, 5484681.757538156583905, 270.0 ], [ 311413.843535323685501, 5484680.992172600701451, 272.0 ], [ 311419.492096231784672, 5484680.79688249155879, 273.0 ], [ 311466.517916187527589, 5484679.950293504633009, 277.0 ], [ 311513.612302834168077, 5484678.990450811572373, 282.0 ], [ 311538.665529524616431, 5484709.508428450673819, 285.0 ], [ 311539.85274964873679, 5484716.589939235709608, 286.0 ], [ 311560.512406499939971, 5484737.46632856503129, 288.0 ], [ 311581.240485101705417, 5484758.229134310036898, 290.0 ], [ 311614.575287775369361, 5484789.240370382554829, 294.0 ], [ 311650.532545313355513, 5484822.720886411145329, 297.0 ], [ 311680.572847421048209, 5484850.730146748945117, 299.0 ], [ 311686.561783018987626, 5484856.199129627086222, 299.0 ], [ 311722.518170374445617, 5484889.680100883357227, 299.0 ], [ 311756.4757841960527, 5484917.777092517353594, 300.0 ], [ 311790.433050244348124, 5484945.87428777012974, 300.0 ], [ 311824.317555098095909, 5484973.974185044877231, 300.0 ], [ 311836.738149351673201, 5484972.544061405584216, 301.0 ], [ 311851.478483351645991, 5484964.801745618693531, 302.0 ], [ 311868.944954869686626, 5484943.610733790323138, 304.0 ], [ 311913.392606924870051, 5484926.942440216429532, 304.0 ], [ 311957.836680731503293, 5484910.163358855061233, 301.0 ], [ 311996.230005166435149, 5484900.827005739323795, 298.0 ], [ 312004.438117902260274, 5484892.865138847380877, 297.0 ], [ 312008.885668933973648, 5484891.48766309954226, 297.0 ], [ 312010.704071762622334, 5484893.762057350948453, 296.0 ], [ 312007.918982848292217, 5484899.199924228712916, 296.0 ], [ 312000.538467720965855, 5484910.138063529506326, 295.0 ], [ 311999.787889209168497, 5484911.499403579160571, 295.0 ], [ 311986.730796529678628, 5484934.429873045533895, 292.0 ], [ 311978.402514320740011, 5484951.52161814365536, 290.0 ], [ 311974.368486604536884, 5484962.789593474939466, 289.0 ], [ 311967.721925925347023, 5484984.497525842860341, 289.0 ], [ 311961.035091049154289, 5484994.52150393743068, 289.0 ], [ 311960.614523796539288, 5485007.556828060187399, 289.0 ], [ 311970.77348897443153, 5485018.335492039099336, 288.0 ], [ 311982.795477563515306, 5485005.345375126227736, 288.0 ], [ 312008.567204167251475, 5484985.315286803990602, 289.0 ], [ 312044.638259754981846, 5484971.719020344316959, 293.0 ], [ 312089.701656418852508, 5484966.60500658955425, 297.0 ], [ 312116.984077497036196, 5484975.681108267977834, 299.0 ], [ 312149.506412171060219, 5485006.389480414800346, 302.0 ], [ 312158.948841884441208, 5485019.530217551626265, 303.0 ], [ 312174.663680073688738, 5485027.44695548247546, 304.0 ], [ 312196.03015976655297, 5485033.165922899730504, 305.0 ], [ 312207.738329851883464, 5485034.209525214508176, 306.0 ], [ 312234.651968618971296, 5485053.648737551644444, 308.0 ], [ 312247.138952755252831, 5485064.68159709405154, 309.0 ], [ 312260.003252063121181, 5485076.146648976951838, 309.0 ], [ 312282.769341431208886, 5485090.943435662426054, 309.0 ], [ 312305.539131249650382, 5485105.851471591740847, 309.0 ], [ 312329.150955540942959, 5485119.951599320396781, 309.0 ], [ 312352.762655453407206, 5485134.051826442591846, 308.0 ], [ 312362.512141416256782, 5485139.280817924067378, 308.0 ], [ 312373.740668761252891, 5485147.463734815828502, 308.0 ], [ 312387.439507264003623, 5485162.12772000208497, 308.0 ], [ 312403.173891613725573, 5485181.173260247334838, 308.0 ], [ 312410.538230475096498, 5485192.939113590866327, 308.0 ], [ 312416.670167241420131, 5485192.06046583596617, 308.0 ], [ 312424.829365130513906, 5485188.997615600936115, 308.0 ], [ 312446.757131858961657, 5485177.337193040177226, 309.0 ], [ 312461.561988099478185, 5485165.142777322791517, 310.0 ], [ 312481.286405094317161, 5485146.324519022367895, 312.0 ], [ 312501.25836954038823, 5485124.159175965003669, 313.0 ], [ 312530.228071577847004, 5485095.897622637450695, 316.0 ], [ 312536.619026887230575, 5485092.005426364019513, 316.0 ], [ 312542.915016615472268, 5485091.677731385454535, 317.0 ], [ 312549.497188806417398, 5485095.457878436893225, 317.0 ], [ 312583.254756294831168, 5485124.234293025918305, 319.0 ], [ 312616.943378887721337, 5485153.124553751200438, 320.0 ], [ 312650.627829077711795, 5485181.903857582248747, 321.0 ], [ 312684.315744628955144, 5485210.794518755748868, 323.0 ], [ 312717.999489074456505, 5485239.574223015457392, 326.0 ], [ 312751.175697442144156, 5485262.028114514425397, 328.0 ], [ 312784.279221151373349, 5485284.484687370248139, 331.0 ], [ 312817.458693771040998, 5485307.05012681055814, 333.0 ], [ 312847.459694532677531, 5485334.176355119794607, 335.0 ], [ 312877.460400585783646, 5485361.302741959691048, 337.0 ], [ 312889.804355224710889, 5485372.453153042122722, 337.0 ], [ 312907.460811928845942, 5485388.429287330247462, 338.0 ], [ 312943.120202912949026, 5485419.924673316068947, 340.0 ], [ 312978.706779752741568, 5485451.422766692005098, 342.0 ], [ 313014.365356260212138, 5485482.91860053408891, 343.0 ], [ 313049.947308648377657, 5485514.30598359555006, 344.0 ], [ 313085.605071355821565, 5485545.802265277132392, 344.0 ], [ 313121.262426599976607, 5485577.298771116882563, 346.0 ], [ 313154.374934068415314, 5485545.114788765087724, 351.0 ], [ 313187.487837151275016, 5485512.931018449366093, 355.0 ], [ 313220.673542067990638, 5485480.744980143383145, 357.0 ], [ 313253.787236787029542, 5485448.561634355224669, 360.0 ], [ 313286.90132711129263, 5485416.378500608727336, 362.0 ], [ 313320.015813037578482, 5485384.195578903891146, 365.0 ], [ 313350.927899584115949, 5485353.312424772419035, 368.0 ], [ 313352.399006735882722, 5485351.815336980856955, 368.0 ], [ 313381.767932964488864, 5485322.431933552958071, 371.0 ], [ 313412.68072931910865, 5485291.549149156548083, 372.0 ], [ 313443.525274209387135, 5485260.780184119008482, 373.0 ], [ 313474.438779694610275, 5485229.897769463248551, 374.0 ], [ 313505.280230405041948, 5485199.01801604218781, 374.0 ], [ 313531.000505486270413, 5485162.526619913987815, 374.0 ], [ 313556.789750211173669, 5485125.921722586266696, 372.0 ], [ 313582.51074405136751, 5485089.43058988917619, 370.0 ], [ 313606.486616261769086, 5485052.776668143458664, 369.0 ], [ 313630.394212753046304, 5485016.236493236385286, 367.0 ], [ 313654.370760214398615, 5484979.582801398821175, 367.0 ], [ 313681.099612767633516, 5484940.720759867690504, 368.0 ], [ 313707.756449507141951, 5484901.861334068700671, 369.0 ], [ 313734.413683163642418, 5484863.002049901522696, 370.0 ], [ 313761.143728497438133, 5484824.140434738248587, 371.0 ], [ 313787.801756485481746, 5484785.281434206292033, 371.0 ], [ 313814.456387049111072, 5484746.311418019235134, 371.0 ], [ 313839.697614806587808, 5484778.502046343870461, 369.0 ], [ 313864.862348044640385, 5484810.584099389612675, 367.0 ], [ 313892.659917795681395, 5484845.469870972447097, 366.0 ], [ 313908.3361593488371, 5484865.077892141416669, 365.0 ], [ 313920.457145456341095, 5484880.355777001939714, 365.0 ], [ 313948.25403102429118, 5484915.241817482747138, 365.0 ], [ 313976.050574496854097, 5484950.127992411144078, 365.0 ], [ 314003.846775871526916, 5484985.014301786199212, 366.0 ], [ 314031.65779610327445, 5485020.345375077798963, 366.0 ], [ 314059.5408816318959, 5485055.674114150926471, 365.0 ], [ 314072.81287962233182, 5485066.461588160134852, 365.0 ], [ 314081.836124519235454, 5485073.83275737427175, 364.0 ], [ 314119.381297166575678, 5485101.264917568303645, 363.0 ], [ 314154.640137333772145, 5485125.436630354262888, 362.0 ], [ 314190.043483021203429, 5485149.603629955090582, 361.0 ], [ 314216.961718644713983, 5485163.042530594393611, 360.0 ], [ 314249.489455388276838, 5485177.292072771117091, 360.0 ], [ 314281.944604981399607, 5485191.544270767830312, 360.0 ], [ 314286.947955637006089, 5485193.71090233605355, 360.0 ], [ 314314.468202342628501, 5485205.683035040274262, 359.0 ], [ 314351.286665960913524, 5485235.255855329334736, 358.0 ], [ 314383.032863678294234, 5485262.775815446861088, 357.0 ], [ 314414.78252674092073, 5485290.407110870815814, 357.0 ], [ 314446.528089007071685, 5485317.927426656708121, 357.0 ], [ 314478.27711538807489, 5485345.559077769517899, 356.0 ], [ 314510.022042195138056, 5485373.079749222844839, 354.0 ], [ 314530.200205792265479, 5485416.462736301124096, 353.0 ], [ 314550.305670914938673, 5485459.848254999145865, 354.0 ], [ 314561.682095254189335, 5485483.1653141239658, 354.0 ], [ 314566.355292882537469, 5485492.688288053497672, 354.0 ], [ 314582.332332535763271, 5485525.530826975591481, 356.0 ], [ 314586.399173176265322, 5485536.409864978864789, 356.0 ], [ 314587.881507490354124, 5485550.158933706581593, 357.0 ], [ 314586.978040173999034, 5485551.302513815462589, 357.0 ], [ 314587.881507490354124, 5485550.158933706581593, 357.0 ], [ 314618.35670773498714, 5485521.190018936060369, 359.0 ], [ 314624.051485938369296, 5485515.988552842289209, 359.0 ], [ 314628.339733438158873, 5485512.059052650816739, 359.0 ], [ 314638.681841211975552, 5485526.285958075895905, 359.0 ], [ 314638.758024846320041, 5485526.394654417410493, 359.0 ], [ 314643.934111197944731, 5485535.789305124431849, 359.0 ], [ 314647.952936404501088, 5485540.994428520090878, 359.0 ], [ 314654.263564976048656, 5485553.911674967966974, 359.0 ], [ 314657.999685519840568, 5485561.46341906953603, 359.0 ], [ 314668.799349637352861, 5485574.228103348053992, 359.0 ], [ 314678.092315504211001, 5485578.920137484557927, 359.0 ], [ 314677.016328849189449, 5485583.519429738633335, 359.0 ], [ 314674.778097492875531, 5485588.046936588361859, 359.0 ], [ 314678.176695702713914, 5485589.934579309076071, 359.0 ], [ 314681.502887238981202, 5485591.824684753082693, 359.0 ], [ 314718.97101711970754, 5485612.919925667345524, 360.0 ], [ 314728.134816747857258, 5485615.947139179334044, 360.0 ], [ 314749.260351941979025, 5485619.013122889213264, 360.0 ], [ 314779.062991528306156, 5485621.450583041645586, 361.0 ], [ 314801.739820883667562, 5485623.239929320290685, 362.0 ], [ 314845.626471787691116, 5485626.312285210937262, 363.0 ], [ 314876.701372501731385, 5485629.931215920485556, 364.0 ], [ 314909.0636803843081, 5485635.175906620919704, 364.0 ], [ 314931.622703565109987, 5485635.634356716647744, 364.0 ], [ 314952.031281424919143, 5485617.581175182014704, 364.0 ], [ 314972.512399166589603, 5485599.525616941973567, 365.0 ], [ 315004.23444682569243, 5485615.809872720390558, 366.0 ], [ 315016.758797510934528, 5485619.613835386000574, 366.0 ], [ 315030.427230322849937, 5485631.502861459739506, 366.0 ], [ 315037.40432183095254, 5485642.728602821007371, 366.0 ], [ 315046.219395465508569, 5485650.442157634533942, 366.0 ], [ 315052.635364719317295, 5485653.674390497617424, 366.0 ], [ 315065.538134881586302, 5485664.365324626676738, 365.0 ], [ 315071.038448231294751, 5485670.522055645473301, 365.0 ], [ 315078.194266468752176, 5485672.059942360967398, 365.0 ], [ 315092.389821331365965, 5485669.575405600480735, 365.0 ], [ 315094.405799877655227, 5485669.173186567611992, 365.0 ], [ 315100.440854814718477, 5485671.861962252296507, 365.0 ], [ 315102.450700173620135, 5485677.691940374672413, 365.0 ], [ 315110.325784640037455, 5485691.89202128816396, 365.0 ], [ 315118.858007587608881, 5485691.268865097314119, 365.0 ], [ 315125.29431916057365, 5485690.828068756498396, 365.0 ], [ 315137.576652889023535, 5485678.949253804050386, 365.0 ], [ 315164.97621917934157, 5485666.112874967977405, 365.0 ], [ 315166.278744905022904, 5485638.247376187704504, 365.0 ], [ 315180.62642899772618, 5485646.663885614834726, 365.0 ], [ 315198.608009855495766, 5485648.947864000685513, 364.0 ], [ 315243.504768321756274, 5485649.763449793681502, 363.0 ], [ 315264.494196530431509, 5485648.829742127098143, 363.0 ], [ 315292.500397401629016, 5485653.890400513075292, 363.0 ], [ 315298.390551863238215, 5485656.584298264235258, 363.0 ], [ 315305.447547925752588, 5485657.346830549649894, 363.0 ], [ 315310.390658437856473, 5485655.621409757062793, 363.0 ], [ 315324.160919390327763, 5485640.576661033555865, 364.0 ], [ 315348.788695055234712, 5485614.369611113332212, 365.0 ], [ 315373.489116011362057, 5485588.16022761259228, 366.0 ], [ 315401.588031128980219, 5485617.367183618247509, 368.0 ], [ 315429.682889588468242, 5485646.463120399974287, 369.0 ], [ 315442.979842108790763, 5485660.257542321458459, 369.0 ], [ 315452.894449049490504, 5485670.494059221819043, 369.0 ], [ 315476.181972797843628, 5485694.633800162933767, 369.0 ], [ 315499.393131520599127, 5485718.664928344078362, 369.0 ], [ 315527.913859907304868, 5485747.524334859102964, 369.0 ], [ 315511.031044271192513, 5485751.990508264862001, 369.0 ], [ 315518.759216801088769, 5485759.741552539169788, 369.0 ], [ 315520.221348962571938, 5485762.251638627611101, 369.0 ], [ 315524.503385060990695, 5485764.555035245604813, 369.0 ], [ 315528.227819039544556, 5485769.659424187615514, 369.0 ], [ 315533.304361691873055, 5485776.164776827208698, 369.0 ], [ 315536.330137433193158, 5485784.186216147616506, 369.0 ], [ 315538.181490172981285, 5485793.916662194766104, 369.0 ], [ 315542.094867570209317, 5485802.464501117356122, 369.0 ], [ 315544.445493372273631, 5485811.955488502047956, 369.0 ], [ 315545.038734623463824, 5485823.063916915096343, 369.0 ], [ 315544.821478772209957, 5485831.640209609642625, 369.0 ], [ 315543.847326809191145, 5485837.126128568314016, 369.0 ], [ 315546.786572747630998, 5485842.590944568626583, 369.0 ], [ 315546.824176465044729, 5485843.702522229403257, 369.0 ], [ 315547.108111426176038, 5485847.810461086221039, 369.0 ], [ 315545.805802694289014, 5485854.309046007692814, 369.0 ], [ 315546.101019826135598, 5485858.750458180904388, 370.0 ], [ 315552.109241750789806, 5485869.230564262717962, 370.0 ], [ 315553.033435740508139, 5485881.551932595670223, 370.0 ], [ 315554.736181267653592, 5485891.176124598830938, 370.0 ], [ 315555.226985159446485, 5485892.828796257264912, 370.0 ], [ 315561.558530719368719, 5485912.868480388075113, 371.0 ], [ 315566.246451802900992, 5485935.745892116799951, 371.0 ], [ 315566.527571423095651, 5485937.628227347508073, 371.0 ], [ 315571.021707054926082, 5485967.634435244835913, 371.0 ], [ 315555.228213755472098, 5485999.996198427863419, 371.0 ], [ 315548.904035406070761, 5486031.592517521232367, 371.0 ], [ 315533.706994432490319, 5486077.288391517475247, 371.0 ], [ 315527.404658996267244, 5486085.959292561747134, 371.0 ], [ 315555.993997598066926, 5486119.04525497276336, 371.0 ], [ 315566.025149536668323, 5486130.613402597606182, 371.0 ], [ 315584.655396532441955, 5486152.128911360166967, 369.0 ], [ 315611.732230016030371, 5486183.374446601606905, 367.0 ], [ 315638.881158402422443, 5486214.617661820724607, 364.0 ], [ 315642.823228095425293, 5486226.169276239350438, 364.0 ], [ 315651.589301571541, 5486245.347716568037868, 364.0 ], [ 315662.350242491054814, 5486227.066981432959437, 363.0 ], [ 315669.121785444207489, 5486217.267523244023323, 363.0 ], [ 315685.540004443260841, 5486201.243836268782616, 363.0 ], [ 315702.796011310419999, 5486186.416017397306859, 363.0 ], [ 315728.152975043631159, 5486171.091875551268458, 364.0 ], [ 315753.513834547367878, 5486155.879013222642243, 364.0 ], [ 315778.488622199452948, 5486135.671508149243891, 365.0 ], [ 315783.992839546292089, 5486131.256703713908792, 365.0 ], [ 315803.535991642973386, 5486115.46167656313628, 365.0 ], [ 315823.037350127880927, 5486091.989493723027408, 366.0 ], [ 315842.538881314219907, 5486068.517385446466506, 366.0 ], [ 315872.36988165252842, 5486031.119779758155346, 365.0 ], [ 315902.273702755803242, 5485993.719904500059783, 364.0 ], [ 315904.71006638626568, 5485990.74424060434103, 364.0 ], [ 315932.17794707021676, 5485956.320205075666308, 360.0 ], [ 315962.082614591927268, 5485918.920681480318308, 357.0 ], [ 315964.546708247740753, 5485899.585291847586632, 357.0 ], [ 315955.313308837241493, 5485900.898516739718616, 358.0 ], [ 315939.785992765566334, 5485900.421100867912173, 358.0 ], [ 315927.024416471307632, 5485893.8409917447716, 359.0 ], [ 315906.855153562384658, 5485865.365389316342771, 360.0 ], [ 315886.685689958627336, 5485836.889857407659292, 361.0 ], [ 315867.701797107700258, 5485807.03893739823252, 362.0 ], [ 315847.280408665537834, 5485786.139390334486961, 362.0 ], [ 315842.62634007120505, 5485781.400053340010345, 363.0 ], [ 315827.915413952898234, 5485770.768460952676833, 363.0 ], [ 315810.120039996807463, 5485748.222355146892369, 363.0 ], [ 315803.251960857654922, 5485735.879196737892926, 363.0 ], [ 315793.306006365164649, 5485728.98168705124408, 363.0 ], [ 315781.084467068663798, 5485723.385205416940153, 363.0 ], [ 315773.801704408135265, 5485709.498103472404182, 362.0 ], [ 315794.90129019075539, 5485701.106630659662187, 362.0 ], [ 315807.599546329933219, 5485690.773338653147221, 362.0 ], [ 315815.220024974900298, 5485684.61784138623625, 362.0 ], [ 315835.538882482331246, 5485668.129131156019866, 362.0 ], [ 315844.645571576198563, 5485654.46741630602628, 362.0 ], [ 315862.241245641955175, 5485628.166461369022727, 361.0 ], [ 315866.581288521760143, 5485606.430701730772853, 361.0 ], [ 315866.656454703654163, 5485593.630440887995064, 360.0 ], [ 315866.767480407957919, 5485592.625130902975798, 360.0 ], [ 315867.3585651780013, 5485584.370115241967142, 360.0 ], [ 315866.12453663587803, 5485575.731591377407312, 360.0 ], [ 315858.229400822194293, 5485552.294589521363378, 360.0 ], [ 315858.149489056435414, 5485552.074718968942761, 360.0 ], [ 315850.796500031137839, 5485533.961075702682137, 360.0 ], [ 315848.944074748200364, 5485519.890494763851166, 360.0 ], [ 315846.193324865598697, 5485496.391064651310444, 360.0 ], [ 315843.995463846484199, 5485487.117386001162231, 360.0 ], [ 315841.666209397779312, 5485473.953186104074121, 360.0 ], [ 315842.092623878736049, 5485467.261712855659425, 360.0 ], [ 315846.166681278904434, 5485459.111642595380545, 360.0 ], [ 315848.861789363902062, 5485457.351361025124788, 360.0 ], [ 315855.718892955221236, 5485454.337690265849233, 360.0 ], [ 315856.784632042283192, 5485449.40518303681165, 360.0 ], [ 315848.953048198367469, 5485442.881289886310697, 360.0 ], [ 315847.03621082904283, 5485435.489957054145634, 359.0 ], [ 315849.363468030234799, 5485422.836214956827462, 359.0 ], [ 315850.183048466104083, 5485414.907337158918381, 359.0 ], [ 315849.863492114178371, 5485399.004441425204277, 358.0 ], [ 315849.67798272811342, 5485389.217668040655553, 358.0 ], [ 315852.99220806802623, 5485369.297108355909586, 358.0 ], [ 315854.499433049059007, 5485358.117761838249862, 358.0 ], [ 315854.673309892416, 5485346.093163821846247, 358.0 ], [ 315853.479567294707522, 5485325.768409323878586, 358.0 ], [ 315853.228693466808181, 5485309.75191265810281, 358.0 ], [ 315854.191557617858052, 5485297.478104904294014, 358.0 ], [ 315855.016026784549467, 5485287.545945314690471, 358.0 ], [ 315857.507603802834637, 5485266.874183589592576, 357.0 ], [ 315857.831642217002809, 5485259.295897268690169, 357.0 ], [ 315857.674002061830834, 5485254.627271890640259, 357.0 ], [ 315855.764171437593177, 5485241.003767968155444, 357.0 ], [ 315851.956694043183234, 5485226.999203349463642, 357.0 ], [ 315847.272786381829064, 5485212.801666275598109, 357.0 ], [ 315845.041553985211067, 5485208.982052399776876, 357.0 ], [ 315838.575237992685288, 5485199.963795756921172, 357.0 ], [ 315830.461172171169892, 5485193.672018203884363, 357.0 ], [ 315803.630172088625841, 5485152.623905008658767, 356.0 ], [ 315784.000668850727379, 5485120.903118019923568, 355.0 ], [ 315773.784358768549282, 5485103.887823418714106, 355.0 ], [ 315739.924453162937425, 5485071.535042813047767, 355.0 ], [ 315730.001920660841279, 5485061.075683766044676, 355.0 ], [ 315704.512216595700011, 5485025.435613776557148, 355.0 ], [ 315701.416677989414893, 5485019.642132727429271, 355.0 ], [ 315701.850520868785679, 5485013.172964656725526, 355.0 ], [ 315705.580453323374968, 5485007.70526348054409, 355.0 ], [ 315726.977673707646318, 5484988.731599065475166, 356.0 ], [ 315748.44745591818355, 5484969.755576389841735, 357.0 ], [ 315784.863341554184444, 5484938.256082182750106, 359.0 ], [ 315815.842738942184951, 5484911.057968122884631, 361.0 ], [ 315846.746280284947716, 5484883.751325738616288, 363.0 ], [ 315877.726298688736279, 5484856.553580091334879, 365.0 ], [ 315882.159263223933522, 5484848.280175536870956, 366.0 ], [ 315902.796440613863524, 5484834.674581877887249, 367.0 ], [ 315917.122438463557046, 5484820.948220114223659, 368.0 ], [ 315940.3277422451647, 5484801.803175756707788, 368.0 ], [ 315947.857375380641315, 5484797.209000267088413, 368.0 ], [ 315984.739433291833848, 5484781.608895550481975, 367.0 ], [ 315995.736114343861118, 5484772.335168903693557, 367.0 ], [ 316014.140010985429399, 5484752.68474087677896, 367.0 ], [ 316028.264256518450566, 5484739.410643351264298, 367.0 ], [ 316046.55610704049468, 5484722.880074131302536, 367.0 ], [ 316065.788276446925011, 5484708.432261930778623, 367.0 ], [ 316086.887023647665046, 5484689.13637054618448, 368.0 ], [ 316108.381729238666594, 5484670.828777265734971, 370.0 ], [ 316115.858001265092753, 5484666.793072224594653, 370.0 ], [ 316133.281444590480532, 5484656.746574345044792, 372.0 ], [ 316148.759720113303047, 5484649.213947530835867, 373.0 ], [ 316169.563133688876405, 5484640.500340181402862, 374.0 ], [ 316199.084061323897913, 5484630.157650955021381, 376.0 ], [ 316218.320669611333869, 5484622.276021807454526, 377.0 ], [ 316229.210641503799707, 5484620.573710081167519, 378.0 ], [ 316248.332383214263245, 5484620.040797334164381, 379.0 ], [ 316251.538708928390406, 5484618.374810968525708, 379.0 ] ] ] } },
{ "type": "Feature", "properties": { "name": "Saar-Hunsrück-Steig - 02. Etappe: Hellendorf – Tünsdorf – Orscholz – Mettlach", "km": 18.638, "darstell": "F2", "datum": null, "height": 369, "link": "https://www.saar-hunsrueck-steig.de/tour/saar-hunsrueck-steig-02.-etappe-hellendorf-tuensdorf-orscholz-mettlach-e4afbdaf9d" }, "geometry": { "type": "MultiLineString", "coordinates": [ [ [ 316250.764592920779251, 5484619.068591844290495, 380.0 ], [ 316250.764592920779251, 5484619.068591844290495, 380.0 ], [ 316290.289344276068732, 5484604.383204625919461, 382.0 ], [ 316295.062895885203034, 5484588.97655160818249, 382.0 ], [ 316322.489561714988668, 5484563.793064285069704, 384.0 ], [ 316343.105476075666957, 5484538.727755201980472, 386.0 ], [ 316369.576436750474386, 5484506.677121230401099, 388.0 ], [ 316411.138568892143667, 5484466.328848710283637, 391.0 ], [ 316411.138568892143667, 5484466.328848710283637, 391.0 ], [ 316445.148639646766242, 5484423.452957211993635, 393.0 ], [ 316471.589507815486286, 5484392.628023123368621, 394.0 ], [ 316492.281954520964064, 5484363.332012427970767, 394.0 ], [ 316519.251801215112209, 5484328.817194445058703, 395.0 ], [ 316519.251801215112209, 5484328.817194445058703, 395.0 ], [ 316541.957595371524803, 5484299.008552899584174, 395.0 ], [ 316564.110441208234988, 5484269.997599076479673, 395.0 ], [ 316591.766664317576215, 5484236.461668753996491, 396.0 ], [ 316613.494226325186901, 5484222.82235099375248, 396.0 ], [ 316636.726377888815477, 5484210.80180389713496, 396.0 ], [ 316636.726377888815477, 5484210.80180389713496, 396.0 ], [ 316662.362653201387729, 5484194.805649874731898, 396.0 ], [ 316676.831705060903914, 5484172.28531647939235, 397.0 ], [ 316684.784288817143533, 5484147.869612793438137, 398.0 ], [ 316693.123933373368345, 5484137.128760551102459, 398.0 ], [ 316724.547897670301609, 5484125.055941833183169, 400.0 ], [ 316747.11769013828598, 5484112.724306463263929, 400.0 ], [ 316772.495670162141323, 5484101.967701532877982, 401.0 ], [ 316772.495670162141323, 5484101.967701532877982, 401.0 ], [ 316800.283885474316776, 5484089.57231879979372, 402.0 ], [ 316812.144971616857219, 5484080.048813917674124, 403.0 ], [ 316826.233575572725385, 5484041.850794699043036, 403.0 ], [ 316838.783385046117473, 5484018.28256758581847, 403.0 ], [ 316842.587337409844622, 5483976.08986699488014, 404.0 ], [ 316844.401994700892828, 5483954.551319495774806, 405.0 ], [ 316844.401994700892828, 5483954.551319495774806, 405.0 ], [ 316863.895507226407062, 5483917.507390198297799, 407.0 ], [ 316900.101209013024345, 5483905.275173435918987, 407.0 ], [ 316942.714975636568852, 5483913.304251216351986, 407.0 ], [ 316966.555617066798732, 5483936.652771724388003, 407.0 ], [ 317004.128509111644235, 5483941.401657361537218, 406.0 ], [ 317004.128509111644235, 5483941.401657361537218, 406.0 ], [ 317034.581804784364067, 5483950.06188996322453, 406.0 ], [ 317068.796362278226297, 5483949.804830872453749, 406.0 ], [ 317082.480648475349881, 5483929.760249281302094, 406.0 ], [ 317080.544546938850544, 5483904.452694582752883, 406.0 ], [ 317076.376021426869556, 5483877.439464741386473, 406.0 ], [ 317066.369115636567585, 5483853.626625655218959, 406.0 ], [ 317066.369115636567585, 5483853.626625655218959, 406.0 ], [ 317047.292714726121631, 5483851.261644788086414, 405.0 ], [ 317023.800925991730765, 5483840.476031549274921, 403.0 ], [ 317011.563949253526516, 5483821.523228123784065, 401.0 ], [ 317004.362203885801136, 5483807.854420712217689, 400.0 ], [ 317020.281797248637304, 5483780.946473512798548, 398.0 ], [ 317031.292416236014105, 5483763.328389888629317, 397.0 ], [ 317042.24347137985751, 5483743.931806313805282, 397.0 ], [ 317053.644087575783487, 5483724.965306877158582, 396.0 ], [ 317053.644087575783487, 5483724.965306877158582, 396.0 ], [ 317066.473105809767731, 5483707.508903175592422, 395.0 ], [ 317077.049465249874629, 5483689.905491027981043, 395.0 ], [ 317089.759874093870167, 5483673.23210745677352, 395.0 ], [ 317107.212973694200628, 5483650.946931614540517, 394.0 ], [ 317112.968705262348522, 5483636.62110663484782, 394.0 ], [ 317123.225843458902091, 5483618.138241440057755, 393.0 ], [ 317136.798281659721397, 5483601.213530037552118, 393.0 ], [ 317156.803009322844446, 5483592.308219723403454, 392.0 ], [ 317156.803009322844446, 5483592.308219723403454, 392.0 ], [ 317162.35371857410064, 5483548.054315840825438, 392.0 ], [ 317210.769511300954036, 5483486.784759327769279, 389.0 ], [ 317240.219697131193243, 5483417.804699558764696, 387.0 ], [ 317240.219697131193243, 5483417.804699558764696, 387.0 ], [ 317286.745726145338267, 5483310.862180766649544, 388.0 ], [ 317307.499862569966353, 5483235.496848956681788, 388.0 ], [ 317307.499862569966353, 5483235.496848956681788, 388.0 ], [ 317349.420841193874367, 5483266.031569099053741, 388.0 ], [ 317404.90139897854533, 5483255.383547440171242, 385.0 ], [ 317538.059705728606787, 5483236.462888042442501, 383.0 ], [ 317538.059705728606787, 5483236.462888042442501, 383.0 ], [ 317574.518228062428534, 5483216.437304001301527, 387.0 ], [ 317627.544296485255472, 5483227.796194365248084, 395.0 ], [ 317691.496786388976034, 5483216.756727698259056, 396.0 ], [ 317762.18594297755044, 5483205.493048045784235, 395.0 ], [ 317762.18594297755044, 5483205.493048045784235, 395.0 ], [ 317810.144897205696907, 5483217.134193126112223, 394.0 ], [ 317863.344712263031397, 5483233.71977898851037, 394.0 ], [ 317889.962164599448442, 5483220.813018473796546, 395.0 ], [ 317902.624440827989019, 5483198.245424286462367, 396.0 ], [ 317913.138426241115667, 5483165.622921350412071, 395.0 ], [ 317913.138426241115667, 5483165.622921350412071, 395.0 ], [ 317936.782043804123532, 5483165.724308324977756, 393.0 ], [ 317968.354895432014018, 5483190.488364459946752, 390.0 ], [ 318004.736391087295488, 5483209.416856142692268, 388.0 ], [ 318190.173543386510573, 5483312.179952655918896, 390.0 ], [ 318190.173543386510573, 5483312.179952655918896, 390.0 ], [ 318238.363600553653669, 5483245.920167538337409, 393.0 ], [ 318163.772539620520547, 5483118.317312148399651, 403.0 ], [ 318163.772539620520547, 5483118.317312148399651, 403.0 ], [ 318220.120767647167668, 5483146.708545047789812, 403.0 ], [ 318277.253565546823665, 5483179.080322532914579, 401.0 ], [ 318295.884745150571689, 5483189.810606580227613, 402.0 ], [ 318315.117533807875589, 5483201.188607143238187, 403.0 ], [ 318315.117533807875589, 5483201.188607143238187, 403.0 ], [ 318333.744859909231309, 5483211.807859160937369, 405.0 ], [ 318353.360294563579373, 5483221.615311648696661, 406.0 ], [ 318378.45847347821109, 5483230.572661990299821, 408.0 ], [ 318402.168872793496121, 5483228.336918955668807, 409.0 ], [ 318423.118459436576813, 5483219.405000329948962, 409.0 ], [ 318453.032808431540616, 5483200.938591288402677, 410.0 ], [ 318462.925485138897784, 5483208.39915416482836, 410.0 ], [ 318462.925485138897784, 5483208.39915416482836, 410.0 ], [ 318457.842483515210915, 5483243.065358217805624, 402.0 ], [ 318447.218777727743145, 5483294.274220648221672, 391.0 ], [ 318443.646356440032832, 5483313.310852056369185, 388.0 ], [ 318451.9992696318659, 5483320.266211206093431, 388.0 ], [ 318436.701361995947082, 5483331.235610726289451, 386.0 ], [ 318432.380334446963388, 5483351.743816399015486, 384.0 ], [ 318425.983841817767825, 5483418.836573502980173, 380.0 ], [ 318425.983841817767825, 5483418.836573502980173, 380.0 ], [ 318419.866357029299252, 5483444.189664364792407, 379.0 ], [ 318427.652308810851537, 5483453.723309938795865, 378.0 ], [ 318442.429861655225977, 5483455.457215796224773, 378.0 ], [ 318463.830037576321047, 5483470.992237542755902, 377.0 ], [ 318505.712974249268882, 5483511.55191208049655, 373.0 ], [ 318524.342588486033492, 5483522.282942372374237, 372.0 ], [ 318526.309982835780829, 5483518.211394490674138, 372.0 ], [ 318526.309982835780829, 5483518.211394490674138, 372.0 ], [ 318535.004658097808715, 5483522.373468579724431, 372.0 ], [ 318543.2115986396675, 5483533.673756632953882, 372.0 ], [ 318550.896920213825069, 5483566.357343813404441, 372.0 ], [ 318547.591252946294844, 5483589.057307640090585, 372.0 ], [ 318514.599029028322548, 5483684.965994226746261, 374.0 ], [ 318498.608106858329847, 5483729.565206620842218, 375.0 ], [ 318498.608106858329847, 5483729.565206620842218, 375.0 ], [ 318501.260115397162735, 5483741.717901381663978, 375.0 ], [ 318606.780007553927135, 5483825.230453248135746, 377.0 ], [ 318660.993918715394102, 5483866.048854897730052, 379.0 ], [ 318660.993918715394102, 5483866.048854897730052, 379.0 ], [ 318677.972499359108042, 5483879.505946441553533, 379.0 ], [ 318731.801052694790997, 5483919.670115319080651, 383.0 ], [ 318728.45823449944146, 5483930.352859663777053, 383.0 ], [ 318731.729694043868221, 5483943.709143231622875, 384.0 ], [ 318746.336316037224606, 5483957.80163910984993, 386.0 ], [ 318716.967751189833507, 5483986.041230454109609, 387.0 ], [ 318716.967751189833507, 5483986.041230454109609, 387.0 ], [ 318726.317541085067205, 5484007.764165729284286, 387.0 ], [ 318739.645878017880023, 5484044.489119193516672, 386.0 ], [ 318685.116538095404394, 5483994.110385769046843, 379.0 ], [ 318655.98663445643615, 5483944.445760798640549, 373.0 ], [ 318655.98663445643615, 5483944.445760798640549, 373.0 ], [ 318644.822879949351773, 5483929.237517198547721, 373.0 ], [ 318632.153652311244514, 5483910.184507238678634, 372.0 ], [ 318589.174991084262729, 5483893.252062699757516, 372.0 ], [ 318627.716560798580758, 5483946.83216049335897, 370.0 ], [ 318662.763259963830933, 5484017.443354606628418, 370.0 ], [ 318662.763259963830933, 5484017.443354606628418, 370.0 ], [ 318679.312656694208272, 5484050.722693488001823, 372.0 ], [ 318687.545771731296554, 5484086.837918030098081, 373.0 ], [ 318686.410440858802758, 5484122.485541695728898, 374.0 ], [ 318710.504639557097107, 5484153.733708373270929, 375.0 ], [ 318739.906710811250377, 5484189.813242408446968, 375.0 ], [ 318739.906710811250377, 5484189.813242408446968, 375.0 ], [ 318763.939410378341563, 5484238.86859267950058, 375.0 ], [ 318794.405447354889475, 5484280.810914717614651, 379.0 ], [ 318807.869968443992548, 5484299.837816610001028, 382.0 ], [ 318823.773710995679721, 5484294.079398266039789, 383.0 ], [ 318813.718684158753604, 5484255.465077468194067, 388.0 ], [ 318813.718684158753604, 5484255.465077468194067, 388.0 ], [ 318824.228650376724545, 5484200.810996147803962, 395.0 ], [ 318845.005760499683674, 5484147.485216381959617, 398.0 ], [ 318892.133633118355647, 5484138.798496088944376, 398.0 ], [ 318923.605564000783488, 5484121.506809734739363, 399.0 ], [ 318923.605564000783488, 5484121.506809734739363, 399.0 ], [ 318977.70136004476808, 5484095.563645879738033, 399.0 ], [ 319010.474436471704394, 5484067.212544681504369, 397.0 ], [ 319035.238304855651222, 5484009.415436391718686, 395.0 ], [ 319045.768277707393281, 5483953.092089877463877, 391.0 ], [ 319045.768277707393281, 5483953.092089877463877, 391.0 ], [ 319061.157770609366708, 5483914.301205002702773, 387.0 ], [ 319093.068671464920044, 5483901.447263306006789, 383.0 ], [ 319161.848792160744779, 5483863.446062285453081, 375.0 ], [ 319169.868095086538233, 5483840.701644110493362, 379.0 ], [ 319169.868095086538233, 5483840.701644110493362, 379.0 ], [ 319199.247345236653928, 5483845.514552289620042, 383.0 ], [ 319192.142563625471666, 5483878.355118193663657, 388.0 ], [ 319197.217474870267324, 5483900.220429775305092, 390.0 ], [ 319181.483027378795668, 5483919.882095282897353, 393.0 ], [ 319173.927845418744255, 5483943.501363222487271, 396.0 ], [ 319178.582797360257246, 5483952.694625557400286, 397.0 ], [ 319157.960455607855693, 5483967.065642253495753, 399.0 ], [ 319157.960455607855693, 5483967.065642253495753, 399.0 ], [ 319169.192659375956282, 5483984.386905572377145, 398.0 ], [ 319160.473789820680395, 5483999.142347834073007, 398.0 ], [ 319171.373285277513787, 5484017.364883534610271, 396.0 ], [ 319176.47651860001497, 5484044.45941555313766, 395.0 ], [ 319212.497027616715059, 5484076.872285752557218, 389.0 ], [ 319218.905324626946822, 5484152.107964584603906, 377.0 ], [ 319218.905324626946822, 5484152.107964584603906, 377.0 ], [ 319244.948951657046564, 5484146.014814281836152, 373.0 ], [ 319362.562255847500637, 5484142.119154644198716, 360.0 ], [ 319415.141794138646219, 5484142.604005748406053, 357.0 ], [ 319415.141794138646219, 5484142.604005748406053, 357.0 ], [ 319463.906611344602425, 5484132.977841066196561, 355.0 ], [ 319498.856989791092928, 5484073.955754209309816, 353.0 ], [ 319535.643810361041687, 5483956.451247801072896, 349.0 ], [ 319535.643810361041687, 5483956.451247801072896, 349.0 ], [ 319601.521675074938685, 5484014.808749092742801, 346.0 ], [ 319632.13563386676833, 5484037.276568572036922, 347.0 ], [ 319658.216214960091747, 5484076.141249558888376, 347.0 ], [ 319658.216214960091747, 5484076.141249558888376, 347.0 ], [ 319689.710750129306689, 5484101.139685840345919, 346.0 ], [ 319738.662570017040707, 5484094.959510126151145, 346.0 ], [ 319731.933382318238728, 5484139.248622311279178, 347.0 ], [ 319731.448355316475499, 5484170.645526160486042, 347.0 ], [ 319731.448355316475499, 5484170.645526160486042, 347.0 ], [ 319747.216746196034364, 5484182.699094884097576, 346.0 ], [ 319760.186225612647831, 5484210.980733094736934, 343.0 ], [ 319784.189214498735964, 5484239.676843954250216, 339.0 ], [ 319794.348282937891781, 5484259.705418735742569, 337.0 ], [ 319790.066321261227131, 5484279.320811057463288, 335.0 ], [ 319860.3793098279275, 5484342.653436564840376, 325.0 ], [ 319860.3793098279275, 5484342.653436564840376, 325.0 ], [ 319875.034088973712642, 5484327.591891285963356, 323.0 ], [ 319893.993539615650661, 5484335.311852142214775, 321.0 ], [ 319902.49473078281153, 5484357.843486386351287, 319.0 ], [ 319909.906648884178139, 5484373.734319357201457, 318.0 ], [ 319878.709843603370246, 5484377.435048839077353, 318.0 ], [ 319858.579440756817348, 5484382.550970463082194, 319.0 ], [ 319858.85842433932703, 5484390.999007483012974, 319.0 ], [ 319854.576379649341106, 5484410.614349613897502, 319.0 ], [ 319854.576379649341106, 5484410.614349613897502, 319.0 ], [ 319842.101427986170165, 5484417.035442858934402, 319.0 ], [ 319818.311393280280754, 5484392.560722523368895, 319.0 ], [ 319796.63477842672728, 5484381.592398543842137, 318.0 ], [ 319786.877056360943243, 5484391.262245558202267, 318.0 ], [ 319802.813635994563811, 5484408.429245059378445, 318.0 ], [ 319826.789917159825563, 5484436.347416274249554, 321.0 ], [ 319838.314091457752511, 5484449.431623297743499, 323.0 ], [ 319838.314091457752511, 5484449.431623297743499, 323.0 ], [ 319840.403553508454934, 5484457.819865925237536, 324.0 ], [ 319861.548493857728317, 5484479.043625803664327, 327.0 ], [ 319877.373415144451428, 5484514.798199702985585, 329.0 ], [ 319899.923411770374514, 5484569.804688814096153, 329.0 ], [ 319917.135034625069238, 5484614.63849447760731, 328.0 ], [ 319917.135034625069238, 5484614.63849447760731, 328.0 ], [ 319949.925331750593614, 5484681.213985681533813, 324.0 ], [ 319964.035573541128542, 5484697.996556841768324, 324.0 ], [ 319986.393942755763419, 5484731.866543067619205, 322.0 ], [ 319995.200361649040133, 5484750.493424605578184, 322.0 ], [ 320005.66489849309437, 5484768.843039468862116, 323.0 ], [ 320005.66489849309437, 5484768.843039468862116, 323.0 ], [ 320020.378794276854023, 5484784.159181702882051, 326.0 ], [ 320036.762069690506905, 5484825.904796089977026, 332.0 ], [ 320043.284940151614137, 5484847.834192857146263, 335.0 ], [ 320065.975379613053519, 5484933.549730574712157, 346.0 ], [ 320076.07108826295007, 5484980.287887865677476, 353.0 ], [ 320076.07108826295007, 5484980.287887865677476, 353.0 ], [ 320079.041896602255292, 5485002.223218846134841, 355.0 ], [ 320079.724904093774967, 5485025.124260173179209, 358.0 ], [ 320075.974666796741076, 5485078.439579146914184, 363.0 ], [ 320063.619027597189415, 5485141.163749111816287, 367.0 ], [ 320067.086065745679662, 5485334.119369288906455, 377.0 ], [ 320067.086065745679662, 5485334.119369288906455, 377.0 ], [ 320067.584051545476541, 5485355.802453693933785, 378.0 ], [ 320067.176897026132792, 5485402.775868400931358, 381.0 ], [ 320150.219078685215209, 5485454.785956392996013, 380.0 ], [ 320163.555235578329302, 5485443.77457922603935, 379.0 ], [ 320163.555235578329302, 5485443.77457922603935, 379.0 ], [ 320187.340770301118027, 5485408.93870513793081, 379.0 ], [ 320202.342433016514406, 5485397.872516298666596, 379.0 ], [ 320220.566404746903572, 5485405.39507872145623, 379.0 ], [ 320319.707447166030761, 5485451.090403905138373, 378.0 ], [ 320335.138864526292309, 5485446.464624996297061, 378.0 ], [ 320335.138864526292309, 5485446.464624996297061, 378.0 ], [ 320436.283459178055637, 5485491.428284238092601, 373.0 ], [ 320439.486722532485146, 5485489.653616772033274, 373.0 ], [ 320557.871355689829215, 5485562.984316118992865, 381.0 ], [ 320557.871355689829215, 5485562.984316118992865, 381.0 ], [ 320568.900128544308245, 5485578.756856196559966, 383.0 ], [ 320579.826260057277977, 5485569.383733153343201, 385.0 ], [ 320595.846964659634978, 5485562.847550046630204, 388.0 ], [ 320631.916652851039544, 5485579.688143352046609, 392.0 ], [ 320647.533603593590669, 5485589.523399690166116, 394.0 ], [ 320663.036370416753925, 5485604.703841780312359, 397.0 ], [ 320685.413227376702707, 5485652.59682401176542, 399.0 ], [ 320685.413227376702707, 5485652.59682401176542, 399.0 ], [ 320695.682303370791487, 5485671.732941714115441, 399.0 ], [ 320717.795836713921744, 5485689.589389381930232, 399.0 ], [ 320748.078864798997529, 5485704.61793265864253, 399.0 ], [ 320784.93324667820707, 5485723.325404224917293, 399.0 ], [ 320813.779145077161957, 5485751.977539252489805, 399.0 ], [ 320842.804123968002386, 5485775.059988646768034, 398.0 ], [ 320842.804123968002386, 5485775.059988646768034, 398.0 ], [ 320858.932716223120224, 5485804.909162677824497, 397.0 ], [ 320860.000215773354284, 5485828.57646400667727, 396.0 ], [ 320903.933338027447462, 5485857.623581480234861, 390.0 ], [ 320916.512538892624434, 5485869.896174479275942, 388.0 ], [ 320938.471816256816965, 5485872.068209008313715, 385.0 ], [ 321019.458558919082861, 5485903.905476097948849, 385.0 ], [ 321019.458558919082861, 5485903.905476097948849, 385.0 ], [ 321029.252273827325553, 5485910.817097824066877, 385.0 ], [ 321041.398764341254719, 5485945.248595122247934, 386.0 ], [ 321047.298085156362504, 5485954.958756923675537, 386.0 ], [ 321073.668690738326404, 5485967.891822136007249, 386.0 ], [ 321101.696453173644841, 5485978.322505261749029, 386.0 ], [ 321103.106128879066091, 5485999.196610043756664, 385.0 ], [ 321069.955809059902094, 5486057.926738941110671, 385.0 ], [ 321069.955809059902094, 5486057.926738941110671, 385.0 ], [ 321061.774831961025484, 5486071.437386129982769, 385.0 ], [ 321044.792156598705333, 5486077.336166585795581, 385.0 ], [ 321032.144057823577896, 5486089.435593508183956, 386.0 ], [ 321004.031398441642523, 5486098.481839294545352, 388.0 ], [ 320992.534516001818702, 5486097.078852396458387, 389.0 ], [ 320983.74666612042347, 5486100.928313232958317, 390.0 ], [ 320969.805985374667216, 5486124.420764422975481, 392.0 ], [ 320958.192364572896622, 5486132.702932951971889, 393.0 ], [ 320938.131812507461291, 5486159.623543340712786, 396.0 ], [ 320938.131812507461291, 5486159.623543340712786, 396.0 ], [ 320922.738561679143459, 5486165.359245172701776, 397.0 ], [ 320930.507433112710714, 5486181.239484117366374, 398.0 ], [ 320938.365037256735377, 5486190.996486926451325, 399.0 ], [ 320955.062001334736124, 5486200.68575201369822, 400.0 ], [ 320967.907420882431325, 5486210.056430591270328, 400.0 ], [ 320973.308992502861656, 5486213.439968232996762, 400.0 ], [ 320982.629564110655338, 5486212.577511072158813, 400.0 ], [ 320990.184691723727155, 5486215.333956273272634, 400.0 ], [ 321001.687379156239331, 5486225.750306417234242, 400.0 ], [ 321003.224046868272126, 5486232.821687957271934, 400.0 ], [ 321001.538294733036309, 5486236.660511527210474, 400.0 ], [ 320989.225891841226257, 5486243.518947127275169, 400.0 ], [ 320973.475775743601844, 5486267.070829402655363, 398.0 ], [ 320973.475775743601844, 5486267.070829402655363, 398.0 ], [ 320965.159755064756609, 5486287.485373686999083, 396.0 ], [ 320979.113350628758781, 5486286.470754104666412, 395.0 ], [ 321002.856448370905127, 5486279.014409153722227, 393.0 ], [ 321029.495923768379726, 5486273.688659382984042, 391.0 ], [ 321057.161053647403605, 5486273.114357455633581, 389.0 ], [ 321078.445781415095553, 5486276.866902709938586, 388.0 ], [ 321108.976574656378943, 5486286.325162274762988, 386.0 ], [ 321108.976574656378943, 5486286.325162274762988, 386.0 ], [ 321143.508729346853215, 5486302.885412881150842, 384.0 ], [ 321174.953846823074855, 5486322.551651190035045, 383.0 ], [ 321194.140968180145137, 5486319.808009190484881, 383.0 ], [ 321217.132615542504936, 5486318.16372905112803, 382.0 ], [ 321242.423112811287865, 5486318.113342835567892, 382.0 ], [ 321264.426289842638653, 5486315.055055891163647, 382.0 ], [ 321264.426289842638653, 5486315.055055891163647, 382.0 ], [ 321288.700623767974321, 5486319.378056838177145, 382.0 ], [ 321310.88646456389688, 5486324.103453790768981, 381.0 ], [ 321339.161436572321691, 5486333.303068639710546, 381.0 ], [ 321370.971231773903128, 5486335.376467641443014, 380.0 ], [ 321393.662329705315642, 5486333.408942764624953, 380.0 ], [ 321402.458323435392231, 5486316.540314525365829, 381.0 ], [ 321431.229615491698496, 5486309.922635074704885, 383.0 ], [ 321431.229615491698496, 5486309.922635074704885, 383.0 ], [ 321451.510449261055328, 5486309.592201635241508, 384.0 ], [ 321475.077366178506054, 5486345.430909330956638, 387.0 ], [ 321488.224029993463773, 5486366.254527515731752, 387.0 ], [ 321480.307081138540525, 5486381.202493959106505, 387.0 ], [ 321478.395435632264707, 5486398.068097266368568, 387.0 ], [ 321492.050317927030846, 5486407.858539076521993, 387.0 ], [ 321501.345512164290994, 5486408.444398988038301, 387.0 ], [ 321508.920711901271716, 5486405.191856121644378, 386.0 ], [ 321508.920711901271716, 5486405.191856121644378, 386.0 ], [ 321520.20979444659315, 5486382.566617104224861, 386.0 ], [ 321524.028845803579316, 5486364.191974460147321, 385.0 ], [ 321525.935448939620983, 5486338.313036181032658, 384.0 ], [ 321532.307655184646137, 5486327.087894348427653, 384.0 ], [ 321542.046328947413713, 5486316.86533971875906, 384.0 ], [ 321559.762021899106912, 5486302.375687361694872, 382.0 ], [ 321585.354071313631721, 5486287.183211979456246, 379.0 ], [ 321607.607842350145802, 5486265.200865982100368, 377.0 ], [ 321607.607842350145802, 5486265.200865982100368, 377.0 ], [ 321621.051976245827973, 5486246.400091650895774, 376.0 ], [ 321621.532921255857218, 5486243.379850157536566, 376.0 ], [ 321624.362147647654638, 5486234.607598369941115, 376.0 ], [ 321623.088326334021986, 5486213.39518678933382, 376.0 ], [ 321643.141315491404384, 5486188.369239781983197, 377.0 ], [ 321673.93665872537531, 5486154.979984357953072, 377.0 ], [ 321698.819818180345464, 5486162.400693445466459, 377.0 ], [ 321702.058764706947841, 5486157.287262010388076, 377.0 ], [ 321702.058764706947841, 5486157.287262010388076, 377.0 ], [ 321718.0976248155348, 5486155.761248494498432, 377.0 ], [ 321740.701991276349872, 5486148.9018271304667, 377.0 ], [ 321758.14094934402965, 5486141.432431761175394, 375.0 ], [ 321773.605187989072874, 5486146.7133150966838, 373.0 ], [ 321791.200157979736105, 5486141.798316234722733, 370.0 ], [ 321803.582466496387497, 5486134.828196040354669, 368.0 ], [ 321835.184478312381543, 5486117.214991229586303, 363.0 ], [ 321843.524176406150218, 5486115.162019305862486, 363.0 ], [ 321867.429541355115362, 5486119.277115392498672, 363.0 ], [ 321867.429541355115362, 5486119.277115392498672, 363.0 ], [ 321906.857101198751479, 5486130.452118341811001, 364.0 ], [ 321930.158421537373215, 5486140.484926602803171, 364.0 ], [ 321941.674732027866412, 5486160.250033190473914, 365.0 ], [ 321947.280060703749768, 5486180.987148994579911, 365.0 ], [ 321953.523436940857209, 5486212.386078543029726, 365.0 ], [ 321966.979841227759607, 5486233.868308168835938, 365.0 ], [ 321966.979841227759607, 5486233.868308168835938, 365.0 ], [ 321977.420228818780743, 5486247.325790255330503, 366.0 ], [ 321984.285683338413946, 5486275.588659479282796, 367.0 ], [ 321978.485826349991839, 5486302.150831515900791, 368.0 ], [ 321974.957780148717575, 5486313.950185884721577, 369.0 ], [ 322010.589752048137598, 5486359.857113836333156, 369.0 ], [ 322030.054099577129818, 5486381.143316515721381, 368.0 ], [ 322030.054099577129818, 5486381.143316515721381, 368.0 ], [ 322067.499458872596733, 5486391.605128658004105, 367.0 ], [ 322097.925391947967, 5486389.054240928031504, 364.0 ], [ 322128.981840739259496, 5486396.943028466776013, 360.0 ], [ 322157.117983783013187, 5486417.50160123128444, 358.0 ], [ 322180.877461397845764, 5486430.52493142709136, 358.0 ], [ 322180.877461397845764, 5486430.52493142709136, 358.0 ], [ 322208.991013484192081, 5486441.514638117514551, 358.0 ], [ 322228.315773526788689, 5486442.998681358061731, 358.0 ], [ 322235.323791507922579, 5486455.67831754963845, 358.0 ], [ 322234.684115860145539, 5486476.062924459576607, 360.0 ], [ 322214.864777936134487, 5486497.184294147416949, 362.0 ], [ 322198.606939055141993, 5486514.183594307862222, 364.0 ], [ 322183.239631576114334, 5486531.821564365178347, 366.0 ], [ 322158.117603236518335, 5486543.657560875639319, 367.0 ], [ 322158.117603236518335, 5486543.657560875639319, 367.0 ], [ 322130.263183608243708, 5486558.364771960303187, 368.0 ], [ 322122.891165885899682, 5486570.06690220348537, 369.0 ], [ 322139.523219261900522, 5486580.095560024492443, 369.0 ], [ 322170.021458589937538, 5486593.121493509039283, 370.0 ], [ 322194.886860520287883, 5486591.19759670458734, 371.0 ], [ 322225.261286969180219, 5486593.767795835621655, 372.0 ], [ 322249.562187272880692, 5486594.533214351162314, 372.0 ], [ 322249.562187272880692, 5486594.533214351162314, 372.0 ], [ 322277.65236246609129, 5486589.277500932104886, 371.0 ], [ 322304.193600325670559, 5486587.633299388922751, 370.0 ], [ 322330.781874228676315, 5486585.208754055202007, 368.0 ], [ 322356.954130087979138, 5486590.030914400704205, 368.0 ], [ 322385.974736268515699, 5486591.088241959922016, 368.0 ], [ 322411.705327425617725, 5486595.702496926300228, 369.0 ], [ 322411.705327425617725, 5486595.702496926300228, 369.0 ], [ 322434.442568594880868, 5486597.409894580021501, 369.0 ], [ 322460.306952131097205, 5486597.2351019307971, 369.0 ], [ 322481.675998958875425, 5486594.758728701621294, 369.0 ], [ 322506.530566573725082, 5486596.953858619555831, 369.0 ], [ 322528.210925062652677, 5486586.23303406778723, 369.0 ], [ 322551.067659092717804, 5486578.255930358543992, 369.0 ], [ 322572.787917689653113, 5486573.20911740232259, 369.0 ], [ 322572.787917689653113, 5486573.20911740232259, 369.0 ], [ 322596.397554480005056, 5486568.323457925580442, 369.0 ], [ 322620.926486511598341, 5486567.19140325114131, 369.0 ], [ 322643.725047132524196, 5486577.46599783655256, 369.0 ], [ 322661.706729789031669, 5486564.417972572147846, 369.0 ], [ 322680.459464948158711, 5486550.565992437303066, 369.0 ], [ 322702.962067706277594, 5486536.147011240012944, 369.0 ], [ 322725.392216632317286, 5486526.181556367315352, 368.0 ], [ 322725.392216632317286, 5486526.181556367315352, 368.0 ], [ 322744.55779127695132, 5486513.874262344092131, 367.0 ], [ 322764.168738044507336, 5486499.660856223665178, 365.0 ], [ 322779.182636494631879, 5486493.386343170888722, 363.0 ], [ 322798.84782315895427, 5486483.065991232171655, 362.0 ], [ 322819.884746739175171, 5486474.815385655499995, 360.0 ], [ 322839.629826480406336, 5486462.489613105542958, 359.0 ], [ 322869.55027031264035, 5486437.704131657257676, 357.0 ], [ 322869.55027031264035, 5486437.704131657257676, 357.0 ], [ 322891.209765675594099, 5486432.994437673129141, 356.0 ], [ 322905.003673129074741, 5486433.770347536541522, 354.0 ], [ 322924.679077169159427, 5486437.137154053896666, 351.0 ], [ 322932.117233177646995, 5486436.33916409406811, 350.0 ], [ 322955.737973058363423, 5486438.465167202986777, 346.0 ], [ 322982.262513369554654, 5486429.591885600239038, 341.0 ], [ 323010.238133550446946, 5486425.233958274126053, 337.0 ], [ 323030.671394765377045, 5486413.999332116916776, 335.0 ], [ 323030.671394765377045, 5486413.999332116916776, 335.0 ], [ 323060.825826122658327, 5486412.019019734114408, 333.0 ], [ 323069.757332483539358, 5486425.972503621131182, 332.0 ], [ 323081.605575384222902, 5486444.950050515122712, 330.0 ], [ 323092.19064446707489, 5486462.967125119641423, 330.0 ], [ 323104.187124593823683, 5486482.051179100759327, 329.0 ], [ 323114.454642852302641, 5486490.286279386840761, 329.0 ], [ 323123.930977360112593, 5486485.305189327336848, 328.0 ], [ 323145.646302596316673, 5486497.953792288899422, 328.0 ], [ 323158.986535289557651, 5486507.090770343318582, 329.0 ], [ 323158.986535289557651, 5486507.090770343318582, 329.0 ], [ 323167.293910724110901, 5486530.856951295398176, 331.0 ], [ 323178.203885309805628, 5486552.201918040402234, 333.0 ], [ 323203.343284068221692, 5486560.956270536407828, 335.0 ], [ 323227.283848371822387, 5486575.202144569717348, 336.0 ], [ 323236.430960719357245, 5486595.825446131639183, 336.0 ], [ 323257.852427948499098, 5486608.372711469419301, 337.0 ], [ 323280.562673940672539, 5486618.207646368071437, 337.0 ], [ 323280.562673940672539, 5486618.207646368071437, 337.0 ], [ 323289.521702636789996, 5486610.684258032590151, 337.0 ], [ 323280.586345786461607, 5486578.703848456032574, 337.0 ], [ 323264.085496317245997, 5486552.5325383907184, 337.0 ], [ 323260.143850623629987, 5486527.066819882020354, 337.0 ], [ 323261.255021964432672, 5486500.992175037972629, 336.0 ], [ 323267.03394731588196, 5486484.781051462516189, 336.0 ], [ 323268.072160056210123, 5486463.159822851419449, 335.0 ], [ 323268.072160056210123, 5486463.159822851419449, 335.0 ], [ 323260.979017450939864, 5486429.895672387443483, 335.0 ], [ 323265.594153400394134, 5486402.372120757587254, 331.0 ], [ 323284.574616695288569, 5486404.427433778531849, 329.0 ], [ 323307.964683900587261, 5486399.440768596716225, 325.0 ], [ 323316.014564226788934, 5486375.032955863513052, 322.0 ], [ 323325.911360286758281, 5486345.001502358354628, 320.0 ], [ 323334.628048807207961, 5486316.566181805916131, 320.0 ], [ 323334.628048807207961, 5486316.566181805916131, 320.0 ], [ 323352.797634294081945, 5486298.061964625492692, 320.0 ], [ 323370.301407962688245, 5486279.134283442050219, 319.0 ], [ 323378.887712053838186, 5486253.373903148807585, 319.0 ], [ 323389.197507052740548, 5486224.887085892260075, 319.0 ], [ 323394.084741631406359, 5486199.0240234779194, 319.0 ], [ 323405.534278075327165, 5486174.394986275583506, 316.0 ], [ 323405.534278075327165, 5486174.394986275583506, 316.0 ], [ 323422.693914836621843, 5486160.48607184831053, 313.0 ], [ 323442.390239104628563, 5486151.057375879026949, 309.0 ], [ 323459.198869319341611, 5486137.493780856952071, 306.0 ], [ 323467.207864675263409, 5486125.216651520691812, 304.0 ], [ 323446.481880613719113, 5486122.994629736989737, 303.0 ], [ 323423.751992210512981, 5486112.603172950446606, 302.0 ], [ 323406.8879012594698, 5486090.894214646890759, 301.0 ], [ 323396.256862923386507, 5486069.205945229157805, 301.0 ], [ 323396.256862923386507, 5486069.205945229157805, 301.0 ], [ 323414.375584152759984, 5486058.047854456119239, 300.0 ], [ 323434.037074335443322, 5486043.056485709734261, 300.0 ], [ 323462.641294603119604, 5486037.901720374822617, 299.0 ], [ 323482.415803024778143, 5486019.679880240000784, 299.0 ], [ 323506.618678527302109, 5485994.972045948728919, 299.0 ], [ 323529.753039687289856, 5485993.221716991625726, 300.0 ], [ 323557.245565779972821, 5485991.775547655299306, 300.0 ], [ 323557.245565779972821, 5485991.775547655299306, 300.0 ], [ 323575.730891219805926, 5485978.491924245841801, 301.0 ], [ 323594.234753536526114, 5485963.538634169846773, 302.0 ], [ 323613.705046875227708, 5485949.333076626062393, 303.0 ], [ 323632.808898026472889, 5485939.479196582920849, 304.0 ], [ 323656.434429593733512, 5485943.944963436573744, 305.0 ], [ 323685.241205967846327, 5485958.480625016614795, 306.0 ], [ 323713.371611250913702, 5485970.033860703930259, 306.0 ], [ 323713.371611250913702, 5485970.033860703930259, 306.0 ], [ 323738.88289557909593, 5485958.860432237386703, 306.0 ], [ 323769.021013578167185, 5485945.089513826183975, 306.0 ], [ 323792.131553722429089, 5485938.111137364059687, 306.0 ], [ 323817.515742482966743, 5485929.724086257629097, 306.0 ], [ 323849.595865480718203, 5485924.459081928245723, 306.0 ], [ 323877.758841172093526, 5485921.323758590035141, 306.0 ], [ 323877.758841172093526, 5485921.323758590035141, 306.0 ], [ 323901.615701041650027, 5485912.763896573334932, 306.0 ], [ 323929.312665975070558, 5485906.416912855580449, 306.0 ], [ 323952.982320183888078, 5485907.766824537888169, 305.0 ], [ 323980.448434289428405, 5485898.756953880190849, 304.0 ], [ 323999.881062237778679, 5485881.104528333991766, 303.0 ], [ 324027.363662541145459, 5485865.862965650856495, 303.0 ], [ 324049.020023380522616, 5485845.245808274485171, 298.0 ], [ 324049.020023380522616, 5485845.245808274485171, 298.0 ], [ 324074.048574550368357, 5485830.306243109516799, 294.0 ], [ 324091.765034611569718, 5485815.602702056057751, 290.0 ], [ 324096.957542726537213, 5485810.316528934985399, 289.0 ], [ 324085.324036196456291, 5485795.669722465798259, 286.0 ], [ 324088.345722080382984, 5485774.76379815954715, 283.0 ], [ 324092.427645841264166, 5485755.270247959531844, 280.0 ], [ 324098.078643983812071, 5485730.496157262474298, 276.0 ], [ 324095.500558947329409, 5485708.991971937008202, 272.0 ], [ 324095.500558947329409, 5485708.991971937008202, 272.0 ], [ 324096.844855981704313, 5485681.018572800792754, 269.0 ], [ 324087.502606049645692, 5485654.280131316743791, 266.0 ], [ 324071.966758853057399, 5485626.517504625953734, 263.0 ], [ 324059.419397030374967, 5485603.77713905647397, 259.0 ], [ 324043.387512452783994, 5485587.603191924281418, 254.0 ], [ 324032.227002981991973, 5485562.92645077034831, 247.0 ], [ 324032.227002981991973, 5485562.92645077034831, 247.0 ], [ 324014.709377806866542, 5485538.899992792867124, 241.0 ], [ 323997.249010659055784, 5485516.652136980555952, 239.0 ], [ 323978.381599677260965, 5485502.46155765466392, 239.0 ], [ 323987.128207529312931, 5485488.269835066981614, 239.0 ], [ 323995.399976106942631, 5485463.856147086247802, 239.0 ], [ 324012.859534523508046, 5485452.387683629989624, 238.0 ], [ 324034.592947009834461, 5485434.104862500913441, 238.0 ], [ 324034.592947009834461, 5485434.104862500913441, 238.0 ], [ 324036.743661978165619, 5485408.664753221906722, 237.0 ], [ 324049.337849632429425, 5485385.669544949196279, 237.0 ], [ 324064.548107883078046, 5485367.374794731847942, 236.0 ], [ 324083.96578834252432, 5485346.941414237953722, 233.0 ], [ 324100.744081644632388, 5485327.817271003499627, 231.0 ], [ 324111.435402837116271, 5485301.990465071052313, 229.0 ], [ 324117.983205820433795, 5485271.289951764047146, 228.0 ], [ 324117.983205820433795, 5485271.289951764047146, 228.0 ], [ 324129.545778345316648, 5485249.99736594595015, 228.0 ], [ 324150.965700524742715, 5485242.185028512962162, 228.0 ], [ 324163.188016043859534, 5485218.868304560892284, 228.0 ], [ 324159.31539472786244, 5485204.416166331619024, 228.0 ], [ 324178.093066534551326, 5485195.576396669261158, 228.0 ], [ 324201.076805596880149, 5485189.049152122810483, 229.0 ], [ 324229.426428348000627, 5485191.58486380521208, 229.0 ], [ 324249.716860572108999, 5485184.699537316337228, 230.0 ], [ 324249.716860572108999, 5485184.699537316337228, 230.0 ], [ 324278.801556693506427, 5485176.306894126348197, 230.0 ], [ 324303.0816349319648, 5485169.515770585276186, 230.0 ], [ 324325.577868875232525, 5485170.348897505551577, 230.0 ], [ 324351.390480137954, 5485170.630202173255384, 230.0 ], [ 324377.67771166813327, 5485169.894872764125466, 228.0 ], [ 324402.905541797401384, 5485165.521720844320953, 227.0 ], [ 324426.268721471191384, 5485161.76509150210768, 225.0 ], [ 324426.268721471191384, 5485161.76509150210768, 225.0 ], [ 324449.525422992359381, 5485152.448265752755105, 223.0 ], [ 324469.403261019382626, 5485146.244707121513784, 221.0 ], [ 324492.166693333303556, 5485139.614534431137145, 218.0 ], [ 324515.477242076362018, 5485131.965384725481272, 216.0 ], [ 324537.804578569717705, 5485129.800417563878, 213.0 ], [ 324556.170068700215779, 5485121.642903913743794, 213.0 ], [ 324580.706354238674976, 5485100.26786423381418, 212.0 ], [ 324580.706354238674976, 5485100.26786423381418, 212.0 ], [ 324598.496362636564299, 5485083.227066576480865, 211.0 ], [ 324617.686266193515621, 5485078.158939845860004, 211.0 ], [ 324640.046009904006496, 5485076.994831327348948, 211.0 ], [ 324664.521591552067548, 5485080.770131701603532, 211.0 ], [ 324688.116578346467577, 5485086.465508995577693, 211.0 ], [ 324712.55015098612057, 5485086.681596265174448, 211.0 ], [ 324735.144672602182254, 5485095.079909045249224, 210.0 ], [ 324735.144672602182254, 5485095.079909045249224, 210.0 ], [ 324758.331698777968995, 5485106.129852176643908, 210.0 ], [ 324784.034744585049339, 5485100.741755846887827, 209.0 ], [ 324807.942918272339739, 5485093.631055667996407, 209.0 ], [ 324830.659492285456508, 5485087.782751949504018, 205.0 ], [ 324853.225163953495212, 5485079.491362784057856, 201.0 ], [ 324871.931863552948926, 5485070.65634414833039, 198.0 ], [ 324895.774507862282917, 5485056.98298108484596, 193.0 ], [ 324895.774507862282917, 5485056.98298108484596, 193.0 ], [ 324911.598828918999061, 5485041.898036601953208, 191.0 ], [ 324926.257565915759187, 5485026.628012161701918, 190.0 ], [ 324941.542040541069582, 5485012.784507766366005, 188.0 ], [ 324958.056488875183277, 5485001.127052267082036, 187.0 ], [ 324976.828891466604546, 5484992.067761630751193, 186.0 ], [ 324995.549275935743935, 5484985.903328611515462, 185.0 ], [ 325015.435377988032997, 5484979.924108001403511, 184.0 ], [ 325038.455421489838045, 5484976.737542320042849, 183.0 ], [ 325038.455421489838045, 5484976.737542320042849, 183.0 ], [ 325060.338333772611804, 5484974.25519272685051, 182.0 ], [ 325082.300800605677068, 5484971.992927868850529, 181.0 ], [ 325104.327664434793405, 5484978.519312300719321, 178.0 ], [ 325128.422444387571886, 5484990.765709587372839, 176.0 ], [ 325145.675053569953889, 5485002.118833242915571, 174.0 ], [ 325164.195458801928908, 5485019.106322340667248, 171.0 ], [ 325183.051576480036601, 5485030.741971591487527, 169.0 ], [ 325183.051576480036601, 5485030.741971591487527, 169.0 ], [ 325202.598476691113319, 5485043.579551426693797, 167.0 ], [ 325222.341133565758355, 5485055.743281153962016, 164.0 ], [ 325239.647935736575164, 5485066.538575910031796, 162.0 ], [ 325258.294798118411563, 5485076.178248827345669, 162.0 ], [ 325266.377148805418983, 5485072.80362700112164, 162.0 ], [ 325278.432437428331468, 5485066.742441855370998, 162.0 ], [ 325296.695848820905667, 5485055.36382795125246, 162.0 ], [ 325318.033681688655633, 5485049.450480878353119, 162.0 ], [ 325339.832133878953755, 5485042.075912658125162, 162.0 ], [ 325339.832133878953755, 5485042.075912658125162, 162.0 ], [ 325361.399178077466786, 5485034.263750981539488, 162.0 ], [ 325383.374589850660414, 5485027.885157539509237, 162.0 ], [ 325403.391463063482661, 5485021.458082234486938, 163.0 ], [ 325423.695699404517654, 5485012.685143263079226, 163.0 ], [ 325442.912616653717123, 5485006.172551931813359, 164.0 ], [ 325454.668969303602353, 5485004.349730283953249, 164.0 ], [ 325475.138000235660002, 5485005.252495813183486, 165.0 ], [ 325497.12276974087581, 5485008.221031562425196, 166.0 ], [ 325497.12276974087581, 5485008.221031562425196, 166.0 ], [ 325511.19620388612384, 5485006.324193866923451, 166.0 ], [ 325518.558267094136681, 5485003.084277926944196, 166.0 ], [ 325526.411688663531095, 5485001.609025496989489, 166.0 ], [ 325548.504728078376502, 5484998.899368110112846, 167.0 ], [ 325571.609255663701333, 5484993.820713304914534, 168.0 ], [ 325591.631693057308439, 5484978.492313696071506, 169.0 ], [ 325610.55256657616701, 5484964.97958757262677, 170.0 ], [ 325629.625459390983451, 5484951.684618390165269, 170.0 ], [ 325645.122833313420415, 5484942.17603824660182, 170.0 ], [ 325645.122833313420415, 5484942.17603824660182, 170.0 ], [ 325664.221144681039732, 5484941.009154489263892, 169.0 ], [ 325680.210759994690306, 5484937.82750997133553, 169.0 ], [ 325696.335390218300745, 5484938.869974651373923, 169.0 ], [ 325705.889349039876834, 5484945.241026778705418, 169.0 ], [ 325716.629707689513452, 5484959.252021900378168, 168.0 ], [ 325739.401358118164353, 5484977.774612293578684, 168.0 ], [ 325739.469884430174716, 5484995.798652751371264, 167.0 ], [ 325739.966328410198912, 5485006.798820023424923, 167.0 ], [ 325743.885901227709837, 5485020.582710795104504, 167.0 ], [ 325751.618226893013343, 5485033.465872555971146, 166.0 ], [ 325751.618226893013343, 5485033.465872555971146, 166.0 ], [ 325759.549192274687812, 5485041.224138568155468, 166.0 ], [ 325775.578564323484898, 5485055.17753064725548, 165.0 ], [ 325792.126752799726091, 5485067.222752185538411, 165.0 ], [ 325807.382072074105963, 5485068.293291149660945, 164.0 ], [ 325824.187009100511204, 5485063.416915284469724, 164.0 ], [ 325839.80573591258144, 5485050.900641620159149, 164.0 ], [ 325861.342825914849527, 5485039.864532372914255, 165.0 ], [ 325887.469357931986451, 5485036.359819451346993, 165.0 ], [ 325938.338842296623625, 5485035.960027921013534, 167.0 ], [ 325938.338842296623625, 5485035.960027921013534, 167.0 ], [ 325996.184695873060264, 5485106.552684221416712, 166.0 ], [ 325955.964815839659423, 5485143.10957791749388, 165.0 ], [ 325892.965153193683363, 5485199.421681732870638, 162.0 ], [ 325892.965153193683363, 5485199.421681732870638, 162.0 ], [ 325845.922127467463724, 5485242.428595997393131, 159.0 ], [ 325832.00554190739058, 5485260.565445013344288, 159.0 ], [ 325832.750988510379102, 5485272.559118800796568, 159.0 ], [ 325850.05019966152031, 5485292.258325880393386, 159.0 ], [ 325869.666950762155466, 5485316.445769442245364, 159.0 ], [ 325883.7900555630913, 5485332.018117877654731, 159.0 ], [ 325883.7900555630913, 5485332.018117877654731, 159.0 ], [ 325883.800703839049675, 5485321.001757408492267, 159.0 ], [ 325898.764213140122592, 5485335.657125124707818, 159.0 ], [ 325919.790323503315449, 5485363.137921246699989, 159.0 ], [ 325916.718800577451475, 5485371.358895891346037, 159.0 ], [ 325959.354984026402235, 5485451.449706986546516, 159.0 ], [ 325983.683424394344911, 5485509.759169399738312, 159.0 ], [ 325983.683424394344911, 5485509.759169399738312, 159.0 ], [ 325986.983073730079923, 5485529.126620361581445, 159.0 ], [ 326001.020407225703821, 5485530.681587758474052, 159.0 ], [ 326003.565513751469553, 5485546.846210247837007, 159.0 ] ] ] } },
{ "type": "Feature", "properties": { "name": "Saar-Hunsrück-Steig - 03. Etappe: von Mettlach nach Britten", "km": 10.825, "darstell": "F1", "datum": null, "height": 357, "link": "https://www.saar-hunsrueck-steig.de/tour/saar-hunsrueck-steig-03.-etappe-von-mettlach-nach-britten-f4fe34ccb1" }, "geometry": { "type": "MultiLineString", "coordinates": [ [ [ 326001.674733420542907, 5485537.55962491966784, 160.0 ], [ 326001.674733420542907, 5485537.55962491966784, 160.0 ], [ 326001.674733420542907, 5485537.55962491966784, 160.0 ], [ 326006.362657867255621, 5485559.553333095274866, 160.0 ], [ 326009.280172850179952, 5485587.389723245054483, 161.0 ], [ 326008.446623428259045, 5485599.878880023024976, 161.0 ], [ 326005.294180417316966, 5485610.105302050709724, 161.0 ], [ 325999.205264653079212, 5485621.426887133158743, 161.0 ], [ 326009.230509464687202, 5485624.445167702622712, 161.0 ], [ 326009.230509464687202, 5485624.445167702622712, 161.0 ], [ 326009.230509464687202, 5485624.445167702622712, 161.0 ], [ 326035.084824340068735, 5485639.754802147857845, 163.0 ], [ 326041.069800970202778, 5485643.347133863717318, 163.0 ], [ 326067.208504159119911, 5485660.762021177448332, 164.0 ], [ 326072.614238660782576, 5485664.372862339019775, 164.0 ], [ 326092.038249540841207, 5485675.770772196352482, 165.0 ], [ 326108.380362938623875, 5485683.706304182298481, 168.0 ], [ 326108.380362938623875, 5485683.706304182298481, 168.0 ], [ 326108.380362938623875, 5485683.706304182298481, 168.0 ], [ 326114.428506730648223, 5485684.737423467449844, 169.0 ], [ 326120.520688825752586, 5485684.876963017508388, 170.0 ], [ 326119.68337570829317, 5485697.254939230158925, 173.0 ], [ 326119.284969233325683, 5485702.94255443289876, 174.0 ], [ 326114.955745318729896, 5485708.087887713685632, 175.0 ], [ 326113.276932926906738, 5485712.258518221788108, 176.0 ], [ 326111.098420710070059, 5485716.667631009593606, 176.0 ], [ 326110.991668816306628, 5485724.68267435207963, 178.0 ], [ 326110.65354181046132, 5485732.26000568177551, 179.0 ], [ 326105.798893860192038, 5485743.653380121104419, 182.0 ], [ 326105.8121344592073, 5485750.885688126087189, 183.0 ], [ 326104.026051404653117, 5485758.509200177155435, 184.0 ], [ 326101.485576428240165, 5485762.929862730205059, 184.0 ], [ 326101.485576428240165, 5485762.929862730205059, 184.0 ], [ 326101.485576428240165, 5485762.929862730205059, 184.0 ], [ 326096.524053969769739, 5485766.426289225928485, 184.0 ], [ 326089.934321040753275, 5485768.861925385892391, 185.0 ], [ 326073.446413606870919, 5485779.068579236976802, 186.0 ], [ 326039.202709015633445, 5485784.723209184594452, 188.0 ], [ 326023.269293466582894, 5485794.133421242237091, 189.0 ], [ 326020.735166241996922, 5485805.564115053974092, 190.0 ], [ 326020.735166241996922, 5485805.564115053974092, 190.0 ], [ 326020.735166241996922, 5485805.564115053974092, 190.0 ], [ 325988.429982838104479, 5485819.725234715268016, 191.0 ], [ 325956.121411153464578, 5485833.775390139780939, 193.0 ], [ 325945.243320612993557, 5485840.353926151990891, 193.0 ], [ 325943.747816066257656, 5485841.180578148923814, 193.0 ], [ 325907.070119093579706, 5485861.379259684123099, 195.0 ], [ 325907.070119093579706, 5485861.379259684123099, 195.0 ], [ 325907.070119093579706, 5485861.379259684123099, 195.0 ], [ 325901.775216562324204, 5485865.776704541407526, 195.0 ], [ 325886.636481556924991, 5485872.825233359821141, 195.0 ], [ 325877.139036531443708, 5485877.245636686682701, 196.0 ], [ 325866.924738272908144, 5485881.91149818431586, 196.0 ], [ 325851.176347145868931, 5485885.75268196221441, 196.0 ], [ 325850.861128682969138, 5485880.421642052941024, 197.0 ], [ 325851.176347145868931, 5485885.75268196221441, 197.0 ], [ 325809.286721128970385, 5485906.118533049710095, 197.0 ], [ 325809.286721128970385, 5485906.118533049710095, 197.0 ], [ 325809.286721128970385, 5485906.118533049710095, 197.0 ], [ 325767.32499986916082, 5485926.487027143128216, 197.0 ], [ 325745.100612041656859, 5485943.109355632215738, 197.0 ], [ 325708.189337319461629, 5485962.760553103871644, 199.0 ], [ 325708.189337319461629, 5485962.760553103871644, 199.0 ], [ 325708.189337319461629, 5485962.760553103871644, 199.0 ], [ 325671.777980753686279, 5485982.173483961261809, 198.0 ], [ 325635.43927075190004, 5486001.584349074400961, 195.0 ], [ 325606.391379729204345, 5486020.094614625908434, 192.0 ], [ 325606.391379729204345, 5486020.094614625908434, 192.0 ], [ 325606.391379729204345, 5486020.094614625908434, 192.0 ], [ 325583.164990945078898, 5486037.083524095825851, 194.0 ], [ 325559.938745705760084, 5486054.072536210529506, 197.0 ], [ 325556.666535482392646, 5486060.519821044057608, 198.0 ], [ 325555.493773288093507, 5486066.899932459928095, 199.0 ], [ 325555.483919736230746, 5486077.916320183314383, 200.0 ], [ 325567.352329906774685, 5486097.788349122740328, 203.0 ], [ 325567.352329906774685, 5486097.788349122740328, 203.0 ], [ 325567.352329906774685, 5486097.788349122740328, 203.0 ], [ 325580.635507828847039, 5486112.051465497352183, 208.0 ], [ 325583.365137402608525, 5486111.296497668139637, 209.0 ], [ 325598.805364091589581, 5486106.907985058613122, 214.0 ], [ 325602.03464419033844, 5486105.914496622048318, 216.0 ], [ 325605.574835803010501, 5486105.578705192543566, 217.0 ], [ 325627.174775648571085, 5486121.578818430192769, 225.0 ], [ 325628.965554753900506, 5486123.190642986446619, 226.0 ], [ 325637.185807455447502, 5486135.501625836826861, 231.0 ], [ 325656.434700937592424, 5486148.238836257718503, 236.0 ], [ 325656.434700937592424, 5486148.238836257718503, 236.0 ], [ 325656.434700937592424, 5486148.238836257718503, 236.0 ], [ 325676.308060294715688, 5486132.915260760113597, 239.0 ], [ 325677.858066701097414, 5486131.530419122427702, 239.0 ], [ 325688.545575827825814, 5486121.285371423698962, 241.0 ], [ 325691.428421122545842, 5486118.522639692761004, 242.0 ], [ 325695.573949202080257, 5486116.720999388955534, 242.0 ], [ 325699.24339191504987, 5486118.161509125493467, 242.0 ], [ 325700.923583681811579, 5486123.115090903826058, 243.0 ], [ 325703.444065763615072, 5486127.151622303761542, 244.0 ], [ 325706.85499281383818, 5486125.039655878208578, 244.0 ], [ 325732.147452804143541, 5486109.209234017878771, 247.0 ], [ 325738.970686236047186, 5486102.759832604788244, 247.0 ], [ 325738.970686236047186, 5486102.759832604788244, 247.0 ], [ 325738.970686236047186, 5486102.759832604788244, 247.0 ], [ 325744.599220633797813, 5486090.673690143041313, 248.0 ], [ 325757.238896243856288, 5486084.817323097027838, 249.0 ], [ 325770.819723090738989, 5486078.930910037830472, 249.0 ], [ 325782.089712311746553, 5486075.566385834477842, 250.0 ], [ 325782.365929961903021, 5486079.674667828716338, 250.0 ], [ 325779.905377420654986, 5486084.315497577190399, 251.0 ], [ 325767.024492561817169, 5486093.962809059768915, 251.0 ], [ 325749.551738656533416, 5486107.317658752202988, 255.0 ], [ 325749.551738656533416, 5486107.317658752202988, 255.0 ], [ 325749.551738656533416, 5486107.317658752202988, 255.0 ], [ 325746.200278032047208, 5486124.894678600132465, 257.0 ], [ 325745.590035718982108, 5486128.474927641451359, 258.0 ], [ 325743.777079747291282, 5486139.771473877131939, 260.0 ], [ 325744.973560711427126, 5486154.532574778422713, 262.0 ], [ 325750.029976043500938, 5486160.824808497913182, 264.0 ], [ 325755.573612642823718, 5486157.420701165683568, 265.0 ], [ 325766.958451845915988, 5486155.387743973173201, 266.0 ], [ 325777.078066713176668, 5486138.707177798263729, 268.0 ], [ 325788.234770350391045, 5486124.997871039435267, 269.0 ], [ 325788.234770350391045, 5486124.997871039435267, 269.0 ], [ 325788.234770350391045, 5486124.997871039435267, 269.0 ], [ 325821.460719478782266, 5486098.899785782210529, 271.0 ], [ 325828.570091050583869, 5486092.330088138580322, 272.0 ], [ 325839.442600566020701, 5486087.865649396553636, 272.0 ], [ 325847.381892334669828, 5486091.395321979187429, 273.0 ], [ 325833.655111106229015, 5486110.861529429443181, 275.0 ], [ 325816.02327055321075, 5486123.776150521822274, 276.0 ], [ 325816.02327055321075, 5486123.776150521822274, 276.0 ], [ 325816.02327055321075, 5486123.776150521822274, 276.0 ], [ 325804.243370527401567, 5486138.395494317635894, 278.0 ], [ 325801.768942598078866, 5486153.941531964577734, 279.0 ], [ 325803.635401073552202, 5486173.799797064624727, 281.0 ], [ 325811.50689581950428, 5486193.354918886907399, 283.0 ], [ 325819.978496382304002, 5486202.208650134503841, 285.0 ], [ 325836.406996699050069, 5486185.660454278811812, 287.0 ], [ 325836.406996699050069, 5486185.660454278811812, 287.0 ], [ 325836.406996699050069, 5486185.660454278811812, 287.0 ], [ 325857.690483142039739, 5486184.980564315803349, 290.0 ], [ 325870.5730372252292, 5486195.807664345949888, 291.0 ], [ 325891.521526264317799, 5486198.25425114389509, 288.0 ], [ 325921.717013544926886, 5486190.724886558018625, 283.0 ], [ 325944.562585263513029, 5486186.768537655472755, 279.0 ], [ 325944.562585263513029, 5486186.768537655472755, 279.0 ], [ 325944.562585263513029, 5486186.768537655472755, 279.0 ], [ 325947.661278455692809, 5486186.224515568464994, 279.0 ], [ 325956.323569664964452, 5486185.16905852034688, 277.0 ], [ 325991.93938501982484, 5486186.2576196603477, 273.0 ], [ 326027.555173374305014, 5486187.346413034945726, 270.0 ], [ 326069.567781998950522, 5486186.784803903661668, 265.0 ], [ 326069.567781998950522, 5486186.784803903661668, 265.0 ], [ 326069.567781998950522, 5486186.784803903661668, 265.0 ], [ 326111.507988697150722, 5486186.22582761477679, 265.0 ], [ 326153.517034211952705, 5486185.553705756552517, 265.0 ], [ 326183.323601327603683, 5486186.272398332133889, 264.0 ], [ 326183.323601327603683, 5486186.272398332133889, 264.0 ], [ 326183.323601327603683, 5486186.272398332133889, 264.0 ], [ 326222.639922140282579, 5486185.241569765843451, 261.0 ], [ 326255.804865107871592, 5486186.743789630942047, 259.0 ], [ 326286.76413290167693, 5486184.978310868144035, 257.0 ], [ 326286.76413290167693, 5486184.978310868144035, 257.0 ], [ 326286.76413290167693, 5486184.978310868144035, 257.0 ], [ 326328.635432073497213, 5486184.534471460618079, 255.0 ], [ 326369.742263636901043, 5486185.116753621026874, 254.0 ], [ 326412.770211382769048, 5486186.862172150984406, 254.0 ], [ 326412.770211382769048, 5486186.862172150984406, 254.0 ], [ 326412.770211382769048, 5486186.862172150984406, 254.0 ], [ 326426.184080264647491, 5486187.102715666405857, 254.0 ], [ 326426.431500550592318, 5486190.321740939281881, 254.0 ], [ 326435.951929801900405, 5486188.905909911729395, 254.0 ], [ 326443.637776669580489, 5486186.76959218736738, 254.0 ], [ 326446.501632423547562, 5486185.676969389431179, 254.0 ], [ 326458.518515273346566, 5486180.732258901931345, 254.0 ], [ 326483.03976935474202, 5486172.496491865254939, 255.0 ], [ 326507.633485240163282, 5486164.258533097803593, 255.0 ], [ 326507.633485240163282, 5486164.258533097803593, 255.0 ], [ 326507.633485240163282, 5486164.258533097803593, 255.0 ], [ 326539.206948517938145, 5486154.463339640758932, 256.0 ], [ 326570.784052592876833, 5486144.779491539113224, 257.0 ], [ 326615.406027363729663, 5486130.563874728046358, 259.0 ], [ 326615.406027363729663, 5486130.563874728046358, 259.0 ], [ 326615.406027363729663, 5486130.563874728046358, 259.0 ], [ 326659.863932149368338, 5486113.460773988626897, 261.0 ], [ 326675.710938261356205, 5486108.172240509651601, 261.0 ], [ 326695.594349299091846, 5486102.199082724750042, 262.0 ], [ 326722.469928560778499, 5486092.776870032772422, 263.0 ], [ 326722.469928560778499, 5486092.776870032772422, 263.0 ], [ 326722.469928560778499, 5486092.776870032772422, 263.0 ], [ 326741.297533706994727, 5486085.502175757661462, 263.0 ], [ 326757.176479548099451, 5486081.214321598410606, 264.0 ], [ 326772.167306081042625, 5486078.623815289698541, 265.0 ], [ 326799.127870123367757, 5486076.43197772745043, 267.0 ], [ 326838.806857492192648, 5486070.831958317197859, 269.0 ], [ 326838.806857492192648, 5486070.831958317197859, 269.0 ], [ 326838.806857492192648, 5486070.831958317197859, 269.0 ], [ 326864.972927068592981, 5486066.44024376757443, 269.0 ], [ 326881.844346323458012, 5486061.453611066564918, 269.0 ], [ 326894.732388837728649, 5486054.256796257570386, 269.0 ], [ 326906.640517142426688, 5486045.867133484221995, 269.0 ], [ 326933.4127666070126, 5486026.323531350120902, 268.0 ], [ 326933.4127666070126, 5486026.323531350120902, 268.0 ], [ 326933.4127666070126, 5486026.323531350120902, 268.0 ], [ 326956.45059599308297, 5486010.125482614152133, 268.0 ], [ 326979.485033113858663, 5485993.816374780610204, 267.0 ], [ 326999.424248523078859, 5485978.16194515209645, 267.0 ], [ 327010.541734970989637, 5485967.683451445773244, 267.0 ], [ 327010.541734970989637, 5485967.683451445773244, 267.0 ], [ 327010.541734970989637, 5485967.683451445773244, 267.0 ], [ 327021.512807264924049, 5485954.872920468449593, 267.0 ], [ 327033.275097589474171, 5485939.589334425516427, 267.0 ], [ 327052.424381497490685, 5485908.159590418450534, 267.0 ], [ 327071.49797548353672, 5485876.621056349948049, 266.0 ], [ 327071.49797548353672, 5485876.621056349948049, 266.0 ], [ 327071.49797548353672, 5485876.621056349948049, 266.0 ], [ 327085.030345360806677, 5485853.158625639043748, 266.0 ], [ 327098.490441180998459, 5485829.698527744971216, 266.0 ], [ 327109.710652570007369, 5485822.443886465393007, 266.0 ], [ 327133.688832613755949, 5485813.004419116303325, 266.0 ], [ 327157.674138731439598, 5485803.787379004061222, 266.0 ], [ 327157.674138731439598, 5485803.787379004061222, 266.0 ], [ 327157.674138731439598, 5485803.787379004061222, 266.0 ], [ 327199.84770202805521, 5485787.651507558301091, 266.0 ], [ 327242.093898467894178, 5485771.51367434579879, 266.0 ], [ 327251.262214599410072, 5485768.107586046680808, 266.0 ], [ 327251.262214599410072, 5485768.107586046680808, 266.0 ], [ 327251.262214599410072, 5485768.107586046680808, 266.0 ], [ 327284.271453672554344, 5485755.489627645350993, 267.0 ], [ 327318.059614946017973, 5485742.290851378813386, 268.0 ], [ 327351.923848874866962, 5485729.201155883260071, 269.0 ], [ 327351.923848874866962, 5485729.201155883260071, 269.0 ], [ 327351.923848874866962, 5485729.201155883260071, 269.0 ], [ 327385.712318571924698, 5485716.002806605771184, 270.0 ], [ 327395.163363802595995, 5485712.365476886741817, 270.0 ], [ 327410.236886590835638, 5485707.771293306723237, 271.0 ], [ 327438.625323725049384, 5485697.971083290874958, 272.0 ], [ 327462.841390986810438, 5485686.856526028364897, 274.0 ], [ 327462.841390986810438, 5485686.856526028364897, 274.0 ], [ 327462.841390986810438, 5485686.856526028364897, 274.0 ], [ 327477.806867422303185, 5485685.715363064780831, 274.0 ], [ 327485.856617107987404, 5485690.467876030132174, 275.0 ], [ 327488.45533989177784, 5485694.725233098492026, 275.0 ], [ 327488.491966519621201, 5485698.173482129350305, 275.0 ], [ 327487.295755784667563, 5485703.886161136440933, 275.0 ], [ 327483.773700571036898, 5485711.675311088562012, 274.0 ], [ 327484.138612828566693, 5485716.337157038971782, 274.0 ], [ 327482.140455764660146, 5485724.189364662393928, 272.0 ], [ 327483.311707016662695, 5485733.721632384695113, 271.0 ], [ 327486.642292455886491, 5485745.077190707437694, 269.0 ], [ 327492.144806022348348, 5485756.364033427089453, 268.0 ], [ 327492.144806022348348, 5485756.364033427089453, 268.0 ], [ 327492.144806022348348, 5485756.364033427089453, 268.0 ], [ 327498.334047520067543, 5485768.741866506636143, 266.0 ], [ 327500.192621549940668, 5485774.802983385510743, 265.0 ], [ 327500.724871365935542, 5485782.463858965784311, 264.0 ], [ 327499.717977994820103, 5485798.741313702426851, 262.0 ], [ 327503.808489420451224, 5485818.084366033785045, 262.0 ], [ 327507.169191824446898, 5485828.103725990280509, 262.0 ], [ 327511.132222544401884, 5485836.546235144138336, 263.0 ], [ 327517.76895768288523, 5485842.456197171472013, 263.0 ], [ 327517.76895768288523, 5485842.456197171472013, 263.0 ], [ 327517.76895768288523, 5485842.456197171472013, 263.0 ], [ 327524.471042579622008, 5485848.141556871123612, 263.0 ], [ 327565.869365114718676, 5485848.723747711628675, 265.0 ], [ 327604.313454720191658, 5485849.844745109789073, 265.0 ], [ 327638.107953592319973, 5485852.893333921208978, 265.0 ], [ 327638.107953592319973, 5485852.893333921208978, 265.0 ], [ 327638.107953592319973, 5485852.893333921208978, 265.0 ], [ 327637.985612082993612, 5485867.362443059682846, 265.0 ], [ 327639.619755301275291, 5485884.669073358178139, 266.0 ], [ 327647.148244214535225, 5485888.993196274153888, 266.0 ], [ 327663.279930342163425, 5485890.374881812371314, 268.0 ], [ 327698.522813971503638, 5485888.815935720689595, 270.0 ], [ 327732.962322864099406, 5485887.060059209354222, 273.0 ], [ 327732.962322864099406, 5485887.060059209354222, 273.0 ], [ 327732.962322864099406, 5485887.060059209354222, 273.0 ], [ 327749.931126581446733, 5485887.414111663587391, 274.0 ], [ 327761.107415330479853, 5485892.513311830349267, 275.0 ], [ 327764.643471287447028, 5485896.629903076216578, 275.0 ], [ 327767.947467131132726, 5485904.870852292515337, 276.0 ], [ 327768.544716252130456, 5485912.307139467447996, 276.0 ], [ 327775.328548083198257, 5485922.886128129437566, 277.0 ], [ 327777.519317700876854, 5485925.709970471449196, 277.0 ], [ 327781.706392406194936, 5485922.907208344899118, 278.0 ], [ 327791.143249805551022, 5485918.82592137157917, 278.0 ], [ 327803.959478369099088, 5485916.195712628774345, 279.0 ], [ 327803.959478369099088, 5485916.195712628774345, 279.0 ], [ 327803.959478369099088, 5485916.195712628774345, 279.0 ], [ 327825.862035334168468, 5485905.267086076550186, 282.0 ], [ 327843.062443066388369, 5485894.598294434137642, 284.0 ], [ 327848.980060449801385, 5485891.51840278878808, 284.0 ], [ 327880.949080257094465, 5485917.102818676270545, 288.0 ], [ 327912.611961305199657, 5485944.477402127347887, 291.0 ], [ 327912.611961305199657, 5485944.477402127347887, 291.0 ], [ 327912.611961305199657, 5485944.477402127347887, 291.0 ], [ 327944.274527026049327, 5485971.85216314624995, 293.0 ], [ 327956.325228836620227, 5485981.708792299963534, 294.0 ], [ 327975.297995131404605, 5485997.355654180981219, 295.0 ], [ 328006.248780079709832, 5486022.86159976106137, 298.0 ], [ 328006.248780079709832, 5486022.86159976106137, 298.0 ], [ 328006.248780079709832, 5486022.86159976106137, 298.0 ], [ 328017.285739775747061, 5486032.750332807190716, 299.0 ], [ 328043.014191039605066, 5486007.57051042187959, 301.0 ], [ 328068.739377333200537, 5485982.279655589722097, 303.0 ], [ 328086.718652223353274, 5485964.131949334405363, 304.0 ], [ 328086.718652223353274, 5485964.131949334405363, 304.0 ], [ 328086.718652223353274, 5485964.131949334405363, 304.0 ], [ 328102.87184623349458, 5485947.822212118655443, 305.0 ], [ 328111.135420841630548, 5485947.895491815172136, 305.0 ], [ 328127.455970057286322, 5485955.281188290566206, 306.0 ], [ 328164.081010395428166, 5485974.600517388433218, 307.0 ], [ 328200.705784316291101, 5485993.92008700221777, 308.0 ], [ 328200.705784316291101, 5485993.92008700221777, 308.0 ], [ 328200.705784316291101, 5485993.92008700221777, 308.0 ], [ 328243.853934086218942, 5486015.593597106635571, 311.0 ], [ 328281.93301820155466, 5486035.090407523326576, 314.0 ], [ 328319.942928794422187, 5486054.700917907990515, 318.0 ], [ 328319.942928794422187, 5486054.700917907990515, 318.0 ], [ 328319.942928794422187, 5486054.700917907990515, 318.0 ], [ 328358.021452132263221, 5486074.198248147033155, 322.0 ], [ 328383.048148195026442, 5486086.540286425501108, 323.0 ], [ 328408.078226046520285, 5486098.99359733518213, 321.0 ], [ 328443.611861155135557, 5486118.237780204042792, 318.0 ], [ 328443.611861155135557, 5486118.237780204042792, 318.0 ], [ 328443.611861155135557, 5486118.237780204042792, 318.0 ], [ 328445.353545733320061, 5486127.529674558900297, 318.0 ], [ 328439.703112139482982, 5486134.49496843200177, 317.0 ], [ 328430.271857883199118, 5486143.359576125629246, 316.0 ], [ 328407.278244070359506, 5486165.669682155363262, 315.0 ], [ 328384.284820571483579, 5486187.979890084825456, 314.0 ], [ 328368.658244398306124, 5486202.603161150589585, 314.0 ], [ 328368.658244398306124, 5486202.603161150589585, 314.0 ], [ 328368.658244398306124, 5486202.603161150589585, 314.0 ], [ 328379.832172837166581, 5486205.366960635408759, 314.0 ], [ 328390.895206637214869, 5486206.910299545153975, 314.0 ], [ 328405.222858021210413, 5486208.573444044217467, 314.0 ], [ 328426.393800071906298, 5486211.245223618112504, 314.0 ], [ 328443.947167703998275, 5486248.635978353209794, 314.0 ], [ 328459.793971145525575, 5486270.947722127661109, 315.0 ], [ 328459.793971145525575, 5486270.947722127661109, 315.0 ], [ 328459.793971145525575, 5486270.947722127661109, 315.0 ], [ 328475.640650547284167, 5486293.259509677998722, 315.0 ], [ 328491.693885107524693, 5486315.231027970090508, 315.0 ], [ 328506.012448141002096, 5486328.132998649962246, 315.0 ], [ 328523.182123794453219, 5486341.835481554269791, 315.0 ], [ 328524.97892305906862, 5486343.670556334778666, 315.0 ], [ 328524.97892305906862, 5486343.670556334778666, 315.0 ], [ 328524.97892305906862, 5486343.670556334778666, 315.0 ], [ 328537.173558235692326, 5486355.860518715344369, 315.0 ], [ 328548.459569333586842, 5486371.417188356630504, 315.0 ], [ 328561.624744214001112, 5486396.038935053162277, 315.0 ], [ 328574.022515831049532, 5486423.911675492301583, 314.0 ], [ 328577.273303610621952, 5486455.855258299037814, 313.0 ], [ 328577.273303610621952, 5486455.855258299037814, 313.0 ], [ 328577.273303610621952, 5486455.855258299037814, 313.0 ], [ 328576.712135049398057, 5486504.831784106791019, 312.0 ], [ 328583.428023369750008, 5486538.669267500750721, 313.0 ], [ 328582.333491365076043, 5486566.076152911409736, 314.0 ], [ 328582.333491365076043, 5486566.076152911409736, 314.0 ], [ 328582.333491365076043, 5486566.076152911409736, 314.0 ], [ 328579.10686263430398, 5486597.110736010596156, 315.0 ], [ 328611.178125139093027, 5486605.448957032524049, 315.0 ], [ 328626.602449520491064, 5486618.984047907404602, 314.0 ], [ 328636.467972740239929, 5486651.60985572449863, 312.0 ], [ 328636.467972740239929, 5486651.60985572449863, 312.0 ], [ 328636.467972740239929, 5486651.60985572449863, 312.0 ], [ 328646.405779295135289, 5486684.233404650352895, 311.0 ], [ 328658.0212929478148, 5486731.046807176433504, 311.0 ], [ 328660.323555369337555, 5486778.931869252584875, 309.0 ], [ 328660.323555369337555, 5486778.931869252584875, 309.0 ], [ 328660.323555369337555, 5486778.931869252584875, 309.0 ], [ 328662.337795280618593, 5486806.129739492200315, 305.0 ], [ 328658.780506910174154, 5486822.041924808174372, 303.0 ], [ 328634.879976325551979, 5486822.34821769874543, 299.0 ], [ 328623.200755176250823, 5486819.599856098182499, 298.0 ], [ 328609.947578051011078, 5486819.794036004692316, 296.0 ], [ 328600.890095560927875, 5486861.248833730816841, 290.0 ], [ 328600.890095560927875, 5486861.248833730816841, 290.0 ], [ 328600.890095560927875, 5486861.248833730816841, 290.0 ], [ 328586.791279583936557, 5486889.843581601977348, 286.0 ], [ 328584.766232816036791, 5486901.479374842718244, 285.0 ], [ 328557.010876313666813, 5486905.912992499768734, 281.0 ], [ 328534.023024399997666, 5486919.098395579494536, 277.0 ], [ 328511.035280909854919, 5486932.283898333087564, 273.0 ], [ 328511.035280909854919, 5486932.283898333087564, 273.0 ], [ 328511.035280909854919, 5486932.283898333087564, 273.0 ], [ 328475.827252587187104, 5486964.658760184422135, 268.0 ], [ 328457.898454264970496, 5486975.126081266440451, 267.0 ], [ 328431.041217259247787, 5486982.75894127972424, 265.0 ], [ 328420.557514944695868, 5486985.759455692023039, 264.0 ], [ 328420.557514944695868, 5486985.759455692023039, 264.0 ], [ 328420.557514944695868, 5486985.759455692023039, 264.0 ], [ 328392.553891175775789, 5486996.099091753363609, 262.0 ], [ 328364.626248950604349, 5487006.547755111940205, 260.0 ], [ 328340.538324856082909, 5487023.885676369071007, 258.0 ], [ 328333.691160242655315, 5487041.125733152031898, 256.0 ], [ 328333.691160242655315, 5487041.125733152031898, 256.0 ], [ 328333.691160242655315, 5487041.125733152031898, 256.0 ], [ 328333.124782168772072, 5487059.948298377916217, 256.0 ], [ 328350.255492343974765, 5487067.865313867107034, 256.0 ], [ 328369.82844442978967, 5487072.81243783608079, 256.0 ], [ 328393.126626099343412, 5487076.418358388356864, 257.0 ], [ 328415.913499859627336, 5487077.592523272149265, 257.0 ], [ 328415.913499859627336, 5487077.592523272149265, 257.0 ], [ 328415.913499859627336, 5487077.592523272149265, 257.0 ], [ 328449.892387131927535, 5487079.861004889011383, 259.0 ], [ 328492.068493459140882, 5487091.663531138561666, 261.0 ], [ 328502.000689635518938, 5487096.469425833784044, 262.0 ], [ 328517.524670871905982, 5487103.992424491792917, 263.0 ], [ 328517.524670871905982, 5487103.992424491792917, 263.0 ], [ 328517.524670871905982, 5487103.992424491792917, 263.0 ], [ 328540.403781793778762, 5487126.52810653205961, 264.0 ], [ 328558.391720253974199, 5487164.016689895652235, 266.0 ], [ 328561.012779405340552, 5487182.850197467952967, 266.0 ], [ 328559.649513052776456, 5487201.697770319879055, 268.0 ], [ 328559.649513052776456, 5487201.697770319879055, 268.0 ], [ 328559.649513052776456, 5487201.697770319879055, 268.0 ], [ 328557.481722826079931, 5487224.910197112709284, 270.0 ], [ 328555.915995439514518, 5487230.411699437536299, 271.0 ], [ 328550.830029118515085, 5487248.374956148676574, 273.0 ], [ 328537.023989676847123, 5487288.532831585966051, 277.0 ], [ 328527.402600389206782, 5487314.316474095918238, 277.0 ], [ 328527.402600389206782, 5487314.316474095918238, 277.0 ], [ 328527.402600389206782, 5487314.316474095918238, 277.0 ], [ 328525.830460268130992, 5487335.72985973674804, 277.0 ], [ 328533.044938632694539, 5487360.093622362241149, 277.0 ], [ 328540.328240153321531, 5487384.343956370837986, 276.0 ], [ 328553.774979068664834, 5487411.070879277773201, 275.0 ], [ 328553.774979068664834, 5487411.070879277773201, 275.0 ], [ 328553.774979068664834, 5487411.070879277773201, 275.0 ], [ 328573.627707970212214, 5487443.38237180467695, 274.0 ], [ 328605.374159524799325, 5487476.098728015087545, 275.0 ], [ 328626.897707395837642, 5487492.446180311962962, 277.0 ], [ 328626.897707395837642, 5487492.446180311962962, 277.0 ], [ 328626.897707395837642, 5487492.446180311962962, 277.0 ], [ 328654.356849658826832, 5487510.943751312792301, 279.0 ], [ 328664.848222722066566, 5487519.738045387901366, 280.0 ], [ 328673.406430541654117, 5487529.26075747795403, 281.0 ], [ 328675.664579773379955, 5487538.870277609676123, 281.0 ], [ 328674.271118565578945, 5487552.155252324417233, 281.0 ], [ 328665.249027661164291, 5487569.351999011822045, 282.0 ], [ 328665.249027661164291, 5487569.351999011822045, 282.0 ], [ 328665.249027661164291, 5487569.351999011822045, 282.0 ], [ 328660.365232814452611, 5487584.527048178948462, 282.0 ], [ 328660.374881874129642, 5487598.658075270242989, 283.0 ], [ 328661.795598466531374, 5487616.194114796817303, 283.0 ], [ 328670.657316158874892, 5487642.28655032813549, 285.0 ], [ 328683.449047631816939, 5487671.259737164713442, 288.0 ], [ 328683.449047631816939, 5487671.259737164713442, 288.0 ], [ 328683.449047631816939, 5487671.259737164713442, 288.0 ], [ 328708.182004205067642, 5487699.857562271878123, 290.0 ], [ 328739.596843169769272, 5487719.788934530690312, 291.0 ], [ 328759.492489261552691, 5487728.176550477743149, 291.0 ], [ 328792.739318100037053, 5487737.257428758777678, 291.0 ], [ 328792.739318100037053, 5487737.257428758777678, 291.0 ], [ 328792.739318100037053, 5487737.257428758777678, 291.0 ], [ 328815.263286364381202, 5487734.769451782107353, 290.0 ], [ 328841.049057118827477, 5487727.728305495344102, 290.0 ], [ 328866.834888511104509, 5487720.687282755039632, 290.0 ], [ 328896.080654061981477, 5487713.092659662477672, 290.0 ], [ 328896.080654061981477, 5487713.092659662477672, 290.0 ], [ 328896.080654061981477, 5487713.092659662477672, 290.0 ], [ 328925.39886500389548, 5487705.495923262089491, 292.0 ], [ 328953.292459263291676, 5487703.285028275102377, 295.0 ], [ 328964.742042990983464, 5487705.707386824302375, 296.0 ], [ 328976.471529955859296, 5487710.123843719251454, 297.0 ], [ 328992.168301352648996, 5487707.071999218314886, 299.0 ], [ 328992.168301352648996, 5487707.071999218314886, 299.0 ], [ 328992.168301352648996, 5487707.071999218314886, 299.0 ], [ 329004.910962079768069, 5487711.456719459034503, 300.0 ], [ 329019.025171665707603, 5487715.687161542475224, 300.0 ], [ 329039.477524969028309, 5487721.054018549621105, 300.0 ], [ 329053.873289319803007, 5487731.951909156516194, 300.0 ], [ 329059.224325789720751, 5487747.806906389072537, 300.0 ], [ 329075.791109633224551, 5487758.636742272414267, 300.0 ], [ 329075.791109633224551, 5487758.636742272414267, 300.0 ], [ 329075.791109633224551, 5487758.636742272414267, 300.0 ], [ 329096.119109339022543, 5487792.381519570015371, 302.0 ], [ 329116.522727856121492, 5487826.235259446315467, 304.0 ], [ 329139.509831338655204, 5487847.768368802033365, 306.0 ], [ 329139.509831338655204, 5487847.768368802033365, 306.0 ], [ 329139.509831338655204, 5487847.768368802033365, 306.0 ], [ 329162.626114514889196, 5487854.943708810955286, 307.0 ], [ 329177.326559307868592, 5487861.715359698981047, 307.0 ], [ 329200.288075079326518, 5487880.133953552693129, 308.0 ], [ 329224.671331030549482, 5487904.627912352792919, 309.0 ], [ 329224.671331030549482, 5487904.627912352792919, 309.0 ], [ 329224.671331030549482, 5487904.627912352792919, 309.0 ], [ 329245.338067578733899, 5487935.358275247737765, 309.0 ], [ 329265.241386510664597, 5487950.979944501072168, 309.0 ], [ 329285.144591495220084, 5487966.601684182882309, 310.0 ], [ 329293.66887523944024, 5487993.595686175860465, 311.0 ], [ 329293.66887523944024, 5487993.595686175860465, 311.0 ], [ 329293.66887523944024, 5487993.595686175860465, 311.0 ], [ 329289.836074092658237, 5488012.29781302716583, 312.0 ], [ 329294.487685305299237, 5488031.290463344193995, 313.0 ], [ 329322.873230288270861, 5488063.337022351101041, 315.0 ], [ 329335.822013035533018, 5488090.526285086758435, 316.0 ], [ 329335.822013035533018, 5488090.526285086758435, 316.0 ], [ 329335.822013035533018, 5488090.526285086758435, 316.0 ], [ 329367.972567669174168, 5488108.657681765034795, 318.0 ], [ 329384.878059415379539, 5488128.045524428598583, 319.0 ], [ 329398.270304811303504, 5488153.218173190020025, 321.0 ], [ 329404.966953032126185, 5488156.569113160483539, 321.0 ], [ 329404.966953032126185, 5488156.569113160483539, 321.0 ], [ 329404.966953032126185, 5488156.569113160483539, 321.0 ], [ 329451.502122158650309, 5488145.988109808415174, 324.0 ], [ 329468.495536008791532, 5488149.684432176873088, 325.0 ], [ 329503.961540205054916, 5488171.941057171672583, 325.0 ], [ 329506.626459468738176, 5488187.657932808622718, 325.0 ], [ 329506.626459468738176, 5488187.657932808622718, 325.0 ], [ 329506.626459468738176, 5488187.657932808622718, 325.0 ], [ 329522.552211299480405, 5488205.852860071696341, 325.0 ], [ 329540.979437988135032, 5488211.396112098358572, 325.0 ], [ 329553.249482840299606, 5488207.674144780263305, 325.0 ], [ 329578.563714989111759, 5488220.345848163589835, 325.0 ], [ 329606.881078923936002, 5488227.137728375382721, 325.0 ], [ 329606.881078923936002, 5488227.137728375382721, 325.0 ], [ 329606.881078923936002, 5488227.137728375382721, 325.0 ], [ 329638.677548985579051, 5488229.370185196399689, 326.0 ], [ 329673.334822131902911, 5488221.165338749065995, 326.0 ], [ 329692.98385089362273, 5488221.775045777671039, 326.0 ], [ 329707.371105338679627, 5488223.216903479769826, 326.0 ], [ 329707.371105338679627, 5488223.216903479769826, 326.0 ], [ 329707.371105338679627, 5488223.216903479769826, 326.0 ], [ 329715.654324382427149, 5488233.306045615114272, 326.0 ], [ 329723.828624004381709, 5488235.275945371948183, 326.0 ], [ 329724.696492986287922, 5488246.820826406590641, 326.0 ], [ 329754.124441348481923, 5488259.030936691910028, 326.0 ], [ 329794.162608847836964, 5488258.447557684965432, 326.0 ], [ 329814.613303745863959, 5488254.581881952472031, 327.0 ], [ 329814.613303745863959, 5488254.581881952472031, 327.0 ], [ 329814.613303745863959, 5488254.581881952472031, 327.0 ], [ 329834.941769526572898, 5488258.397674428299069, 328.0 ], [ 329867.995318807370495, 5488259.145690002478659, 330.0 ], [ 329874.894200025009923, 5488259.709141123108566, 330.0 ], [ 329885.859347847173922, 5488260.590708401054144, 331.0 ], [ 329885.349015831947327, 5488274.404013183899224, 331.0 ], [ 329899.612671717070043, 5488278.854492397047579, 332.0 ], [ 329899.612671717070043, 5488278.854492397047579, 332.0 ], [ 329899.612671717070043, 5488278.854492397047579, 332.0 ], [ 329916.880999863962643, 5488298.343798820860684, 334.0 ], [ 329934.152677786536515, 5488317.944318443536758, 335.0 ], [ 329942.257986592012458, 5488352.518523777835071, 338.0 ], [ 329950.359741073800251, 5488386.98157973960042, 339.0 ], [ 329950.359741073800251, 5488386.98157973960042, 339.0 ], [ 329950.359741073800251, 5488386.98157973960042, 339.0 ], [ 329957.481076119467616, 5488429.486618932336569, 340.0 ], [ 329964.526497356942855, 5488471.88276519998908, 343.0 ], [ 329971.647666951175779, 5488514.387822895310819, 349.0 ], [ 329971.647666951175779, 5488514.387822895310819, 349.0 ], [ 329971.647666951175779, 5488514.387822895310819, 349.0 ], [ 329974.294314018858131, 5488548.131015148945153, 353.0 ], [ 329976.865116986620706, 5488581.765307150781155, 354.0 ], [ 329979.439375369460322, 5488615.510762010701001, 355.0 ], [ 329982.047316170297563, 5488645.694556533358991, 357.0 ], [ 329982.047316170297563, 5488645.694556533358991, 357.0 ], [ 329982.047316170297563, 5488645.694556533358991, 357.0 ], [ 329993.366506348655093, 5488678.833279756829143, 358.0 ], [ 329996.059611612581648, 5488721.031481879763305, 360.0 ], [ 329991.862910303287208, 5488769.898321366868913, 362.0 ], [ 329991.862910303287208, 5488769.898321366868913, 362.0 ], [ 329991.862910303287208, 5488769.898321366868913, 362.0 ], [ 329987.597434264258482, 5488818.878588255494833, 364.0 ], [ 329987.740239070961252, 5488842.018107381649315, 365.0 ], [ 329996.122687723487616, 5488855.331315459683537, 365.0 ], [ 330019.084303465031553, 5488873.975548119284213, 367.0 ], [ 330019.084303465031553, 5488873.975548119284213, 367.0 ], [ 330019.084303465031553, 5488873.975548119284213, 367.0 ], [ 330055.062351163709536, 5488889.654555901885033, 369.0 ], [ 330067.802288984181359, 5488898.714956449344754, 370.0 ], [ 330080.480029826576356, 5488924.356410757638514, 370.0 ], [ 330093.154192820424214, 5488949.886731918901205, 370.0 ], [ 330093.154192820424214, 5488949.886731918901205, 370.0 ], [ 330093.154192820424214, 5488949.886731918901205, 370.0 ], [ 330102.425957576720975, 5488984.758532444946468, 370.0 ], [ 330118.784832774603274, 5489019.298028649762273, 371.0 ], [ 330121.491179734061006, 5489045.695645019412041, 372.0 ], [ 330121.491179734061006, 5489045.695645019412041, 372.0 ], [ 330121.491179734061006, 5489045.695645019412041, 372.0 ], [ 330135.018960547982715, 5489086.999619005247951, 374.0 ], [ 330146.02309776522452, 5489084.542332760058343, 375.0 ], [ 330163.102305047970731, 5489086.457662099972367, 378.0 ], [ 330191.336797820113134, 5489102.378942054696381, 381.0 ], [ 330191.336797820113134, 5489102.378942054696381, 381.0 ], [ 330191.336797820113134, 5489102.378942054696381, 381.0 ], [ 330204.095136204501614, 5489102.760074703022838, 383.0 ], [ 330218.530615603784099, 5489098.860738230869174, 385.0 ], [ 330230.116226263577119, 5489091.823471507057548, 386.0 ], [ 330241.200306433660444, 5489073.341166768223047, 389.0 ], [ 330265.575128025258891, 5489044.430499608628452, 393.0 ], [ 330296.618293148698285, 5489022.655931196175516, 396.0 ], [ 330296.618293148698285, 5489022.655931196175516, 396.0 ], [ 330296.618293148698285, 5489022.655931196175516, 396.0 ], [ 330327.661703772144392, 5489000.881545865908265, 396.0 ], [ 330344.490357669012155, 5488985.447331475093961, 396.0 ], [ 330351.982627750956453, 5488974.865976799279451, 396.0 ], [ 330372.879569501092192, 5488952.85156365763396, 395.0 ], [ 330372.879569501092192, 5488952.85156365763396, 395.0 ], [ 330372.879569501092192, 5488952.85156365763396, 395.0 ], [ 330399.480201849481091, 5488939.561136903241277, 394.0 ], [ 330426.156775135546923, 5488926.379751517437398, 393.0 ], [ 330439.182569546159357, 5488914.402309099212289, 393.0 ], [ 330468.776888445718214, 5488894.89927570335567, 394.0 ], [ 330468.776888445718214, 5488894.89927570335567, 394.0 ], [ 330468.776888445718214, 5488894.89927570335567, 394.0 ], [ 330488.50078475929331, 5488881.712077454663813, 396.0 ], [ 330498.295601270860061, 5488875.287498965859413, 397.0 ], [ 330524.723148751538247, 5488849.429762812331319, 399.0 ], [ 330551.226764415972866, 5488823.681071436963975, 401.0 ], [ 330551.226764415972866, 5488823.681071436963975, 401.0 ], [ 330551.226764415972866, 5488823.681071436963975, 401.0 ], [ 330564.133986812899821, 5488793.904689023271203, 401.0 ], [ 330577.037904772849288, 5488764.017180646769702, 402.0 ], [ 330605.224740352539811, 5488783.057614889927208, 404.0 ], [ 330623.764918022090569, 5488778.364157517440617, 405.0 ], [ 330623.764918022090569, 5488778.364157517440617, 405.0 ], [ 330623.764918022090569, 5488778.364157517440617, 405.0 ], [ 330648.39606071927119, 5488764.579924483783543, 407.0 ], [ 330664.501011517131701, 5488767.751107112504542, 407.0 ], [ 330707.123532885045279, 5488775.884086666628718, 413.0 ], [ 330749.749364324146882, 5488784.128557768650353, 419.0 ], [ 330749.749364324146882, 5488784.128557768650353, 419.0 ], [ 330749.749364324146882, 5488784.128557768650353, 419.0 ], [ 330792.443953825859353, 5488792.259950862266123, 425.0 ], [ 330835.069494884693995, 5488800.505083734169602, 431.0 ], [ 330863.781619932735339, 5488806.178304118104279, 435.0 ], [ 330863.781619932735339, 5488806.178304118104279, 435.0 ], [ 330863.781619932735339, 5488806.178304118104279, 435.0 ], [ 330892.493677703547291, 5488811.851674480363727, 436.0 ], [ 330919.892903455533087, 5488817.232139050029218, 437.0 ], [ 330947.295518195838667, 5488822.723901201039553, 438.0 ], [ 330980.407385471393354, 5488830.152733249589801, 438.0 ], [ 330980.407385471393354, 5488830.152733249589801, 438.0 ], [ 330980.407385471393354, 5488830.152733249589801, 438.0 ], [ 331013.519152720808052, 5488837.581764539703727, 437.0 ], [ 331046.630819943733513, 5488845.010995074175298, 437.0 ], [ 331081.875141349388286, 5488851.15033847745508, 435.0 ], [ 331117.12281837023329, 5488857.401069126091897, 434.0 ], [ 331117.12281837023329, 5488857.401069126091897, 434.0 ], [ 331117.12281837023329, 5488857.401069126091897, 434.0 ], [ 331129.230345252901316, 5488857.804569320753217, 434.0 ], [ 331144.342494169366546, 5488892.051651573739946, 432.0 ], [ 331159.454469513439108, 5488926.298773107118905, 432.0 ], [ 331176.730006636295002, 5488969.602832696400583, 432.0 ], [ 331176.730006636295002, 5488969.602832696400583, 432.0 ], [ 331176.730006636295002, 5488969.602832696400583, 432.0 ], [ 331189.512500343320426, 5489003.477151620201766, 430.0 ], [ 331202.294851682032458, 5489037.351498557254672, 428.0 ], [ 331215.487051021191292, 5489072.770918032154441, 426.0 ], [ 331215.487051021191292, 5489072.770918032154441, 426.0 ], [ 331215.487051021191292, 5489072.770918032154441, 426.0 ], [ 331218.422342725389171, 5489099.718039859086275, 426.0 ], [ 331221.361061330884695, 5489126.776324710808694, 426.0 ], [ 331219.248883467633277, 5489161.44607471767813, 426.0 ], [ 331218.887113572447561, 5489163.79391021002084, 425.0 ] ] ] } },
{ "type": "Feature", "properties": { "name": "Saar-Hunsrück-Steig - 04. Etappe: Britten – Bergen – Stausee Losheim", "km": 11.865, "darstell": "F2", "datum": null, "height": 194, "link": "https://www.saar-hunsrueck-steig.de/tour/saar-hunsrueck-steig-04.-etappe-britten-bergen-stausee-losheim-b6afd9d1d2" }, "geometry": { "type": "MultiLineString", "coordinates": [ [ [ 331219.683029962121509, 5489154.422747179865837, 427.0 ], [ 331219.248883467633277, 5489161.44607471767813, 426.0 ], [ 331212.275405251304619, 5489207.504534298554063, 423.0 ], [ 331205.302077214291785, 5489253.563008373603225, 421.0 ], [ 331190.962985709076747, 5489293.284994984976947, 421.0 ], [ 331176.620679583167657, 5489332.895865079946816, 421.0 ], [ 331162.209701267944183, 5489372.62018378265202, 423.0 ], [ 331147.871303513238672, 5489412.342304371297359, 426.0 ], [ 331133.529690133873373, 5489451.953308432362974, 428.0 ], [ 331119.11940714949742, 5489491.677761717699468, 431.0 ], [ 331096.813325273920782, 5489535.986602984368801, 435.0 ], [ 331079.023618689505383, 5489562.463840222917497, 437.0 ], [ 331061.161746474856045, 5489588.943384707905352, 440.0 ], [ 331037.82584583980497, 5489614.03508192487061, 443.0 ], [ 331010.369361066957936, 5489625.346238602884114, 449.0 ], [ 330982.909534565755166, 5489636.546375260688365, 454.0 ], [ 330973.353374255355448, 5489643.630337468348444, 457.0 ], [ 330967.063124455395155, 5489650.946747961454093, 458.0 ], [ 330965.540998087963089, 5489662.565889676101506, 461.0 ], [ 330967.340533569047693, 5489687.879186363890767, 462.0 ], [ 330975.000069838599302, 5489715.347224533557892, 463.0 ], [ 331008.310905915335752, 5489748.027649906463921, 464.0 ], [ 331025.51970816514222, 5489779.872670756652951, 466.0 ], [ 331055.143654615036212, 5489808.105762630701065, 467.0 ], [ 331077.157300543040037, 5489829.120113209821284, 469.0 ], [ 331093.579716573120095, 5489849.640365137718618, 469.0 ], [ 331109.350932765752077, 5489870.18085821531713, 470.0 ], [ 331120.206513822718989, 5489902.668262079358101, 471.0 ], [ 331122.28465634182794, 5489939.322284627705812, 468.0 ], [ 331146.160933628096245, 5489948.03961915243417, 464.0 ], [ 331169.210205690760631, 5489946.434766636230052, 461.0 ], [ 331210.324120336561464, 5489943.602403810247779, 456.0 ], [ 331251.43461621645838, 5489940.659191036596894, 452.0 ], [ 331280.846535891992971, 5489934.073114105500281, 449.0 ], [ 331309.955378047423437, 5489927.051517209969461, 448.0 ], [ 331339.064287540502846, 5489920.030077598057687, 448.0 ], [ 331372.189969727420248, 5489911.77172567974776, 447.0 ], [ 331405.388084160047583, 5489903.51133768633008, 445.0 ], [ 331436.119785189512186, 5489895.104971894994378, 442.0 ], [ 331482.381103808991611, 5489883.102661611512303, 438.0 ], [ 331528.714949232060462, 5489871.098510729148984, 432.0 ], [ 331574.973199117230251, 5489858.985835, 427.0 ], [ 331579.170319452765398, 5489837.826443317346275, 426.0 ], [ 331581.473817735677585, 5489799.924219758249819, 424.0 ], [ 331581.535846601473168, 5489799.588498555123806, 424.0 ], [ 331583.849713805713691, 5489762.019762450829148, 422.0 ], [ 331597.161078446602914, 5489759.271469091065228, 421.0 ], [ 331601.801380338612944, 5489759.461770922876894, 421.0 ], [ 331606.582931334967725, 5489759.53644120786339, 421.0 ], [ 331608.639046156022232, 5489715.967252272181213, 421.0 ], [ 331611.501327174890321, 5489672.706943764351308, 420.0 ], [ 331612.418394890031777, 5489662.553242277354002, 420.0 ], [ 331644.015916253556497, 5489661.019951864145696, 418.0 ], [ 331675.613445619004779, 5489659.486845104955137, 417.0 ], [ 331685.276931129512377, 5489655.850132875144482, 416.0 ], [ 331695.886135341715999, 5489631.265934506431222, 415.0 ], [ 331706.571224260202143, 5489606.790685257874429, 414.0 ], [ 331710.5369021584047, 5489601.549832114949822, 413.0 ], [ 331728.815663886372931, 5489607.215968259610236, 412.0 ], [ 331761.319426382193342, 5489606.879314337857068, 411.0 ], [ 331795.814523181761615, 5489605.368673756718636, 409.0 ], [ 331830.240714654442854, 5489603.971647373400629, 408.0 ], [ 331875.493896457657684, 5489608.471534366719425, 406.0 ], [ 331920.674638494499959, 5489612.974028504453599, 405.0 ], [ 331963.492214097408578, 5489615.992071965709329, 403.0 ], [ 332006.309724559017923, 5489619.010450892150402, 400.0 ], [ 332048.860036885482259, 5489634.499312044121325, 397.0 ], [ 332091.33432136895135, 5489649.879569795913994, 397.0 ], [ 332096.370305062911939, 5489653.507372607477009, 397.0 ], [ 332128.067224227648694, 5489676.341294151730835, 397.0 ], [ 332155.436535807675682, 5489702.090444995090365, 399.0 ], [ 332161.102573519048747, 5489707.367887359112501, 399.0 ], [ 332180.757799474406056, 5489736.581656155176461, 401.0 ], [ 332195.527982575353235, 5489745.917976455762982, 402.0 ], [ 332213.026518410653807, 5489735.698562336154282, 403.0 ], [ 332220.554948488424998, 5489728.568055186420679, 404.0 ], [ 332233.841809665318578, 5489729.716431424953043, 404.0 ], [ 332245.316645043669268, 5489730.809393959119916, 405.0 ], [ 332251.706866484892089, 5489731.391408012248576, 405.0 ], [ 332271.215271476656199, 5489732.34822404384613, 406.0 ], [ 332276.060971490689553, 5489739.208781440742314, 406.0 ], [ 332300.522735940001439, 5489759.929892152547836, 407.0 ], [ 332308.60214327624999, 5489754.229010655544698, 407.0 ], [ 332339.433065019606147, 5489741.930461588315666, 406.0 ], [ 332375.268533973256126, 5489718.128837363794446, 405.0 ], [ 332411.180076893302612, 5489694.436391561292112, 404.0 ], [ 332441.190461984137073, 5489671.927171874791384, 403.0 ], [ 332471.197673877584748, 5489649.306962328962982, 402.0 ], [ 332507.13113781978609, 5489623.945524596609175, 402.0 ], [ 332519.529393767588772, 5489610.323489516973495, 401.0 ], [ 332554.186756795970723, 5489592.901554931886494, 400.0 ], [ 332595.213493331102654, 5489591.862751480191946, 399.0 ], [ 332638.931678913417272, 5489600.644250702112913, 398.0 ], [ 332667.125546305440366, 5489587.316022050566971, 398.0 ], [ 332692.941755582869519, 5489576.731385364197195, 398.0 ], [ 332709.908366374846082, 5489551.509036308154464, 398.0 ], [ 332709.63900241808733, 5489528.596452258527279, 397.0 ], [ 332723.751479710044805, 5489497.675989670678973, 395.0 ], [ 332732.365921047166921, 5489478.718662383034825, 393.0 ], [ 332737.860715572547633, 5489466.644407113082707, 392.0 ], [ 332751.970124756626319, 5489435.612865990027785, 390.0 ], [ 332773.743171036941931, 5489411.24455232731998, 389.0 ], [ 332780.111013092333451, 5489382.787410963326693, 388.0 ], [ 332786.409998015733436, 5489354.443662356585264, 387.0 ], [ 332803.086350915604271, 5489359.828779369592667, 389.0 ], [ 332824.285115803882945, 5489368.635639417916536, 391.0 ], [ 332837.662674163468182, 5489379.796692531555891, 393.0 ], [ 332875.856137783266604, 5489399.653811370022595, 399.0 ], [ 332885.237160121905617, 5489422.175491150468588, 401.0 ], [ 332898.670285386731848, 5489442.236262619495392, 403.0 ], [ 332925.963273711327929, 5489460.870450600981712, 406.0 ], [ 332945.79871628805995, 5489486.63201564271003, 408.0 ], [ 332965.630568523833062, 5489512.282488216646016, 409.0 ], [ 332983.749403792433441, 5489529.306811300106347, 410.0 ], [ 333007.318651404231787, 5489565.858132399618626, 412.0 ], [ 333021.986156430328265, 5489590.777021544985473, 412.0 ], [ 333029.226295808446594, 5489604.908338541164994, 412.0 ], [ 333037.753117344458587, 5489613.770713908597827, 412.0 ], [ 333045.608359023695812, 5489621.986094856634736, 412.0 ], [ 333052.175001516472548, 5489630.686054213903844, 412.0 ], [ 333053.438451673893724, 5489643.55417141970247, 412.0 ], [ 333050.876903677999508, 5489680.461734400130808, 412.0 ], [ 333093.478662075591274, 5489695.400653352960944, 412.0 ], [ 333067.360409652348608, 5489712.668602425605059, 412.0 ], [ 333089.6335751581355, 5489737.688294695690274, 413.0 ], [ 333097.209420135128312, 5489746.246099921874702, 413.0 ], [ 333109.070361038320698, 5489785.938308225013316, 414.0 ], [ 333115.817281363881193, 5489800.529899633489549, 416.0 ], [ 333112.779103520559147, 5489810.080614988692105, 416.0 ], [ 333117.118849934602622, 5489812.284198212437332, 417.0 ], [ 333122.761558864323888, 5489812.111269977875054, 417.0 ], [ 333130.027447774831671, 5489820.011017185635865, 418.0 ], [ 333135.862695754389279, 5489830.847526321187615, 419.0 ], [ 333149.692046928685158, 5489835.541994130238891, 420.0 ], [ 333158.589862118766177, 5489875.43634747248143, 423.0 ], [ 333167.559911981923506, 5489915.328498249873519, 425.0 ], [ 333176.457513908913825, 5489955.222879418171942, 428.0 ], [ 333172.194860428571701, 5489979.164378777146339, 429.0 ], [ 333166.229194462765008, 5489997.149704989045858, 431.0 ], [ 333165.534004828426987, 5490005.18215078022331, 431.0 ], [ 333165.960417352907825, 5490007.283137863501906, 431.0 ], [ 333166.21149639779469, 5490008.388103956356645, 431.0 ], [ 333165.198889011866413, 5490017.876732520759106, 432.0 ], [ 333196.370774420152884, 5490045.071983023546636, 434.0 ], [ 333215.053146569232922, 5490059.298049168661237, 435.0 ], [ 333240.315648605697788, 5490051.95960109308362, 435.0 ], [ 333265.502469945815392, 5490044.512325339019299, 436.0 ], [ 333295.845798716705758, 5490047.032480100169778, 438.0 ], [ 333311.74594611255452, 5490048.437217460013926, 439.0 ], [ 333350.296512431115843, 5490063.613251036033034, 443.0 ], [ 333389.527392627089284, 5490056.070529894903302, 445.0 ], [ 333425.973955839115661, 5490068.752355863340199, 446.0 ], [ 333459.960822, 5490081.509649670682847, 446.0 ], [ 333493.875182004587259, 5490094.269364385865629, 447.0 ], [ 333519.249597362359054, 5490116.636697783134878, 448.0 ], [ 333544.623806167044677, 5490139.004145479761064, 449.0 ], [ 333569.024874750524759, 5490165.073209083639085, 451.0 ], [ 333593.429112316691317, 5490191.253539440222085, 452.0 ], [ 333617.829723510425538, 5490217.322813253849745, 454.0 ], [ 333635.415128292283043, 5490231.249960332177579, 455.0 ], [ 333646.692208661348559, 5490240.140423777513206, 456.0 ], [ 333668.320825646398589, 5490263.179165317676961, 459.0 ], [ 333676.051595910219476, 5490283.972159218974411, 460.0 ], [ 333677.013688041770365, 5490289.394774008542299, 461.0 ], [ 333689.75973013555631, 5490294.234888147562742, 462.0 ], [ 333693.385679088882171, 5490296.794499343261123, 463.0 ], [ 333701.401372940745205, 5490296.104598275385797, 464.0 ], [ 333712.62361043819692, 5490296.095630900934339, 465.0 ], [ 333715.156199037272017, 5490317.381233794614673, 468.0 ], [ 333732.789342388976365, 5490354.227875395677984, 472.0 ], [ 333750.491205513477325, 5490390.961200182326138, 475.0 ], [ 333768.123908056179062, 5490427.807949428446591, 478.0 ], [ 333785.752996465191245, 5490464.543590666726232, 481.0 ], [ 333800.488542686856817, 5490501.367612392641604, 485.0 ], [ 333828.768761857179925, 5490512.298467207700014, 487.0 ], [ 333853.607422023196705, 5490524.335880632512271, 490.0 ], [ 333884.928847752977163, 5490542.406443613581359, 495.0 ], [ 333900.463438482838683, 5490548.497108025476336, 497.0 ], [ 333911.203614048135933, 5490539.824542520567775, 499.0 ], [ 333926.403535452496726, 5490518.331719879992306, 499.0 ], [ 333941.603581434639636, 5490496.838942939415574, 497.0 ], [ 333944.954643023258541, 5490476.152672693133354, 496.0 ], [ 333953.79517581674736, 5490457.41301581915468, 494.0 ], [ 333920.656162238446996, 5490443.848100150004029, 492.0 ], [ 333914.03190776577685, 5490430.809621872380376, 492.0 ], [ 333907.251586083322763, 5490405.536739881150424, 491.0 ], [ 333900.471210934279952, 5490380.263865834102035, 491.0 ], [ 333921.990688966354355, 5490340.4420405337587, 489.0 ], [ 333933.371067787637003, 5490305.268910924904048, 488.0 ], [ 333933.089680685894564, 5490267.55861016176641, 486.0 ], [ 333932.735974837210961, 5490229.850517657585442, 485.0 ], [ 333947.011301725113299, 5490199.373541686683893, 483.0 ], [ 333989.020126739982516, 5490180.846423619426787, 482.0 ], [ 334031.029225181089714, 5490162.319636292755604, 481.0 ], [ 334073.038597046630457, 5490143.793179705739021, 479.0 ], [ 334115.044855605810881, 5490125.155892127193511, 476.0 ], [ 334156.982436988560949, 5490106.632300354540348, 472.0 ], [ 334188.811971867573448, 5490091.421005644835532, 470.0 ], [ 334220.569339347770438, 5490076.212103629484773, 469.0 ], [ 334252.326877631421667, 5490061.003390973433852, 466.0 ], [ 334275.19446716317907, 5490051.072357443161309, 464.0 ], [ 334287.828704771352932, 5490021.313945356756449, 461.0 ], [ 334300.535431840457022, 5489991.553365440107882, 458.0 ], [ 334312.414050426450558, 5489958.368817590177059, 454.0 ], [ 334324.296211169741582, 5489925.295462090522051, 450.0 ], [ 334336.178531268844381, 5489892.22213719598949, 447.0 ], [ 334292.150967551220674, 5489880.210041517391801, 446.0 ], [ 334248.119809801573865, 5489868.08713589143008, 445.0 ], [ 334204.091824609378818, 5489856.075743764638901, 444.0 ], [ 334160.060243617044762, 5489843.953541710041463, 442.0 ], [ 334116.031836954876781, 5489831.942853139713407, 437.0 ], [ 334133.367757805506699, 5489809.161798580549657, 434.0 ], [ 334150.776170867728069, 5489786.378599770367146, 431.0 ], [ 334161.511910695000552, 5489770.363297667354345, 429.0 ], [ 334168.093332418065984, 5489760.594094856642187, 427.0 ], [ 334185.410664854687639, 5489734.809649513103068, 424.0 ], [ 334191.172706914832816, 5489724.28657650295645, 422.0 ], [ 334192.56452570843976, 5489698.653305642306805, 419.0 ], [ 334193.880639011855237, 5489672.911077369935811, 418.0 ], [ 334219.592372091312427, 5489668.34527138993144, 418.0 ], [ 334245.373102614306845, 5489663.666224014014006, 417.0 ], [ 334251.273757831775583, 5489645.795538418926299, 417.0 ], [ 334269.278639302763622, 5489642.577201315201819, 416.0 ], [ 334270.013008573383559, 5489616.741453631781042, 414.0 ], [ 334272.643481872160919, 5489569.930252729915082, 411.0 ], [ 334275.201687774271704, 5489523.121258730068803, 409.0 ], [ 334277.83231750165578, 5489476.31006839685142, 408.0 ], [ 334300.779371441109106, 5489452.246264025568962, 408.0 ], [ 334312.646907024201937, 5489447.212082644924521, 409.0 ], [ 334337.296837538247928, 5489433.889299970120192, 412.0 ], [ 334362.115270577021874, 5489433.245664144866168, 414.0 ], [ 334371.816542270127684, 5489433.173141092061996, 414.0 ], [ 334379.922796827973798, 5489433.037877235561609, 415.0 ], [ 334407.161116230359767, 5489435.770053521730006, 417.0 ], [ 334446.889170092064887, 5489430.111634867265821, 419.0 ], [ 334483.903622334590182, 5489440.001730021089315, 421.0 ], [ 334492.805164813878946, 5489463.653038579970598, 423.0 ], [ 334494.897606099781115, 5489472.935655103996396, 424.0 ], [ 334499.939353035180829, 5489481.57232070248574, 425.0 ], [ 334514.83736846037209, 5489478.560513060539961, 427.0 ], [ 334537.365741852088831, 5489493.119202428497374, 429.0 ], [ 334570.256871105288155, 5489512.703864497132599, 430.0 ], [ 334603.018988856347278, 5489506.590585298836231, 429.0 ], [ 334645.24958531948505, 5489530.898929593153298, 429.0 ], [ 334659.441038183867931, 5489566.628914082422853, 432.0 ], [ 334673.388914356823079, 5489589.570938784629107, 434.0 ], [ 334689.608908380381763, 5489603.876677497290075, 435.0 ], [ 334705.793882723024581, 5489602.717802555300295, 434.0 ], [ 334724.323875987145584, 5489597.704823353327811, 433.0 ], [ 334740.650186925777234, 5489596.430499491281807, 431.0 ], [ 334759.140451905899681, 5489599.652391735464334, 429.0 ], [ 334775.739947603316978, 5489607.382275903597474, 428.0 ], [ 334794.318715007277206, 5489601.589208477176726, 426.0 ], [ 334813.289270427194424, 5489618.259662858210504, 423.0 ], [ 334827.815488422405906, 5489619.7105384003371, 421.0 ], [ 334838.570933406648692, 5489613.821124137379229, 420.0 ], [ 334841.172953680739738, 5489601.725692665204406, 418.0 ], [ 334856.925692662771326, 5489603.028185336850584, 416.0 ], [ 334866.31027726928005, 5489602.07601756695658, 415.0 ], [ 334869.128349752980284, 5489601.879299832507968, 415.0 ], [ 334875.132959942740854, 5489601.697224104776978, 414.0 ], [ 334882.103451683069579, 5489604.712524269707501, 414.0 ], [ 334885.788574260775931, 5489616.394772016443312, 414.0 ], [ 334907.443171119200997, 5489616.517089223489165, 414.0 ], [ 334930.730179215897806, 5489627.493876563385129, 414.0 ], [ 334944.931665550218895, 5489630.178807517513633, 414.0 ], [ 334948.269611066963989, 5489630.411428632214665, 414.0 ], [ 334967.711784164072014, 5489631.602413863874972, 413.0 ], [ 334968.867018991149962, 5489614.766555147245526, 411.0 ], [ 334972.364245784701779, 5489598.74983596149832, 409.0 ], [ 334969.036998935742304, 5489567.808040710166097, 406.0 ], [ 334944.755251782014966, 5489550.29666038043797, 403.0 ], [ 334918.459774256567471, 5489540.412371025420725, 403.0 ], [ 334914.726346410054248, 5489539.079114568419755, 402.0 ], [ 334893.767709950217977, 5489533.261190120130777, 402.0 ], [ 334873.7915292934631, 5489526.412178305909038, 401.0 ], [ 334867.885897833271883, 5489522.69701028522104, 401.0 ], [ 334891.361195404781029, 5489520.761323570273817, 400.0 ], [ 334934.33299632393755, 5489521.795201608911157, 398.0 ], [ 334959.907765331445262, 5489512.675286874175072, 397.0 ], [ 334994.732385834853631, 5489488.588397826999426, 395.0 ], [ 335029.553943502600305, 5489464.390577116981149, 391.0 ], [ 335043.228524006903172, 5489432.933761759661138, 389.0 ], [ 335056.972255946777295, 5489401.363632589578629, 388.0 ], [ 335070.719526624830905, 5489369.904704747721553, 386.0 ], [ 335078.625309878727421, 5489341.626832316629589, 386.0 ], [ 335077.480997294303961, 5489322.969178983010352, 385.0 ], [ 335066.692173739313148, 5489282.350847071036696, 382.0 ], [ 335052.553290150070097, 5489243.502946308813989, 380.0 ], [ 335036.93175811204128, 5489196.35520102083683, 376.0 ], [ 335021.382338349532802, 5489149.205306135118008, 373.0 ], [ 335010.0950534659205, 5489120.841170866973698, 371.0 ], [ 334998.804294706438668, 5489092.365895790979266, 369.0 ], [ 334993.486690095742233, 5489065.044843327254057, 367.0 ], [ 334988.165675589407329, 5489037.612634194083512, 366.0 ], [ 334977.632571497466415, 5489038.933128520846367, 366.0 ], [ 334950.254898446088191, 5489041.209112172015011, 365.0 ], [ 334922.949593206634745, 5489043.483041036874056, 364.0 ], [ 334918.518421944056172, 5489019.139299499802291, 363.0 ], [ 334912.53857392561622, 5488977.151550988666713, 363.0 ], [ 334906.631013947306201, 5488935.161616446450353, 362.0 ], [ 334905.162688747921493, 5488905.832472023554146, 361.0 ], [ 334903.69099153962452, 5488876.392167153768241, 359.0 ], [ 334892.676446483877953, 5488835.558413133956492, 358.0 ], [ 334878.629947673063725, 5488804.607801474630833, 357.0 ], [ 334864.507576585572679, 5488773.548255733214319, 356.0 ], [ 334863.730099491309375, 5488771.791604452766478, 356.0 ], [ 334858.195346835302189, 5488723.003311305306852, 355.0 ], [ 334855.534004489309154, 5488699.718590225093067, 354.0 ], [ 334851.102175605541561, 5488670.590563889592886, 352.0 ], [ 334846.742669623228721, 5488641.460347562097013, 351.0 ], [ 334834.304221820435487, 5488611.017388293519616, 348.0 ], [ 334821.793289641092997, 5488580.576649713329971, 346.0 ], [ 334814.369361964170821, 5488553.097065589390695, 343.0 ], [ 334806.869640606862959, 5488525.508523599244654, 342.0 ], [ 334798.149622072291095, 5488493.506441478617489, 341.0 ], [ 334789.138511788682081, 5488463.849738657474518, 340.0 ], [ 334780.123944880499039, 5488434.081888201646507, 339.0 ], [ 334757.455940251471475, 5488391.153977951966226, 339.0 ], [ 334753.316818606457673, 5488371.697085698135197, 339.0 ], [ 334755.033489463268779, 5488344.719158911146224, 337.0 ], [ 334756.750188333913684, 5488317.741234049201012, 335.0 ], [ 334737.774437891843263, 5488286.717889148741961, 331.0 ], [ 334718.726120387902483, 5488255.69680224917829, 328.0 ], [ 334729.749559359042905, 5488239.451652379706502, 328.0 ], [ 334737.294986610824708, 5488230.321653162129223, 328.0 ], [ 334747.550035969354212, 5488224.558655583299696, 328.0 ], [ 334783.591542643262073, 5488216.455934717319906, 328.0 ], [ 334822.583186073170509, 5488207.707694652490318, 328.0 ], [ 334827.835371347086038, 5488206.547085874713957, 328.0 ], [ 334872.003610715502873, 5488196.529631517827511, 328.0 ], [ 334876.34440210473258, 5488162.907693361863494, 327.0 ], [ 334880.757628223742358, 5488129.283568269573152, 326.0 ], [ 334880.041928781720344, 5488112.838233488611877, 325.0 ], [ 334874.798771823872812, 5488080.84193441644311, 325.0 ], [ 334865.311066361318808, 5488042.63225518912077, 324.0 ], [ 334858.851342544425279, 5488020.686571908183396, 323.0 ], [ 334857.938855897635221, 5488009.699124302715063, 323.0 ], [ 334857.908384235342965, 5488003.91433624830097, 323.0 ], [ 334873.00429575284943, 5488004.903229503892362, 323.0 ], [ 334876.397137454012409, 5488006.914412922225893, 323.0 ], [ 334877.760363574896473, 5488008.87584441062063, 322.0 ], [ 334882.033318337402306, 5488008.857612329535186, 322.0 ], [ 334884.623267685296014, 5488005.886268123984337, 322.0 ], [ 334889.215885659272317, 5488002.075390244834125, 322.0 ], [ 334899.384060501586646, 5487998.206825609318912, 322.0 ], [ 334911.918485264177434, 5487995.935537461191416, 322.0 ], [ 334925.700069276615977, 5487998.967146218754351, 322.0 ], [ 334939.964548999094404, 5487996.420979890972376, 322.0 ], [ 334956.835931492503732, 5487996.243682268075645, 322.0 ], [ 334965.56693897023797, 5487992.752569033764303, 322.0 ], [ 334970.250579078332521, 5487996.727455303072929, 322.0 ], [ 334975.688129580928944, 5487996.896549594588578, 321.0 ], [ 334979.435990291880444, 5487993.890182481147349, 321.0 ], [ 334991.362889629090205, 5487988.299573240801692, 321.0 ], [ 335000.605574468849227, 5487992.136414651758969, 321.0 ], [ 335010.829371733940206, 5487987.710060697980225, 321.0 ], [ 335019.255819616490044, 5487990.904069065116346, 320.0 ], [ 335039.105990932672285, 5487993.418416573666036, 320.0 ], [ 335051.88954844023101, 5487989.804748833179474, 320.0 ], [ 335070.443883301573806, 5487987.796638549305499, 320.0 ], [ 335091.756464758596849, 5487993.159758042544127, 320.0 ], [ 335110.288965999963693, 5487988.037068584933877, 320.0 ], [ 335135.760093653691001, 5487989.602815512567759, 321.0 ], [ 335155.016301761730574, 5487984.458382303826511, 321.0 ], [ 335158.651189354888629, 5487994.473375247791409, 322.0 ], [ 335160.646932871604804, 5488002.980274016968906, 322.0 ], [ 335166.900174770737067, 5488022.929757753387094, 322.0 ], [ 335188.75521947152447, 5488058.206671628169715, 322.0 ], [ 335225.60427857452305, 5488055.200646752491593, 323.0 ], [ 335262.453365364635829, 5488052.194871888495982, 323.0 ], [ 335286.63520861743018, 5488049.461021855473518, 323.0 ], [ 335293.782561606611125, 5488048.688633966259658, 323.0 ], [ 335322.10734374076128, 5488053.618125981651247, 323.0 ], [ 335340.991557774366811, 5488048.151799556799233, 323.0 ], [ 335359.750564867630601, 5488026.556166097521782, 323.0 ], [ 335389.052252876223065, 5487994.294605102390051, 322.0 ], [ 335408.89411622856278, 5487967.770870815962553, 321.0 ], [ 335435.481612128845882, 5487960.737036960199475, 321.0 ], [ 335465.53198160068132, 5487941.248567429371178, 320.0 ], [ 335490.04953193385154, 5487916.030386700294912, 322.0 ], [ 335506.157577673788182, 5487909.75838428363204, 324.0 ], [ 335531.403039678931236, 5487896.646093527786434, 327.0 ], [ 335537.14589349005837, 5487890.130759157240391, 327.0 ], [ 335553.943689053936396, 5487870.709060849621892, 328.0 ], [ 335580.663691950612701, 5487841.641918933950365, 325.0 ], [ 335592.785616801353171, 5487830.483646013773978, 324.0 ], [ 335614.437242926680483, 5487813.474747655913234, 323.0 ], [ 335639.674192675331142, 5487807.261547810398042, 322.0 ], [ 335646.978084539761767, 5487809.266489991918206, 322.0 ], [ 335656.738311749184504, 5487803.854009820148349, 322.0 ], [ 335665.101478566648439, 5487800.152624876238406, 321.0 ], [ 335683.998899802973028, 5487792.684422831051052, 321.0 ], [ 335709.561739073484205, 5487792.469915570691228, 321.0 ], [ 335735.662671483820304, 5487795.688450280576944, 321.0 ], [ 335758.83266431116499, 5487805.003638781607151, 321.0 ], [ 335772.502239666413516, 5487813.93768263142556, 321.0 ], [ 335779.835544148925692, 5487821.727571827359498, 321.0 ], [ 335785.050055471947417, 5487828.913749953731894, 321.0 ], [ 335793.836012667627074, 5487846.450989983044565, 322.0 ], [ 335805.315572469611652, 5487869.247677374631166, 325.0 ], [ 335807.903357509116177, 5487873.397676310501993, 325.0 ], [ 335809.986590128857642, 5487875.226364851929247, 326.0 ], [ 335828.529278925620019, 5487887.240308381617069, 328.0 ], [ 335848.3006703609135, 5487908.78587818145752, 331.0 ], [ 335859.23313545511337, 5487930.263994288630784, 333.0 ], [ 335864.301804362330586, 5487954.255285709165037, 334.0 ], [ 335870.839152107888367, 5487981.317691130563617, 335.0 ], [ 335843.766643496230245, 5488010.727784212678671, 337.0 ], [ 335844.315802471886855, 5488040.974677409976721, 340.0 ], [ 335862.25405841722386, 5488061.796665037050843, 343.0 ], [ 335880.116467917338014, 5488082.509727418422699, 346.0 ], [ 335883.738975074025802, 5488108.992372538894415, 349.0 ], [ 335887.361457571038045, 5488135.475020279176533, 350.0 ], [ 335875.026684075826779, 5488141.96603066008538, 351.0 ], [ 335889.177431441145018, 5488166.907641067169607, 353.0 ], [ 335916.89267581992317, 5488197.33765612076968, 354.0 ], [ 335939.760188010870479, 5488191.864702040329576, 355.0 ], [ 335950.833817425416782, 5488189.194736932404339, 355.0 ], [ 335970.606506557320245, 5488184.371417781338096, 355.0 ], [ 335978.870063107227907, 5488160.534972712397575, 355.0 ], [ 335974.497243711724877, 5488145.201129570603371, 355.0 ], [ 335963.689894918468781, 5488135.06783180590719, 355.0 ], [ 335966.243437348748557, 5488111.625817531719804, 354.0 ], [ 335966.75749625149183, 5488107.048576735891402, 354.0 ], [ 335984.170066200429574, 5488079.153779450803995, 354.0 ], [ 336001.655187882832251, 5488051.256864526309073, 354.0 ], [ 336021.849730140063912, 5488033.959667195565999, 354.0 ], [ 336023.487365145119838, 5488033.02028048876673, 354.0 ], [ 336035.658983467728831, 5488028.31473783031106, 354.0 ], [ 336060.617407199926674, 5488032.125453938730061, 355.0 ], [ 336076.573921353905462, 5488044.885579198598862, 355.0 ], [ 336093.607664000010118, 5488047.710988161154091, 355.0 ], [ 336129.472027865238488, 5488055.31063992716372, 355.0 ], [ 336139.118018443579786, 5488065.367922506295145, 355.0 ], [ 336159.58523705182597, 5488073.98717310000211, 354.0 ], [ 336170.345694140880369, 5488089.79663282353431, 353.0 ], [ 336185.561265417316463, 5488094.790975412353873, 352.0 ], [ 336204.665451342065353, 5488094.216599820181727, 351.0 ], [ 336217.984984237817116, 5488096.375214024446905, 350.0 ], [ 336225.657689412124455, 5488086.576014520600438, 349.0 ], [ 336228.866162134858314, 5488082.474128628149629, 349.0 ], [ 336242.941387445083819, 5488061.578807380050421, 346.0 ], [ 336244.032250095508061, 5488044.85668624471873, 345.0 ], [ 336261.555577212246135, 5488025.415458998642862, 342.0 ], [ 336271.230153950513341, 5488005.097527475096285, 340.0 ], [ 336286.503693769162055, 5487985.50147654954344, 338.0 ], [ 336304.908030330960173, 5487956.799178418703377, 336.0 ], [ 336293.213665387360379, 5487934.008008573204279, 334.0 ], [ 336311.140587892499752, 5487911.105719741433859, 332.0 ], [ 336325.979257485480048, 5487889.07510183006525, 332.0 ], [ 336340.818052024464123, 5487867.044527591206133, 332.0 ], [ 336356.832626950985286, 5487847.982763730920851, 332.0 ], [ 336359.509147313074209, 5487845.454613993875682, 332.0 ], [ 336363.09974195365794, 5487842.008917502127588, 332.0 ], [ 336383.867387006408535, 5487822.025665218010545, 331.0 ], [ 336412.302170470589772, 5487784.789220956154168, 331.0 ], [ 336433.728419417340774, 5487757.776904319413006, 330.0 ] ] ] } },
{ "type": "Feature", "properties": { "name": "Saar-Hunsrück-Steig - 05. Etappe: Stausee Losheim – Scheiden – Waldhölzbach – Weiskirchen", "km": 15.431, "darstell": "F1", "datum": null, "height": 483, "link": "https://www.saar-hunsrueck-steig.de/tour/saar-hunsrueck-steig-05.-etappe-stausee-losheim-scheiden-waldhoelzbach-weiskirchen-a5b0b3bd61" }, "geometry": { "type": "MultiLineString", "coordinates": [ [ [ 336432.890026784269139, 5487758.803429323248565, 331.0 ], [ 336434.842939885798842, 5487756.297042731195688, 331.0 ], [ 336440.769248292664997, 5487760.680888964794576, 331.0 ], [ 336447.508285381423775, 5487765.596656018868089, 331.0 ], [ 336460.304979015490972, 5487774.447306604124606, 331.0 ], [ 336473.759618570329621, 5487783.500763156451285, 331.0 ], [ 336468.345084130822215, 5487791.340336824767292, 331.0 ], [ 336505.373704364348669, 5487803.914357904344797, 331.0 ], [ 336542.474511351436377, 5487816.486456061713398, 330.0 ], [ 336550.698771987808868, 5487817.797408182173967, 329.0 ], [ 336566.331227352493443, 5487819.776255562901497, 328.0 ], [ 336606.7891760848579, 5487821.121902785263956, 326.0 ], [ 336647.243756723997649, 5487822.356688014231622, 326.0 ], [ 336650.247495692456141, 5487823.49051633104682, 326.0 ], [ 336651.700080299109686, 5487828.45374771207571, 326.0 ], [ 336653.319288240862079, 5487838.975071707740426, 326.0 ], [ 336649.301422795164399, 5487886.15924886148423, 326.0 ], [ 336638.51352626667358, 5487898.387692154385149, 326.0 ], [ 336631.016921752423514, 5487906.845834388397634, 327.0 ], [ 336628.935913860681467, 5487909.912299389950931, 327.0 ], [ 336621.477499017608352, 5487931.720727615989745, 327.0 ], [ 336616.092496349068824, 5487947.792642036452889, 328.0 ], [ 336602.626607518235687, 5487991.477309810929, 328.0 ], [ 336593.606402638892177, 5488014.333985376171768, 328.0 ], [ 336598.232279192190617, 5488033.332287698052824, 328.0 ], [ 336602.852261549851391, 5488037.644206034950912, 328.0 ], [ 336604.323472039424814, 5488048.058697846718132, 328.0 ], [ 336610.319095863844268, 5488078.920946815051138, 328.0 ], [ 336614.760146056883968, 5488096.589660255238414, 328.0 ], [ 336619.125474562635645, 5488114.14938529022038, 328.0 ], [ 336619.366047324612737, 5488131.832804343663156, 328.0 ], [ 336621.21528742776718, 5488150.024292544461787, 328.0 ], [ 336624.168581893783994, 5488173.634504121728241, 328.0 ], [ 336622.417709358269349, 5488187.706002154387534, 328.0 ], [ 336620.222671326482669, 5488201.457035823725164, 328.0 ], [ 336611.730533918947913, 5488203.269374714232981, 329.0 ], [ 336595.115501989261247, 5488192.641496863216162, 329.0 ], [ 336586.704732026206329, 5488192.337457947432995, 329.0 ], [ 336575.645198884187266, 5488197.898504135198891, 329.0 ], [ 336564.221539969090372, 5488205.806997566483915, 330.0 ], [ 336552.520481588435359, 5488218.953149892389774, 331.0 ], [ 336551.264645084505901, 5488220.548493553884327, 331.0 ], [ 336516.189840763574466, 5488224.716231264173985, 333.0 ], [ 336507.130424687406048, 5488246.239130973815918, 334.0 ], [ 336493.746854710276239, 5488278.127931050956249, 335.0 ], [ 336491.387678140075877, 5488283.984360718168318, 335.0 ], [ 336477.183933907654136, 5488312.671230293810368, 335.0 ], [ 336462.983686329622287, 5488341.469303157180548, 335.0 ], [ 336454.919845876982436, 5488367.190387653186917, 336.0 ], [ 336451.608835857885424, 5488377.525897074490786, 336.0 ], [ 336443.093204777920619, 5488400.256493280641735, 337.0 ], [ 336443.020844571408816, 5488400.258665741421282, 337.0 ], [ 336441.614752860856242, 5488404.083791858516634, 337.0 ], [ 336431.620776765048504, 5488430.641708065755665, 337.0 ], [ 336400.631393371324521, 5488469.512650704942644, 338.0 ], [ 336371.127554535982199, 5488497.546741392463446, 339.0 ], [ 336341.699720409000292, 5488525.689987522549927, 340.0 ], [ 336342.710507698007859, 5488549.692260725423694, 340.0 ], [ 336325.23659802263137, 5488565.905228513292968, 341.0 ], [ 336314.734739809646271, 5488580.351084855385125, 341.0 ], [ 336295.572335377859417, 5488600.620336747728288, 342.0 ], [ 336277.495250217616558, 5488606.39294452778995, 343.0 ], [ 336269.315717069432139, 5488620.991626765578985, 344.0 ], [ 336256.459748257242609, 5488636.6209911480546, 344.0 ], [ 336236.401582353981212, 5488653.579529836773872, 345.0 ], [ 336226.665983037673868, 5488667.0011812960729, 346.0 ], [ 336231.980756684322841, 5488687.202407812699676, 346.0 ], [ 336218.146671813447028, 5488706.421680986881256, 347.0 ], [ 336204.219874047208577, 5488710.512095767073333, 347.0 ], [ 336191.876305829966441, 5488723.900979288853705, 347.0 ], [ 336169.707230609434191, 5488747.710282153449953, 349.0 ], [ 336147.535008805338293, 5488771.408518306910992, 352.0 ], [ 336129.017213397542946, 5488788.988738690502942, 353.0 ], [ 336110.568548942450434, 5488806.455686137080193, 355.0 ], [ 336092.461920416215435, 5488849.725321277044713, 357.0 ], [ 336084.754097172175534, 5488884.782448313198984, 358.0 ], [ 336076.974037507490721, 5488919.841767591424286, 361.0 ], [ 336068.596856604795903, 5488963.931347263976932, 365.0 ], [ 336061.154561066767201, 5489002.985993782989681, 366.0 ], [ 336060.21983971062582, 5489008.020945467986166, 366.0 ], [ 336093.752279829001054, 5489027.372811678797007, 363.0 ], [ 336127.281132608419284, 5489046.613717664964497, 360.0 ], [ 336158.889079311513342, 5489079.041579188778996, 359.0 ], [ 336190.56566436518915, 5489111.356279390864074, 358.0 ], [ 336214.955740100645926, 5489147.005609051324427, 364.0 ], [ 336220.843040026957169, 5489188.66326264385134, 372.0 ], [ 336225.891713972552679, 5489216.883378303609788, 378.0 ], [ 336252.076295043516438, 5489244.801772501319647, 382.0 ], [ 336278.257271808688529, 5489272.609125816263258, 386.0 ], [ 336304.51367643015692, 5489300.525587640702724, 392.0 ], [ 336315.501863783923909, 5489309.541370525024831, 394.0 ], [ 336333.020332959596999, 5489323.812780377455056, 399.0 ], [ 336361.602434408676345, 5489347.209105927497149, 406.0 ], [ 336371.711114394944161, 5489353.469860608689487, 408.0 ], [ 336368.121865819441155, 5489393.075840974226594, 411.0 ], [ 336332.93375547445612, 5489419.723573762923479, 415.0 ], [ 336300.607745805464219, 5489454.852728921920061, 421.0 ], [ 336268.2064729979611, 5489489.873099721036851, 427.0 ], [ 336257.247767052846029, 5489527.586791741661727, 430.0 ], [ 336246.289232871262357, 5489565.300511074252427, 430.0 ], [ 336243.466367843095213, 5489589.418104209005833, 430.0 ], [ 336235.169299660425168, 5489628.943292250856757, 432.0 ], [ 336226.800031156162731, 5489668.470673417672515, 435.0 ], [ 336213.867830777424388, 5489710.36056774482131, 438.0 ], [ 336200.932510037440807, 5489752.139337489381433, 440.0 ], [ 336198.020375501248054, 5489787.719714006409049, 442.0 ], [ 336195.177295372996014, 5489823.186756451614201, 445.0 ], [ 336192.784696275892202, 5489851.964493875391781, 449.0 ], [ 336190.388790735276416, 5489880.631071999669075, 452.0 ], [ 336189.932033618853893, 5489894.330120011232793, 453.0 ], [ 336189.298391045071185, 5489909.369641895405948, 455.0 ], [ 336188.208015299867839, 5489938.108213412575424, 457.0 ], [ 336188.543672428757418, 5489951.672161577269435, 458.0 ], [ 336179.649606731487438, 5489959.283078418113291, 459.0 ], [ 336174.338886114303023, 5490004.170463574118912, 462.0 ], [ 336167.183882459008601, 5490043.105168166570365, 465.0 ], [ 336160.029003307456151, 5490082.039886488579214, 468.0 ], [ 336152.801911232876591, 5490120.976795356720686, 471.0 ], [ 336144.535465045366436, 5490159.054898512549698, 474.0 ], [ 336136.265809905424248, 5490197.021856648847461, 476.0 ], [ 336134.766006798949093, 5490202.518871747888625, 476.0 ], [ 336127.001119727967307, 5490230.790798481553793, 477.0 ], [ 336113.724156054784544, 5490256.335825133137405, 478.0 ], [ 336100.371643170015886, 5490281.771903224289417, 479.0 ], [ 336082.800407045637257, 5490306.556193851865828, 481.0 ], [ 336065.160349378187675, 5490331.45388562977314, 483.0 ], [ 336068.131277377717197, 5490341.15556342061609, 484.0 ], [ 336054.306346247904003, 5490367.718633797951043, 485.0 ], [ 336039.200953164952807, 5490397.435671632178128, 484.0 ], [ 336079.042537871166132, 5490412.59159049578011, 481.0 ], [ 336118.880543402745388, 5490427.636634184978902, 477.0 ], [ 336131.696139785228297, 5490432.480231144465506, 476.0 ], [ 336176.546149533765856, 5490450.490182900801301, 470.0 ], [ 336200.461175356525928, 5490460.89687698893249, 468.0 ], [ 336210.692697867518291, 5490466.485976442694664, 467.0 ], [ 336214.806014191475697, 5490473.260518700815737, 467.0 ], [ 336216.831707049394026, 5490480.431656004860997, 467.0 ], [ 336217.068770282668993, 5490481.092100668698549, 467.0 ], [ 336216.339133535861038, 5490488.123604816384614, 467.0 ], [ 336212.86421113985125, 5490495.348963501863182, 466.0 ], [ 336190.29229873145232, 5490539.198050802573562, 464.0 ], [ 336180.964870768832043, 5490558.838446135632694, 464.0 ], [ 336184.565983708715066, 5490560.62155189178884, 464.0 ], [ 336190.683229405083694, 5490564.220416945405304, 463.0 ], [ 336197.619526104768738, 5490568.573483859188855, 463.0 ], [ 336204.071654354804195, 5490571.272184635512531, 463.0 ], [ 336218.225589662324637, 5490577.299588175490499, 462.0 ], [ 336235.355105890135746, 5490583.571303490549326, 462.0 ], [ 336249.677039692178369, 5490590.372570817358792, 461.0 ], [ 336271.732894337619655, 5490599.16652321536094, 460.0 ], [ 336284.914176442835014, 5490580.077974143438041, 459.0 ], [ 336292.719621485215612, 5490560.372278016991913, 459.0 ], [ 336304.850998107867781, 5490552.107838230207562, 458.0 ], [ 336310.825384943804238, 5490546.142540408298373, 458.0 ], [ 336311.812918588984758, 5490528.422083988785744, 456.0 ], [ 336317.969718319014646, 5490518.890906384214759, 454.0 ], [ 336323.698515824507922, 5490521.611496114172041, 453.0 ], [ 336325.720708694425412, 5490528.6715087313205, 452.0 ], [ 336325.985686578205787, 5490532.668997613713145, 451.0 ], [ 336325.569599030655809, 5490535.685598718933761, 451.0 ], [ 336331.724722582555842, 5490542.955146892927587, 450.0 ], [ 336343.36248409881955, 5490547.167052816599607, 448.0 ], [ 336349.950169716379605, 5490544.743767699226737, 447.0 ], [ 336356.179543465084862, 5490542.442524038255215, 446.0 ], [ 336367.293081128154881, 5490543.666147485375404, 444.0 ], [ 336372.202789655246306, 5490545.632567044347525, 444.0 ], [ 336378.355497265525628, 5490548.006682493723929, 444.0 ], [ 336381.042961774161085, 5490550.707475698553026, 444.0 ], [ 336390.459594251587987, 5490558.101587751880288, 444.0 ], [ 336399.507719163084403, 5490558.052196335978806, 445.0 ], [ 336407.28033461200539, 5490544.467115650884807, 445.0 ], [ 336437.237794170039706, 5490534.332190169021487, 447.0 ], [ 336464.911972013767809, 5490534.947222579270601, 448.0 ], [ 336484.006512725376524, 5490546.390019697137177, 448.0 ], [ 336493.713448600145057, 5490556.223358083516359, 448.0 ], [ 336509.146774489723612, 5490556.649953429587185, 449.0 ], [ 336521.114808153244667, 5490579.099353544414043, 449.0 ], [ 336536.280865081644151, 5490606.793345854617655, 451.0 ], [ 336540.03201912145596, 5490613.578983309678733, 451.0 ], [ 336537.965534971794114, 5490624.322226823307574, 452.0 ], [ 336526.734278238320258, 5490616.75984094850719, 454.0 ], [ 336517.75525304034818, 5490616.695688761770725, 454.0 ], [ 336516.628000472148415, 5490624.962963072583079, 455.0 ], [ 336517.118725770735182, 5490641.303809153847396, 457.0 ], [ 336497.685217264574021, 5490642.666281738318503, 458.0 ], [ 336488.342331013758667, 5490637.717558446340263, 458.0 ], [ 336476.066237982595339, 5490645.985933945514262, 457.0 ], [ 336468.819784802384675, 5490638.526495298370719, 456.0 ], [ 336463.238050405168906, 5490633.464831790886819, 456.0 ], [ 336463.857770563627128, 5490622.765012923628092, 455.0 ], [ 336471.953204277902842, 5490617.515017183497548, 455.0 ], [ 336469.615189925883897, 5490609.574347556568682, 454.0 ], [ 336456.071414210251532, 5490599.74505406152457, 453.0 ], [ 336447.222516183042899, 5490596.78428138140589, 453.0 ], [ 336445.499930473335553, 5490597.281083500944078, 452.0 ], [ 336434.454472183890175, 5490600.72828871011734, 452.0 ], [ 336429.651935118366964, 5490616.783130480907857, 452.0 ], [ 336422.086233870126307, 5490622.796111637726426, 451.0 ], [ 336410.951808146608528, 5490625.689728433266282, 451.0 ], [ 336407.5824726371211, 5490634.024409053847194, 451.0 ], [ 336401.490153788181487, 5490640.883246182464063, 450.0 ], [ 336399.218150508124381, 5490654.41429862100631, 450.0 ], [ 336400.192004022770561, 5490662.729726826772094, 450.0 ], [ 336398.166916456539184, 5490670.022654770873487, 450.0 ], [ 336388.00430057675112, 5490683.568329718895257, 449.0 ], [ 336386.152971150586382, 5490696.641697559505701, 448.0 ], [ 336385.811723347753286, 5490711.783670334145427, 448.0 ], [ 336383.08695485687349, 5490727.108544983901083, 447.0 ], [ 336386.587204025359824, 5490752.037433665245771, 446.0 ], [ 336394.668174840975553, 5490758.359055560082197, 446.0 ], [ 336415.687122533563524, 5490766.405870902352035, 446.0 ], [ 336430.984205431654118, 5490771.954387984238565, 447.0 ], [ 336459.846869746397715, 5490785.662603411823511, 448.0 ], [ 336483.407117474591359, 5490793.967110672965646, 449.0 ], [ 336500.088300913688727, 5490799.80802596360445, 450.0 ], [ 336541.106216311745811, 5490808.478557269088924, 454.0 ], [ 336573.12302791851107, 5490818.754763678647578, 457.0 ], [ 336576.752778522321023, 5490819.090842165984213, 457.0 ], [ 336618.45590544375591, 5490824.069711443036795, 462.0 ], [ 336634.148800184484571, 5490825.935241369530559, 463.0 ], [ 336663.716347646317445, 5490829.387204929254949, 466.0 ], [ 336680.05348523077555, 5490831.011009882204235, 468.0 ], [ 336680.632107939047273, 5490830.993649776093662, 468.0 ], [ 336680.576058293809183, 5490846.015747032128274, 469.0 ], [ 336677.444332591257989, 5490864.690519309602678, 469.0 ], [ 336656.803119682008401, 5490869.204046232625842, 469.0 ], [ 336643.068661033583339, 5490872.28649274725467, 469.0 ], [ 336604.627242244780064, 5490874.664130780845881, 470.0 ], [ 336608.121032683004159, 5490887.354438211768866, 471.0 ], [ 336604.414400898327585, 5490898.925728945061564, 472.0 ], [ 336599.323566788283642, 5490910.204786883667111, 473.0 ], [ 336612.864183822763152, 5490915.138936598785222, 475.0 ], [ 336620.578493824170437, 5490926.144896227866411, 476.0 ], [ 336617.693180157686584, 5490928.90179593116045, 477.0 ], [ 336613.119824923109263, 5490935.714812356047332, 477.0 ], [ 336610.346886940300465, 5490939.803492594510317, 478.0 ], [ 336600.962222691625357, 5490943.08928004745394, 479.0 ], [ 336588.16475540434476, 5490960.496607036329806, 480.0 ], [ 336575.265099658514373, 5490962.441552682779729, 480.0 ], [ 336566.530293348769192, 5490970.492178795859218, 480.0 ], [ 336567.291334897046909, 5490981.373052405193448, 481.0 ], [ 336561.012264559452888, 5491003.702819596976042, 481.0 ], [ 336556.434602750116028, 5491007.956983113661408, 481.0 ], [ 336547.98252665461041, 5491015.776630258187652, 481.0 ], [ 336540.321593572967686, 5491013.78143176343292, 481.0 ], [ 336516.8491722951876, 5491008.366917246952653, 481.0 ], [ 336505.251506933011115, 5491010.272931741550565, 480.0 ], [ 336483.530399035429582, 5491002.914491561241448, 479.0 ], [ 336458.789286540879402, 5490991.418890356086195, 478.0 ], [ 336439.586078148975503, 5490983.539919099770486, 478.0 ], [ 336433.619773779006209, 5490984.94308755453676, 478.0 ], [ 336429.523922927328385, 5490985.956267348490655, 479.0 ], [ 336416.723584317252971, 5490996.020782901905477, 480.0 ], [ 336412.071878913440742, 5491017.07795927952975, 481.0 ], [ 336401.400329326395877, 5491030.52768228109926, 483.0 ], [ 336400.156841511081439, 5491049.368448278866708, 484.0 ], [ 336407.309534554718994, 5491060.94731476623565, 484.0 ], [ 336425.038474868517369, 5491079.996731349267066, 484.0 ], [ 336440.970075183780864, 5491087.417630235664546, 483.0 ], [ 336441.483027264941484, 5491087.624741915613413, 483.0 ], [ 336459.228216873132624, 5491092.76594350580126, 482.0 ], [ 336478.015967342071235, 5491098.877243715338409, 482.0 ], [ 336477.023563998402096, 5491106.806702848523855, 482.0 ], [ 336476.621233038429637, 5491139.196209810674191, 481.0 ], [ 336477.027625126938801, 5491157.542332352139056, 481.0 ], [ 336478.472435284405947, 5491195.995792968198657, 480.0 ], [ 336479.612079591024667, 5491214.653675784356892, 480.0 ], [ 336479.551034671603702, 5491224.669146301224828, 481.0 ], [ 336478.461928295670077, 5491236.606968119740486, 482.0 ], [ 336471.689545310568064, 5491256.948975991457701, 483.0 ], [ 336465.085108230705373, 5491270.832715530879796, 485.0 ], [ 336464.477629946894012, 5491272.297382482327521, 485.0 ], [ 336454.034808416152373, 5491295.753795807249844, 487.0 ], [ 336432.351389525108971, 5491330.563040308654308, 486.0 ], [ 336408.99808713857783, 5491324.255370130762458, 485.0 ], [ 336404.681007430073805, 5491322.716189358383417, 485.0 ], [ 336398.818444366916083, 5491320.333365217782557, 485.0 ], [ 336389.596627914346755, 5491312.15460154786706, 484.0 ], [ 336382.3721071810578, 5491307.810005910694599, 484.0 ], [ 336375.184078823076561, 5491297.456133442930877, 484.0 ], [ 336372.854015341144986, 5491292.185570215806365, 485.0 ], [ 336371.819057526765391, 5491286.653546774759889, 485.0 ], [ 336368.85506258404348, 5491289.190436237491667, 486.0 ], [ 336359.815108716371469, 5491296.694301255978644, 487.0 ], [ 336342.815842862299178, 5491316.342623722739518, 491.0 ], [ 336345.959986278787255, 5491339.056955404579639, 494.0 ], [ 336329.347715102136135, 5491349.903931970708072, 496.0 ], [ 336319.190901405410841, 5491358.776613363996148, 497.0 ], [ 336317.982731528813019, 5491361.928306956775486, 497.0 ], [ 336318.469597315299325, 5491375.710255736485124, 498.0 ], [ 336324.066260732128285, 5491378.879828678444028, 498.0 ], [ 336313.18066905811429, 5491409.248169964179397, 499.0 ], [ 336315.06204344710568, 5491430.887841602787375, 500.0 ], [ 336311.038351289229468, 5491443.915347408503294, 501.0 ], [ 336317.126936843036674, 5491451.409366151317954, 502.0 ], [ 336323.111870119231753, 5491455.457360068336129, 503.0 ], [ 336344.269045261316933, 5491475.404741894453764, 506.0 ], [ 336356.043121505354065, 5491486.622036820277572, 508.0 ], [ 336392.958650583401322, 5491498.641183585859835, 511.0 ], [ 336396.101786232786253, 5491499.659324528649449, 511.0 ], [ 336393.215019330731593, 5491511.985010106116533, 511.0 ], [ 336393.278768310847227, 5491521.329167257063091, 511.0 ], [ 336395.607787593733519, 5491531.384066301397979, 510.0 ], [ 336405.438824846176431, 5491535.761576524935663, 510.0 ], [ 336413.27953266579425, 5491543.759337647818029, 510.0 ], [ 336400.240269252855796, 5491553.052313787862659, 509.0 ], [ 336399.465069842990488, 5491560.975274479947984, 509.0 ], [ 336391.518889655068051, 5491559.100157416425645, 509.0 ], [ 336390.355114055506419, 5491558.912617898546159, 509.0 ], [ 336383.063133563031442, 5491557.129108713939786, 509.0 ], [ 336375.887556461442728, 5491544.772142803296447, 510.0 ], [ 336343.285884428827558, 5491534.181080573238432, 513.0 ], [ 336350.289268380496651, 5491550.437384845688939, 515.0 ], [ 336372.519484619435389, 5491594.051568946801126, 519.0 ], [ 336374.134452847938519, 5491609.246019192039967, 521.0 ], [ 336368.648343468317762, 5491609.744756447151303, 522.0 ], [ 336363.78422703553224, 5491611.67121394071728, 522.0 ], [ 336344.874462098116055, 5491627.927888678386807, 525.0 ], [ 336344.381612077122554, 5491628.387760942801833, 525.0 ], [ 336323.878516683238558, 5491639.796863039955497, 527.0 ], [ 336315.455795452638995, 5491650.953951425850391, 528.0 ], [ 336298.478803306003101, 5491666.485092733055353, 531.0 ], [ 336284.354026986518875, 5491673.363242032937706, 532.0 ], [ 336276.24703251675237, 5491678.168912985362113, 533.0 ], [ 336260.246690692787524, 5491687.662602266296744, 535.0 ], [ 336251.782306663691998, 5491687.806020456366241, 536.0 ], [ 336242.410458619589917, 5491693.873695996589959, 537.0 ], [ 336217.02375741454307, 5491706.542811022140086, 540.0 ], [ 336190.597975299984682, 5491718.353223510086536, 543.0 ], [ 336164.096640397037845, 5491730.054781762883067, 546.0 ], [ 336135.868397046462633, 5491763.727304763160646, 549.0 ], [ 336129.441541312146001, 5491793.071765516884625, 550.0 ], [ 336127.68451169738546, 5491802.025724415667355, 550.0 ], [ 336120.905549656134099, 5491836.49890923500061, 552.0 ], [ 336122.945082257618196, 5491839.330330933444202, 552.0 ], [ 336126.224002945935354, 5491842.458219764754176, 552.0 ], [ 336136.662056850036606, 5491845.370529916137457, 553.0 ], [ 336139.209801211487502, 5491845.850128437392414, 553.0 ], [ 336136.405461610178463, 5491875.308036459609866, 555.0 ], [ 336135.245035877684131, 5491887.248134397901595, 555.0 ], [ 336133.528851621260401, 5491904.768125385046005, 556.0 ], [ 336139.485883364919573, 5491936.743788784369826, 558.0 ], [ 336149.018271558801644, 5491979.293059299699962, 559.0 ], [ 336151.182912308489904, 5491988.6852464703843, 560.0 ], [ 336160.241898471489549, 5492013.112895655445755, 560.0 ], [ 336169.369776817446109, 5492037.427219470031559, 562.0 ], [ 336174.895387671713252, 5492062.295060344040394, 563.0 ], [ 336177.672033617214765, 5492060.765043893828988, 563.0 ], [ 336187.132195646059699, 5492055.250873443670571, 564.0 ], [ 336206.736465469235554, 5492026.066114723682404, 565.0 ], [ 336249.651550768059678, 5492001.854318669997156, 564.0 ], [ 336273.749911688093562, 5491992.116883127950132, 563.0 ], [ 336297.77604190557031, 5491982.381731693632901, 563.0 ], [ 336342.148515129112639, 5491965.692740246653557, 564.0 ], [ 336383.813457517127972, 5491950.420687272213399, 566.0 ], [ 336425.475278698664624, 5491935.037796180695295, 568.0 ], [ 336466.224176479387097, 5491927.804854724556208, 569.0 ], [ 336506.97650714754127, 5491920.683383096009493, 569.0 ], [ 336545.55733101075748, 5491915.963964662514627, 569.0 ], [ 336584.141546056955121, 5491911.355983534827828, 569.0 ], [ 336619.834384019370191, 5491902.050795588642359, 572.0 ], [ 336652.506840317102615, 5491893.392824717797339, 576.0 ], [ 336672.200690080411732, 5491888.796244096942246, 578.0 ], [ 336700.880314383772202, 5491889.381941392086446, 580.0 ], [ 336726.973306302446872, 5491890.601710414513946, 582.0 ], [ 336756.537338582798839, 5491891.717476341873407, 583.0 ], [ 336786.101350471319165, 5491892.833402555435896, 585.0 ], [ 336819.633615439001005, 5491895.944476745091379, 585.0 ], [ 336851.988817476725671, 5491898.42347046919167, 585.0 ], [ 336884.707887377007864, 5491898.555238530039787, 586.0 ], [ 336928.115619320073165, 5491905.153883965685964, 588.0 ], [ 336974.253533398383297, 5491908.666995329782367, 590.0 ], [ 337008.727063045371324, 5491906.966747778467834, 590.0 ], [ 337053.738735896127764, 5491913.963389176875353, 589.0 ], [ 337103.265180965187028, 5491917.042332085780799, 589.0 ], [ 337145.135628994030412, 5491927.916662086732686, 589.0 ], [ 337187.901224390778225, 5491951.782180223613977, 588.0 ], [ 337200.630749382195063, 5491949.064826514571905, 587.0 ], [ 337240.671320667839609, 5491973.791099605150521, 583.0 ], [ 337275.287290780921467, 5491996.23210246860981, 579.0 ], [ 337281.147851508052554, 5492005.847900942899287, 577.0 ], [ 337318.091633282485418, 5492021.432572070509195, 570.0 ], [ 337352.781031541759148, 5492039.087580922059715, 564.0 ], [ 337363.657672013388947, 5492039.763840928673744, 564.0 ], [ 337368.62645583646372, 5492036.500001815147698, 563.0 ], [ 337376.480506166466512, 5492020.799872236326337, 562.0 ], [ 337376.400773484143429, 5492018.131970753893256, 562.0 ], [ 337371.417121201870032, 5492016.055676961317658, 562.0 ], [ 337371.553543552872725, 5492010.933554517105222, 562.0 ], [ 337380.526549412985332, 5491989.080591063015163, 561.0 ], [ 337381.813567781122401, 5491974.021781073883176, 560.0 ], [ 337380.446200119506102, 5491942.798069576732814, 557.0 ], [ 337380.254294082813431, 5491938.798378759995103, 556.0 ], [ 337385.476635419996455, 5491905.263768723234534, 553.0 ], [ 337385.48940483678598, 5491893.580896607600152, 551.0 ], [ 337387.798582089075353, 5491888.505110348574817, 551.0 ], [ 337390.664551119611133, 5491887.529374078847468, 550.0 ], [ 337399.816407946287654, 5491900.7185831181705, 549.0 ], [ 337411.308816822594963, 5491914.727967177517712, 548.0 ], [ 337412.713416585815139, 5491918.135115471668541, 547.0 ], [ 337411.932013963116333, 5491921.05126906838268, 547.0 ], [ 337411.301881263789255, 5491924.18542668223381, 547.0 ], [ 337413.078765091137029, 5491930.362996465526521, 547.0 ], [ 337417.58240258845035, 5491921.21623242739588, 546.0 ], [ 337417.735484115895815, 5491916.649925576522946, 546.0 ], [ 337421.136772922240198, 5491914.211807736195624, 545.0 ], [ 337422.831685072858818, 5491910.378269154578447, 545.0 ], [ 337426.222266982891597, 5491905.158930385485291, 545.0 ], [ 337429.182296186860185, 5491900.063718662597239, 544.0 ], [ 337429.966704356542323, 5491906.938514107838273, 544.0 ], [ 337426.967255136114545, 5491922.827295463532209, 543.0 ], [ 337429.70743773074355, 5491929.75492296833545, 543.0 ], [ 337428.741978778445628, 5491943.468964950181544, 541.0 ], [ 337433.726839452399872, 5491960.120569557882845, 539.0 ], [ 337438.949282930698246, 5491979.880409794859588, 537.0 ], [ 337439.854307208093815, 5491983.525011673569679, 537.0 ], [ 337441.917818438028917, 5491992.030523435212672, 536.0 ], [ 337440.042184612597339, 5492006.773110414855182, 535.0 ], [ 337443.005894161993638, 5492013.91658852621913, 534.0 ], [ 337443.951507871737704, 5492021.342878773808479, 533.0 ], [ 337446.366193945112173, 5492017.376581972464919, 533.0 ], [ 337447.584044476796407, 5492012.110897866077721, 532.0 ], [ 337448.85354211484082, 5492003.728341821581125, 531.0 ], [ 337455.129185227386188, 5491995.752553168684244, 529.0 ], [ 337457.818381141056307, 5491986.437498359009624, 528.0 ], [ 337458.659194426611066, 5491973.394757534377277, 526.0 ], [ 337459.846448990749195, 5491964.680877362377942, 525.0 ], [ 337463.926949815941043, 5491958.328336307778955, 524.0 ], [ 337469.016518327814993, 5491951.834397930651903, 523.0 ], [ 337470.82028440432623, 5491949.221502942964435, 522.0 ], [ 337473.00958773586899, 5491949.823683857917786, 522.0 ], [ 337480.020921551855281, 5491961.63054374512285, 520.0 ], [ 337484.071152113960125, 5491963.957337615080178, 519.0 ], [ 337485.269443294033408, 5491970.152206564322114, 519.0 ], [ 337483.357573026325554, 5491973.992204491980374, 519.0 ], [ 337487.253934030188248, 5491978.437568433582783, 519.0 ], [ 337488.930397609248757, 5491978.832547709345818, 519.0 ], [ 337487.047682011383586, 5491981.225271300412714, 519.0 ], [ 337488.583564792294055, 5491984.183468547649682, 520.0 ], [ 337493.618866140139289, 5491983.142997947521508, 520.0 ], [ 337498.734561390709132, 5491987.218170092441142, 520.0 ], [ 337500.043540734681301, 5491989.84936111047864, 521.0 ], [ 337495.404878878092859, 5491987.206344191916287, 521.0 ], [ 337492.58802148362156, 5491987.401728590019047, 521.0 ], [ 337489.537207123299595, 5491996.727562934160233, 522.0 ], [ 337485.1383091872558, 5492004.535996898077428, 522.0 ], [ 337486.6808273649076, 5492007.716518740169704, 522.0 ], [ 337475.055841141263954, 5492054.682390082627535, 524.0 ], [ 337472.165212698862888, 5492071.791777382604778, 522.0 ], [ 337467.352834630175494, 5492092.40768457390368, 521.0 ], [ 337476.141173217212781, 5492100.712340312078595, 520.0 ], [ 337487.5478081908077, 5492104.599601116962731, 519.0 ], [ 337500.966993095818907, 5492100.749722299166024, 518.0 ], [ 337509.002002647845075, 5492095.948041464202106, 518.0 ], [ 337508.612452495261095, 5492090.174064633436501, 517.0 ], [ 337510.491097384830937, 5492085.222448519431055, 517.0 ], [ 337509.915210590115748, 5492082.903149474412203, 517.0 ], [ 337509.937009770073928, 5492078.785814823582768, 516.0 ], [ 337510.597049083560705, 5492076.65213212184608, 516.0 ], [ 337511.538258811458945, 5492069.392014310695231, 516.0 ], [ 337509.857068434474058, 5492063.990393362008035, 516.0 ], [ 337508.152638309285976, 5492057.810634773224592, 515.0 ], [ 337510.117603441409301, 5492055.749246281571686, 515.0 ], [ 337517.17730561067583, 5492042.520816396921873, 514.0 ], [ 337519.741868804674596, 5492033.877087356522679, 514.0 ], [ 337527.461681031156331, 5492018.514991278760135, 513.0 ], [ 337532.054327570367604, 5492009.921977207995951, 512.0 ], [ 337528.764977609098423, 5492001.564300981350243, 511.0 ], [ 337528.549945698003285, 5491996.786468908190727, 511.0 ], [ 337533.871170421072748, 5491995.626236552372575, 510.0 ], [ 337550.064899669610895, 5491980.456229074858129, 508.0 ], [ 337566.639253516448662, 5491939.239690246991813, 504.0 ], [ 337583.144885202520527, 5491898.136530552059412, 499.0 ], [ 337599.719784898450598, 5491856.920107949525118, 494.0 ], [ 337621.681376576889306, 5491823.998893747106194, 490.0 ], [ 337624.106237742002122, 5491820.366169269196689, 489.0 ], [ 337643.643245065351948, 5491791.077775361016393, 485.0 ], [ 337648.212703687138855, 5491742.876475885510445, 479.0 ], [ 337643.060432099620812, 5491737.578373894095421, 478.0 ], [ 337641.870219150092453, 5491736.501268037594855, 478.0 ], [ 337641.347428033477627, 5491735.960557699203491, 478.0 ], [ 337639.479842282074969, 5491734.013569375500083, 478.0 ], [ 337635.655768254131544, 5491729.565939334221184, 478.0 ], [ 337640.61577897076495, 5491716.289098661392927, 477.0 ], [ 337636.285483679850586, 5491711.856570601463318, 477.0 ], [ 337650.248007630812936, 5491682.512024059891701, 476.0 ], [ 337662.556581731245387, 5491663.230392170138657, 475.0 ], [ 337682.458695218607318, 5491631.594803921878338, 475.0 ], [ 337694.665354484459385, 5491611.314944884739816, 476.0 ], [ 337698.881340214400552, 5491592.497291282750666, 476.0 ], [ 337688.432829553843476, 5491572.225538631901145, 476.0 ], [ 337689.379189261235297, 5491557.84459001198411, 476.0 ], [ 337704.441099176649004, 5491531.360234259627759, 476.0 ], [ 337704.019485694239847, 5491514.794858129695058, 476.0 ], [ 337700.097101215505973, 5491511.907770882360637, 476.0 ], [ 337694.436982910323422, 5491513.856750514358282, 476.0 ], [ 337690.553758437745273, 5491509.855887835845351, 476.0 ], [ 337686.74616226129001, 5491505.964033535681665, 476.0 ], [ 337683.966978922137059, 5491500.15006548166275, 476.0 ], [ 337684.110377654782496, 5491495.250286250375211, 476.0 ], [ 337695.525195678521413, 5491475.105327740311623, 474.0 ], [ 337699.713066749507561, 5491474.757915245369077, 473.0 ], [ 337702.244841683888808, 5491477.130165525712073, 472.0 ], [ 337704.921861615497619, 5491481.945836266502738, 472.0 ], [ 337707.648600178828929, 5491488.428946393541992, 470.0 ], [ 337714.76778000080958, 5491484.433769698254764, 469.0 ], [ 337715.417440366698429, 5491479.518896857276559, 468.0 ], [ 337714.157581103499979, 5491476.107361274771392, 468.0 ], [ 337726.927608793252148, 5491472.277487746439874, 466.0 ], [ 337734.550599515845533, 5491485.179044050164521, 464.0 ], [ 337748.331312508322299, 5491473.97583775781095, 461.0 ], [ 337769.85296314873267, 5491460.205431363545358, 462.0 ], [ 337798.478014875669032, 5491444.331966869533062, 463.0 ], [ 337814.280557679245248, 5491418.382196853868663, 465.0 ], [ 337826.803461173316464, 5491425.686057784594595, 466.0 ], [ 337839.394790634163655, 5491430.428898489102721, 468.0 ], [ 337843.780331323971041, 5491431.855889082886279, 469.0 ], [ 337846.643848170293495, 5491433.216968817636371, 470.0 ], [ 337838.245374397200067, 5491450.15638633351773, 473.0 ], [ 337816.78706276230514, 5491483.061563489027321, 481.0 ], [ 337795.401340293814428, 5491515.96467690076679, 489.0 ], [ 337802.450580947916023, 5491536.33792522456497, 495.0 ], [ 337812.927898891735822, 5491540.587391870096326, 498.0 ], [ 337821.410668139171321, 5491548.345414249226451, 501.0 ], [ 337826.744552379474044, 5491557.30989364720881, 503.0 ], [ 337827.356220237561502, 5491558.404279510490596, 503.0 ], [ 337830.099341587396339, 5491565.443260563537478, 505.0 ], [ 337825.422992974636145, 5491571.256935313344002, 507.0 ], [ 337823.472094627097249, 5491578.658315944485366, 509.0 ], [ 337834.176760326547083, 5491585.682575847022235, 510.0 ], [ 337839.74576436332427, 5491602.539610226638615, 510.0 ], [ 337850.042390656366479, 5491622.593624980188906, 510.0 ], [ 337840.970209201681428, 5491638.774303023703396, 510.0 ], [ 337808.538233002531342, 5491662.883129433728755, 510.0 ], [ 337790.09164341725409, 5491680.233390455134213, 511.0 ], [ 337772.795601046411321, 5491697.326899718493223, 513.0 ], [ 337769.867313399794511, 5491713.21330772805959, 513.0 ], [ 337769.655079055926763, 5491732.801636706106365, 514.0 ], [ 337754.612188839062583, 5491755.057334260083735, 516.0 ], [ 337748.069447903195396, 5491775.947024815715849, 518.0 ], [ 337750.935816283570603, 5491789.546716925688088, 519.0 ], [ 337777.821152944583446, 5491805.211883079260588, 521.0 ], [ 337804.085749996767845, 5491809.769539882428944, 523.0 ], [ 337826.750005485722795, 5491810.095422469079494, 526.0 ], [ 337833.323999196058139, 5491809.676990780979395, 527.0 ], [ 337846.832516888389364, 5491833.0843750750646, 530.0 ], [ 337850.856756527675316, 5491851.54510291479528, 532.0 ], [ 337846.311521644704044, 5491869.037306471727788, 533.0 ], [ 337836.203112823073752, 5491879.574571069329977, 534.0 ], [ 337817.511045648250729, 5491898.378492352552712, 535.0 ], [ 337812.770490392460488, 5491909.312133393250406, 536.0 ], [ 337822.632731174118817, 5491914.803791645914316, 536.0 ], [ 337837.293546976870857, 5491918.594806750304997, 537.0 ], [ 337848.055502631235868, 5491920.276811836287379, 538.0 ], [ 337858.166633613058366, 5491921.978230092674494, 539.0 ], [ 337868.262301644426771, 5491928.019318739883602, 539.0 ], [ 337886.573982533591334, 5491942.605294773355126, 541.0 ], [ 337915.015292314928956, 5491969.23959441203624, 544.0 ], [ 337933.570658566546626, 5491987.15629505738616, 546.0 ], [ 337938.860420516051818, 5491992.22803012561053, 546.0 ], [ 337952.198216313729063, 5492005.070903329178691, 547.0 ], [ 337968.85006865428295, 5492022.265571432188153, 548.0 ], [ 337997.079258350946475, 5492044.233606982044876, 549.0 ], [ 338025.239218276517931, 5492066.315099880099297, 552.0 ], [ 338051.341164639801718, 5492087.345367309637368, 554.0 ], [ 338077.367291429371107, 5492108.266745313070714, 557.0 ], [ 338103.468836315092631, 5492129.297255296260118, 558.0 ], [ 338128.025216574314982, 5492149.48375906702131, 559.0 ], [ 338148.537819239834789, 5492165.117682631127536, 559.0 ], [ 338168.97468831774313, 5492180.64266920927912, 561.0 ], [ 338150.870171884540468, 5492194.866273139603436, 562.0 ], [ 338132.138560935040005, 5492212.335169526748359, 564.0 ], [ 338111.736899235518649, 5492227.183558554388583, 565.0 ], [ 338097.508047238457948, 5492242.738440216518939, 566.0 ], [ 338083.850194707280025, 5492253.158358475193381, 566.0 ], [ 338102.451228055986576, 5492294.550307366065681, 568.0 ], [ 338121.048694026656449, 5492335.83115341886878, 570.0 ], [ 338136.264630910940468, 5492363.193748397752643, 572.0 ], [ 338151.483730854000896, 5492390.667546427808702, 574.0 ], [ 338176.762469082896132, 5492432.75115730240941, 578.0 ], [ 338189.338086333475076, 5492456.520793077535927, 581.0 ], [ 338201.913600891479291, 5492480.290456345304847, 583.0 ], [ 338219.709037604508922, 5492509.245455247350037, 588.0 ], [ 338226.208645001519471, 5492520.957122644409537, 589.0 ], [ 338240.255178486986551, 5492538.22998016141355, 592.0 ], [ 338245.347468912834302, 5492546.42315633688122, 594.0 ], [ 338242.995688877883367, 5492554.948918092995882, 595.0 ], [ 338230.81341674469877, 5492561.430491054430604, 596.0 ], [ 338211.889922157977708, 5492565.108507269062102, 598.0 ], [ 338204.03231442742981, 5492568.568751085549593, 599.0 ], [ 338197.584984884480946, 5492592.681629874743521, 600.0 ], [ 338202.776587500411551, 5492623.680340690538287, 602.0 ], [ 338216.226388628827408, 5492650.094286664389074, 604.0 ], [ 338238.592048332910053, 5492694.044924459420145, 604.0 ], [ 338274.132575835566968, 5492716.241841065697372, 604.0 ], [ 338288.378883048309945, 5492732.952551263384521, 605.0 ], [ 338292.126941475551575, 5492742.187068156898022, 606.0 ], [ 338270.770930056984071, 5492758.954761561006308, 608.0 ], [ 338256.004404908802826, 5492775.860409935005009, 610.0 ], [ 338258.391988941060845, 5492785.580399198457599, 611.0 ], [ 338277.164617567090318, 5492808.498384727165103, 612.0 ], [ 338295.940397169848438, 5492831.527595193125308, 612.0 ], [ 338313.36505509656854, 5492852.928105063736439, 612.0 ], [ 338339.183761853724718, 5492879.197217736393213, 612.0 ], [ 338348.831969907216262, 5492875.127634570933878, 612.0 ], [ 338386.991019881796092, 5492880.78077741060406, 613.0 ], [ 338415.70736813446274, 5492880.372780064120889, 613.0 ], [ 338429.681431969045661, 5492883.073030488565564, 613.0 ], [ 338442.558433746977244, 5492890.256333195604384, 613.0 ], [ 338463.455366281734314, 5492906.769947562366724, 612.0 ], [ 338470.824608540395275, 5492916.119562070816755, 612.0 ], [ 338479.26118663593661, 5492919.985710988752544, 611.0 ], [ 338491.309426919324324, 5492923.633381347171962, 611.0 ], [ 338503.283529551466927, 5492912.596845731139183, 611.0 ], [ 338540.619709889404476, 5492883.228316220454872, 610.0 ], [ 338560.280636329669505, 5492870.294864280149341, 609.0 ], [ 338579.146885452209972, 5492862.280542204156518, 609.0 ], [ 338613.570963575737551, 5492854.249762371182442, 607.0 ], [ 338636.771589542622678, 5492841.100331528112292, 605.0 ], [ 338653.567465952131897, 5492831.590040768496692, 604.0 ], [ 338668.25087103981059, 5492828.92935277801007, 603.0 ], [ 338693.44011097488692, 5492816.945068789646029, 602.0 ], [ 338695.693343528546393, 5492802.636896737851202, 602.0 ], [ 338739.9793976288056, 5492780.629485553130507, 602.0 ], [ 338770.428320822655223, 5492782.508499163202941, 601.0 ], [ 338802.635994810960256, 5492792.457585388794541, 600.0 ], [ 338810.405478024040349, 5492798.235439285635948, 599.0 ], [ 338814.411839624517597, 5492801.56580862402916, 599.0 ], [ 338848.200340433802921, 5492816.029995586723089, 598.0 ], [ 338883.615483217174187, 5492831.670072112232447, 598.0 ], [ 338908.599169857101515, 5492842.056236892007291, 598.0 ], [ 338933.586048329947516, 5492852.553677424788475, 598.0 ], [ 338952.42771147354506, 5492873.024062500335276, 598.0 ], [ 338971.269236023828853, 5492893.494510371237993, 598.0 ], [ 338986.025484920362942, 5492907.966614801436663, 598.0 ], [ 339002.23109322891105, 5492927.402575619518757, 598.0 ], [ 339013.520254305272829, 5492946.984074087813497, 598.0 ], [ 339039.591246450843755, 5492969.68851821590215, 598.0 ], [ 339065.662022726377472, 5492992.393083328381181, 598.0 ], [ 339080.779347599600442, 5493011.750190099701285, 597.0 ], [ 339112.949213871383108, 5493044.955525569617748, 594.0 ], [ 339132.489527657395229, 5493064.626986822113395, 592.0 ], [ 339157.139761897386052, 5493078.473144472576678, 589.0 ], [ 339181.78986806969624, 5493092.319411381147802, 586.0 ], [ 339199.108299254439771, 5493093.142552779987454, 584.0 ], [ 339221.457969144103117, 5493087.920250382274389, 582.0 ], [ 339233.222595726663712, 5493099.143589364364743, 580.0 ], [ 339239.029308880795725, 5493104.64624169562012, 579.0 ], [ 339258.020252000889741, 5493115.544808646664023, 578.0 ], [ 339276.797585161228199, 5493121.665565770119429, 577.0 ], [ 339296.994759278488345, 5493114.615749995224178, 576.0 ], [ 339303.810307286446914, 5493117.529681600630283, 576.0 ], [ 339306.646148316795006, 5493125.34536970872432, 575.0 ], [ 339350.713545387494378, 5493147.408325391821563, 573.0 ], [ 339388.616063609835692, 5493159.195209011435509, 571.0 ], [ 339426.064636730588973, 5493177.67134549934417, 566.0 ], [ 339439.819786133244634, 5493195.06689687538892, 562.0 ], [ 339441.745086916256696, 5493203.910861240699887, 560.0 ], [ 339449.256703501217999, 5493215.705213773064315, 556.0 ], [ 339457.38251417549327, 5493233.600743227638304, 552.0 ], [ 339475.905008824076504, 5493262.982998618856072, 545.0 ], [ 339502.34294954437064, 5493303.146468459628522, 537.0 ], [ 339513.321008212049492, 5493317.175070392899215, 534.0 ], [ 339536.910198893863708, 5493344.182815983891487, 530.0 ], [ 339564.571358800225426, 5493308.097474510781467, 528.0 ], [ 339592.425970156211406, 5493283.466348366811872, 527.0 ], [ 339611.082290204765741, 5493268.341162145137787, 525.0 ], [ 339618.433764579589479, 5493262.45014529582113, 524.0 ], [ 339649.910358876804821, 5493235.487350008450449, 521.0 ], [ 339669.346914571360685, 5493207.544514254666865, 518.0 ], [ 339690.879814066691324, 5493184.435401973314583, 517.0 ], [ 339712.409624003572389, 5493161.215216404758394, 516.0 ], [ 339732.1366916236002, 5493125.920942542143166, 513.0 ], [ 339751.867304306302685, 5493090.73791048116982, 510.0 ], [ 339771.522614589426666, 5493055.445923550054431, 507.0 ], [ 339786.687566584034357, 5493034.750013847835362, 506.0 ], [ 339801.780339986900799, 5493014.056278603151441, 504.0 ], [ 339837.247646342264488, 5492997.213046089746058, 502.0 ], [ 339844.919572812330443, 5492982.523435051552951, 501.0 ], [ 339842.130575641349424, 5492973.81604933924973, 500.0 ], [ 339845.08201874687802, 5492943.800356909632683, 496.0 ], [ 339843.880609343701508, 5492932.487262300215662, 494.0 ], [ 339846.314689251012169, 5492914.391568043269217, 492.0 ], [ 339852.865072287502699, 5492908.301974036730826, 490.0 ], [ 339855.161983939004131, 5492910.125765640288591, 490.0 ], [ 339866.271934097458143, 5492918.810726653784513, 488.0 ], [ 339876.753749196068384, 5492930.74072131793946, 487.0 ], [ 339881.837583980872296, 5492931.369896312244236, 486.0 ], [ 339888.301006276858971, 5492937.076403669081628, 486.0 ], [ 339904.475361395219807, 5492943.275931003503501, 484.0 ], [ 339915.099360187072307, 5492947.747429361566901, 484.0 ], [ 339922.36161695769988, 5492951.094019112177193, 483.0 ], [ 339926.091376584314276, 5492952.430636951699853, 483.0 ], [ 339936.258769354957622, 5492931.548474330455065, 481.0 ], [ 339959.937800021260045, 5492900.144210982136428, 479.0 ], [ 339975.235439355717972, 5492878.999949081800878, 478.0 ], [ 339990.605501723708585, 5492857.853606727905571, 477.0 ], [ 340007.699960540980101, 5492843.665933893062174, 476.0 ], [ 340028.606042789528146, 5492833.594084148295224, 474.0 ], [ 340038.699050056282431, 5492829.848258744925261, 473.0 ], [ 340042.777675671153702, 5492828.281960501335561, 473.0 ], [ 340052.19424633262679, 5492821.218274036422372, 472.0 ], [ 340065.854498554952443, 5492808.355622510425746, 471.0 ], [ 340083.576337144244462, 5492778.573476116172969, 468.0 ], [ 340114.925695568264928, 5492756.957827788777649, 465.0 ], [ 340132.981618554680608, 5492736.066778306849301, 463.0 ], [ 340151.10671884578187, 5492715.062504719942808, 461.0 ], [ 340173.261738175293431, 5492690.82465092651546, 460.0 ], [ 340199.367003279621713, 5492668.028491290286183, 458.0 ], [ 340238.100317503558472, 5492639.076149900443852, 455.0 ], [ 340258.611167578608729, 5492622.897610149346292, 454.0 ], [ 340286.467695616593119, 5492605.502172984182835, 452.0 ], [ 340305.104416459798813, 5492594.49675159342587, 450.0 ], [ 340318.559769561630674, 5492577.079197066836059, 449.0 ], [ 340328.339709147694521, 5492565.109974688850343, 448.0 ], [ 340333.660751076764427, 5492549.155050061643124, 447.0 ], [ 340348.808130883611739, 5492535.136950224637985, 446.0 ], [ 340368.977203535847366, 5492522.084142003208399, 445.0 ], [ 340390.502733316796366, 5492513.330713084898889, 444.0 ], [ 340400.373693632311188, 5492506.921904999762774, 443.0 ], [ 340403.218089146888815, 5492500.274196289479733, 443.0 ], [ 340413.561062594293617, 5492485.284641467966139, 443.0 ], [ 340437.335357965668663, 5492474.240272941067815, 442.0 ], [ 340446.443438344984315, 5492483.763929955661297, 441.0 ], [ 340437.335357965668663, 5492474.240272941067815, 441.0 ], [ 340444.181505153654143, 5492473.260683039203286, 441.0 ], [ 340463.911272666300647, 5492457.550924465060234, 440.0 ], [ 340483.568848550552502, 5492441.843360085971653, 439.0 ], [ 340504.107435757643543, 5492438.90479407645762, 438.0 ], [ 340527.222346731228754, 5492437.44841255992651, 437.0 ], [ 340560.195515456609428, 5492429.138966252095997, 435.0 ], [ 340583.79249808518216, 5492419.435564243234694, 434.0 ], [ 340602.242169847246259, 5492411.885721380822361, 433.0 ], [ 340622.418051135144196, 5492413.853612860664725, 432.0 ], [ 340651.26869354781229, 5492410.560871073976159, 430.0 ], [ 340680.464616221259348, 5492406.701880578882992, 428.0 ], [ 340698.622672679019161, 5492396.601967349648476, 427.0 ], [ 340705.153688204940408, 5492394.741871694102883, 427.0 ], [ 340708.622528390318621, 5492389.633681507781148, 427.0 ], [ 340725.88158924493473, 5492385.9019162543118, 427.0 ], [ 340739.595140493474901, 5492379.715044181793928, 427.0 ], [ 340755.066117671434768, 5492376.703264569863677, 427.0 ], [ 340775.226943732704967, 5492363.318508110009134, 427.0 ], [ 340786.834702011896297, 5492354.411927261389792, 427.0 ], [ 340807.983463978103828, 5492335.212957088835537, 425.0 ], [ 340829.060069233877584, 5492316.01618804782629, 424.0 ], [ 340840.589205972966738, 5492306.889515339396894, 423.0 ], [ 340858.051595187862404, 5492295.252900451421738, 422.0 ], [ 340876.457304404699244, 5492283.700015894137323, 421.0 ], [ 340893.162675461731851, 5492275.868441323749721, 420.0 ], [ 340920.524911047890782, 5492263.720037424936891, 418.0 ], [ 340962.438189702050295, 5492249.255051615647972, 416.0 ], [ 340982.982594694243744, 5492241.53406994882971, 416.0 ], [ 340986.352661469369195, 5492237.986576680094004, 416.0 ], [ 340993.093539620866068, 5492238.345870643854141, 416.0 ], [ 341003.3320259017637, 5492237.045351913198829, 416.0 ], [ 341008.166911253822036, 5492236.570296188816428, 416.0 ], [ 341022.049179604742676, 5492238.612341422587633, 416.0 ], [ 341048.999673169862945, 5492239.60509095992893, 416.0 ], [ 341065.793709382764064, 5492242.229733168147504, 416.0 ], [ 341088.220359576458577, 5492246.915077219717205, 416.0 ], [ 341108.750735783425625, 5492251.099597048014402, 415.0 ], [ 341142.768867779406719, 5492266.127441223710775, 415.0 ], [ 341144.470886291994248, 5492267.412844654172659, 415.0 ], [ 341179.248058640223462, 5492291.096866583451629, 413.0 ], [ 341184.983511684928089, 5492299.162541076540947, 413.0 ], [ 341191.342828389024362, 5492308.76762292906642, 413.0 ], [ 341206.334000549628399, 5492306.661215082742274, 412.0 ], [ 341229.158925493597053, 5492300.209705384448171, 412.0 ], [ 341229.907003129832447, 5492303.525613222271204, 412.0 ] ] ] } },
{ "type": "Feature", "properties": { "name": "Saar-Hunsrück-Steig - 06. Etappe: Weiskirchen –Steinberg –Reidelbach – Grimburgerhof", "km": 16.423, "darstell": "F2", "datum": null, "height": 408, "link": "https://www.saar-hunsrueck-steig.de/tour/saar-hunsrueck-steig-06.-etappe-weiskirchen-steinberg-reidelbach-grimburgerhof-0bcddb80e7" }, "geometry": { "type": "MultiLineString", "coordinates": [ [ [ 341231.248810992226936, 5492309.828159331344068, 0.0 ], [ 341233.177858086011838, 5492318.895017630420625, 0.0 ], [ 341233.179627452918794, 5492331.35585199482739, 0.0 ], [ 341232.825939539528918, 5492336.595294641330838, 0.0 ], [ 341233.033542432822287, 5492343.709743186831474, 0.0 ], [ 341229.623333515250124, 5492383.0833022845909, 0.0 ], [ 341232.986772344098426, 5492414.026114548556507, 0.0 ], [ 341235.47364155179821, 5492459.569297184236348, 0.0 ], [ 341241.672186554060318, 5492493.433347783982754, 0.0 ], [ 341254.69184266612865, 5492522.981828285381198, 0.0 ], [ 341266.98413853882812, 5492554.887972310185432, 0.0 ], [ 341282.961853615299333, 5492591.581968863494694, 0.0 ], [ 341294.848866676038597, 5492617.047028711996973, 0.0 ], [ 341306.739019487169571, 5492642.623276410624385, 0.0 ], [ 341318.517858293431345, 5492666.867697710171342, 0.0 ], [ 341325.449783747666515, 5492681.240296591073275, 0.0 ], [ 341330.303084006125573, 5492691.334469773806632, 0.0 ], [ 341338.88523042248562, 5492712.668199720792472, 0.0 ], [ 341332.062620488344692, 5492729.333349355496466, 0.0 ], [ 341317.611468165065162, 5492739.990576255135238, 0.0 ], [ 341312.831880313809961, 5492759.711385416798294, 0.0 ], [ 341320.566481790388934, 5492771.835403269156814, 0.0 ], [ 341335.165064523345791, 5492778.641369534656405, 0.0 ], [ 341347.316095729591325, 5492783.404852089472115, 0.0 ], [ 341366.946470053400844, 5492789.062836700119078, 0.0 ], [ 341394.766434266639408, 5492802.603939331136644, 0.0 ], [ 341402.762598683359101, 5492801.369496454484761, 0.0 ], [ 341412.282547067617998, 5492802.760832063853741, 0.0 ], [ 341420.325299943739083, 5492808.089268187992275, 0.0 ], [ 341435.281911595491692, 5492814.773797459900379, 0.0 ], [ 341448.838865739293396, 5492820.609096876345575, 0.0 ], [ 341457.302396109094843, 5492825.480289830826223, 0.0 ], [ 341468.314667014463339, 5492825.938166730105877, 0.0 ], [ 341496.239796070265584, 5492830.687339602038264, 0.0 ], [ 341516.422394417808391, 5492842.893962638452649, 0.0 ], [ 341520.987068048329093, 5492850.549022337421775, 0.0 ], [ 341517.284812076948583, 5492862.561455576680601, 0.0 ], [ 341537.251466829096898, 5492879.781036331318319, 0.0 ], [ 341554.938907130621374, 5492885.830042055808008, 0.0 ], [ 341566.838053136016242, 5492886.929826291278005, 0.0 ], [ 341576.706343644298613, 5492887.866263866424561, 0.0 ], [ 341595.902276648383122, 5492893.537695399485528, 0.0 ], [ 341612.671275821514428, 5492902.840098797343671, 0.0 ], [ 341613.43411089037545, 5492916.613835635595024, 0.0 ], [ 341605.548046262934804, 5492943.990318364463747, 0.0 ], [ 341599.101574367377907, 5492963.648119105957448, 0.0 ], [ 341594.901788764633238, 5492978.456426776014268, 0.0 ], [ 341588.338866228761617, 5493001.566624719649553, 0.0 ], [ 341583.854270856129006, 5493014.046827398240566, 0.0 ], [ 341577.143617648049258, 5493037.050089399330318, 0.0 ], [ 341569.454317840980366, 5493058.746774162165821, 0.0 ], [ 341563.377165917656384, 5493076.168723494745791, 0.0 ], [ 341550.528050072200131, 5493107.027610469609499, 0.0 ], [ 341543.941638956370298, 5493116.898895865306258, 0.0 ], [ 341532.067164421547204, 5493151.400953497737646, 0.0 ], [ 341528.438583861512598, 5493168.417848478071392, 0.0 ], [ 341523.238859224249609, 5493178.693797433748841, 0.0 ], [ 341518.597160188131966, 5493198.187890963628888, 0.0 ], [ 341514.014838600996882, 5493217.235229508951306, 0.0 ], [ 341507.609272024128586, 5493250.687958457507193, 0.0 ], [ 341501.480748909176327, 5493266.331375212408602, 0.0 ], [ 341530.932767912803683, 5493283.830769122578204, 0.0 ], [ 341545.112169033498503, 5493291.205723794177175, 0.0 ], [ 341574.585458077141084, 5493304.476926112547517, 0.0 ], [ 341595.64773789444007, 5493314.655494896695018, 0.0 ], [ 341615.294283109833486, 5493323.429015980102122, 0.0 ], [ 341628.724634447600693, 5493329.935928091406822, 0.0 ], [ 341640.411298427032307, 5493333.712196131236851, 0.0 ], [ 341643.404408226371743, 5493342.08063817769289, 0.0 ], [ 341649.228785997256637, 5493353.259353238157928, 0.0 ], [ 341653.876991296478081, 5493371.259034087881446, 0.0 ], [ 341663.323397799627855, 5493395.015692440792918, 0.0 ], [ 341671.355282575881574, 5493407.465256720781326, 0.0 ], [ 341680.783330658101477, 5493420.652995089069009, 0.0 ], [ 341690.324580395128578, 5493437.731471304781735, 0.0 ], [ 341702.730438336962834, 5493456.28419540822506, 0.0 ], [ 341714.854639187455177, 5493472.619988021440804, 0.0 ], [ 341716.426633627561387, 5493476.913287812843919, 0.0 ], [ 341723.495728556998074, 5493496.066396922804415, 0.0 ], [ 341722.656594687025063, 5493541.817711914889514, 0.0 ], [ 341720.705513227265328, 5493561.789613239467144, 0.0 ], [ 341711.529816832859069, 5493579.635365938767791, 0.0 ], [ 341703.824751796666533, 5493600.776064573787153, 0.0 ], [ 341689.288963805418462, 5493620.891770704649389, 0.0 ], [ 341673.23412303137593, 5493643.499413583427668, 0.0 ], [ 341661.331208443094511, 5493654.637940656393766, 0.0 ], [ 341652.079286682128441, 5493667.368176540359855, 0.0 ], [ 341617.240573798189871, 5493695.8633176330477, 0.0 ], [ 341617.379779778188094, 5493700.643348890356719, 0.0 ], [ 341620.473091004532762, 5493705.003576883114874, 0.0 ], [ 341625.970259977621026, 5493712.409021500498056, 0.0 ], [ 341627.11932513845386, 5493714.600715567357838, 0.0 ], [ 341592.419080091291107, 5493735.415216851979494, 0.0 ], [ 341587.936182673438452, 5493737.993465847335756, 0.0 ], [ 341562.272171895427164, 5493758.544971740804613, 0.0 ], [ 341560.193065286264755, 5493756.714159158989787, 0.0 ], [ 341555.141487262444571, 5493752.18850071914494, 0.0 ], [ 341552.392354732903186, 5493749.709664428606629, 0.0 ], [ 341539.407820174237713, 5493763.4389284895733, 0.0 ], [ 341542.304766336339526, 5493766.024709307588637, 0.0 ], [ 341547.290534043684602, 5493770.774789061397314, 0.0 ], [ 341549.221826739667449, 5493772.498645481653512, 0.0 ], [ 341533.862786878016777, 5493791.637489160522819, 0.0 ], [ 341527.114172558882274, 5493790.944075266830623, 0.0 ], [ 341521.311767473758664, 5493790.445612008683383, 0.0 ], [ 341506.415155723923817, 5493788.209542763419449, 0.0 ], [ 341490.643256297684275, 5493813.034706310369074, 0.0 ], [ 341474.871507283532992, 5493837.859919463284314, 0.0 ], [ 341473.841549676260911, 5493849.683287875726819, 0.0 ], [ 341474.596817311365157, 5493850.773851487785578, 0.0 ], [ 341479.685023867932614, 5493854.07452948205173, 0.0 ], [ 341480.375725608726498, 5493860.396100425161421, 0.0 ], [ 341478.936727110121865, 5493868.114846177399158, 0.0 ], [ 341480.740882310317829, 5493875.405282583087683, 0.0 ], [ 341484.129842990660109, 5493879.97933307942003, 0.0 ], [ 341488.79826507717371, 5493881.289610858075321, 0.0 ], [ 341496.425938249507453, 5493877.395774378441274, 0.0 ], [ 341498.118681909050792, 5493875.900084050372243, 0.0 ], [ 341498.395872922847047, 5493872.999298244714737, 0.0 ], [ 341510.268601466144901, 5493853.405646551400423, 0.0 ], [ 341515.36306786397472, 5493849.474408607929945, 0.0 ], [ 341521.939921751152724, 5493844.276139766909182, 0.0 ], [ 341566.447511222213507, 5493822.396606848575175, 0.0 ], [ 341586.717880963580683, 5493812.90548188239336, 0.0 ], [ 341609.950906304526143, 5493790.86727234069258, 0.0 ], [ 341633.111834293464199, 5493768.831271656788886, 0.0 ], [ 341653.458044270402752, 5493751.995190316811204, 0.0 ], [ 341661.07847152731847, 5493742.872696401551366, 0.0 ], [ 341668.705397646874189, 5493733.972540876828134, 0.0 ], [ 341681.928740109084174, 5493723.463127981871367, 0.0 ], [ 341697.033688612165861, 5493722.912174791097641, 0.0 ], [ 341711.586217907490209, 5493723.267403571866453, 0.0 ], [ 341725.899233419680968, 5493722.850837774574757, 0.0 ], [ 341742.613925966899842, 5493722.920709702186286, 0.0 ], [ 341754.804713495308533, 5493721.675915089435875, 0.0 ], [ 341765.868006626318675, 5493721.465271549299359, 0.0 ], [ 341782.832854496838991, 5493727.647158524021506, 0.0 ], [ 341799.245021743583493, 5493742.189494954422116, 0.0 ], [ 341811.642267481307499, 5493762.967826852574944, 0.0 ], [ 341816.265200477675535, 5493770.176362368278205, 0.0 ], [ 341819.784413953544572, 5493776.749458237551153, 0.0 ], [ 341833.194935827166773, 5493787.596434482373297, 0.0 ], [ 341843.65573674661573, 5493796.526586903259158, 0.0 ], [ 341846.105861501942854, 5493798.680485315620899, 0.0 ], [ 341868.908855227404274, 5493819.045072317123413, 0.0 ], [ 341892.778307227534242, 5493848.724375451914966, 0.0 ], [ 341900.210862838081084, 5493848.063262519426644, 0.0 ], [ 341902.75261867872905, 5493850.882065669633448, 0.0 ], [ 341918.717105046729557, 5493872.446969428099692, 0.0 ], [ 341929.875815013656393, 5493878.01926092710346, 0.0 ], [ 341931.250904173590243, 5493887.992468157783151, 0.0 ], [ 341944.42150601814501, 5493917.982960179448128, 0.0 ], [ 341953.535955319355708, 5493957.770763458684087, 0.0 ], [ 341970.3124232692644, 5493997.335912431590259, 0.0 ], [ 341979.646725710423198, 5494017.313526135869324, 0.0 ], [ 341987.988019088166766, 5494025.526713790372014, 0.0 ], [ 341991.198364075564314, 5494031.441334852948785, 0.0 ], [ 341994.789059433038346, 5494045.466702112928033, 0.0 ], [ 341998.586899481539149, 5494059.152280003763735, 0.0 ], [ 342005.879703546641394, 5494081.080625376664102, 0.0 ], [ 342011.245885419892147, 5494098.948427044786513, 0.0 ], [ 342022.166115140600596, 5494113.762180464342237, 0.0 ], [ 342029.302243526326492, 5494120.34157276712358, 0.0 ], [ 342036.746860171086155, 5494127.579557006247342, 0.0 ], [ 342046.958303710795008, 5494140.411310356110334, 0.0 ], [ 342060.290017699589953, 5494148.590896147303283, 0.0 ], [ 342069.120829815859906, 5494156.233688583597541, 0.0 ], [ 342080.508572035527322, 5494162.244632512331009, 0.0 ], [ 342090.846306884195656, 5494171.957585356198251, 0.0 ], [ 342107.696399806824047, 5494174.249724125489593, 0.0 ], [ 342125.938589429249987, 5494184.62328536156565, 0.0 ], [ 342146.095504634198733, 5494183.704326956532896, 0.0 ], [ 342173.015938531316351, 5494179.028895504772663, 0.0 ], [ 342195.855060683912598, 5494175.807127045467496, 0.0 ], [ 342198.322319934493862, 5494176.069298501126468, 0.0 ], [ 342228.843268073513173, 5494178.298869494348764, 0.0 ], [ 342244.683980324713048, 5494175.725395647808909, 0.0 ], [ 342249.256524624244776, 5494171.253708572126925, 0.0 ], [ 342250.832713499199599, 5494160.74980154633522, 0.0 ], [ 342250.814923531725071, 5494145.174303660169244, 0.0 ], [ 342245.083818912273273, 5494117.192483714781702, 0.0 ], [ 342234.485039983526804, 5494098.474984116852283, 0.0 ], [ 342228.012022039853036, 5494087.314547498710454, 0.0 ], [ 342226.586468388850335, 5494080.569215869531035, 0.0 ], [ 342228.919066379137803, 5494068.70827011577785, 0.0 ], [ 342231.600192727462854, 5494056.392185360193253, 0.0 ], [ 342215.710500046028756, 5494027.37004014197737, 0.0 ], [ 342195.604865177068859, 5494005.145710716955364, 0.0 ], [ 342190.007559858029708, 5493984.280516949482262, 0.0 ], [ 342187.804369427729398, 5493963.205572093836963, 0.0 ], [ 342191.385871694306843, 5493944.521675251424313, 0.0 ], [ 342197.705736733798403, 5493935.43770151026547, 0.0 ], [ 342202.631531367194839, 5493928.174303687177598, 0.0 ], [ 342197.408527388586663, 5493907.743270641192794, 0.0 ], [ 342190.957225220336113, 5493892.354461155831814, 0.0 ], [ 342184.622742857725825, 5493873.513292973861098, 0.0 ], [ 342179.348017979296856, 5493851.303658143617213, 0.0 ], [ 342146.567670788848773, 5493818.655359484255314, 0.0 ], [ 342121.733348064008169, 5493795.567200007848442, 0.0 ], [ 342096.826529817190021, 5493772.481249095872045, 0.0 ], [ 342083.758599853492342, 5493760.956156706437469, 0.0 ], [ 342088.597949120623525, 5493755.697800412774086, 0.0 ], [ 342089.633844041847624, 5493753.998862057924271, 0.0 ], [ 342094.191789750417229, 5493746.523535847663879, 0.0 ], [ 342079.679315114743076, 5493732.592731777578592, 0.0 ], [ 342078.537486222572625, 5493723.169014809653163, 0.0 ], [ 342068.189834091579542, 5493705.668323940597475, 0.0 ], [ 342050.522888824460097, 5493685.2650110963732, 0.0 ], [ 342026.180679240496829, 5493661.71792044583708, 0.0 ], [ 342005.111143329471815, 5493631.289154375903308, 0.0 ], [ 342005.713332178769633, 5493597.226901303045452, 0.0 ], [ 342013.959852904547006, 5493579.742453222163022, 0.0 ], [ 342023.229431137326173, 5493560.114414721727371, 0.0 ], [ 342041.570038227830082, 5493523.979368747211993, 0.0 ], [ 342065.411475562606938, 5493487.907177211716771, 0.0 ], [ 342069.464749942300841, 5493453.077205240726471, 0.0 ], [ 342065.301361454126891, 5493421.823544544167817, 0.0 ], [ 342073.803369487402961, 5493413.121121259406209, 0.0 ], [ 342085.956799578212667, 5493403.088867912068963, 0.0 ], [ 342092.382405865413602, 5493400.120882319286466, 0.0 ], [ 342105.233638678793795, 5493394.184934373944998, 0.0 ], [ 342132.427811824367382, 5493388.834012301638722, 0.0 ], [ 342169.729305683111306, 5493390.199127089232206, 0.0 ], [ 342207.027543091913685, 5493391.45333362929523, 0.0 ], [ 342236.383100121864118, 5493375.804579055868089, 0.0 ], [ 342265.663304972171318, 5493360.046919641084969, 0.0 ], [ 342299.682741562486626, 5493360.506799867376685, 0.0 ], [ 342333.633091544383205, 5493361.080151845701039, 0.0 ], [ 342338.219747930765152, 5493362.059767381288111, 0.0 ], [ 342366.038482991512865, 5493368.262651219032705, 0.0 ], [ 342398.447001192369498, 5493375.556505472399294, 0.0 ], [ 342409.45154817646835, 5493375.793935041874647, 0.0 ], [ 342436.212282391323242, 5493370.457107060588896, 0.0 ], [ 342451.957388791488484, 5493366.997076206840575, 0.0 ], [ 342478.416150205070153, 5493361.224179322831333, 0.0 ], [ 342504.874961721361615, 5493355.451412315480411, 0.0 ], [ 342535.874369131168351, 5493361.563056206330657, 0.0 ], [ 342566.873698741139378, 5493367.67487530503422, 0.0 ], [ 342596.610292330617085, 5493375.15849085804075, 0.0 ], [ 342626.231006117246579, 5493378.640376265160739, 0.0 ], [ 342635.38793157809414, 5493375.037736471742392, 0.0 ], [ 342653.497547621023841, 5493358.270339393056929, 0.0 ], [ 342668.426282301312312, 5493336.588468220084906, 0.0 ], [ 342682.45878419309156, 5493318.937805287539959, 0.0 ], [ 342699.566114531480707, 5493292.520243436098099, 0.0 ], [ 342714.018101710826159, 5493271.853614530526102, 0.0 ], [ 342728.470202772470657, 5493251.187026892788708, 0.0 ], [ 342741.137674378696829, 5493246.370511167682707, 0.0 ], [ 342762.250738491653465, 5493245.871394316665828, 0.0 ], [ 342764.78102879691869, 5493245.798249759711325, 0.0 ], [ 342803.463030563201755, 5493277.389604416675866, 0.0 ], [ 342812.76158360298723, 5493278.678470235317945, 0.0 ], [ 342825.073974367696792, 5493279.101465914398432, 0.0 ], [ 342829.522589427186176, 5493260.281830291263759, 0.0 ], [ 342842.063437568722293, 5493233.551689344458282, 0.0 ], [ 342853.376983364811167, 5493209.415940243750811, 0.0 ], [ 342854.535334711894393, 5493206.934833146631718, 0.0 ], [ 342883.753887032391503, 5493188.957287020981312, 0.0 ], [ 342912.96941861778032, 5493170.868738599121571, 0.0 ], [ 342942.260645960923284, 5493152.889427746646106, 0.0 ], [ 342983.918723571579903, 5493152.243038825690746, 0.0 ], [ 343014.255763457971625, 5493142.911932131275535, 0.0 ], [ 343042.616497069364414, 5493140.313399996608496, 0.0 ], [ 343078.129541469796095, 5493139.845056896097958, 0.0 ], [ 343093.907413520035334, 5493142.505080402828753, 0.0 ], [ 343107.01790311478544, 5493153.030016717500985, 0.0 ], [ 343118.060955894005019, 5493159.609388425946236, 0.0 ], [ 343122.166870935063343, 5493166.500106545165181, 0.0 ], [ 343131.628683325485326, 5493178.465403587557375, 0.0 ], [ 343135.64801160589559, 5493182.354711689054966, 0.0 ], [ 343139.217537363118026, 5493185.700713158585131, 0.0 ], [ 343134.594807957182638, 5493221.102225454524159, 0.0 ], [ 343134.650896320992615, 5493248.135854348540306, 0.0 ], [ 343134.634701199713163, 5493275.171569177880883, 0.0 ], [ 343138.4329054269474, 5493293.975579615682364, 0.0 ], [ 343126.931446323636919, 5493326.682832478545606, 0.0 ], [ 343126.746629187429789, 5493327.80072474014014, 0.0 ], [ 343124.00003306067083, 5493345.458419555798173, 0.0 ], [ 343133.915058940416202, 5493375.656651590019464, 0.0 ], [ 343145.879650425398722, 5493384.100835567340255, 0.0 ], [ 343146.229559897445142, 5493413.79614469408989, 0.0 ], [ 343134.248899380909279, 5493432.387681819498539, 0.0 ], [ 343134.705613715515938, 5493450.731782690621912, 0.0 ], [ 343138.614196753245778, 5493475.874213257804513, 0.0 ], [ 343134.130641243362334, 5493501.036171504296362, 0.0 ], [ 343113.945879378181417, 5493523.647108554840088, 0.0 ], [ 343108.22861713450402, 5493551.18106672167778, 0.0 ], [ 343121.666391610284336, 5493580.610115488059819, 0.0 ], [ 343139.809233305626549, 5493610.125999793410301, 0.0 ], [ 343141.489610478980467, 5493635.777724164538085, 0.0 ], [ 343143.242269718903117, 5493661.427364742383361, 0.0 ], [ 343150.716519510664511, 5493667.219636957161129, 0.0 ], [ 343149.90028164384421, 5493696.614823192358017, 0.0 ], [ 343152.344866444531363, 5493728.697372787632048, 0.0 ], [ 343154.789437319734134, 5493760.779924333095551, 0.0 ], [ 343158.690874540247023, 5493768.121574957855046, 0.0 ], [ 343159.55098473560065, 5493782.893849959596992, 0.0 ], [ 343171.490805352805182, 5493788.001077499240637, 0.0 ], [ 343185.340793851704802, 5493814.19193223118782, 0.0 ], [ 343199.259738210006617, 5493840.269572403281927, 0.0 ], [ 343214.821897695481312, 5493865.632330878637731, 0.0 ], [ 343222.642273256322369, 5493878.423847869969904, 0.0 ], [ 343230.383919425541535, 5493890.995131763629615, 0.0 ], [ 343249.675403686414938, 5493920.255692908540368, 0.0 ], [ 343268.891201390419155, 5493949.40723885782063, 0.0 ], [ 343288.182290056487545, 5493978.667930369265378, 0.0 ], [ 343304.781701150583103, 5493999.884543340653181, 0.0 ], [ 343321.453270529629663, 5494021.099122266285121, 0.0 ], [ 343331.896921379200649, 5494044.607038231566548, 0.0 ], [ 343342.412772037205286, 5494068.112890776246786, 0.0 ], [ 343345.313711462076753, 5494103.52002075407654, 0.0 ], [ 343348.283710786490701, 5494138.813907072879374, 0.0 ], [ 343351.256891998520587, 5494174.218959841877222, 0.0 ], [ 343355.336684674955904, 5494210.370928570628166, 0.0 ], [ 343359.48552019521594, 5494246.40965498611331, 0.0 ], [ 343376.805300528649241, 5494282.625268443487585, 0.0 ], [ 343395.253494396456517, 5494307.794072856195271, 0.0 ], [ 343404.579670208855532, 5494335.228246184997261, 0.0 ], [ 343406.440836397698149, 5494372.222930110059679, 0.0 ], [ 343433.687390743754804, 5494396.470925257541239, 0.0 ], [ 343441.392684446822386, 5494407.819690103642642, 0.0 ], [ 343453.406640234403312, 5494425.608518395572901, 0.0 ], [ 343455.171197765623219, 5494446.69636903423816, 0.0 ], [ 343454.642069428227842, 5494468.517795595340431, 0.0 ], [ 343473.975856971635949, 5494494.328864672221243, 0.0 ], [ 343509.438532374682836, 5494504.98994973488152, 0.0 ], [ 343531.822137837065384, 5494516.138888551853597, 0.0 ], [ 343559.973134987812955, 5494541.696502231992781, 0.0 ], [ 343572.698314036009833, 5494556.572444494813681, 0.0 ], [ 343588.253710005432367, 5494569.253129271790385, 0.0 ], [ 343605.974165816558525, 5494569.188398215919733, 0.0 ], [ 343612.566685979254544, 5494561.98964492790401, 0.0 ], [ 343615.371406828751788, 5494558.90506149455905, 0.0 ], [ 343623.295639983611181, 5494550.221691627055407, 0.0 ], [ 343634.622284756274894, 5494513.960271623916924, 0.0 ], [ 343640.364558564382605, 5494477.191940323449671, 0.0 ], [ 343640.520557318406645, 5494429.792443418875337, 0.0 ], [ 343641.38821339129936, 5494404.623661990277469, 0.0 ], [ 343638.368981824431103, 5494367.551021656021476, 0.0 ], [ 343635.352925713232253, 5494330.589548025280237, 0.0 ], [ 343632.405931380228139, 5494293.514834621921182, 0.0 ], [ 343635.222872644313611, 5494250.600320284254849, 0.0 ], [ 343643.385480705066584, 5494207.420841670595109, 0.0 ], [ 343650.970998678007163, 5494179.388770400546491, 0.0 ], [ 343654.048599651316181, 5494168.174698657356203, 0.0 ], [ 343664.715089379111305, 5494129.039745815098286, 0.0 ], [ 343672.905437000095844, 5494096.873867041431367, 0.0 ], [ 343681.095895648933947, 5494064.708004061132669, 0.0 ], [ 343690.389886761608068, 5494033.177974097430706, 0.0 ], [ 343699.611715298204217, 5494001.650041252374649, 0.0 ], [ 343709.004990167100914, 5493973.566131194122136, 0.0 ], [ 343718.395177759754006, 5493945.371076568961143, 0.0 ], [ 343726.287030468811281, 5493925.452023222111166, 0.0 ], [ 343731.881338530045468, 5493918.727177421562374, 0.0 ], [ 343743.910195284173824, 5493914.37632798589766, 0.0 ], [ 343761.79766235454008, 5493917.533824712969363, 0.0 ], [ 343775.827603446610738, 5493924.918654653243721, 0.0 ], [ 343808.180259179091081, 5493953.13830504566431, 0.0 ], [ 343829.51736675540451, 5493968.10128606390208, 0.0 ], [ 343850.854356236057356, 5493983.064348663203418, 0.0 ], [ 343881.083241596352309, 5494000.331082156859338, 0.0 ], [ 343910.411642579478212, 5494021.517765416763723, 0.0 ], [ 343914.473378729890101, 5494024.405078685842454, 0.0 ], [ 343951.96950322506018, 5494045.357539000920951, 0.0 ], [ 343970.420865138003137, 5494053.060987160541117, 0.0 ], [ 343995.922944321355317, 5494064.456157153472304, 0.0 ], [ 344021.421724173938856, 5494075.740280706435442, 0.0 ], [ 344050.393140878761187, 5494087.03618208412081, 0.0 ], [ 344079.436713979113847, 5494098.330162866041064, 0.0 ], [ 344117.133026848023292, 5494096.025599590502679, 0.0 ], [ 344138.388401711184997, 5494090.521088847890496, 0.0 ], [ 344149.088386300834827, 5494087.766793310642242, 0.0 ], [ 344156.933958727051504, 5494058.61556320823729, 0.0 ], [ 344153.682066602515988, 5494028.447320069186389, 0.0 ], [ 344156.718826425552834, 5493998.098852511495352, 0.0 ], [ 344172.097586730611511, 5493984.418767443858087, 0.0 ], [ 344201.56002813053783, 5493972.44906516186893, 0.0 ], [ 344219.680358444282319, 5493961.026938895694911, 0.0 ], [ 344239.635180159588344, 5493980.815040400251746, 0.0 ], [ 344268.659197209810372, 5493981.318845422007143, 0.0 ], [ 344297.755485043395311, 5493981.820735530927777, 0.0 ], [ 344332.154839896364138, 5493985.619880789890885, 0.0 ], [ 344376.445160885690711, 5493991.250019219703972, 0.0 ], [ 344392.84312883426901, 5493987.888136959634721, 0.0 ], [ 344403.631610248005018, 5493985.688100982457399, 0.0 ], [ 344422.920733893522993, 5493944.305630420334637, 0.0 ], [ 344434.292598060448654, 5493919.504207662306726, 0.0 ], [ 344445.736858325137291, 5493894.700744015164673, 0.0 ], [ 344448.6814647433348, 5493856.011044394224882, 0.0 ], [ 344451.550668889307417, 5493817.212252893485129, 0.0 ], [ 344459.397501407482196, 5493785.502672105096281, 0.0 ], [ 344467.172152351529803, 5493753.795173267833889, 0.0 ], [ 344495.70604923274368, 5493721.939090941101313, 0.0 ], [ 344524.312574521987699, 5493690.081100013107061, 0.0 ], [ 344550.287667484371923, 5493674.98671377170831, 0.0 ], [ 344576.193790361809079, 5493660.005684691481292, 0.0 ], [ 344611.675506158848293, 5493640.85727194417268, 0.0 ], [ 344638.576436699251644, 5493630.298322629183531, 0.0 ], [ 344665.549755036714487, 5493619.737443963997066, 0.0 ], [ 344687.282291434588842, 5493592.86067361664027, 0.0 ], [ 344709.819433607917745, 5493576.418964038603008, 0.0 ], [ 344725.129195426241495, 5493565.301403838209808, 0.0 ], [ 344732.287595339759719, 5493560.09057876560837, 0.0 ], [ 344748.24001646816032, 5493530.931497205980122, 0.0 ], [ 344764.123501009889878, 5493501.885694458149374, 0.0 ], [ 344792.502735361573286, 5493479.714890271425247, 0.0 ], [ 344820.813081414147746, 5493457.657466115429997, 0.0 ], [ 344849.192776191513985, 5493435.486968475393951, 0.0 ], [ 344857.790944657404907, 5493430.012744221836329, 0.0 ], [ 344888.491218254785053, 5493410.557635441422462, 0.0 ], [ 344879.015306370449252, 5493438.530238387174904, 0.0 ], [ 344878.908770187641494, 5493439.868330168537796, 0.0 ], [ 344876.097007303207647, 5493470.654751802794635, 0.0 ], [ 344887.726156834687572, 5493508.038341415114701, 0.0 ], [ 344908.772431472956669, 5493548.379781883209944, 0.0 ], [ 344939.580108652939089, 5493573.312377637252212, 0.0 ], [ 344970.384335509268567, 5493598.133978863246739, 0.0 ], [ 345014.749413160607219, 5493619.009138580411673, 0.0 ], [ 345036.313744441140443, 5493634.415280148386955, 0.0 ], [ 345057.802497969474643, 5493649.712400395423174, 0.0 ], [ 345080.707843658979982, 5493661.409110208041966, 0.0 ], [ 345111.465010175830685, 5493676.998694207519293, 0.0 ], [ 345116.151569527690299, 5493678.979053934104741, 0.0 ], [ 345139.952597480500117, 5493691.651781098917127, 0.0 ], [ 345169.959064843016677, 5493711.379461340606213, 0.0 ], [ 345215.128291284025181, 5493722.442914105020463, 0.0 ], [ 345240.557966866414063, 5493723.721785575151443, 0.0 ], [ 345270.067321249167435, 5493725.997242720797658, 0.0 ], [ 345293.033321256458294, 5493729.682788780890405, 0.0 ], [ 345333.367945975449402, 5493738.659654466435313, 0.0 ], [ 345366.025339633575641, 5493734.615872115828097, 0.0 ], [ 345393.062196713872254, 5493744.082548226229846, 0.0 ], [ 345426.987140100216493, 5493746.455826532095671, 0.0 ], [ 345435.322216807107907, 5493746.997705918736756, 0.0 ], [ 345460.839757067209575, 5493748.831369911320508, 0.0 ], [ 345486.288146158622112, 5493750.778371192514896, 0.0 ], [ 345512.269499916932546, 5493766.394577028229833, 0.0 ], [ 345538.253859500866383, 5493782.122068412601948, 0.0 ], [ 345564.960925490828231, 5493797.829153591766953, 0.0 ], [ 345608.513553913217038, 5493813.16934737097472, 0.0 ], [ 345624.568166278477293, 5493820.61260102968663, 0.0 ], [ 345629.417902214918286, 5493823.256278166547418, 0.0 ], [ 345626.634063143865205, 5493829.676766292192042, 0.0 ], [ 345645.70909426745493, 5493839.036907549016178, 0.0 ], [ 345665.447243819944561, 5493848.823308368213475, 0.0 ], [ 345686.191002303152345, 5493858.358734743669629, 0.0 ], [ 345702.346558184130117, 5493871.918296028859913, 0.0 ], [ 345685.558609307277948, 5493881.962468955665827, 0.0 ], [ 345690.414834379102103, 5493887.387355485931039, 0.0 ], [ 345686.768523519043811, 5493881.260613846592605, 0.0 ], [ 345685.558609307277948, 5493881.962468955665827, 0.0 ], [ 345680.866679458355065, 5493884.876953888684511, 0.0 ], [ 345672.985038364655338, 5493890.10703674890101, 0.0 ], [ 345655.772955928463489, 5493900.497104863636196, 0.0 ], [ 345645.675785484956577, 5493906.680141424760222, 0.0 ], [ 345636.000013337354176, 5493914.965058044530451, 0.0 ], [ 345619.117186689516529, 5493944.59281144849956, 0.0 ], [ 345610.717689844314009, 5493954.510353796184063, 0.0 ], [ 345575.404733800503891, 5493974.537437475286424, 0.0 ], [ 345537.737237338966224, 5493988.067662649787962, 0.0 ], [ 345496.163105975138023, 5493999.039057903923094, 0.0 ], [ 345454.589128177729435, 5494010.010774472728372, 0.0 ], [ 345412.943020978360437, 5494020.984867194667459, 0.0 ], [ 345373.162520036916249, 5494023.784690825268626, 0.0 ], [ 345333.45432873792015, 5494026.582750308327377, 0.0 ], [ 345307.030404623132199, 5494028.446913960389793, 0.0 ], [ 345293.673881220747717, 5494029.383156904950738, 0.0 ], [ 345258.241342557710595, 5494040.070430493913591, 0.0 ], [ 345237.040571523364633, 5494057.695660710334778, 0.0 ], [ 345229.061760035576299, 5494077.280980382114649, 0.0 ], [ 345233.604105968028307, 5494099.625050330534577, 0.0 ], [ 345256.563567982113454, 5494143.807085259817541, 0.0 ], [ 345286.35995822888799, 5494181.675690427422523, 0.0 ], [ 345294.054281704244204, 5494187.687007937580347, 0.0 ], [ 345302.204460061038844, 5494212.264813619665802, 0.0 ], [ 345310.42369060049532, 5494236.729410393163562, 0.0 ], [ 345311.013774397782981, 5494285.441952724009752, 0.0 ], [ 345311.586185517138802, 5494305.562675437889993, 0.0 ], [ 345317.207757434516679, 5494337.88897224701941, 0.0 ], [ 345323.35599722416373, 5494363.302531693130732, 0.0 ], [ 345327.498028845642693, 5494399.564822202548385, 0.0 ], [ 345332.01179444079753, 5494423.467326048761606, 0.0 ], [ 345338.245275533874519, 5494451.882336402311921, 0.0 ], [ 345345.340150179690681, 5494482.609188336879015, 0.0 ], [ 345358.35214072332019, 5494512.833986049517989, 0.0 ], [ 345359.51216889009811, 5494515.471092780120671, 0.0 ], [ 345371.488175510196015, 5494552.511886411346495, 0.0 ], [ 345372.382888051681221, 5494583.971372930333018, 0.0 ], [ 345373.112686484353617, 5494624.89215699955821, 0.0 ], [ 345371.748815683764406, 5494660.866050586104393, 0.0 ], [ 345383.716951970127411, 5494672.207367251627147, 0.0 ], [ 345400.241042158682831, 5494680.971561261452734, 0.0 ], [ 345406.576738868257962, 5494685.01906162686646, 0.0 ], [ 345414.455468126339838, 5494689.912728291936219, 0.0 ], [ 345432.569479797035456, 5494698.631808810867369, 0.0 ], [ 345427.917592633748427, 5494710.557004621252418, 0.0 ], [ 345424.903156800195575, 5494724.104462058283389, 0.0 ], [ 345423.023410588386469, 5494739.399726868607104, 0.0 ], [ 345428.657551369047724, 5494777.288460714742541, 0.0 ], [ 345430.658847031067125, 5494794.253447962924838, 0.0 ], [ 345395.556787501438521, 5494816.389860308729112, 0.0 ], [ 345379.932323359651491, 5494846.87285225931555, 0.0 ], [ 345364.30488316132687, 5494877.244729682803154, 0.0 ], [ 345347.134170610224828, 5494904.211682206019759, 0.0 ], [ 345339.450454346777406, 5494916.33447993081063, 0.0 ], [ 345315.793847542954609, 5494956.836586975492537, 0.0 ], [ 345312.03818877163576, 5494969.737698229029775, 0.0 ], [ 345342.403932547196746, 5494966.759900761768222, 0.0 ], [ 345342.429232818307355, 5494967.64921529404819, 0.0 ], [ 345343.100512672332115, 5494978.533038226887584, 0.0 ], [ 345343.069591759704053, 5495015.58159753959626, 0.0 ], [ 345339.273418635420967, 5495047.397074723616242, 0.0 ], [ 345345.67401775426697, 5495081.703812662512064, 0.0 ], [ 345352.1436586449272, 5495115.897337857633829, 0.0 ], [ 345352.80449896119535, 5495121.329998920671642, 0.0 ], [ 345357.631347433896735, 5495158.796639628708363, 0.0 ], [ 345363.043546182918362, 5495201.586839233525097, 0.0 ], [ 345361.316973884822801, 5495227.335703859105706, 0.0 ], [ 345359.521323231281713, 5495253.197790547274053, 0.0 ], [ 345354.111593641107902, 5495291.845693495124578, 0.0 ], [ 345350.04983159515541, 5495296.522680199705064, 0.0 ], [ 345343.642612670024391, 5495343.320550163276494, 0.0 ], [ 345336.959630108263809, 5495360.087602150626481, 0.0 ], [ 345329.088820691977162, 5495375.77592090703547, 0.0 ], [ 345321.249693530495279, 5495392.575896077789366, 0.0 ], [ 345306.38297791115474, 5495414.026061216369271, 0.0 ], [ 345290.729442666983232, 5495428.155876030214131, 0.0 ], [ 345262.786329768947326, 5495450.089636581018567, 0.0 ], [ 345247.243256008659955, 5495465.55149709712714, 0.0 ], [ 345229.5755993751809, 5495477.513758784160018, 0.0 ], [ 345206.948266192921437, 5495495.625069904141128, 0.0 ], [ 345173.030162563780323, 5495518.508274707011878, 0.0 ], [ 345150.890024895081297, 5495535.938432135619223, 0.0 ], [ 345136.497971554403193, 5495553.704193512909114, 0.0 ], [ 345129.495198087242898, 5495569.368115832097828, 0.0 ], [ 345119.836388614145108, 5495593.340577620081604, 0.0 ], [ 345115.16690550633939, 5495617.282134023495018, 0.0 ], [ 345114.328101555525791, 5495630.990359164774418, 0.0 ], [ 345114.063628490664996, 5495642.012106399983168, 0.0 ], [ 345115.609459401341155, 5495655.652376909740269, 0.0 ], [ 345119.062584980682004, 5495670.239587939344347, 0.0 ], [ 345119.195034441887401, 5495672.349651996046305, 0.0 ], [ 345120.871327583445236, 5495693.106503906659782, 0.0 ], [ 345122.947952592745423, 5495732.987750066444278, 0.0 ], [ 345130.658444507047534, 5495762.473027306608856, 0.0 ], [ 345136.057944119093008, 5495784.458846342749894, 0.0 ], [ 345146.827357418078464, 5495809.629302881658077, 0.0 ], [ 345169.590817101066932, 5495844.582239663228393, 0.0 ], [ 345186.488702766480856, 5495866.574297746643424, 0.0 ], [ 345201.647390785510652, 5495880.828117463737726, 0.0 ], [ 345213.743227220722474, 5495896.726773258298635, 0.0 ], [ 345226.472930069081485, 5495909.492272326722741, 0.0 ], [ 345237.07338214747142, 5495926.212343725375831, 0.0 ], [ 345244.561053276935127, 5495960.599296133033931, 0.0 ], [ 345246.041151249024551, 5495977.022827666252851, 0.0 ], [ 345251.009659368253779, 5495999.132263663224876, 0.0 ], [ 345253.960189439938404, 5496016.403962699696422, 0.0 ], [ 345260.912741170614026, 5496032.004144496284425, 0.0 ], [ 345267.741815389832482, 5496043.268920758739114, 0.0 ], [ 345284.213005709927529, 5496027.446837902069092, 0.0 ], [ 345297.853103296132758, 5496008.70152881462127, 0.0 ], [ 345303.949039440718479, 5495999.293874022550881, 0.0 ], [ 345310.666831018868834, 5495988.867235817946494, 0.0 ], [ 345322.003874791786075, 5495967.96246232278645, 0.0 ], [ 345326.623119267518632, 5495957.484322491101921, 0.0 ], [ 345334.656954717589542, 5495945.017682764679193, 0.0 ], [ 345346.419250364881009, 5495928.884810959920287, 0.0 ], [ 345351.444154931523371, 5495919.952715581282973, 0.0 ], [ 345360.371001025137957, 5495910.909596958197653, 0.0 ], [ 345379.834406079608016, 5495898.562841567210853, 0.0 ], [ 345394.381657104939222, 5495888.803609813563526, 0.0 ], [ 345406.011112409818452, 5495883.243830818682909, 0.0 ], [ 345416.141672030847985, 5495875.835387271828949, 0.0 ], [ 345429.812001553596929, 5495863.208585808053613, 0.0 ], [ 345440.745143570762593, 5495845.875726651400328, 0.0 ], [ 345454.769686644081958, 5495827.898712763562799, 0.0 ], [ 345470.483856132894289, 5495805.757288096472621, 0.0 ], [ 345482.868331343750469, 5495786.046921099536121, 0.0 ], [ 345498.949940877384506, 5495761.558805120177567, 0.0 ], [ 345515.020471314783208, 5495764.662119628861547, 0.0 ], [ 345520.290768455772195, 5495774.525200390256941, 0.0 ], [ 345544.460297859623097, 5495795.421590002253652, 0.0 ], [ 345545.457340957014821, 5495802.513526826165617, 0.0 ], [ 345547.452971301041543, 5495806.573219940066338, 0.0 ], [ 345561.529697838006541, 5495818.411157308146358, 0.0 ], [ 345574.9978764988482, 5495836.830419315956533, 0.0 ], [ 345586.533937537693419, 5495855.972131717018783, 0.0 ], [ 345586.798475227842573, 5495860.192276103422046, 0.0 ], [ 345587.311757956631482, 5495868.076742528006434, 0.0 ], [ 345584.659085430088453, 5495881.613873402588069, 0.0 ], [ 345579.266551378532313, 5495892.892517275176942, 0.0 ], [ 345578.699526322772726, 5495903.47778155002743, 0.0 ], [ 345578.455107140180189, 5495907.601133471354842, 0.0 ], [ 345578.324400589684956, 5495915.726407152600586, 0.0 ], [ 345575.374850938620511, 5495939.173609873279929, 0.0 ], [ 345570.322785929078236, 5495977.699887139722705, 0.0 ], [ 345565.26765433390392, 5496016.115008153021336, 0.0 ], [ 345560.215774083742872, 5496054.641301915049553, 0.0 ], [ 345559.373659534612671, 5496073.355955185368657, 0.0 ], [ 345559.474849122343585, 5496097.272753319703043, 0.0 ], [ 345559.541702107875608, 5496122.525579938665032, 0.0 ], [ 345559.683977513399441, 5496147.887518499046564, 0.0 ], [ 345559.157016068464145, 5496172.60095208697021, 0.0 ], [ 345557.62139597570058, 5496215.2549998331815, 0.0 ], [ 345557.361640634539071, 5496221.381370245479047, 0.0 ], [ 345555.536235731327906, 5496258.925960320979357, 0.0 ], [ 345551.924771086662076, 5496304.865395175293088, 0.0 ], [ 345551.669868934666738, 5496321.338284128345549, 0.0 ], [ 345548.259472367411945, 5496328.555497474968433, 0.0 ], [ 345543.363388323457912, 5496336.927486977539957, 0.0 ], [ 345535.87931428081356, 5496348.376915538683534, 0.0 ], [ 345514.156311837316025, 5496347.325642745941877, 0.0 ], [ 345489.109703468508087, 5496346.368960818275809, 0.0 ], [ 345463.990828606067225, 5496345.414448908530176, 0.0 ], [ 345450.578644166351296, 5496354.362491603940725, 0.0 ], [ 345441.792365601635538, 5496355.613686689175665, 0.0 ], [ 345431.143828474043403, 5496360.032994013279676, 0.0 ], [ 345418.490265548287425, 5496360.059181523509324, 0.0 ], [ 345416.979301206709351, 5496360.324674297124147, 0.0 ], [ 345402.70844414277235, 5496346.712603179737926, 0.0 ], [ 345372.664028152939864, 5496314.969888401217759, 0.0 ], [ 345342.616104261018336, 5496283.116169418208301, 0.0 ], [ 345333.298122902167961, 5496280.933776441030204, 0.0 ], [ 345323.22701077000238, 5496282.778001156635582, 0.0 ], [ 345301.906070531345904, 5496283.162425878457725, 0.0 ], [ 345297.878895656671375, 5496283.944602695293725, 0.0 ], [ 345296.899540249200072, 5496287.643886117264628, 0.0 ], [ 345288.862824244773947, 5496327.924353740178049, 0.0 ], [ 345281.850864575128071, 5496355.937654682435095, 0.0 ], [ 345276.441734652442392, 5496386.909205505624413, 0.0 ], [ 345270.963594050030224, 5496417.993986219167709, 0.0 ], [ 345274.935498934763018, 5496438.129232371225953, 0.0 ], [ 345296.06830846745288, 5496471.793946678750217, 0.0 ], [ 345322.455595635459758, 5496502.082767894491553, 0.0 ], [ 345348.842596051981673, 5496532.371712489053607, 0.0 ], [ 345359.010229271254502, 5496544.097824968397617, 0.0 ], [ 345375.229309715563431, 5496562.66078045964241, 0.0 ], [ 345401.615736624225974, 5496592.949971807189286, 0.0 ], [ 345421.244827987044118, 5496622.096463451161981, 0.0 ], [ 345440.87371785112191, 5496651.243022880516946, 0.0 ], [ 345460.502406215295196, 5496680.389650092460215, 0.0 ], [ 345454.400260299968068, 5496687.015978819690645, 0.0 ], [ 345428.229433367378078, 5496712.570213292725384, 0.0 ], [ 345400.385163425351493, 5496725.044162340462208, 0.0 ], [ 345372.613263165461831, 5496737.51620074082166, 0.0 ], [ 345352.847161321900785, 5496759.439663004130125, 0.0 ], [ 345333.081222021603025, 5496781.363201087340713, 0.0 ], [ 345297.63767915929202, 5496816.416237734258175, 0.0 ], [ 345272.067527759529185, 5496824.932217163965106, 0.0 ], [ 345246.566530730051454, 5496833.335096235387027, 0.0 ], [ 345218.633212737971917, 5496850.262756530195475, 0.0 ], [ 345207.325796992750838, 5496879.733664357103407, 0.0 ], [ 345201.714985738799442, 5496916.273852509446442, 0.0 ], [ 345224.444699035491794, 5496919.7426971597597, 0.0 ], [ 345256.915870016498957, 5496927.606864978559315, 0.0 ], [ 345284.562969438382424, 5496938.723730789497495, 0.0 ], [ 345323.779042789014056, 5496952.403967027552426, 0.0 ], [ 345336.986046267556958, 5496961.707130926661193, 0.0 ], [ 345361.086523289559409, 5496972.702827792614698, 0.0 ], [ 345400.702346002974082, 5496992.824988344684243, 0.0 ], [ 345420.584474681993015, 5497005.498543546535075, 0.0 ], [ 345434.363798170699738, 5497019.680848743766546, 0.0 ], [ 345441.031124392349739, 5497030.394113305024803, 0.0 ], [ 345473.87170120124938, 5497053.824660763144493, 0.0 ], [ 345481.297361209872179, 5497055.616033743135631, 0.0 ], [ 345515.037434198369738, 5497070.009612885303795, 0.0 ], [ 345545.350782828580122, 5497085.947125568054616, 0.0 ], [ 345552.226877776789479, 5497088.755507418885827, 0.0 ], [ 345564.129193245084025, 5497095.426173849962652, 0.0 ], [ 345594.090946392796468, 5497114.266556117683649, 0.0 ], [ 345615.803900155355223, 5497130.337635500356555, 0.0 ], [ 345637.444483801606111, 5497146.410852085798979, 0.0 ], [ 345672.042151395347901, 5497168.123781656846404, 0.0 ], [ 345706.639538924093358, 5497189.836926510557532, 0.0 ], [ 345727.811812978121452, 5497207.258832931518555, 0.0 ], [ 345735.953987989283632, 5497213.925382984802127, 0.0 ], [ 345748.980795301846229, 5497224.569654786959291, 0.0 ], [ 345774.502633884781972, 5497239.865649248473346, 0.0 ], [ 345800.024326503567863, 5497255.161760970950127, 0.0 ], [ 345842.880550371366553, 5497272.413634072057903, 0.0 ], [ 345864.537584219302516, 5497278.919366529211402, 0.0 ], [ 345888.526527317008004, 5497270.784725307486951, 0.0 ], [ 345910.614663557906169, 5497256.807638455182314, 0.0 ], [ 345932.702911630272865, 5497242.830643965862691, 0.0 ], [ 345980.994142629206181, 5497245.243904713541269, 0.0 ], [ 346002.756550990219694, 5497237.617927187122405, 0.0 ], [ 346023.68049331381917, 5497231.017092001624405, 0.0 ], [ 346059.43662842863705, 5497235.010159160941839, 0.0 ], [ 346080.219105020281859, 5497225.965965854004025, 0.0 ], [ 346104.09930081712082, 5497226.735702702775598, 0.0 ], [ 346115.133149929868523, 5497225.755607244558632, 0.0 ], [ 346124.040365970809944, 5497221.164391613565385, 0.0 ], [ 346133.490528066176921, 5497210.21633761934936, 0.0 ], [ 346145.415109668450896, 5497189.630383436568081, 0.0 ], [ 346158.750140133488458, 5497170.339565068483353, 0.0 ], [ 346189.020870707114227, 5497146.564115625806153, 0.0 ], [ 346210.611129754805006, 5497137.942593391984701, 0.0 ], [ 346247.700929280486889, 5497107.299226866103709, 0.0 ], [ 346255.122714643774088, 5497101.30398284457624, 0.0 ], [ 346257.946320560877211, 5497098.887744109146297, 0.0 ], [ 346256.749553806090262, 5497097.475313234142959, 0.0 ], [ 346255.889526212238707, 5497110.516347905620933, 0.0 ], [ 346259.577226699795574, 5497115.640914435498416, 0.0 ], [ 346252.978428872127552, 5497122.614146068692207, 0.0 ], [ 346250.685937100439332, 5497131.023063035681844, 0.0 ] ] ] } },
{ "type": "Feature", "properties": { "name": "Saar-Hunsrück-Steig - 07. Etappe: Grimburgerhof – Reinsfeld", "km": 9.126, "darstell": "F1", "datum": null, "height": 148, "link": "https://www.saar-hunsrueck-steig.de/tour/saar-hunsrueck-steig-07.-etappe-grimburgerhof-reinsfeld-afd0f47eb0" }, "geometry": { "type": "MultiLineString", "coordinates": [ [ [ 346252.66649419744499, 5497101.373495738022029, 385.0 ], [ 346256.6082161370432, 5497097.590566927567124, 385.0 ], [ 346260.885985833709128, 5497092.908100888133049, 385.0 ], [ 346274.774660667753778, 5497077.829577784985304, 385.0 ], [ 346279.818712345033418, 5497069.565324230119586, 385.0 ], [ 346279.416298100317363, 5497060.453901062719524, 385.0 ], [ 346272.436356529418845, 5497043.740832948125899, 385.0 ], [ 346257.750779662630521, 5497010.224001574330032, 386.0 ], [ 346250.575895236455835, 5496991.736412690021098, 387.0 ], [ 346247.145043446216732, 5496972.697855769656599, 389.0 ], [ 346240.846446086885408, 5496954.5192387457937, 390.0 ], [ 346224.703626281465404, 5496933.392895494587719, 393.0 ], [ 346222.199628340662457, 5496921.559613440185785, 395.0 ], [ 346225.216667583445087, 5496890.211899413727224, 399.0 ], [ 346228.677630267105997, 5496879.656084533780813, 401.0 ], [ 346234.481670041684993, 5496865.028821709565818, 403.0 ], [ 346247.840244247112423, 5496854.192906911484897, 403.0 ], [ 346264.15473717416171, 5496845.609713318757713, 400.0 ], [ 346284.587261519161984, 5496836.910059346817434, 395.0 ], [ 346296.975537536898628, 5496830.106859934516251, 393.0 ], [ 346306.866617251071148, 5496821.928033578209579, 390.0 ], [ 346320.398079212754965, 5496806.971032799221575, 388.0 ], [ 346337.416082985233516, 5496784.906479220837355, 389.0 ], [ 346354.437372681219131, 5496762.953147160820663, 391.0 ], [ 346373.582051513949409, 5496731.705785308033228, 393.0 ], [ 346392.726960706873797, 5496700.458496736362576, 393.0 ], [ 346421.710258886334486, 5496661.701706075109541, 392.0 ], [ 346424.078697122167796, 5496658.519661019556224, 392.0 ], [ 346443.057817357417662, 5496654.645634557120502, 390.0 ], [ 346445.925732353003696, 5496653.785807769745588, 390.0 ], [ 346468.237700027995743, 5496645.033780155703425, 387.0 ], [ 346483.635901772591751, 5496644.932452093809843, 386.0 ], [ 346492.949573125806637, 5496647.005631119944155, 385.0 ], [ 346471.023946505738422, 5496656.636667191050947, 384.0 ], [ 346453.254201035771985, 5496667.485390334390104, 384.0 ], [ 346440.855949846329167, 5496676.513557248748839, 384.0 ], [ 346443.425476578646339, 5496683.004895190708339, 384.0 ], [ 346464.02850163273979, 5496667.514677915722132, 384.0 ], [ 346484.323778741585556, 5496661.601040259003639, 384.0 ], [ 346504.154156813630834, 5496662.264569072984159, 386.0 ], [ 346528.979054395575076, 5496660.562022417783737, 388.0 ], [ 346550.235013528494164, 5496696.341536142863333, 391.0 ], [ 346570.447953024238814, 5496725.920384000986814, 391.0 ], [ 346590.660681633627973, 5496755.499303802847862, 391.0 ], [ 346598.6799048994435, 5496760.390537785366178, 391.0 ], [ 346604.198804738989566, 5496763.794827174395323, 391.0 ], [ 346607.283298728987575, 5496768.046624975278974, 392.0 ], [ 346606.551000234205276, 5496785.645336191169918, 395.0 ], [ 346601.54041079711169, 5496807.926229994744062, 400.0 ], [ 346583.0386929938104, 5496838.932081054896116, 406.0 ], [ 346569.091874699865002, 5496862.244137015193701, 411.0 ], [ 346564.464951753616333, 5496869.940041035413742, 413.0 ], [ 346545.891432663076557, 5496900.948070144280791, 419.0 ], [ 346544.901884617458563, 5496911.990114970132709, 421.0 ], [ 346551.868321650079452, 5496948.729504220187664, 423.0 ], [ 346558.83468337560771, 5496985.468902396038175, 423.0 ], [ 346571.486205330875237, 5497018.710141979157925, 423.0 ], [ 346584.209829367289785, 5497051.94936934672296, 428.0 ], [ 346585.271329569863155, 5497061.375938327051699, 429.0 ], [ 346575.914339390932582, 5497065.422800810076296, 430.0 ], [ 346558.284138016984798, 5497063.25064312107861, 432.0 ], [ 346557.439051446621306, 5497079.406270072795451, 434.0 ], [ 346551.015771448786836, 5497082.369035302661359, 435.0 ], [ 346518.506872292549815, 5497090.96387080475688, 438.0 ], [ 346485.998067375505343, 5497099.558902956545353, 441.0 ], [ 346453.266253295121714, 5497097.702597985975444, 439.0 ], [ 346457.453199037816375, 5497105.149504967965186, 438.0 ], [ 346441.240062632772606, 5497140.31889860983938, 434.0 ], [ 346425.102534314151853, 5497175.597469201311469, 430.0 ], [ 346421.380668163881637, 5497182.044145932421088, 430.0 ], [ 346387.327433011960238, 5497199.917522054165602, 428.0 ], [ 346382.280094074085355, 5497202.95284472964704, 428.0 ], [ 346366.925082063651644, 5497232.646804957650602, 425.0 ], [ 346359.704370953200851, 5497238.079945096746087, 424.0 ], [ 346335.168119742011186, 5497244.781650362536311, 421.0 ], [ 346310.631924187066033, 5497251.483467700891197, 418.0 ], [ 346307.525419355195481, 5497246.453682582825422, 417.0 ], [ 346330.173532052722294, 5497226.67731807846576, 412.0 ], [ 346331.08103639993351, 5497220.421436341479421, 411.0 ], [ 346303.692871106788516, 5497228.539001395925879, 406.0 ], [ 346276.373875957855489, 5497236.543497198261321, 401.0 ], [ 346267.070997617091052, 5497245.039539568126202, 399.0 ], [ 346237.9380061654374, 5497278.350197172723711, 396.0 ], [ 346224.323621056275442, 5497300.541333328001201, 395.0 ], [ 346216.902583105838858, 5497314.213133598677814, 394.0 ], [ 346213.394345142762177, 5497315.424990047700703, 393.0 ], [ 346206.953375081997365, 5497330.515361436642706, 393.0 ], [ 346197.854897436918691, 5497338.560734116472304, 393.0 ], [ 346197.756870912213344, 5497327.438118256628513, 393.0 ], [ 346195.463503228500485, 5497317.935214591212571, 392.0 ], [ 346193.366968281916343, 5497343.471722125075758, 392.0 ], [ 346191.273609844734892, 5497369.119396592490375, 392.0 ], [ 346186.883610098389909, 5497382.594171731732786, 392.0 ], [ 346181.316280458006077, 5497403.000034297816455, 392.0 ], [ 346179.771936403238215, 5497417.395524537190795, 392.0 ], [ 346180.714663036749698, 5497425.156605553813279, 392.0 ], [ 346194.703246751683764, 5497469.818352362141013, 395.0 ], [ 346199.339937933604233, 5497485.485126190818846, 396.0 ], [ 346202.584760314901359, 5497492.84726642165333, 397.0 ], [ 346206.884641376906075, 5497496.619410292245448, 398.0 ], [ 346226.348463566275313, 5497509.975106661207974, 401.0 ], [ 346250.152921530883759, 5497528.548191064037383, 402.0 ], [ 346263.592882121913135, 5497546.190915795043111, 403.0 ], [ 346266.320119649695698, 5497568.475759478285909, 404.0 ], [ 346264.704307890497148, 5497600.785121710970998, 405.0 ], [ 346258.794815405621193, 5497624.426957560703158, 405.0 ], [ 346256.094757517217658, 5497641.413977338001132, 405.0 ], [ 346252.797965808247682, 5497657.750367349013686, 405.0 ], [ 346244.21937798341969, 5497686.696714601479471, 405.0 ], [ 346239.471690070000477, 5497702.851681288331747, 405.0 ], [ 346235.644039709470235, 5497715.754243295639753, 405.0 ], [ 346224.798255880130455, 5497746.322373235598207, 405.0 ], [ 346213.672796135768294, 5497772.114529809914529, 405.0 ], [ 346202.082410069531761, 5497794.248498486354947, 405.0 ], [ 346191.946386331925169, 5497819.233916086144745, 406.0 ], [ 346179.382913333363831, 5497845.289392150007188, 406.0 ], [ 346169.43231422547251, 5497869.157071732915938, 405.0 ], [ 346157.497502895945217, 5497899.5337143400684, 404.0 ], [ 346154.156942224421073, 5497911.755032848566771, 403.0 ], [ 346152.613113219325896, 5497928.709383815526962, 403.0 ], [ 346142.307354108896106, 5497945.133166205137968, 403.0 ], [ 346138.09593536995817, 5497944.473693937063217, 403.0 ], [ 346131.560538534598891, 5497943.435048236511648, 404.0 ], [ 346095.152272035600618, 5497934.120012407191098, 405.0 ], [ 346096.188444274535868, 5497968.134416530840099, 407.0 ], [ 346097.15239019272849, 5498002.150869050063193, 409.0 ], [ 346098.188569920021109, 5498036.165276302956045, 411.0 ], [ 346098.467360657290556, 5498063.85966098960489, 412.0 ], [ 346100.372991947922856, 5498092.842995394952595, 411.0 ], [ 346105.619342686724849, 5498114.722650983370841, 410.0 ], [ 346112.394825234077871, 5498134.445151547901332, 409.0 ], [ 346115.926091733563226, 5498151.923247393220663, 410.0 ], [ 346115.828884956368711, 5498153.594814207404852, 410.0 ], [ 346115.133133208844811, 5498169.85763655602932, 411.0 ], [ 346114.442800687800627, 5498176.107431066222489, 412.0 ], [ 346112.823856360162608, 5498192.952685447409749, 413.0 ], [ 346111.563810344377998, 5498219.911901326850057, 416.0 ], [ 346112.209352581645362, 5498240.14186926279217, 416.0 ], [ 346111.049462555092759, 5498262.98184516094625, 415.0 ], [ 346113.576268947450444, 5498285.828604895621538, 413.0 ], [ 346119.258944684232119, 5498307.807159533724189, 412.0 ], [ 346126.904268384794705, 5498330.175123163498938, 411.0 ], [ 346136.358096669951919, 5498350.044261612929404, 410.0 ], [ 346147.212479996262118, 5498370.875020978972316, 410.0 ], [ 346151.471448228461668, 5498380.878487827256322, 409.0 ], [ 346163.81409173697466, 5498400.665824075229466, 408.0 ], [ 346172.949425849714316, 5498406.748523491434753, 408.0 ], [ 346182.329354588175192, 5498408.707905594259501, 408.0 ], [ 346200.028054022404831, 5498415.994395732879639, 408.0 ], [ 346230.087547768373042, 5498438.617734771221876, 408.0 ], [ 346262.147023265250027, 5498460.405827365815639, 408.0 ], [ 346274.991038826294243, 5498472.39141102693975, 409.0 ], [ 346281.476040196139365, 5498481.886933001689613, 409.0 ], [ 346301.090361649403349, 5498498.13108511082828, 410.0 ], [ 346327.151151656871662, 5498512.301545635797083, 411.0 ], [ 346338.788747873622924, 5498517.423661230131984, 411.0 ], [ 346345.712962733116001, 5498522.011647431179881, 411.0 ], [ 346356.079060363583267, 5498533.288747421465814, 411.0 ], [ 346365.741878901608288, 5498547.812128973193467, 411.0 ], [ 346369.604731181811076, 5498559.161998833529651, 411.0 ], [ 346370.195437955029774, 5498567.266827524639666, 412.0 ], [ 346368.032149862498045, 5498572.556970528326929, 412.0 ], [ 346370.871294800424948, 5498583.490788659080863, 413.0 ], [ 346372.068546033347957, 5498602.815110480412841, 414.0 ], [ 346371.818570523988456, 5498629.745650683529675, 416.0 ], [ 346369.379362787003629, 5498643.165143880993128, 417.0 ], [ 346363.913053707685322, 5498654.33395420294255, 418.0 ], [ 346343.674524483038113, 5498697.739435352385044, 420.0 ], [ 346329.288314870907925, 5498723.178727310150862, 421.0 ], [ 346319.144193594169337, 5498745.271628950722516, 422.0 ], [ 346309.260568062774837, 5498763.797050001099706, 422.0 ], [ 346295.047155616804957, 5498785.115158674307168, 423.0 ], [ 346279.587251301738434, 5498805.801075692288578, 423.0 ], [ 346249.329634562716819, 5498837.363942863419652, 424.0 ], [ 346237.920023337355815, 5498850.481273642741144, 424.0 ], [ 346229.025324091606308, 5498860.523542346432805, 424.0 ], [ 346222.579585728351958, 5498867.715111345984042, 424.0 ], [ 346206.501527262618765, 5498886.972466947510839, 425.0 ], [ 346193.441621715086512, 5498913.264647958800197, 426.0 ], [ 346185.876667575328611, 5498939.623702544718981, 428.0 ], [ 346182.251799589663278, 5498959.640907191671431, 429.0 ], [ 346182.454454951104708, 5498979.549678147770464, 429.0 ], [ 346184.015536432969384, 5498986.180707284249365, 429.0 ], [ 346187.379533944884315, 5499000.325949465855956, 429.0 ], [ 346195.853054483945016, 5499026.453158853575587, 429.0 ], [ 346209.476078718143981, 5499055.772136449813843, 429.0 ], [ 346223.095818017493002, 5499084.979981383308768, 430.0 ], [ 346234.285099309985526, 5499112.587877330370247, 430.0 ], [ 346245.405210368102416, 5499140.309005328454077, 432.0 ], [ 346248.640099825919606, 5499152.455357256345451, 433.0 ], [ 346255.813286520249676, 5499178.61946755554527, 435.0 ], [ 346262.279825615230948, 5499202.801020011305809, 438.0 ], [ 346270.208011084585451, 5499250.527084839530289, 440.0 ], [ 346273.779427590197884, 5499272.009273926727474, 441.0 ], [ 346278.136089300387539, 5499298.25316162686795, 442.0 ], [ 346278.200907995924354, 5499326.064884370192885, 445.0 ], [ 346271.226182365790009, 5499347.734456364065409, 447.0 ], [ 346246.490409361023922, 5499367.459455281496048, 450.0 ], [ 346209.425565590034239, 5499388.201364442706108, 456.0 ], [ 346204.603374422877096, 5499391.453097887337208, 457.0 ], [ 346197.957236972404644, 5499396.647834655828774, 458.0 ], [ 346183.7323209134629, 5499404.727419058792293, 460.0 ], [ 346170.106944410945289, 5499411.009983914904296, 462.0 ], [ 346133.914732259698212, 5499424.273665396496654, 465.0 ], [ 346117.909917779674288, 5499433.29391525965184, 465.0 ], [ 346098.342446696129628, 5499449.201737460680306, 465.0 ], [ 346078.775090228533372, 5499465.109632851555943, 464.0 ], [ 346060.241152696078643, 5499484.325933608226478, 464.0 ], [ 346041.707348293159157, 5499503.542300804518163, 463.0 ], [ 346016.263943297206424, 5499526.292369632981718, 462.0 ], [ 345987.853863966767676, 5499548.904228629544377, 462.0 ], [ 345959.371811878168955, 5499571.518290877342224, 462.0 ], [ 345932.506265974952839, 5499589.9702128469944, 460.0 ], [ 345919.547284573898651, 5499596.790803753770888, 458.0 ], [ 345909.329475976293907, 5499605.981216150335968, 456.0 ], [ 345898.528475114435423, 5499620.083411272615194, 454.0 ], [ 345892.854313135379925, 5499634.040077480487525, 452.0 ], [ 345889.629705527622718, 5499652.822412454523146, 449.0 ], [ 345889.614688416244462, 5499657.384281050413847, 449.0 ], [ 345889.601199847878888, 5499672.18153790012002, 449.0 ], [ 345897.700078859517816, 5499707.998127908445895, 449.0 ], [ 345900.349409330752678, 5499747.863349402323365, 448.0 ], [ 345897.219459527754225, 5499790.340250916779041, 448.0 ], [ 345894.08958428108599, 5499832.817157776094973, 448.0 ], [ 345890.21961813303642, 5499859.405658638104796, 448.0 ], [ 345890.037721476284787, 5499860.634625177830458, 448.0 ], [ 345886.346543415565975, 5499885.882998906075954, 449.0 ], [ 345882.954878684366122, 5499919.133215349167585, 449.0 ], [ 345880.182318235281855, 5499936.011409049853683, 449.0 ], [ 345874.566974372486584, 5499941.844852884300053, 449.0 ], [ 345861.326023761299439, 5499946.337287897244096, 449.0 ], [ 345857.863794178236276, 5499949.105726324021816, 449.0 ], [ 345849.724507513572462, 5499955.122131507843733, 448.0 ], [ 345843.597474534471985, 5499960.747632953338325, 448.0 ], [ 345839.831493636942469, 5499968.086157851852477, 448.0 ], [ 345850.084426853223704, 5499967.794955600053072, 448.0 ], [ 345876.441954791313037, 5499967.157696843147278, 446.0 ], [ 345896.275078767794184, 5499981.057667957618833, 443.0 ], [ 345914.333911598834675, 5499970.643291451968253, 441.0 ], [ 345937.29673245747108, 5499962.426126469857991, 438.0 ], [ 345942.833235518774018, 5499953.813619826920331, 439.0 ], [ 345946.916576022049412, 5499947.467458345927298, 440.0 ], [ 345953.992930037202314, 5499949.825473351404071, 441.0 ], [ 345978.308844963903539, 5499963.821018517017365, 445.0 ], [ 345995.169081821688451, 5499979.919540048576891, 449.0 ], [ 346016.293039705196861, 5500001.126111407764256, 452.0 ], [ 346031.326556786778383, 5500021.615490953437984, 453.0 ], [ 346038.403750422992744, 5500031.650154325179756, 453.0 ], [ 346049.073419093620032, 5500051.150820744223893, 454.0 ], [ 346058.693098357296549, 5500084.588111961260438, 454.0 ], [ 346071.907620872603729, 5500122.48489912878722, 454.0 ], [ 346085.125130698725116, 5500160.492881927639246, 453.0 ], [ 346092.372292503307108, 5500176.530532186850905, 452.0 ], [ 346100.06492598366458, 5500190.441721118055284, 452.0 ], [ 346108.451158464537002, 5500203.331960776820779, 451.0 ], [ 346115.960901488317177, 5500210.795589569956064, 451.0 ], [ 346133.130000258446671, 5500219.987948656082153, 450.0 ], [ 346153.334042289003264, 5500224.087871303781867, 449.0 ], [ 346166.6727292786818, 5500228.159952268004417, 448.0 ], [ 346176.071894700755365, 5500233.456267617642879, 448.0 ], [ 346205.056324453849811, 5500272.018923270516098, 447.0 ], [ 346208.390869968454354, 5500280.046007321216166, 447.0 ], [ 346212.215557651536074, 5500292.620638154447079, 448.0 ], [ 346220.084633279009722, 5500317.874935254454613, 450.0 ], [ 346233.244025578140281, 5500353.882284138351679, 452.0 ], [ 346235.279161269427277, 5500364.505052099004388, 452.0 ], [ 346235.252039077924564, 5500376.298796403221786, 451.0 ], [ 346233.419967539841309, 5500388.143682256340981, 450.0 ], [ 346231.154470542562194, 5500397.441996819339693, 450.0 ], [ 346229.855405050562695, 5500402.596512477844954, 450.0 ], [ 346223.48485738952877, 5500420.021473776549101, 448.0 ], [ 346209.041106229822617, 5500440.679098047316074, 447.0 ], [ 346193.818518666492309, 5500456.797404089942575, 446.0 ], [ 346169.848707052180544, 5500482.954106967896223, 444.0 ], [ 346161.695891664188821, 5500503.767316715791821, 443.0 ], [ 346155.152946040907409, 5500520.19597352296114, 443.0 ], [ 346152.710624006809667, 5500546.187535907141864, 447.0 ], [ 346158.893704816000536, 5500568.040658112615347, 450.0 ], [ 346172.065071045828518, 5500599.374832910485566, 454.0 ], [ 346178.231373210670426, 5500641.031766646541655, 453.0 ], [ 346176.104447366436943, 5500680.698697972111404, 452.0 ], [ 346164.715017868438736, 5500722.408290194347501, 451.0 ], [ 346153.432053741882555, 5500760.220986678265035, 450.0 ], [ 346147.860431640758179, 5500785.411255023442209, 449.0 ], [ 346142.288869934796821, 5500810.601531030610204, 448.0 ], [ 346135.838145524496213, 5500832.812869556248188, 447.0 ], [ 346129.97100796981249, 5500852.671321669593453, 446.0 ], [ 346130.055156949558295, 5500873.473563076928258, 445.0 ], [ 346138.352435732609592, 5500885.8100591506809, 445.0 ], [ 346170.773385790875182, 5500918.267223216593266, 443.0 ], [ 346179.757751712109894, 5500929.360495217144489, 443.0 ], [ 346182.649118393601384, 5500934.507497861050069, 443.0 ], [ 346182.649118393601384, 5500934.507497861050069, 443.0 ], [ 346186.22170936211478, 5500940.747737138532102, 443.0 ], [ 346185.321914235828444, 5500949.784871427342296, 444.0 ], [ 346178.695330406888388, 5500970.888602817431092, 447.0 ], [ 346175.439083496574312, 5500986.000297124497592, 448.0 ], [ 346178.494011926697567, 5500994.369045278988779, 449.0 ], [ 346182.133047010749578, 5501005.502602659165859, 451.0 ], [ 346185.226649545656983, 5501022.881885726936162, 453.0 ], [ 346183.419425520056393, 5501055.975757136940956, 454.0 ], [ 346183.663267288939096, 5501074.770885441452265, 455.0 ], [ 346177.664055314846337, 5501117.996529214084148, 458.0 ], [ 346175.63093478733208, 5501150.763053036294878, 460.0 ], [ 346173.597854038584046, 5501183.529579636640847, 462.0 ], [ 346174.443448935751803, 5501220.998444988392293, 463.0 ], [ 346173.327715988620184, 5501260.636761489324272, 463.0 ], [ 346167.620179314515553, 5501298.847711440175772, 462.0 ], [ 346157.683425425610039, 5501322.93798915296793, 459.0 ], [ 346122.52704879688099, 5501356.977688175626099, 454.0 ], [ 346087.295779338455759, 5501390.908508028835058, 453.0 ], [ 346076.309713186579756, 5501403.458228291943669, 452.0 ], [ 346065.251514495292213, 5501416.010020230896771, 452.0 ], [ 346057.516631270409562, 5501426.019927131943405, 452.0 ], [ 346030.979840120591689, 5501460.816998112015426, 452.0 ], [ 346017.040394723066129, 5501491.473972961306572, 452.0 ], [ 346015.480329696845729, 5501510.320338142104447, 453.0 ], [ 346017.177978582156356, 5501529.408001172356308, 453.0 ], [ 346021.650115072610788, 5501549.529463688842952, 453.0 ], [ 346030.925739153346512, 5501560.725454352796078, 454.0 ], [ 346047.941366275714245, 5501577.375801634974778, 454.0 ], [ 346051.284209807985462, 5501580.618583706207573, 454.0 ], [ 346074.816847953014076, 5501610.545913060195744, 457.0 ], [ 346087.882206409820355, 5501635.652577735483646, 459.0 ], [ 346092.198761170031503, 5501645.209284839220345, 459.0 ], [ 346097.362910572148394, 5501656.633281058631837, 460.0 ], [ 346097.651992142549716, 5501659.183942035771906, 460.0 ], [ 346099.160116901155561, 5501671.60170317068696, 460.0 ], [ 346097.763511022902094, 5501693.669794010929763, 460.0 ], [ 346093.776179295731708, 5501726.26935036573559, 459.0 ], [ 346082.501164353627246, 5501754.069220015779138, 459.0 ], [ 346079.800070585042704, 5501760.709902564063668, 459.0 ], [ 346073.051354057737626, 5501772.360657976940274, 460.0 ], [ 346060.346848036278971, 5501787.963105083443224, 460.0 ], [ 346031.990946914884262, 5501817.137899653054774, 462.0 ], [ 346022.386807057773694, 5501829.98232714086771, 461.0 ], [ 346018.102253807708621, 5501844.455845189280808, 460.0 ], [ 346012.279886351781897, 5501858.194238401949406, 458.0 ], [ 346011.76525177678559, 5501878.234750477597117, 456.0 ], [ 346014.355415174621157, 5501885.504051587544382, 456.0 ], [ 346007.998543568653986, 5501872.778931436128914, 454.0 ], [ 346006.173926700721495, 5501864.48660428263247, 454.0 ], [ 346005.090434151818044, 5501859.399633033201098, 454.0 ], [ 346006.27084638614906, 5501842.455359488725662, 456.0 ], [ 346012.271483820979483, 5501824.817974426783621, 458.0 ], [ 346014.661251118755899, 5501814.848439640365541, 459.0 ], [ 346013.28864159132354, 5501807.210809332318604, 459.0 ], [ 346007.374638186127413, 5501797.365745418705046, 461.0 ], [ 346004.675513412221335, 5501776.081409063190222, 462.0 ], [ 346004.432918107369915, 5501770.080525915138423, 462.0 ], [ 345998.349662824417464, 5501761.909099658951163, 462.0 ], [ 345997.677952444646508, 5501761.14938435703516, 462.0 ], [ 345992.571709605224896, 5501759.403017229400575, 461.0 ], [ 345990.384220502572134, 5501758.686337171122432, 461.0 ], [ 345978.715497371624224, 5501754.789947963319719, 461.0 ], [ 345968.955422686995007, 5501754.510802557691932, 460.0 ], [ 345970.202261666650884, 5501760.260660288855433, 460.0 ], [ 345976.614479510579258, 5501764.751300694420934, 460.0 ], [ 345980.450310133979656, 5501770.093884468078613, 459.0 ], [ 345981.025839227368124, 5501777.642885176464915, 459.0 ], [ 345978.677144321321975, 5501789.057585501112044, 459.0 ], [ 345972.980644429218955, 5501804.683783228509128, 459.0 ], [ 345969.040461960074026, 5501813.473558987490833, 459.0 ], [ 345955.772833508206531, 5501837.213880912400782, 460.0 ], [ 345947.912403571477626, 5501860.578164842911065, 460.0 ], [ 345943.325764283246826, 5501887.298392144963145, 460.0 ], [ 345940.976692906813696, 5501913.955075585283339, 460.0 ], [ 345940.463737078476697, 5501923.871347947046161, 459.0 ], [ 345937.742521477164701, 5501957.770187572576106, 459.0 ], [ 345936.799183253955562, 5501983.051890918053687, 460.0 ], [ 345938.984669539611787, 5502026.935586986131966, 463.0 ], [ 345941.162096409592777, 5502042.560713431797922, 465.0 ], [ 345951.688791646563914, 5502087.653822091408074, 468.0 ], [ 345959.837688896572217, 5502120.242647406645119, 470.0 ], [ 345968.055520664318465, 5502152.718269328586757, 471.0 ], [ 345980.449040771229193, 5502179.623822309076786, 469.0 ], [ 345981.830252683430444, 5502182.477233226411045, 469.0 ], [ 345992.91462104616221, 5502206.527352760545909, 468.0 ], [ 346021.699692561407574, 5502245.984421087428927, 466.0 ], [ 346037.319987269002013, 5502261.895480831153691, 466.0 ], [ 346071.73236022569472, 5502290.95758263207972, 465.0 ], [ 346088.901554230717011, 5502300.372027733363211, 465.0 ], [ 346104.809811205021106, 5502313.716228798031807, 464.0 ], [ 346117.391385263064876, 5502324.373484642244875, 463.0 ], [ 346131.38833491911646, 5502336.548182291910052, 463.0 ], [ 346155.541884053265676, 5502365.568066010251641, 463.0 ], [ 346162.980488781817257, 5502378.262641804292798, 463.0 ], [ 346169.560358840972185, 5502398.880685767158866, 464.0 ], [ 346173.71124489948852, 5502417.898805233649909, 464.0 ], [ 346172.859201162471436, 5502428.603448840789497, 465.0 ], [ 346165.045496763312258, 5502448.517210282385349, 466.0 ], [ 346161.131140675046481, 5502460.755036574788392, 467.0 ], [ 346155.396778598427773, 5502472.488220093771815, 468.0 ], [ 346153.969859237782657, 5502478.202702785842121, 468.0 ], [ 346152.285797919670586, 5502485.037030617706478, 469.0 ], [ 346149.244576394092292, 5502502.590340157970786, 470.0 ], [ 346150.278482470544986, 5502513.575255280360579, 471.0 ], [ 346150.57043227617396, 5502536.596759862266481, 472.0 ], [ 346152.502022890606895, 5502571.587292410433292, 473.0 ], [ 346158.36721183382906, 5502620.484369677491486, 475.0 ], [ 346163.261783761437982, 5502640.260170638561249, 476.0 ], [ 346174.648698937846348, 5502685.217956614680588, 477.0 ], [ 346178.759861380327493, 5502713.026351481676102, 477.0 ], [ 346175.540882044646423, 5502759.956025182269514, 476.0 ], [ 346171.405789618496783, 5502784.771941624581814, 476.0 ], [ 346171.833931950270198, 5502794.772750156000257, 476.0 ], [ 346174.500304826768115, 5502812.386665029451251, 476.0 ], [ 346180.913328394759446, 5502832.230658916756511, 477.0 ], [ 346185.000178429414518, 5502843.907767767086625, 477.0 ], [ 346195.106877938262187, 5502869.209756549447775, 477.0 ], [ 346202.021422254212666, 5502886.369424800388515, 477.0 ], [ 346207.31572656868957, 5502894.785905358381569, 476.0 ], [ 346229.446684662136249, 5502928.981101577170193, 475.0 ], [ 346254.473383549193386, 5502963.428036661818624, 473.0 ], [ 346279.499776392127387, 5502997.87508243881166, 471.0 ], [ 346298.155377310118638, 5503021.599826361984015, 470.0 ], [ 346316.807669473462738, 5503045.213466283865273, 468.0 ], [ 346330.968793891021051, 5503058.16271336376667, 467.0 ], [ 346344.581196514656767, 5503074.687701524235308, 466.0 ], [ 346346.969433878432028, 5503079.96026106365025, 466.0 ], [ 346349.586753733106889, 5503085.671349667012691, 466.0 ], [ 346351.00910413544625, 5503095.087713218294084, 466.0 ], [ 346356.33449201635085, 5503104.615989478304982, 467.0 ], [ 346377.139436041004956, 5503107.364149886183441, 468.0 ], [ 346388.120358782471158, 5503104.939205780625343, 468.0 ], [ 346395.092794509080704, 5503113.975836234167218, 469.0 ], [ 346407.316732555744238, 5503117.18971611559391, 470.0 ], [ 346419.54669396171812, 5503118.06710014026612, 470.0 ] ] ] } },
{ "type": "Feature", "properties": { "name": "Saar-Hunsrück-Steig - 08. Etappe: Reinsfeld – Hermeskeil – Nonnweiler", "km": 15.855, "darstell": "F2", "datum": null, "height": 353, "link": "https://www.saar-hunsrueck-steig.de/tour/saar-hunsrueck-steig-08.-etappe-reinsfeld-hermeskeil-nonnweiler-8fc801eaab" }, "geometry": { "type": "MultiLineString", "coordinates": [ [ [ 346426.068561407504603, 5503108.648223591968417, 472.0 ], [ 346424.143431561999023, 5503058.526812708936632, 476.0 ], [ 346447.341483565687668, 5503051.417045064270496, 477.0 ], [ 346504.005474599543959, 5503058.045547268353403, 482.0 ], [ 346650.475477292668074, 5503091.505280924029648, 490.0 ], [ 346731.158844480931293, 5503089.446540784090757, 487.0 ], [ 346788.391717890044674, 5503057.45658727362752, 487.0 ], [ 346817.127980016288348, 5503054.642116936855018, 490.0 ], [ 346928.33343578747008, 5503056.730603994801641, 508.0 ], [ 347004.361097798100673, 5503066.266574234701693, 522.0 ], [ 347082.522176241036505, 5503064.395501766353846, 537.0 ], [ 347200.033256269874983, 5503069.871841922402382, 552.0 ], [ 347356.453102245926857, 5503100.399915496818721, 563.0 ], [ 347372.000871741387527, 5503078.045225072652102, 564.0 ], [ 347394.428123085119296, 5503030.687350479885936, 567.0 ], [ 347417.668891773093492, 5503014.791538128629327, 568.0 ], [ 347427.856355418800376, 5503014.949893738143146, 568.0 ], [ 347432.78621006855974, 5503005.35460614413023, 567.0 ], [ 347453.608052690105978, 5502990.750811258330941, 566.0 ], [ 347531.697206441138405, 5502965.747510249726474, 560.0 ], [ 347576.02095907664625, 5502939.358066314831376, 555.0 ], [ 347606.885434387600981, 5502909.453366508707404, 549.0 ], [ 347650.365562017308548, 5502886.42588822171092, 543.0 ], [ 347698.870129350456409, 5502880.279448824003339, 540.0 ], [ 347704.619463258539326, 5502848.4107162989676, 540.0 ], [ 347678.528023869148456, 5502842.579598273150623, 540.0 ], [ 347640.312938028364442, 5502811.389645430259407, 541.0 ], [ 347636.68755745398812, 5502798.029822920449078, 542.0 ], [ 347644.367534187505953, 5502780.903499083593488, 542.0 ], [ 347662.144565217138734, 5502763.271024899557233, 543.0 ], [ 347699.426060675468761, 5502740.640654971823096, 546.0 ], [ 347703.883084314875305, 5502729.612637158483267, 546.0 ], [ 347694.591356205288321, 5502715.076877336017787, 547.0 ], [ 347715.266843783319928, 5502661.76207734644413, 547.0 ], [ 347717.937316905066837, 5502594.82374903652817, 545.0 ], [ 347716.249062703805976, 5502552.706092616543174, 540.0 ], [ 347704.741206970589701, 5502477.265638706274331, 529.0 ], [ 347728.222398353507742, 5502428.656069749966264, 518.0 ], [ 347728.501232111011632, 5502389.709543888457119, 512.0 ], [ 347689.776613085879944, 5502348.186864187009633, 516.0 ], [ 347676.460074996110052, 5502321.526263057254255, 518.0 ], [ 347649.722481715260074, 5502159.068436717614532, 514.0 ], [ 347659.528689548373222, 5502114.736639349721372, 510.0 ], [ 347645.583886512671597, 5502065.731795818544924, 506.0 ], [ 347638.446542750054505, 5502053.360642331652343, 505.0 ], [ 347557.042084435932338, 5501978.88299414422363, 503.0 ], [ 347530.067672161327209, 5501946.932626307941973, 502.0 ], [ 347523.024278628989123, 5501932.778909601271152, 502.0 ], [ 347524.527062804671004, 5501883.451356404460967, 499.0 ], [ 347530.395314003224485, 5501858.365619647316635, 499.0 ], [ 347525.115660518582445, 5501842.716026162728667, 499.0 ], [ 347530.998347697081044, 5501828.421477600932121, 500.0 ], [ 347567.649929828010499, 5501798.576755473390222, 501.0 ], [ 347580.196568676852621, 5501797.779184221290052, 502.0 ], [ 347611.301901823142543, 5501778.770951438695192, 505.0 ], [ 347650.770223675877787, 5501720.589348059147596, 511.0 ], [ 347707.49597045709379, 5501687.845584398135543, 516.0 ], [ 347722.968081827566493, 5501665.16058443300426, 518.0 ], [ 347784.579460060806014, 5501605.691020034253597, 523.0 ], [ 347815.464212895138189, 5501601.931923569180071, 525.0 ], [ 347834.085304588079453, 5501593.621848213486373, 527.0 ], [ 347866.534885172615759, 5501596.716847357340157, 529.0 ], [ 347928.971336344140582, 5501582.060882306657732, 533.0 ], [ 348048.763539319334086, 5501513.176167054101825, 540.0 ], [ 348125.010296813794412, 5501444.734359715133905, 547.0 ], [ 348075.243827041471377, 5501297.938980774022639, 554.0 ], [ 348145.655786392919254, 5501168.027009614743292, 564.0 ], [ 348257.168182971247006, 5501192.72022257745266, 572.0 ], [ 348239.154621698253322, 5501150.503039549104869, 572.0 ], [ 348244.441191133926623, 5501145.793810346163809, 571.0 ], [ 348354.974034055136144, 5501138.030683354474604, 572.0 ], [ 348375.915838322485797, 5501210.093306132592261, 572.0 ], [ 348506.686750134686008, 5501215.674213320948184, 568.0 ], [ 348542.704676498193294, 5501214.557363035157323, 566.0 ], [ 348570.383300713612698, 5501204.550810779444873, 564.0 ], [ 348596.861688154982403, 5501208.484438478946686, 563.0 ], [ 348642.803120922762901, 5501190.180992328561842, 559.0 ], [ 348672.469252251088619, 5501197.029870931990445, 556.0 ], [ 348749.411073814379051, 5501176.416496629826725, 549.0 ], [ 348786.500570220756344, 5501172.267596724443138, 547.0 ], [ 348828.079986503347754, 5501163.321260172873735, 544.0 ], [ 348860.296233405824751, 5501207.258294939063489, 543.0 ], [ 348935.904463970276993, 5501138.735133287496865, 538.0 ], [ 348987.491242984426208, 5500985.77394693158567, 531.0 ], [ 349025.969609676452819, 5500919.843320522457361, 528.0 ], [ 349061.641604477947112, 5500864.671256508678198, 524.0 ], [ 349153.551464133313857, 5500880.694383347406983, 517.0 ], [ 349257.31771662592655, 5500933.436425960622728, 511.0 ], [ 349330.892792226281017, 5500721.127478679642081, 512.0 ], [ 349456.355240208969917, 5500863.162111943587661, 508.0 ], [ 349479.629125426756218, 5500913.024571168236434, 507.0 ], [ 349564.22101763880346, 5501014.364826488308609, 504.0 ], [ 349631.317298982292414, 5501058.006698342971504, 501.0 ], [ 349712.340900508570485, 5501067.2206821590662, 496.0 ], [ 349842.262490060587879, 5501133.489190801978111, 487.0 ], [ 349954.418715780251659, 5501147.852731903083622, 486.0 ], [ 350097.235123251564801, 5501176.39022305700928, 482.0 ], [ 350124.278907277272083, 5501182.540641214698553, 482.0 ], [ 350177.341625384869985, 5501207.441511861048639, 482.0 ], [ 350195.789090466161724, 5501203.149594081565738, 482.0 ], [ 350236.329670504666865, 5501161.757604007609189, 482.0 ], [ 350241.806653255596757, 5501161.272670541889966, 482.0 ], [ 350243.204203665722162, 5501164.794117512181401, 482.0 ], [ 350316.422425531898625, 5501139.967240380123258, 485.0 ], [ 350335.508790146093816, 5501143.11197841539979, 487.0 ], [ 350350.218286518007517, 5501168.293874451890588, 489.0 ], [ 350379.181245174957439, 5501181.178899146616459, 491.0 ], [ 350435.983428439067211, 5501215.991664167493582, 490.0 ], [ 350450.210132874664851, 5501239.407103750854731, 488.0 ], [ 350465.91387338511413, 5501245.649286441504955, 487.0 ], [ 350479.842445316724479, 5501268.739260758273304, 485.0 ], [ 350477.981257402338088, 5501329.644583373330534, 477.0 ], [ 350489.835774005274288, 5501337.772918488830328, 476.0 ], [ 350490.650301678339019, 5501372.571880630217493, 471.0 ], [ 350521.765200451249257, 5501403.309626877307892, 466.0 ], [ 350558.61019333335571, 5501466.374823843128979, 463.0 ], [ 350550.496819946332835, 5501407.858081053942442, 463.0 ], [ 350525.955823512864299, 5501314.193784047849476, 471.0 ], [ 350531.158720107690897, 5501282.789060238748789, 472.0 ], [ 350540.274143201997504, 5501262.290354712866247, 472.0 ], [ 350565.199195632128976, 5501230.898651901632547, 472.0 ], [ 350606.439879345125519, 5501201.727801129221916, 466.0 ], [ 350644.766896600252949, 5501192.662551956251264, 461.0 ], [ 350668.36565380753018, 5501191.7904630349949, 460.0 ], [ 350684.504844613431487, 5501203.361299988813698, 462.0 ], [ 350694.851918397820555, 5501203.966546909883618, 463.0 ], [ 350732.966827576688956, 5501171.433962498791516, 467.0 ], [ 350740.884139250556473, 5501159.86862297449261, 467.0 ], [ 350743.653611616347916, 5501144.996154287829995, 467.0 ], [ 350741.644252074300312, 5501098.215089867822826, 467.0 ], [ 350732.105179486621637, 5501082.346234848722816, 467.0 ], [ 350707.169245869445149, 5501060.893518921919167, 466.0 ], [ 350684.308165324036963, 5501025.588776943273842, 465.0 ], [ 350617.814354764763266, 5500882.79368500597775, 464.0 ], [ 350590.926217761181761, 5500800.986274933442473, 466.0 ], [ 350592.346596949966624, 5500789.599634534679353, 467.0 ], [ 350605.244930592831224, 5500783.12573269661516, 469.0 ], [ 350619.211913666455075, 5500810.22002534661442, 472.0 ], [ 350639.720352355623618, 5500809.877968995831907, 474.0 ], [ 350659.005180726351682, 5500804.452156089246273, 477.0 ], [ 350713.753859622287564, 5500777.691819263622165, 486.0 ], [ 350808.63777567865327, 5500712.89338886551559, 499.0 ], [ 350877.066129010636359, 5500686.98243912961334, 502.0 ], [ 350909.08507113205269, 5500740.058848249725997, 505.0 ], [ 351094.234408199554309, 5500681.463712847791612, 527.0 ], [ 351273.515421766205691, 5500922.631182096898556, 541.0 ], [ 351329.348440656613093, 5500948.579721396788955, 545.0 ], [ 351358.982438984676264, 5500975.468970270827413, 547.0 ], [ 351371.756997519813012, 5500993.475206658244133, 550.0 ], [ 351392.528663986653555, 5501000.137472596950829, 552.0 ], [ 351419.031031836289912, 5501036.680258731357753, 556.0 ], [ 351437.935580364544876, 5501046.397556194104254, 559.0 ], [ 351460.464293244411238, 5501046.003240147605538, 561.0 ], [ 351508.301641240599565, 5501028.006389363668859, 567.0 ], [ 351556.232143543777056, 5501018.684880648739636, 570.0 ], [ 351585.086664796283003, 5501059.39154570363462, 573.0 ], [ 351606.942254994180985, 5501081.933618710376322, 574.0 ], [ 351599.696729372837581, 5501062.663149115629494, 575.0 ], [ 351617.839372882735915, 5501060.386961529962718, 576.0 ], [ 351677.80296794505557, 5501068.426091280765831, 580.0 ], [ 351705.105889280384872, 5501060.33732386212796, 584.0 ], [ 351765.511062546283938, 5501055.460436509922147, 591.0 ], [ 351819.787781408405863, 5501056.314053712412715, 596.0 ], [ 351848.092747044749558, 5501061.103551266714931, 598.0 ], [ 351858.123388865496963, 5501071.28708528727293, 599.0 ], [ 351894.88022808288224, 5501076.068556448444724, 601.0 ], [ 351938.075504397158511, 5500893.21993669681251, 608.0 ], [ 352012.481544968555681, 5500930.127213728614151, 612.0 ], [ 352022.276756007573567, 5500936.979997965507209, 612.0 ], [ 352006.581131505779922, 5500962.772844593040645, 612.0 ], [ 352026.336054820450954, 5500958.674085833132267, 612.0 ], [ 351999.309621951135341, 5501024.603120979852974, 612.0 ], [ 351987.706554157077335, 5501070.64297722093761, 611.0 ], [ 351991.392866112757474, 5501091.902225133031607, 611.0 ], [ 351974.294759076903574, 5501164.235556663945317, 608.0 ], [ 351961.683645640267059, 5501258.028856880031526, 607.0 ], [ 351964.458272313000634, 5501277.644233323633671, 607.0 ], [ 352011.610412480134983, 5501319.299964776262641, 607.0 ], [ 352022.065477111726068, 5501334.478398377075791, 607.0 ], [ 352023.424161893723067, 5501344.565000640228391, 606.0 ], [ 352044.974197882751469, 5501358.662117213942111, 606.0 ], [ 352284.159995265188627, 5501470.401785692200065, 596.0 ], [ 352284.868316048639826, 5501461.927589875645936, 596.0 ], [ 352331.0181818161509, 5501450.992543845437467, 597.0 ], [ 352356.919493438850623, 5501468.421113048680127, 597.0 ], [ 352396.979141717951279, 5501477.899645025841892, 598.0 ], [ 352425.73436327005038, 5501475.448614150285721, 600.0 ], [ 352444.500123616191559, 5501464.258293831720948, 600.0 ], [ 352466.713315954664722, 5501457.646730119362473, 601.0 ], [ 352493.23820134322159, 5501397.073701882734895, 598.0 ], [ 352523.675850879284553, 5501376.777697713114321, 595.0 ], [ 352546.25007430074038, 5501367.486702325753868, 592.0 ], [ 352598.046896916406695, 5501359.626714866608381, 586.0 ], [ 352628.062251441762783, 5501350.356395237147808, 583.0 ], [ 352657.198868340812624, 5501335.325193976983428, 579.0 ], [ 352684.307668064371683, 5501312.116838568821549, 575.0 ], [ 352714.182370834576432, 5501273.703763980418444, 570.0 ], [ 352751.195456389163155, 5501242.773263343609869, 567.0 ], [ 352769.982922597031575, 5501221.682453320361674, 564.0 ], [ 352790.75512464158237, 5501193.862967201508582, 563.0 ], [ 352812.308366501005366, 5501149.557643665932119, 562.0 ], [ 352845.238393516046926, 5501119.851106788963079, 561.0 ], [ 352866.429836092866026, 5501048.85629069339484, 558.0 ], [ 352884.947944356244989, 5501031.110686205327511, 558.0 ], [ 352897.281682406901382, 5501006.412937862798572, 558.0 ], [ 352898.32114490395179, 5500983.467642637901008, 558.0 ], [ 352910.986287890002131, 5500965.658333077095449, 557.0 ], [ 352912.022815086413175, 5500942.601876677013934, 556.0 ], [ 352918.215859375661239, 5500939.20780036598444, 555.0 ], [ 352921.300587185716722, 5500911.757152370177209, 553.0 ], [ 352916.47436196624767, 5500880.293520841747522, 551.0 ], [ 352919.201459686213639, 5500858.303725741803646, 549.0 ], [ 352932.953596442646813, 5500856.595992617309093, 549.0 ], [ 352947.715706119022798, 5500838.841204203665257, 547.0 ], [ 352927.806660073751118, 5500783.97926614806056, 544.0 ], [ 352913.776777099235915, 5500706.152170013636351, 539.0 ], [ 352914.129437043506186, 5500657.860958638601005, 538.0 ], [ 352908.623309195390902, 5500627.973237730562687, 537.0 ], [ 352918.761906391358934, 5500594.212768226861954, 536.0 ], [ 352943.940450343885459, 5500544.915002952329814, 535.0 ], [ 352948.511846980429254, 5500521.651542342267931, 534.0 ], [ 352946.027737687341869, 5500459.308742598630488, 533.0 ], [ 352949.64633932185825, 5500454.204527557827532, 533.0 ], [ 352942.195792722515762, 5500392.552553844638169, 530.0 ], [ 352945.702484615612775, 5500369.985442214645445, 528.0 ], [ 352933.966752978798468, 5500350.167582852765918, 525.0 ], [ 352928.015528062125668, 5500325.186821484006941, 522.0 ], [ 352931.149396876455285, 5500307.524716080166399, 520.0 ], [ 352960.10813883470837, 5500264.354562330059707, 519.0 ], [ 353029.705965848173946, 5500214.410257929004729, 516.0 ], [ 353053.921865834039636, 5500166.807950213551521, 514.0 ], [ 353077.49765377654694, 5500140.916419874876738, 512.0 ], [ 353085.210943091427907, 5500137.592679064720869, 511.0 ], [ 353095.484224588319194, 5500119.403702955693007, 510.0 ], [ 353129.348946830432396, 5500086.559068555943668, 510.0 ], [ 353197.87627157534007, 5500063.679259049706161, 517.0 ], [ 353204.085477667977102, 5500066.181256797164679, 517.0 ], [ 353209.731701044482179, 5500095.954161077737808, 517.0 ], [ 353207.71271866367897, 5500122.819452241063118, 516.0 ], [ 353279.094579781289212, 5500106.649556108750403, 512.0 ], [ 353291.191032522998285, 5500107.768774352036417, 512.0 ], [ 353403.313253785017878, 5500069.807383672334254, 509.0 ], [ 353436.994962581549771, 5500064.892815911211073, 508.0 ], [ 353514.095272798032966, 5500073.157319621182978, 499.0 ], [ 353551.667477351147681, 5500059.794913256540895, 493.0 ], [ 353603.882774319441523, 5500032.13187225908041, 489.0 ], [ 353692.200499964470509, 5500019.626870015636086, 481.0 ], [ 353723.814614046365023, 5499999.640231374651194, 478.0 ], [ 353743.272452728357166, 5499976.310197954066098, 477.0 ], [ 353737.745629084762186, 5499953.542226447723806, 476.0 ], [ 353726.99294793093577, 5499932.583799765445292, 476.0 ], [ 353779.953268978046253, 5499881.540592007339001, 475.0 ], [ 353781.961593276762869, 5499843.439994648098946, 475.0 ], [ 353767.632638395880349, 5499815.791760331019759, 474.0 ], [ 353763.85634664434474, 5499796.314016747288406, 474.0 ], [ 353748.189988490077667, 5499780.71654197294265, 473.0 ], [ 353738.378396999789402, 5499762.513905210420489, 472.0 ], [ 353744.020269469590858, 5499754.6858323905617, 472.0 ], [ 353736.39036653668154, 5499731.640787689015269, 472.0 ], [ 353736.937868623295799, 5499706.372948950156569, 473.0 ], [ 353725.094856467854697, 5499666.42064269259572, 474.0 ], [ 353726.137240137322806, 5499654.155374848283827, 475.0 ], [ 353713.822130477405153, 5499636.91021326277405, 475.0 ], [ 353726.434153230919037, 5499584.729206423275173, 471.0 ], [ 353753.028725505340844, 5499523.160505487583578, 466.0 ], [ 353787.407825848204084, 5499458.156127516180277, 460.0 ], [ 353782.941727935918607, 5499421.119933030568063, 461.0 ], [ 353775.688677200814709, 5499390.611135332845151, 463.0 ], [ 353765.076956285862252, 5499366.867638390511274, 464.0 ], [ 353709.722222252981737, 5499291.709869499318302, 467.0 ], [ 353696.351358777610585, 5499264.814677317626774, 466.0 ], [ 353661.504066002264153, 5499151.614450676366687, 457.0 ], [ 353663.751625485660043, 5499125.077075330540538, 455.0 ], [ 353696.826123135397211, 5499014.273648791946471, 448.0 ], [ 353696.723058049567044, 5498771.758082929998636, 437.0 ], [ 353722.20774650387466, 5498623.22433721832931, 428.0 ], [ 353704.652543560659979, 5498551.053083322010934, 430.0 ], [ 353674.651592749170959, 5498497.127984656020999, 431.0 ], [ 353669.110799896530807, 5498479.255299920216203, 431.0 ], [ 353662.128671379527077, 5498410.581634513102472, 428.0 ], [ 353635.934541870374233, 5498320.955115541815758, 424.0 ], [ 353622.663461259217001, 5498295.169803484342992, 423.0 ], [ 353637.23235406645108, 5498288.658539168536663, 422.0 ], [ 353642.255714881350286, 5498281.959584539756179, 422.0 ], [ 353642.550477176206186, 5498258.033562488853931, 421.0 ], [ 353636.783095208869781, 5498245.173118284903467, 421.0 ], [ 353655.983783262607176, 5498212.060326968319714, 420.0 ], [ 353658.559201942931395, 5498168.159668706357479, 419.0 ], [ 353653.65746535663493, 5498139.145087727345526, 418.0 ], [ 353638.386753973551095, 5498122.313362845219672, 418.0 ], [ 353625.71642892784439, 5497976.69899005908519, 424.0 ], [ 353626.593442689161748, 5497966.32939794100821, 426.0 ], [ 353637.943586082197726, 5497955.677552308887243, 427.0 ], [ 353667.73970738099888, 5497940.190072728320956, 424.0 ], [ 353644.261402455624193, 5497876.299572414718568, 415.0 ], [ 353638.581552985240705, 5497834.512591472826898, 411.0 ], [ 353673.548447821172886, 5497753.361503637395799, 404.0 ], [ 353692.956672349362634, 5497692.987926680594683, 400.0 ], [ 353683.92349372850731, 5497679.659160982817411, 399.0 ], [ 353708.914301270153373, 5497668.195074245333672, 399.0 ], [ 353734.662009770865552, 5497647.254758417606354, 398.0 ], [ 353772.949052908224985, 5497640.995274272747338, 398.0 ], [ 353828.843906723195687, 5497609.454198711551726, 404.0 ], [ 353814.274638795643114, 5497586.484514101408422, 406.0 ] ] ] } },
{ "type": "Feature", "properties": { "name": "Saar-Hunsrück-Steig - 09. Etappe: Nonnweiler – Börfink/Einschieder Hof", "km": 13.696, "darstell": "F1", "datum": null, "height": 366, "link": "https://www.saar-hunsrueck-steig.de/tour/saar-hunsrueck-steig-09.-etappe-nonnweiler-boerfinkeinschieder-hof-9790929d40" }, "geometry": { "type": "MultiLineString", "coordinates": [ [ [ 353795.15495441085659, 5497560.967427515424788, 410.0 ], [ 353804.275644968904089, 5497572.180331106297672, 409.0 ], [ 353814.804643247567583, 5497565.889633840881288, 409.0 ], [ 353852.196550858090632, 5497606.934609123505652, 408.0 ], [ 353891.001514750358183, 5497636.038429819978774, 411.0 ], [ 353929.917544154101051, 5497647.785071927122772, 415.0 ], [ 353938.371732288971543, 5497647.668966797180474, 416.0 ], [ 353927.036919081117958, 5497599.804063696414232, 423.0 ], [ 354000.712494484032504, 5497624.63358358386904, 434.0 ], [ 353988.683607185026631, 5497604.710082578472793, 437.0 ], [ 353991.384152099664789, 5497600.298877774737775, 438.0 ], [ 354016.658533103531227, 5497620.867589949630201, 442.0 ], [ 354044.813850946549792, 5497622.224619880318642, 445.0 ], [ 354031.077567093539983, 5497592.557232138700783, 449.0 ], [ 354053.468761967029423, 5497597.295364980585873, 451.0 ], [ 354070.672409574501216, 5497610.738925788551569, 454.0 ], [ 354078.735061741550453, 5497612.191009522415698, 454.0 ], [ 354086.055596537422389, 5497607.544493388384581, 455.0 ], [ 354124.598419265705161, 5497645.77916057780385, 459.0 ], [ 354145.702278287149966, 5497659.118197165429592, 460.0 ], [ 354157.363339035131503, 5497678.829399296082556, 461.0 ], [ 354170.362103102146648, 5497691.829931247979403, 462.0 ], [ 354235.425040456582792, 5497740.589216922409832, 465.0 ], [ 354257.381607355142478, 5497772.261396559886634, 466.0 ], [ 354308.525600334105548, 5497824.954881212674081, 469.0 ], [ 354409.931556908646598, 5497897.549222493544221, 481.0 ], [ 354450.83714660158148, 5497918.924530633725226, 484.0 ], [ 354560.205103931832127, 5497951.593338227830827, 488.0 ], [ 354618.659958789823577, 5497956.258028388954699, 488.0 ], [ 354674.261091977241449, 5498010.949086875654757, 486.0 ], [ 354790.083130246261135, 5498136.451123668812215, 467.0 ], [ 354790.866034786915407, 5498144.106147561222315, 467.0 ], [ 354807.903552012285218, 5498148.767917321063578, 468.0 ], [ 354826.354667462524958, 5498146.828452004119754, 469.0 ], [ 354848.92540025152266, 5498136.769247874617577, 470.0 ], [ 354876.669377880636603, 5498109.328815107233822, 472.0 ], [ 354880.619740055059083, 5498094.872560660354793, 472.0 ], [ 354878.794555439148098, 5498013.044523726217449, 476.0 ], [ 354900.508993328898214, 5497933.034947689622641, 479.0 ], [ 354913.071440791827627, 5497905.4441609820351, 480.0 ], [ 354942.518858511815779, 5497882.185970743186772, 482.0 ], [ 354974.821076049178373, 5497862.967806405387819, 483.0 ], [ 354994.371416886686347, 5497885.918603951111436, 483.0 ], [ 354995.096654140390456, 5497894.131409555673599, 483.0 ], [ 354977.955660188919865, 5497915.392000626772642, 482.0 ], [ 354979.112311773234978, 5497920.812147088348866, 482.0 ], [ 355042.47193766606506, 5497981.974379235878587, 483.0 ], [ 355068.00562870077556, 5498001.650840589776635, 484.0 ], [ 355075.754733031149954, 5498002.222767919301987, 484.0 ], [ 355105.215338619775139, 5497968.619284778833389, 487.0 ], [ 355177.984736405138392, 5497848.758254137821496, 492.0 ], [ 355286.717200786166359, 5497874.005043003708124, 497.0 ], [ 355310.343852637568489, 5497876.379179487936199, 498.0 ], [ 355311.104149895953014, 5497885.92601397074759, 499.0 ], [ 355373.253087703022175, 5497947.90291353687644, 508.0 ], [ 355394.186178937379736, 5497963.142321651801467, 511.0 ], [ 355422.079492948832922, 5497919.459080628119409, 517.0 ], [ 355441.051533956546336, 5497899.041191464290023, 520.0 ], [ 355460.141450124559924, 5497923.785745203495026, 524.0 ], [ 355503.743602323578671, 5497954.330348462797701, 531.0 ], [ 355659.693013811600395, 5497955.968150993809104, 543.0 ], [ 355695.483176315552555, 5497964.584126339294016, 545.0 ], [ 355743.938968996866606, 5497992.887966281734407, 551.0 ], [ 355708.642327190376818, 5498032.761338870972395, 557.0 ], [ 355670.582021610811353, 5498039.334936683997512, 561.0 ], [ 355642.46907786547672, 5498055.767674207687378, 565.0 ], [ 355605.085634067188948, 5498063.324954660609365, 569.0 ], [ 355582.395485997316428, 5498074.385322324931622, 572.0 ], [ 355591.683805554173887, 5498102.950787344016135, 576.0 ], [ 355573.620057531050406, 5498143.924340127035975, 583.0 ], [ 355573.786008627794217, 5498174.62355637550354, 589.0 ], [ 355581.898406540160067, 5498188.869668450206518, 592.0 ], [ 355609.997971890843473, 5498204.586736898869276, 597.0 ], [ 355613.496357141295448, 5498213.838302032090724, 599.0 ], [ 355612.846572658396326, 5498238.329481054097414, 602.0 ], [ 355603.344798323814757, 5498291.423513044603169, 606.0 ], [ 355603.322491110069677, 5498508.018228546716273, 603.0 ], [ 355601.152031353034545, 5498535.108501143753529, 601.0 ], [ 355582.218266829499044, 5498605.807701022364199, 594.0 ], [ 355650.519072719151154, 5498611.444955999031663, 605.0 ], [ 355662.941716073080897, 5498602.993833385407925, 607.0 ], [ 355686.353546490659937, 5498570.221739762462676, 614.0 ], [ 355702.371243048110045, 5498563.78882357571274, 616.0 ], [ 355751.184064498287626, 5498554.037251741625369, 622.0 ], [ 355801.505022135563195, 5498549.363341185264289, 624.0 ], [ 355818.268519747885875, 5498538.349929952062666, 625.0 ], [ 355836.723695575608872, 5498514.832235865294933, 625.0 ], [ 355860.588748655281961, 5498509.97138330899179, 625.0 ], [ 355889.239636094891466, 5498508.432210407219827, 622.0 ], [ 355939.966642469284125, 5498521.770481386221945, 616.0 ], [ 355959.703543898009229, 5498532.927588238380849, 617.0 ], [ 355952.413952997070737, 5498552.366306073963642, 619.0 ], [ 355931.488307095947675, 5498580.843909591436386, 622.0 ], [ 355898.2001953846775, 5498611.874572592787445, 625.0 ], [ 355857.447211974184029, 5498636.651418001390994, 624.0 ], [ 355874.100055444869213, 5498681.374778758734465, 624.0 ], [ 355930.381455727561843, 5498669.869112934917212, 628.0 ], [ 355948.468563997244928, 5498676.063917901366949, 630.0 ], [ 356106.917228812642861, 5498865.539520637132227, 637.0 ], [ 356164.742620265169535, 5498939.65365821775049, 642.0 ], [ 356198.417312733770814, 5498972.357507705688477, 646.0 ], [ 356255.149374565575272, 5499018.912817634642124, 651.0 ], [ 356280.764364709262736, 5499058.393964502029121, 654.0 ], [ 356293.130615445203148, 5499088.770111942663789, 658.0 ], [ 356300.697745041805319, 5499098.91555677447468, 660.0 ], [ 356358.70908775832504, 5499131.087456264533103, 669.0 ], [ 356425.550678959931247, 5499133.769123010337353, 675.0 ], [ 356441.270286154816858, 5499140.695554810576141, 677.0 ], [ 356454.445677134091966, 5499155.253921128809452, 679.0 ], [ 356457.154135986813344, 5499178.432389561086893, 681.0 ], [ 356454.88294905773364, 5499201.853769683279097, 683.0 ], [ 356464.197854033554904, 5499226.192495136521757, 686.0 ], [ 356500.40605821122881, 5499248.262866565026343, 689.0 ], [ 356572.297186116105877, 5499321.786677346564829, 692.0 ], [ 356606.60751702869311, 5499345.910252316854894, 692.0 ], [ 356722.927680086344481, 5499454.750629116781056, 697.0 ], [ 356749.749736964004114, 5499485.41361693944782, 698.0 ], [ 356764.405329683911987, 5499493.147710670717061, 699.0 ], [ 356785.344426496245433, 5499511.729234387166798, 700.0 ], [ 357052.833845528191887, 5499758.426099295727909, 690.0 ], [ 357422.060233174473979, 5500207.149979989044368, 684.0 ], [ 357472.841797802015208, 5500259.101829305291176, 681.0 ], [ 357814.43764898146037, 5500640.16076520178467, 666.0 ], [ 357902.016803302918561, 5500729.308698588050902, 667.0 ], [ 357926.718110944901127, 5500759.476301032118499, 667.0 ], [ 357980.762468925910071, 5500845.387526756152511, 666.0 ], [ 358003.109171594143845, 5500873.948419968597591, 664.0 ], [ 358029.491832873318344, 5500899.400222529657185, 661.0 ], [ 358051.064669136714656, 5500914.966078513301909, 660.0 ], [ 358149.2119135070825, 5500966.574715477414429, 653.0 ], [ 358320.631793322507292, 5501074.562563815154135, 659.0 ], [ 358569.395519123994745, 5501220.919920689426363, 682.0 ], [ 358628.843944596941583, 5501262.532720828428864, 682.0 ], [ 358734.310134826228023, 5501401.508756811730564, 685.0 ], [ 358767.745918804896064, 5501423.442959350533783, 685.0 ], [ 358784.22748263750691, 5501443.371324050240219, 685.0 ], [ 358882.56075942912139, 5501511.117857104167342, 684.0 ], [ 358915.631772697903216, 5501541.294359708204865, 686.0 ], [ 358961.536377118900418, 5501590.048608505167067, 687.0 ], [ 359039.901291591464542, 5501717.831758042797446, 690.0 ], [ 359140.75542432104703, 5501824.563230180181563, 686.0 ], [ 359304.358760864008218, 5502056.262195031158626, 679.0 ], [ 359326.243020079797134, 5502187.183024262078106, 673.0 ], [ 359326.138873414485715, 5502194.305237200111151, 673.0 ], [ 359303.81183037685696, 5502207.788502189330757, 670.0 ], [ 359341.024252887757029, 5502253.100109234452248, 661.0 ], [ 359355.375827034353279, 5502296.891137531027198, 655.0 ], [ 359386.100050341919996, 5502359.391355962492526, 652.0 ], [ 359392.737952743074857, 5502398.154076802544296, 652.0 ], [ 359390.929316746245604, 5502437.024551033973694, 653.0 ], [ 359400.253554027061909, 5502573.833399886265397, 648.0 ], [ 359254.0219182606088, 5502982.883291842415929, 603.0 ], [ 359241.965188096975908, 5503027.470819743350148, 605.0 ], [ 359070.570271749515086, 5503461.876342196948826, 596.0 ], [ 359054.648398628691211, 5503490.990912241861224, 596.0 ], [ 359271.399597745505162, 5503702.394658702425659, 610.0 ], [ 359545.234396720072255, 5503977.626350921578705, 602.0 ], [ 359677.680836763349362, 5504104.683434620499611, 588.0 ], [ 359753.71242672635708, 5504110.725102178752422, 582.0 ], [ 359782.22907814005157, 5504119.109204238280654, 580.0 ], [ 359840.438016605796292, 5504150.642670442350209, 575.0 ], [ 359862.284547299728729, 5504166.31916755437851, 571.0 ], [ 359912.198888662969694, 5504223.319812029600143, 563.0 ], [ 359989.252983073005453, 5504296.973509953357279, 554.0 ], [ 360034.037500525591895, 5504328.744485120289028, 549.0 ], [ 360103.743524493998848, 5504349.971939930692315, 549.0 ], [ 360162.323109141085297, 5504382.055321596562862, 550.0 ], [ 360271.446428218623623, 5504414.615866472944617, 550.0 ], [ 360311.937603447237052, 5504445.164812276139855, 546.0 ], [ 360335.326196439564228, 5504456.353687729686499, 544.0 ], [ 360378.811358281876892, 5504460.239145522937179, 539.0 ], [ 360399.759537938109133, 5504466.374035191722214, 537.0 ], [ 360450.592446203692816, 5504506.113148431293666, 534.0 ], [ 360555.628307726467028, 5504525.880438366904855, 536.0 ], [ 360655.949640023289248, 5504575.694941148161888, 539.0 ], [ 360709.817913585342467, 5504593.221241532824934, 540.0 ], [ 360708.480895044631325, 5504608.606944933533669, 540.0 ], [ 360712.401409199810587, 5504634.75919627211988, 540.0 ], [ 360708.664857005816884, 5504725.294658716768026, 538.0 ], [ 360714.182342823245563, 5504757.412913080304861, 536.0 ], [ 360778.869409554987215, 5504816.822311509400606, 533.0 ], [ 360727.277020918787457, 5504856.8600935023278, 538.0 ], [ 360680.567242192337289, 5504921.134797164238989, 545.0 ], [ 360760.411448543891311, 5505039.557276812382042, 544.0 ], [ 360789.554635389707983, 5505109.113187583163381, 542.0 ], [ 360810.239348470873665, 5505172.545733475126326, 540.0 ], [ 360840.650321516208351, 5505243.737931994721293, 540.0 ], [ 360855.312262762687169, 5505266.610881763510406, 539.0 ], [ 360883.267199938592967, 5505326.519714901223779, 538.0 ], [ 360919.864897463470697, 5505326.692580698989332, 539.0 ], [ 360857.856536950857844, 5505374.116168957203627, 544.0 ], [ 360860.630141355330124, 5505380.941920790821314, 544.0 ] ] ] } },
{ "type": "Feature", "properties": { "name": "Saar-Hunsrück-Steig - 10. Etappe: Börfink – Erbeskopf (Thalfang) – Morbach", "km": 29.596, "darstell": "F2", "datum": null, "height": 576, "link": "https://www.saar-hunsrueck-steig.de/tour/saar-hunsrueck-steig-10.-etappe-boerfink-erbeskopf-thalfang-morbach-94032deca7" }, "geometry": { "type": "MultiLineString", "coordinates": [ [ [ 360863.229775335988961, 5505369.751001520082355, 0.0 ], [ 360857.856536950857844, 5505374.116168957203627, 0.0 ], [ 360789.581973495951388, 5505469.757923906669021, 0.0 ], [ 360776.493598979664966, 5505533.390766103751957, 0.0 ], [ 360759.093696920084767, 5505580.89317490067333, 0.0 ], [ 360758.136211273143999, 5505602.609922531992197, 0.0 ], [ 360754.135478893353138, 5505657.55493092443794, 0.0 ], [ 360755.306003567820881, 5505672.20875792298466, 0.0 ], [ 360755.414669312129263, 5505687.668569706380367, 0.0 ], [ 360756.153922746307217, 5505708.006811968050897, 0.0 ], [ 360735.233353434421588, 5505728.011872141622007, 0.0 ], [ 360743.349610966513865, 5505782.645439607091248, 0.0 ], [ 360739.544971432886086, 5505839.587800516746938, 0.0 ], [ 360751.38815042382339, 5505859.529374463483691, 0.0 ], [ 360749.967194083787035, 5505924.976082252338529, 0.0 ], [ 360731.00068312860094, 5505956.388883910141885, 0.0 ], [ 360706.316039869328961, 5505978.715720428153872, 0.0 ], [ 360702.538605987094343, 5506008.625674856826663, 0.0 ], [ 360677.408594681532122, 5506024.845808727666736, 0.0 ], [ 360646.043420272180811, 5506034.329464669339359, 0.0 ], [ 360525.092701298650354, 5506028.765431023202837, 0.0 ], [ 360435.15575499512488, 5505991.702127943746746, 0.0 ], [ 360361.989063134416938, 5505975.343962866812944, 0.0 ], [ 360300.373494638246484, 5505953.571724944747984, 0.0 ], [ 360259.146978645818308, 5506008.810034318827093, 0.0 ], [ 360235.790049859089777, 5506020.981810479424894, 0.0 ], [ 360224.363002897298429, 5506143.086991682648659, 0.0 ], [ 360167.73934683506377, 5506227.980199822224677, 0.0 ], [ 360153.342499110614881, 5506268.510388710536063, 0.0 ], [ 360144.914973704726435, 5506302.656920368783176, 0.0 ], [ 360136.767281839391217, 5506406.322781729511917, 0.0 ], [ 360106.065680326370057, 5506488.878893487155437, 0.0 ], [ 360117.812238723039627, 5506530.180203619413078, 0.0 ], [ 360128.54486535594333, 5506535.020179100334644, 0.0 ], [ 360113.942552726133727, 5506567.546388581395149, 0.0 ], [ 360041.523986316169612, 5506630.155744188465178, 0.0 ], [ 360130.237708141794428, 5506656.453279652632773, 0.0 ], [ 360262.244475788029376, 5506730.247966048307717, 0.0 ], [ 360338.028585218824446, 5506786.917846266180277, 0.0 ], [ 360420.172883740859106, 5506849.654360776767135, 0.0 ], [ 360501.607454317272641, 5506887.714549258351326, 0.0 ], [ 360549.87412522197701, 5506957.555226232856512, 0.0 ], [ 360588.915202554722782, 5507030.63732086867094, 0.0 ], [ 360656.502939532569144, 5507130.795551769435406, 0.0 ], [ 360655.509001921163872, 5507030.480729890987277, 0.0 ], [ 360618.81407557905186, 5506927.969886912964284, 0.0 ], [ 360574.805252779915463, 5506844.113737515173852, 0.0 ], [ 360542.124529524240643, 5506777.097476329654455, 0.0 ], [ 360526.775974015472457, 5506721.87164294719696, 0.0 ], [ 360568.687958029797301, 5506727.022008046507835, 0.0 ], [ 360600.210294481948949, 5506746.234129196032882, 0.0 ], [ 360690.429477925412357, 5506763.93624262791127, 0.0 ], [ 360756.869297302619088, 5506757.66669321525842, 0.0 ], [ 360826.009122140472755, 5506797.493972878903151, 0.0 ], [ 360855.58952360204421, 5506802.963432911783457, 0.0 ], [ 360859.364264275180176, 5506829.119536299258471, 0.0 ], [ 360907.274733107420616, 5506888.070656109601259, 0.0 ], [ 360948.461372215126175, 5506924.05650130007416, 0.0 ], [ 361000.266594158427324, 5506952.094391283579171, 0.0 ], [ 361046.18996420368785, 5506930.892337534576654, 0.0 ], [ 361095.014700160128996, 5506901.829350970685482, 0.0 ], [ 361133.781193522561807, 5506905.396056077443063, 0.0 ], [ 361172.742274114803877, 5506913.741437720134854, 0.0 ], [ 361219.269220706657507, 5506856.928117478266358, 0.0 ], [ 361241.895560343633406, 5506833.210094740614295, 0.0 ], [ 361290.846539181424305, 5506811.82138984836638, 0.0 ], [ 361366.468638682272285, 5506800.651998306624591, 0.0 ], [ 361404.763322550221346, 5506785.766669848002493, 0.0 ], [ 361449.418860520003363, 5506776.948403363116086, 0.0 ], [ 361492.557392641319893, 5506768.058067033067346, 0.0 ], [ 361519.800282026815694, 5506744.22321053314954, 0.0 ], [ 361545.58878858492244, 5506722.761749611236155, 0.0 ], [ 361579.614221465832088, 5506659.374436289072037, 0.0 ], [ 361636.355988815135788, 5506637.789872942492366, 0.0 ], [ 361686.258428345317952, 5506653.53511347156018, 0.0 ], [ 361741.279109485214576, 5506686.05878084897995, 0.0 ], [ 361779.598984623036813, 5506731.468182895332575, 0.0 ], [ 361836.363528859103099, 5506770.177749757654965, 0.0 ], [ 361883.745870831422508, 5506806.012398633174598, 0.0 ], [ 361941.314653919427656, 5506816.892261674627662, 0.0 ], [ 362005.890603493433446, 5506799.783958693966269, 0.0 ], [ 362078.850726626231335, 5506808.715743626467884, 0.0 ], [ 362144.488318728050217, 5506833.297353046014905, 0.0 ], [ 362266.687387049605604, 5506888.811941541731358, 0.0 ], [ 362356.932943567750044, 5506905.094641394913197, 0.0 ], [ 362459.897811574628577, 5506936.406949051655829, 0.0 ], [ 362566.119979673647322, 5506973.867957080714405, 0.0 ], [ 362678.933538697543554, 5507026.626237190328538, 0.0 ], [ 362749.111501897103153, 5507108.166053248569369, 0.0 ], [ 362809.748372174450196, 5507177.711992121301591, 0.0 ], [ 362860.928750490711536, 5507244.272074650973082, 0.0 ], [ 362931.258876398263965, 5507332.039631899446249, 0.0 ], [ 362995.849265835888218, 5507435.415617811493576, 0.0 ], [ 363059.741008031996898, 5507514.114662376232445, 0.0 ], [ 363122.087749358499423, 5507654.480421281419694, 0.0 ], [ 363111.397845229890663, 5507719.603632836602628, 0.0 ], [ 363122.967385054915212, 5507811.974083352833986, 0.0 ], [ 363149.951497087953612, 5507897.72543862182647, 0.0 ], [ 363181.555344209191389, 5507986.474868645891547, 0.0 ], [ 363193.180180061259307, 5508015.437214649282396, 0.0 ], [ 363142.49024183943402, 5508030.623454933986068, 0.0 ], [ 363112.804053211933933, 5508020.583731127902865, 0.0 ], [ 363093.508486882667057, 5508053.442551066167653, 0.0 ], [ 363074.722115012817085, 5508106.423040718771517, 0.0 ], [ 363041.477078294148669, 5508138.188807620666921, 0.0 ], [ 363022.339929969632067, 5508177.273368767462671, 0.0 ], [ 362996.806425181275699, 5508208.73307643737644, 0.0 ], [ 362977.51229217578657, 5508241.592343379743397, 0.0 ], [ 362964.263250741874799, 5508268.180437267757952, 0.0 ], [ 362921.625782634597272, 5508233.774328658357263, 0.0 ], [ 362886.309980886173435, 5508183.72066880390048, 0.0 ], [ 362847.62044440646423, 5508122.962375294417143, 0.0 ], [ 362851.335806246323045, 5508087.382570877671242, 0.0 ], [ 362837.764361753186677, 5508041.450428011827171, 0.0 ], [ 362814.533854282344691, 5507978.743297485634685, 0.0 ], [ 362781.143382411857601, 5507882.365443672053516, 0.0 ], [ 362755.167846883297898, 5507836.63664138969034, 0.0 ], [ 362712.565242660522927, 5507803.788480410352349, 0.0 ], [ 362587.06930224923417, 5507799.296688737347722, 0.0 ], [ 362469.676937097741757, 5507809.953140158206224, 0.0 ], [ 362366.58787477191072, 5507832.707475655712187, 0.0 ], [ 362281.599474122747779, 5507840.986989089287817, 0.0 ], [ 362242.170337181072682, 5507811.065178507938981, 0.0 ], [ 362199.369020477810409, 5507770.55034357868135, 0.0 ], [ 362099.052381284651347, 5507723.713615272194147, 0.0 ], [ 361991.56207997869933, 5507695.527538474649191, 0.0 ], [ 361917.500947826483753, 5507705.202774443663657, 0.0 ], [ 361898.211184642743319, 5507738.06594867631793, 0.0 ], [ 361844.529065933369566, 5507819.751681384630501, 0.0 ], [ 361709.145777280558832, 5507911.200061061419547, 0.0 ], [ 361514.139616286207456, 5507854.445841488428414, 0.0 ], [ 361267.507415226660669, 5507894.689016191288829, 0.0 ], [ 360973.797237171034794, 5508152.295609209686518, 0.0 ], [ 360887.810328279738314, 5508177.642979839816689, 0.0 ], [ 360740.721929238410667, 5508292.667161583900452, 0.0 ], [ 360730.897670918726362, 5508320.174275660887361, 0.0 ], [ 360695.397542070713826, 5508367.475806557573378, 0.0 ], [ 360676.899244412779808, 5508413.894993733614683, 0.0 ], [ 360701.457726519787684, 5508457.203666162677109, 0.0 ], [ 360711.37540128355613, 5508464.179197681136429, 0.0 ], [ 360745.881057366612367, 5508563.29822205286473, 0.0 ], [ 360724.20972320495639, 5508660.191704760305583, 0.0 ], [ 360695.19183182832785, 5508659.381087224930525, 0.0 ], [ 360639.076230324688368, 5508673.507304227910936, 0.0 ], [ 360611.231450270977803, 5508659.429078393615782, 0.0 ], [ 360578.346735798404552, 5508659.719852483831346, 0.0 ], [ 360559.682211100473069, 5508646.406596476212144, 0.0 ], [ 360537.871676925802603, 5508650.973268369212747, 0.0 ], [ 360439.512654835998546, 5508643.719196816906333, 0.0 ], [ 360486.888182296068408, 5509295.047228638082743, 0.0 ], [ 360669.693352954403963, 5509551.646158587187529, 0.0 ], [ 360770.352556110708974, 5509648.95093291066587, 0.0 ], [ 360800.447352667164523, 5509686.221557029522955, 0.0 ], [ 360860.309505130164325, 5509722.837999157607555, 0.0 ], [ 360902.304941594949923, 5509765.810213918797672, 0.0 ], [ 361016.048106839181855, 5509856.219568639062345, 0.0 ], [ 361315.482489992224146, 5510033.86525977961719, 0.0 ], [ 361360.984672845923342, 5510014.121608264744282, 0.0 ], [ 361367.732937419204973, 5510004.493108016438782, 0.0 ], [ 361364.831446785712615, 5509981.317867368459702, 0.0 ], [ 361225.780020809383132, 5509823.247947657480836, 0.0 ], [ 361197.158849137136713, 5509787.049731222912669, 0.0 ], [ 361192.700882776465733, 5509770.70025694090873, 0.0 ], [ 361196.47877667756984, 5509754.918191500939429, 0.0 ], [ 361216.046439718571492, 5509736.172525629401207, 0.0 ], [ 361270.306745576905087, 5509703.521979069337249, 0.0 ], [ 361320.90500387956854, 5509685.538571711629629, 0.0 ], [ 361501.894534898980055, 5509808.497197491116822, 0.0 ], [ 361709.483739345218055, 5509928.556729772128165, 0.0 ], [ 361861.324858356325421, 5510014.894647588022053, 0.0 ], [ 362077.369475558865815, 5510122.181445631198585, 0.0 ], [ 362100.452299702446908, 5510136.610608005896211, 0.0 ], [ 362108.537578504474368, 5510156.761699610389769, 0.0 ], [ 362121.834908501885366, 5510169.215545822866261, 0.0 ], [ 362163.192896057735197, 5510176.393499091267586, 0.0 ], [ 362180.026511216768995, 5510183.306554475799203, 0.0 ], [ 362188.708722017996479, 5510195.766890214756131, 0.0 ], [ 362218.041337555041537, 5510195.130984053015709, 0.0 ], [ 362252.396452930406667, 5510210.497338349930942, 0.0 ], [ 362332.8662094961619, 5510283.981768331490457, 0.0 ], [ 362315.192342881695367, 5510408.354349175468087, 0.0 ], [ 362293.968459286203142, 5510410.229489979334176, 0.0 ], [ 362282.811070028459653, 5510427.978417315520346, 0.0 ], [ 362275.303434639703482, 5510481.454156048595905, 0.0 ], [ 362253.124285320809577, 5510505.268339929170907, 0.0 ], [ 362255.517162272240967, 5510522.783541362732649, 0.0 ], [ 362236.763840375235304, 5510531.048015965148807, 0.0 ], [ 362216.821718767692801, 5510554.916635373607278, 0.0 ], [ 362168.91869426833, 5510630.33508347067982, 0.0 ], [ 362160.448524412349798, 5510654.467838905751705, 0.0 ], [ 362111.583373662666418, 5510726.017945041880012, 0.0 ], [ 362110.6151097380789, 5510738.946646950207651, 0.0 ], [ 362093.90061028447235, 5510753.611696020700037, 0.0 ], [ 361935.785220877733082, 5510985.468408900313079, 0.0 ], [ 361932.204331261920743, 5511003.358500364236534, 0.0 ], [ 361950.200080771232024, 5511024.813752382993698, 0.0 ], [ 361933.458711465587839, 5511052.495332694612443, 0.0 ], [ 361963.127800060901791, 5511070.871587880887091, 0.0 ], [ 361822.856132997083478, 5511278.137452858500183, 0.0 ], [ 361802.750288133276626, 5511258.738904980942607, 0.0 ], [ 361652.714391321584117, 5511484.058004467748106, 0.0 ], [ 361647.329024172737263, 5511515.899784252047539, 0.0 ], [ 361664.067371837096289, 5511522.034842073917389, 0.0 ], [ 361642.369460773305036, 5511567.19804977811873, 0.0 ], [ 361656.653556547593325, 5511638.027542914263904, 0.0 ], [ 361751.557882651919499, 5511833.833654402755201, 0.0 ], [ 361773.465671697049402, 5511861.751518998295069, 0.0 ], [ 361804.751710836193524, 5511940.712338319979608, 0.0 ], [ 361896.503066175442655, 5511897.764692821539938, 0.0 ], [ 361962.665040107443929, 5511874.60549773555249, 0.0 ], [ 362056.62645055615576, 5511830.603077351115644, 0.0 ], [ 362081.600600642501377, 5511812.056070491671562, 0.0 ], [ 362092.865167592186481, 5511818.443260866217315, 0.0 ], [ 362119.083373283792753, 5511809.09776992443949, 0.0 ], [ 362160.045805674395524, 5511775.793281902559102, 0.0 ], [ 362186.318579863815103, 5511774.233657171949744, 0.0 ], [ 362211.256986509659328, 5511759.915374448522925, 0.0 ], [ 362145.513020822079852, 5511844.799914916045964, 0.0 ], [ 362062.42368205206003, 5511902.428627017885447, 0.0 ], [ 362007.263771339436062, 5511961.236919048242271, 0.0 ], [ 361982.868404645705596, 5512005.243934732861817, 0.0 ], [ 361914.511159298708662, 5512091.978186468593776, 0.0 ], [ 361840.244466797681525, 5512136.369955601170659, 0.0 ], [ 361810.898807874764316, 5512178.390759820118546, 0.0 ], [ 361836.839451816631481, 5512189.296949129551649, 0.0 ], [ 361830.498646678344812, 5512217.603240235708654, 0.0 ], [ 361806.682551649631932, 5512244.687578255310655, 0.0 ], [ 361773.624987381044775, 5512299.373876364901662, 0.0 ], [ 361747.551573910866864, 5512381.914828220382333, 0.0 ], [ 361700.91455271479208, 5512474.882548918947577, 0.0 ], [ 361692.115391437080689, 5512508.480341398157179, 0.0 ], [ 361680.776147878845222, 5512530.128982243128121, 0.0 ], [ 361642.074541594134644, 5512566.939407889731228, 0.0 ], [ 361625.377375252079219, 5512612.976148122921586, 0.0 ], [ 361607.699493132997304, 5512617.878390284255147, 0.0 ], [ 361581.802783484105021, 5512600.186450324952602, 0.0 ], [ 361562.66320096119307, 5512598.674209001474082, 0.0 ], [ 361533.704020140110515, 5512607.759098692797124, 0.0 ], [ 361508.074167447921354, 5512631.442853255197406, 0.0 ], [ 361482.186937018064782, 5512639.448146141134202, 0.0 ], [ 361462.906236299255397, 5512638.051120879128575, 0.0 ], [ 361467.050336527463514, 5512664.754356486722827, 0.0 ], [ 361462.920633338508196, 5512677.986807762645185, 0.0 ], [ 361471.173226009821519, 5512685.006073659285903, 0.0 ], [ 361424.153949350991752, 5512709.349695592187345, 0.0 ], [ 361387.417865569703281, 5512713.072652167640626, 0.0 ], [ 361380.051424613106064, 5512720.937291891314089, 0.0 ], [ 361296.448977344552986, 5512707.174163515679538, 0.0 ], [ 361238.163513896404766, 5512680.080686083063483, 0.0 ], [ 361216.197747956030071, 5512677.974770727567375, 0.0 ], [ 361112.131792584317736, 5512689.769497723318636, 0.0 ], [ 361081.184876261861064, 5512702.80143647454679, 0.0 ], [ 361076.843508484016638, 5512713.369837024249136, 0.0 ], [ 361092.31941678392468, 5512774.266932340338826, 0.0 ], [ 361180.343073998694308, 5512915.286333504132926, 0.0 ], [ 361250.10486899811076, 5512988.02774497307837, 0.0 ], [ 361327.187894639966544, 5513051.237751588225365, 0.0 ], [ 361360.075157069251873, 5513125.149147515185177, 0.0 ], [ 361358.209532814915292, 5513142.328376711346209, 0.0 ], [ 361309.23105319601018, 5513208.105769534595311, 0.0 ], [ 361292.791495308978483, 5513258.364413193427026, 0.0 ], [ 361250.887586288794409, 5513588.385101221501827, 0.0 ], [ 361251.395054657419678, 5513756.905043868348002, 0.0 ], [ 361375.612329619005322, 5513694.313358069397509, 0.0 ], [ 361431.920567968045361, 5513672.845483939163387, 0.0 ], [ 361469.159701866621617, 5513680.567639779299498, 0.0 ], [ 361478.594995355408173, 5513697.234656417742372, 0.0 ], [ 361484.992851367511321, 5513738.786664012819529, 0.0 ], [ 361480.649488276219927, 5513819.548957369290292, 0.0 ], [ 361494.699711585184559, 5513844.774623915553093, 0.0 ], [ 361527.700240999867674, 5513872.740699920803308, 0.0 ], [ 361639.611197351710871, 5513934.617172150872648, 0.0 ], [ 361871.179189167334698, 5514201.013979312032461, 0.0 ], [ 361886.057711715926416, 5514213.648986368440092, 0.0 ], [ 361984.672101911506616, 5514263.190438174642622, 0.0 ], [ 362029.027965093497187, 5514259.16525091137737, 0.0 ], [ 362118.517499932204373, 5514236.412153465673327, 0.0 ], [ 362227.702672288985923, 5514223.05885118059814, 0.0 ], [ 362273.419299749832135, 5514210.212867373600602, 0.0 ], [ 362340.385403605294414, 5514168.792844658717513, 0.0 ], [ 362365.90983955306001, 5514132.6563924504444, 0.0 ], [ 362413.12330176809337, 5514104.978333242237568, 0.0 ], [ 362449.20720450184308, 5514090.154361513443291, 0.0 ], [ 362535.423973579017911, 5514071.718871080316603, 0.0 ], [ 362629.263838254031725, 5514081.012638623826206, 0.0 ], [ 362767.541286537307315, 5514109.313910216093063, 0.0 ], [ 362957.920994237589184, 5514194.698649493046105, 0.0 ], [ 363045.724225576268509, 5514207.601119549944997, 0.0 ], [ 363210.876475158438552, 5514184.840047001838684, 0.0 ], [ 363261.794051370583475, 5514143.949323078617454, 0.0 ], [ 363309.922480204317253, 5514115.254957866854966, 0.0 ], [ 363337.483366217056755, 5514071.062507302500308, 0.0 ], [ 363344.650467820698395, 5514046.741918032057583, 0.0 ], [ 363356.666467672213912, 5514034.646473930217326, 0.0 ], [ 363377.904359079431742, 5514033.886942592449486, 0.0 ], [ 363397.780025503248908, 5514041.949975744821131, 0.0 ], [ 363414.761118007125333, 5514072.334454433992505, 0.0 ], [ 363476.227964094141498, 5514100.92729808576405, 0.0 ], [ 363512.028481400455348, 5514131.837731559760869, 0.0 ], [ 363515.657497931388207, 5514149.989574846811593, 0.0 ], [ 363498.65611061709933, 5514170.108721605502069, 0.0 ], [ 363381.873256369319279, 5514205.097828765399754, 0.0 ], [ 363359.182705213082954, 5514222.469036056660116, 0.0 ], [ 363296.331438017077744, 5514221.7228665323928, 0.0 ], [ 363200.162299923482351, 5514256.861917233094573, 0.0 ], [ 363151.157181088114157, 5514250.872266250662506, 0.0 ], [ 363081.844566362677142, 5514282.329776874743402, 0.0 ], [ 363052.981959257042035, 5514306.310744679532945, 0.0 ], [ 363056.047964761615731, 5514319.248272436670959, 0.0 ], [ 363049.84746775199892, 5514333.310616307891905, 0.0 ], [ 362995.851874626416247, 5514389.076663158833981, 0.0 ], [ 362960.898037856561132, 5514408.651738081127405, 0.0 ], [ 362886.566684098914266, 5514426.778971777297556, 0.0 ], [ 362818.411762144707609, 5514404.369701882824302, 0.0 ], [ 362715.497599905240349, 5514358.148753245361149, 0.0 ], [ 362608.362082246108912, 5514287.675084924325347, 0.0 ], [ 362552.633424415835179, 5514263.840643313713372, 0.0 ], [ 362522.046302591217682, 5514259.612979457713664, 0.0 ], [ 362514.519808494078461, 5514272.486073117703199, 0.0 ], [ 362533.768485643202439, 5514298.360605329275131, 0.0 ], [ 362583.723979419330135, 5514336.024420914240181, 0.0 ], [ 362605.694606820470653, 5514372.620410879142582, 0.0 ], [ 362704.636824449640699, 5514449.642955993302166, 0.0 ], [ 362761.444491666683462, 5514510.383689993992448, 0.0 ], [ 362794.790024226997048, 5514569.384726701304317, 0.0 ], [ 362788.723239841929171, 5514582.99905523005873, 0.0 ], [ 362780.376517085009255, 5514725.266716435551643, 0.0 ], [ 362790.150614262500312, 5514800.885300588794053, 0.0 ], [ 362816.654156777076423, 5514860.060206961818039, 0.0 ], [ 362880.743718110141344, 5514946.758860034868121, 0.0 ], [ 362980.356518727610819, 5515025.215017727576196, 0.0 ], [ 362996.563779827789403, 5515010.898716223426163, 0.0 ], [ 363013.891252903733402, 5515018.023680497892201, 0.0 ], [ 363149.045289165107533, 5515185.687153634615242, 0.0 ], [ 363267.272166014765389, 5515148.875561483204365, 0.0 ], [ 363369.505066443409305, 5515009.461771592497826, 0.0 ], [ 363551.174057077150792, 5515159.49469184782356, 0.0 ], [ 363871.2661624000757, 5515477.019923522137105, 0.0 ], [ 364022.450239396188408, 5515696.36036389041692, 0.0 ], [ 364067.628011503897142, 5515774.092711986973882, 0.0 ], [ 364142.126094219274819, 5515874.893174855969846, 0.0 ], [ 364149.641574596986175, 5515890.166561967693269, 0.0 ], [ 364133.530027749249712, 5516008.487112632952631, 0.0 ], [ 364169.832821087096818, 5516140.172780844382942, 0.0 ], [ 364198.28686474438291, 5516188.959205503575504, 0.0 ], [ 364260.145193956559524, 5516222.778315615840256, 0.0 ], [ 364314.032760114059784, 5516271.927130307070911, 0.0 ], [ 364316.087185354437679, 5516284.890660126693547, 0.0 ], [ 364281.16237546375487, 5516333.935646133497357, 0.0 ], [ 364338.878699399007019, 5516363.521305079571903, 0.0 ], [ 364373.811697616940364, 5516389.341437168419361, 0.0 ], [ 364446.810782813874539, 5516482.618893825449049, 0.0 ], [ 364477.857187477929983, 5516571.721874315291643, 0.0 ], [ 364486.956527423695661, 5516667.382845651358366, 0.0 ], [ 364480.634446571115404, 5516685.22879502736032, 0.0 ], [ 364525.888560723513365, 5516714.906629144214094, 0.0 ], [ 364554.638165996526368, 5516718.301153633743525, 0.0 ], [ 364583.707887497148477, 5516731.588205265812576, 0.0 ], [ 364643.353609955869615, 5516938.890776622109115, 0.0 ], [ 364411.387730856542476, 5517096.778224856592715, 0.0 ], [ 364403.486814347677864, 5517106.209672120399773, 0.0 ], [ 364402.999533981084824, 5517118.347153996117413, 0.0 ], [ 364414.481418445298914, 5517142.531700475141406, 0.0 ], [ 364458.887908938224427, 5517158.65877381246537, 0.0 ], [ 364537.028931331820786, 5517161.703026112169027, 0.0 ], [ 364655.093850521254353, 5517148.618493376299739, 0.0 ], [ 364721.077924265468027, 5517172.327250111848116, 0.0 ], [ 364887.595840981928632, 5517288.184906267561018, 0.0 ], [ 365067.754502546275035, 5517229.837949522770941, 0.0 ], [ 365139.857420680404175, 5517144.049713455140591, 0.0 ], [ 365213.055875023710541, 5517133.76717431191355, 0.0 ], [ 365252.072388742817566, 5517138.91125762835145, 0.0 ], [ 365328.013057063799351, 5517215.440229578875005, 0.0 ], [ 365402.408581125433557, 5517258.970467725768685, 0.0 ], [ 365383.924734652158804, 5517349.424513909965754, 0.0 ], [ 365401.715402354369871, 5517372.67493773624301, 0.0 ], [ 365444.882235708995722, 5517388.395865987986326, 0.0 ], [ 365453.992037502583116, 5517404.298553133383393, 0.0 ], [ 365485.164815171039663, 5517412.643238490447402, 0.0 ], [ 365627.588986836257391, 5517426.56023078225553, 0.0 ], [ 365616.248785140691325, 5517436.742904713377357, 0.0 ], [ 365606.0186267264653, 5517474.151704333722591, 0.0 ], [ 365588.619757103384472, 5517504.174750379286706, 0.0 ], [ 365545.994624081708025, 5517530.376644867472351, 0.0 ], [ 365483.26912479911698, 5517535.944255321286619, 0.0 ], [ 365434.08529348653974, 5517573.434530464932323, 0.0 ], [ 365422.402907177456655, 5517592.970329226925969, 0.0 ], [ 365443.495586649281904, 5517641.834947301074862, 0.0 ] ] ] } },
{ "type": "Feature", "properties": { "name": "Saar-Hunsrück-Steig - 11. Etappe: Morbach – Langweiler – Kempfeld", "km": 18.365, "darstell": "F1", "datum": null, "height": 627, "link": "https://www.saar-hunsrueck-steig.de/tour/saar-hunsrueck-steig-11.-etappe-morbach-langweiler-kempfeld-213fb21a44" }, "geometry": { "type": "MultiLineString", "coordinates": [ [ [ 365440.982210730668157, 5517636.335613971576095, 0.0 ], [ 365444.179288188461214, 5517643.264020603150129, 0.0 ], [ 365462.961618380446453, 5517639.903541312552989, 0.0 ], [ 365477.58688366052229, 5517643.09865758754313, 0.0 ], [ 365503.961874585598707, 5517661.240853911265731, 0.0 ], [ 365524.148063405009452, 5517688.214085447601974, 0.0 ], [ 365541.51891529140994, 5517697.570388327352703, 0.0 ], [ 365568.980604349460918, 5517669.743757852353156, 0.0 ], [ 365582.772537209151778, 5517665.506842435337603, 0.0 ], [ 365594.497088310541585, 5517682.345772282220423, 0.0 ], [ 365601.333841242012568, 5517728.451273506507277, 0.0 ], [ 365608.272719684289768, 5517741.071055572479963, 0.0 ], [ 365616.664597415598109, 5517742.641924289055169, 0.0 ], [ 365650.984939207788557, 5517727.103791221044958, 0.0 ], [ 365670.699886917253025, 5517712.040636332705617, 0.0 ], [ 365703.470554138824809, 5517700.768533306196332, 0.0 ], [ 365715.114988665212877, 5517676.784727930091321, 0.0 ], [ 365720.014887445839122, 5517621.932883334346116, 0.0 ], [ 365717.635082404827699, 5517589.955064543522894, 0.0 ], [ 365769.881363871507347, 5517571.302017787471414, 0.0 ], [ 365783.456627944018692, 5517607.562244982458651, 0.0 ], [ 365805.815127795562148, 5517609.008581837639213, 0.0 ], [ 365823.966868139978033, 5517600.5480299834162, 0.0 ], [ 365872.320207737269811, 5517555.628995501436293, 0.0 ], [ 365893.375093583599664, 5517559.666608735918999, 0.0 ], [ 365895.21432055416517, 5517532.255986544303596, 0.0 ], [ 365903.91466043953551, 5517514.352732696570456, 0.0 ], [ 365915.603983331704512, 5517503.717045810073614, 0.0 ], [ 365940.937588115455583, 5517517.660108246840537, 0.0 ], [ 365946.872187445755117, 5517513.06312548648566, 0.0 ], [ 365946.561391002847813, 5517480.255202688276768, 0.0 ], [ 365921.772330517531373, 5517427.364763543009758, 0.0 ], [ 365916.875211892416701, 5517389.664996238425374, 0.0 ], [ 365967.023620083578862, 5517364.72544180881232, 0.0 ], [ 365959.424413195403758, 5517339.996523752808571, 0.0 ], [ 365962.048926114104688, 5517332.589546030387282, 0.0 ], [ 366193.591296860482544, 5517162.210549377836287, 0.0 ], [ 366175.574443994206376, 5517132.622616461478174, 0.0 ], [ 366311.932778434769716, 5517023.566615547053516, 0.0 ], [ 366324.379895058460534, 5517052.180516382679343, 0.0 ], [ 366329.152397249941714, 5517050.060029755346477, 0.0 ], [ 366316.378043107921258, 5516984.967815819196403, 0.0 ], [ 366322.591223276045639, 5516974.13500320725143, 0.0 ], [ 366310.914393905317411, 5516938.827683382667601, 0.0 ], [ 366345.83543573418865, 5516894.913463647477329, 0.0 ], [ 366368.676730501581915, 5516907.029234484769404, 0.0 ], [ 366393.857402802212164, 5516879.819845251739025, 0.0 ], [ 366389.90133225498721, 5516845.099965467117727, 0.0 ], [ 366401.665418089658488, 5516814.106868240050972, 0.0 ], [ 366414.384441102389246, 5516731.475318254902959, 0.0 ], [ 366439.40170895983465, 5516677.239189841784537, 0.0 ], [ 366496.374778264202178, 5516476.49005408026278, 0.0 ], [ 366625.470564110903069, 5516186.192430000752211, 0.0 ], [ 366742.866913236677647, 5515932.006105042994022, 0.0 ], [ 366790.89716483297525, 5515852.620438290759921, 0.0 ], [ 366938.421780427801423, 5515624.838207158260047, 0.0 ], [ 366991.780224481364712, 5515583.144308771006763, 0.0 ], [ 367003.039540122437757, 5515598.662837533280253, 0.0 ], [ 367051.130181687476579, 5515641.417794704437256, 0.0 ], [ 367084.975767437077593, 5515661.497445793822408, 0.0 ], [ 367159.3583237741841, 5515692.593705360777676, 0.0 ], [ 367222.930024827073794, 5515682.464974733069539, 0.0 ], [ 367319.049813498975709, 5515686.554350576363504, 0.0 ], [ 367343.988720963941887, 5515660.801918430253863, 0.0 ], [ 367394.273115178919397, 5515675.696443394757807, 0.0 ], [ 367418.485331968404353, 5515670.207501101307571, 0.0 ], [ 367431.0876602466451, 5515634.858209975995123, 0.0 ], [ 367524.625124976970255, 5515659.927354052662849, 0.0 ], [ 367745.072265789960511, 5515749.29851139895618, 0.0 ], [ 367831.404616649611853, 5515774.438049955293536, 0.0 ], [ 367878.695790624013171, 5515796.640676748007536, 0.0 ], [ 367942.449733474641107, 5515811.655603149905801, 0.0 ], [ 368004.661772058927454, 5515837.276504664681852, 0.0 ], [ 368094.632610545784701, 5515884.689899457618594, 0.0 ], [ 368236.242235812474973, 5515982.124777301214635, 0.0 ], [ 368337.079367282916792, 5516005.694618878886104, 0.0 ], [ 368464.58688879373949, 5516021.274916420690715, 0.0 ], [ 368566.879719711490907, 5516012.999756087549031, 0.0 ], [ 368701.231469998019747, 5516016.850384183228016, 0.0 ], [ 368759.152508447528817, 5516008.434387473389506, 0.0 ], [ 368827.372425631503575, 5516041.482584439218044, 0.0 ], [ 368916.970344612491317, 5516118.507240556180477, 0.0 ], [ 368987.258173384936526, 5516156.735280863940716, 0.0 ], [ 369071.385218143404927, 5516168.710490019060671, 0.0 ], [ 369194.140182497329079, 5516160.840876317583025, 0.0 ], [ 369195.699078319419641, 5516135.997394300065935, 0.0 ], [ 369218.189205559436232, 5516089.178284177556634, 0.0 ], [ 369242.032107554841787, 5516056.564780477434397, 0.0 ], [ 369262.433680179121438, 5516048.3954699318856, 0.0 ], [ 369269.617273395881057, 5516053.560888255946338, 0.0 ], [ 369297.209870097518433, 5516024.08272083196789, 0.0 ], [ 369300.221776470483746, 5516008.659209820441902, 0.0 ], [ 369295.194994119228795, 5516003.330306223593652, 0.0 ], [ 369292.014227810024749, 5515967.144270564429462, 0.0 ], [ 369348.497554832487367, 5515887.355792736634612, 0.0 ], [ 369346.570211085141636, 5515876.167566833086312, 0.0 ], [ 369371.864347679947969, 5515671.214773559942842, 0.0 ], [ 369347.521125874249265, 5515644.550801701843739, 0.0 ], [ 369392.539285373757593, 5515608.756182707846165, 0.0 ], [ 369269.261098791030236, 5515491.381434259004891, 0.0 ], [ 369399.035217433643993, 5515370.998778647743165, 0.0 ], [ 369270.979609371803235, 5515255.85283193923533, 0.0 ], [ 369120.288398673757911, 5515143.260412766598165, 0.0 ], [ 369367.687160003813915, 5514813.463189936242998, 0.0 ], [ 369362.014691745047458, 5514811.264414775185287, 0.0 ], [ 369415.242395202862099, 5514700.52124466188252, 0.0 ], [ 369380.975775632658042, 5514677.767671744339168, 0.0 ], [ 369300.465022263000719, 5514670.259927151724696, 0.0 ], [ 369260.276606749743223, 5514655.881836913526058, 0.0 ], [ 369248.763123555690981, 5514638.585197820328176, 0.0 ], [ 369227.747420835541561, 5514582.919680510647595, 0.0 ], [ 369160.55178174917819, 5514512.46571328304708, 0.0 ], [ 369159.872049749013968, 5514502.248453591950238, 0.0 ], [ 369180.677790779620409, 5514439.11867951694876, 0.0 ], [ 369190.531101093336474, 5514352.115962854586542, 0.0 ], [ 369438.967272482812405, 5514412.291791018098593, 0.0 ], [ 369504.192573517968412, 5514437.078782118856907, 0.0 ], [ 369514.898426705389284, 5514459.734767858870327, 0.0 ], [ 369514.475512708188035, 5514498.899985673837364, 0.0 ], [ 369600.165067601948977, 5514508.955657339654863, 0.0 ], [ 369683.772571878216695, 5514507.383151954039931, 0.0 ], [ 369764.776871655078139, 5514457.598449245095253, 0.0 ], [ 369866.85641545872204, 5514436.228560666553676, 0.0 ], [ 369897.79040262295166, 5514419.354373890906572, 0.0 ], [ 370020.301825050846674, 5514279.919673252850771, 0.0 ], [ 370023.064426196448039, 5514313.891224013641477, 0.0 ], [ 370074.135479521239176, 5514352.373801809735596, 0.0 ], [ 370092.521090888651088, 5514352.932798391208053, 0.0 ], [ 370114.527753984788433, 5514342.281274065375328, 0.0 ], [ 370128.426439307280816, 5514318.031570031307638, 0.0 ], [ 370143.353207630221732, 5514261.610215060412884, 0.0 ], [ 370150.126968696946278, 5514255.663178190588951, 0.0 ], [ 370173.945617994409986, 5514260.430062484927475, 0.0 ], [ 370198.060585356783122, 5514274.533686356619, 0.0 ], [ 370211.114834623644128, 5514263.096552581526339, 0.0 ], [ 370212.346277118369471, 5514242.37722856272012, 0.0 ], [ 370238.813940129592083, 5514177.447566385380924, 0.0 ], [ 370248.049625530955382, 5514175.001058202236891, 0.0 ], [ 370297.80224972544238, 5514182.594035367481411, 0.0 ], [ 370327.925863453536294, 5514194.885469638742507, 0.0 ], [ 370350.101426108274609, 5514152.195207840763032, 0.0 ], [ 370408.884679813869298, 5514118.749276962131262, 0.0 ], [ 370417.555064626911189, 5514125.771596981212497, 0.0 ], [ 370465.707878549350426, 5514117.720370728522539, 0.0 ], [ 370477.375969252549112, 5514120.555223547853529, 0.0 ], [ 370483.952164289541543, 5514154.435464917682111, 0.0 ], [ 370490.139401131600607, 5514163.074709639884531, 0.0 ], [ 370577.385504684876651, 5514204.921855264343321, 0.0 ], [ 370654.944126126240008, 5514188.270301992073655, 0.0 ], [ 370819.404465521569364, 5514196.12648244574666, 0.0 ], [ 370831.094256922253408, 5514061.253100686706603, 0.0 ], [ 370826.722259597969241, 5514038.109587850049138, 0.0 ], [ 370834.655591906455811, 5513957.052379325963557, 0.0 ], [ 370832.377304930123501, 5513870.788807548582554, 0.0 ], [ 370837.609205365763046, 5513851.531396836042404, 0.0 ], [ 370855.11896565958159, 5513821.413252436555922, 0.0 ], [ 371080.866450962261297, 5513875.866630381904542, 0.0 ], [ 371194.247919706976973, 5513910.871080162003636, 0.0 ], [ 371193.943156212451868, 5513898.086403477936983, 0.0 ], [ 371391.211629352823365, 5513552.455047519877553, 0.0 ], [ 371481.940172213187907, 5513519.484748617745936, 0.0 ], [ 371511.980435161152855, 5513513.097483453340828, 0.0 ], [ 371545.221862105187029, 5513517.090281865559518, 0.0 ], [ 371586.842220212565735, 5513528.003138560801744, 0.0 ], [ 371653.75223323830869, 5513532.753919806331396, 0.0 ], [ 371696.109335121931508, 5513529.189713631756604, 0.0 ], [ 371801.953198129078373, 5513544.030212707817554, 0.0 ], [ 371913.126403422735166, 5513528.379663444124162, 0.0 ], [ 371924.95206429134123, 5513522.648934859782457, 0.0 ], [ 371959.294582188711502, 5513491.023427578620613, 0.0 ], [ 371978.309504015312996, 5513429.839421361684799, 0.0 ], [ 371984.391975439502858, 5513391.542236723937094, 0.0 ], [ 372044.396434072637931, 5513357.196073433384299, 0.0 ], [ 372060.852877302793786, 5513352.245892277918756, 0.0 ], [ 372058.747383296897169, 5513296.790250298567116, 0.0 ], [ 372071.691247723414563, 5513249.988267748616636, 0.0 ], [ 372088.056696854997426, 5513271.625121921300888, 0.0 ], [ 372135.448998527834192, 5513301.09282451402396, 0.0 ], [ 372146.011205447721295, 5513302.845139105804265, 0.0 ], [ 372194.922883060236927, 5513271.655234248377383, 0.0 ], [ 372205.47460769029567, 5513272.962981017306447, 0.0 ], [ 372234.078080176550429, 5513284.967284784652293, 0.0 ], [ 372245.197976823430508, 5513301.16693495772779, 0.0 ], [ 372333.482091000827495, 5513316.8780063893646, 0.0 ], [ 372343.605701845488511, 5513321.4218939403072, 0.0 ], [ 372352.627640402119141, 5513340.340903209522367, 0.0 ], [ 372355.150554430496413, 5513334.274720939807594, 0.0 ], [ 372364.846121769573074, 5513342.05451884586364, 0.0 ], [ 372374.718401650548913, 5513326.804891438223422, 0.0 ], [ 372391.855884927150328, 5513341.527920543216169, 0.0 ], [ 372394.555190827231854, 5513327.671271936967969, 0.0 ], [ 372398.895866091130301, 5513325.344119586981833, 0.0 ], [ 372387.676056242140476, 5513292.684024570509791, 0.0 ], [ 372398.034915929660201, 5513288.879972402006388, 0.0 ], [ 372394.248707509890664, 5513278.068520055152476, 0.0 ], [ 372434.193189229117706, 5513297.36994962580502, 0.0 ], [ 372503.627023190725595, 5513344.89648409653455, 0.0 ], [ 372518.746587699861266, 5513329.078413545154035, 0.0 ], [ 372515.159364538034424, 5513308.362450593151152, 0.0 ], [ 372526.50014162203297, 5513297.305335932411253, 0.0 ], [ 372614.503697018721141, 5513356.185976347886026, 0.0 ], [ 372782.853158253245056, 5513454.999547841027379, 0.0 ], [ 372854.730212455615401, 5513508.590684927068651, 0.0 ], [ 372847.889356087311171, 5513530.219575749710202, 0.0 ], [ 372809.339591782656498, 5513600.64730660431087, 0.0 ], [ 372817.20722421706887, 5513619.594184507615864, 0.0 ], [ 372819.500499929243233, 5513655.802126738242805, 0.0 ], [ 372834.874333190266043, 5513684.472093818709254, 0.0 ], [ 372828.842918772774283, 5513709.863896619528532, 0.0 ], [ 372844.102695904672146, 5513736.756842783652246, 0.0 ], [ 372831.698242764105089, 5513788.327113852836192, 0.0 ], [ 372800.648462684825063, 5513816.087537725456059, 0.0 ], [ 372769.430407913168892, 5513809.147436390630901, 0.0 ], [ 372723.046361187356524, 5513816.023909595794976, 0.0 ], [ 372706.751871756161563, 5513818.632404889911413, 0.0 ], [ 372645.322849090152886, 5513844.439917273819447, 0.0 ], [ 372590.039780905062798, 5513849.747571118175983, 0.0 ], [ 372625.642864952271339, 5513862.367387543432415, 0.0 ], [ 372673.077843397797551, 5513860.359546726569533, 0.0 ], [ 372720.103033490304369, 5513868.483978648670018, 0.0 ], [ 372758.025706153013743, 5513887.83522165287286, 0.0 ], [ 372867.077380107948557, 5513892.498434839770198, 0.0 ], [ 372916.141558571369387, 5513834.170571840368211, 0.0 ], [ 372939.144299047067761, 5513752.207207872532308, 0.0 ], [ 372938.814246607827954, 5513722.849512021057308, 0.0 ], [ 372972.913729591469746, 5513634.730094164609909, 0.0 ], [ 372979.093953358824365, 5513634.028655184432864, 0.0 ], [ 372982.91920739330817, 5513622.036838040687144, 0.0 ], [ 373008.529343552771024, 5513617.20808685850352, 0.0 ], [ 373014.61006837565219, 5513639.867896197363734, 0.0 ], [ 373032.04925102298148, 5513643.017560720443726, 0.0 ], [ 373035.001126549206674, 5513655.183800120837986, 0.0 ], [ 373030.478024891286623, 5513665.078553136438131, 0.0 ], [ 373055.405516000580974, 5513664.937829433940351, 0.0 ], [ 373090.206641674507409, 5513686.366923775523901, 0.0 ], [ 373194.696060192538425, 5513603.937712219543755, 0.0 ], [ 373248.491147808090318, 5513593.443337806500494, 0.0 ], [ 373227.967837070289534, 5513636.97175513394177, 0.0 ], [ 373210.289708988100756, 5513642.058277837000787, 0.0 ], [ 373178.207598614622839, 5513659.718473355285823, 0.0 ], [ 373153.113699036592152, 5513677.326054683886468, 0.0 ], [ 373141.970892178942449, 5513696.830874851904809, 0.0 ], [ 373109.675192697439343, 5513742.193444047123194, 0.0 ], [ 373094.978059679619037, 5513834.305544268339872, 0.0 ], [ 373081.574908837850671, 5513889.458066279068589, 0.0 ], [ 373062.76602916768752, 5513944.515164981596172, 0.0 ], [ 373031.549789005133789, 5513995.859515628777444, 0.0 ], [ 372977.881441869656555, 5514051.402542586438358, 0.0 ], [ 372887.375746058416553, 5514112.150759953074157, 0.0 ], [ 372830.815791114699095, 5514139.621455356478691, 0.0 ], [ 372850.942733933217824, 5514140.705023855902255, 0.0 ], [ 372882.354356476746034, 5514128.397669886238873, 0.0 ], [ 373043.519312227959745, 5514039.181499517522752, 0.0 ], [ 373062.048902106529567, 5514024.397117192856967, 0.0 ], [ 373116.795262056170031, 5513959.486112589016557, 0.0 ], [ 373075.943792655249126, 5514030.077263491228223, 0.0 ], [ 372987.934970769216307, 5514114.34644103422761, 0.0 ], [ 372954.098516521451529, 5514155.297030131332576, 0.0 ], [ 372914.759211040916853, 5514176.689066860824823, 0.0 ], [ 372908.180234064231627, 5514267.609874958172441, 0.0 ], [ 372891.903178267879412, 5514304.588432802818716, 0.0 ], [ 372843.094171649368946, 5514346.003325245343149, 0.0 ], [ 372817.93269050080562, 5514357.496429190039635, 0.0 ], [ 372761.272320113785099, 5514340.810820618644357, 0.0 ], [ 372863.751720328000374, 5514421.71175033878535, 0.0 ], [ 372966.893702249450143, 5514521.730990970507264, 0.0 ], [ 373026.839232526661362, 5514555.693770528770983, 0.0 ], [ 373061.27283502893988, 5514592.370025335811079, 0.0 ], [ 373102.899067528371233, 5514659.244082843884826, 0.0 ], [ 373119.424257793987636, 5514675.763309456408024, 0.0 ], [ 373159.563666322967038, 5514664.031095214188099, 0.0 ], [ 373258.824136326438747, 5514666.595591173507273, 0.0 ], [ 373557.606230291014072, 5514809.424019910395145, 0.0 ], [ 373556.444685417111032, 5514830.585382148623466, 0.0 ], [ 373573.393696122919209, 5514899.152807052247226, 0.0 ], [ 373589.398810473037884, 5514921.247186308726668, 0.0 ], [ 373641.675299132068176, 5514972.636981724761426, 0.0 ], [ 373767.3277674325509, 5515053.679448957554996, 0.0 ], [ 373799.002529890509322, 5515092.871693005785346, 0.0 ], [ 373820.084912673628423, 5515094.937486860901117, 0.0 ], [ 373833.269016225356609, 5515088.845426665619016, 0.0 ], [ 373872.348340533615556, 5515093.494341129437089, 0.0 ], [ 373937.231125623045955, 5515114.226068791933358, 0.0 ], [ 374026.168464947026223, 5515153.306938823312521, 0.0 ], [ 374101.438579766894691, 5515193.263946587219834, 0.0 ], [ 374125.876342889969237, 5515212.604907511733472, 0.0 ], [ 374132.461051728692837, 5515226.24423171300441, 0.0 ], [ 374148.710325387539342, 5515221.861223099753261, 0.0 ], [ 374173.856773033621721, 5515206.70393774472177, 0.0 ], [ 374212.446284113684669, 5515147.074568323791027, 0.0 ], [ 374314.620508907188196, 5515188.632622207514942, 0.0 ], [ 374321.661197701178025, 5515156.878919620066881, 0.0 ], [ 374340.327196237747557, 5515129.415263036265969, 0.0 ] ] ] } },
{ "type": "Feature", "properties": { "name": "Saar-Hunsrück-Steig - 12. Etappe: Kempfeld - Herborn - Idar-Oberstein (Altstadt)", "km": 19.105, "darstell": "F2", "datum": null, "height": 453, "link": "https://www.saar-hunsrueck-steig.de/tour/saar-hunsrueck-steig-12.-etappe-kempfeld-herborn-idar-oberstein-altstadt-6ab4916048" }, "geometry": { "type": "MultiLineString", "coordinates": [ [ [ 374340.994103713426739, 5515136.407357509247959, 0.0 ], [ 374441.971670332015492, 5515089.343862576410174, 0.0 ], [ 374451.004972672846634, 5515115.3845892297104, 0.0 ], [ 374473.02564056252595, 5515142.347028135322034, 0.0 ], [ 374457.026193467900157, 5515154.398229982703924, 0.0 ], [ 374458.991072256700136, 5515158.356904605403543, 0.0 ], [ 374487.04235363547923, 5515150.363673000596464, 0.0 ], [ 374490.976893589016981, 5515155.388905371539295, 0.0 ], [ 374470.02347001072485, 5515174.340329681523144, 0.0 ], [ 374491.026452411548235, 5515185.420337349176407, 0.0 ], [ 374502.005460584536195, 5515208.412665815092623, 0.0 ], [ 374539.417290020384826, 5515215.774652766063809, 0.0 ], [ 374585.989678810874466, 5515245.3929841555655, 0.0 ], [ 374638.010814448993187, 5515286.342088116332889, 0.0 ], [ 374707.988351771142334, 5515331.324338109232485, 0.0 ], [ 374757.033717397018336, 5515343.423340434208512, 0.0 ], [ 374799.019868693663739, 5515380.379830710589886, 0.0 ], [ 374836.008693906944245, 5515394.427507936954498, 0.0 ], [ 374841.979242558940314, 5515403.410128841176629, 0.0 ], [ 374840.97983281861525, 5515419.339401461184025, 0.0 ], [ 374882.972305700997822, 5515450.401085024699569, 0.0 ], [ 374976.033404187066481, 5515478.389660509303212, 0.0 ], [ 374977.010594259307254, 5515486.375703372061253, 0.0 ], [ 375071.014224540442228, 5515533.364619029685855, 0.0 ], [ 375196.042499788396526, 5515626.35518432315439, 0.0 ], [ 375212.013140372524504, 5515647.34252870362252, 0.0 ], [ 375383.971330883097835, 5515742.367467523552477, 0.0 ], [ 375397.043827304907609, 5515756.414636923931539, 0.0 ], [ 375426.035594710730948, 5515767.425025271251798, 0.0 ], [ 375546.989288010867313, 5515840.384467141702771, 0.0 ], [ 375553.039770536124706, 5515890.410233485512435, 0.0 ], [ 375636.021643022424541, 5515950.342890715226531, 0.0 ], [ 375780.021438260795549, 5516017.32623790577054, 0.0 ], [ 375789.997381041524932, 5516028.331070071086287, 0.0 ], [ 375790.005274041090161, 5516069.375092045404017, 0.0 ], [ 375858.986335966968909, 5516131.412766730412841, 0.0 ], [ 375946.033758129749913, 5516152.325675674714148, 0.0 ], [ 375971.006456839502789, 5516148.415052980184555, 0.0 ], [ 376057.000867454742547, 5516189.375438741408288, 0.0 ], [ 376084.022999659762718, 5516196.318897815421224, 0.0 ], [ 376104.020176689547952, 5516198.418302303180099, 0.0 ], [ 376142.991201155818999, 5516189.404358750209212, 0.0 ], [ 376163.987272423692048, 5516197.376294801943004, 0.0 ], [ 376271.004944660118781, 5516263.329656668938696, 0.0 ], [ 376312.028167534503154, 5516309.329006652347744, 0.0 ], [ 376324.989479702839162, 5516356.416299021802843, 0.0 ], [ 376413.006214946217369, 5516385.322912941686809, 0.0 ], [ 376419.996400994830765, 5516404.405777774751186, 0.0 ], [ 376419.980782067228574, 5516438.331427739933133, 0.0 ], [ 376479.028582600119989, 5516485.365400067530572, 0.0 ], [ 376523.996309695823584, 5516543.400108848698437, 0.0 ], [ 376538.022841526544653, 5516577.338286200538278, 0.0 ], [ 376546.007609931519255, 5516564.364194246940315, 0.0 ], [ 376554.022486486355774, 5516524.360444710589945, 0.0 ], [ 376537.995343477698043, 5516412.38425228279084, 0.0 ], [ 376521.992969045531936, 5516383.385392428375781, 0.0 ], [ 376422.995277473179158, 5516255.399567327462137, 0.0 ], [ 376291.028055662347469, 5516153.420002404600382, 0.0 ], [ 376281.007532323594205, 5516140.413164363242686, 0.0 ], [ 376257.9962603894528, 5516019.365505337715149, 0.0 ], [ 376241.998318566242233, 5516006.384484376758337, 0.0 ], [ 376223.012595403881278, 5515957.322070393711329, 0.0 ], [ 376254.974833060870878, 5515862.37727024871856, 0.0 ], [ 376245.980677682906389, 5515831.327618723735213, 0.0 ], [ 376000.992386789410375, 5515525.390612734481692, 0.0 ], [ 375997.98776836093748, 5515504.3257811749354, 0.0 ], [ 375960.028913668822497, 5515391.408532893285155, 0.0 ], [ 375971.970709228073247, 5515381.345980746671557, 0.0 ], [ 376054.993798485200386, 5515339.39699792675674, 0.0 ], [ 376141.018014268251136, 5515274.355809600092471, 0.0 ], [ 376146.000678170006722, 5515262.339885196648538, 0.0 ], [ 376213.999361571331974, 5515240.425812345929444, 0.0 ], [ 376350.029213582805824, 5515185.365296562202275, 0.0 ], [ 376403.990039685508236, 5515135.411368055269122, 0.0 ], [ 376588.011857330799103, 5514986.381948172114789, 0.0 ], [ 376769.987450546701439, 5514851.420871094800532, 0.0 ], [ 376836.998615507152863, 5514915.40690978243947, 0.0 ], [ 376815.014089211239479, 5515066.402254548855126, 0.0 ], [ 376815.997254769783467, 5515087.40228134393692, 0.0 ], [ 376830.000765745411627, 5515101.320352420210838, 0.0 ], [ 376874.996352050395217, 5515103.408892640843987, 0.0 ], [ 377311.000741092197131, 5515068.349580368027091, 0.0 ], [ 377340.011208913230803, 5515045.333568000234663, 0.0 ], [ 377355.0119835138903, 5515014.404833223670721, 0.0 ], [ 377374.010062494897284, 5515010.414149188436568, 0.0 ], [ 377396.020401105750352, 5515015.364740557037294, 0.0 ], [ 377412.030353789508808, 5515000.319078393280506, 0.0 ], [ 377428.987217877700459, 5514960.336598495021462, 0.0 ], [ 377443.978385057125706, 5514900.377499666064978, 0.0 ], [ 377440.011448442644905, 5514776.335556818172336, 0.0 ], [ 377444.013588864996564, 5514692.377845033071935, 0.0 ], [ 377433.990882523823529, 5514644.331720204092562, 0.0 ], [ 377393.004851981066167, 5514514.344881403259933, 0.0 ], [ 377356.998050587426405, 5514432.407568082213402, 0.0 ], [ 377358.980767662986182, 5514402.330638302490115, 0.0 ], [ 377362.037893455359153, 5514397.367148712277412, 0.0 ], [ 377379.040898137376644, 5514397.426115616224706, 0.0 ], [ 377391.0368170713773, 5514386.364610997959971, 0.0 ], [ 377400.979033173876815, 5514367.341231007128954, 0.0 ], [ 377428.034793750266545, 5514337.362794453278184, 0.0 ], [ 377462.035854052519426, 5514286.427108057774603, 0.0 ], [ 377491.026629961619619, 5514227.37431304808706, 0.0 ], [ 377499.002659633639269, 5514207.394665035419166, 0.0 ], [ 377500.038388824090362, 5514186.348867110908031, 0.0 ], [ 377496.038595047779381, 5514143.393868138082325, 0.0 ], [ 377487.006992962793447, 5514126.358135377056897, 0.0 ], [ 377491.016288443584926, 5514109.360390901565552, 0.0 ], [ 377547.981917941244319, 5514108.402707070112228, 0.0 ], [ 377554.007641197938938, 5514091.359317996539176, 0.0 ], [ 377541.974063591100276, 5514021.335245343856514, 0.0 ], [ 377518.037709274911322, 5513963.37128630746156, 0.0 ], [ 377467.979535810183734, 5513916.344040800817311, 0.0 ], [ 377453.983630289847497, 5513877.397558899596334, 0.0 ], [ 377455.985111062356737, 5513870.344729821197689, 0.0 ], [ 377554.992923085577786, 5513861.426461740396917, 0.0 ], [ 377606.021965840249322, 5513846.366707891225815, 0.0 ], [ 377651.995919162058271, 5513824.414479833096266, 0.0 ], [ 377716.991107480309438, 5513818.382815633900464, 0.0 ], [ 377789.984824728977401, 5513777.356392968446016, 0.0 ], [ 377873.000329131842591, 5513749.340713256038725, 0.0 ], [ 377903.981576567981392, 5513733.402244350872934, 0.0 ], [ 377999.015136263216846, 5513666.409431161358953, 0.0 ], [ 378004.014766470820177, 5513680.422596405260265, 0.0 ], [ 378063.978075533057563, 5513716.330754493363202, 0.0 ], [ 378103.033744503627531, 5513681.413624049164355, 0.0 ], [ 378131.006657792371698, 5513586.349624050781131, 0.0 ], [ 378138.023616750142537, 5513501.324001187458634, 0.0 ], [ 378148.042964449734427, 5513450.377863265573978, 0.0 ], [ 378203.004073591670021, 5513363.381718026474118, 0.0 ], [ 378219.990733785263728, 5513327.405807355418801, 0.0 ], [ 378252.002930945134722, 5513216.345963455736637, 0.0 ], [ 378256.980125917296391, 5513165.40247255563736, 0.0 ], [ 378252.023760649492033, 5513089.322687038220465, 0.0 ], [ 378285.023500996991061, 5512932.414853437803686, 0.0 ], [ 378284.009969246748369, 5512903.407089293003082, 0.0 ], [ 378292.004437954630703, 5512874.418937588110566, 0.0 ], [ 378360.029338532767724, 5512794.360482539981604, 0.0 ], [ 378343.028204864473082, 5512775.389396163634956, 0.0 ], [ 378411.017226138093974, 5512658.404730927199125, 0.0 ], [ 378459.988565711537376, 5512522.383701596409082, 0.0 ], [ 378588.01405635807896, 5512421.403622179292142, 0.0 ], [ 378497.011372960405424, 5512300.318834978155792, 0.0 ], [ 378488.036873494973406, 5512279.38722393848002, 0.0 ], [ 378482.029310700017959, 5512249.379464415833354, 0.0 ], [ 378487.011150229605846, 5512150.385785143822432, 0.0 ], [ 378482.01686756813433, 5512101.335264766588807, 0.0 ], [ 378439.986847187043168, 5512001.396318447776139, 0.0 ], [ 378464.04223376698792, 5511949.356956013478339, 0.0 ], [ 378481.99534192844294, 5511882.327868920750916, 0.0 ], [ 378485.006283738650382, 5511846.333571191877127, 0.0 ], [ 378476.98077875416493, 5511755.41826262883842, 0.0 ], [ 378478.040053127158899, 5511629.373222693800926, 0.0 ], [ 378485.011825989815407, 5511580.387495269998908, 0.0 ], [ 378477.004878141277004, 5511538.412065899930894, 0.0 ], [ 378463.030439969501458, 5511532.386151771061122, 0.0 ], [ 378441.039222743711434, 5511506.408233845606446, 0.0 ], [ 378407.985630426264834, 5511392.364163760095835, 0.0 ], [ 378397.016804845654406, 5511369.364178109914064, 0.0 ], [ 378402.989405676373281, 5511548.418074986897409, 0.0 ], [ 378395.974061087996233, 5511531.33550419472158, 0.0 ], [ 378392.97156779281795, 5511468.336779716424644, 0.0 ], [ 378377.977788820455316, 5511407.387392275035381, 0.0 ], [ 378355.981260908942204, 5511368.396238934248686, 0.0 ], [ 378373.032642141566612, 5511482.355030140839517, 0.0 ], [ 378363.00622442580061, 5511565.334175072610378, 0.0 ], [ 378357.028733018785715, 5511578.371089281514287, 0.0 ], [ 378362.041212259617168, 5511474.371397177688777, 0.0 ], [ 378349.982883402495645, 5511409.351837497204542, 0.0 ], [ 378331.03701746306615, 5511371.404430691152811, 0.0 ], [ 378315.013198274187744, 5511322.37975917942822, 0.0 ], [ 378316.994425177457742, 5511314.326763447374105, 0.0 ], [ 378293.97506892128149, 5511300.385149220004678, 0.0 ], [ 378256.988877255702391, 5511242.378064028918743, 0.0 ], [ 378227.975085164944176, 5511218.338687318377197, 0.0 ], [ 378175.977085355087183, 5511188.365944918245077, 0.0 ], [ 378173.977496708161198, 5511176.398359124548733, 0.0 ], [ 378196.97190736111952, 5511128.386036177165806, 0.0 ], [ 378216.029115464014467, 5511110.382825252600014, 0.0 ], [ 378257.012537537375465, 5511099.338330780155957, 0.0 ], [ 378361.01633454754483, 5511092.326499892398715, 0.0 ], [ 378394.98651171795791, 5511080.328534134663641, 0.0 ], [ 378514.993099758808967, 5510967.404728258028626, 0.0 ], [ 378584.780762854265049, 5510884.307666894048452, 0.0 ], [ 378606.809476900147274, 5510895.825773244723678, 0.0 ], [ 378619.206806004047394, 5510892.544380546547472, 0.0 ], [ 378638.774703904171474, 5510865.076940652914345, 0.0 ], [ 378654.135610931902193, 5510855.722841052338481, 0.0 ], [ 378743.126956770836841, 5510870.188628789037466, 0.0 ], [ 378805.844692529586609, 5510892.80801506806165, 0.0 ], [ 378818.804965787334368, 5510869.604748097248375, 0.0 ], [ 378837.620472499867901, 5510876.079308026470244, 0.0 ], [ 378844.671117179677822, 5510869.025258140638471, 0.0 ], [ 378860.276369389612228, 5510870.566573994234204, 0.0 ], [ 378866.16147700662259, 5510856.531329903751612, 0.0 ], [ 378860.077422316535376, 5510816.625714110210538, 0.0 ], [ 378896.192116386024281, 5510806.918751575052738, 0.0 ], [ 378951.137566621357109, 5510807.579609922133386, 0.0 ], [ 378994.274656534253154, 5510834.643626304343343, 0.0 ], [ 379017.244199118402321, 5510843.13918865006417, 0.0 ], [ 379038.914053736894857, 5510838.650317283347249, 0.0 ], [ 379053.562199618900195, 5510797.391087104566395, 0.0 ], [ 379094.338457098114304, 5510812.384905320592225, 0.0 ], [ 379111.747504509112332, 5510801.095492919906974, 0.0 ], [ 379121.558905075420626, 5510778.853212169371545, 0.0 ], [ 379128.416311415843666, 5510714.744304110296071, 0.0 ], [ 379140.478972048847936, 5510696.455939843319356, 0.0 ], [ 379166.018118882377166, 5510677.97774835396558, 0.0 ], [ 379196.827165645023342, 5510666.278065470047295, 0.0 ], [ 379225.484799436409958, 5510648.62033679895103, 0.0 ], [ 379266.069323346600868, 5510609.785835475660861, 0.0 ], [ 379276.556746414513327, 5510614.556971709243953, 0.0 ], [ 379289.941502133035101, 5510610.254074239172041, 0.0 ], [ 379285.114811724750325, 5510581.331526692956686, 0.0 ], [ 379253.592846046551131, 5510561.124418214894831, 0.0 ], [ 379242.79257827566471, 5510542.345692082308233, 0.0 ], [ 379240.027115539764054, 5510544.409519824199378, 0.0 ], [ 379254.016886270896066, 5510499.383919583633542, 0.0 ], [ 379256.005281442543492, 5510475.425712171941996, 0.0 ], [ 379246.025717518292367, 5510422.370717353187501, 0.0 ], [ 379285.035140696738381, 5510361.326199195347726, 0.0 ], [ 379315.998728272737935, 5510327.378430533222854, 0.0 ], [ 379340.009539470076561, 5510311.382251507602632, 0.0 ], [ 379392.00859899353236, 5510299.322397050447762, 0.0 ], [ 379418.012407943257131, 5510285.395454379729927, 0.0 ], [ 379448.041561543941498, 5510235.341425304301083, 0.0 ], [ 379459.033374753315002, 5510175.36765851918608, 0.0 ], [ 379473.976340574386995, 5510150.342352773994207, 0.0 ], [ 379510.999370974197518, 5510129.385568708181381, 0.0 ], [ 379496.021210926235653, 5510091.345940619707108, 0.0 ], [ 379444.983786738885101, 5510033.421589895151556, 0.0 ], [ 379435.974678288097493, 5510017.38323790114373, 0.0 ], [ 379408.01183641096577, 5510024.346412629820406, 0.0 ], [ 379390.990965001168661, 5510014.381749987602234, 0.0 ], [ 379361.036061941180378, 5510006.373948321677744, 0.0 ], [ 379350.020989558426663, 5509997.387756102718413, 0.0 ], [ 379313.010919950029347, 5509941.376297450624406, 0.0 ], [ 379231.972233271459118, 5509870.331030290573835, 0.0 ], [ 379196.014020521717612, 5509803.396578793413937, 0.0 ], [ 379208.01202022691723, 5509785.332377669401467, 0.0 ], [ 379237.024406907963566, 5509783.349996799603105, 0.0 ], [ 379250.04109102813527, 5509775.384810602292418, 0.0 ], [ 379322.001838314754423, 5509772.333296619355679, 0.0 ], [ 379334.040479927090928, 5509746.371379740536213, 0.0 ], [ 379317.040938975755125, 5509737.407481958158314, 0.0 ], [ 379247.006656237295829, 5509639.421994443051517, 0.0 ], [ 379189.020705300092231, 5509619.360853950493038, 0.0 ], [ 379178.026928846375085, 5509611.375543751753867, 0.0 ], [ 379180.035720529151149, 5509575.404377189464867, 0.0 ], [ 379169.972141600155737, 5509528.357644572854042, 0.0 ], [ 379127.994972166663501, 5509437.421725647523999, 0.0 ], [ 379059.986277941032313, 5509401.34662916418165, 0.0 ], [ 379040.992093765176833, 5509377.412476778030396, 0.0 ], [ 379026.006438920507208, 5509384.421111486852169, 0.0 ], [ 379014.982139898464084, 5509378.327650288119912, 0.0 ], [ 378996.042104546213523, 5509321.357998049817979, 0.0 ], [ 379000.020788589841686, 5509299.357298753224313, 0.0 ], [ 379017.971475601487327, 5509273.373712976463139, 0.0 ], [ 379023.985698713862803, 5509242.429367003962398, 0.0 ], [ 379017.983753773733042, 5509209.417899113148451, 0.0 ], [ 379010.975288255198393, 5509202.344836668111384, 0.0 ], [ 378994.987325023626909, 5509161.325870249420404, 0.0 ], [ 378950.035405123489909, 5509121.399673198349774, 0.0 ], [ 378923.010269727208652, 5509125.341081316582859, 0.0 ], [ 378908.02618213032838, 5509116.333282615989447, 0.0 ], [ 378840.031072336132638, 5509055.345575503073633, 0.0 ], [ 378817.005794116063043, 5509025.384899031370878, 0.0 ], [ 378778.99255453934893, 5508973.403359091840684, 0.0 ], [ 378772.991969301190693, 5508953.405656694434583, 0.0 ], [ 378734.988124439143576, 5508908.320271295495331, 0.0 ], [ 378733.980066503107082, 5508879.423791956156492, 0.0 ], [ 378762.038282372057438, 5508831.412388795055449, 0.0 ], [ 378762.999476450029761, 5508816.375191748142242, 0.0 ], [ 378709.973990225524176, 5508799.322043577209115, 0.0 ], [ 378654.98770218109712, 5508791.322770360857248, 0.0 ], [ 378646.037482561543584, 5508752.371468815021217, 0.0 ], [ 378601.027541131887119, 5508713.339085870422423, 0.0 ], [ 378547.036311275674962, 5508608.328358373604715, 0.0 ], [ 378534.035467460402288, 5508591.379882791079581, 0.0 ], [ 378520.028722276503686, 5508555.322919297032058, 0.0 ], [ 378520.983519096742384, 5508530.386578093282878, 0.0 ], [ 378534.030663521203678, 5508504.400262789800763, 0.0 ], [ 378610.980980668333359, 5508414.359531060792506, 0.0 ], [ 378623.019690517568961, 5508388.396078307181597, 0.0 ], [ 378627.994082936260384, 5508359.365470143966377, 0.0 ], [ 378678.008483061101288, 5508367.364843769930303, 0.0 ], [ 378708.015164794225711, 5508364.356588188558817, 0.0 ], [ 378742.003507510351483, 5508352.36113506462425, 0.0 ], [ 378756.0431342771044, 5508367.395971196703613, 0.0 ], [ 378764.017820617940743, 5508385.347358088940382, 0.0 ], [ 378776.008727519540116, 5508389.416651209816337, 0.0 ], [ 378786.04011171835009, 5508370.394626887515187, 0.0 ], [ 378787.033670973207336, 5508350.351510279811919, 0.0 ], [ 378805.018041285220534, 5508290.331122140400112, 0.0 ], [ 378843.000526703835931, 5508234.423475248739123, 0.0 ], [ 378853.971728673786856, 5508199.363884742371738, 0.0 ], [ 378843.99091530503938, 5508172.336662360467017, 0.0 ], [ 378843.025842294562608, 5508145.330112463794649, 0.0 ], [ 378802.034094880102202, 5508089.410755772143602, 0.0 ], [ 378797.971434368519112, 5508059.359206466004252, 0.0 ], [ 378806.032755165419076, 5508055.397005518898368, 0.0 ], [ 378846.991608101525344, 5508074.389789658598602, 0.0 ], [ 378856.007557550328784, 5508074.41046775598079, 0.0 ], [ 378876.002844030386768, 5508049.38188211992383, 0.0 ], [ 378804.018793224124238, 5507949.331578391604125, 0.0 ], [ 378759.978466116532218, 5507918.395578721538186, 0.0 ], [ 378761.979443249059841, 5507914.346594857983291, 0.0 ], [ 378841.999793841212522, 5507938.359753344208002, 0.0 ], [ 378874.013063199468888, 5507973.347202517092228, 0.0 ], [ 378897.002169027924538, 5507985.401507585309446, 0.0 ], [ 378899.018337697256356, 5508001.373075289651752, 0.0 ], [ 378938.992898778349627, 5508034.403159283101559, 0.0 ], [ 378960.982324675482232, 5508024.345937005244195, 0.0 ], [ 378980.988114481850062, 5508022.34148317668587, 0.0 ], [ 378993.99385653831996, 5508023.385469573549926, 0.0 ], [ 379001.018659092951566, 5508034.351128035224974, 0.0 ], [ 379028.026966932346113, 5508029.409661910496652, 0.0 ], [ 379027.02758387546055, 5508036.328055944293737, 0.0 ], [ 379055.000428789993748, 5508029.363088440150023, 0.0 ], [ 379063.004972960625309, 5508016.393180100247264, 0.0 ], [ 379185.002449306834023, 5507982.414393448270857, 0.0 ], [ 379218.986806174158119, 5507918.368103164248168, 0.0 ], [ 379303.013548344373703, 5507918.384895366616547, 0.0 ], [ 379349.000170542858541, 5507839.390022025443614, 0.0 ], [ 379380.014980199979618, 5507797.322658439166844, 0.0 ], [ 379453.003321061492898, 5507800.368457949720323, 0.0 ], [ 379500.992203393892851, 5507814.426896600052714, 0.0 ], [ 379552.019871223717928, 5507861.341137444600463, 0.0 ], [ 379585.974866503092926, 5507857.360216640867293, 0.0 ], [ 379581.978877024026588, 5507846.326467930339277, 0.0 ], [ 379542.979627933877055, 5507808.376088539138436, 0.0 ], [ 379547.022447006136645, 5507779.367289469577372, 0.0 ], [ 379557.973679852730129, 5507772.338837358169258, 0.0 ], [ 379572.97616397443926, 5507772.338772964663804, 0.0 ], [ 379576.008936838363297, 5507730.338995203375816, 0.0 ], [ 379542.976451933733188, 5507636.420263751409948, 0.0 ], [ 379542.991364539950155, 5507614.397123663686216, 0.0 ], [ 379530.02866542089032, 5507576.423694797791541, 0.0 ], [ 379541.011161608854309, 5507538.362394426018, 0.0 ], [ 379572.986848502245266, 5507513.403745203278959, 0.0 ], [ 379560.011998680885881, 5507494.338985221460462, 0.0 ], [ 379498.998286850634031, 5507436.412951646372676, 0.0 ], [ 379472.00248528807424, 5507432.342325802892447, 0.0 ], [ 379478.024253875249997, 5507427.425548528321087, 0.0 ], [ 379427.998943392885849, 5507380.378311701118946, 0.0 ], [ 379465.042425218154676, 5507398.350784389302135, 0.0 ], [ 379501.002034380449913, 5507390.320670168846846, 0.0 ], [ 379538.981934816052672, 5507369.343604696914554, 0.0 ], [ 379536.679638556670398, 5507327.462527757510543, 0.0 ] ] ] } },
{ "type": "Feature", "properties": { "name": "Saar-Hunsrück-Steig - 13. Etappe: Idar-Oberstein (Altstadt) - Fischbach - Herrstein", "km": 19.606, "darstell": "F1", "datum": null, "height": 947, "link": "https://www.saar-hunsrueck-steig.de/tour/saar-hunsrueck-steig-13.-etappe-idar-oberstein-altstadt-fischbach-herrstein-e7a63a806e" }, "geometry": { "type": "MultiLineString", "coordinates": [ [ [ 379536.679638556670398, 5507327.462527757510543, 0.0 ], [ 379544.024450194439851, 5507320.403097790665925, 0.0 ], [ 379551.025723910192028, 5507317.355465285480022, 0.0 ], [ 379562.017110144486651, 5507315.331349815241992, 0.0 ], [ 379581.982760319020599, 5507298.425805556587875, 0.0 ], [ 379582.976100300205871, 5507307.413037435151637, 0.0 ], [ 379594.988435158913489, 5507312.373535766266286, 0.0 ], [ 379624.025568439566996, 5507356.329610367305577, 0.0 ], [ 379664.976368888746947, 5507394.348498669452965, 0.0 ], [ 379677.013139152782969, 5507400.420887821353972, 0.0 ], [ 379705.991496617265511, 5507396.328979445621371, 0.0 ], [ 379751.003519486985169, 5507370.414477065205574, 0.0 ], [ 379787.971857256256044, 5507323.323541002348065, 0.0 ], [ 379791.018422435037792, 5507301.34437115304172, 0.0 ], [ 379805.0416056093527, 5507247.422114286571741, 0.0 ], [ 379817.98143860977143, 5507206.426171300932765, 0.0 ], [ 379815.000394619884901, 5507192.36663378123194, 0.0 ], [ 379821.025465458398685, 5507171.322417970746756, 0.0 ], [ 379827.990888622007333, 5507176.39545058272779, 0.0 ], [ 379839.027789443498477, 5507215.413292711600661, 0.0 ], [ 379849.986728203424718, 5507244.422544475644827, 0.0 ], [ 379865.010566353565082, 5507258.326117888092995, 0.0 ], [ 379878.007026835286524, 5507278.392135272733867, 0.0 ], [ 379878.032935897121206, 5507328.332026121206582, 0.0 ], [ 379875.981175994500518, 5507346.396155141294003, 0.0 ], [ 379866.991984954802319, 5507357.384514481760561, 0.0 ], [ 379866.975487582443748, 5507366.394186607562006, 0.0 ], [ 379877.972549216123298, 5507374.380925900302827, 0.0 ], [ 379890.034346119093243, 5507378.339931536465883, 0.0 ], [ 379895.971083465847187, 5507392.333939054980874, 0.0 ], [ 379908.029771701083519, 5507399.407379127107561, 0.0 ], [ 379936.004578824038617, 5507431.376176223158836, 0.0 ], [ 379946.019813752325717, 5507450.396187368780375, 0.0 ], [ 379960.033517163712531, 5507464.322396264411509, 0.0 ], [ 379965.972473633941263, 5507465.414213258773088, 0.0 ], [ 379981.979663326404989, 5507442.369272022508085, 0.0 ], [ 379995.995754330069758, 5507456.406743980012834, 0.0 ], [ 379992.976229500316549, 5507476.383110200054944, 0.0 ], [ 379998.995835905952845, 5507484.36918215546757, 0.0 ], [ 380011.997125342139043, 5507475.405418960377574, 0.0 ], [ 380012.97300795285264, 5507493.40238974057138, 0.0 ], [ 380025.02901069924701, 5507487.351479937322438, 0.0 ], [ 380063.991921901179012, 5507455.344997939653695, 0.0 ], [ 380075.030246417678427, 5507442.420745339244604, 0.0 ], [ 380077.03326394566102, 5507399.331976512447, 0.0 ], [ 380100.971428293734789, 5507366.323888147249818, 0.0 ], [ 380112.043456661864184, 5507348.393815415911376, 0.0 ], [ 380146.973159880319145, 5507326.376392620615661, 0.0 ], [ 380154.008199914300349, 5507318.323644453659654, 0.0 ], [ 380154.038960025121924, 5507303.418710722588003, 0.0 ], [ 380150.986734755861107, 5507289.360596718266606, 0.0 ], [ 380136.01122962217778, 5507274.342933348380029, 0.0 ], [ 380136.011686264246237, 5507261.329507725313306, 0.0 ], [ 380140.986681233043782, 5507238.418096873909235, 0.0 ], [ 380152.01237370877061, 5507218.3758610393852, 0.0 ], [ 380153.000118688156363, 5507204.33955426607281, 0.0 ], [ 380146.97529362962814, 5507186.343109894543886, 0.0 ], [ 380158.025206844322383, 5507180.426025616005063, 0.0 ], [ 380191.006453711248469, 5507171.354247364215553, 0.0 ], [ 380202.020464646746404, 5507170.331981219351292, 0.0 ], [ 380215.98732070781989, 5507172.358734840527177, 0.0 ], [ 380244.008783424214926, 5507193.427936241962016, 0.0 ], [ 380289.981840232445393, 5507217.325912285596132, 0.0 ], [ 380323.993355771061033, 5507261.398012191057205, 0.0 ], [ 380348.009025891136844, 5507300.352358154952526, 0.0 ], [ 380373.018841251556296, 5507348.405335135757923, 0.0 ], [ 380367.979138630907983, 5507368.426067788153887, 0.0 ], [ 380364.033819329924881, 5507405.328920328058302, 0.0 ], [ 380381.982026875077281, 5507437.410248254425824, 0.0 ], [ 380407.03959217609372, 5507471.336651637218893, 0.0 ], [ 380423.980245279963128, 5507477.413571302779019, 0.0 ], [ 380439.975352442648727, 5507486.403287388384342, 0.0 ], [ 380519.980698645929806, 5507503.323058216832578, 0.0 ], [ 380554.014975782250986, 5507509.356861633248627, 0.0 ], [ 380590.007519644394051, 5507509.341511037200689, 0.0 ], [ 380649.037458275794052, 5507448.423115246929228, 0.0 ], [ 380699.004041094449349, 5507434.419764668680727, 0.0 ], [ 380745.015100224525668, 5507414.386612947098911, 0.0 ], [ 380763.02479341882281, 5507390.410203424282372, 0.0 ], [ 380792.004271167563275, 5507363.411700990051031, 0.0 ], [ 380800.030069069762249, 5507318.411222183145583, 0.0 ], [ 380865.98976653709542, 5507267.353096019476652, 0.0 ], [ 380885.040222045441624, 5507228.338837619870901, 0.0 ], [ 380897.974545480625238, 5507170.328455893322825, 0.0 ], [ 380898.001298921881244, 5507158.426775011233985, 0.0 ], [ 380906.997522085206583, 5507121.413380991667509, 0.0 ], [ 380940.030203487956896, 5507065.408091772347689, 0.0 ], [ 380937.990520266699605, 5507028.414977381937206, 0.0 ], [ 380929.999388868978713, 5506996.335404314100742, 0.0 ], [ 380948.995148042216897, 5506961.326747753657401, 0.0 ], [ 380964.984846699459013, 5506927.385271619074047, 0.0 ], [ 380968.010867251781747, 5506894.396138049662113, 0.0 ], [ 380966.990571897476912, 5506864.387800079770386, 0.0 ], [ 380957.994913298985921, 5506819.428166183643043, 0.0 ], [ 380945.028483412228525, 5506774.333387480117381, 0.0 ], [ 380962.992317369556986, 5506774.383398073725402, 0.0 ], [ 380937.976920025656, 5506742.344373834319413, 0.0 ], [ 380956.972325623151846, 5506743.372714582830667, 0.0 ], [ 380942.031950027274434, 5506723.34696673694998, 0.0 ], [ 380971.986182689899579, 5506727.359976717270911, 0.0 ], [ 380996.978501646895893, 5506735.375057746656239, 0.0 ], [ 381028.043154537735973, 5506760.385494771413505, 0.0 ], [ 381045.008964580832981, 5506800.387470648624003, 0.0 ], [ 381049.020150372991338, 5506848.348554932512343, 0.0 ], [ 381050.03728277789196, 5506891.370284087024629, 0.0 ], [ 381043.039193437201902, 5506914.325130805373192, 0.0 ], [ 381044.137707086512819, 5506921.641850042156875, 0.0 ], [ 381047.032740338356234, 5506925.359906066209078, 0.0 ], [ 381044.028248287446331, 5506959.349532000720501, 0.0 ], [ 381047.971641874872148, 5506971.386434299871325, 0.0 ], [ 381048.012911258439999, 5506986.400904319249094, 0.0 ], [ 381040.030274906894192, 5507066.324605842120945, 0.0 ], [ 381025.011072528432123, 5507085.340386109426618, 0.0 ], [ 381026.989272980252281, 5507106.42968187853694, 0.0 ], [ 381038.008092067029793, 5507125.318302866071463, 0.0 ], [ 381046.010009681456722, 5507197.327567361295223, 0.0 ], [ 381067.016031580627896, 5507283.399224801920354, 0.0 ], [ 381060.023634239449166, 5507362.411391638219357, 0.0 ], [ 381073.986036396992858, 5507423.389711200259626, 0.0 ], [ 381110.982335968466941, 5507518.34199296683073, 0.0 ], [ 381114.008861713577062, 5507577.336046943441033, 0.0 ], [ 381126.007947190722916, 5507634.353489297442138, 0.0 ], [ 381080.025656793615781, 5507652.380747539922595, 0.0 ], [ 381064.998389578366186, 5507664.389485901221633, 0.0 ], [ 381047.041074477601796, 5507674.349367975257337, 0.0 ], [ 381043.988622492062859, 5507686.428752074949443, 0.0 ], [ 381060.04031622572802, 5507724.337532722391188, 0.0 ], [ 381119.041534390475135, 5507747.399922223761678, 0.0 ], [ 381033.017697663861327, 5507771.423395515419543, 0.0 ], [ 380948.98504178901203, 5507797.406530844047666, 0.0 ], [ 380954.009514119126834, 5507809.419593559578061, 0.0 ], [ 380982.99616235611029, 5507812.341470287181437, 0.0 ], [ 381040.007898290816229, 5507797.407706649042666, 0.0 ], [ 381091.972147512191441, 5507792.373227428644896, 0.0 ], [ 381114.039052050909959, 5507805.3468315936625, 0.0 ], [ 381123.005861526122317, 5507829.397001477889717, 0.0 ], [ 381133.975339603726752, 5507849.399107653647661, 0.0 ], [ 381151.039903285272885, 5507851.360179208219051, 0.0 ], [ 381166.985376320488285, 5507848.340739862062037, 0.0 ], [ 381195.024490324489307, 5507857.401916364207864, 0.0 ], [ 381244.024437224608846, 5507924.396529028192163, 0.0 ], [ 381280.98339388158638, 5507988.31884886790067, 0.0 ], [ 381318.980734696844593, 5508040.428778755478561, 0.0 ], [ 381328.000295897538308, 5508060.362767108716071, 0.0 ], [ 381356.001068610639777, 5508074.319468236528337, 0.0 ], [ 381360.018463003798388, 5508073.341619384475052, 0.0 ], [ 381375.994598700781353, 5508078.330299352295697, 0.0 ], [ 381376.032139498507604, 5508083.33460028283298, 0.0 ], [ 381371.021149621228687, 5508088.3383106617257, 0.0 ], [ 381363.035694199206773, 5508102.416437610983849, 0.0 ], [ 381366.02250363555504, 5508110.359177524223924, 0.0 ], [ 381417.014648168231361, 5508143.387946745380759, 0.0 ], [ 381451.987013430334628, 5508179.326162004843354, 0.0 ], [ 381459.030883463448845, 5508191.406645281240344, 0.0 ], [ 381460.986400289111771, 5508198.370991836301982, 0.0 ], [ 381463.004138302698266, 5508221.350365907885134, 0.0 ], [ 381452.041701078065671, 5508244.391551294364035, 0.0 ], [ 381423.001216470496729, 5508278.395128060132265, 0.0 ], [ 381399.974756064475514, 5508310.376275485381484, 0.0 ], [ 381386.989000842615496, 5508323.340470444411039, 0.0 ], [ 381381.034565234207548, 5508354.39150907844305, 0.0 ], [ 381381.037581011187285, 5508364.401694589294493, 0.0 ], [ 381387.019637861289084, 5508377.395154648460448, 0.0 ], [ 381374.983760804752819, 5508384.332420212216675, 0.0 ], [ 381354.026044139172882, 5508382.344818548299372, 0.0 ], [ 381322.990600791934412, 5508371.346567211672664, 0.0 ], [ 381311.007367719779722, 5508377.393022538162768, 0.0 ], [ 381317.017788674100302, 5508388.383738094009459, 0.0 ], [ 381319.998265515314415, 5508399.32966894377023, 0.0 ], [ 381307.027879888948519, 5508406.398806231096387, 0.0 ], [ 381259.009312844485976, 5508446.380796581506729, 0.0 ], [ 381241.035674765298609, 5508465.349728014320135, 0.0 ], [ 381236.034694697475061, 5508477.360549355857074, 0.0 ], [ 381239.0020047260914, 5508484.413850235752761, 0.0 ], [ 381234.979103851073887, 5508511.418609294109046, 0.0 ], [ 381241.040900324471295, 5508554.329736839048564, 0.0 ], [ 381250.018545505357906, 5508572.373683582060039, 0.0 ], [ 381253.008582277107053, 5508590.326557632535696, 0.0 ], [ 381262.985766088764649, 5508601.341408596374094, 0.0 ], [ 381257.972428489709273, 5508619.358645202592015, 0.0 ], [ 381247.992333638074342, 5508621.357212640345097, 0.0 ], [ 381229.00358052609954, 5508620.327952293679118, 0.0 ], [ 381194.007584971841425, 5508596.404041395522654, 0.0 ], [ 381155.023446814506315, 5508581.354709165170789, 0.0 ], [ 381142.009766631235834, 5508586.423164388164878, 0.0 ], [ 381134.998095755581744, 5508605.374215804971755, 0.0 ], [ 381137.023331596050411, 5508625.350284127518535, 0.0 ], [ 381142.990734932245687, 5508657.363332376815379, 0.0 ], [ 381150.987589118885808, 5508673.426608569920063, 0.0 ], [ 381185.030022090009879, 5508762.326706751249731, 0.0 ], [ 381209.020030380634125, 5508797.392164427787066, 0.0 ], [ 381232.01683227578178, 5508823.359046893194318, 0.0 ], [ 381270.974130993708968, 5508850.421775757335126, 0.0 ], [ 381357.025926320638973, 5508884.349111754447222, 0.0 ], [ 381367.021218679379672, 5508886.354499070905149, 0.0 ], [ 381377.978507453983184, 5508899.350105613470078, 0.0 ], [ 381381.992073260364123, 5508911.385671929456294, 0.0 ], [ 381363.988341825141106, 5508922.346701939590275, 0.0 ], [ 381344.007319499272853, 5508948.366543690674007, 0.0 ], [ 381324.04218440153636, 5508978.390225554816425, 0.0 ], [ 381306.038793689687736, 5508989.351454695686698, 0.0 ], [ 381284.986378670029808, 5508999.378604927100241, 0.0 ], [ 381254.026744763250463, 5509011.402825679630041, 0.0 ], [ 381238.981101186713204, 5509022.410612652078271, 0.0 ], [ 381236.036515843297821, 5509039.381473107263446, 0.0 ], [ 381242.031180150050204, 5509069.391961050219834, 0.0 ], [ 381259.001601600786671, 5509103.388168960809708, 0.0 ], [ 381259.979577920341399, 5509118.382119218818843, 0.0 ], [ 381253.002667810418643, 5509132.327145921997726, 0.0 ], [ 381250.041462738707196, 5509135.395208765752614, 0.0 ], [ 381245.009658514289185, 5509139.398514932021499, 0.0 ], [ 381226.997394114499912, 5509143.353037567809224, 0.0 ], [ 381204.018295696354471, 5509144.413571886718273, 0.0 ], [ 381191.99057168723084, 5509148.348063431680202, 0.0 ], [ 381172.028911594185047, 5509142.335291448049247, 0.0 ], [ 381153.000446899968665, 5509139.416405867785215, 0.0 ], [ 381109.994781586923636, 5509141.362106029875576, 0.0 ], [ 381087.001008584920783, 5509148.318405573256314, 0.0 ], [ 381074.973374414548744, 5509165.377756441943347, 0.0 ], [ 381072.007414478226565, 5509181.348173490725458, 0.0 ], [ 381075.987296616134699, 5509198.389420451596379, 0.0 ], [ 381058.995460649370216, 5509232.352954376488924, 0.0 ], [ 381051.020032067317516, 5509253.327419656328857, 0.0 ], [ 381044.028385931102093, 5509322.329670163802803, 0.0 ], [ 381051.974918609077577, 5509385.331044120714068, 0.0 ], [ 381074.994766682211775, 5509458.345083059743047, 0.0 ], [ 381088.007612687302753, 5509535.360786007717252, 0.0 ], [ 381075.023306459595915, 5509561.339243854396045, 0.0 ], [ 381071.988009451306425, 5509577.422429399564862, 0.0 ], [ 381080.041318797215354, 5509599.379292847588658, 0.0 ], [ 381109.001233229821082, 5509634.335011872462928, 0.0 ], [ 381184.002868731622584, 5509638.359955205582082, 0.0 ], [ 381223.975350038032047, 5509636.370053636841476, 0.0 ], [ 381248.001461969222873, 5509640.402911432087421, 0.0 ], [ 381282.028584394895006, 5509653.336901700124145, 0.0 ], [ 381310.042959337937646, 5509681.418416218832135, 0.0 ], [ 381325.025387700647116, 5509710.342025344260037, 0.0 ], [ 381335.972292347112671, 5509762.377820169553161, 0.0 ], [ 381353.02474492683541, 5509790.366293258033693, 0.0 ], [ 381359.999080148001667, 5509845.38110647816211, 0.0 ], [ 381377.010484235128388, 5509881.378767072223127, 0.0 ], [ 381387.000965488492511, 5509919.421230276115239, 0.0 ], [ 381394.990803834050894, 5510004.333427304401994, 0.0 ], [ 381409.980679034721106, 5510030.365215454250574, 0.0 ], [ 381428.971309609420132, 5510084.338129548355937, 0.0 ], [ 381442.015196356107481, 5510110.412648050114512, 0.0 ], [ 381456.986501259321813, 5510132.329622521996498, 0.0 ], [ 381466.017363151244354, 5510169.392210188321769, 0.0 ], [ 381465.015280372695997, 5510199.333773388527334, 0.0 ], [ 381454.016682489076629, 5510207.36055747885257, 0.0 ], [ 381454.007206745096482, 5510223.377210502512753, 0.0 ], [ 381466.008148013963364, 5510241.355183754116297, 0.0 ], [ 381474.024330897023901, 5510291.34215294290334, 0.0 ], [ 381470.994683205615729, 5510304.421898427419364, 0.0 ], [ 381451.01311706280103, 5510320.320085168816149, 0.0 ], [ 381435.974019769695587, 5510341.337609292007983, 0.0 ], [ 381435.024747377261519, 5510347.364584974013269, 0.0 ], [ 381435.040412690141238, 5510351.368354401551187, 0.0 ], [ 381445.997897141438443, 5510374.374291081912816, 0.0 ], [ 381450.013524972891901, 5510396.42012798320502, 0.0 ], [ 381446.987813036656007, 5510429.409146703779697, 0.0 ], [ 381447.022943212359678, 5510457.325943098403513, 0.0 ], [ 381452.015982436889317, 5510471.342133708298206, 0.0 ], [ 381466.979402311553713, 5510486.363311060704291, 0.0 ], [ 381497.015815644117538, 5510498.384876376017928, 0.0 ], [ 381531.988791115523782, 5510505.404568219557405, 0.0 ], [ 381530.97371036070399, 5510508.42988374363631, 0.0 ], [ 381504.987879847409204, 5510523.347154181450605, 0.0 ], [ 381506.018312953354325, 5510547.349253311753273, 0.0 ], [ 381499.988274763920344, 5510558.381439344026148, 0.0 ], [ 381510.017733188520651, 5510588.415015669539571, 0.0 ], [ 381515.035711113247089, 5510590.4183737821877, 0.0 ], [ 381515.988330152409617, 5510627.324319954961538, 0.0 ], [ 381522.982066448079422, 5510650.417219555005431, 0.0 ], [ 381532.977281056460924, 5510695.3557781977579, 0.0 ], [ 381537.032899847894441, 5510732.416215629316866, 0.0 ], [ 381532.011751699377783, 5510743.426277779042721, 0.0 ], [ 381542.032348982815165, 5510753.328308852389455, 0.0 ], [ 381550.019341475272086, 5510749.371725193224847, 0.0 ], [ 381556.972759427735582, 5510734.426479469053447, 0.0 ], [ 381559.012547126738355, 5510712.359195617027581, 0.0 ], [ 381569.017072792863473, 5510708.358463131822646, 0.0 ], [ 381581.041978149907663, 5510714.323793073184788, 0.0 ], [ 381612.010054312937427, 5510739.338905333541334, 0.0 ], [ 381617.039891689666547, 5510758.359561832621694, 0.0 ], [ 381630.984195434080902, 5510766.396266366355121, 0.0 ], [ 381645.000869585259352, 5510784.33047123067081, 0.0 ], [ 381664.984266319719609, 5510788.342226365581155, 0.0 ], [ 381693.997065097908489, 5510806.393370427191257, 0.0 ], [ 381714.021433262736537, 5510802.396189711987972, 0.0 ], [ 381725.015373345813714, 5510807.383347093127668, 0.0 ], [ 381736.993497658520937, 5510801.337710068561137, 0.0 ], [ 381756.002770080114715, 5510800.365962811745703, 0.0 ], [ 381764.007853023707867, 5510810.423676013946533, 0.0 ], [ 381766.036855109676253, 5510827.39677451364696, 0.0 ], [ 381774.030453728104476, 5510830.336339920759201, 0.0 ], [ 381784.013030769769102, 5510825.335454867221415, 0.0 ], [ 381794.032912739086896, 5510825.338906247168779, 0.0 ], [ 381808.033411120704841, 5510829.370717477053404, 0.0 ], [ 381820.983978350413963, 5510851.332755169831216, 0.0 ], [ 381829.036593956116121, 5510850.378229732625186, 0.0 ], [ 381833.999112749763299, 5510833.363583257421851, 0.0 ], [ 381841.034140081726946, 5510825.424125867895782, 0.0 ], [ 381852.977524951973464, 5510824.384638118557632, 0.0 ], [ 381867.99317158816848, 5510825.39134933706373, 0.0 ], [ 381883.982671457692049, 5510831.381963579915464, 0.0 ], [ 381885.002019248728175, 5510815.343287901952863, 0.0 ], [ 381891.995786115294322, 5510815.413008321076632, 0.0 ], [ 381908.037802486156579, 5510830.411778445355594, 0.0 ], [ 381927.976964463538025, 5510842.322436687536538, 0.0 ], [ 381936.981574574834667, 5510845.351392518728971, 0.0 ], [ 381950.008105778193567, 5510844.399698745459318, 0.0 ], [ 381974.98215009883279, 5510872.328262030147016, 0.0 ], [ 381984.00414203805849, 5510889.371268426068127, 0.0 ], [ 381995.977946606464684, 5510896.339629956521094, 0.0 ], [ 382015.993266284349374, 5510918.370412185788155, 0.0 ], [ 382038.028208049363457, 5510917.333636960946023, 0.0 ], [ 382044.041197028825991, 5510925.321915403939784, 0.0 ], [ 382075.032285210327245, 5510938.326760615222156, 0.0 ], [ 382101.019035739242099, 5510943.321446537971497, 0.0 ], [ 382140.012125938897952, 5510956.374669929035008, 0.0 ], [ 382157.991698018740863, 5510974.334991880692542, 0.0 ], [ 382164.987097522825934, 5510984.415263883769512, 0.0 ], [ 382191.017120715696365, 5510991.411476152949035, 0.0 ], [ 382204.042683464707807, 5511000.359418004751205, 0.0 ], [ 382222.972549312340561, 5511002.39408818166703, 0.0 ], [ 382234.996045990032144, 5511008.36085292417556, 0.0 ], [ 382249.037574958521873, 5511004.384692870080471, 0.0 ], [ 382284.000310053233989, 5511034.32162797357887, 0.0 ], [ 382294.973866782151163, 5511038.420552598312497, 0.0 ], [ 382307.018974655889906, 5511045.388024733401835, 0.0 ], [ 382320.988404354371596, 5511041.413618472404778, 0.0 ], [ 382341.026410448888782, 5511051.321542277000844, 0.0 ], [ 382387.040529098012485, 5511082.353387718088925, 0.0 ], [ 382408.997404412017204, 5511094.333093171007931, 0.0 ], [ 382416.02072056371253, 5511102.411015994846821, 0.0 ], [ 382415.986804506042972, 5511117.427094270475209, 0.0 ], [ 382389.985788487072568, 5511171.380376906134188, 0.0 ], [ 382384.043273478571791, 5511196.423968445509672, 0.0 ], [ 382392.0021364944987, 5511214.380516589619219, 0.0 ], [ 382410.975112737272866, 5511238.326157183386385, 0.0 ], [ 382410.99972769676242, 5511259.347104861401021, 0.0 ], [ 382402.008651866635773, 5511293.354954491369426, 0.0 ], [ 382396.011182260815986, 5511352.323301703669131, 0.0 ], [ 382434.996608044835739, 5511388.402219545096159, 0.0 ], [ 382446.976899132481776, 5511402.378541785292327, 0.0 ], [ 382445.023924357956275, 5511415.323072159662843, 0.0 ], [ 382437.026187353825662, 5511425.395949237048626, 0.0 ], [ 382430.027875435189344, 5511438.338954414241016, 0.0 ], [ 382434.030748031218536, 5511453.378497112542391, 0.0 ], [ 382456.972892912803218, 5511464.335900570265949, 0.0 ], [ 382483.013832118245773, 5511465.327048099599779, 0.0 ], [ 382502.035724230343476, 5511468.361654081381857, 0.0 ], [ 382525.015546584385447, 5511494.333859317004681, 0.0 ], [ 382550.022763511864468, 5511527.380500825121999, 0.0 ], [ 382583.042320445238147, 5511554.358347246423364, 0.0 ], [ 382645.981698728341144, 5511598.371665555052459, 0.0 ], [ 382662.040059820050374, 5511604.36297417525202, 0.0 ], [ 382681.989982145489193, 5511600.370900605805218, 0.0 ], [ 382712.018325721379369, 5511622.40928924549371, 0.0 ], [ 382726.995942322013434, 5511628.424228386022151, 0.0 ], [ 382729.005230172188021, 5511621.373499957844615, 0.0 ], [ 382747.976065961760469, 5511625.411074184812605, 0.0 ], [ 382741.004235288652126, 5511616.330619194544852, 0.0 ], [ 382746.973611611116212, 5511612.419535020366311, 0.0 ], [ 382763.031809004605748, 5511618.411141257733107, 0.0 ], [ 382768.040577377891168, 5511613.408662891946733, 0.0 ], [ 382777.026273389637936, 5511612.324055866338313, 0.0 ], [ 382796.99867798818741, 5511619.343151452019811, 0.0 ], [ 382803.016032817773521, 5511614.318845003843307, 0.0 ], [ 382818.997536765353289, 5511623.426564110442996, 0.0 ], [ 382826.02486942068208, 5511638.40081204008311, 0.0 ], [ 382842.024858575488906, 5511638.387783946469426, 0.0 ], [ 382841.975850801216438, 5511659.41028094664216, 0.0 ], [ 382865.029743408842478, 5511642.338357302360237, 0.0 ], [ 382874.017197149107233, 5511631.354891807772219, 0.0 ], [ 382875.992146832752042, 5511609.400886787101626, 0.0 ], [ 382881.973862131126225, 5511609.382545186206698, 0.0 ], [ 382904.981065169675276, 5511653.374051900580525, 0.0 ], [ 382906.971134745865129, 5511685.363605532795191, 0.0 ], [ 382928.976879831461702, 5511736.384030009619892, 0.0 ], [ 382935.98159924231004, 5511740.347673838026822, 0.0 ], [ 382966.979029654059559, 5511727.330732636153698, 0.0 ], [ 382977.012177314143628, 5511741.350303541868925, 0.0 ], [ 383004.033412471413612, 5511734.42575491592288, 0.0 ], [ 383019.015421851538122, 5511747.337297989055514, 0.0 ], [ 383037.04196883761324, 5511754.399350740015507, 0.0 ], [ 383086.006331420387141, 5511762.349542275071144, 0.0 ], [ 383106.028157183201984, 5511768.367656871676445, 0.0 ], [ 383127.994790833618026, 5511764.333616026677191, 0.0 ], [ 383145.005306118750013, 5511764.410851318389177, 0.0 ], [ 383160.990441501780879, 5511760.394998451694846, 0.0 ], [ 383175.023323814384639, 5511749.414244631305337, 0.0 ], [ 383191.030180461821146, 5511756.409217284992337, 0.0 ], [ 383225.997288588434458, 5511780.345697189681232, 0.0 ], [ 383219.007250248221681, 5511780.385443879291415, 0.0 ], [ 383143.036796556378249, 5511803.381907948292792, 0.0 ], [ 383136.025158524978906, 5511802.4212107937783, 0.0 ], [ 383117.977645186590962, 5511814.378654570318758, 0.0 ], [ 383084.002841961686499, 5511826.346875926479697, 0.0 ], [ 383083.974325553048402, 5511838.359725084155798, 0.0 ], [ 383104.010584145202301, 5511858.391780395060778, 0.0 ], [ 383108.018465270695742, 5511870.428585209883749, 0.0 ], [ 383122.012798430339899, 5511874.352574059739709, 0.0 ], [ 383140.010000713635236, 5511883.417623178102076, 0.0 ], [ 383143.035664163588081, 5511893.362418091855943, 0.0 ], [ 383137.03995985497022, 5511899.386899872682989, 0.0 ], [ 383134.040993226866703, 5511907.348651168867946, 0.0 ], [ 383146.025513224303722, 5511918.323274806141853, 0.0 ], [ 383157.990887377993204, 5511938.418732883408666, 0.0 ], [ 383178.977325286250561, 5511952.424397298134863, 0.0 ], [ 383189.021559209213592, 5511970.336942553520203, 0.0 ], [ 383214.036922217463143, 5511977.359783401712775, 0.0 ], [ 383238.022141576569993, 5511973.39378069434315, 0.0 ], [ 383255.99491871916689, 5511961.327113687060773, 0.0 ], [ 383342.996579400845803, 5511955.333886253647506, 0.0 ], [ 383366.988991125486791, 5511958.375430722720921, 0.0 ], [ 383431.996191515936516, 5511948.409194454550743, 0.0 ], [ 383479.97164589620661, 5511947.375036071054637, 0.0 ], [ 383501.037071596307214, 5511948.366997604258358, 0.0 ], [ 383523.024757213541307, 5511945.335105671547353, 0.0 ], [ 383575.986551400797907, 5511958.319829962216318, 0.0 ], [ 383580.987652891199104, 5511966.331492871046066, 0.0 ], [ 383544.030549723363947, 5511980.363078854978085, 0.0 ], [ 383514.034461539471522, 5511996.358198590576649, 0.0 ], [ 383497.026126343349461, 5512016.411344693042338, 0.0 ], [ 383474.992762839712668, 5512027.341250438243151, 0.0 ], [ 383427.996515537321102, 5512060.386922234669328, 0.0 ], [ 383412.00514015823137, 5512057.39502582885325, 0.0 ], [ 383402.995807866973337, 5512067.377045988105237, 0.0 ], [ 383377.99489282182185, 5512084.377470072358847, 0.0 ], [ 383334.972131748625543, 5512064.395544894970953, 0.0 ], [ 383321.033421854313929, 5512076.374893844127655, 0.0 ], [ 383311.99558866256848, 5512078.349542319774628, 0.0 ], [ 383302.006843224051408, 5512086.350841739214957, 0.0 ], [ 383294.981016921228729, 5512101.40655312128365, 0.0 ], [ 383267.039275409013499, 5512112.353657389059663, 0.0 ], [ 383262.023285142146051, 5512130.369076735340059, 0.0 ], [ 383247.976848920341581, 5512147.356047541834414, 0.0 ], [ 383226.026129992678761, 5512155.393390266224742, 0.0 ], [ 383205.019079842080828, 5512160.407380218617618, 0.0 ], [ 383189.018361355061643, 5512170.318375985138118, 0.0 ], [ 383161.000975397473667, 5512224.42274671792984, 0.0 ], [ 383162.036545798997395, 5512272.33807981852442, 0.0 ], [ 383154.010095946257934, 5512284.412569541484118, 0.0 ], [ 383140.03567151754396, 5512261.357505380176008, 0.0 ], [ 383116.025198646413628, 5512257.427605463191867, 0.0 ], [ 383082.002546701696701, 5512260.387804857455194, 0.0 ], [ 383065.997317442379426, 5512263.403365646488965, 0.0 ], [ 383035.039025276142638, 5512281.424112079665065, 0.0 ], [ 383007.020051082712598, 5512305.387556207366288, 0.0 ], [ 382988.032055679999758, 5512340.38935009110719, 0.0 ], [ 382949.99831724865362, 5512394.378081394359469, 0.0 ], [ 382923.992518535000272, 5512421.412694182246923, 0.0 ], [ 382904.00170073233312, 5512453.322254265658557, 0.0 ], [ 382916.017284792498685, 5512472.415075927972794, 0.0 ], [ 382882.003741625696421, 5512482.383543713949621, 0.0 ], [ 382839.03930005710572, 5512488.319684817455709, 0.0 ], [ 382836.99463398871012, 5512500.376267293468118, 0.0 ], [ 382846.991942060296424, 5512529.411684536375105, 0.0 ], [ 382863.999880960211158, 5512559.407441969960928, 0.0 ], [ 382874.024182576336898, 5512566.419831763021648, 0.0 ], [ 382880.027225519472267, 5512577.412229074165225, 0.0 ], [ 382875.999726703797933, 5512594.405644563026726, 0.0 ], [ 382863.978737902129069, 5512598.33653970900923, 0.0 ], [ 382860.008630417054519, 5512611.324637493118644, 0.0 ], [ 382845.988074191380292, 5512619.41422123555094, 0.0 ], [ 382836.015754409250803, 5512631.420184413902462, 0.0 ], [ 382828.988780536339618, 5512636.35516407340765, 0.0 ], [ 382820.975968056474812, 5512652.322772772051394, 0.0 ], [ 382806.040080578066409, 5512651.42310541216284, 0.0 ], [ 382778.987244656425901, 5512653.344403483904898, 0.0 ], [ 382767.012263432086911, 5512659.387794889509678, 0.0 ], [ 382753.991948875016533, 5512680.358009167946875, 0.0 ], [ 382719.996841175016016, 5512714.351719155907631, 0.0 ], [ 382710.03876215708442, 5512720.35148354806006, 0.0 ], [ 382660.040447234350722, 5512840.336036180146039, 0.0 ], [ 382641.018949009710923, 5512860.324597168713808, 0.0 ], [ 382635.020459494146053, 5512889.373323634266853, 0.0 ], [ 382633.984766991401557, 5512901.408104441128671, 0.0 ], [ 382645.038816018670332, 5512909.398725408129394, 0.0 ], [ 382669.986538839060813, 5512943.33682204503566, 0.0 ], [ 382651.976040170411579, 5512983.323898894712329, 0.0 ], [ 382643.974763816804625, 5513006.409962879493833, 0.0 ], [ 382655.021741276257671, 5513017.403823736123741, 0.0 ], [ 382695.993358548206743, 5513049.325769798830152, 0.0 ], [ 382753.013949409360066, 5513090.353936547413468, 0.0 ], [ 382756.977468665456399, 5513090.379178841598332, 0.0 ], [ 382763.973720229347236, 5513097.345803769305348, 0.0 ], [ 382762.030161842703819, 5513107.398201107047498, 0.0 ], [ 382748.973523597989697, 5513113.35391403362155, 0.0 ], [ 382709.992574847943615, 5513123.320179336704314, 0.0 ], [ 382696.023903099237941, 5513130.408066045492887, 0.0 ], [ 382699.971238606842235, 5513136.328537255525589, 0.0 ], [ 382730.99064492341131, 5513141.327851043082774, 0.0 ], [ 382753.976912765414454, 5513141.385261779651046, 0.0 ], [ 382826.01016373897437, 5513160.39964256528765, 0.0 ], [ 382838.028293955256231, 5513166.367682470940053, 0.0 ], [ 382851.019826284202281, 5513157.410524344071746, 0.0 ], [ 382859.022520511993207, 5513144.33498590067029, 0.0 ], [ 382860.980969374009874, 5513108.366930177435279, 0.0 ], [ 382866.995855815708637, 5513093.332446113228798, 0.0 ], [ 382904.977409268671181, 5513100.406370664015412, 0.0 ], [ 382946.984957156120799, 5513110.396428900770843, 0.0 ], [ 382924.972566916956566, 5513135.342663731426001, 0.0 ], [ 382883.01855460886145, 5513164.391518471762538, 0.0 ], [ 382850.986787135130726, 5513222.366529867984354, 0.0 ], [ 382814.01876228756737, 5513265.322216874919832, 0.0 ], [ 382794.019619066850282, 5513293.339678907766938, 0.0 ], [ 382769.972507314872928, 5513337.350192720070481, 0.0 ], [ 382757.034273292520083, 5513345.416613640263677, 0.0 ], [ 382748.022204825596418, 5513388.322507165372372, 0.0 ], [ 382736.005508440139238, 5513392.364892657846212, 0.0 ], [ 382720.033499648387078, 5513403.38908948097378, 0.0 ], [ 382722.015574631921481, 5513418.36144299339503, 0.0 ], [ 382717.006159535842016, 5513466.408116994425654, 0.0 ], [ 382697.987939830869436, 5513496.406750442460179, 0.0 ], [ 382693.018818841199391, 5513516.423890062607825, 0.0 ], [ 382667.998406188678928, 5513555.339719033800066, 0.0 ], [ 382652.029505422979128, 5513586.384581685066223, 0.0 ], [ 382642.983295916987117, 5513614.387298228219151, 0.0 ], [ 382615.988220413448289, 5513635.327828414738178, 0.0 ], [ 382583.023094409203622, 5513653.395145239308476, 0.0 ], [ 382512.039545187784825, 5513682.41064150352031, 0.0 ], [ 382496.037944909185171, 5513695.327025352977216, 0.0 ], [ 382486.008398079196922, 5513691.318575907498598, 0.0 ], [ 382466.017738349968567, 5513706.32385922037065, 0.0 ], [ 382436.973940865020268, 5513742.325297567993402, 0.0 ], [ 382406.979307241272181, 5513774.343491669744253, 0.0 ], [ 382398.033459265134297, 5513790.332172212190926, 0.0 ], [ 382388.012431051814929, 5513793.330914799124002, 0.0 ], [ 382341.978258604416624, 5513846.386551310308278, 0.0 ], [ 382326.008404490537941, 5513857.411952904425561, 0.0 ], [ 382283.028954234090634, 5513875.36561925150454, 0.0 ], [ 382253.012168166926131, 5513896.373903578147292, 0.0 ], [ 382188.043186098744627, 5513933.382239819504321, 0.0 ], [ 382148.973167550575454, 5513965.377409792505205, 0.0 ], [ 382135.98922925448278, 5513994.35680762026459, 0.0 ], [ 382118.012955164653249, 5514055.366890549659729, 0.0 ], [ 382092.04187457106309, 5514126.339371424168348, 0.0 ], [ 382071.989050954929553, 5514171.378488818183541, 0.0 ], [ 382051.977849472605158, 5514208.408543463796377, 0.0 ], [ 382045.021652028837707, 5514226.356510354205966, 0.0 ], [ 382039.034753864398226, 5514252.402795966714621, 0.0 ], [ 382047.977939366188366, 5514302.370297765359282, 0.0 ], [ 382050.994033253460657, 5514328.331248128786683, 0.0 ], [ 382052.985916495963465, 5514406.368163828738034, 0.0 ], [ 382050.036265008093324, 5514426.341955372132361, 0.0 ], [ 382039.99076148745371, 5514441.354303671978414, 0.0 ], [ 382018.031817050825339, 5514458.406452198512852, 0.0 ], [ 382006.005251743481494, 5514478.356066467240453, 0.0 ], [ 382008.017288584844209, 5514481.426440208218992, 0.0 ], [ 382009.988242094463203, 5514502.405049943365157, 0.0 ], [ 382015.020403642905876, 5514518.422870997339487, 0.0 ], [ 382025.974452314665541, 5514538.426719271577895, 0.0 ], [ 382040.037367897515651, 5514552.356514187529683, 0.0 ], [ 382055.986020819807891, 5514583.37392664514482, 0.0 ], [ 382067.007761830464005, 5514616.389776344411075, 0.0 ], [ 382079.987969096400775, 5514620.332992089912295, 0.0 ], [ 382090.003199417435098, 5514630.347140443511307, 0.0 ], [ 382119.038336885394529, 5514650.40143333747983, 0.0 ], [ 382139.973852005496155, 5514662.401891033165157, 0.0 ], [ 382159.979803134396207, 5514671.419612726196647, 0.0 ], [ 382175.999249373271596, 5514669.401795832440257, 0.0 ], [ 382195.040544156217948, 5514690.341823726892471, 0.0 ], [ 382189.972054042038508, 5514702.353500025346875, 0.0 ], [ 382176.005788128823042, 5514709.331647856160998, 0.0 ], [ 382145.02989770314889, 5514732.363731153309345, 0.0 ], [ 382120.021340623090509, 5514738.359476043842733, 0.0 ], [ 382096.005452699842863, 5514740.329547177068889, 0.0 ], [ 382089.985894567565992, 5514748.35796232894063, 0.0 ], [ 382078.009930370200891, 5514757.406217292882502, 0.0 ], [ 382062.021573370147962, 5514777.330997101962566, 0.0 ], [ 382049.031299441936426, 5514789.404561471194029, 0.0 ], [ 381990.019426094600931, 5514808.378358125686646, 0.0 ], [ 381918.971370563609526, 5514797.362488475628197, 0.0 ], [ 381900.99930720787961, 5514792.416547244414687, 0.0 ], [ 381859.997671599325258, 5514788.419195270165801, 0.0 ], [ 381761.988346589147113, 5514786.337046527303755, 0.0 ], [ 381654.003141652443446, 5514779.358825854025781, 0.0 ], [ 381622.030970273946878, 5514786.399281354621053, 0.0 ], [ 381559.990659625153057, 5514795.322619183920324, 0.0 ], [ 381537.023258337867446, 5514802.388602453283966, 0.0 ], [ 381530.016122692846693, 5514811.32914294488728, 0.0 ], [ 381514.022696953150444, 5514824.359716447070241, 0.0 ], [ 381491.018798622651957, 5514836.320654229260981, 0.0 ], [ 381442.038791417900939, 5514836.39443648699671, 0.0 ], [ 381337.971377907902934, 5514850.358328086324036, 0.0 ], [ 381285.005061669042334, 5514862.422327261418104, 0.0 ], [ 381269.972387309360784, 5514863.420091253705323, 0.0 ], [ 381260.983878848608583, 5514867.399367285892367, 0.0 ], [ 381224.002383920247667, 5514846.412061417475343, 0.0 ], [ 381210.033607518882491, 5514843.382446960546076, 0.0 ], [ 381200.007246568449773, 5514862.400212056003511, 0.0 ], [ 381183.016641784575768, 5514905.373638559132814, 0.0 ], [ 381183.98280650266679, 5514926.374179156497121, 0.0 ], [ 381192.001021497882903, 5514950.333941454067826, 0.0 ], [ 381173.998737617803272, 5514983.319288806989789, 0.0 ], [ 381163.988848331442568, 5515006.340929659083486, 0.0 ], [ 381164.995513283123728, 5515055.369648873806, 0.0 ], [ 381173.979869557195343, 5515100.329930157400668, 0.0 ], [ 381181.024418635410257, 5515155.343279658816755, 0.0 ], [ 381174.013031740847509, 5515180.412258685566485, 0.0 ], [ 381142.015865451598074, 5515212.370957029052079, 0.0 ], [ 381122.040544564311858, 5515224.378143584355712, 0.0 ], [ 381091.985861420456786, 5515246.395243342034519, 0.0 ], [ 381039.03471550391987, 5515288.381447993218899, 0.0 ], [ 381022.017398421070538, 5515297.320752833969891, 0.0 ], [ 380981.013409149018116, 5515260.407147071324289, 0.0 ], [ 380971.001678967266344, 5515260.405330013483763, 0.0 ], [ 380909.983672516536899, 5515302.348178292624652, 0.0 ], [ 380897.014586029108614, 5515305.414833853952587, 0.0 ], [ 380875.023001552792266, 5515304.34267844632268, 0.0 ], [ 380848.972063429246191, 5515305.362247980199754, 0.0 ], [ 380837.02720029419288, 5515312.410616564564407, 0.0 ], [ 380854.038689972483553, 5515342.400207768194377, 0.0 ], [ 380856.030323158367537, 5515367.382291148416698, 0.0 ], [ 380852.023261018097401, 5515378.370914169587195, 0.0 ], [ 380844.015932912239805, 5515384.331366286613047, 0.0 ], [ 380803.983824617112987, 5515378.429911203682423, 0.0 ], [ 380642.024215579614975, 5515314.380893243476748, 0.0 ], [ 380606.006329872237984, 5515304.387994406744838, 0.0 ], [ 380602.985467996448278, 5515314.35397423338145, 0.0 ], [ 380609.970620178268291, 5515327.324335664510727, 0.0 ], [ 380631.978193604387343, 5515345.412777952849865, 0.0 ], [ 380642.002796620712616, 5515375.333719363436103, 0.0 ], [ 380654.042787089012563, 5515395.42217035125941, 0.0 ], [ 380707.028479505097494, 5515420.389853010885417, 0.0 ], [ 380712.007622041855939, 5515453.425484092906117, 0.0 ], [ 380736.015473817242309, 5515490.37870807107538, 0.0 ], [ 380767.97935274761403, 5515535.38715591467917, 0.0 ], [ 380781.998209812794812, 5515560.326158026233315, 0.0 ], [ 380765.018909213657025, 5515551.357959490269423, 0.0 ], [ 380748.991781760647427, 5515546.372954071499407, 0.0 ], [ 380731.99529077578336, 5515546.414613330736756, 0.0 ], [ 380711.033919766778126, 5515559.334998467005789, 0.0 ], [ 380706.014430250972509, 5515560.335691208019853, 0.0 ], [ 380661.973327428102493, 5515516.373047776520252, 0.0 ], [ 380645.97424139076611, 5515496.372082883492112, 0.0 ], [ 380634.036165934521705, 5515487.404096503742039, 0.0 ], [ 380612.006620639993344, 5515481.328661941923201, 0.0 ], [ 380596.006506173347589, 5515487.35497163515538, 0.0 ], [ 380585.973045246617403, 5515486.353320965543389, 0.0 ], [ 380563.037772095820401, 5515478.407251708209515, 0.0 ], [ 380541.041178868617862, 5515480.33971902821213, 0.0 ], [ 380524.022125726682134, 5515492.395043712109327, 0.0 ], [ 380518.005739520769566, 5515500.425268305465579, 0.0 ], [ 380482.982977635459974, 5515509.319810491986573, 0.0 ], [ 380464.98405256238766, 5515506.38135820068419, 0.0 ], [ 380440.041605059872381, 5515505.376314919441938, 0.0 ], [ 380421.015819635358639, 5515524.372484749183059, 0.0 ], [ 380386.992495731799863, 5515526.349447561427951, 0.0 ], [ 380363.977711478131823, 5515560.338623460382223, 0.0 ], [ 380362.981067700777203, 5515567.368014719337225, 0.0 ], [ 380347.025558619818185, 5515562.382602023892105, 0.0 ], [ 380332.039255016250536, 5515565.38411722984165, 0.0 ], [ 380309.989595995051786, 5515545.406955025158823, 0.0 ], [ 380283.97834813996451, 5515538.420054606162012, 0.0 ], [ 380245.03035185392946, 5515555.411541819572449, 0.0 ], [ 380212.00482824142091, 5515576.387357524596155, 0.0 ], [ 380234.032555320824031, 5515595.363570899702609, 0.0 ] ] ] } },
{ "type": "Feature", "properties": { "name": "Saar-Hunsrück-Steig - 14. Etappe: Herrstein - Forellenhof Reinhardtsmühle", "km": 13.64, "darstell": "F2", "datum": null, "height": 283, "link": "https://www.saar-hunsrueck-steig.de/tour/saar-hunsrueck-steig-14.-etappe-herrstein-forellenhof-reinhardtsmuehle-9c33c2174a" }, "geometry": { "type": "MultiLineString", "coordinates": [ [ [ 380234.032555320824031, 5515595.363570899702609, 0.0 ], [ 380245.971100207883865, 5515604.330681323073804, 0.0 ], [ 380255.002509140176699, 5515615.364368927665055, 0.0 ], [ 380261.01340105838608, 5515623.350679030641913, 0.0 ], [ 380279.977584499400109, 5515611.362591002136469, 0.0 ], [ 380285.00825133593753, 5515617.36856681946665, 0.0 ], [ 380294.011928917083424, 5515630.405021184124053, 0.0 ], [ 380301.025106137152761, 5515641.372291475534439, 0.0 ], [ 380274.987531418446451, 5515662.415304469875991, 0.0 ], [ 380270.023883963935077, 5515672.424579889513552, 0.0 ], [ 380277.03162287932355, 5515686.395076490938663, 0.0 ], [ 380275.999601529329084, 5515698.31927480828017, 0.0 ], [ 380292.976342305075377, 5515710.400373001582921, 0.0 ], [ 380294.975599540397525, 5515719.365463283844292, 0.0 ], [ 380299.004188967810478, 5515735.404115603305399, 0.0 ], [ 380307.035932817554567, 5515740.342540222220123, 0.0 ], [ 380303.024842140963301, 5515754.334855206310749, 0.0 ], [ 380300.988226874847896, 5515792.419724609702826, 0.0 ], [ 380306.993789816217031, 5515816.422923277132213, 0.0 ], [ 380323.990487884031609, 5515855.420660029165447, 0.0 ], [ 380335.989381063380279, 5515870.392880335450172, 0.0 ], [ 380362.02713299356401, 5515901.404469174332917, 0.0 ], [ 380422.033179675869178, 5515944.343738884665072, 0.0 ], [ 380441.02434509905288, 5515956.380656013265252, 0.0 ], [ 380448.991638959269039, 5515958.428796209394932, 0.0 ], [ 380461.981096077361144, 5515969.375167227350175, 0.0 ], [ 380493.03670320508536, 5515999.386446098797023, 0.0 ], [ 380510.037266714323778, 5516009.354334944859147, 0.0 ], [ 380529.980203938146587, 5516038.388240106403828, 0.0 ], [ 380546.022686231532134, 5516047.376389881595969, 0.0 ], [ 380555.982950957724825, 5516061.393120902590454, 0.0 ], [ 380597.988801494240761, 5516101.395637655630708, 0.0 ], [ 380620.013422336429358, 5516107.359808458015323, 0.0 ], [ 380662.024513888754882, 5516131.345982505008578, 0.0 ], [ 380674.016232793102972, 5516149.322190561331809, 0.0 ], [ 380672.99723045353312, 5516155.350971281528473, 0.0 ], [ 380671.972589126089588, 5516164.383007417432964, 0.0 ], [ 380635.014003647258505, 5516248.39779762737453, 0.0 ], [ 380638.003740901011042, 5516253.336921196430922, 0.0 ], [ 380654.039391900296323, 5516278.342215710319579, 0.0 ], [ 380662.973572325077839, 5516327.418337059207261, 0.0 ], [ 380661.973079612711444, 5516373.377242466434836, 0.0 ], [ 380640.039842759608291, 5516420.355030781589448, 0.0 ], [ 380617.990783210436348, 5516465.333398658782244, 0.0 ], [ 380583.020187027286738, 5516528.394024363718927, 0.0 ], [ 380583.036553914658725, 5516545.411423068493605, 0.0 ], [ 380645.019284535956103, 5516554.384873809292912, 0.0 ], [ 380632.028489458374679, 5516569.354076944291592, 0.0 ], [ 380827.973628372885287, 5516628.424560298211873, 0.0 ], [ 380832.020509326714091, 5516632.339400508441031, 0.0 ], [ 380934.003542611724697, 5516734.420064192265272, 0.0 ], [ 380939.010422721796203, 5516739.426075339317322, 0.0 ], [ 381051.98007797828177, 5516853.390256441198289, 0.0 ], [ 381060.00365888827946, 5516861.333026496693492, 0.0 ], [ 380996.041652102954686, 5516971.411434647627175, 0.0 ], [ 380918.009278362558689, 5517109.385416842997074, 0.0 ], [ 381006.011029723798856, 5517175.404371882788837, 0.0 ], [ 381009.990099498303607, 5517189.331252440810204, 0.0 ], [ 381029.041832020273432, 5517204.371840069070458, 0.0 ], [ 381032.041167128132656, 5517216.318244036287069, 0.0 ], [ 381061.980629605008289, 5517235.345599227584898, 0.0 ], [ 381080.034928782144561, 5517257.415633153170347, 0.0 ], [ 381106.031020865426399, 5517267.409494951367378, 0.0 ], [ 381118.030634607013781, 5517279.380144899711013, 0.0 ], [ 381138.017287210794166, 5517294.400503617711365, 0.0 ], [ 381147.984171867603436, 5517315.425360239110887, 0.0 ], [ 381151.016962232475635, 5517322.365872942842543, 0.0 ], [ 381169.991478322073817, 5517327.398208718746901, 0.0 ], [ 381206.03307334962301, 5517342.399040154181421, 0.0 ], [ 381228.997680801374372, 5517355.352092247456312, 0.0 ], [ 381266.014241213386413, 5517362.323525419458747, 0.0 ], [ 381295.038536500302143, 5517382.373289336450398, 0.0 ], [ 381304.998706986079924, 5517406.401680957525969, 0.0 ], [ 381292.034519397420809, 5517432.380196979269385, 0.0 ], [ 381292.032757354783826, 5517445.393773238174617, 0.0 ], [ 381290.981251433957368, 5517466.327542955987155, 0.0 ], [ 381289.989849246572703, 5517470.35351447109133, 0.0 ], [ 381268.973075672693085, 5517467.367789372801781, 0.0 ], [ 381255.984625635202974, 5517469.321940285153687, 0.0 ], [ 381227.015715716523118, 5517471.405323705635965, 0.0 ], [ 381212.000557169900276, 5517479.410434835590422, 0.0 ], [ 381198.010573356063105, 5517478.383644280023873, 0.0 ], [ 381166.018844314501621, 5517490.321866432204843, 0.0 ], [ 381143.031198493321426, 5517489.382111815735698, 0.0 ], [ 381119.033626333170105, 5517488.353473193943501, 0.0 ], [ 381105.977837044163607, 5517500.319899403490126, 0.0 ], [ 381106.008944275556132, 5517521.341112215071917, 0.0 ], [ 381106.003108350851107, 5517524.344369138590991, 0.0 ], [ 381083.977706377045251, 5517534.395145520567894, 0.0 ], [ 380994.972169860848226, 5517543.364307078532875, 0.0 ], [ 380925.020278250274714, 5517528.334377269260585, 0.0 ], [ 380892.036609088652767, 5517521.387527667917311, 0.0 ], [ 380874.020052176550962, 5517517.336082056164742, 0.0 ], [ 380838.973359220952261, 5517534.348932308144867, 0.0 ], [ 380815.971387074503582, 5517552.319515286013484, 0.0 ], [ 380812.02369493508013, 5517572.427593656815588, 0.0 ], [ 380828.005731268320233, 5517585.421928701922297, 0.0 ], [ 380840.011006000451744, 5517594.388704990968108, 0.0 ], [ 380851.972741493373178, 5517588.34079753793776, 0.0 ], [ 380856.032771169324405, 5517586.360303424298763, 0.0 ], [ 380870.97444550745422, 5517591.369371463544667, 0.0 ], [ 380918.981058778823353, 5517623.344367733225226, 0.0 ], [ 380918.997407527291216, 5517627.348184069618583, 0.0 ], [ 380922.031117344158702, 5517660.426934671588242, 0.0 ], [ 380928.005364346085116, 5517673.419921383261681, 0.0 ], [ 380957.995043041999452, 5517701.343695619143546, 0.0 ], [ 381006.992725440301001, 5517742.418184110894799, 0.0 ], [ 381057.039877836825326, 5517772.347254649735987, 0.0 ], [ 381084.999745582172181, 5517796.423484807834029, 0.0 ], [ 381115.022920528950635, 5517806.328564181923866, 0.0 ], [ 381135.980671396013349, 5517803.419914389960468, 0.0 ], [ 381191.021916841273196, 5517831.349324244074523, 0.0 ], [ 381207.025795639608987, 5517832.331730755977333, 0.0 ], [ 381317.974056836683303, 5517852.358396245166659, 0.0 ], [ 381392.002508518984541, 5517866.413808770477772, 0.0 ], [ 381417.999100297456607, 5517886.419451559893787, 0.0 ], [ 381524.985946340137161, 5517952.362763274461031, 0.0 ], [ 381638.035050918348134, 5518022.401740752160549, 0.0 ], [ 381708.971712633036077, 5518066.337932141497731, 0.0 ], [ 381790.041357739828527, 5518119.396054261364043, 0.0 ], [ 381818.008805579913314, 5518262.376924716867507, 0.0 ], [ 381822.991590920195449, 5518266.383172915317118, 0.0 ], [ 381905.990468069037888, 5518335.41726269479841, 0.0 ], [ 381988.984797023294959, 5518404.341429742053151, 0.0 ], [ 382021.007135679421481, 5518387.402069079689682, 0.0 ], [ 382062.001111526449677, 5518359.366606602445245, 0.0 ], [ 382061.015681713877711, 5518360.389184067025781, 0.0 ], [ 382141.02931129548233, 5518342.401758350431919, 0.0 ], [ 382161.012945569586009, 5518344.41226177662611, 0.0 ], [ 382291.011638995492831, 5518357.368804473429918, 0.0 ], [ 382363.004393498878926, 5518364.363119084388018, 0.0 ], [ 382519.018689333461225, 5518375.423256559297442, 0.0 ], [ 382552.038303382054437, 5518384.381062910892069, 0.0 ], [ 382566.984606454963796, 5518396.401825718581676, 0.0 ], [ 382624.000623028958216, 5518426.415675720199943, 0.0 ], [ 382628.00135148660047, 5518428.330710559152067, 0.0 ], [ 382692.022280075063463, 5518459.416359659284353, 0.0 ], [ 382727.013757843757048, 5518476.340600315481424, 0.0 ], [ 382795.99208887462737, 5518500.423686513677239, 0.0 ], [ 382881.997693630575668, 5518526.362502092495561, 0.0 ], [ 382904.975968582963105, 5518530.424007821828127, 0.0 ], [ 382963.980214796378277, 5518549.386831813491881, 0.0 ], [ 383013.980261047836393, 5518561.427073738537729, 0.0 ], [ 383050.972125998639967, 5518574.41708068549633, 0.0 ], [ 383084.977082215191331, 5518602.376299411058426, 0.0 ], [ 383101.979428529622965, 5518616.355987535789609, 0.0 ], [ 383138.993252992280759, 5518640.357437998056412, 0.0 ], [ 383187.998682050500065, 5518676.334294218569994, 0.0 ], [ 383217.987294554593973, 5518698.375087437219918, 0.0 ], [ 383256.006581384106539, 5518712.345238952897489, 0.0 ], [ 383326.029301313334145, 5518728.40406939573586, 0.0 ], [ 383348.018325291574001, 5518733.378615513443947, 0.0 ], [ 383344.001610670238733, 5518737.358360710553825, 0.0 ], [ 383334.982611827203073, 5518746.340203179046512, 0.0 ], [ 383338.014257013390306, 5518753.393076315522194, 0.0 ], [ 383341.029419105034322, 5518766.341258693486452, 0.0 ], [ 383339.994591399852652, 5518788.386284970678389, 0.0 ], [ 383347.990862295904662, 5518805.342102895490825, 0.0 ], [ 383368.022974180465098, 5518816.365209833718836, 0.0 ], [ 383387.997179038473405, 5518821.383464461192489, 0.0 ], [ 383405.976147396373563, 5518827.334716881625354, 0.0 ], [ 383406.019812619430013, 5518839.346122893504798, 0.0 ], [ 383413.003527516149916, 5518849.427933775819838, 0.0 ], [ 383402.003991370846052, 5518863.346391797065735, 0.0 ], [ 383397.97321308485698, 5518873.332579371519387, 0.0 ], [ 383387.04059883672744, 5518880.353645160794258, 0.0 ], [ 383375.00067079172004, 5518899.411026180721819, 0.0 ], [ 383370.977020069782156, 5518906.393994735553861, 0.0 ], [ 383374.006136522395536, 5518913.335714123211801, 0.0 ], [ 383380.989825175725855, 5518923.417484119534492, 0.0 ], [ 383383.975661552452948, 5518928.358085175044835, 0.0 ], [ 383381.990434600913431, 5518936.409236448816955, 0.0 ], [ 383380.981316462799441, 5518946.330120795406401, 0.0 ], [ 383384.041486561531201, 5518951.380340171977878, 0.0 ], [ 383389.022451074095443, 5518955.388010495342314, 0.0 ], [ 383418.012870453007054, 5518961.323720907792449, 0.0 ], [ 383433.979381532990374, 5518967.429766978137195, 0.0 ], [ 383446.041676042194013, 5518969.393644851632416, 0.0 ], [ 383449.970459200674668, 5518991.331401067785919, 0.0 ], [ 383437.009512614458799, 5519004.402372202835977, 0.0 ], [ 383414.983926799381152, 5519014.332510558888316, 0.0 ], [ 383399.034947151318192, 5519022.351784083992243, 0.0 ], [ 383388.972988018242177, 5519026.350950805470347, 0.0 ], [ 383383.007022999459878, 5519033.375902124680579, 0.0 ], [ 383385.021841836103704, 5519043.342642279341817, 0.0 ], [ 383387.973811309668235, 5519043.39005346596241, 0.0 ], [ 383427.039847749983892, 5519039.320154919289052, 0.0 ], [ 383466.971623169200029, 5519035.343064393848181, 0.0 ], [ 383481.007269439927768, 5519035.373552909120917, 0.0 ], [ 383488.997492372523993, 5519035.423421109095216, 0.0 ], [ 383490.99106835614657, 5519064.410202288068831, 0.0 ], [ 383491.998798772401642, 5519084.409016448073089, 0.0 ], [ 383543.019930944137741, 5519147.373125670477748, 0.0 ], [ 383557.019565400260035, 5519162.420008395798504, 0.0 ], [ 383589.003979382745456, 5519190.42581323441118, 0.0 ], [ 383631.018687402713113, 5519226.334851052612066, 0.0 ], [ 383688.019765633100178, 5519276.380315876565874, 0.0 ], [ 383693.000208625104278, 5519280.38826070073992, 0.0 ], [ 383801.009267029527109, 5519376.383537177927792, 0.0 ], [ 383850.039469675568398, 5519417.370639577507973, 0.0 ], [ 383852.983923207735643, 5519420.421540460549295, 0.0 ], [ 383874.002810206322465, 5519437.320101774297655, 0.0 ], [ 383893.988431200385094, 5519446.343993141315877, 0.0 ], [ 383905.986801832332276, 5519455.428643294610083, 0.0 ], [ 383982.987276451429352, 5519515.390559811145067, 0.0 ], [ 383986.037404386152048, 5519513.322899055667222, 0.0 ], [ 383994.041635134839453, 5519507.367029438726604, 0.0 ], [ 384009.997973319026642, 5519486.335988413542509, 0.0 ], [ 384020.986581076926086, 5519495.331374316476285, 0.0 ], [ 384036.020660906448029, 5519498.34487013798207, 0.0 ], [ 384043.017884024826344, 5519492.410727110691369, 0.0 ], [ 384076.021238583256491, 5519494.37069302983582, 0.0 ], [ 384084.004089563735761, 5519487.414395527914166, 0.0 ], [ 384103.037548472522758, 5519492.344178004190326, 0.0 ], [ 384109.976975487195887, 5519490.415468560531735, 0.0 ], [ 384132.012537826551124, 5519494.391047685407102, 0.0 ], [ 384146.039464916102588, 5519497.426483903080225, 0.0 ], [ 384173.99652522377437, 5519512.397543121129274, 0.0 ], [ 384183.022041137795895, 5519510.4241295857355, 0.0 ], [ 384189.980566129321232, 5519509.384912971407175, 0.0 ], [ 384196.024456445709802, 5519519.376617288216949, 0.0 ], [ 384200.990297831362113, 5519519.381224187090993, 0.0 ], [ 384205.97762005997356, 5519520.3863993473351, 0.0 ], [ 384269.984665330615826, 5519518.345267658121884, 0.0 ], [ 384317.015674729831517, 5519513.33223014883697, 0.0 ], [ 384331.010966956731863, 5519538.391348480246961, 0.0 ], [ 384341.976218151685316, 5519556.397081832401454, 0.0 ], [ 384339.986242566374131, 5519574.346962776966393, 0.0 ], [ 384327.972526633646339, 5519601.409805872477591, 0.0 ], [ 384322.037844359991141, 5519623.337172685191035, 0.0 ], [ 384328.986271421308629, 5519645.321904332377017, 0.0 ], [ 384350.010230568819679, 5519679.350765018723905, 0.0 ], [ 384372.033398426370695, 5519716.361349468119442, 0.0 ], [ 384402.023932204232551, 5519752.422661147080362, 0.0 ], [ 384402.986741853004787, 5519760.410215636715293, 0.0 ], [ 384391.002448949846439, 5519765.338546154089272, 0.0 ], [ 384371.017603957210667, 5519766.323108700104058, 0.0 ], [ 384371.002455182897393, 5519772.32957848906517, 0.0 ], [ 384386.027959070110228, 5519778.347271065227687, 0.0 ], [ 384401.00294443994062, 5519785.367111132480204, 0.0 ], [ 384393.012579486297909, 5519795.326177866198123, 0.0 ], [ 384383.023356962017715, 5519799.321964051574469, 0.0 ], [ 384375.029129009402823, 5519802.385197925381362, 0.0 ], [ 384325.990550922579132, 5519814.336828839033842, 0.0 ], [ 384294.038125511549879, 5519824.365158718079329, 0.0 ], [ 384274.038467196165584, 5519831.356556390412152, 0.0 ], [ 384244.020833366725128, 5519844.346747918985784, 0.0 ], [ 384223.042274860257749, 5519859.367553718388081, 0.0 ], [ 384197.976419664453715, 5519868.358831784687936, 0.0 ], [ 384198.975956913433038, 5519871.340445554815233, 0.0 ], [ 384203.011974059627391, 5519888.382441725581884, 0.0 ], [ 384205.974125152686611, 5519902.333196324296296, 0.0 ], [ 384208.003575287875719, 5519916.415203548036516, 0.0 ], [ 384212.034280780644622, 5519963.376861044205725, 0.0 ], [ 384212.026801447267644, 5519966.380098373629153, 0.0 ], [ 384236.973225748632103, 5520166.38332727458328, 0.0 ], [ 384236.00922875845572, 5520168.406073571182787, 0.0 ], [ 384202.020389018929563, 5520187.376763975247741, 0.0 ], [ 384194.031915532017592, 5520187.325865782797337, 0.0 ], [ 384068.018729199538939, 5520193.370315263979137, 0.0 ], [ 384050.037649687496014, 5520190.42016524169594, 0.0 ], [ 383965.018069512676448, 5520175.342716849409044, 0.0 ], [ 383964.017975815222599, 5520182.371430460363626, 0.0 ], [ 383948.037482358398847, 5520262.352651285007596, 0.0 ], [ 383855.025658582220785, 5520240.330552606843412, 0.0 ], [ 383830.022396985790692, 5520235.419108586385846, 0.0 ], [ 383766.973409002530389, 5520221.428661331534386, 0.0 ], [ 383765.971187462913804, 5520228.346242395229638, 0.0 ], [ 383746.028219250496477, 5520341.336340261623263, 0.0 ], [ 383750.029537349066231, 5520343.363358337432146, 0.0 ], [ 383758.010594551218674, 5520346.416838947683573, 0.0 ], [ 383753.028328347369097, 5520412.36973743326962, 0.0 ], [ 383727.021209433150943, 5520514.368167436681688, 0.0 ], [ 383708.010088695795275, 5520510.329144581221044, 0.0 ], [ 383660.017063640640117, 5520500.353139559738338, 0.0 ], [ 383570.973401194438338, 5520485.368857541121542, 0.0 ], [ 383562.028743241506163, 5520484.338527001440525, 0.0 ], [ 383502.005039407173172, 5520530.347800957970321, 0.0 ], [ 383454.999566244659945, 5520569.402828866615891, 0.0 ], [ 383450.998291827272624, 5520567.376029872335494, 0.0 ], [ 383393.9728220483521, 5520532.34938823711127, 0.0 ], [ 383328.988819391117431, 5520485.371910452842712, 0.0 ], [ 383324.030056458024774, 5520472.354562471620739, 0.0 ], [ 383304.976751399517525, 5520456.416690150275826, 0.0 ], [ 383293.001102224574424, 5520448.333945884369314, 0.0 ], [ 383279.977596912416629, 5520438.383070065639913, 0.0 ], [ 383292.000343886669725, 5520435.342182164080441, 0.0 ], [ 383322.034909856156446, 5520433.3574687121436, 0.0 ], [ 383349.010744176164735, 5520436.333030600100756, 0.0 ], [ 383375.015272402670234, 5520434.324574295431376, 0.0 ], [ 383396.006296829436906, 5520423.415372896008193, 0.0 ], [ 383440.999379766522907, 5520394.413688534870744, 0.0 ], [ 383484.991553490399383, 5520382.340331760235131, 0.0 ], [ 383496.987826228840277, 5520371.403458115644753, 0.0 ], [ 383527.029508727660868, 5520356.406345624476671, 0.0 ], [ 383538.009505945839919, 5520348.383387829177082, 0.0 ], [ 383548.017468148376793, 5520305.345371012575924, 0.0 ], [ 383553.01961527322419, 5520260.41341914050281, 0.0 ], [ 383558.034538548672572, 5520239.394708609208465, 0.0 ], [ 383557.027304686722346, 5520229.406153816729784, 0.0 ], [ 383542.995083946734667, 5520239.385814130306244, 0.0 ], [ 383533.971663354837801, 5520261.380922175943851, 0.0 ], [ 383529.043305739352945, 5520286.401913399808109, 0.0 ], [ 383518.01829729200108, 5520312.333187120966613, 0.0 ], [ 383505.003170082811266, 5520329.409429903142154, 0.0 ], [ 383464.017197541485075, 5520347.423821756616235, 0.0 ], [ 383412.9931402009679, 5520360.427956755273044, 0.0 ], [ 383390.037661632115487, 5520360.368212968111038, 0.0 ], [ 383364.981761763338, 5520356.349871597252786, 0.0 ], [ 383340.033353374223225, 5520347.324158652685583, 0.0 ], [ 383297.010174020659178, 5520334.351913444697857, 0.0 ], [ 383277.005014324502554, 5520324.329693241044879, 0.0 ], [ 383248.978312192659359, 5520319.375157223083079, 0.0 ], [ 383203.03387005534023, 5520324.374265880323946, 0.0 ], [ 383167.991241878073197, 5520334.365167830139399, 0.0 ], [ 383154.004399553930853, 5520356.357296155765653, 0.0 ], [ 383144.005468752468005, 5520386.382534195668995, 0.0 ], [ 383138.020578464493155, 5520422.327000547200441, 0.0 ], [ 383140.980833119188901, 5520439.391642190515995, 0.0 ], [ 383144.032269079238176, 5520457.344116904772818, 0.0 ], [ 383158.011359181953594, 5520501.420335876755416, 0.0 ], [ 383172.00847567350138, 5520536.375666377134621, 0.0 ], [ 383183.018186236731708, 5520546.369911668822169, 0.0 ], [ 383198.015452192805242, 5520564.397288730368018, 0.0 ], [ 383220.041530893009622, 5520581.382655280642211, 0.0 ], [ 383256.977740963979159, 5520612.393391027115285, 0.0 ], [ 383314.002503487397917, 5520667.32803887873888, 0.0 ], [ 383331.020453278324567, 5520692.31925864610821, 0.0 ], [ 383352.984259641496465, 5520756.355023656971753, 0.0 ], [ 383380.9889813112095, 5520790.340437975712121, 0.0 ], [ 383398.979220276873093, 5520810.416883216239512, 0.0 ], [ 383440.034894372918643, 5520862.361375126056373, 0.0 ], [ 383456.022683676099405, 5520876.363870266824961, 0.0 ], [ 383479.983789055084344, 5520896.422722167335451, 0.0 ], [ 383490.011656778631732, 5520904.3254823256284, 0.0 ], [ 383526.986959661706351, 5520927.328844143077731, 0.0 ], [ 383559.040255211351905, 5520942.319275664165616, 0.0 ], [ 383599.015641913050786, 5520944.347880064509809, 0.0 ], [ 383646.026613340538461, 5520942.332030638121068, 0.0 ], [ 383709.038908166694455, 5520958.323636713437736, 0.0 ], [ 383760.014665518829133, 5520973.35199664440006, 0.0 ], [ 383798.009601068799384, 5520980.31869100779295, 0.0 ], [ 383838.027223503100686, 5521014.381098534911871, 0.0 ], [ 383863.000308457936626, 5521031.416686032898724, 0.0 ], [ 383936.996245696616825, 5521066.416293549351394, 0.0 ], [ 384010.014189263514709, 5521079.415289717726409, 0.0 ], [ 384042.993201671633869, 5521087.381398822180927, 0.0 ], [ 384072.995366462622769, 5521087.403492719866335, 0.0 ], [ 384079.002805174211971, 5521082.380393804050982, 0.0 ], [ 384112.992157125263475, 5521070.415863092057407, 0.0 ], [ 384129.985692473594099, 5521064.378092032857239, 0.0 ], [ 384158.037236694071908, 5521057.324169486761093, 0.0 ], [ 384180.025824711075984, 5521059.409898695535958, 0.0 ], [ 384242.036522668902762, 5521062.415787521749735, 0.0 ], [ 384295.973066617792938, 5521071.379385093227029, 0.0 ], [ 384311.987942703766748, 5521073.37141368445009, 0.0 ], [ 384325.022998730652034, 5521077.31825615093112, 0.0 ], [ 384336.025381154671777, 5521080.418939534574747, 0.0 ], [ 384343.023743681493215, 5521091.391308864578605, 0.0 ], [ 384345.022281083103735, 5521097.354591785930097, 0.0 ], [ 384350.902301001886372, 5521119.918381659314036, 0.0 ], [ 384353.028678637987468, 5521118.426837676204741, 0.0 ], [ 384337.998203335446306, 5521125.422812131233513, 0.0 ], [ 384324.017482485389337, 5521134.398357819765806, 0.0 ], [ 384328.036038988793734, 5521147.325477335602045, 0.0 ], [ 384331.99255673866719, 5521157.362075364217162, 0.0 ], [ 384342.007085147604812, 5521161.373763010837138, 0.0 ], [ 384346.006500527670141, 5521173.411503321491182, 0.0 ], [ 384348.026475570979528, 5521180.375353757292032, 0.0 ], [ 384360.986044630932156, 5521214.354693152010441, 0.0 ], [ 384371.994117703987285, 5521271.399532960727811, 0.0 ], [ 384376.98688750929432, 5521316.338642717339098, 0.0 ], [ 384371.975368050509132, 5521354.373933927156031, 0.0 ], [ 384371.033770922222175, 5521394.323982925154269, 0.0 ], [ 384364.007880854071118, 5521442.412772768177092, 0.0 ], [ 384350.995060529210605, 5521486.403469947166741, 0.0 ], [ 384342.983955720323138, 5521515.38269929587841, 0.0 ], [ 384338.975200704706367, 5521526.368793018162251, 0.0 ], [ 384332.039740547654219, 5521538.418722250498831, 0.0 ], [ 384314.977081601449754, 5521628.321263797581196, 0.0 ], [ 384308.99521672714036, 5521671.382626467384398, 0.0 ], [ 384309.985990353219677, 5521687.377805567346513, 0.0 ], [ 384309.992516399477609, 5521694.384860519319773, 0.0 ], [ 384317.039679114881437, 5521714.365383550524712, 0.0 ], [ 384329.020656569278799, 5521746.363585758954287, 0.0 ], [ 384347.997016133274883, 5521809.354786158539355, 0.0 ], [ 384356.986664026859216, 5521839.415175653994083, 0.0 ], [ 384377.03766877920134, 5521865.345379313454032, 0.0 ], [ 384435.033198632067069, 5521916.37737462669611, 0.0 ], [ 384437.976029608515091, 5521919.428580326028168, 0.0 ], [ 384492.839401391102001, 5521958.627222133800387, 0.0 ] ] ] } },
{ "type": "Feature", "properties": { "name": "Saar-Hunsrück-Steig - 15. Etappe: Forellenhof Reinhardtsmühle - Rhaunen", "km": 12.255, "darstell": "F1", "datum": null, "height": 372, "link": "https://www.saar-hunsrueck-steig.de/tour/saar-hunsrueck-steig-15.-etappe-forellenhof-reinhardtsmuehle-rhaunen-f940d81ac0" }, "geometry": { "type": "MultiLineString", "coordinates": [ [ [ 384492.839401391102001, 5521958.627222133800387, 0.0 ], [ 384509.003184228320606, 5521974.408475360833108, 0.0 ], [ 384526.996870179835241, 5521998.381231413222849, 0.0 ], [ 384550.989568998629693, 5522020.33470003772527, 0.0 ], [ 384558.01642099104356, 5522039.426134238019586, 0.0 ], [ 384540.009012454072945, 5522048.376238973811269, 0.0 ], [ 384543.004706317326054, 5522067.331570620648563, 0.0 ], [ 384515.019810122961644, 5522097.405873792245984, 0.0 ], [ 384388.039034093846567, 5522180.321938476525247, 0.0 ], [ 384279.979835797217675, 5522216.34255725890398, 0.0 ], [ 384235.979064770275727, 5522237.419403131119907, 0.0 ], [ 384208.978736629767809, 5522276.372287488542497, 0.0 ], [ 384186.982054110616446, 5522290.414493035525084, 0.0 ], [ 384152.030673732690047, 5522287.384090474806726, 0.0 ], [ 384137.996188885066658, 5522290.355233138427138, 0.0 ], [ 384128.033923641196452, 5522285.341833804734051, 0.0 ], [ 384119.008695124648511, 5522280.419527776539326, 0.0 ], [ 384105.973427118326072, 5522286.372357522137463, 0.0 ], [ 384102.008851554885041, 5522299.35979094915092, 0.0 ], [ 384132.987100853177253, 5522338.401153785176575, 0.0 ], [ 384159.035553355817683, 5522372.321053558960557, 0.0 ], [ 384173.971880196942948, 5522431.394433134235442, 0.0 ], [ 384177.001902189920656, 5522495.395229877904058, 0.0 ], [ 384201.014180749771185, 5522538.368341499939561, 0.0 ], [ 384226.04238567117136, 5522578.427856447175145, 0.0 ], [ 384227.034094152157195, 5522584.412728285416961, 0.0 ], [ 384222.020678682602011, 5522585.410252991132438, 0.0 ], [ 384215.028150961385109, 5522581.333933870308101, 0.0 ], [ 384199.971846545231529, 5522610.353684762492776, 0.0 ], [ 384192.988468435942195, 5522613.395635142922401, 0.0 ], [ 384172.022441465873271, 5522608.396233095787466, 0.0 ], [ 384144.993458076845855, 5522602.415012998506427, 0.0 ], [ 384134.036511201527901, 5522611.326211309060454, 0.0 ], [ 384121.988921922049485, 5522626.37829826772213, 0.0 ], [ 384110.013293831492774, 5522641.428867241367698, 0.0 ], [ 384091.987117546843365, 5522649.379950316622853, 0.0 ], [ 384074.998307444737293, 5522665.428251646459103, 0.0 ], [ 384072.011788818170317, 5522680.396748215891421, 0.0 ], [ 384058.006833523977548, 5522691.37575501948595, 0.0 ], [ 384052.993181106983684, 5522702.383760202676058, 0.0 ], [ 384043.03122556512244, 5522707.380846754647791, 0.0 ], [ 384004.010739031480625, 5522712.336097463034093, 0.0 ], [ 383976.032516396371648, 5522732.402999917045236, 0.0 ], [ 383967.026619082258549, 5522748.390996428206563, 0.0 ], [ 383949.015315446129534, 5522760.346387934871018, 0.0 ], [ 383941.011326699226629, 5522769.416853702627122, 0.0 ], [ 383929.997369106276892, 5522792.344174362719059, 0.0 ], [ 383916.028793745615985, 5522818.338276354596019, 0.0 ], [ 383918.034303754800931, 5522841.318814445286989, 0.0 ], [ 383928.024560954305343, 5522844.329132225364447, 0.0 ], [ 383936.008991243958008, 5522854.389903464354575, 0.0 ], [ 383944.990075618901756, 5522877.331412271596491, 0.0 ], [ 383946.003471128991805, 5522894.327134007588029, 0.0 ], [ 383936.005721429595724, 5522924.351019874215126, 0.0 ], [ 383942.010115524288267, 5522979.389689394272864, 0.0 ], [ 383951.978410506737418, 5522991.409808073192835, 0.0 ], [ 383959.988828271918464, 5523009.367082009091973, 0.0 ], [ 383964.03815325035248, 5523030.412775590084493, 0.0 ], [ 383975.012550160114188, 5523052.421588002704084, 0.0 ], [ 384006.991993163945153, 5523081.319041639566422, 0.0 ], [ 384023.98108373885043, 5523085.402322379872203, 0.0 ], [ 384034.991504621459171, 5523092.394988236948848, 0.0 ], [ 384107.982457110134419, 5523095.384604331105947, 0.0 ], [ 384135.972895727143623, 5523089.3325000340119, 0.0 ], [ 384157.989462618075777, 5523086.412085056304932, 0.0 ], [ 384200.005053962115198, 5523080.392441459931433, 0.0 ], [ 384222.026672823238187, 5523074.357863861136138, 0.0 ], [ 384265.041423109301832, 5523071.320352708920836, 0.0 ], [ 384294.018678341875784, 5523074.368379637598991, 0.0 ], [ 384320.023855298932176, 5523086.378422822803259, 0.0 ], [ 384350.021427385392599, 5523093.408958286978304, 0.0 ], [ 384346.028913392627146, 5523098.38858996424824, 0.0 ], [ 384332.009682987525593, 5523115.373399696312845, 0.0 ], [ 384336.036009024246596, 5523135.418783869594336, 0.0 ], [ 384330.975253768323455, 5523164.334862937219441, 0.0 ], [ 384316.999223983380944, 5523183.320854788646102, 0.0 ], [ 384293.977476888685487, 5523206.394057643599808, 0.0 ], [ 384290.006593610742129, 5523212.374302728101611, 0.0 ], [ 384261.983300047577359, 5523250.348092419095337, 0.0 ], [ 384255.976874290208798, 5523275.39168500714004, 0.0 ], [ 384250.986615934816655, 5523334.337283208966255, 0.0 ], [ 384247.014577548659872, 5523360.338213732466102, 0.0 ], [ 384244.00961565237958, 5523364.406908445991576, 0.0 ], [ 384233.983622458181344, 5523376.412281082011759, 0.0 ], [ 384225.970994093629997, 5523378.364090146496892, 0.0 ], [ 384224.017244829097763, 5523354.381328263320029, 0.0 ], [ 384220.019489294092637, 5523332.333334371447563, 0.0 ], [ 384211.988862218917347, 5523313.375116750597954, 0.0 ], [ 384199.987466757942457, 5523300.39722546748817, 0.0 ], [ 384181.971851728740148, 5523285.324141710996628, 0.0 ], [ 384155.977002726285718, 5523270.42269288841635, 0.0 ], [ 384121.981042825966142, 5523261.365976249799132, 0.0 ], [ 384063.017277129925787, 5523248.397710775025189, 0.0 ], [ 383907.986252881644759, 5523386.319728996604681, 0.0 ], [ 383917.97541848133551, 5523419.361021295189857, 0.0 ], [ 383958.043563715647906, 5523553.414788491092622, 0.0 ], [ 384001.003218744532205, 5523601.428902261890471, 0.0 ], [ 384021.976505911559798, 5523660.371919315308332, 0.0 ], [ 384014.980125815316569, 5523669.420638642273843, 0.0 ], [ 383992.024793529126327, 5523645.334047299809754, 0.0 ], [ 383891.003239550511353, 5523579.32913925126195, 0.0 ], [ 383858.003089489589911, 5523576.370103580877185, 0.0 ], [ 383892.982414814643562, 5523604.42355296947062, 0.0 ], [ 383927.024448937387206, 5523672.427541429176927, 0.0 ], [ 383962.984650969970971, 5523759.410039066337049, 0.0 ], [ 383989.013046357547864, 5523829.366631269454956, 0.0 ], [ 384010.010132726747543, 5523859.3903349917382, 0.0 ], [ 384043.029550301493146, 5523883.371522405184805, 0.0 ], [ 384094.012583897449076, 5523913.417403501458466, 0.0 ], [ 384160.975914573122282, 5523984.384822349064052, 0.0 ], [ 384203.017646496242378, 5524033.421164100058377, 0.0 ], [ 384222.982654779276345, 5524062.355566768907011, 0.0 ], [ 384186.979740245966241, 5524043.331431443803012, 0.0 ], [ 384132.001946060801856, 5524021.378932190127671, 0.0 ], [ 384152.034343747247476, 5524053.4259621379897, 0.0 ], [ 384165.981763272720855, 5524073.369082172401249, 0.0 ], [ 384169.980227443971671, 5524075.396378536708653, 0.0 ], [ 384176.033297194982879, 5524099.402214880101383, 0.0 ], [ 384168.991001100279391, 5524126.359107473865151, 0.0 ], [ 384124.996290875715204, 5524170.349925270304084, 0.0 ], [ 384036.017325850087218, 5524252.347829886712134, 0.0 ], [ 384022.986762058804743, 5524278.321641625836492, 0.0 ], [ 383996.01558901014505, 5524341.411585605703294, 0.0 ], [ 383985.982046026038006, 5524436.392341775819659, 0.0 ], [ 384021.031614878913388, 5524501.371974305249751, 0.0 ], [ 384045.037315421039239, 5524534.334052599035203, 0.0 ], [ 384136.016968533222098, 5524592.32656242325902, 0.0 ], [ 384182.032225618255325, 5524612.358376728370786, 0.0 ], [ 384196.994453224993777, 5524619.377500842325389, 0.0 ], [ 384258.015920535137411, 5524618.399231862276793, 0.0 ], [ 384298.03617591096554, 5524610.420725280418992, 0.0 ], [ 384341.017844328423962, 5524596.372716854326427, 0.0 ], [ 384374.036788937286474, 5524580.425682571716607, 0.0 ], [ 384395.00325905403588, 5524572.412170828320086, 0.0 ], [ 384464.000103726517409, 5524544.348412099294364, 0.0 ], [ 384493.035686892340891, 5524530.378435757011175, 0.0 ], [ 384529.971710916957818, 5524519.353526755236089, 0.0 ], [ 384561.995946446550079, 5524517.332220899872482, 0.0 ], [ 384589.017301335930824, 5524523.426571615971625, 0.0 ], [ 384614.991148599074222, 5524534.326202621683478, 0.0 ], [ 384633.978673630277626, 5524551.381807337515056, 0.0 ], [ 384644.027159518445842, 5524577.415783836506307, 0.0 ], [ 384647.99872898333706, 5524598.352346512489021, 0.0 ], [ 384642.020142473629676, 5524631.403204513713717, 0.0 ], [ 384635.034373870235868, 5524654.354119018651545, 0.0 ], [ 384630.977309674955904, 5524666.342183816246688, 0.0 ], [ 384623.98375878285151, 5524655.369461948052049, 0.0 ], [ 384613.989688962115906, 5524655.361156801693141, 0.0 ], [ 384592.039733790443279, 5524654.385617004707456, 0.0 ], [ 384576.992366245598532, 5524643.363118905574083, 0.0 ], [ 384560.024916786700487, 5524643.393166488967836, 0.0 ], [ 384545.034304365923163, 5524638.375725322403014, 0.0 ], [ 384516.030165623698849, 5524630.322073156014085, 0.0 ], [ 384497.036441945587285, 5524626.391647513024509, 0.0 ], [ 384489.019103867176455, 5524621.336013776250184, 0.0 ], [ 384469.023354164324701, 5524624.323176498524845, 0.0 ], [ 384445.987784016993828, 5524626.374613688327372, 0.0 ], [ 384423.024934188986663, 5524618.414268142543733, 0.0 ], [ 384402.016451892792247, 5524614.416191590949893, 0.0 ], [ 384391.993387518916279, 5524616.410982294008136, 0.0 ], [ 384354.028288210509345, 5524626.346715493127704, 0.0 ], [ 384277.029676897916943, 5524653.360418729484081, 0.0 ], [ 384210.040933464420959, 5524664.365909523330629, 0.0 ], [ 384114.007399590977002, 5524655.42042843811214, 0.0 ], [ 384004.003238091419917, 5524575.370417704805732, 0.0 ], [ 383928.006036794278771, 5524495.368014893494546, 0.0 ], [ 383907.988177959923632, 5524467.325632585212588, 0.0 ], [ 383892.02099705877481, 5524430.40911462251097, 0.0 ], [ 383887.972381327766925, 5524429.38414578139782, 0.0 ], [ 383885.023506539815571, 5524439.346857004798949, 0.0 ], [ 383892.033924793242477, 5524504.374233037233353, 0.0 ], [ 383904.975118454603944, 5524524.338381329551339, 0.0 ], [ 383925.043098360474687, 5524551.378632217645645, 0.0 ], [ 383939.984439214225858, 5524587.427534712478518, 0.0 ], [ 383960.991103375970852, 5524631.354048803448677, 0.0 ], [ 383970.022265443461947, 5524653.404667959548533, 0.0 ], [ 383984.975069139851257, 5524673.32564395852387, 0.0 ], [ 384011.009251976502128, 5524710.359222624450922, 0.0 ], [ 384048.028677274938673, 5524753.385010664351285, 0.0 ], [ 384056.987583538051695, 5524765.426967079751194, 0.0 ], [ 384053.995391062519047, 5524783.398798612877727, 0.0 ], [ 384035.03498718427727, 5524814.394290087744594, 0.0 ], [ 384007.036738903319929, 5524866.383835387416184, 0.0 ], [ 383988.996751470200252, 5524913.376254335977137, 0.0 ], [ 383974.983716240967624, 5524950.382839777506888, 0.0 ], [ 383972.027882437163498, 5524973.359131627716124, 0.0 ], [ 383962.020127670024522, 5524999.379284178838134, 0.0 ], [ 383946.986990542092826, 5525022.393443618901074, 0.0 ], [ 383924.023238688125275, 5525064.375857104547322, 0.0 ], [ 383908.990457427222282, 5525087.390130035579205, 0.0 ], [ 383913.036822120891884, 5525128.345375835895538, 0.0 ], [ 383917.983853939396795, 5525174.397614573128521, 0.0 ], [ 383900.039649324316997, 5525242.410127923823893, 0.0 ], [ 383906.983734918525442, 5525254.384050838649273, 0.0 ], [ 383942.992390710802283, 5525317.340351291932166, 0.0 ], [ 383978.037383370217867, 5525382.319709138944745, 0.0 ], [ 383981.03622880729381, 5525391.375634919852018, 0.0 ], [ 383973.033876860514283, 5525390.324609038420022, 0.0 ], [ 383959.994457579101436, 5525392.385274771600962, 0.0 ], [ 383959.002995469607413, 5525406.42115774936974, 0.0 ], [ 383944.035412574186921, 5525402.405979257076979, 0.0 ], [ 383939.024689703597687, 5525403.403811976313591, 0.0 ], [ 383936.981621540500782, 5525405.338705436326563, 0.0 ], [ 383929.980357844964601, 5525397.370130265131593, 0.0 ], [ 383901.016784934035968, 5525354.393952473066747, 0.0 ], [ 383836.007312684494536, 5525323.429428346455097, 0.0 ], [ 383829.024987439042889, 5525316.35037836804986, 0.0 ], [ 383797.040173898800276, 5525283.339062076061964, 0.0 ], [ 383773.991734005277976, 5525251.358484968543053, 0.0 ], [ 383706.98819389520213, 5525191.408397248014808, 0.0 ], [ 383618.037981445202604, 5525107.352403052151203, 0.0 ], [ 383586.036750353407115, 5525080.348843934945762, 0.0 ], [ 383517.036156890681013, 5525021.333972237072885, 0.0 ], [ 383468.984942205308471, 5524970.319706864655018, 0.0 ], [ 383421.006799946539104, 5524939.325047874823213, 0.0 ], [ 383404.98146255814936, 5524916.425684250891209, 0.0 ], [ 383367.000634154654108, 5524882.323109233751893, 0.0 ], [ 383361.032552732503973, 5524852.421196147799492, 0.0 ], [ 383343.004571445751935, 5524833.347089083865285, 0.0 ], [ 383331.979354884126224, 5524802.331277075223625, 0.0 ], [ 383275.04198664391879, 5524769.418662651441991, 0.0 ], [ 383225.980564012948889, 5524738.337899181991816, 0.0 ], [ 383208.034191719430964, 5524726.38095642067492, 0.0 ], [ 383162.018979324959219, 5524726.378172114491463, 0.0 ], [ 383106.975606024672743, 5524744.368050845339894, 0.0 ], [ 383102.970495059737004, 5524745.344812477007508, 0.0 ], [ 383105.012541196949314, 5524796.353590620681643, 0.0 ], [ 383107.009506788628642, 5524835.350853612646461, 0.0 ], [ 383114.991172559384722, 5524835.400036877021194, 0.0 ], [ 383125.006731553934515, 5524836.406125323846936, 0.0 ], [ 383139.011487526004203, 5524842.330858005210757, 0.0 ], [ 383186.040026641683653, 5524849.31871191971004, 0.0 ], [ 383215.987662145111244, 5524864.352061574347317, 0.0 ], [ 383238.037726373237092, 5524916.37287806160748, 0.0 ], [ 383256.022805737215094, 5525006.410230915993452, 0.0 ], [ 383277.00523239019094, 5525052.336862800642848, 0.0 ], [ 383222.991794543457218, 5524998.339622177183628, 0.0 ], [ 383183.993188718566671, 5524970.377858817577362, 0.0 ], [ 383167.031813460402191, 5524957.398661457002163, 0.0 ], [ 383102.00908438564511, 5524916.321324316784739, 0.0 ], [ 383050.040734473557677, 5524890.421715470030904, 0.0 ], [ 383026.033171228016727, 5524887.383958442136645, 0.0 ], [ 383003.985213778854813, 5524898.429545788094401, 0.0 ], [ 382939.011763150338084, 5524899.396828887052834, 0.0 ], [ 382880.038170417537913, 5524885.329964789561927, 0.0 ], [ 382719.993702393781859, 5524832.421442104503512, 0.0 ], [ 382632.018461223691702, 5524863.368659236468375, 0.0 ], [ 382590.032228913682047, 5524840.370171555317938, 0.0 ], [ 382540.980633411789313, 5524859.34757030941546, 0.0 ], [ 382530.99759962130338, 5524899.384720554575324, 0.0 ], [ 382507.035250733955763, 5524931.384879814460874, 0.0 ], [ 382484.989227718964685, 5524919.408539071679115, 0.0 ], [ 382409.975524920853786, 5524908.36634261533618, 0.0 ], [ 382399.038305458321702, 5524901.375434109009802, 0.0 ], [ 382383.974300667876378, 5524896.365556242875755, 0.0 ], [ 382331.005952373845503, 5524887.401159208267927, 0.0 ], [ 382295.016895179229323, 5524895.41756001394242, 0.0 ], [ 382229.980509380809963, 5524880.378007779829204, 0.0 ], [ 382177.986879540549126, 5524886.409499149769545, 0.0 ], [ 382153.988229928479996, 5524890.382749235257506, 0.0 ], [ 382124.038319111627061, 5524898.379356333054602, 0.0 ], [ 382101.014286075136624, 5524894.32312126737088, 0.0 ], [ 382053.97215724241687, 5524893.351286810822785, 0.0 ], [ 382033.035823222598992, 5524853.323074309155345, 0.0 ], [ 381969.010355295496993, 5524848.38619898352772, 0.0 ], [ 381876.995338061940856, 5524829.381968332454562, 0.0 ], [ 381792.002766186837107, 5524809.335291845723987, 0.0 ], [ 381749.999157795158681, 5524841.401375977322459, 0.0 ], [ 381766.037578452145681, 5524802.341881395317614, 0.0 ], [ 381752.025134390278254, 5524799.423977529630065, 0.0 ], [ 381742.037070066668093, 5524796.417722741141915, 0.0 ], [ 381730.040285690978635, 5524790.34122596308589, 0.0 ], [ 381709.992220287676901, 5524784.330394214950502, 0.0 ], [ 381696.029575227294117, 5524780.410487991757691, 0.0 ], [ 381690.037956722779199, 5524779.318625562824309, 0.0 ], [ 381677.031507977691945, 5524776.378809368237853, 0.0 ], [ 381680.990766796574462, 5524786.413548707030714, 0.0 ], [ 381696.990035477560014, 5524791.400948273949325, 0.0 ], [ 381710.016712108277716, 5524808.355081403627992, 0.0 ], [ 381726.97035386681091, 5524827.336314260959625, 0.0 ], [ 381732.033599314105231, 5524848.35839828569442, 0.0 ], [ 381730.984252037713304, 5524905.330128556117415, 0.0 ], [ 381722.009144872659817, 5524935.336356348358095, 0.0 ], [ 381713.975874772877432, 5524926.392141200602055, 0.0 ], [ 381707.042499897244852, 5524918.424823849461973, 0.0 ], [ 381691.988678192486987, 5524871.372477506287396, 0.0 ], [ 381688.008493095228914, 5524896.374988653697073, 0.0 ], [ 381684.990454799961299, 5524919.35426008887589, 0.0 ], [ 381676.023128697590437, 5524933.343580074608326, 0.0 ], [ 381676.009731483762152, 5524952.363853731192648, 0.0 ], [ 381682.991372483898886, 5524972.342689451761544, 0.0 ], [ 381674.988677322864532, 5524984.419943202286959, 0.0 ], [ 381671.984137205115985, 5524988.378951101563871, 0.0 ], [ 381638.992768674041145, 5524995.332864587195218, 0.0 ], [ 381626.013193948543631, 5525003.404169931076467, 0.0 ], [ 381616.029835499299224, 5525010.408576297573745, 0.0 ], [ 381574.032252528355457, 5525039.361622910015285, 0.0 ], [ 381535.988653674372472, 5525081.352929359301925, 0.0 ], [ 381530.981343030172866, 5525105.377145396545529, 0.0 ], [ 381539.978764703671914, 5525148.335673899389803, 0.0 ], [ 381548.023586465802509, 5525177.411661776714027, 0.0 ], [ 381536.014536895381752, 5525190.355891848914325, 0.0 ], [ 381523.975563869695179, 5525195.403613433241844, 0.0 ], [ 381511.989801712799817, 5525196.334751132875681, 0.0 ], [ 381457.972512185806409, 5525185.39996349811554, 0.0 ], [ 381420.976681084895972, 5525170.420259173028171, 0.0 ], [ 381392.98183382593561, 5525159.357947895303369, 0.0 ], [ 381367.016890014288947, 5525165.380196744576097, 0.0 ], [ 381333.008775644295383, 5525191.378477001562715, 0.0 ], [ 381312.011137035035063, 5525181.385872595012188, 0.0 ], [ 381262.038838674081489, 5525184.378625649958849, 0.0 ], [ 381249.041396052751224, 5525188.335825696587563, 0.0 ], [ 381223.038216792570893, 5525189.35434749815613, 0.0 ], [ 381183.032006626366638, 5525181.338826437480748, 0.0 ], [ 381150.023016199644189, 5525174.392641993239522, 0.0 ], [ 381130.003302292490844, 5525166.381255613639951, 0.0 ], [ 381118.998323894687928, 5525169.404953059740365, 0.0 ], [ 381120.976904708717484, 5525187.380269511602819, 0.0 ], [ 381098.9726229198277, 5525190.424434741027653, 0.0 ], [ 381047.994475966668688, 5525180.427661565132439, 0.0 ], [ 381074.978501723730005, 5525256.356728855520487, 0.0 ], [ 381022.978295546257868, 5525229.364827604964375, 0.0 ], [ 381038.026167184289079, 5525269.408251654356718, 0.0 ], [ 381016.036356109660119, 5525263.331711702980101, 0.0 ], [ 381016.003244947060011, 5525281.351464262232184, 0.0 ], [ 381001.983583259338047, 5525281.32764092925936, 0.0 ], [ 380999.015292984782718, 5525280.392193855717778, 0.0 ], [ 380997.998265987727791, 5525286.42101527005434, 0.0 ] ] ] } },
{ "type": "Feature", "properties": { "name": "Saar-Hunsrück-Steig - 16. Etappe: Rhaunen - Laufersweiler - Sohren (Nord)", "km": 19.566, "darstell": "F2", "datum": null, "height": 346, "link": "https://www.saar-hunsrueck-steig.de/tour/saar-hunsrueck-steig-16.-etappe-rhaunen-laufersweiler-sohren-nord-7b4c4d2aab" }, "geometry": { "type": "MultiLineString", "coordinates": [ [ [ 380997.998265987727791, 5525286.42101527005434, 341.0 ], [ 380996.017101236153394, 5525307.375773604959249, 339.0 ], [ 380995.011289003596175, 5525333.425487177446485, 338.0 ], [ 380992.029561985109467, 5525338.385455283336341, 338.0 ], [ 380980.033311858423986, 5525358.33810827601701, 337.0 ], [ 380940.00126187450951, 5525404.382094626314938, 336.0 ], [ 380923.998094605631195, 5525428.427735541947186, 336.0 ], [ 380908.042336535581853, 5525451.36009515542537, 336.0 ], [ 380897.977977414557245, 5525464.374042347073555, 336.0 ], [ 380874.021917122357991, 5525486.371230543591082, 334.0 ], [ 380854.982212980394252, 5525506.368833742104471, 333.0 ], [ 380842.019290694384836, 5525518.334760838188231, 332.0 ], [ 380828.006161992205307, 5525528.321853271685541, 332.0 ], [ 380805.023817684035748, 5525503.359289931133389, 332.0 ], [ 380781.017965470789932, 5525513.345310989767313, 332.0 ], [ 380717.016156271332875, 5525564.371120381169021, 330.0 ], [ 380708.040955455740914, 5525571.354960095137358, 329.0 ], [ 380666.0043942600023, 5525588.414834650233388, 328.0 ], [ 380653.030509826843627, 5525593.374065656214952, 328.0 ], [ 380429.98003750666976, 5525717.338868725113571, 329.0 ], [ 380449.985159106901847, 5525938.351619884371758, 337.0 ], [ 380430.991571981285233, 5525947.338150380179286, 338.0 ], [ 380409.981117053714115, 5525959.372747144661844, 338.0 ], [ 380388.998134079040028, 5525969.404694537632167, 339.0 ], [ 380358.97613398428075, 5525954.388613859191537, 339.0 ], [ 380267.028917173098307, 5525902.375744164921343, 338.0 ], [ 380259.004130557237659, 5525900.329670075327158, 338.0 ], [ 380154.037270594504662, 5525867.406056055799127, 342.0 ], [ 380098.019040887360461, 5525850.411973984912038, 343.0 ], [ 380067.001968935248442, 5525842.427083070389926, 343.0 ], [ 380044.014728063717484, 5525846.387419356964529, 343.0 ], [ 380012.026430337456986, 5525859.335615479387343, 343.0 ], [ 379977.010733983886894, 5525878.357901429757476, 342.0 ], [ 379939.981567122973502, 5525926.345001108944416, 341.0 ], [ 379927.00181896367576, 5525937.423792472109199, 341.0 ], [ 379915.003210678696632, 5525947.368433027528226, 340.0 ], [ 379883.032879378180951, 5525951.418667767196894, 340.0 ], [ 379873.018549264757894, 5525950.418630133382976, 340.0 ], [ 379858.021803869167343, 5525948.417522883974016, 339.0 ], [ 379837.978599415451754, 5525955.427478433586657, 339.0 ], [ 379814.987151096400339, 5525962.3921101950109, 339.0 ], [ 379798.025658585131168, 5525959.322744539938867, 341.0 ], [ 379776.01570447551785, 5525923.330993132665753, 345.0 ], [ 379732.99074530065991, 5525976.347628329880536, 348.0 ], [ 379694.029266415047459, 5526021.376509023830295, 349.0 ], [ 379657.035443838743959, 5526064.359570011496544, 350.0 ], [ 379608.034067557600792, 5526110.392227014526725, 349.0 ], [ 379549.975897495052777, 5526156.405581246130168, 345.0 ], [ 379533.974973440752365, 5526167.33052812051028, 345.0 ], [ 379507.014658029656857, 5526186.398186390288174, 346.0 ], [ 379464.009077337977942, 5526214.390008391812444, 348.0 ], [ 379425.977559789957013, 5526233.372360648587346, 349.0 ], [ 379407.97357163002016, 5526270.370389203540981, 349.0 ], [ 379384.974827795114834, 5526283.343515125103295, 349.0 ], [ 379361.400166924344376, 5526286.652641792781651, 349.0 ], [ 379350.786990635795519, 5526268.537594503723085, 349.0 ], [ 379339.487375330703799, 5526267.901069034822285, 349.0 ], [ 379329.525394358031917, 5526266.011045671999454, 349.0 ], [ 379295.002804566756822, 5526268.342404105700552, 350.0 ], [ 379234.012315736501478, 5526276.384409004822373, 353.0 ], [ 379176.977911164343823, 5526281.33508416544646, 355.0 ], [ 379123.98518328886712, 5526277.40840701572597, 356.0 ], [ 379087.975267361558508, 5526274.324221382848918, 355.0 ], [ 379075.999032051651739, 5526272.36868580058217, 354.0 ], [ 379072.018172780692112, 5526274.349043351598084, 354.0 ], [ 379067.040775999892503, 5526286.362517764791846, 353.0 ], [ 379045.993944223329891, 5526293.398062163963914, 351.0 ], [ 379024.006311763019767, 5526303.346825427375734, 349.0 ], [ 379015.035142505425029, 5526326.350695755332708, 351.0 ], [ 379014.024954995955341, 5526329.376622558571398, 351.0 ], [ 379011.99335476977285, 5526341.323935087770224, 353.0 ], [ 379018.986011805012822, 5526361.410655704326928, 355.0 ], [ 379015.01900138403289, 5526370.398256694898009, 356.0 ], [ 379011.990336066228338, 5526376.361548272892833, 357.0 ], [ 379000.009934350033291, 5526377.409501065500081, 359.0 ], [ 378978.017609749978874, 5526374.344626284204423, 360.0 ], [ 378949.999037503264844, 5526365.408941028639674, 360.0 ], [ 378875.004762786324136, 5526348.409532778896391, 359.0 ], [ 378812.028279041755013, 5526354.387692700140178, 357.0 ], [ 378784.991421826533042, 5526360.335630025714636, 356.0 ], [ 378767.006008419557475, 5526372.41994256619364, 356.0 ], [ 378731.034617746307049, 5526393.363085084594786, 355.0 ], [ 378690.035253385314718, 5526446.342985085211694, 356.0 ], [ 378667.023944648681208, 5526487.349668496288359, 359.0 ], [ 378663.011810102558229, 5526529.374064789153636, 359.0 ], [ 378634.013204710907303, 5526569.40360832028091, 357.0 ], [ 378616.009787633491214, 5526593.390555744990706, 357.0 ], [ 378614.977311798313167, 5526595.415996049530804, 357.0 ], [ 378593.972522752010264, 5526658.401465628296137, 360.0 ], [ 378586.028061236953363, 5526685.387299875728786, 362.0 ], [ 378576.039359830960166, 5526701.407435337081552, 362.0 ], [ 378574.025319216831122, 5526736.379326099529862, 362.0 ], [ 378571.032261477259453, 5526769.371159395202994, 362.0 ], [ 378567.000663328333758, 5526791.374590458348393, 362.0 ], [ 378537.027135198004544, 5526810.4041414456442, 362.0 ], [ 378528.97437259927392, 5526829.383915183134377, 362.0 ], [ 378535.988408312259708, 5526850.359434163197875, 362.0 ], [ 378538.973257495788857, 5526858.41190592572093, 362.0 ], [ 378525.021128772117663, 5526864.399621253833175, 362.0 ], [ 378506.00134118628921, 5526897.419644789770246, 364.0 ], [ 378474.037289811531082, 5526917.384370863437653, 365.0 ], [ 378416.022978958091699, 5526926.369837231002748, 365.0 ], [ 378348.025281050067861, 5526948.373189466074109, 365.0 ], [ 378299.369577174657024, 5526970.718540664762259, 370.0 ], [ 378278.154380746651441, 5526989.217835739254951, 372.0 ], [ 378243.783943676273338, 5526994.88961783144623, 371.0 ], [ 378228.786261380417272, 5527005.462259751744568, 370.0 ], [ 378186.249172999407165, 5527018.660490009002388, 369.0 ], [ 378178.122672361147124, 5527027.96541883610189, 369.0 ], [ 378165.600324008613825, 5527039.92820836789906, 370.0 ], [ 378128.159936390118673, 5527062.354929227381945, 371.0 ], [ 378083.736801264516544, 5527084.272748057730496, 371.0 ], [ 378058.985382064653095, 5527089.394106524996459, 370.0 ], [ 377996.006889640004374, 5527123.412503031082451, 368.0 ], [ 377901.986878642579541, 5527151.350876858457923, 368.0 ], [ 377864.982838560012169, 5527164.426166698336601, 366.0 ], [ 377839.973966766323429, 5527180.343843423761427, 364.0 ], [ 377819.031041780544911, 5527204.400435120798647, 364.0 ], [ 377803.997643258131575, 5527232.327232228592038, 365.0 ], [ 377797.009875090268906, 5527266.411526563577354, 367.0 ], [ 377802.979675957001746, 5527301.425074447877705, 368.0 ], [ 377811.039837331860326, 5527330.384656166657805, 370.0 ], [ 377814.009146929951385, 5527369.359459202736616, 371.0 ], [ 377826.986929622595198, 5527412.333775714039803, 373.0 ], [ 377836.032252506061923, 5527440.381165966391563, 373.0 ], [ 377838.009750960976817, 5527448.344927644357085, 374.0 ], [ 377847.976402105414309, 5527447.340009299106896, 374.0 ], [ 377853.041395725740585, 5527458.348156278021634, 374.0 ], [ 377845.981202959315851, 5527473.413466963917017, 374.0 ], [ 377847.023712401569355, 5527519.328384106978774, 373.0 ], [ 377841.99020237440709, 5527541.355270924046636, 372.0 ], [ 377816.030040264828131, 5527575.425472086295485, 372.0 ], [ 377819.039501287508756, 5527581.363623782992363, 372.0 ], [ 377856.017437716946006, 5527665.393553123809397, 374.0 ], [ 377849.977796707767993, 5527668.422703133895993, 374.0 ], [ 377832.030084647529293, 5527672.389658742584288, 375.0 ], [ 377788.020361317205243, 5527696.414191402494907, 376.0 ], [ 377755.009074136556592, 5527717.408372590318322, 378.0 ], [ 377725.00393012620043, 5527747.344196551479399, 379.0 ], [ 377701.978399126091972, 5527771.337478154338896, 380.0 ], [ 377678.040773536427878, 5527777.332081695087254, 380.0 ], [ 377652.990977660054341, 5527772.340154143050313, 380.0 ], [ 377639.007304529775865, 5527767.319085892289877, 380.0 ], [ 377620.007965252909344, 5527772.423004533164203, 380.0 ], [ 377586.030940659285989, 5527760.40442019328475, 381.0 ], [ 377561.019498913548887, 5527763.420725700445473, 381.0 ], [ 377516.015608483750839, 5527756.325294315814972, 382.0 ], [ 377488.98067063227063, 5527749.377147213555872, 384.0 ], [ 377482.014508584979922, 5527746.421305696479976, 385.0 ], [ 377503.022474552621134, 5527766.40954071469605, 387.0 ], [ 377528.988755561469588, 5527786.396199064329267, 390.0 ], [ 377560.018404590722639, 5527798.370274342596531, 394.0 ], [ 377565.984141078020912, 5527817.36635123193264, 397.0 ], [ 377568.972715952433646, 5527841.324387270957232, 400.0 ], [ 377523.994794841273688, 5527835.340640567243099, 405.0 ], [ 377465.006809596146923, 5527826.339421952143312, 409.0 ], [ 377420.005815288051963, 5527819.355973473750055, 412.0 ], [ 377393.995987808739301, 5527816.389298343099654, 414.0 ], [ 377389.971263781306334, 5527816.369798093102872, 414.0 ], [ 377374.980888344231062, 5527833.39626876078546, 416.0 ], [ 377362.001691927376669, 5527850.376934410072863, 418.0 ], [ 377326.98524125048425, 5527868.416297664865851, 421.0 ], [ 377281.037485985318199, 5527892.378095460124314, 424.0 ], [ 377259.013880560174584, 5527900.333113064989448, 423.0 ], [ 377238.974459414661396, 5527913.359614274464548, 422.0 ], [ 377220.016132680582814, 5527901.334311774931848, 421.0 ], [ 377212.98148437589407, 5527895.377117710188031, 420.0 ], [ 377209.031942454515956, 5527892.352773940190673, 420.0 ], [ 377197.995183041784912, 5527909.4007553961128, 419.0 ], [ 377203.98495395592181, 5527929.397019452415407, 416.0 ], [ 377195.971457178937271, 5527940.369464888237417, 414.0 ], [ 377188.016848215076607, 5527941.329693797044456, 413.0 ], [ 377192.031393349752761, 5527972.383016519248486, 409.0 ], [ 377197.01232092466671, 5527995.40557127725333, 406.0 ], [ 377206.034795136540197, 5528022.340221919119358, 402.0 ], [ 377216.02615805552341, 5528041.355293006636202, 399.0 ], [ 377218.165823548741173, 5528050.093785042874515, 398.0 ], [ 377207.531130227842368, 5528050.114079243503511, 397.0 ], [ 377201.250401943514589, 5528045.696944557130337, 396.0 ], [ 377190.000227934739087, 5528034.49688418302685, 394.0 ], [ 377176.895325359189883, 5528023.895355763845146, 392.0 ], [ 377166.259514952776954, 5528017.575525695458055, 391.0 ], [ 377160.658522373298183, 5528002.019704358652234, 390.0 ], [ 377153.789350438280962, 5527990.719669602811337, 389.0 ], [ 377137.509561017970555, 5527976.408846633508801, 387.0 ], [ 377126.862348369089887, 5527963.304190934635699, 385.0 ], [ 377120.036232934508007, 5527953.894157780334353, 385.0 ], [ 377113.984503876999952, 5527934.344319060444832, 385.0 ], [ 377107.021471107378602, 5527906.361664340831339, 385.0 ], [ 377089.978491591638885, 5527896.406460975296795, 385.0 ], [ 377078.031716702331323, 5527889.33812179043889, 385.0 ], [ 377058.011990614701062, 5527884.345252394676208, 385.0 ], [ 377051.016436472011264, 5527886.396084173582494, 386.0 ], [ 377042.990323726378847, 5527909.382128684781492, 389.0 ], [ 377031.984498424746562, 5527940.333788560703397, 394.0 ], [ 377027.006942174164578, 5527958.355959690175951, 397.0 ], [ 377019.036396720563062, 5527974.333151829428971, 399.0 ], [ 377008.130096874083392, 5527984.482174886390567, 400.0 ], [ 377004.378774664830416, 5527990.12955944892019, 401.0 ], [ 377010.010738338402007, 5528007.019314429722726, 403.0 ], [ 377022.524808882910293, 5528035.764808574691415, 405.0 ], [ 377031.892630032205489, 5528058.909410107880831, 408.0 ], [ 377037.994159574445803, 5528074.342436869628727, 411.0 ], [ 377043.03104447608348, 5528090.35596708394587, 413.0 ], [ 377043.018222374259494, 5528102.369338440708816, 415.0 ], [ 377043.028274011274334, 5528115.38327706232667, 418.0 ], [ 377014.990671817911789, 5528149.393933940678835, 425.0 ], [ 376993.39498308300972, 5528179.141836367547512, 426.0 ], [ 377000.744140368362423, 5528201.998852838762105, 427.0 ], [ 376996.49852378439391, 5528217.445993945933878, 428.0 ], [ 377000.744778737833258, 5528236.59207224752754, 428.0 ], [ 376994.640829938929528, 5528271.324897169135511, 427.0 ], [ 376991.888233731151558, 5528286.070508751086891, 427.0 ], [ 376999.151469690375961, 5528302.033085393719375, 426.0 ], [ 376995.063589008641429, 5528324.373028177767992, 426.0 ], [ 376991.818512819532771, 5528352.144083524122834, 425.0 ], [ 376995.364330850541592, 5528372.084803963080049, 425.0 ], [ 377003.471466861432418, 5528387.249457982368767, 424.0 ], [ 377018.597560900670942, 5528407.704006943851709, 424.0 ], [ 377006.682317352795508, 5528427.108425863087177, 424.0 ], [ 376966.099937962251715, 5528405.790154162794352, 427.0 ], [ 376940.658898507477716, 5528405.593563565053046, 428.0 ], [ 376942.005782877735328, 5528417.353375629521906, 429.0 ], [ 376937.986527055851184, 5528458.378844880498946, 433.0 ], [ 376932.028910674387589, 5528496.334170144051313, 438.0 ], [ 376911.00652778299991, 5528557.325677920132875, 444.0 ], [ 376902.013250721851364, 5528591.346165904775262, 445.0 ], [ 376880.025871170044411, 5528660.368656445294619, 441.0 ], [ 376879.598432035534643, 5528669.944432385265827, 440.0 ], [ 376892.23030040593585, 5528681.890828197821975, 438.0 ], [ 376913.12742464087205, 5528684.527016269974411, 435.0 ], [ 376925.093906591355335, 5528701.939102693460882, 433.0 ], [ 376935.337963978352491, 5528713.161612932570279, 432.0 ], [ 376948.995142869709525, 5528713.405269308015704, 431.0 ], [ 377063.983571933000349, 5528708.328351752832532, 419.0 ], [ 377082.018795103882439, 5528708.361035523936152, 417.0 ], [ 377128.027364390552975, 5528709.423068, 413.0 ], [ 377178.028054891503416, 5528715.399767957627773, 411.0 ], [ 377186.011612543719821, 5528706.318866116926074, 410.0 ], [ 377207.985510520287789, 5528655.428918114863336, 407.0 ], [ 377245.039600349322427, 5528588.399889213964343, 401.0 ], [ 377274.003505768661853, 5528538.351810990832746, 399.0 ], [ 377309.040659413789399, 5528521.423754649236798, 399.0 ], [ 377306.984977346844971, 5528516.353974958881736, 399.0 ], [ 377364.113788160262629, 5528516.608252920210361, 400.0 ], [ 377339.481079187535215, 5528517.169991435483098, 400.0 ], [ 377398.046175578492694, 5528517.391872056759894, 402.0 ], [ 377418.853000386036001, 5528550.732124669477344, 403.0 ], [ 377441.02834118885221, 5528577.92350416444242, 404.0 ], [ 377453.975770390941761, 5528603.767981284298003, 405.0 ], [ 377476.219112127320841, 5528633.961206288076937, 405.0 ], [ 377498.430197750625666, 5528659.594739915803075, 405.0 ], [ 377522.0453452069778, 5528680.635872308164835, 404.0 ], [ 377538.008303654845804, 5528706.411855679936707, 403.0 ], [ 377553.97205191780813, 5528729.073369924910367, 402.0 ], [ 377573.022651506937109, 5528754.77914702706039, 402.0 ], [ 377590.458740647241939, 5528775.849995373748243, 402.0 ], [ 377605.297668840212282, 5528818.558991956524551, 399.0 ], [ 377686.039970734680537, 5528767.335003272630274, 394.0 ], [ 377694.019711366971023, 5528764.372720622457564, 394.0 ], [ 377697.998207373660989, 5528762.391299405135214, 394.0 ], [ 377737.981671051005833, 5528732.339419677853584, 397.0 ], [ 377750.034588180540595, 5528728.394769888371229, 397.0 ], [ 377747.987834803701844, 5528736.338752374053001, 398.0 ], [ 377750.03462873538956, 5528766.324800397269428, 399.0 ], [ 377758.03251456952421, 5528808.411066276021302, 401.0 ], [ 377761.017640324600507, 5528854.393164911307395, 402.0 ], [ 377760.03762662759982, 5528931.387835900299251, 399.0 ], [ 377747.028003786806948, 5528975.397681933827698, 399.0 ], [ 377732.016115907113999, 5529010.332087164744735, 399.0 ], [ 377710.97253446263494, 5529045.403711082413793, 399.0 ], [ 377698.032372755755205, 5529051.370832094922662, 399.0 ], [ 377672.030285658838693, 5529067.423520770855248, 400.0 ], [ 377657.993847736681346, 5529069.411332977004349, 400.0 ], [ 377635.002628165530041, 5529069.378310916945338, 400.0 ], [ 377604.041665337164886, 5529066.412291565909982, 400.0 ], [ 377578.990768337098416, 5529067.427477960474789, 400.0 ], [ 377560.039174489793368, 5529074.421656337566674, 400.0 ], [ 377553.0058918640716, 5529087.373486443422735, 400.0 ], [ 377553.037641357455868, 5529101.387993949465454, 400.0 ], [ 377563.032907545159105, 5529114.397002936340868, 400.0 ], [ 377571.971267315151636, 5529128.319948348216712, 401.0 ], [ 377574.042348760296591, 5529140.397079894319177, 401.0 ], [ 377569.978526253136806, 5529154.393603715114295, 402.0 ], [ 377560.024043598095886, 5529168.413030342198908, 402.0 ], [ 377553.029564600146841, 5529189.372688083909452, 403.0 ], [ 377552.991605225368403, 5529222.409459279850125, 403.0 ], [ 377555.999179487931542, 5529250.371438002213836, 403.0 ], [ 377522.02522437274456, 5529285.404668179340661, 405.0 ], [ 377513.034235301078297, 5529294.396809507161379, 405.0 ], [ 377495.036381421145052, 5529305.373882075771689, 406.0 ], [ 377476.99299985478865, 5529314.349877675995231, 407.0 ], [ 377449.028785535308998, 5529329.336116198450327, 409.0 ], [ 377437.025584581191652, 5529335.393781862221658, 410.0 ], [ 377441.975862616440281, 5529341.39871100243181, 411.0 ], [ 377437.978468880755827, 5529339.376417828723788, 411.0 ], [ 377482.01400591165293, 5529342.377184635028243, 416.0 ], [ 377505.004086208471563, 5529342.409534074366093, 418.0 ], [ 377521.985968486347701, 5529359.374879981391132, 419.0 ], [ 377560.001287428021897, 5529410.343191487714648, 423.0 ], [ 377586.997279173636343, 5529425.412212445400655, 425.0 ], [ 377623.018467459362, 5529461.410014687106013, 429.0 ], [ 377625.011537164507899, 5529476.380971082486212, 430.0 ], [ 377629.005273089162074, 5529481.406744233332574, 430.0 ], [ 377641.010167689586524, 5529494.37013304233551, 431.0 ], [ 377684.040714861068409, 5529516.416036913171411, 431.0 ], [ 377726.97381650924217, 5529537.352168759331107, 431.0 ], [ 377797.997409694769885, 5529577.338127449154854, 431.0 ], [ 377824.99188030307414, 5529592.408322699368, 431.0 ], [ 377853.011614821036346, 5529608.345209282822907, 432.0 ], [ 377889.987478044698946, 5529626.414680149406195, 433.0 ], [ 377902.017773447325453, 5529637.375867926515639, 435.0 ], [ 377918.989320540975314, 5529641.328504448756576, 436.0 ], [ 377930.998489390709437, 5529632.379742937162519, 438.0 ], [ 377960.025414820294827, 5529648.405531044118106, 441.0 ], [ 377976.003372352803126, 5529662.391756881028414, 443.0 ], [ 378042.039845754043199, 5529685.36432090587914, 448.0 ], [ 378112.987252999679185, 5529725.356008523143828, 447.0 ], [ 378117.989284062583465, 5529727.356007322669029, 447.0 ], [ 378204.017021255334839, 5529770.343935195356607, 446.0 ], [ 378294.036217586603016, 5529818.359475711360574, 450.0 ], [ 378312.029496078786906, 5529829.409006374888122, 451.0 ], [ 378369.985623365151696, 5529857.351330275647342, 452.0 ], [ 378436.002209248021245, 5529892.342023530974984, 453.0 ], [ 378450.020983232941944, 5529902.369558877311647, 453.0 ], [ 378457.99151696881745, 5529905.415059090591967, 453.0 ], [ 378499.988960214715917, 5529923.375042038038373, 453.0 ], [ 378608.023098346951883, 5529977.32869572006166, 452.0 ], [ 378628.029478923708666, 5529985.330536759458482, 452.0 ], [ 378657.98972412198782, 5529998.335628600791097, 452.0 ], [ 378663.03645443089772, 5530002.337271337397397, 452.0 ], [ 378700.989311821525916, 5530019.388983546756208, 453.0 ], [ 378693.999874756089412, 5530034.340458744205534, 453.0 ], [ 378688.02216825960204, 5530046.37709999922663, 453.0 ], [ 378662.032651994726621, 5530088.341712226159871, 453.0 ], [ 378632.97499927924946, 5530134.380067800171673, 452.0 ], [ 378631.009961156523786, 5530136.426598744466901, 452.0 ], [ 378624.984824893763289, 5530146.350997452624142, 452.0 ], [ 378619.038027701491956, 5530153.381620123051107, 452.0 ], [ 378610.016207375447266, 5530167.378034502267838, 452.0 ], [ 378593.008403166895732, 5530190.342108086682856, 451.0 ], [ 378581.008648338320199, 5530212.414496759884059, 449.0 ], [ 378586.980566139623988, 5530222.401660228148103, 449.0 ], [ 378597.983045067754574, 5530248.40375997684896, 447.0 ], [ 378608.040205836645328, 5530299.343055826611817, 444.0 ], [ 378608.03620481735561, 5530302.346393364481628, 444.0 ], [ 378607.97500804439187, 5530312.358599473722279, 444.0 ], [ 378617.992181982903276, 5530323.366749943234026, 443.0 ], [ 378647.977233809768222, 5530334.368997663259506, 442.0 ], [ 378798.027743281330913, 5530401.39282510522753, 440.0 ], [ 378925.98006092821015, 5530447.33959399163723, 434.0 ], [ 378924.006693010102026, 5530455.392689168453217, 434.0 ], [ 378960.008973091724329, 5530459.36475352011621, 432.0 ], [ 379061.99795335275121, 5530494.331378892064095, 429.0 ], [ 379095.016932783299126, 5530509.383332472294569, 428.0 ], [ 379198.00560176151339, 5530563.350474708713591, 429.0 ], [ 379318.989446145831607, 5530622.365735176950693, 431.0 ], [ 379361.981408497435041, 5530643.424275642260909, 429.0 ], [ 379505.041189937852323, 5530713.404875037260354, 423.0 ], [ 379533.009543813590426, 5530740.363118226639926, 420.0 ], [ 379573.022158376988955, 5530798.418658437207341, 416.0 ], [ 379629.992840954568237, 5530879.341831221245229, 416.0 ], [ 379661.017466282937676, 5530834.377235448919237, 418.0 ], [ 379661.031176795484498, 5530825.36724621988833, 418.0 ], [ 379684.015586329915095, 5530793.374368019402027, 418.0 ], [ 379718.970954118296504, 5530760.335056539624929, 418.0 ], [ 379723.003262948070187, 5530738.332388563081622, 417.0 ], [ 379742.980929615849163, 5530639.335063342936337, 413.0 ], [ 379769.021326379734091, 5530583.359669962897897, 410.0 ], [ 379818.992431118967943, 5530473.34742892254144, 402.0 ], [ 379836.039725826471113, 5530458.395093539729714, 401.0 ], [ 379909.017136701033451, 5530426.398171205073595, 398.0 ], [ 379929.003467576694675, 5530414.383701177313924, 398.0 ], [ 379939.979371572262608, 5530407.353470850735903, 398.0 ], [ 380025.979316445067525, 5530421.339117949828506, 397.0 ], [ 380038.042596494196914, 5530424.406775247305632, 397.0 ], [ 380139.016477564233355, 5530446.402293752878904, 394.0 ], [ 380143.011982223135419, 5530448.426568574272096, 394.0 ], [ 380218.017325436288957, 5530478.343875859864056, 392.0 ], [ 380423.011792088567745, 5530572.329116499051452, 392.0 ], [ 380428.034374105394818, 5530575.331815205514431, 392.0 ], [ 380524.009343905432615, 5530634.373947240412235, 391.0 ], [ 380576.994030233297963, 5530659.335390659980476, 391.0 ], [ 380603.039252772752661, 5530674.328906617127359, 392.0 ], [ 380609.024654609442223, 5530675.419470184482634, 392.0 ], [ 380683.022586870589294, 5530689.348338963463902, 393.0 ], [ 380685.990483641275205, 5530690.394748623482883, 393.0 ], [ 380750.038887968170457, 5530712.331498714163899, 392.0 ], [ 380780.017005103407428, 5530723.345540233887732, 391.0 ], [ 380814.972822687937878, 5530735.361651592887938, 391.0 ], [ 380839.995040905021597, 5530746.374695061706007, 390.0 ], [ 380864.012166396016255, 5530757.410131528973579, 389.0 ], [ 380908.020154977741186, 5530766.334204740822315, 387.0 ], [ 380952.991103536565788, 5530773.346398330293596, 385.0 ], [ 380965.017357156611979, 5530742.380645695142448, 383.0 ], [ 380969.994199083303101, 5530730.368850688450038, 383.0 ], [ 380967.977964093501214, 5530720.402841747738421, 382.0 ], [ 380967.04380712431157, 5530707.40966834872961, 381.0 ], [ 380968.042555084335618, 5530697.376884571276605, 379.0 ], [ 380973.975753816775978, 5530699.358843324705958, 378.0 ], [ 380984.008498070470523, 5530698.358054273761809, 376.0 ], [ 380992.036566834140103, 5530694.398475162684917, 374.0 ], [ 380997.019711733621079, 5530692.397231872193515, 373.0 ], [ 381000.012554318236653, 5530691.329898223280907, 372.0 ], [ 381007.013491705060005, 5530686.392018805257976, 370.0 ], [ 381047.011725751741324, 5530676.385770159773529, 362.0 ], [ 381065.089458209753502, 5530675.429540928453207, 360.0 ], [ 381082.082578317378648, 5530677.38933811802417, 358.0 ], [ 381098.352448571007699, 5530682.368385412730277, 357.0 ], [ 381109.002263681555633, 5530676.793771148659289, 356.0 ], [ 381127.164000179967843, 5530660.152537942864001, 355.0 ], [ 381141.606744777644053, 5530650.71229993365705, 354.0 ], [ 381158.164255361654796, 5530668.69901215005666, 356.0 ], [ 381189.16440613073064, 5530677.245663705281913, 358.0 ], [ 381213.634593162045348, 5530669.808548188768327, 360.0 ], [ 381238.995212635549251, 5530666.912275088019669, 362.0 ], [ 381269.8287805338623, 5530664.673820536583662, 364.0 ], [ 381296.458337850112002, 5530667.200025342404842, 365.0 ], [ 381294.966720183845609, 5530661.449044636450708, 365.0 ], [ 381295.828729648084845, 5530658.204355165362358, 365.0 ], [ 381295.552562413853593, 5530652.204070798121393, 366.0 ], [ 381295.786264720605686, 5530646.526213277131319, 366.0 ], [ 381296.042066898662597, 5530641.848931697197258, 366.0 ], [ 381295.770811053924263, 5530636.070997646078467, 366.0 ], [ 381287.314757465734147, 5530636.925143339671195, 366.0 ], [ 381279.63305225194199, 5530640.320472388528287, 365.0 ], [ 381272.927457142039202, 5530639.133846601471305, 365.0 ], [ 381263.38780685281381, 5530636.452628299593925, 364.0 ], [ 381256.605503760802094, 5530635.045258488506079, 364.0 ], [ 381247.382460047490895, 5530633.691825428977609, 363.0 ], [ 381239.604965455946513, 5530632.751383384689689, 363.0 ], [ 381231.622475695447065, 5530629.034748082980514, 362.0 ], [ 381221.050213029317092, 5530628.378551320172846, 361.0 ], [ 381208.047562392486725, 5530624.995357644744217, 360.0 ], [ 381192.668048544728663, 5530624.556700308807194, 360.0 ], [ 381177.16512833442539, 5530621.784997368231416, 361.0 ], [ 381166.706916665832978, 5530619.791632036678493, 362.0 ], [ 381161.050061669491697, 5530607.570242646150291, 363.0 ], [ 381163.900956569355913, 5530580.589686466380954, 365.0 ], [ 381173.747143487853464, 5530571.139950692653656, 366.0 ], [ 381184.797975318564568, 5530567.447532705962658, 367.0 ], [ 381199.831527509377338, 5530565.224315331317484, 367.0 ], [ 381219.54002437426243, 5530569.794043437577784, 366.0 ], [ 381225.5660798017052, 5530579.226596754044294, 366.0 ], [ 381243.04609729279764, 5530586.9600780159235, 365.0 ], [ 381271.656053033308126, 5530591.333315318450332, 364.0 ], [ 381300.462840339285322, 5530588.361221109516919, 363.0 ], [ 381310.968191436375491, 5530576.227683867327869, 362.0 ], [ 381335.594236372504383, 5530572.569501811638474, 361.0 ], [ 381361.041252885886934, 5530573.564940948970616, 360.0 ], [ 381379.045039287651889, 5530585.514007444493473, 360.0 ], [ 381400.698892619635444, 5530590.375143871642649, 360.0 ], [ 381431.009951910411473, 5530603.498794009909034, 361.0 ], [ 381452.941448958124965, 5530617.697264229878783, 361.0 ], [ 381469.311636727245059, 5530627.235610822215676, 361.0 ], [ 381462.861500572878867, 5530647.399121546186507, 361.0 ], [ 381460.130246114684269, 5530663.587595516815782, 360.0 ], [ 381461.16932506323792, 5530678.135703799314797, 360.0 ], [ 381484.007763417554088, 5530697.653285970911384, 359.0 ], [ 381535.55969437432941, 5530729.551783775910735, 358.0 ], [ 381556.609386481577531, 5530742.880254054442048, 358.0 ], [ 381578.743311630154494, 5530766.306763468310237, 358.0 ], [ 381601.641424548812211, 5530791.829875452443957, 359.0 ], [ 381619.847202432050835, 5530813.007270840927958, 360.0 ], [ 381628.555227961041965, 5530823.604687047190964, 361.0 ], [ 381628.03496708907187, 5530835.851347983814776, 361.0 ], [ 381626.075824182014912, 5530851.244117598980665, 361.0 ], [ 381641.878194696852006, 5530870.917310329154134, 361.0 ], [ 381612.234321731957607, 5530923.847948376089334, 359.0 ], [ 381589.796474857721478, 5530955.041536429896951, 359.0 ], [ 381561.595591963618062, 5531001.711868009530008, 359.0 ], [ 381522.727895669988357, 5531056.403576194308698, 361.0 ], [ 381500.325474511424545, 5531089.15401325840503, 363.0 ], [ 381481.28203816380119, 5531134.176921369507909, 364.0 ], [ 381474.295579659054056, 5531165.808902687393129, 365.0 ], [ 381473.861575836606789, 5531181.946722839958966, 365.0 ], [ 381452.984531584254, 5531215.442354711703956, 364.0 ], [ 381434.420984979602508, 5531278.918953720480204, 362.0 ], [ 381436.909541324712336, 5531323.355782338418067, 362.0 ], [ 381435.275015923893079, 5531353.423773684538901, 362.0 ], [ 381435.16254049068084, 5531384.125558733008802, 363.0 ], [ 381420.993690583389252, 5531405.905491540208459, 365.0 ], [ 381395.974553346575703, 5531427.368809723295271, 367.0 ], [ 381412.026544198626652, 5531432.353525150567293, 368.0 ], [ 381414.993882822105661, 5531433.40032986458391, 369.0 ], [ 381434.984868475119583, 5531444.415796822868288, 371.0 ], [ 381454.986870647990145, 5531449.424706716090441, 373.0 ], [ 381489.011796638951637, 5531468.3617351828143, 377.0 ], [ 381534.003024032397661, 5531499.403627713210881, 383.0 ], [ 381568.974089085764717, 5531512.425128726288676, 387.0 ], [ 381592.023079777951352, 5531525.375881996005774, 390.0 ], [ 381624.037350665719714, 5531544.358041252940893, 393.0 ], [ 381653.991989101283252, 5531564.386811670847237, 395.0 ], [ 381682.017412129265722, 5531578.340617875568569, 396.0 ], [ 381713.015563664026558, 5531590.338222217746079, 397.0 ], [ 381730.002249621145893, 5531595.414510272443295, 397.0 ], [ 381734.010160227830056, 5531601.332663885317743, 397.0 ], [ 381746.975039475364611, 5531606.386302264407277, 397.0 ], [ 381818.990165923838504, 5531635.389797103591263, 400.0 ], [ 381834.984570463420823, 5531657.395057993941009, 401.0 ], [ 381884.002980087476317, 5531682.344814518466592, 402.0 ], [ 381818.029165896878112, 5531797.360546940006316, 401.0 ], [ 381763.997242965328041, 5531890.424689640291035, 399.0 ], [ 381735.037735974998213, 5531938.334531495347619, 398.0 ], [ 381678.972762012155727, 5532007.418886900879443, 396.0 ], [ 381655.027417851844802, 5532038.423159688711166, 396.0 ], [ 381586.985840829263907, 5532124.345597332343459, 399.0 ], [ 381538.992835137061775, 5532178.348909005522728, 401.0 ], [ 381480.004720155266114, 5532251.393050675280392, 400.0 ], [ 381457.9882752597332, 5532262.334426956251264, 399.0 ], [ 381444.971897578216158, 5532261.398157560266554, 399.0 ], [ 381426.038316551712342, 5532262.372202121652663, 398.0 ], [ 381395.015802324749529, 5532265.392887910827994, 397.0 ], [ 381385.041103625786491, 5532262.387473956681788, 397.0 ], [ 381383.029240248317365, 5532262.320668975822628, 397.0 ], [ 381375.000292661017738, 5532269.3941999822855, 397.0 ], [ 381345.998163391253911, 5532266.364156841300428, 397.0 ], [ 381309.005561739206314, 5532262.398518454283476, 397.0 ], [ 381258.994002171151806, 5532257.386139086447656, 397.0 ], [ 381204.983174386376049, 5532253.352499630302191, 398.0 ], [ 381143.991808882565238, 5532245.358344887383282, 398.0 ], [ 381109.002950737834908, 5532244.352941351011395, 398.0 ], [ 381063.989518774906173, 5532241.345110877417028, 398.0 ], [ 381023.985154927941039, 5532234.333666792139411, 398.0 ], [ 380979.983997281640768, 5532228.41213790141046, 398.0 ], [ 380943.005245881562587, 5532228.341737383045256, 399.0 ], [ 380920.025320610264316, 5532231.409382515586913, 399.0 ], [ 380897.037741655251011, 5532237.369275088422, 398.0 ], [ 380868.036484251031652, 5532247.355680074542761, 397.0 ], [ 380844.039135110913776, 5532256.341407864354551, 396.0 ], [ 380824.03578295558691, 5532267.352005496621132, 395.0 ], [ 380803.982948948862031, 5532279.364849029108882, 395.0 ], [ 380786.996331175323576, 5532290.419882351532578, 395.0 ], [ 380766.980478331563063, 5532307.326172577217221, 395.0 ], [ 380740.981013050011825, 5532326.367525480687618, 396.0 ], [ 380726.986530971480533, 5532336.355259741656482, 396.0 ], [ 380698.975499658612534, 5532355.330262935720384, 397.0 ], [ 380666.973229420662392, 5532372.391943565569818, 397.0 ], [ 380635.018216377589852, 5532388.34047091845423, 398.0 ], [ 380600.022067862504628, 5532406.358937730081379, 399.0 ], [ 380574.988872397167142, 5532420.374297954142094, 399.0 ], [ 380562.972299960674718, 5532422.421159791760147, 399.0 ], [ 380557.018262829747982, 5532432.341814300976694, 399.0 ], [ 380561.979543389403261, 5532442.35344760119915, 398.0 ], [ 380573.983152461238205, 5532462.330456986092031, 397.0 ], [ 380568.974561556882691, 5532466.334876316599548, 397.0 ], [ 380556.010150454298127, 5532477.412483316846192, 396.0 ], [ 380534.033649273100309, 5532480.34828453976661, 396.0 ], [ 380499.041072313848417, 5532482.350203726440668, 396.0 ], [ 380465.988555879739579, 5532484.420407981611788, 396.0 ], [ 380432.040282142756041, 5532491.404891582205892, 396.0 ], [ 380409.997055775136687, 5532491.339469763450325, 396.0 ], [ 380374.992104511940852, 5532486.334960975684226, 395.0 ], [ 380344.030510993266944, 5532482.352908791042864, 395.0 ], [ 380297.023662790830713, 5532470.386295806616545, 395.0 ], [ 380276.032077927957289, 5532472.411363019607961, 395.0 ], [ 380112.994467465381604, 5532447.350292325019836, 392.0 ], [ 380002.978683212830219, 5532430.341512986458838, 393.0 ], [ 379950.971672758052591, 5532416.37619969714433, 396.0 ], [ 379924.03980381693691, 5532406.411250633187592, 398.0 ], [ 379900.007016479212325, 5532606.38531780987978, 418.0 ], [ 379898.974527182581369, 5532624.427793675102293, 418.0 ], [ 379709.986130897304974, 5532559.36007665656507, 423.0 ], [ 379706.027717683638912, 5532565.343966595828533, 424.0 ], [ 379695.025206948339473, 5532577.380868393927813, 425.0 ], [ 379640.030899777018931, 5532622.326690384186804, 430.0 ], [ 379549.024092570063658, 5532697.334375100210309, 438.0 ], [ 379522.981369630200788, 5532717.383915483951569, 438.0 ], [ 379513.988830828515347, 5532729.3761330191046, 438.0 ] ] ] } },
{ "type": "Feature", "properties": { "name": "Saar-Hunsrück-Steig - 17. Etappe: Sohren (Nord) - Hahn - Altlay", "km": 10.357, "darstell": "F1", "datum": null, "height": 167, "link": "https://www.saar-hunsrueck-steig.de/tour/saar-hunsrueck-steig-17.-etappe-sohren-nord-hahn-altlay-2801615959" }, "geometry": { "type": "MultiLineString", "coordinates": [ [ [ 379513.988830828515347, 5532729.3761330191046, 439.0 ], [ 379513.988830828515347, 5532729.3761330191046, 439.0 ], [ 379508.972414720861707, 5532739.388237518258393, 439.0 ], [ 379495.991047218965832, 5532970.372903100214899, 450.0 ], [ 379495.000554634432774, 5532993.419983327388763, 450.0 ], [ 379491.569758939032909, 5533080.479763546958566, 455.0 ], [ 379480.996265040826984, 5533089.170609043911099, 456.0 ], [ 379473.269015018129721, 5533259.861517297104001, 462.0 ], [ 379468.039200684637763, 5533276.329893753863871, 462.0 ], [ 379439.970729122753255, 5533308.327191897667944, 463.0 ], [ 379392.022837620752398, 5533353.340242526493967, 464.0 ], [ 379363.031112623692024, 5533379.35222183726728, 466.0 ], [ 379345.035289532504976, 5533396.330012082122266, 466.0 ], [ 379258.986575749353506, 5533480.352940670214593, 471.0 ], [ 379259.996542508306447, 5533493.344313034787774, 471.0 ], [ 379299.007029189320747, 5533587.34771276358515, 475.0 ], [ 379334.984709741780534, 5533677.415181364864111, 481.0 ], [ 379344.011062077712268, 5533705.353896458633244, 483.0 ], [ 379370.030766310286708, 5533812.330059634521604, 485.0 ], [ 379381.013570292678196, 5533828.32310757227242, 485.0 ], [ 379390.014273080625571, 5533842.358535098843277, 484.0 ], [ 379392.019691126246471, 5533861.334061642177403, 483.0 ], [ 379395.981931857182644, 5533868.363869154825807, 483.0 ], [ 379399.993431050213985, 5533874.391489933244884, 482.0 ], [ 379324.996578690304887, 5533897.321815573610365, 481.0 ], [ 379308.97328777902294, 5533909.361291078850627, 481.0 ], [ 379275.014113029057626, 5533931.370000879280269, 481.0 ], [ 379248.982849497173447, 5533948.417668620124459, 481.0 ], [ 379233.016455608303659, 5533969.354630865156651, 482.0 ], [ 379213.983585531183053, 5533994.364971083588898, 483.0 ], [ 379176.037774282332975, 5534027.364737245254219, 483.0 ], [ 379156.023529307858553, 5534053.398474158719182, 483.0 ], [ 379110.011853247415274, 5534088.360007619485259, 483.0 ], [ 379074.996923626109492, 5534114.398178276605904, 483.0 ], [ 379007.9975010023918, 5534154.393913947045803, 475.0 ], [ 378960.036245033785235, 5534182.393140208907425, 469.0 ], [ 378933.01246821845416, 5534190.343795308843255, 467.0 ], [ 378912.019878399907611, 5534198.381014730781317, 465.0 ], [ 378899.97870572831016, 5534202.323272683657706, 464.0 ], [ 378852.017002115782816, 5534249.344174498692155, 460.0 ], [ 378824.994901633355767, 5534276.427252585068345, 459.0 ], [ 378797.971779673011042, 5534284.378599022515118, 458.0 ], [ 378804.005765883775894, 5534316.388416385278106, 458.0 ], [ 378843.971850754751358, 5534519.37449533585459, 454.0 ], [ 378845.972457660303917, 5534525.335869257338345, 453.0 ], [ 378877.013555844605435, 5534641.428945425897837, 451.0 ], [ 378885.037875019945204, 5534704.427655076608062, 449.0 ], [ 378824.040906576090492, 5534752.410563785582781, 447.0 ], [ 378822.024744329391979, 5534774.368796303868294, 447.0 ], [ 378814.99282369913999, 5534790.322508747689426, 447.0 ], [ 378797.036658785655163, 5534802.40731508564204, 447.0 ], [ 378781.973457536078058, 5534796.40724921412766, 447.0 ], [ 378685.012843023519963, 5534869.341532845050097, 449.0 ], [ 378573.039292792323977, 5534957.411199752241373, 453.0 ], [ 378532.002495483960956, 5534983.367042512632906, 456.0 ], [ 378524.035562925389968, 5534983.324888999573886, 457.0 ], [ 378512.00273477518931, 5534984.375870188698173, 457.0 ], [ 378338.009585722582415, 5534973.411949564702809, 463.0 ], [ 378329.015737128211185, 5534972.392270135693252, 464.0 ], [ 378310.038651181384921, 5535034.334084065631032, 466.0 ], [ 378263.009474502934609, 5535188.345390000380576, 470.0 ], [ 378247.008848692290485, 5535226.416213413700461, 470.0 ], [ 378236.025604849564843, 5535267.376535520888865, 467.0 ], [ 378220.980561732663773, 5535306.426870592869818, 464.0 ], [ 378207.983318832295481, 5535350.32502143830061, 461.0 ], [ 378191.024923334422056, 5535390.419980812817812, 459.0 ], [ 378181.01675652700942, 5535436.363795195706189, 458.0 ], [ 378148.022822193393949, 5535541.337945220060647, 465.0 ], [ 378140.998707957216538, 5535535.379646842367947, 465.0 ], [ 378095.002924938860815, 5535494.378347983583808, 468.0 ], [ 378076.026809654431418, 5535480.349194881506264, 470.0 ], [ 378061.989565470663365, 5535497.353063551709056, 472.0 ], [ 377778.040199519135058, 5535872.327918799594045, 466.0 ], [ 377790.024910320760682, 5535998.415749265812337, 464.0 ], [ 377728.006412674149033, 5536082.36373882368207, 466.0 ], [ 377725.001021263131406, 5536076.425638638436794, 467.0 ], [ 377636.990374094457366, 5535920.369679391384125, 477.0 ], [ 377622.988243915373459, 5535907.341030626557767, 479.0 ], [ 377606.974838836933486, 5535919.385775436647236, 480.0 ], [ 377582.989455382805318, 5535937.396578966639936, 482.0 ], [ 377567.977033229195513, 5535952.421908620744944, 482.0 ], [ 377543.982975947961677, 5535976.328461701981723, 481.0 ], [ 377523.997495438321494, 5536012.379293530248106, 480.0 ], [ 377503.983730511448812, 5536050.321825258433819, 482.0 ], [ 377458.085793200880289, 5536079.623198736459017, 485.0 ], [ 377417.568340341327712, 5536074.319686339236796, 490.0 ], [ 377371.35231216205284, 5536067.700683837756515, 496.0 ], [ 377330.124966965289786, 5536078.431674141436815, 495.0 ], [ 377286.461555871879682, 5536076.760547341778874, 492.0 ], [ 377246.518072252976708, 5536068.33065021969378, 489.0 ], [ 377222.103955280676018, 5536054.985078912228346, 488.0 ], [ 377191.176840899512172, 5536073.712734501808882, 486.0 ], [ 377187.519101897254586, 5536180.358276909217238, 486.0 ], [ 377063.989622477150988, 5536275.40017431601882, 487.0 ], [ 377061.035181883373298, 5536287.369887381792068, 487.0 ], [ 377035.041748961200938, 5536380.400877248495817, 485.0 ], [ 376987.027690303395502, 5536539.342451099306345, 481.0 ], [ 376838.013734401029069, 5536561.337614324875176, 480.0 ], [ 376692.017836829763837, 5536580.375499167479575, 480.0 ], [ 376681.996623793966137, 5536581.384496217593551, 480.0 ], [ 376411.007603202771861, 5536615.429426818154752, 478.0 ], [ 376401.990392606123351, 5536616.415820157155395, 478.0 ], [ 376377.029373608820606, 5536414.321986890397966, 477.0 ], [ 376315.033520036377013, 5536423.426126373931766, 473.0 ], [ 376268.014714184566401, 5536422.396907538175583, 470.0 ], [ 376204.976178134907968, 5536417.399597766809165, 467.0 ], [ 376150.99880587059306, 5536416.420744164846838, 462.0 ], [ 376125.029112672840711, 5536410.346264012157917, 460.0 ], [ 376094.042012505582534, 5536401.384454872459173, 456.0 ], [ 376079.03084257862065, 5536391.386361696757376, 454.0 ], [ 376074.036391795263626, 5536386.384939927607775, 453.0 ], [ 376070.013292321818881, 5536392.373307507485151, 452.0 ], [ 376052.008392952149734, 5536386.337655970826745, 450.0 ], [ 376009.014491461100988, 5536376.318929428234696, 444.0 ], [ 375998.995302973140497, 5536374.325808540917933, 443.0 ], [ 375995.028082020522561, 5536373.416395612061024, 443.0 ], [ 375992.971353491069749, 5536371.350477995350957, 443.0 ], [ 375980.531719386810437, 5536367.077412012964487, 442.0 ], [ 375966.532157599111088, 5536360.504511022940278, 442.0 ], [ 375957.019247804302722, 5536349.378518756479025, 441.0 ], [ 375889.012899939378258, 5536365.411866416223347, 440.0 ], [ 375880.997017187939491, 5536369.379294347949326, 441.0 ], [ 375863.998625644831918, 5536391.352132943458855, 441.0 ], [ 375849.993871630227659, 5536409.362535703927279, 442.0 ], [ 375824.017398713098373, 5536415.414245292544365, 441.0 ], [ 375761.015346740139648, 5536421.322296905331314, 436.0 ], [ 375723.002819867047947, 5536434.327344453893602, 435.0 ], [ 375691.997848441591486, 5536449.394986467435956, 437.0 ], [ 375675.025813253596425, 5536469.365627251565456, 438.0 ], [ 375674.006870839279145, 5536490.412642039358616, 438.0 ], [ 375682.017266087350436, 5536523.375012998469174, 436.0 ], [ 375682.000093869050033, 5536547.402155692689121, 434.0 ], [ 375669.972459428710863, 5536576.379514534957707, 432.0 ], [ 375647.974554327956866, 5536602.362203110940754, 430.0 ], [ 375620.992729451565538, 5536642.364921374246478, 426.0 ], [ 375595.038724645972252, 5536652.421735282987356, 424.0 ], [ 375579.01033802080201, 5536657.354111511260271, 423.0 ], [ 375548.991882472997531, 5536665.391961156390607, 420.0 ], [ 375506.005958492925856, 5536680.405019527301192, 415.0 ], [ 375470.024842026992701, 5536697.369280239567161, 412.0 ], [ 375447.026525191147812, 5536720.372730343602598, 410.0 ], [ 375427.015411067230161, 5536748.423732948489487, 408.0 ], [ 375401.999238788383082, 5536783.376422324217856, 404.0 ], [ 375385.023466641257983, 5536812.358215223066509, 401.0 ], [ 375362.014283193391748, 5536853.382430757395923, 399.0 ], [ 375357.034977570816409, 5536861.395835476927459, 399.0 ], [ 375333.03142611059593, 5536921.353300711140037, 400.0 ], [ 375323.982021162635647, 5536973.39928415697068, 400.0 ], [ 375323.037649282836355, 5536988.326766525395215, 400.0 ], [ 375333.023076933459379, 5537004.335026132874191, 400.0 ], [ 375342.008493746398017, 5537014.359837331809103, 399.0 ], [ 375347.999168921087403, 5537031.350847436115146, 398.0 ], [ 375342.989055783255026, 5537050.377286087721586, 397.0 ], [ 375343.014246928796638, 5537085.415822884067893, 394.0 ], [ 375352.998761074617505, 5537135.350903716869652, 394.0 ], [ 375360.037657168926671, 5537157.323152680881321, 395.0 ], [ 375373.992035460483748, 5537174.35159747954458, 396.0 ], [ 375395.979929179360624, 5537194.419256909750402, 397.0 ], [ 375411.978323005139828, 5537228.419304463081062, 393.0 ], [ 375436.004886645590886, 5537305.392217931337655, 384.0 ], [ 375432.981071272166446, 5537320.36797640658915, 383.0 ], [ 375426.998365125909913, 5537328.404641002416611, 382.0 ], [ 375407.012443851388525, 5537354.341785124503076, 379.0 ], [ 375395.975362838536967, 5537376.40032571926713, 377.0 ], [ 375383.976582640141714, 5537403.375594257377088, 382.0 ], [ 375391.024830165959429, 5537410.330887380987406, 384.0 ], [ 375407.0157618461526, 5537422.417722699232399, 387.0 ], [ 375415.972593370592222, 5537434.334296350367367, 390.0 ], [ 375421.024688658479135, 5537460.357237044721842, 394.0 ], [ 375418.028203828609549, 5537470.326788532547653, 394.0 ], [ 375407.022428026190028, 5537481.372292877174914, 394.0 ], [ 375383.026142660761252, 5537501.396022097207606, 394.0 ], [ 375363.9925530544715, 5537534.319067584350705, 394.0 ], [ 375349.02773180155782, 5537566.368969047442079, 395.0 ], [ 375353.016201794380322, 5537574.396447733044624, 395.0 ], [ 375361.019567793991882, 5537582.330614983104169, 396.0 ], [ 375390.007442263187841, 5537607.35234017111361, 397.0 ], [ 375416.029762081569061, 5537631.330752751789987, 397.0 ], [ 375376.00961297278991, 5537659.402073715813458, 396.0 ], [ 375358.041035959206056, 5537676.393758401274681, 395.0 ], [ 375344.002696079667658, 5537680.390836616978049, 395.0 ], [ 375324.007427078438923, 5537690.421921650879085, 394.0 ], [ 375302.027395460754633, 5537698.385762685909867, 393.0 ], [ 375279.026090030441992, 5537696.362255391664803, 392.0 ], [ 375233.98685963137541, 5537684.395398486405611, 383.0 ], [ 375169.028763780661393, 5537670.334128888323903, 368.0 ], [ 375148.992590188223403, 5537669.354506317526102, 370.0 ], [ 375137.036068666086067, 5537673.414898627437651, 372.0 ], [ 375127.992109001963399, 5537682.413098510354757, 374.0 ], [ 375128.99042914994061, 5537691.399935811758041, 375.0 ], [ 375150.015775368316099, 5537716.383338208310306, 379.0 ], [ 375173.019577713217586, 5537749.329723435454071, 378.0 ], [ 375203.998387733590789, 5537801.334347164258361, 374.0 ], [ 375214.006104697939008, 5537818.342963507398963, 373.0 ], [ 375229.009618834941648, 5537837.34882708825171, 372.0 ], [ 375265.037225132691674, 5537881.338571461848915, 369.0 ], [ 375290.031939301930834, 5537904.339138780720532, 366.0 ], [ 375325.987119911937043, 5537914.404120098799467, 363.0 ], [ 375344.012778617616277, 5537952.361282251775265, 360.0 ], [ 375347.040054312208667, 5537968.420050735585392, 358.0 ], [ 375345.018720480438787, 5537986.375953773036599, 355.0 ], [ 375335.998249226831831, 5537996.374388571828604, 354.0 ], [ 375326.022589011641685, 5538005.393929746001959, 352.0 ], [ 375319.987966547720134, 5538017.325209545902908, 350.0 ], [ 375317.990713689243421, 5538039.396282719448209, 347.0 ], [ 375315.983348810113966, 5538073.369794249534607, 342.0 ], [ 375312.976162643753923, 5538101.359840935096145, 338.0 ], [ 375299.979769428318832, 5538122.351891099475324, 334.0 ], [ 375282.032607451546937, 5538146.351257094182074, 335.0 ], [ 375266.984519661520608, 5538162.385520791634917, 337.0 ], [ 375253.972579784865957, 5538170.363494555465877, 339.0 ], [ 375233.981185421813279, 5538177.391550510190427, 341.0 ], [ 375234.036339410347864, 5538204.420521312393248, 344.0 ], [ 375251.036776992492378, 5538238.396752702072263, 348.0 ], [ 375278.97282183310017, 5538255.322062063962221, 351.0 ], [ 375306.012004691408947, 5538258.363922361284494, 354.0 ], [ 375328.034341847640462, 5538255.404615554958582, 354.0 ], [ 375365.019036778889131, 5538254.322277718223631, 354.0 ], [ 375389.039010246633552, 5538266.333579435013235, 354.0 ], [ 375418.005816656397656, 5538281.344630685634911, 353.0 ], [ 375459.003996095969342, 5538289.402219921350479, 352.0 ], [ 375486.976753698545508, 5538289.41993912588805, 351.0 ], [ 375516.024784605309833, 5538289.412838387303054, 350.0 ], [ 375555.012961241183802, 5538297.406585968099535, 349.0 ], [ 375557.975276778975967, 5538298.338947700336576, 349.0 ], [ 375592.01243434502976, 5538309.339994514361024, 349.0 ], [ 375634.034830599557608, 5538321.379607702605426, 352.0 ], [ 375660.035759541206062, 5538335.348372838459909, 354.0 ], [ 375688.997218658972997, 5538356.367672447115183, 357.0 ], [ 375719.006313697726, 5538382.36842152196914, 357.0 ], [ 375755.989954454009421, 5538415.326749849133193, 357.0 ] ] ] } },
{ "type": "Feature", "properties": { "name": "Saar-Hunsrück-Steig - 18. Etappe: Altlay - Schauren - Blankenrath", "km": 16.892, "darstell": "F2", "datum": null, "height": 541, "link": "https://www.saar-hunsrueck-steig.de/tour/saar-hunsrueck-steig-18.-etappe-altlay-schauren-blankenrath-d633e5b442" }, "geometry": { "type": "MultiLineString", "coordinates": [ [ [ 375755.989954454009421, 5538415.326749849133193, 358.0 ], [ 375755.989954454009421, 5538415.326749849133193, 358.0 ], [ 375736.99030490568839, 5538409.426674188114703, 357.0 ], [ 375714.985234464111272, 5538388.357103328220546, 356.0 ], [ 375687.028119945782237, 5538370.428973496891558, 356.0 ], [ 375645.990732213715091, 5538351.358293236233294, 355.0 ], [ 375598.994527995237149, 5538341.325000988319516, 355.0 ], [ 375520.995603382703848, 5538324.33658015076071, 358.0 ], [ 375502.99496996490052, 5538324.420829167589545, 360.0 ], [ 375486.033923149690963, 5538338.38542471267283, 361.0 ], [ 375472.020503074629232, 5538343.382777620106936, 362.0 ], [ 375452.010177053860389, 5538343.402643237262964, 362.0 ], [ 375436.039376004075166, 5538341.32649215310812, 362.0 ], [ 375416.990638722549193, 5538336.42978563439101, 362.0 ], [ 375399.037805280415341, 5538332.397560478188097, 362.0 ], [ 375388.026035263144877, 5538318.415340011939406, 363.0 ], [ 375371.989172740490176, 5538307.330833598971367, 363.0 ], [ 375338.970787558762822, 5538309.322035452350974, 363.0 ], [ 375325.990621876437217, 5538309.401382809504867, 363.0 ], [ 375313.986314070119988, 5538311.349071911536157, 363.0 ], [ 375294.024257976328954, 5538310.367278942838311, 363.0 ], [ 375280.016497225151397, 5538306.354921843856573, 363.0 ], [ 375266.008714274503291, 5538302.342601017095149, 363.0 ], [ 375254.005149618547875, 5538307.405004535801709, 363.0 ], [ 375238.997426696820185, 5538297.409295021556318, 362.0 ], [ 375212.994378364353906, 5538280.32797091640532, 362.0 ], [ 375182.021555787650868, 5538262.361339724622667, 360.0 ], [ 375160.010858601541258, 5538250.415396741591394, 358.0 ], [ 375136.995648853655439, 5538235.378333917818964, 356.0 ], [ 375113.043082816351671, 5538229.373291689902544, 354.0 ], [ 375090.020625567412935, 5538226.350050535984337, 352.0 ], [ 375072.013532599492464, 5538232.331377544440329, 351.0 ], [ 375057.023356168298051, 5538232.346966507844627, 349.0 ], [ 375042.033178159035742, 5538232.362597369588912, 348.0 ], [ 375039.018042342271656, 5538235.324998917989433, 348.0 ], [ 375024.999562633805908, 5538249.33374114241451, 347.0 ], [ 375019.01171540946234, 5538269.384525087662041, 349.0 ], [ 375012.998000510153361, 5538288.323563057929277, 352.0 ], [ 375003.039944788906723, 5538310.357933089137077, 355.0 ], [ 374981.037910617073067, 5538320.325974381528795, 358.0 ], [ 374954.019690930086654, 5538327.407730955630541, 359.0 ], [ 374941.983844836067874, 5538343.372715636156499, 358.0 ], [ 374936.029757556621917, 5538346.40373320132494, 358.0 ], [ 374918.026535806246102, 5538346.378771658986807, 358.0 ], [ 374896.006376454723068, 5538346.336364068090916, 357.0 ], [ 374872.024117605760694, 5538351.345456101000309, 357.0 ], [ 374847.011730394850019, 5538361.384321827441454, 358.0 ], [ 374828.004963942919858, 5538361.383090222254395, 359.0 ], [ 374796.012344218150247, 5538367.358201329596341, 361.0 ], [ 374764.016653688682709, 5538379.340323659591377, 364.0 ], [ 374749.026854412804823, 5538379.356780231930315, 365.0 ], [ 374725.021476376568899, 5538383.365956109017134, 368.0 ], [ 374711.032188152952585, 5538389.365889662876725, 369.0 ], [ 374696.03782484412659, 5538398.392725672572851, 371.0 ], [ 374675.018383482820354, 5538404.334594860672951, 371.0 ], [ 374666.026280148653314, 5538409.327951318584383, 370.0 ], [ 374652.040128191758413, 5538409.321219603531063, 369.0 ], [ 374632.008024953887798, 5538405.340159716084599, 368.0 ], [ 374616.016192570445128, 5538402.377045488916337, 368.0 ], [ 374601.026441590161994, 5538402.393916808068752, 367.0 ], [ 374593.994739803369157, 5538405.339292992837727, 367.0 ], [ 374594.971967405697796, 5538410.322063180617988, 367.0 ], [ 374597.002174647699576, 5538417.393691430799663, 367.0 ], [ 374598.004274479637388, 5538420.373629053123295, 367.0 ], [ 374594.989485905738547, 5538423.336286768317223, 367.0 ], [ 374591.977301224134862, 5538426.410121602006257, 367.0 ], [ 374583.033584988035727, 5538430.401364229619503, 367.0 ], [ 374581.016529084299691, 5538445.354199999012053, 367.0 ], [ 374563.987936172343325, 5538456.320024433545768, 367.0 ], [ 374549.021743181394413, 5538457.337621850892901, 367.0 ], [ 374543.024044520570897, 5538452.361101493239403, 367.0 ], [ 374548.000540154112969, 5538444.346878911368549, 367.0 ], [ 374557.018791128997691, 5538434.347076145932078, 364.0 ], [ 374568.980165192624554, 5538421.386292045935988, 359.0 ], [ 374566.977388011466246, 5538412.423015707172453, 357.0 ], [ 374563.0336289802799, 5538409.400670701637864, 355.0 ], [ 374553.994807618029881, 5538412.393060516566038, 353.0 ], [ 374541.990943920740392, 5538414.342486279085279, 350.0 ], [ 374531.995400085463189, 5538419.35955404303968, 347.0 ], [ 374515.024814336211421, 5538414.417392837814987, 342.0 ], [ 374502.042233456508256, 5538414.387563493102789, 340.0 ], [ 374488.983731227228418, 5538423.369680778123438, 337.0 ], [ 374473.034501312067732, 5538431.418386286124587, 334.0 ], [ 374460.034110408800188, 5538418.374430615454912, 331.0 ], [ 374448.030285948538221, 5538420.324067494831979, 330.0 ], [ 374447.01699626178015, 5538441.371458891779184, 326.0 ], [ 374443.976095909834839, 5538449.34045088570565, 325.0 ], [ 374450.041410859324969, 5538463.325422011315823, 325.0 ], [ 374436.019519407418557, 5538489.349395741708577, 323.0 ], [ 374434.011020942183677, 5538492.399817620404065, 323.0 ], [ 374413.995761580823455, 5538498.31921701412648, 322.0 ], [ 374418.01944764907239, 5538483.319293938577175, 321.0 ], [ 374420.036031022667885, 5538468.366388376802206, 319.0 ], [ 374408.007526172557846, 5538472.31895230896771, 316.0 ], [ 374394.974008677527308, 5538485.416471106000245, 312.0 ], [ 374395.988433858437929, 5538461.36565162986517, 306.0 ], [ 374382.978457068093121, 5538469.345774977467954, 303.0 ], [ 374375.981087082880549, 5538455.382712380029261, 299.0 ], [ 374362.985193984815851, 5538485.387358907610178, 291.0 ], [ 374351.995713134878315, 5538469.404388171620667, 287.0 ], [ 374351.018265519407578, 5538464.42165832221508, 285.0 ], [ 374348.006297057727352, 5538461.377629950642586, 284.0 ], [ 374341.023031513090245, 5538463.32108362019062, 283.0 ], [ 374331.980444629967678, 5538475.324093556031585, 279.0 ], [ 374321.97993382968707, 5538492.355215163901448, 275.0 ], [ 374316.023714899260085, 5538501.393758822232485, 273.0 ], [ 374311.98210892820498, 5538503.379528075456619, 272.0 ], [ 374304.018811928399373, 5538506.347136659547687, 271.0 ], [ 374298.040481054980773, 5538511.381708689965308, 270.0 ], [ 374286.034321038634516, 5538519.338542193174362, 268.0 ], [ 374272.022376551874913, 5538524.339057970792055, 266.0 ], [ 374259.994143147894647, 5538534.409963393583894, 264.0 ], [ 374258.001507640932687, 5538550.363516228273511, 261.0 ], [ 374258.998664696700871, 5538565.357054281048477, 259.0 ], [ 374260.021843139606062, 5538575.344340332783759, 259.0 ], [ 374258.031838081951719, 5538591.409069690853357, 259.0 ], [ 374252.025024858594406, 5538601.338773273862898, 259.0 ], [ 374248.004447559127584, 5538610.332001572474837, 259.0 ], [ 374244.004820389440283, 5538626.332642357796431, 259.0 ], [ 374235.010949634131975, 5538637.333567166700959, 259.0 ], [ 374230.031330219702795, 5538654.358340432867408, 259.0 ], [ 374222.974266484729014, 5538668.428473876789212, 258.0 ], [ 374215.986313500325195, 5538682.385760307312012, 257.0 ], [ 374211.008051123237237, 5538696.407137839123607, 256.0 ], [ 374209.99320123065263, 5538717.343423192389309, 255.0 ], [ 374215.028143002185971, 5538739.361357122659683, 253.0 ], [ 374213.009786413225811, 5538760.321189552545547, 253.0 ], [ 374221.036834113067016, 5538775.372254288755357, 253.0 ], [ 374234.037019566749223, 5538788.415632665157318, 254.0 ], [ 374240.009930371888913, 5538795.394646479748189, 254.0 ], [ 374253.987519487680402, 5538813.420784625224769, 255.0 ], [ 374275.041588134656195, 5538827.387705733068287, 255.0 ], [ 374287.036701397853903, 5538837.340153384953737, 255.0 ], [ 374296.997453344985843, 5538855.349359232932329, 254.0 ], [ 374311.016439377039205, 5538887.390462940558791, 252.0 ], [ 374324.009630095970351, 5538909.333126260899007, 251.0 ], [ 374332.986196680634748, 5538937.376749944873154, 251.0 ], [ 374340.001350614824332, 5538964.354000833816826, 251.0 ], [ 374347.016442300460767, 5538991.331260804086924, 251.0 ], [ 374367.013929840235505, 5539015.334560865536332, 251.0 ], [ 374370.025596289429814, 5539018.378597093746066, 251.0 ], [ 374387.013908080407418, 5539033.331101391464472, 253.0 ], [ 374402.998592838877812, 5539054.425177553668618, 254.0 ], [ 374410.972527630627155, 5539073.371015905402601, 255.0 ], [ 374429.019432279630564, 5539124.339450978673995, 254.0 ], [ 374440.003385031421203, 5539149.332817029207945, 253.0 ], [ 374456.984136449347716, 5539185.420623089186847, 250.0 ], [ 374461.00760591449216, 5539216.361354511231184, 246.0 ], [ 374468.019093046779744, 5539249.345599664375186, 241.0 ], [ 374476.017210756195709, 5539272.406702485866845, 237.0 ], [ 374492.023091918148566, 5539291.387021603062749, 236.0 ], [ 374510.034282318432815, 5539313.323817174881697, 235.0 ], [ 374530.007887569139712, 5539333.323709536343813, 233.0 ], [ 374550.011605879466515, 5539345.425181845203042, 233.0 ], [ 374572.042840324225836, 5539358.369168370962143, 233.0 ], [ 374590.016434663091786, 5539363.399164497852325, 233.0 ], [ 374604.980093917751219, 5539362.381638956256211, 233.0 ], [ 374607.992882623220794, 5539362.422389627434313, 233.0 ], [ 374623.007718001841567, 5539354.395827863365412, 233.0 ], [ 374631.999604110606015, 5539346.398950797505677, 233.0 ], [ 374647.015986628481187, 5539335.3690428994596, 234.0 ], [ 374658.975424145057332, 5539322.408413281664252, 235.0 ], [ 374662.993113939301111, 5539319.422315659932792, 235.0 ], [ 374671.028871180256829, 5539307.332125129178166, 236.0 ], [ 374688.009564686915837, 5539291.36201308015734, 238.0 ], [ 374703.02471634442918, 5539283.335681455209851, 239.0 ], [ 374718.039491805364378, 5539281.427396124228835, 240.0 ], [ 374717.03951826231787, 5539269.326018721796572, 242.0 ], [ 374734.025028516305611, 5539244.345816466957331, 245.0 ], [ 374736.989590692275669, 5539245.388895264826715, 245.0 ], [ 374769.039017796167172, 5539211.380364540033042, 249.0 ], [ 374780.991795145440847, 5539207.319082378409803, 249.0 ], [ 374802.991310756653547, 5539194.346729275770485, 248.0 ], [ 374830.037190172122791, 5539176.362233557738364, 247.0 ], [ 374862.032931929104961, 5539155.370179844088852, 246.0 ], [ 374884.031243957171682, 5539145.401578736491501, 245.0 ], [ 374923.042642290121876, 5539145.381000744178891, 243.0 ], [ 374959.039480827457737, 5539148.323166149668396, 240.0 ], [ 374997.022396990796551, 5539150.329365672543645, 236.0 ], [ 375029.982135800179094, 5539158.348451907746494, 232.0 ], [ 375058.013611354108434, 5539173.379240147769451, 229.0 ], [ 375062.004894103738479, 5539175.399688296020031, 229.0 ], [ 375089.994714987871703, 5539179.419251474551857, 228.0 ], [ 375108.040888498187996, 5539178.331319306045771, 228.0 ], [ 375113.994968593935482, 5539178.415060924366117, 227.0 ], [ 375138.038348192465492, 5539185.418957052752376, 227.0 ], [ 375163.038479509647004, 5539190.39842970483005, 229.0 ], [ 375187.013610139722005, 5539191.3973946319893, 231.0 ], [ 375206.019172854314093, 5539188.396441830322146, 233.0 ], [ 375225.983394234383013, 5539180.367629330605268, 236.0 ], [ 375261.013099388917908, 5539166.426479492336512, 237.0 ], [ 375283.0021351116593, 5539168.361983523704112, 237.0 ], [ 375303.029006837343331, 5539175.348833339288831, 237.0 ], [ 375337.99305709998589, 5539186.326523570343852, 237.0 ], [ 375356.009194389218464, 5539199.367059677839279, 240.0 ], [ 375372.977170703699812, 5539207.426417893730104, 243.0 ], [ 375391.019492297782563, 5539212.346252194605768, 245.0 ], [ 375409.996110620035324, 5539217.355664176866412, 248.0 ], [ 375447.972484921920113, 5539228.37526848167181, 252.0 ], [ 375482.984290672873612, 5539238.351648824289441, 255.0 ], [ 375513.026692881481722, 5539244.327950716018677, 257.0 ], [ 375534.012479141820222, 5539249.402364476583898, 259.0 ], [ 375560.989526247256435, 5539262.34671813249588, 263.0 ], [ 375589.997066261712462, 5539279.359786277636886, 268.0 ], [ 375617.022841109952424, 5539294.416754733771086, 272.0 ], [ 375647.012240482959896, 5539307.402854957617819, 270.0 ], [ 375670.029691548668779, 5539310.428411629982293, 268.0 ], [ 375686.043400789552834, 5539311.3917954005301, 266.0 ], [ 375697.992449926096015, 5539313.33937447797507, 265.0 ], [ 375712.024605966871604, 5539312.346552981063724, 264.0 ], [ 375720.010574954678304, 5539310.381606100127101, 262.0 ], [ 375726.988496199017391, 5539311.332165010273457, 261.0 ], [ 375738.010453411377966, 5539310.409207513555884, 259.0 ], [ 375746.04024800733896, 5539310.334285788238049, 257.0 ], [ 375757.01582110329764, 5539307.410205617547035, 254.0 ], [ 375761.989025380637031, 5539305.403924906626344, 253.0 ], [ 375774.989937102189288, 5539306.326174782589078, 251.0 ], [ 375791.984309513936751, 5539309.380617658607662, 247.0 ], [ 375802.978399684710894, 5539310.349441185593605, 245.0 ], [ 375813.975060934142675, 5539311.429462865926325, 244.0 ], [ 375827.022306077706162, 5539314.353000560775399, 245.0 ], [ 375839.975125419499818, 5539319.392228190787137, 246.0 ], [ 375856.009788400027901, 5539324.360103188082576, 248.0 ], [ 375864.03783377527725, 5539330.403340262360871, 249.0 ], [ 375862.976919719018042, 5539340.327855351381004, 250.0 ], [ 375867.007653317064978, 5539353.360268844291568, 251.0 ], [ 375873.979025379347149, 5539363.321227988228202, 252.0 ], [ 375889.005810612405185, 5539374.319243715144694, 253.0 ], [ 375909.00611578632379, 5539386.425734771415591, 254.0 ], [ 375929.003755883430131, 5539398.421123497188091, 256.0 ], [ 375940.041761013912037, 5539404.394790403544903, 256.0 ], [ 375966.034564077621326, 5539421.368366205133498, 258.0 ], [ 375995.994763594469987, 5539439.362619663588703, 258.0 ], [ 376018.024474590667523, 5539452.423662448301911, 258.0 ], [ 376035.03431267774431, 5539462.375077076256275, 258.0 ], [ 376056.00936016527703, 5539476.350544722750783, 259.0 ], [ 376062.985051901952829, 5539483.419516744092107, 260.0 ], [ 376075.980930030345917, 5539490.349293058738112, 262.0 ], [ 376098.033363664348144, 5539504.411240654066205, 265.0 ], [ 376113.008466884843074, 5539519.415513049811125, 267.0 ], [ 376125.974199679214507, 5539534.355032065883279, 270.0 ], [ 376139.037223799736239, 5539550.404682824388146, 273.0 ], [ 376143.97571490961127, 5539562.415181133896112, 276.0 ], [ 376144.04049165698234, 5539571.423730111680925, 277.0 ], [ 376144.01955009100493, 5539595.339768907055259, 281.0 ], [ 376145.975562529056333, 5539630.333634992130101, 287.0 ], [ 376148.026354131579865, 5539666.326428901404142, 291.0 ], [ 376151.041376256383955, 5539694.399245390668511, 295.0 ], [ 376152.030924763181247, 5539712.396472337655723, 297.0 ], [ 376150.997588563070167, 5539720.429284031502903, 298.0 ], [ 376155.00628964434145, 5539726.343342783860862, 298.0 ], [ 376160.025473747053184, 5539726.338590319268405, 298.0 ], [ 376164.972991747083142, 5539726.335498574189842, 298.0 ], [ 376167.985529590456281, 5539726.377122445032001, 298.0 ], [ 376179.004101252532564, 5539725.343882713466883, 298.0 ], [ 376186.030185241485015, 5539728.407369583845139, 298.0 ], [ 376195.976086679438595, 5539724.395598924718797, 297.0 ], [ 376199.973479477863293, 5539717.406676549464464, 297.0 ], [ 376204.978861441137269, 5539704.387777015566826, 297.0 ], [ 376209.00405255833175, 5539692.392640691250563, 296.0 ], [ 376210.042143166414462, 5539678.353038750588894, 296.0 ], [ 376211.038917059078813, 5539659.420047543011606, 296.0 ], [ 376212.030801712768152, 5539643.379282811656594, 296.0 ], [ 376212.021687011118047, 5539624.358292420394719, 296.0 ], [ 376212.00557556480635, 5539614.347506430000067, 296.0 ], [ 376213.975613579037599, 5539603.400964611209929, 296.0 ], [ 376215.009077099733986, 5539595.368168314918876, 296.0 ], [ 376218.005589954555035, 5539585.399036073125899, 296.0 ], [ 376222.983367193723097, 5539577.386378700844944, 296.0 ], [ 376229.036180045688525, 5539569.348899269476533, 295.0 ], [ 376234.013989741972182, 5539561.336252833716571, 294.0 ], [ 376237.010560451541096, 5539551.367132586427033, 293.0 ], [ 376236.971397835528478, 5539540.355766422115266, 291.0 ], [ 376236.005245448614005, 5539523.359114282764494, 290.0 ], [ 376233.987163933925331, 5539507.387870104052126, 288.0 ], [ 376234.997578593785875, 5539498.354497719556093, 287.0 ], [ 376235.982540373806842, 5539491.323944398202002, 286.0 ], [ 376239.977823061344679, 5539487.33845835737884, 285.0 ], [ 376250.97872030257713, 5539482.412568648345768, 285.0 ], [ 376260.97370107047027, 5539477.398691540583968, 287.0 ], [ 376272.975440468930174, 5539472.338506516069174, 288.0 ], [ 376281.009912038920447, 5539469.372157979756594, 290.0 ], [ 376292.00831534928875, 5539464.335178039968014, 291.0 ], [ 376309.009013536269777, 5539458.381048496812582, 294.0 ], [ 376326.99003285181243, 5539451.403238449245691, 297.0 ], [ 376348.006723069003783, 5539442.353223958984017, 300.0 ], [ 376361.994852958945557, 5539436.35753713734448, 302.0 ], [ 376381.004900733241811, 5539427.353947388008237, 305.0 ], [ 376390.042873373080511, 5539424.364621717482805, 307.0 ], [ 376399.979708780010697, 5539432.366837742738426, 309.0 ], [ 376403.993334436090663, 5539435.388856304809451, 309.0 ], [ 376400.973304146667942, 5539444.357293481938541, 311.0 ], [ 376394.036978091462515, 5539451.413823554292321, 312.0 ], [ 376386.982718949206173, 5539453.356277242302895, 313.0 ], [ 376389.01266881817719, 5539457.425150621682405, 314.0 ], [ 376387.042204040742945, 5539468.371619157493114, 316.0 ], [ 376385.005078852816951, 5539476.427518447861075, 318.0 ], [ 376395.998673667083494, 5539477.397551065310836, 320.0 ], [ 376406.992263631429523, 5539478.367606166750193, 322.0 ], [ 376424.039171031326987, 5539474.415006612427533, 325.0 ], [ 376430.988728748052381, 5539480.37269183807075, 327.0 ], [ 376433.998934185889084, 5539483.417866014875472, 328.0 ], [ 376441.974903282127343, 5539490.353014206513762, 330.0 ], [ 376449.024189038260374, 5539494.417429368942976, 332.0 ], [ 376448.973116019158624, 5539498.423062214627862, 332.0 ], [ 376454.033687607152387, 5539506.426549784839153, 334.0 ], [ 376452.976686170964967, 5539510.344136375002563, 334.0 ], [ 376445.018891687039286, 5539510.41635172162205, 335.0 ], [ 376441.025946241279598, 5539511.398284207098186, 336.0 ], [ 376443.982498255267274, 5539518.337921063415706, 337.0 ], [ 376451.003740079060663, 5539527.408553555607796, 339.0 ], [ 376454.031939880864229, 5539534.346543616615236, 340.0 ], [ 376455.990142749273218, 5539538.417093636468053, 340.0 ], [ 376461.025130065565463, 5539548.423403965309262, 342.0 ], [ 376452.03099806298269, 5539556.417176430113614, 344.0 ], [ 376446.028815795085393, 5539557.334190337918699, 344.0 ], [ 376430.041591484099627, 5539554.365733381360769, 346.0 ], [ 376413.027919422835112, 5539550.41987885069102, 345.0 ], [ 376400.004568459524307, 5539545.380935532040894, 344.0 ], [ 376388.972263348172419, 5539533.39953472930938, 342.0 ], [ 376377.003224197193049, 5539524.331870317459106, 341.0 ], [ 376362.019217189867049, 5539521.340470330789685, 339.0 ], [ 376363.972652148047928, 5539531.417786853387952, 338.0 ], [ 376361.024420314934105, 5539540.384596424177289, 338.0 ], [ 376366.01584447955247, 5539545.386256667785347, 339.0 ], [ 376374.974657293059863, 5539551.408753460273147, 341.0 ], [ 376386.030038749973755, 5539564.39070781506598, 344.0 ], [ 376396.990623409161344, 5539576.373755066655576, 347.0 ], [ 376409.983494022046216, 5539589.422305853106081, 351.0 ], [ 376418.007941466581542, 5539595.355182516388595, 352.0 ], [ 376422.021440289914608, 5539598.377213166095316, 353.0 ], [ 376411.993696921155788, 5539614.403807435184717, 357.0 ], [ 376406.023085637716576, 5539635.342429036274552, 357.0 ], [ 376401.014710419636685, 5539651.364530298858881, 357.0 ], [ 376394.984825339226518, 5539660.402396121062338, 358.0 ], [ 376382.994220260181464, 5539678.365320556797087, 358.0 ], [ 376375.97673996159574, 5539694.322559199295938, 358.0 ], [ 376376.010792140848935, 5539711.340724566951394, 359.0 ], [ 376382.999139165971428, 5539731.424286730587482, 359.0 ], [ 376388.9839840020868, 5539748.41642398852855, 360.0 ], [ 376401.037402229383588, 5539767.38206398114562, 361.0 ], [ 376416.98873241385445, 5539784.366843339055777, 361.0 ], [ 376433.032248987350613, 5539805.353999085724354, 362.0 ], [ 376441.983201367314905, 5539820.386802003718913, 363.0 ], [ 376449.99990520812571, 5539835.329922450706363, 364.0 ], [ 376454.978680210944731, 5539855.348662102594972, 365.0 ], [ 376459.975563832151238, 5539882.374789282679558, 366.0 ], [ 376461.025892454839777, 5539912.384009729139507, 366.0 ], [ 376456.985585718823131, 5539942.39935655426234, 365.0 ], [ 376450.982358018809464, 5539974.35096072498709, 364.0 ], [ 376451.011318650096655, 5539997.375931082293391, 365.0 ], [ 376452.980065418407321, 5540014.349490049295127, 366.0 ], [ 376461.974325588787906, 5540034.386890889145434, 368.0 ], [ 376468.012156561366282, 5540044.370077824220061, 369.0 ], [ 376475.004630578390788, 5540055.332378937862813, 370.0 ], [ 376483.028431288199499, 5540064.379921176470816, 371.0 ], [ 376493.041400708025321, 5540094.405031938105822, 371.0 ], [ 376502.02539717941545, 5540123.341524204239249, 370.0 ], [ 376512.972234164655674, 5540150.341799715533853, 370.0 ], [ 376523.012935987324454, 5540175.360746392048895, 370.0 ], [ 376530.020724146510474, 5540196.333902479149401, 371.0 ], [ 376531.99673081637593, 5540207.411864316090941, 371.0 ], [ 376536.013390731241088, 5540260.378380663692951, 373.0 ], [ 376534.027512355882209, 5540264.428598253056407, 374.0 ], [ 376528.011197709769476, 5540283.365941091440618, 375.0 ], [ 376523.985828980628867, 5540295.360843824222684, 376.0 ], [ 376515.039048602571711, 5540305.355704667977989, 378.0 ], [ 376507.00326816085726, 5540311.325125701725483, 378.0 ], [ 376495.003254648298025, 5540316.384819626808167, 379.0 ], [ 376486.015356499352492, 5540318.371760307811201, 380.0 ], [ 376477.977169969468378, 5540327.344627716578543, 381.0 ], [ 376467.019213241408579, 5540343.392630969174206, 382.0 ], [ 376460.004926813649945, 5540356.346382836811244, 383.0 ], [ 376456.987982279853895, 5540365.425983265042305, 383.0 ], [ 376445.993648929230403, 5540364.344677872024477, 383.0 ], [ 376435.004305924230721, 5540360.371168411336839, 384.0 ], [ 376422.005973364284728, 5540356.332781037315726, 384.0 ], [ 376404.017090805689804, 5540350.407310113310814, 385.0 ], [ 376395.038917791214772, 5540340.380793792195618, 385.0 ], [ 376381.02382135798689, 5540323.351453177630901, 384.0 ], [ 376365.027692822623067, 5540304.365625211037695, 382.0 ], [ 376360.013840612955391, 5540298.363388593308628, 382.0 ], [ 376355.977714429667685, 5540294.340826048515737, 381.0 ], [ 376346.994590973190498, 5540290.321194031275809, 381.0 ], [ 376309.994376391055994, 5540268.371996820904315, 380.0 ], [ 376277.029859529109672, 5540247.330972865223885, 381.0 ], [ 376256.009757753170561, 5540234.356920468620956, 382.0 ], [ 376224.025182874407619, 5540215.407044907100499, 383.0 ], [ 376180.978557977708988, 5540189.371436682529747, 385.0 ], [ 376170.016540458309464, 5540239.346908736042678, 389.0 ], [ 376169.034150406252593, 5540243.374080967158079, 390.0 ], [ 376156.995231423003133, 5540296.37783339433372, 396.0 ], [ 376151.021981112193316, 5540323.323598058894277, 399.0 ], [ 376140.012369213916827, 5540377.415970708243549, 404.0 ], [ 376129.021317298291251, 5540435.401186627335846, 406.0 ], [ 376122.014724614564329, 5540439.345180281437933, 406.0 ], [ 376102.014548593084328, 5540436.359340828843415, 406.0 ], [ 376095.040402230690233, 5540432.404910930432379, 406.0 ], [ 376074.034418554336298, 5540429.331198965199292, 406.0 ], [ 376052.027787332423031, 5540426.391952283680439, 405.0 ], [ 376040.03247982414905, 5540422.331281458958983, 405.0 ], [ 376038.978571937186643, 5540426.36013856343925, 404.0 ], [ 376023.999973855912685, 5540513.359088201075792, 399.0 ], [ 376016.996987467049621, 5540545.334470083005726, 395.0 ], [ 376018.014545790851116, 5540558.325467767193913, 393.0 ], [ 376023.035403602640145, 5540620.389888077042997, 386.0 ], [ 376030.009591931302566, 5540689.416948302648962, 379.0 ], [ 376031.996975268179085, 5540744.32127233967185, 375.0 ], [ 376035.974783183715772, 5540795.397537413984537, 373.0 ], [ 376035.972590297227725, 5540798.400945574045181, 373.0 ], [ 376020.002777156885713, 5540805.333394697867334, 373.0 ], [ 376009.005257437704131, 5540813.374399549327791, 373.0 ], [ 376003.987084773310926, 5540813.379309865646064, 373.0 ], [ 375950.031862497911789, 5540839.322691686451435, 375.0 ], [ 375980.990186924173031, 5540857.404719389975071, 374.0 ], [ 375989.993683115229942, 5540865.427722633816302, 374.0 ], [ 375997.036851648066659, 5540872.383760812692344, 373.0 ], [ 376005.028101137257181, 5540889.329058606177568, 372.0 ], [ 375996.03049080981873, 5540906.333886005915701, 371.0 ], [ 375977.997742501844186, 5540926.328785922378302, 368.0 ], [ 375959.995163571147714, 5540941.428689678199589, 364.0 ], [ 375946.027792662498541, 5540954.321736172772944, 361.0 ], [ 375934.002302047912963, 5540964.388958863914013, 358.0 ], [ 375919.011363765108399, 5540976.415902011096478, 355.0 ], [ 375872.986923519580159, 5541010.407890737056732, 346.0 ], [ 375840.038138691335917, 5541039.425320408307016, 339.0 ], [ 375807.021652230410837, 5541059.32321036234498, 335.0 ], [ 375781.97218251862796, 5541070.360175421461463, 333.0 ], [ 375748.03129530872684, 5541084.384386791847646, 330.0 ], [ 375698.021218354580924, 5541113.353566286154091, 320.0 ], [ 375657.989164019294549, 5541158.33204276766628, 309.0 ], [ 375635.978476434014738, 5541198.331744079478085, 301.0 ], [ 375632.039058494323399, 5541229.346778908744454, 295.0 ], [ 375629.013702937867492, 5541250.329367373138666, 293.0 ], [ 375620.035342186631169, 5541277.345690187066793, 291.0 ], [ 375627.983397922711447, 5541292.400454041548073, 289.0 ], [ 375635.001346944947727, 5541301.358849798329175, 289.0 ], [ 375637.008036005252507, 5541304.426863641478121, 288.0 ], [ 375655.012078874045983, 5541320.36055575683713, 287.0 ], [ 375676.984847654821351, 5541337.425781802274287, 287.0 ], [ 375689.976921556051821, 5541344.35457634087652, 288.0 ], [ 375701.995712858741172, 5541346.411609970964491, 288.0 ], [ 375716.022529248381034, 5541345.418709877878428, 288.0 ], [ 375737.983248588629067, 5541340.348528370261192, 289.0 ], [ 375757.029790945816785, 5541336.347155443392694, 289.0 ], [ 375784.008821829163935, 5541334.386603313498199, 289.0 ], [ 375807.997372897574678, 5541336.388775089755654, 289.0 ], [ 375829.973164053633809, 5541344.333206436596811, 289.0 ], [ 375796.973473532125354, 5541346.321897017769516, 287.0 ], [ 375773.002088794950396, 5541354.33059823140502, 283.0 ], [ 375756.008620233042166, 5541363.401140151545405, 281.0 ], [ 375743.029280463117175, 5541369.375248873606324, 279.0 ], [ 375731.986935150984209, 5541375.415686602704227, 277.0 ], [ 375718.984433326753788, 5541380.38927073776722, 275.0 ], [ 375700.030952553381212, 5541388.393117254599929, 275.0 ], [ 375675.010426205932163, 5541394.424371598288417, 274.0 ], [ 375655.034110355598386, 5541392.329657623544335, 273.0 ], [ 375634.996503356960602, 5541378.334199236705899, 273.0 ], [ 375611.002867022121791, 5541351.416079002432525, 271.0 ], [ 375583.971511803742032, 5541323.345020909793675, 270.0 ], [ 375562.984563950798474, 5541299.360631817951798, 269.0 ], [ 375529.994241871638224, 5541252.4069157326594, 274.0 ], [ 375527.987472426670138, 5541249.338940895162523, 274.0 ], [ 375497.039783970103599, 5541219.357047514989972, 278.0 ], [ 375472.026096147950739, 5541213.375577923841774, 278.0 ], [ 375409.991602143854834, 5541218.377652823925018, 278.0 ], [ 375384.013280179118738, 5541223.320161768235266, 277.0 ], [ 375368.981321084895171, 5541227.340680865570903, 277.0 ], [ 375348.021672610426322, 5541235.39244681224227, 276.0 ], [ 375332.03249945002608, 5541238.322986249811947, 275.0 ], [ 375324.985326203284785, 5541237.374645914882421, 275.0 ], [ 375309.980277865251992, 5541236.389081213623285, 275.0 ], [ 375297.986115605046507, 5541232.330086871981621, 275.0 ], [ 375263.004759378731251, 5541232.365926620550454, 276.0 ], [ 375204.00903859914979, 5541232.405244031921029, 278.0 ], [ 375147.019381023477763, 5541232.398451700806618, 271.0 ], [ 375119.028578853933141, 5541249.402685041539371, 267.0 ], [ 375092.977326875610743, 5541257.351701537147164, 266.0 ], [ 375064.018545458500739, 5541254.356264911592007, 268.0 ], [ 375026.994175991625525, 5541234.418755049817264, 270.0 ], [ 374986.003619609866291, 5541207.343687885440886, 267.0 ], [ 374965.983703776961192, 5541200.358118512667716, 265.0 ], [ 374938.004208851489238, 5541196.339361233636737, 262.0 ], [ 374906.015549638425, 5541186.407604842446744, 260.0 ], [ 374875.006910410767887, 5541169.33400756213814, 259.0 ], [ 374861.011759787215851, 5541159.427179013378918, 259.0 ], [ 374834.976980893348809, 5541134.339816653169692, 258.0 ], [ 374809.989910303149372, 5541120.351739014498889, 255.0 ], [ 374782.014291253639385, 5541107.323523992672563, 252.0 ], [ 374754.993019519606605, 5541101.392276721075177, 250.0 ], [ 374725.006669854163192, 5541097.421526674181223, 249.0 ], [ 374730.998489430639893, 5541108.405062318779528, 249.0 ], [ 374751.017619807855226, 5541118.393185005523264, 249.0 ], [ 374771.990009157685563, 5541132.363610622473061, 249.0 ], [ 374782.998125233280007, 5541146.34455515537411, 248.0 ], [ 374807.03184974816395, 5541156.350271364673972, 248.0 ], [ 374820.020659250207245, 5541178.405261983163655, 248.0 ], [ 374840.006924437009729, 5541205.413656119257212, 248.0 ], [ 374853.039645698154345, 5541229.358713150955737, 249.0 ], [ 374875.977858084603213, 5541232.382415764965117, 251.0 ], [ 374871.0143661883194, 5541308.361657196655869, 260.0 ], [ 374872.017939535493497, 5541354.390130709856749, 269.0 ], [ 374874.99906342610484, 5541362.329519509337842, 270.0 ], [ 374874.008765037171543, 5541384.377484637312591, 274.0 ], [ 374876.02599586697761, 5541409.358579377643764, 277.0 ], [ 374892.038715149101336, 5541447.361137929372489, 279.0 ], [ 374917.01945980155142, 5541470.359841459430754, 281.0 ], [ 374956.982637168490328, 5541490.33917831722647, 291.0 ], [ 374983.977795649203472, 5541501.388847236521542, 299.0 ], [ 374990.020127063966356, 5541505.363565494306386, 301.0 ], [ 375003.999766187043861, 5541502.367626213468611, 305.0 ], [ 375034.983381436322816, 5541512.323339754715562, 307.0 ], [ 375063.026303544233087, 5541528.354588203132153, 307.0 ], [ 375075.99966716527706, 5541531.389073460362852, 307.0 ], [ 375096.016575030167587, 5541541.378455106168985, 307.0 ], [ 375112.995231907523703, 5541556.333151374943554, 307.0 ], [ 375129.976386581838597, 5541571.399076158180833, 307.0 ], [ 375154.020846670318861, 5541600.427416487596929, 307.0 ], [ 375181.023954609292559, 5541633.39141078107059, 309.0 ], [ 375189.999087107076775, 5541649.422753194347024, 311.0 ], [ 375197.023758497147355, 5541689.415366848930717, 317.0 ], [ 375188.998503866838291, 5541763.352069807238877, 325.0 ], [ 375178.997698222694453, 5541826.322447293438017, 330.0 ], [ 375184.039773480966687, 5541867.362386795692146, 333.0 ], [ 375193.026095839217305, 5541905.418263462372124, 336.0 ], [ 375195.000202346651349, 5541919.388039016164839, 337.0 ], [ 375203.014312710030936, 5541940.336186930537224, 340.0 ], [ 375219.01446119666798, 5541956.426333650015295, 343.0 ], [ 375245.029680491716135, 5541959.379792531952262, 346.0 ], [ 375270.991366111207753, 5541972.345891302451491, 349.0 ], [ 375309.031656782259233, 5542005.387100767344236, 350.0 ], [ 375313.998654929571785, 5542009.387193799950182, 350.0 ], [ 375337.998961520497687, 5542027.404901573434472, 350.0 ], [ 375362.996683408797253, 5542054.409633102826774, 355.0 ], [ 375374.02297960233409, 5542072.395759001374245, 357.0 ], [ 375378.012046825780999, 5542074.416413960978389, 358.0 ], [ 375401.017129516287241, 5542074.326041741296649, 361.0 ], [ 375436.017008307215292, 5542078.406193727627397, 365.0 ], [ 375460.010355520702433, 5542102.320100902579725, 367.0 ], [ 375496.995469349087216, 5542139.391610819846392, 371.0 ], [ 375523.974351948359981, 5542165.349858768284321, 372.0 ], [ 375538.98321751318872, 5542194.367336179129779, 373.0 ], [ 375552.016953223210294, 5542212.418376159854233, 373.0 ], [ 375563.038554799975827, 5542236.411717560142279, 375.0 ], [ 375573.990313541726209, 5542257.403326432220638, 377.0 ], [ 375582.985870620468631, 5542271.321295567788184, 378.0 ], [ 375594.013593807001598, 5542289.419036875478923, 380.0 ], [ 375604.014473941992037, 5542303.424917393364012, 381.0 ], [ 375611.035049817990512, 5542306.376436548307538, 381.0 ], [ 375617.027630054042675, 5542311.354093266651034, 381.0 ], [ 375618.024756427679677, 5542320.341054861433804, 381.0 ], [ 375618.02285192272393, 5542323.344473647885025, 381.0 ], [ 375612.971426664385945, 5542340.369701318442822, 381.0 ], [ 375602.043723949464038, 5542357.420213459990919, 380.0 ], [ 375587.99066856619902, 5542366.423129426315427, 380.0 ], [ 375575.042884647089522, 5542364.388023072853684, 380.0 ], [ 375557.033711295807734, 5542357.353710830211639, 379.0 ], [ 375542.016038821835537, 5542343.353282753378153, 379.0 ], [ 375518.039213767799083, 5542329.338691234588623, 378.0 ], [ 375501.010163916216698, 5542324.395262448117137, 378.0 ], [ 375479.989647766458802, 5542317.319980250671506, 378.0 ], [ 375451.997543208068237, 5542309.405804132111371, 380.0 ], [ 375408.024723298964091, 5542295.411879196763039, 384.0 ], [ 375383.97391107713338, 5542284.402967179194093, 386.0 ], [ 375367.013624937622808, 5542279.34711732994765, 387.0 ], [ 375347.972466708917636, 5542280.346520198509097, 389.0 ], [ 375337.981909230817109, 5542288.365639852359891, 390.0 ], [ 375342.986466998583637, 5542309.384032344445586, 391.0 ], [ 375363.997579144779593, 5542328.361288867890835, 393.0 ], [ 375379.01931574678747, 5542336.354383473284543, 393.0 ], [ 375393.038171603344381, 5542344.37085631582886, 393.0 ], [ 375414.02926665841369, 5542356.340878554619849, 392.0 ], [ 375435.973727564211003, 5542375.407921469770372, 392.0 ], [ 375439.003688738972414, 5542379.341941176913679, 392.0 ], [ 375450.038942178944126, 5542385.425710455514491, 392.0 ], [ 375469.976742674072739, 5542401.424945907667279, 392.0 ], [ 375479.983237531618215, 5542406.420337532646954, 392.0 ], [ 375521.035106494382489, 5542427.379360103979707, 393.0 ], [ 375550.982609275495633, 5542442.36753717251122, 395.0 ], [ 375565.980484724103007, 5542449.360562757588923, 396.0 ], [ 375607.022209326445591, 5542485.337332873605192, 400.0 ], [ 375636.980928834469523, 5542519.347084691748023, 403.0 ], [ 375641.987965484382585, 5542534.358902082778513, 404.0 ], [ 375648.977611170441378, 5542585.365179439075291, 407.0 ], [ 375648.975698780675884, 5542588.368599093519151, 407.0 ], [ 375657.986791, 5542618.415548651479185, 409.0 ], [ 375663.020766546949744, 5542628.421131414361298, 410.0 ], [ 375668.983954625611659, 5542641.408515611663461, 411.0 ], [ 375676.991433652350679, 5542668.364186526276171, 413.0 ], [ 375682.009378286718857, 5542736.32417347561568, 417.0 ], [ 375688.004015482380055, 5542741.413080050610006, 417.0 ], [ 375773.018200139747933, 5542816.415185059420764, 422.0 ], [ 375786.031873567204457, 5542821.341333876363933, 422.0 ], [ 375803.994764047383796, 5542823.371799731627107, 425.0 ], [ 375792.033066575240809, 5542848.343699886463583, 429.0 ], [ 375783.029908024822362, 5542880.366095739416778, 434.0 ], [ 375771.010199309850577, 5542921.357396056875587, 440.0 ], [ 375759.972152007860132, 5542958.321452412754297, 444.0 ], [ 375754.007263611070812, 5542985.379020382650197, 447.0 ], [ 375731.983052167459391, 5542984.332902194000781, 449.0 ], [ 375724.976247262384277, 5543031.325965289957821, 452.0 ], [ 375721.99715544260107, 5543060.427757398225367, 455.0 ], [ 375724.006413518858608, 5543091.415999975055456, 455.0 ], [ 375722.033313347899821, 5543148.414720349945128, 455.0 ], [ 375720.007980343070813, 5543175.380893331952393, 454.0 ], [ 375719.0318094776012, 5543204.324962596409023, 453.0 ], [ 375670.035004073753953, 5543362.417043982073665, 448.0 ], [ 375661.016052371414844, 5543384.428839011117816, 447.0 ], [ 375662.994305953208823, 5543389.388519289903343, 447.0 ], [ 375901.002782497263979, 5543366.401247595436871, 449.0 ], [ 375988.423314388201106, 5543357.144903325475752, 450.0 ], [ 375988.021942171209957, 5543358.377797899767756, 450.0 ], [ 375988.997254152258392, 5543363.360822287388146, 450.0 ], [ 375989.033241082623135, 5543380.379095512442291, 450.0 ], [ 376113.006280043628067, 5543368.387078023515642, 453.0 ], [ 376137.036221518064849, 5543366.384917201474309, 453.0 ], [ 376165.976321372378152, 5543378.396223493851721, 454.0 ], [ 376204.976518797455356, 5543416.426666506566107, 454.0 ], [ 376226.980776474811137, 5543438.387449432164431, 454.0 ], [ 376300.027471855049953, 5543492.427988746203482, 454.0 ], [ 376376.974677408579737, 5543563.398447442799807, 455.0 ], [ 376384.9957845301833, 5543566.327796878293157, 455.0 ], [ 376479.975146395503543, 5543608.406908905133605, 456.0 ], [ 376493.9913847228745, 5543613.422781808301806, 455.0 ], [ 376498.027199553500395, 5543611.327417178079486, 455.0 ], [ 376505.029759689699858, 5543607.383834683336318, 455.0 ], [ 376518.004302197485231, 5543601.411479111760855, 455.0 ], [ 376583.011837746133097, 5543549.411208052188158, 458.0 ], [ 376640.030969408922829, 5543511.389078985899687, 461.0 ], [ 376642.995250297419261, 5543509.429759936407208, 461.0 ], [ 376676.030143294134177, 5543503.329236785881221, 463.0 ], [ 376727.0047905073734, 5543498.373029106296599, 464.0 ], [ 376743.008226102974731, 5543496.335958763957024, 464.0 ], [ 376816.002877095714211, 5543576.413574241101742, 463.0 ], [ 376816.011747368378565, 5543701.330692605115473, 463.0 ], [ 376828.017181899049319, 5543712.400407833047211, 463.0 ], [ 376877.982172745803837, 5543766.423527996987104, 463.0 ], [ 376888.01292863744311, 5543766.41526036709547, 463.0 ], [ 376929.99063631601166, 5543722.401786766014993, 462.0 ], [ 377076.98466545320116, 5543599.334791515953839, 454.0 ], [ 377137.984281623444986, 5543650.325980953872204, 453.0 ], [ 377180.002920681843534, 5543745.357505997642875, 451.0 ], [ 377197.991507699887734, 5543767.414231223985553, 448.0 ], [ 377255.012133642449044, 5543804.371094908565283, 442.0 ], [ 377378.986690371995792, 5543880.39489849563688, 433.0 ], [ 377385.02456957421964, 5543884.372259895317256, 432.0 ], [ 377397.973551565723028, 5543880.404858933761716, 432.0 ], [ 377428.007772542652674, 5543865.367622815072536, 430.0 ], [ 377439.040847639320418, 5543865.33742452505976, 430.0 ], [ 377447.03762969415402, 5543870.382345237769186, 430.0 ], [ 377510.014998500992078, 5543967.383484790101647, 425.0 ], [ 377585.00776367058279, 5544201.374235939234495, 416.0 ], [ 377597.998919435136486, 5544202.411895645782351, 415.0 ], [ 377620.037813832052052, 5544204.355018294416368, 415.0 ], [ 377631.021450884290971, 5544205.327432240359485, 415.0 ], [ 377656.977855366771109, 5544209.405823402106762, 414.0 ], [ 377702.005775931174867, 5544220.389951446093619, 414.0 ], [ 377715.014164116058964, 5544225.320714966394007, 414.0 ], [ 377739.016359228524379, 5544247.352946909144521, 414.0 ], [ 377775.994582335231826, 5544282.325823755003512, 414.0 ], [ 377788.976334288017824, 5544292.374164000153542, 414.0 ], [ 377811.978533638641238, 5544311.426202959381044, 415.0 ], [ 377852.007087987731211, 5544329.422253307886422, 415.0 ], [ 377905.031399628089275, 5544430.32556898612529, 408.0 ], [ 377910.979490063444246, 5544430.412324015051126, 408.0 ], [ 378058.999302236887161, 5544418.360876966267824, 406.0 ], [ 378064.977268057526089, 5544410.327003141865134, 405.0 ], [ 378108.006046588532627, 5544349.391300546005368, 405.0 ], [ 378127.026773463527206, 5544316.36637784447521, 405.0 ], [ 378131.029315777530428, 5544303.372027625329792, 404.0 ], [ 378135.985593700024765, 5544313.381490038707852, 404.0 ], [ 378144.040362175088376, 5544327.324837686493993, 403.0 ], [ 378201.021948228415567, 5544410.343251158483326, 400.0 ], [ 378214.998434967943467, 5544426.376598754897714, 399.0 ], [ 378224.009232928685378, 5544419.386231482028961, 399.0 ], [ 378228.024806532775983, 5544416.402755335904658, 399.0 ], [ 378244.976525632489938, 5544396.328536592423916, 398.0 ] ] ] } },
{ "type": "Feature", "properties": { "name": "Saar-Hunsrück-Steig - 19. Etappe: Alternativstrecke Blankenrath - Hängeseilbrücke Geierlay - Mörsdorf", "km": 17.081, "darstell": "F1", "datum": null, "height": 404, "link": "https://www.saar-hunsrueck-steig.de/tour/saar-hunsrueck-steig-19.-etappe-alternativstrecke-blankenrath-haengeseilbruecke-geierlay-moersdorf-0199cc4990" }, "geometry": { "type": "MultiLineString", "coordinates": [ [ [ 378244.976525632489938, 5544396.328536592423916, 399.0 ], [ 378244.976525632489938, 5544396.328536592423916, 399.0 ], [ 378252.994505874754395, 5544402.37523172609508, 398.0 ], [ 378253.993638987536542, 5544405.355827463790774, 398.0 ], [ 378257.016326201090124, 5544415.409383899532259, 397.0 ], [ 378289.033320082642604, 5544503.334827623330057, 392.0 ], [ 378290.985200163850095, 5544510.409429314546287, 392.0 ], [ 378285.986685264797416, 5544517.419655210338533, 392.0 ], [ 378283.975997516070493, 5544520.357484892942011, 392.0 ], [ 378287.024657861562446, 5544528.408246339298785, 392.0 ], [ 378302.028801588807255, 5544583.350450048223138, 394.0 ], [ 378289.991541136812884, 5544586.405097358860075, 394.0 ], [ 378247.027977539517451, 5544590.385856703855097, 394.0 ], [ 378188.008600151748396, 5544603.408741808496416, 394.0 ], [ 378161.039191820658743, 5544611.364253895357251, 394.0 ], [ 378125.02293118822854, 5544618.413614836521447, 394.0 ], [ 378105.986763775639702, 5544622.406745051965117, 393.0 ], [ 378091.994367334875278, 5544621.390707586891949, 393.0 ], [ 378086.97983285569353, 5544621.393723803572357, 393.0 ], [ 378057.009829251386691, 5544623.411470697261393, 393.0 ], [ 378014.990778523962945, 5544637.383697636425495, 393.0 ], [ 377985.981563135399483, 5544656.398839592002332, 396.0 ], [ 377974.030222071509343, 5544666.348798621445894, 397.0 ], [ 377968.033872624742799, 5544692.403225155547261, 400.0 ], [ 377963.023417156713549, 5544711.427392107434571, 402.0 ], [ 377949.015582078020088, 5544725.428767723962665, 404.0 ], [ 377942.01042421197053, 5544732.373881415463984, 405.0 ], [ 377941.018388422613498, 5544745.41096905618906, 406.0 ], [ 377932.978718342492357, 5544760.388593529351056, 408.0 ], [ 377925.036632835865021, 5544773.361781228333712, 410.0 ], [ 377921.041221116436645, 5544780.349492321722209, 411.0 ], [ 377920.010889277269598, 5544807.403033670037985, 414.0 ], [ 377925.009711546008475, 5544822.416897694580257, 417.0 ], [ 377942.972667432564776, 5544837.357470364309847, 421.0 ], [ 377949.995820383424871, 5544856.329623123630881, 424.0 ], [ 377954.03156977519393, 5544879.374377702362835, 428.0 ], [ 377968.973781915556174, 5544884.372814876027405, 431.0 ], [ 377981.020476412784774, 5544894.331653036177158, 431.0 ], [ 377991.98689618561184, 5544910.321823379956186, 432.0 ], [ 378000.984756352496333, 5544937.369133831933141, 434.0 ], [ 378007.987927066860721, 5544952.337360688485205, 435.0 ], [ 378020.036935373733286, 5544962.407460943795741, 435.0 ], [ 378024.030487470328808, 5544977.333090025000274, 436.0 ], [ 378027.021063740889076, 5544995.396157965995371, 436.0 ], [ 378022.010750890010968, 5545014.420279275625944, 436.0 ], [ 378020.007447526790202, 5545033.375846936367452, 436.0 ], [ 378010.991686647292227, 5545046.373400680720806, 436.0 ], [ 378008.971919756033458, 5545058.321565910242498, 436.0 ], [ 377919.037025645608082, 5545116.324113918468356, 428.0 ], [ 377905.989597195759416, 5545128.412750147283077, 428.0 ], [ 377856.032251328229904, 5545271.377514776773751, 424.0 ], [ 377846.01350485131843, 5545309.426126163452864, 423.0 ], [ 377839.036729213781655, 5545336.393044648692012, 422.0 ], [ 377823.026905487291515, 5545347.325981659814715, 421.0 ], [ 377786.006962664774619, 5545382.320728010497987, 419.0 ], [ 377728.009623786376324, 5545433.368092532269657, 418.0 ], [ 377722.030412295483984, 5545444.40579345356673, 417.0 ], [ 377711.005260836507659, 5545485.369833596050739, 416.0 ], [ 377679.996391357213724, 5545551.373780056834221, 412.0 ], [ 377678.011873713927343, 5545555.423622318543494, 412.0 ], [ 377658.042663342203014, 5545587.359830118715763, 409.0 ], [ 377653.011445203621406, 5545605.383750733919442, 407.0 ], [ 377647.012636365951039, 5545612.417537522502244, 406.0 ], [ 377643.018272848275956, 5545619.405480450950563, 406.0 ], [ 377637.975928601168562, 5545624.415168340317905, 405.0 ], [ 377625.0252627650043, 5545634.388891784474254, 401.0 ], [ 377622.033156037330627, 5545641.3539227116853, 400.0 ], [ 377608.011667807586491, 5545648.348841363564134, 397.0 ], [ 377597.008069730596617, 5545646.37592747528106, 395.0 ], [ 377593.978892851155251, 5545642.329546488821507, 394.0 ], [ 377588.017555139143951, 5545635.346920298412442, 392.0 ], [ 377575.988808688533027, 5545632.396392674185336, 389.0 ], [ 377560.993795566610061, 5545634.408135305158794, 386.0 ], [ 377552.000255572027527, 5545651.410514771938324, 385.0 ], [ 377570.032993569155224, 5545716.404013242572546, 384.0 ], [ 377603.990811117459089, 5545754.336689778603613, 381.0 ], [ 377640.997255493653938, 5545778.406668990850449, 379.0 ], [ 377690.034357090014964, 5545824.337553090415895, 373.0 ], [ 377720.975279709382448, 5545871.349949474446476, 367.0 ], [ 377725.008568353310693, 5545897.397983465343714, 365.0 ], [ 377698.977238471270539, 5545883.421360243111849, 362.0 ], [ 377674.03654389543226, 5545876.427726747468114, 359.0 ], [ 377649.992257837904617, 5545855.398075784556568, 356.0 ], [ 377628.032079074298963, 5545850.338703474961221, 353.0 ], [ 377626.007747943338472, 5545846.380553641356528, 352.0 ], [ 377633.990232208569068, 5545860.324787028133869, 350.0 ], [ 377634.974947959242854, 5545878.322351053357124, 348.0 ], [ 377624.99946382449707, 5545899.351552415639162, 345.0 ], [ 377594.034375162911601, 5545926.422861241735518, 344.0 ], [ 377554.973186747985892, 5545978.373923486098647, 342.0 ], [ 377540.025076110381633, 5546007.41485305223614, 345.0 ], [ 377537.02761900133919, 5546020.38677407708019, 347.0 ], [ 377539.031898616754916, 5546020.340881778858602, 347.0 ], [ 377543.023041620966978, 5546041.38419434055686, 349.0 ], [ 377540.0170544302091, 5546063.366365514695644, 351.0 ], [ 377541.978460344369523, 5546083.343800702132285, 355.0 ], [ 377540.0286979751545, 5546101.408556159585714, 359.0 ], [ 377541.019564595306292, 5546138.427210095338523, 366.0 ], [ 377549.995448628440499, 5546161.358626808039844, 371.0 ], [ 377558.00888021098217, 5546170.407684030942619, 373.0 ], [ 377569.990636491216719, 5546171.356968722306192, 375.0 ], [ 377579.011862256447785, 5546174.376281902194023, 377.0 ], [ 377583.011375108966604, 5546186.409373166970909, 379.0 ], [ 377595.983694944647141, 5546199.349445598199964, 382.0 ], [ 377628.979169964615721, 5546220.39646013174206, 389.0 ], [ 377640.983386931591667, 5546247.374422478489578, 390.0 ], [ 377658.996399296796881, 5546305.360801083035767, 394.0 ], [ 377664.974018989130855, 5546319.350926913321018, 396.0 ], [ 377666.974907205963973, 5546325.423091697506607, 397.0 ], [ 377697.010999348363839, 5546414.391650337725878, 410.0 ], [ 377712.990666969155427, 5546452.402352484874427, 413.0 ], [ 377720.992058050702326, 5546470.350720562040806, 414.0 ], [ 377720.99438896618085, 5546492.375234036706388, 415.0 ], [ 377714.982473702169955, 5546489.398122821003199, 415.0 ], [ 377709.980840949690901, 5546502.415782850235701, 416.0 ], [ 377706.015868307615165, 5546504.397455814294517, 416.0 ], [ 377696.977740469796117, 5546519.39844195637852, 416.0 ], [ 377690.009493418911006, 5546540.358803944662213, 417.0 ], [ 377684.028823610569816, 5546554.400003868155181, 417.0 ], [ 377672.00508590816753, 5546570.359214324504137, 417.0 ], [ 377670.038082555751316, 5546581.416501328349113, 418.0 ], [ 377670.979817981249653, 5546594.409481575712562, 418.0 ], [ 377683.031783493875992, 5546620.385305337607861, 418.0 ], [ 377706.978229008847848, 5546640.416114710271358, 418.0 ], [ 377713.038675209623761, 5546642.390984449535608, 418.0 ], [ 377732.00689462426817, 5546651.412227235734463, 418.0 ], [ 377734.987141624209471, 5546653.346316997893155, 418.0 ], [ 377758.008699104771949, 5546667.391789871267974, 419.0 ], [ 377778.971899749652948, 5546685.377635939978063, 421.0 ], [ 377771.995502805977594, 5546690.320212599821389, 421.0 ], [ 377769.035207031469326, 5546692.390114102512598, 421.0 ], [ 377752.983991904126015, 5546701.322161232121289, 422.0 ], [ 377740.041331455286127, 5546708.403419095091522, 423.0 ], [ 377724.994761925074272, 5546717.42381876707077, 423.0 ], [ 377709.985626116744243, 5546734.34110892470926, 423.0 ], [ 377692.998012223455589, 5546752.416052309796214, 424.0 ], [ 377677.024158902117051, 5546780.367802786640823, 425.0 ], [ 377669.998947998159565, 5546789.427343894727528, 425.0 ], [ 377643.991852698498406, 5546801.368401169776917, 426.0 ], [ 377619.994263873901218, 5546810.371477773413062, 427.0 ], [ 377537.997458295081742, 5546866.420456745661795, 429.0 ], [ 377488.025882176007144, 5546904.384140163660049, 430.0 ], [ 377436.977898295619525, 5546995.321096178144217, 431.0 ], [ 377430.039631347346585, 5547014.390186205506325, 431.0 ], [ 377424.986265358747914, 5547056.330594507977366, 431.0 ], [ 377389.035835913557094, 5547293.419295324012637, 422.0 ], [ 377388.00418919173535, 5547323.365335399284959, 421.0 ], [ 377403.996707220154349, 5547449.362234125845134, 419.0 ], [ 377798.972090423339978, 5547441.320124138146639, 415.0 ], [ 377800.027177792100701, 5547603.36586987785995, 404.0 ], [ 377801.020697447005659, 5547850.396892986260355, 382.0 ], [ 377796.97930682299193, 5547858.386998529545963, 381.0 ], [ 377807.992387920967303, 5547870.371119328774512, 380.0 ], [ 377814.022678519366309, 5547877.352333543822169, 379.0 ], [ 377830.006618144863751, 5547906.353116601705551, 375.0 ], [ 377835.000393262656871, 5547924.370344839990139, 374.0 ], [ 377835.008521134383045, 5547940.388052645139396, 373.0 ], [ 377833.991013957653195, 5548002.369415326975286, 382.0 ], [ 377827.041773016797379, 5548008.42372923437506, 383.0 ], [ 377828.025891290977597, 5548026.421368569135666, 386.0 ], [ 377829.991178416879848, 5548065.420071935281157, 390.0 ], [ 377833.041521416744217, 5548092.380552331916988, 393.0 ], [ 377834.016797756718006, 5548119.388464123941958, 396.0 ], [ 377821.033981166547164, 5548168.406345044262707, 398.0 ], [ 377836.974309170152992, 5548192.402531336061656, 398.0 ], [ 377848.987686281267088, 5548229.391817913390696, 399.0 ], [ 377818.013231617689598, 5548252.346920880489051, 399.0 ], [ 377760.028386493155267, 5548299.390620397403836, 400.0 ], [ 377683.010984363674652, 5548359.328940301202238, 396.0 ], [ 377632.030967040685937, 5548396.425073563121259, 393.0 ], [ 377627.014589592115954, 5548399.320826128125191, 393.0 ], [ 377595.022801491664723, 5548418.40734876319766, 392.0 ], [ 377567.015062167658471, 5548436.401677520014346, 391.0 ], [ 377494.024719058477785, 5548481.345043829642236, 392.0 ], [ 377433.998809230746701, 5548520.319077180698514, 395.0 ], [ 377348.024599259137176, 5548573.348845043219626, 399.0 ], [ 377347.993677830148954, 5548581.358538715168834, 399.0 ], [ 377349.998742041934747, 5548606.340595384128392, 399.0 ], [ 377347.994540616753511, 5548634.418040595017374, 399.0 ], [ 377343.039495979435742, 5548649.32614532392472, 399.0 ], [ 377294.030375320638996, 5548647.336660691536963, 400.0 ], [ 377272.985550839570351, 5548647.374988786876202, 400.0 ], [ 377276.984258660289925, 5548659.407876070588827, 400.0 ], [ 377279.025676852033939, 5548670.373354962095618, 400.0 ], [ 377202.9926910988288, 5548682.353703389875591, 401.0 ], [ 377106.986014101887122, 5548697.352880042977631, 404.0 ], [ 377143.980787971406244, 5548768.360737389884889, 405.0 ], [ 377162.020414935890585, 5548796.422456303611398, 405.0 ], [ 377161.994873541872948, 5548798.425292908214033, 405.0 ], [ 377226.008428255270701, 5548911.416033279150724, 405.0 ], [ 377218.986991387966555, 5548917.361641789786518, 405.0 ], [ 377099.032050800567959, 5549011.332966175861657, 406.0 ], [ 377146.007674981548917, 5549099.352832419797778, 403.0 ], [ 377184.987338682753034, 5549188.335508993826807, 403.0 ], [ 377197.003387665725313, 5549200.406528067775071, 403.0 ], [ 377205.986649064812809, 5549211.323675291612744, 403.0 ], [ 377214.00410072109662, 5549211.361891968175769, 403.0 ], [ 377227.034381548990496, 5549208.39279158692807, 403.0 ], [ 377245.011126416036859, 5549196.411187829449773, 404.0 ], [ 377258.041484241315629, 5549190.327553156763315, 405.0 ], [ 377305.042578307795338, 5549192.362628638744354, 406.0 ], [ 377310.982868057384621, 5549192.337455828674138, 406.0 ], [ 377373.037707583222073, 5549195.362304473295808, 404.0 ], [ 377382.986723558919039, 5549195.356443971395493, 403.0 ], [ 377540.02952616737457, 5549242.367041574791074, 397.0 ], [ 377560.041564064682461, 5549375.391426571644843, 392.0 ], [ 377571.979506865958683, 5549390.357165113091469, 392.0 ], [ 377621.020583307370543, 5549453.416669077239931, 381.0 ], [ 377642.989987138658762, 5549481.389838618226349, 377.0 ], [ 377677.013886507367715, 5549526.328619816340506, 370.0 ], [ 377680.993840520153753, 5549531.354340300895274, 369.0 ], [ 377736.003632356005255, 5549586.380415079183877, 360.0 ], [ 377752.003371443715878, 5549594.356948858126998, 358.0 ], [ 377784.983821876056027, 5549609.397826997563243, 355.0 ], [ 377796.995034512015991, 5549621.358988312073052, 354.0 ], [ 377939.015474279527552, 5549763.385891928337514, 343.0 ], [ 377945.996374469599687, 5549771.346588305197656, 343.0 ], [ 377946.972002184193116, 5549773.326538509689271, 343.0 ], [ 377939.979337045224383, 5549777.379558922722936, 343.0 ], [ 377934.016857286798768, 5549776.403444504365325, 342.0 ], [ 377914.003797931654844, 5549774.41360479965806, 342.0 ], [ 377913.008056750055403, 5549790.343061653897166, 342.0 ], [ 377919.997365315270144, 5549792.40804241783917, 342.0 ], [ 377977.019729878404178, 5549832.373618449084461, 338.0 ], [ 377993.038252502039541, 5549844.354887201450765, 337.0 ], [ 378006.006742656929418, 5549854.403614965267479, 336.0 ], [ 378031.02801949105924, 5549881.418674286454916, 334.0 ], [ 378057.977333553077187, 5549911.393188608810306, 331.0 ], [ 378058.998580147395842, 5549915.374356026761234, 331.0 ], [ 378065.008352470700629, 5549940.376406592316926, 329.0 ], [ 378085.981175425113179, 5549959.36392099224031, 327.0 ], [ 378096.010991462389939, 5549972.372047200798988, 326.0 ], [ 378084.003416724037379, 5549979.32022600248456, 325.0 ], [ 378077.024738094827626, 5549993.383957243524492, 324.0 ], [ 378084.980685859860387, 5550003.32480317633599, 324.0 ], [ 378091.986443979723845, 5550012.397461176849902, 324.0 ], [ 378110.023732363304589, 5550031.340819774195552, 324.0 ], [ 378125.017159023089334, 5550042.344725722447038, 324.0 ], [ 378135.00716085737804, 5550047.344867034815252, 324.0 ], [ 378143.02634544391185, 5550044.381028744392097, 324.0 ], [ 378148.988482302404009, 5550045.357371439225972, 324.0 ], [ 378161.035515844647307, 5550046.417392259463668, 324.0 ], [ 378195.991952960321214, 5550060.414473066106439, 322.0 ], [ 378212.006223963864613, 5550075.39981194306165, 320.0 ], [ 378234.014571532956325, 5550083.351949129253626, 319.0 ], [ 378250.028666874859482, 5550098.337399704381824, 318.0 ], [ 378266.984392694896087, 5550104.40259944088757, 316.0 ], [ 378298.035863761906512, 5550110.369135840795934, 314.0 ], [ 378315.02370943693677, 5550108.424803540110588, 313.0 ], [ 378339.014857192523777, 5550112.327717314474285, 311.0 ], [ 378357.036995251080953, 5550124.375617510639131, 308.0 ], [ 378382.031932888319716, 5550128.367095760069788, 304.0 ], [ 378404.988555890973657, 5550143.417389347217977, 300.0 ], [ 378421.983768116333522, 5550154.376524158753455, 297.0 ], [ 378435.981243431684561, 5550159.397229041904211, 295.0 ], [ 378445.03767367725959, 5550167.422531791962683, 293.0 ], [ 378450.996391466760542, 5550171.402635062113404, 292.0 ], [ 378458.980585451994557, 5550176.337772086262703, 291.0 ], [ 378485.040899055660702, 5550189.426770305261016, 287.0 ], [ 378503.992982802505139, 5550198.339400603435934, 284.0 ], [ 378553.972044861176983, 5550215.334111857227981, 279.0 ], [ 378575.006475256581325, 5550221.41875858977437, 278.0 ], [ 378593.03504965081811, 5550224.345988800749183, 277.0 ], [ 378593.981030507187825, 5550231.332304145209491, 277.0 ], [ 378598.992941019299906, 5550272.375409674830735, 277.0 ], [ 378595.004208551486954, 5550298.383877890184522, 278.0 ], [ 378601.024308638530783, 5550311.372796219773591, 279.0 ], [ 378606.043051347602159, 5550324.38447988871485, 280.0 ], [ 378607.987036463746335, 5550334.351465041749179, 281.0 ], [ 378609.011106205871329, 5550335.329306622967124, 281.0 ], [ 378588.984041731921025, 5550348.354103387333453, 283.0 ], [ 378579.030695100373123, 5550354.364604589529335, 283.0 ], [ 378570.007170636148658, 5550360.353985055349767, 283.0 ], [ 378567.997976310492959, 5550366.406369210220873, 283.0 ], [ 378572.977812237630133, 5550371.409970968961716, 283.0 ], [ 378597.018864713609219, 5550374.422974955290556, 283.0 ], [ 378612.976049797260202, 5550374.393986584618688, 283.0 ], [ 378624.041106211661827, 5550376.367218839935958, 283.0 ], [ 378625.039120717439801, 5550379.34788897074759, 283.0 ], [ 378632.989395884040277, 5550395.407560465857387, 283.0 ], [ 378659.003018092480488, 5550425.406163302250206, 283.0 ], [ 378692.971162050147541, 5550443.322040834464133, 283.0 ], [ 378755.009212552104145, 5550468.387274690903723, 277.0 ], [ 378787.994938816293143, 5550471.420534497126937, 273.0 ], [ 378817.993487467116211, 5550478.415002227760851, 271.0 ], [ 378847.007402798510157, 5550489.325198091566563, 270.0 ], [ 378871.98643750831252, 5550505.332633612677455, 268.0 ], [ 378889.010190681787208, 5550533.42272481508553, 266.0 ], [ 378892.010610095225275, 5550536.358030208386481, 266.0 ], [ 378901.016890696540941, 5550545.386311965994537, 265.0 ], [ 378948.00780446146382, 5550604.387890929356217, 259.0 ], [ 378994.003445804701187, 5550657.405712215229869, 255.0 ], [ 379037.031701118510682, 5550737.409967927262187, 253.0 ], [ 379049.021460016840138, 5550783.412137191742659, 252.0 ], [ 379056.023541076341644, 5550811.395991700701416, 250.0 ], [ 379055.040390072390437, 5550834.332657302729785, 249.0 ], [ 379073.982535388786346, 5550871.389858165755868, 247.0 ], [ 379115.029317632783204, 5550949.326067510992289, 243.0 ], [ 379140.022142497589812, 5550991.363311386667192, 239.0 ], [ 379157.036966463085264, 5551022.346475737169385, 236.0 ], [ 379157.977281765837688, 5551073.382018941454589, 233.0 ], [ 379154.009328985877801, 5551100.390668474137783, 231.0 ], [ 379157.979614175390452, 5551111.424307747744024, 231.0 ], [ 379168.026023557526059, 5551144.344961802475154, 229.0 ], [ 379187.986617454618681, 5551185.38392401766032, 226.0 ], [ 379212.0194629203761, 5551229.334171374328434, 222.0 ], [ 379234.974552110012155, 5551279.426810269244015, 215.0 ], [ 379252.977391392807476, 5551300.376752908341587, 211.0 ], [ 379284.029499157797545, 5551338.384344326332211, 208.0 ], [ 379291.979410451021977, 5551332.420397906564176, 207.0 ], [ 379305.010202818259131, 5551323.338267439045012, 206.0 ], [ 379329.017821207700763, 5551293.429636375978589, 205.0 ], [ 379333.991273585357703, 5551263.395072764717042, 206.0 ], [ 379334.020087862154469, 5551220.346551964059472, 208.0 ], [ 379336.035389217198826, 5551192.381074903532863, 210.0 ], [ 379335.022085973294452, 5551163.371693110093474, 210.0 ], [ 379337.978133721742779, 5551126.37494436930865, 212.0 ], [ 379341.025196037138812, 5551112.401742511428893, 212.0 ], [ 379344.983021037536673, 5551094.403512090444565, 213.0 ], [ 379358.979926937026903, 5551058.380902349948883, 215.0 ], [ 379379.039344172575511, 5551018.328173949383199, 218.0 ], [ 379398.984876741538756, 5550976.387117199599743, 219.0 ], [ 379419.986028338549659, 5550946.324423843994737, 220.0 ], [ 379448.993436060205568, 5550925.424786281771958, 220.0 ], [ 379467.037865187099669, 5550913.337823713198304, 220.0 ], [ 379473.008779570751358, 5550908.419964167289436, 220.0 ], [ 379491.019479952345137, 5550885.321621736511588, 220.0 ], [ 379495.011849861301016, 5550878.334981636144221, 220.0 ], [ 379512.994963927427307, 5550879.375250749289989, 220.0 ], [ 379530.985456033842638, 5550893.429859583266079, 220.0 ], [ 379562.979162516479846, 5550903.386707996018231, 221.0 ], [ 379589.971812041127123, 5550907.338608853518963, 222.0 ], [ 379626.020299431635067, 5550919.429089074954391, 222.0 ], [ 379661.00955845147837, 5550935.325649103149772, 219.0 ], [ 379685.024748645897489, 5550937.342900361865759, 217.0 ], [ 379693.016908514255192, 5550936.384193212725222, 216.0 ], [ 379721.009956957539544, 5550924.407682737335563, 215.0 ], [ 379732.985380279016681, 5550903.337121339514852, 217.0 ], [ 379746.984025473531801, 5550870.430182512849569, 220.0 ], [ 379774.990774119039997, 5550846.329117873683572, 221.0 ], [ 379819.979536006576382, 5550807.385539933107793, 215.0 ], [ 379829.019462222699076, 5550789.384612881578505, 213.0 ], [ 379845.028253516356926, 5550785.353657970204949, 213.0 ], [ 379855.027123577310704, 5550781.346726204268634, 213.0 ], [ 379867.009909057524055, 5550757.384245402179658, 213.0 ], [ 379870.013594489137176, 5550741.410173425450921, 213.0 ], [ 379872.036057052144315, 5550726.348050558008254, 213.0 ], [ 379873.010770631895866, 5550712.421840263530612, 213.0 ], [ 379873.978995004668832, 5550701.387867731042206, 213.0 ], [ 379873.986986417497974, 5550695.381037263199687, 213.0 ], [ 379877.017243584385142, 5550677.404158551245928, 213.0 ], [ 379877.001709007308818, 5550635.357956954278052, 215.0 ], [ 379875.971425111638382, 5550621.36561475507915, 215.0 ], [ 379876.988695032254327, 5550593.42293593659997, 216.0 ], [ 379880.039059238333721, 5550560.428989654406905, 218.0 ], [ 379885.980817195610143, 5550522.364478382281959, 220.0 ], [ 379888.996766753843985, 5550497.380182825028896, 222.0 ], [ 379895.016646279604174, 5550472.328336621634662, 226.0 ], [ 379906.011149567493703, 5550439.378243921324611, 230.0 ], [ 379910.034967913525179, 5550427.385706670582294, 232.0 ], [ 379922.989633023564238, 5550408.407090769149363, 235.0 ], [ 379937.035680720582604, 5550393.408405918627977, 235.0 ], [ 379950.002421576180495, 5550381.326109253801405, 235.0 ], [ 379972.011060312855989, 5550370.375447426922619, 235.0 ], [ 379991.03581476159161, 5550360.381798724643886, 235.0 ], [ 380007.023533607309218, 5550355.350751988589764, 236.0 ], [ 380031.979114824149292, 5550351.341886288486421, 238.0 ], [ 380052.974387354566716, 5550349.424290650524199, 239.0 ], [ 380077.03853983891895, 5550350.329955357126892, 241.0 ], [ 380088.038089724315796, 5550349.415584337897599, 241.0 ], [ 380095.97962857875973, 5550349.348525523208082, 242.0 ], [ 380103.976861094473861, 5550345.387037464417517, 242.0 ], [ 380111.019349864916876, 5550340.334652777761221, 241.0 ], [ 380122.975329452310689, 5550337.396673608571291, 240.0 ], [ 380132.018835601396859, 5550335.413957734592259, 239.0 ], [ 380133.021847256459296, 5550351.409143086522818, 237.0 ], [ 380133.979942934587598, 5550365.403124830685556, 235.0 ], [ 380131.001803240738809, 5550379.374214657582343, 233.0 ], [ 380133.041042271186598, 5550387.337295729666948, 232.0 ], [ 380142.018770774593577, 5550398.370447987690568, 231.0 ], [ 380157.999792342539877, 5550415.3643340440467, 233.0 ], [ 380179.982684046379291, 5550438.341479319147766, 236.0 ], [ 380190.993648257688619, 5550444.323563960380852, 237.0 ], [ 380210.972209006547928, 5550451.328101126477122, 239.0 ], [ 380229.998497549095191, 5550457.35296074859798, 241.0 ], [ 380257.992328909167554, 5550464.400396151468158, 242.0 ], [ 380281.978400266845711, 5550471.426577865146101, 243.0 ], [ 380312.03945214120904, 5550481.320033546537161, 244.0 ], [ 380342.008939045481384, 5550490.325834793969989, 246.0 ], [ 380360.985820060013793, 5550497.353361686691642, 246.0 ], [ 380378.983769939164631, 5550505.403984717093408, 247.0 ], [ 380391.974532129010186, 5550510.341022469103336, 248.0 ], [ 380400.007938905968331, 5550514.388000218197703, 248.0 ], [ 380413.009757507999893, 5550513.429447989910841, 249.0 ], [ 380422.991440882906318, 5550505.419583818875253, 250.0 ], [ 380435.029175881762058, 5550493.35929281078279, 251.0 ], [ 380452.006896700768266, 5550481.41091874986887, 253.0 ], [ 380464.036081967758946, 5550475.357512643560767, 254.0 ], [ 380476.975164897157811, 5550468.39390158560127, 256.0 ], [ 380502.993985206412617, 5550454.352396694943309, 257.0 ], [ 380508.007332177192438, 5550451.348151166923344, 257.0 ], [ 380528.034020376973785, 5550441.334022331982851, 256.0 ], [ 380568.993115705437958, 5550423.399184815585613, 255.0 ], [ 380591.970379269798286, 5550417.323736215941608, 255.0 ], [ 380604.00676076754462, 5550408.378421617671847, 255.0 ], [ 380633.019111953035463, 5550387.374170592986047, 257.0 ], [ 380656.034776549960952, 5550373.400562927126884, 258.0 ], [ 380669.975662396638654, 5550366.415053578093648, 258.0 ], [ 380684.032773473998532, 5550345.41155619546771, 261.0 ], [ 380696.978905100957491, 5550332.330498985946178, 262.0 ], [ 380713.005563796730712, 5550319.403140863403678, 264.0 ], [ 380724.977245934482198, 5550320.359345029108226, 265.0 ], [ 380727.992678892740514, 5550314.396628467366099, 265.0 ], [ 380748.033616702596191, 5550311.390753808431327, 266.0 ], [ 380763.020783771178685, 5550306.384340594522655, 266.0 ], [ 380778.025795738736633, 5550305.381977556273341, 265.0 ], [ 380787.977027761633508, 5550302.379019145853817, 265.0 ], [ 380797.999793789524119, 5550299.374483184888959, 265.0 ], [ 380823.99752974009607, 5550300.351593161001801, 264.0 ], [ 380834.985672982293181, 5550305.334394346922636, 264.0 ], [ 380859.016228969790973, 5550314.364370220340788, 261.0 ], [ 380869.03848646057304, 5550327.377591080963612, 259.0 ], [ 380876.009621845965739, 5550338.34544522035867, 257.0 ], [ 380884.020569308660924, 5550341.392545196227729, 256.0 ], [ 380899.977602418046445, 5550341.370389819145203, 254.0 ], [ 380925.018393909034785, 5550344.371522745117545, 251.0 ], [ 380939.978701306332368, 5550341.368407401256263, 253.0 ], [ 380947.99421557347523, 5550341.412199252285063, 254.0 ], [ 380950.985097786528058, 5550334.337830898351967, 255.0 ], [ 380952.016581979230978, 5550316.406270002946258, 258.0 ], [ 380955.998221252695657, 5550302.413354883901775, 260.0 ], [ 380958.985314917110372, 5550282.324776574037969, 264.0 ], [ 380964.01079200085951, 5550273.425338355824351, 265.0 ], [ 380974.034544984577224, 5550254.403518045321107, 266.0 ], [ 380980.041271416004747, 5550241.366597795858979, 266.0 ], [ 380988.03089214314241, 5550227.395635878667235, 266.0 ], [ 380997.017256618128158, 5550216.405778917483985, 265.0 ], [ 381004.972896624647547, 5550207.32986767962575, 265.0 ], [ 381015.977482276095543, 5550203.414012315683067, 265.0 ], [ 381032.038051397539675, 5550198.384463309310377, 265.0 ], [ 381046.024430063785985, 5550193.401157579384744, 262.0 ], [ 381056.002965648600366, 5550188.395905679091811, 261.0 ], [ 381069.994076387782115, 5550180.409261954016984, 258.0 ], [ 381077.037656030093785, 5550175.358169561251998, 257.0 ], [ 381087.016253134701401, 5550170.352976688183844, 255.0 ], [ 381103.996421189047396, 5550158.406718915328383, 251.0 ], [ 381116.982906799006741, 5550137.428284257650375, 249.0 ], [ 381118.036934754520189, 5550149.418008593842387, 249.0 ], [ 381121.023445613624062, 5550145.347143467515707, 249.0 ], [ 381125.018510004563723, 5550138.361771257594228, 249.0 ], [ 381126.988599376985803, 5550130.420370139181614, 249.0 ], [ 381107.673128820606507, 5550182.128781670704484, 249.0 ], [ 381086.859458502207417, 5550214.738521999679506, 249.0 ], [ 381062.702864771010354, 5550232.183839824981987, 250.0 ], [ 381032.222013974853326, 5550241.983806700445712, 250.0 ], [ 381014.177448758098762, 5550260.739252662286162, 247.0 ], [ 380997.706532180891372, 5550279.459702777676284, 244.0 ], [ 380990.566298550227657, 5550302.64409245364368, 240.0 ], [ 380984.925638892687857, 5550325.683845846913755, 236.0 ], [ 380985.369097926712129, 5550345.584729535505176, 234.0 ], [ 381002.761227855691686, 5550368.222498425282538, 232.0 ], [ 381023.124646614480298, 5550386.122329086065292, 229.0 ], [ 381049.46796640579123, 5550396.21394913457334, 227.0 ], [ 381068.227656612521969, 5550409.589096522890031, 228.0 ], [ 381074.717972645827103, 5550427.909294965676963, 229.0 ], [ 381097.436558273155242, 5550480.906660961918533, 233.0 ], [ 381098.015756836161017, 5550506.922350821085274, 238.0 ], [ 381126.407165751268622, 5550541.551275797188282, 246.0 ], [ 381147.24705651513068, 5550580.908954592421651, 254.0 ], [ 381152.333985833451152, 5550603.709796860814095, 257.0 ], [ 381161.970651817915495, 5550621.960069260559976, 260.0 ], [ 381182.297969782492146, 5550638.303995543159544, 263.0 ], [ 381281.684577397536486, 5550689.708087025210261, 276.0 ], [ 381300.543987886921968, 5550707.642337932251394, 279.0 ], [ 381330.266795475326944, 5550731.453060897067189, 283.0 ], [ 381372.525024193106219, 5550768.778370507061481, 288.0 ], [ 381406.003847779124044, 5550823.206388951279223, 291.0 ], [ 381432.88494637113763, 5550860.873656617477536, 296.0 ], [ 381436.708069479383994, 5550894.492394121363759, 299.0 ], [ 381437.216575044672936, 5550917.395118579268456, 302.0 ], [ 381451.63108601863496, 5550944.660896929912269, 304.0 ], [ 381479.850134128471836, 5550968.505770849063993, 305.0 ], [ 381517.010776698356494, 5551008.392400849610567, 306.0 ], [ 381522.963469808048103, 5550976.781374753452837, 306.0 ], [ 381522.282651048910338, 5550946.096165372058749, 306.0 ], [ 381523.041964643227402, 5550909.372422469779849, 306.0 ], [ 381516.519176998117473, 5550892.7209601867944, 306.0 ], [ 381511.535157243954018, 5550874.478099137544632, 307.0 ], [ 381488.207816216861829, 5550793.79564243927598, 308.0 ], [ 381475.43560156278545, 5550769.607838476076722, 308.0 ], [ 381418.419939716230147, 5550692.787977213039994, 309.0 ], [ 381405.471975485095754, 5550663.932437577284873, 310.0 ], [ 381389.658367590105627, 5550641.369621786288917, 311.0 ], [ 381347.127599507570267, 5550591.814566441811621, 311.0 ], [ 381345.112020450818818, 5550571.948624475859106, 311.0 ], [ 381310.741976014804095, 5550545.126545375213027, 308.0 ], [ 381261.016831443062983, 5550468.146198254078627, 304.0 ], [ 381256.650961607461795, 5550406.953808706253767, 304.0 ], [ 381264.172017239325214, 5550333.261509313248098, 312.0 ], [ 381304.830434213043191, 5550366.06140411645174, 318.0 ], [ 381365.040951350994874, 5550312.666581993922591, 322.0 ], [ 381384.122600743139628, 5550202.010870520025492, 317.0 ], [ 381420.345651494222693, 5550173.620787380263209, 309.0 ], [ 381191.232641206879634, 5549814.312554067000747, 315.0 ], [ 381287.87671944021713, 5549741.64224583376199, 316.0 ], [ 381274.271639356506057, 5549818.584135076031089, 305.0 ], [ 381402.963423747045454, 5549806.493103051558137, 287.0 ], [ 381343.305850082833786, 5549746.528570357710123, 307.0 ], [ 381366.549607480119448, 5549687.837514840066433, 305.0 ], [ 381430.951431678840891, 5549545.586930197663605, 304.0 ], [ 381467.823185908608139, 5549530.08598381280899, 304.0 ], [ 381483.237431207788177, 5549534.527014644816518, 304.0 ], [ 381531.697865795227699, 5549518.769442489370704, 300.0 ], [ 381516.702686731121503, 5549546.131546216085553, 297.0 ], [ 381456.442111844429746, 5549584.842588105238974, 288.0 ], [ 381493.276592513022479, 5549587.028648538514972, 284.0 ], [ 381453.146946606051642, 5549649.208280002698302, 276.0 ], [ 381447.851262240495998, 5549675.020583813078701, 273.0 ], [ 381446.719256254378706, 5549701.40788896009326, 269.0 ], [ 381494.159391613153275, 5549668.765168284066021, 265.0 ], [ 381544.118201871868223, 5549662.540439216420054, 262.0 ] ] ] } },
{ "type": "Feature", "properties": { "name": "Saar-Hunsrück-Steig - 19. Etappe: Blankenrath - Mittelstrimmig - Altstrimmig - Mörsdorf", "km": 13.323, "darstell": "F1", "datum": null, "height": 251, "link": "https://www.saar-hunsrueck-steig.de/tour/saar-hunsrueck-steig-19.-etappe-blankenrath-mittelstrimmig-altstrimmig-moersdorf-e0d82bbb62" }, "geometry": { "type": "MultiLineString", "coordinates": [ [ [ 378244.976525632489938, 5544396.328536592423916, 399.0 ], [ 378252.994505874754395, 5544402.37523172609508, 398.0 ], [ 378289.033320082642604, 5544503.334827623330057, 392.0 ], [ 378290.985200163850095, 5544510.409429314546287, 392.0 ], [ 378283.975997516070493, 5544520.357484892942011, 392.0 ], [ 378302.028801588807255, 5544583.350450048223138, 394.0 ], [ 378289.991541136812884, 5544586.405097358860075, 394.0 ], [ 378247.027977539517451, 5544590.385856703855097, 394.0 ], [ 378188.008600151748396, 5544603.408741808496416, 394.0 ], [ 378161.039191820658743, 5544611.364253895357251, 394.0 ], [ 378105.986763775639702, 5544622.406745051965117, 393.0 ], [ 378086.97983285569353, 5544621.393723803572357, 393.0 ], [ 378057.009829251386691, 5544623.411470697261393, 393.0 ], [ 378014.990778523962945, 5544637.383697636425495, 393.0 ], [ 377985.981563135399483, 5544656.398839592002332, 396.0 ], [ 377974.030222071509343, 5544666.348798621445894, 397.0 ], [ 377963.023417156713549, 5544711.427392107434571, 402.0 ], [ 377942.01042421197053, 5544732.373881415463984, 405.0 ], [ 377941.018388422613498, 5544745.41096905618906, 407.0 ], [ 377921.041221116436645, 5544780.349492321722209, 411.0 ], [ 377920.010889277269598, 5544807.403033670037985, 415.0 ], [ 377925.009711546008475, 5544822.416897694580257, 417.0 ], [ 377942.972667432564776, 5544837.357470364309847, 421.0 ], [ 377949.995820383424871, 5544856.329623123630881, 425.0 ], [ 377954.03156977519393, 5544879.374377702362835, 429.0 ], [ 377968.973781915556174, 5544884.372814876027405, 431.0 ], [ 377981.020476412784774, 5544894.331653036177158, 432.0 ], [ 377991.98689618561184, 5544910.321823379956186, 433.0 ], [ 378000.984756352496333, 5544937.369133831933141, 434.0 ], [ 378007.987927066860721, 5544952.337360688485205, 435.0 ], [ 378020.036935373733286, 5544962.407460943795741, 436.0 ], [ 378027.021063740889076, 5544995.396157965995371, 436.0 ], [ 378022.010750890010968, 5545014.420279275625944, 436.0 ], [ 378020.007447526790202, 5545033.375846936367452, 436.0 ], [ 378010.991686647292227, 5545046.373400680720806, 436.0 ], [ 378008.971919756033458, 5545058.321565910242498, 435.0 ], [ 377919.037025645608082, 5545116.324113918468356, 428.0 ], [ 377905.989597195759416, 5545128.412750147283077, 428.0 ], [ 377856.032251328229904, 5545271.377514776773751, 424.0 ], [ 377839.036729213781655, 5545336.393044648692012, 422.0 ], [ 377823.026905487291515, 5545347.325981659814715, 421.0 ], [ 377786.006962664774619, 5545382.320728010497987, 419.0 ], [ 377728.009623786376324, 5545433.368092532269657, 418.0 ], [ 377722.030412295483984, 5545444.40579345356673, 417.0 ], [ 377711.005260836507659, 5545485.369833596050739, 415.0 ], [ 377678.011873713927343, 5545555.423622318543494, 411.0 ], [ 377658.042663342203014, 5545587.359830118715763, 408.0 ], [ 377653.011445203621406, 5545605.383750733919442, 407.0 ], [ 377643.018272848275956, 5545619.405480450950563, 405.0 ], [ 377625.0252627650043, 5545634.388891784474254, 400.0 ], [ 377622.033156037330627, 5545641.3539227116853, 398.0 ], [ 377608.011667807586491, 5545648.348841363564134, 395.0 ], [ 377597.008069730596617, 5545646.37592747528106, 393.0 ], [ 377588.017555139143951, 5545635.346920298412442, 390.0 ], [ 377575.988808688533027, 5545632.396392674185336, 388.0 ], [ 377560.993795566610061, 5545634.408135305158794, 385.0 ], [ 377552.000255572027527, 5545651.410514771938324, 385.0 ], [ 377570.032993569155224, 5545716.404013242572546, 384.0 ], [ 377603.990811117459089, 5545754.336689778603613, 381.0 ], [ 377640.997255493653938, 5545778.406668990850449, 378.0 ], [ 377690.034357090014964, 5545824.337553090415895, 372.0 ], [ 377720.975279709382448, 5545871.349949474446476, 366.0 ], [ 377725.008568353310693, 5545897.397983465343714, 364.0 ], [ 377698.977238471270539, 5545883.421360243111849, 361.0 ], [ 377674.03654389543226, 5545876.427726747468114, 359.0 ], [ 377649.992257837904617, 5545855.398075784556568, 355.0 ], [ 377628.032079074298963, 5545850.338703474961221, 352.0 ], [ 377626.007747943338472, 5545846.380553641356528, 352.0 ], [ 377633.990232208569068, 5545860.324787028133869, 349.0 ], [ 377634.974947959242854, 5545878.322351053357124, 347.0 ], [ 377624.99946382449707, 5545899.351552415639162, 345.0 ], [ 377594.034375162911601, 5545926.422861241735518, 343.0 ], [ 377554.973186747985892, 5545978.373923486098647, 343.0 ], [ 377540.025076110381633, 5546007.41485305223614, 347.0 ], [ 377537.02761900133919, 5546020.38677407708019, 348.0 ], [ 377539.031898616754916, 5546020.340881778858602, 348.0 ], [ 377543.023041620966978, 5546041.38419434055686, 350.0 ], [ 377540.0170544302091, 5546063.366365514695644, 354.0 ], [ 377541.978460344369523, 5546083.343800702132285, 358.0 ], [ 377540.0286979751545, 5546101.408556159585714, 361.0 ], [ 377541.019564595306292, 5546138.427210095338523, 369.0 ], [ 377549.995448628440499, 5546161.358626808039844, 373.0 ], [ 377558.00888021098217, 5546170.407684030942619, 375.0 ], [ 377569.990636491216719, 5546171.356968722306192, 377.0 ], [ 377579.011862256447785, 5546174.376281902194023, 379.0 ], [ 377583.011375108966604, 5546186.409373166970909, 381.0 ], [ 377595.983694944647141, 5546199.349445598199964, 384.0 ], [ 377628.979169964615721, 5546220.39646013174206, 389.0 ], [ 377640.983386931591667, 5546247.374422478489578, 391.0 ], [ 377658.996399296796881, 5546305.360801083035767, 395.0 ], [ 377664.974018989130855, 5546319.350926913321018, 398.0 ], [ 377697.010999348363839, 5546414.391650337725878, 411.0 ], [ 377720.992058050702326, 5546470.350720562040806, 415.0 ], [ 377720.99438896618085, 5546492.375234036706388, 416.0 ], [ 377714.982473702169955, 5546489.398122821003199, 416.0 ], [ 377709.980840949690901, 5546502.415782850235701, 416.0 ], [ 377706.015868307615165, 5546504.397455814294517, 416.0 ], [ 377696.977740469796117, 5546519.39844195637852, 416.0 ], [ 377684.028823610569816, 5546554.400003868155181, 417.0 ], [ 377672.00508590816753, 5546570.359214324504137, 418.0 ], [ 377670.038082555751316, 5546581.416501328349113, 418.0 ], [ 377670.979817981249653, 5546594.409481575712562, 418.0 ], [ 377683.031783493875992, 5546620.385305337607861, 418.0 ], [ 377706.978229008847848, 5546640.416114710271358, 418.0 ], [ 377732.00689462426817, 5546651.412227235734463, 418.0 ], [ 377758.008699104771949, 5546667.391789871267974, 420.0 ], [ 377778.971899749652948, 5546685.377635939978063, 421.0 ], [ 377724.994761925074272, 5546717.42381876707077, 423.0 ], [ 377692.998012223455589, 5546752.416052309796214, 424.0 ], [ 377677.024158902117051, 5546780.367802786640823, 425.0 ], [ 377669.998947998159565, 5546789.427343894727528, 425.0 ], [ 377619.994263873901218, 5546810.371477773413062, 427.0 ], [ 377537.997458295081742, 5546866.420456745661795, 429.0 ], [ 377488.025882176007144, 5546904.384140163660049, 430.0 ], [ 377436.977898295619525, 5546995.321096178144217, 431.0 ], [ 377430.039631347346585, 5547014.390186205506325, 431.0 ], [ 377424.986265358747914, 5547056.330594507977366, 430.0 ], [ 377389.035835913557094, 5547293.419295324012637, 421.0 ], [ 377388.00418919173535, 5547323.365335399284959, 420.0 ], [ 377403.996707220154349, 5547449.362234125845134, 419.0 ], [ 377798.972090423339978, 5547441.320124138146639, 413.0 ], [ 377801.020697447005659, 5547850.396892986260355, 380.0 ], [ 377796.97930682299193, 5547858.386998529545963, 379.0 ], [ 377814.022678519366309, 5547877.352333543822169, 376.0 ], [ 377830.006618144863751, 5547906.353116601705551, 373.0 ], [ 377835.000393262656871, 5547924.370344839990139, 374.0 ], [ 377833.991013957653195, 5548002.369415326975286, 385.0 ], [ 377827.041773016797379, 5548008.42372923437506, 387.0 ], [ 377834.016797756718006, 5548119.388464123941958, 398.0 ], [ 377821.033981166547164, 5548168.406345044262707, 398.0 ], [ 377836.974309170152992, 5548192.402531336061656, 398.0 ], [ 377848.987686281267088, 5548229.391817913390696, 399.0 ], [ 377818.013231617689598, 5548252.346920880489051, 400.0 ], [ 377683.010984363674652, 5548359.328940301202238, 395.0 ], [ 377632.030967040685937, 5548396.425073563121259, 392.0 ], [ 377348.024599259137176, 5548573.348845043219626, 399.0 ], [ 377349.998742041934747, 5548606.340595384128392, 399.0 ], [ 377347.994540616753511, 5548634.418040595017374, 400.0 ], [ 377343.039495979435742, 5548649.32614532392472, 400.0 ], [ 377272.985550839570351, 5548647.374988786876202, 400.0 ], [ 377279.025676852033939, 5548670.373354962095618, 400.0 ], [ 377106.986014101887122, 5548697.352880042977631, 404.0 ], [ 377143.980787971406244, 5548768.360737389884889, 405.0 ], [ 377162.020414935890585, 5548796.422456303611398, 405.0 ], [ 377226.008428255270701, 5548911.416033279150724, 405.0 ], [ 377099.032050800567959, 5549011.332966175861657, 406.0 ], [ 377146.007674981548917, 5549099.352832419797778, 403.0 ], [ 377184.987338682753034, 5549188.335508993826807, 403.0 ], [ 377205.986649064812809, 5549211.323675291612744, 404.0 ], [ 377214.00410072109662, 5549211.361891968175769, 404.0 ], [ 377227.034381548990496, 5549208.39279158692807, 405.0 ], [ 377245.011126416036859, 5549196.411187829449773, 405.0 ], [ 377258.041484241315629, 5549190.327553156763315, 406.0 ], [ 377382.986723558919039, 5549195.356443971395493, 402.0 ], [ 377540.02952616737457, 5549242.367041574791074, 396.0 ], [ 377560.041564064682461, 5549375.391426571644843, 390.0 ], [ 377680.993840520153753, 5549531.354340300895274, 364.0 ], [ 377736.003632356005255, 5549586.380415079183877, 357.0 ], [ 377784.983821876056027, 5549609.397826997563243, 352.0 ], [ 377945.996374469599687, 5549771.346588305197656, 341.0 ], [ 377946.972002184193116, 5549773.326538509689271, 341.0 ], [ 377939.979337045224383, 5549777.379558922722936, 341.0 ], [ 377914.003797931654844, 5549774.41360479965806, 340.0 ], [ 377913.008056750055403, 5549790.343061653897166, 339.0 ], [ 377919.997365315270144, 5549792.40804241783917, 339.0 ], [ 378006.006742656929418, 5549854.403614965267479, 334.0 ], [ 378057.977333553077187, 5549911.393188608810306, 328.0 ], [ 378065.008352470700629, 5549940.376406592316926, 327.0 ], [ 378085.981175425113179, 5549959.36392099224031, 325.0 ], [ 378096.010991462389939, 5549972.372047200798988, 324.0 ], [ 378084.003416724037379, 5549979.32022600248456, 324.0 ], [ 378077.024738094827626, 5549993.383957243524492, 324.0 ], [ 378091.986443979723845, 5550012.397461176849902, 324.0 ], [ 378110.023732363304589, 5550031.340819774195552, 324.0 ], [ 378125.017159023089334, 5550042.344725722447038, 324.0 ], [ 378135.00716085737804, 5550047.344867034815252, 323.0 ], [ 378143.02634544391185, 5550044.381028744392097, 323.0 ], [ 378161.035515844647307, 5550046.417392259463668, 322.0 ], [ 378195.991952960321214, 5550060.414473066106439, 319.0 ], [ 378212.006223963864613, 5550075.39981194306165, 318.0 ], [ 378234.014571532956325, 5550083.351949129253626, 316.0 ], [ 378250.028666874859482, 5550098.337399704381824, 315.0 ], [ 378266.984392694896087, 5550104.40259944088757, 313.0 ], [ 378298.035863761906512, 5550110.369135840795934, 311.0 ], [ 378315.02370943693677, 5550108.424803540110588, 309.0 ], [ 378339.014857192523777, 5550112.327717314474285, 306.0 ], [ 378357.036995251080953, 5550124.375617510639131, 302.0 ], [ 378382.031932888319716, 5550128.367095760069788, 298.0 ], [ 378421.983768116333522, 5550154.376524158753455, 291.0 ], [ 378435.981243431684561, 5550159.397229041904211, 289.0 ], [ 378445.03767367725959, 5550167.422531791962683, 288.0 ], [ 378458.980585451994557, 5550176.337772086262703, 285.0 ], [ 378503.992982802505139, 5550198.339400603435934, 280.0 ], [ 378553.972044861176983, 5550215.334111857227981, 277.0 ], [ 378575.006475256581325, 5550221.41875858977437, 276.0 ], [ 378593.03504965081811, 5550224.345988800749183, 276.0 ], [ 378598.992941019299906, 5550272.375409674830735, 280.0 ], [ 378595.004208551486954, 5550298.383877890184522, 281.0 ], [ 378606.043051347602159, 5550324.38447988871485, 283.0 ], [ 378609.011106205871329, 5550335.329306622967124, 283.0 ], [ 378570.007170636148658, 5550360.353985055349767, 283.0 ], [ 378567.997976310492959, 5550366.406369210220873, 283.0 ], [ 378572.977812237630133, 5550371.409970968961716, 283.0 ], [ 378624.041106211661827, 5550376.367218839935958, 284.0 ], [ 378632.989395884040277, 5550395.407560465857387, 284.0 ], [ 378659.003018092480488, 5550425.406163302250206, 284.0 ], [ 378692.971162050147541, 5550443.322040834464133, 280.0 ], [ 378755.009212552104145, 5550468.387274690903723, 272.0 ], [ 378787.994938816293143, 5550471.420534497126937, 271.0 ], [ 378817.993487467116211, 5550478.415002227760851, 269.0 ], [ 378847.007402798510157, 5550489.325198091566563, 268.0 ], [ 378871.98643750831252, 5550505.332633612677455, 265.0 ], [ 378889.010190681787208, 5550533.42272481508553, 263.0 ], [ 378901.016890696540941, 5550545.386311965994537, 261.0 ], [ 378948.00780446146382, 5550604.387890929356217, 257.0 ], [ 378994.003445804701187, 5550657.405712215229869, 254.0 ], [ 379037.031701118510682, 5550737.409967927262187, 252.0 ], [ 379056.023541076341644, 5550811.395991700701416, 248.0 ], [ 379055.040390072390437, 5550834.332657302729785, 247.0 ], [ 379115.029317632783204, 5550949.326067510992289, 239.0 ], [ 379157.036966463085264, 5551022.346475737169385, 233.0 ], [ 379157.977281765837688, 5551073.382018941454589, 230.0 ], [ 379154.009328985877801, 5551100.390668474137783, 229.0 ], [ 379168.026023557526059, 5551144.344961802475154, 226.0 ], [ 379187.986617454618681, 5551185.38392401766032, 222.0 ], [ 379212.0194629203761, 5551229.334171374328434, 215.0 ], [ 379234.974552110012155, 5551279.426810269244015, 208.0 ], [ 379284.029499157797545, 5551338.384344326332211, 206.0 ], [ 379305.010202818259131, 5551323.338267439045012, 206.0 ], [ 379329.017821207700763, 5551293.429636375978589, 208.0 ], [ 379333.991273585357703, 5551263.395072764717042, 209.0 ], [ 379334.020087862154469, 5551220.346551964059472, 210.0 ], [ 379336.035389217198826, 5551192.381074903532863, 211.0 ], [ 379335.022085973294452, 5551163.371693110093474, 212.0 ], [ 379337.978133721742779, 5551126.37494436930865, 214.0 ], [ 379344.983021037536673, 5551094.403512090444565, 216.0 ], [ 379358.979926937026903, 5551058.380902349948883, 218.0 ], [ 379398.984876741538756, 5550976.387117199599743, 220.0 ], [ 379419.986028338549659, 5550946.324423843994737, 221.0 ], [ 379473.008779570751358, 5550908.419964167289436, 221.0 ], [ 379495.011849861301016, 5550878.334981636144221, 221.0 ], [ 379512.994963927427307, 5550879.375250749289989, 222.0 ], [ 379530.985456033842638, 5550893.429859583266079, 222.0 ], [ 379562.979162516479846, 5550903.386707996018231, 223.0 ], [ 379589.971812041127123, 5550907.338608853518963, 221.0 ], [ 379626.020299431635067, 5550919.429089074954391, 218.0 ], [ 379661.00955845147837, 5550935.325649103149772, 215.0 ], [ 379685.024748645897489, 5550937.342900361865759, 216.0 ], [ 379693.016908514255192, 5550936.384193212725222, 217.0 ], [ 379721.009956957539544, 5550924.407682737335563, 219.0 ], [ 379732.985380279016681, 5550903.337121339514852, 221.0 ], [ 379746.984025473531801, 5550870.430182512849569, 219.0 ], [ 379819.979536006576382, 5550807.385539933107793, 213.0 ], [ 379829.019462222699076, 5550789.384612881578505, 213.0 ], [ 379855.027123577310704, 5550781.346726204268634, 213.0 ], [ 379867.009909057524055, 5550757.384245402179658, 213.0 ], [ 379872.036057052144315, 5550726.348050558008254, 213.0 ], [ 379873.986986417497974, 5550695.381037263199687, 214.0 ], [ 379877.017243584385142, 5550677.404158551245928, 215.0 ], [ 379875.971425111638382, 5550621.36561475507915, 218.0 ], [ 379876.988695032254327, 5550593.42293593659997, 219.0 ], [ 379880.039059238333721, 5550560.428989654406905, 221.0 ], [ 379888.996766753843985, 5550497.380182825028896, 229.0 ], [ 379895.016646279604174, 5550472.328336621634662, 233.0 ], [ 379910.034967913525179, 5550427.385706670582294, 235.0 ], [ 379922.989633023564238, 5550408.407090769149363, 235.0 ], [ 379950.002421576180495, 5550381.326109253801405, 235.0 ], [ 379991.03581476159161, 5550360.381798724643886, 238.0 ], [ 380007.023533607309218, 5550355.350751988589764, 240.0 ], [ 380052.974387354566716, 5550349.424290650524199, 242.0 ], [ 380095.97962857875973, 5550349.348525523208082, 237.0 ], [ 380111.019349864916876, 5550340.334652777761221, 235.0 ], [ 380132.018835601396859, 5550335.413957734592259, 232.0 ], [ 380133.979942934587598, 5550365.403124830685556, 232.0 ], [ 380131.001803240738809, 5550379.374214657582343, 234.0 ], [ 380133.041042271186598, 5550387.337295729666948, 235.0 ], [ 380179.982684046379291, 5550438.341479319147766, 242.0 ], [ 380190.993648257688619, 5550444.323563960380852, 242.0 ], [ 380210.972209006547928, 5550451.328101126477122, 243.0 ], [ 380342.008939045481384, 5550490.325834793969989, 248.0 ], [ 380400.007938905968331, 5550514.388000218197703, 253.0 ], [ 380413.009757507999893, 5550513.429447989910841, 254.0 ], [ 380435.029175881762058, 5550493.35929281078279, 257.0 ], [ 380452.006896700768266, 5550481.41091874986887, 258.0 ], [ 380528.034020376973785, 5550441.334022331982851, 255.0 ], [ 380568.993115705437958, 5550423.399184815585613, 256.0 ], [ 380591.970379269798286, 5550417.323736215941608, 258.0 ], [ 380633.019111953035463, 5550387.374170592986047, 261.0 ], [ 380669.975662396638654, 5550366.415053578093648, 264.0 ], [ 380684.032773473998532, 5550345.41155619546771, 265.0 ], [ 380696.978905100957491, 5550332.330498985946178, 266.0 ], [ 380713.005563796730712, 5550319.403140863403678, 266.0 ], [ 380724.977245934482198, 5550320.359345029108226, 265.0 ], [ 380727.992678892740514, 5550314.396628467366099, 265.0 ], [ 380748.033616702596191, 5550311.390753808431327, 265.0 ], [ 380763.020783771178685, 5550306.384340594522655, 264.0 ], [ 380778.025795738736633, 5550305.381977556273341, 264.0 ], [ 380797.999793789524119, 5550299.374483184888959, 262.0 ], [ 380823.99752974009607, 5550300.351593161001801, 258.0 ], [ 380859.016228969790973, 5550314.364370220340788, 253.0 ], [ 380876.009621845965739, 5550338.34544522035867, 252.0 ], [ 380884.020569308660924, 5550341.392545196227729, 253.0 ], [ 380899.977602418046445, 5550341.370389819145203, 256.0 ], [ 380925.018393909034785, 5550344.371522745117545, 260.0 ], [ 380939.978701306332368, 5550341.368407401256263, 262.0 ], [ 380947.99421557347523, 5550341.412199252285063, 263.0 ], [ 380950.985097786528058, 5550334.337830898351967, 265.0 ], [ 380952.016581979230978, 5550316.406270002946258, 266.0 ], [ 380955.998221252695657, 5550302.413354883901775, 266.0 ], [ 380958.985314917110372, 5550282.324776574037969, 266.0 ], [ 380988.03089214314241, 5550227.395635878667235, 264.0 ], [ 380997.017256618128158, 5550216.405778917483985, 262.0 ], [ 381004.972896624647547, 5550207.32986767962575, 260.0 ], [ 381046.024430063785985, 5550193.401157579384744, 253.0 ], [ 381087.016253134701401, 5550170.352976688183844, 248.0 ], [ 381103.996421189047396, 5550158.406718915328383, 248.0 ], [ 381116.982906799006741, 5550137.428284257650375, 247.0 ], [ 381118.036934754520189, 5550149.418008593842387, 247.0 ], [ 381125.018510004563723, 5550138.361771257594228, 247.0 ], [ 381126.988599376985803, 5550130.420370139181614, 247.0 ] ] ] } },
{ "type": "Feature", "properties": { "name": "Saar-Hunsrück-Steig - 20. Etappe: Mörsdorf - Bell - Kastellaun", "km": 14.679, "darstell": "F2", "datum": null, "height": 403, "link": "https://www.saar-hunsrueck-steig.de/tour/saar-hunsrueck-steig-20.-etappe-moersdorf-bell-kastellaun-20841ea2df" }, "geometry": { "type": "MultiLineString", "coordinates": [ [ [ 381126.988599376985803, 5550130.420370139181614, 247.0 ], [ 381124.027907113544643, 5550116.359648792073131, 247.0 ], [ 381114.989730314468034, 5550099.319665499031544, 248.0 ], [ 381106.043062929355074, 5550086.393286704085767, 248.0 ], [ 381098.983018970058765, 5550071.42272718809545, 249.0 ], [ 381107.010583352879621, 5550062.345383645966649, 250.0 ], [ 381120.999465788539965, 5550086.394092801027, 250.0 ], [ 381132.04171880724607, 5550087.371910571120679, 248.0 ], [ 381142.998252161545679, 5550097.361544108018279, 246.0 ], [ 381147.998086296080146, 5550103.368112868629396, 245.0 ], [ 381152.028278971789405, 5550104.390769062563777, 244.0 ], [ 381154.98784288240131, 5550102.322721402160823, 243.0 ], [ 381163.978062616311945, 5550104.347359977662563, 242.0 ], [ 381167.981247012212407, 5550107.37282545119524, 241.0 ], [ 381177.995074257079978, 5550110.375812628306448, 240.0 ], [ 381187.004285512666684, 5550100.386889178305864, 238.0 ], [ 381189.011769048753195, 5550097.33894094824791, 237.0 ], [ 381200.97356242389651, 5550091.399993110448122, 236.0 ], [ 381199.009657827729825, 5550080.320362052880228, 237.0 ], [ 381202.008269757032394, 5550070.353922631591558, 237.0 ], [ 381208.011008831614163, 5550060.320673702284694, 238.0 ], [ 381212.028506930568255, 5550054.33597313053906, 239.0 ], [ 381218.038529917481355, 5550041.410514843650162, 240.0 ], [ 381230.029819579969626, 5550030.354261044412851, 241.0 ], [ 381235.021713156718761, 5550026.350109191611409, 242.0 ], [ 381243.025010223966092, 5550019.386949576437473, 243.0 ], [ 381248.973813502117991, 5550013.359341788105667, 243.0 ], [ 381260.013132864143699, 5550001.323227050714195, 243.0 ], [ 381267.019919284852222, 5549991.378966239280999, 243.0 ], [ 381293.972923890047241, 5549977.320722845382988, 243.0 ], [ 381312.004852228797972, 5549964.350699967704713, 243.0 ], [ 381332.999054764048196, 5549949.423971435986459, 243.0 ], [ 381358.018377023458015, 5549922.394768363796175, 244.0 ], [ 381381.989982691768091, 5549909.404308148659766, 245.0 ], [ 381405.019594437500928, 5549902.330218289978802, 246.0 ], [ 381425.994715153239667, 5549899.417451881803572, 245.0 ], [ 381440.036572474637069, 5549903.332622032612562, 244.0 ], [ 381454.009346803126391, 5549907.360594316385686, 243.0 ], [ 381470.98629530594917, 5549911.321940556168556, 241.0 ], [ 381478.037994436628651, 5549903.379171835258603, 241.0 ], [ 381479.009767248993739, 5549892.34555740095675, 240.0 ], [ 381478.037914515589364, 5549874.347398389130831, 239.0 ], [ 381470.983608160691801, 5549856.372967439703643, 242.0 ], [ 381469.982090740464628, 5549827.363415732048452, 248.0 ], [ 381469.007697149878368, 5549796.351072187535465, 253.0 ], [ 381470.041127066244371, 5549778.41965392511338, 257.0 ], [ 381472.988645699457265, 5549769.344393374398351, 257.0 ], [ 381482.013796884391923, 5549750.345802523195744, 258.0 ], [ 381488.017455749679357, 5549727.409879418089986, 259.0 ], [ 381498.026921865181066, 5549704.385103889741004, 260.0 ], [ 381500.999197621073108, 5549696.421642067842185, 260.0 ], [ 381510.029463415383361, 5549687.322714172303677, 261.0 ], [ 381522.019678899960127, 5549679.381716104224324, 261.0 ], [ 381534.00250052975025, 5549674.332962361164391, 262.0 ], [ 381542.028912104724441, 5549668.370871189981699, 263.0 ], [ 381547.021382445003837, 5549664.367021780461073, 263.0 ], [ 381551.017388348700479, 5549657.38198717776686, 264.0 ], [ 381553.98977221804671, 5549649.418556998483837, 264.0 ], [ 381561.039494296186604, 5549641.364729992114007, 265.0 ], [ 381567.988019747193903, 5549638.429862537421286, 265.0 ], [ 381575.032789554272313, 5549633.379448976367712, 266.0 ], [ 381586.014310888189357, 5549628.353014812804759, 266.0 ], [ 381599.033402005268726, 5549618.38720484264195, 266.0 ], [ 381612.025357599894051, 5549610.424218459054828, 266.0 ], [ 381628.011682609678246, 5549608.401480444706976, 266.0 ], [ 381647.989165475359187, 5549602.397225041873753, 265.0 ], [ 381658.003617653623223, 5549605.401120075955987, 265.0 ], [ 381667.026684346375987, 5549602.420429865829647, 265.0 ], [ 381686.994124011544045, 5549602.423107569105923, 265.0 ], [ 381696.996508477604948, 5549598.419686396606266, 266.0 ], [ 381709.974164623883553, 5549583.338374732062221, 267.0 ], [ 381718.016116394777782, 5549568.366375799290836, 268.0 ], [ 381732.019985752587672, 5549554.37472833879292, 270.0 ], [ 381743.993758866097778, 5549542.43024437315762, 271.0 ], [ 381748.026864297105931, 5549540.338783698156476, 271.0 ], [ 381766.981110441614874, 5549533.356544404290617, 270.0 ], [ 381779.973514826444443, 5549525.393974383361638, 268.0 ], [ 381793.02991669025505, 5549520.322067460976541, 267.0 ], [ 381799.004504086275119, 5549515.406875665299594, 266.0 ], [ 381798.992601589241531, 5549508.399489441886544, 266.0 ], [ 381804.998780213296413, 5549511.381115625612438, 265.0 ], [ 381809.991591737489216, 5549507.377518123947084, 265.0 ], [ 381816.013148271886166, 5549501.348982283845544, 264.0 ], [ 381822.020175358222332, 5549491.42763730045408, 263.0 ], [ 381824.98547124437755, 5549486.356580588035285, 263.0 ], [ 381827.028422875679098, 5549478.413882616907358, 263.0 ], [ 381832.983636704389937, 5549469.383558145724237, 264.0 ], [ 381834.98502621462103, 5549456.325088666751981, 264.0 ], [ 381836.031663241330534, 5549445.401154885068536, 265.0 ], [ 381836.035239194403403, 5549429.383597260341048, 266.0 ], [ 381829.025921210006345, 5549413.409920638427138, 266.0 ], [ 381822.978927065385506, 5549392.409503301605582, 268.0 ], [ 381817.977657229697797, 5549373.388144377619028, 269.0 ], [ 381807.009154728555586, 5549356.389749387279153, 270.0 ], [ 381787.996367141022347, 5549341.349077346734703, 271.0 ], [ 381764.982547571649775, 5549323.393733644858003, 272.0 ], [ 381739.975053590547759, 5549312.379030488431454, 273.0 ], [ 381726.006079520040657, 5549305.346901867538691, 274.0 ], [ 381705.971072829212062, 5549302.342253644019365, 274.0 ], [ 381691.022668899619021, 5549296.332992801442742, 275.0 ], [ 381677.998069561086595, 5549296.398959215730429, 275.0 ], [ 381667.988114009902347, 5549290.391627436503768, 275.0 ], [ 381641.995864693191834, 5549283.403554320335388, 277.0 ], [ 381625.007551174785476, 5549269.319682440720499, 278.0 ], [ 381612.030161112954374, 5549255.369449560530484, 279.0 ], [ 381599.997738473350182, 5549232.388461370952427, 281.0 ], [ 381588.998944552149624, 5549204.379120741970837, 283.0 ], [ 381579.995254942972679, 5549195.346361899748445, 284.0 ], [ 381576.978487871761899, 5549188.405569688417017, 285.0 ], [ 381569.015645937877707, 5549184.355227325111628, 286.0 ], [ 381563.041144111135509, 5549176.367677519097924, 286.0 ], [ 381555.019185608020052, 5549166.423334572464228, 287.0 ], [ 381540.018627111508977, 5549148.40250470675528, 289.0 ], [ 381530.000993624445982, 5549132.384646281599998, 289.0 ], [ 381522.985433976049535, 5549119.414750538766384, 288.0 ], [ 381506.038508080644533, 5549081.415284854359925, 287.0 ], [ 381497.037106809148099, 5549056.365097385831177, 285.0 ], [ 381493.031023967079818, 5549040.325208816677332, 284.0 ], [ 381493.041074975510128, 5549021.415430292487144, 283.0 ], [ 381507.038621691812295, 5548997.412439032457769, 282.0 ], [ 381515.011967139085755, 5548979.327168763615191, 280.0 ], [ 381516.978182356106117, 5548974.389332408085465, 280.0 ], [ 381527.033259615593124, 5548982.397594030015171, 280.0 ], [ 381528.002678502118215, 5548987.381568759679794, 280.0 ], [ 381527.992710565275047, 5548993.388352600857615, 280.0 ], [ 381521.005782498628832, 5549033.364563797600567, 280.0 ], [ 381556.979970372398384, 5549064.379530834965408, 280.0 ], [ 381567.972008556011133, 5549082.378028851933777, 277.0 ], [ 381595.003296574926935, 5549110.365718441084027, 270.0 ], [ 381615.029036888852715, 5549119.376745097339153, 266.0 ], [ 381621.992958046554122, 5549120.334776744246483, 265.0 ], [ 381626.023776028712746, 5549121.357799019664526, 264.0 ], [ 381643.018643895047717, 5549103.406559933908284, 266.0 ], [ 381658.030220734362956, 5549086.389166940934956, 269.0 ], [ 381684.02469036373077, 5549064.34560864418745, 274.0 ], [ 381705.028641137352679, 5549046.417041474021971, 278.0 ], [ 381742.023483197437599, 5549023.35162363294512, 282.0 ], [ 381740.008412010967731, 5549016.388575919903815, 283.0 ], [ 381723.021340496547054, 5549015.318551610223949, 285.0 ], [ 381737.038702141144313, 5549008.334333205595613, 286.0 ], [ 381745.97425544494763, 5549001.35138644091785, 287.0 ], [ 381732.038600679021329, 5549002.327217321842909, 290.0 ], [ 381717.034930414811242, 5549000.323449752293527, 292.0 ], [ 381711.021250861813314, 5548987.33114243298769, 295.0 ], [ 381704.012873059487902, 5548984.371788315474987, 296.0 ], [ 381689.021145790582523, 5548989.37548135407269, 299.0 ], [ 381678.010962138767354, 5548996.404465866275132, 302.0 ], [ 381673.992089949198999, 5549002.388786487281322, 303.0 ], [ 381655.971111720486078, 5549006.347333619371057, 306.0 ], [ 381642.9901317441836, 5549008.414578722789884, 306.0 ], [ 381637.991906293318607, 5549015.421715066768229, 306.0 ], [ 381634.986738645879086, 5549028.391263797879219, 306.0 ], [ 381626.012072915385943, 5549030.36980398837477, 306.0 ], [ 381618.976496262941509, 5549029.413350452668965, 306.0 ], [ 381618.039403826289345, 5549019.42318, 306.0 ], [ 381612.012974053213838, 5549012.326584739610553, 306.0 ], [ 381607.034902195737232, 5549007.320185715332627, 306.0 ], [ 381618.032335938652977, 5549009.412404460832477, 306.0 ], [ 381626.989906682807487, 5549003.429858341813087, 307.0 ], [ 381637.008532506821211, 5548990.41617221198976, 310.0 ], [ 381650.009765752765816, 5548976.335350404493511, 314.0 ], [ 381663.008470030268654, 5548965.369130082428455, 317.0 ], [ 381672.015547698247246, 5548958.384475314989686, 319.0 ], [ 381676.027501828211825, 5548942.389381102286279, 323.0 ], [ 381670.035822867008392, 5548930.397720489650965, 325.0 ], [ 381656.990765783120878, 5548926.348553938791156, 325.0 ], [ 381650.028546528832521, 5548938.404637118801475, 324.0 ], [ 381637.014659521053545, 5548958.381060123443604, 324.0 ], [ 381631.009772712597623, 5548968.413779399357736, 323.0 ], [ 381627.038297529798001, 5548960.381783244200051, 323.0 ], [ 381639.020887343795039, 5548942.319131961092353, 322.0 ], [ 381644.989008845062926, 5548927.393006289377809, 322.0 ], [ 381654.016360403795261, 5548908.394760650582612, 322.0 ], [ 381661.015977671951987, 5548888.329115223139524, 322.0 ], [ 381689.01344413519837, 5548840.324095323681831, 323.0 ], [ 381694.010731238988228, 5548807.399869642220438, 325.0 ], [ 381697.992040979559533, 5548767.379267246462405, 328.0 ], [ 381698.981677202042192, 5548760.34971238579601, 329.0 ], [ 381701.033172101480886, 5548733.386039276607335, 330.0 ], [ 381723.029236101778224, 5548734.34515574388206, 331.0 ], [ 381724.04352160252165, 5548728.427386214956641, 332.0 ], [ 381737.029407140100375, 5548655.39396988786757, 336.0 ], [ 381783.012595898937434, 5548556.380803038366139, 344.0 ], [ 381792.979472249513492, 5548560.3871596660465, 344.0 ], [ 381822.995809858490247, 5548574.405961017124355, 345.0 ], [ 381846.99719559843652, 5548588.335446286015213, 346.0 ], [ 381849.977289764676243, 5548590.382972015067935, 347.0 ], [ 381879.018971373094246, 5548602.42144422326237, 348.0 ], [ 381892.012726843182463, 5548607.362165435217321, 348.0 ], [ 381903.098597765085287, 5548593.991754175163805, 349.0 ], [ 381901.978137389291078, 5548598.354574523866177, 349.0 ], [ 381926.992517950304318, 5548593.35253663174808, 350.0 ], [ 381939.018430294992868, 5548580.406363600865006, 350.0 ], [ 381944.001784683845472, 5548582.409683895297348, 350.0 ], [ 382001.041613221401349, 5548601.394150202162564, 350.0 ], [ 382091.983438131806906, 5548622.411887717433274, 348.0 ], [ 382101.988773974124342, 5548631.423404475674033, 348.0 ], [ 382109.972385354340076, 5548649.378109593875706, 347.0 ], [ 382113.029210154316388, 5548648.42081692814827, 347.0 ], [ 382145.040682793885935, 5548639.372319612652063, 343.0 ], [ 382173.985895403369796, 5548611.370940522290766, 339.0 ], [ 382170.005492408468854, 5548583.428223214112222, 337.0 ], [ 382153.031902584945783, 5548547.318384387530386, 336.0 ], [ 382150.042321009212174, 5548525.360361459665, 335.0 ], [ 382169.985052833391819, 5548501.33941394276917, 333.0 ], [ 382178.015172645624261, 5548521.406598811969161, 330.0 ], [ 382232.036514305102173, 5548546.355366855859756, 320.0 ], [ 382258.025999539822806, 5548556.349728245288134, 318.0 ], [ 382260.020120717061218, 5548536.3952666092664, 318.0 ], [ 382261.020977617066819, 5548510.344931164756417, 318.0 ], [ 382284.016452137264423, 5548514.398860849440098, 318.0 ], [ 382323.998142652504612, 5548532.427744186483324, 313.0 ], [ 382343.037129451404326, 5548545.35636835731566, 308.0 ], [ 382370.985779715119861, 5548566.320095739327371, 300.0 ], [ 382396.017202006885782, 5548565.324246105737984, 296.0 ], [ 382444.016286206431687, 5548544.357651017606258, 291.0 ], [ 382524.985704787541181, 5548538.350312239490449, 290.0 ], [ 382579.993198493728414, 5548546.373624712228775, 292.0 ], [ 382609.016504844359588, 5548567.426179905422032, 293.0 ], [ 382639.990855728159659, 5548589.325890442356467, 293.0 ], [ 382684.028048568638042, 5548632.406696618534625, 294.0 ], [ 382727.000263849680778, 5548669.39347280561924, 294.0 ], [ 382746.021478454582393, 5548678.319530815817416, 295.0 ], [ 382764.016603835392743, 5548676.367466061376035, 296.0 ], [ 382771.98490020405734, 5548677.41620493400842, 297.0 ], [ 382776.013355454488192, 5548678.32891748752445, 297.0 ], [ 382783.975946195190772, 5548682.381052666343749, 298.0 ], [ 382792.029577552864794, 5548687.321055267006159, 299.0 ], [ 382801.010002350609284, 5548695.355227759107947, 300.0 ], [ 382816.994610502850264, 5548683.325360483489931, 302.0 ], [ 382819.975200784858316, 5548672.359305117279291, 302.0 ], [ 382821.9923359133536, 5548666.419799478724599, 302.0 ], [ 382824.012760968878865, 5548657.365738584659994, 302.0 ], [ 382817.03801277599996, 5548649.398776247166097, 301.0 ], [ 382811.97394757065922, 5548627.374742468819022, 300.0 ], [ 382813.015610627073329, 5548606.329131653532386, 300.0 ], [ 382819.972813567961566, 5548587.378435950726271, 299.0 ], [ 382832.987250276899431, 5548557.394250701181591, 297.0 ], [ 382825.99045487260446, 5548548.426673118956387, 296.0 ], [ 382818.016258121700957, 5548550.381228755228221, 295.0 ], [ 382814.981206851953175, 5548552.338718219660223, 295.0 ], [ 382804.01258474518545, 5548561.36654794588685, 294.0 ], [ 382800.980892851308454, 5548550.421109619550407, 293.0 ], [ 382792.981732626329176, 5548515.336135944351554, 291.0 ], [ 382791.019282855617348, 5548481.342316835187376, 291.0 ], [ 382787.981819338048808, 5548473.400263600982726, 291.0 ], [ 382795.01395885576494, 5548451.333415678702295, 291.0 ], [ 382796.976762510254048, 5548436.385340571403503, 291.0 ], [ 382804.040506046556402, 5548435.340578184463084, 291.0 ], [ 382812.014872424304485, 5548433.386004560627043, 291.0 ], [ 382831.001045835902914, 5548437.418968202546239, 291.0 ], [ 382850.022874823655002, 5548446.345403202809393, 291.0 ], [ 382881.017699592048302, 5548446.33344126585871, 292.0 ], [ 382913.006261071714107, 5548439.403535873629153, 293.0 ], [ 382928.980327996541746, 5548433.380775517784059, 293.0 ], [ 382929.974149736342952, 5548400.323264886625111, 294.0 ], [ 382935.996144489385188, 5548384.396487323567271, 294.0 ], [ 382986.986409201752394, 5548372.379133120179176, 297.0 ], [ 383021.02270390256308, 5548367.407226049341261, 299.0 ], [ 383061.023510928847827, 5548350.403272003866732, 302.0 ], [ 383086.013808802352287, 5548334.395366221666336, 303.0 ], [ 383116.024474115227349, 5548289.357649712823331, 305.0 ], [ 383120.038871698139701, 5548227.425268940627575, 305.0 ], [ 383127.998758221161552, 5548195.327829272486269, 305.0 ], [ 383091.990543651452754, 5548136.384160542860627, 300.0 ], [ 383078.001906536577735, 5548102.31969737727195, 298.0 ], [ 383077.01782600604929, 5548093.331492144614458, 298.0 ], [ 383074.042036041966639, 5548078.380370011553168, 299.0 ], [ 383077.013440152746625, 5548060.407132415100932, 301.0 ], [ 383104.036462331539951, 5548042.352741222828627, 305.0 ], [ 383137.98333047691267, 5548023.368485854938626, 308.0 ], [ 383167.00861645641271, 5547995.371075484901667, 312.0 ], [ 383185.031877098372206, 5547968.392892356961966, 315.0 ], [ 383192.005201751191635, 5547930.421901000663638, 315.0 ], [ 383196.984584438090678, 5547886.37678402941674, 313.0 ], [ 383188.009825255488977, 5547852.424949403852224, 311.0 ], [ 383183.016234706505202, 5547807.374237298965454, 311.0 ], [ 383189.017413570021745, 5547777.321915086358786, 310.0 ], [ 383186.008035045058932, 5547767.37687851395458, 310.0 ], [ 383191.029352920479141, 5547738.347056246362627, 310.0 ], [ 383216.013074014452286, 5547715.332479525357485, 311.0 ], [ 383253.987976119620726, 5547700.376610962674022, 311.0 ], [ 383294.026222233835142, 5547691.382446793839335, 314.0 ], [ 383331.9977829810814, 5547666.416430152021348, 318.0 ], [ 383338.981327014626004, 5547658.366615059785545, 319.0 ], [ 383376.003679955028929, 5547619.406543962657452, 319.0 ], [ 383399.026321776735131, 5547598.326587030664086, 319.0 ], [ 383427.971599980664905, 5547576.338962391018867, 318.0 ], [ 383463.999463298299816, 5547534.39800363779068, 317.0 ], [ 383468.995391557051335, 5547530.396014933474362, 317.0 ], [ 383486.973071564745624, 5547514.320601016283035, 317.0 ], [ 383505.986447309318464, 5547506.342532735317945, 319.0 ], [ 383528.975563606247306, 5547503.394528605043888, 321.0 ], [ 383550.014524262514897, 5547496.373565787449479, 324.0 ], [ 383560.992814553319477, 5547484.343967546708882, 326.0 ], [ 383575.977742172661237, 5547462.327595191076398, 328.0 ], [ 383576.010821442236193, 5547424.397183883935213, 324.0 ], [ 383578.000600692583248, 5547351.386476468294859, 319.0 ], [ 383571.993131543509662, 5547348.402845423668623, 319.0 ], [ 383561.991350296884775, 5547349.399293128401041, 319.0 ], [ 383556.039816240780056, 5547342.410153889097273, 319.0 ], [ 383550.974989318638109, 5547333.399552471004426, 320.0 ], [ 383555.025246341479942, 5547325.413946364074945, 320.0 ], [ 383562.983492579951417, 5547319.34538038354367, 320.0 ], [ 383579.020814414601773, 5547319.32980527728796, 320.0 ], [ 383584.01083937252406, 5547318.331294407136738, 320.0 ], [ 383593.017003320972435, 5547314.353339307941496, 320.0 ], [ 383596.003275765920989, 5547313.398470478132367, 320.0 ], [ 383605.998920638579875, 5547315.405452091246843, 320.0 ], [ 383619.012624542694539, 5547311.340291659347713, 320.0 ], [ 383633.995193392038345, 5547302.338157334364951, 320.0 ], [ 383646.028179215616547, 5547289.395956878550351, 320.0 ], [ 383656.011481161229312, 5547274.385008412413299, 320.0 ], [ 383659.984138469561003, 5547269.404406734742224, 320.0 ], [ 383680.980874047556426, 5547237.358025015331805, 320.0 ], [ 383681.994684250093997, 5547221.429985394701362, 320.0 ], [ 383694.022572826826945, 5547198.366029291413724, 320.0 ], [ 383708.987139267730527, 5547175.349457299336791, 320.0 ], [ 383726.011242484964896, 5547138.384316871874034, 324.0 ], [ 383737.98635335866129, 5547096.412426474504173, 329.0 ], [ 383754.980463785876054, 5547061.338971460238099, 330.0 ], [ 383774.027410107955802, 5547038.345083273015916, 329.0 ], [ 383790.980121026048437, 5547024.406460055150092, 329.0 ], [ 383812.986087794066407, 5547012.360228373669088, 329.0 ], [ 383831.973647986946162, 5547006.386118546128273, 329.0 ], [ 383841.976105529465713, 5547005.390186781063676, 329.0 ], [ 383849.016488144232426, 5547016.360282531008124, 329.0 ], [ 383852.002970358415041, 5547015.405560290440917, 329.0 ], [ 383877.990031199646182, 5547028.411202275194228, 329.0 ], [ 383897.012258920352906, 5547027.330709999427199, 329.0 ], [ 383907.023638060607482, 5547033.342222313396633, 329.0 ], [ 383952.970797615242191, 5547009.320050046779215, 331.0 ], [ 383977.022020510979928, 5546979.322027653455734, 333.0 ], [ 383993.033822769182734, 5546948.386245957575738, 335.0 ], [ 384000.008123380946927, 5546923.319332607090473, 336.0 ], [ 384015.981529434095137, 5546910.403779277577996, 337.0 ], [ 384045.022083200223278, 5546912.33219685498625, 337.0 ], [ 384076.980028364923783, 5546913.41890655271709, 336.0 ], [ 384097.98730683902977, 5546911.406265718862414, 336.0 ], [ 384108.985423753969371, 5546913.392475545406342, 335.0 ], [ 384130.020909654325806, 5546909.377205175347626, 335.0 ], [ 384125.980342671507969, 5546901.344962308183312, 335.0 ], [ 384127.978008661069907, 5546894.405394969508052, 335.0 ], [ 384144.97324541566195, 5546849.322563986293972, 337.0 ], [ 384156.024060688389, 5546817.38251973874867, 339.0 ], [ 384181.976952132128645, 5546802.360375839285553, 340.0 ], [ 384204.036567346076481, 5546799.324303516186774, 342.0 ], [ 384246.980229270411655, 5546808.405181092210114, 344.0 ], [ 384261.00606403144775, 5546811.327235141769052, 345.0 ], [ 384285.022110531223007, 5546809.361449617892504, 346.0 ], [ 384312.002574793121312, 5546815.340198564343154, 347.0 ], [ 384336.020354769309051, 5546823.385310252197087, 348.0 ], [ 384353.004477217327803, 5546827.355910088866949, 349.0 ], [ 384373.990521277417429, 5546824.343757989816368, 350.0 ], [ 384390.988703898328822, 5546812.408279767259955, 350.0 ], [ 384406.980978856910951, 5546790.37267404422164, 351.0 ], [ 384439.985250482393894, 5546750.395093624480069, 351.0 ], [ 384467.001611096435227, 5546708.322513986378908, 350.0 ], [ 384486.999140840023756, 5546679.415610730648041, 349.0 ], [ 384524.022225866909139, 5546656.369961552321911, 349.0 ], [ 384530.013660026132129, 5546645.340047353878617, 348.0 ], [ 384554.008906155650038, 5546642.374880594201386, 348.0 ], [ 384601.039478311664425, 5546648.36718060541898, 348.0 ], [ 384640.008356613339856, 5546652.420440093614161, 348.0 ], [ 384675.975599611119833, 5546653.424283505417407, 347.0 ], [ 384706.019172013504431, 5546655.334696804173291, 347.0 ], [ 384721.988184301531874, 5546645.424645801074803, 346.0 ], [ 384739.035300623334479, 5546632.3769735628739, 346.0 ], [ 384760.013544232468121, 5546612.348395146429539, 345.0 ], [ 384770.029715489014052, 5546595.336860193870962, 345.0 ], [ 384779.982157335616648, 5546585.334190011955798, 344.0 ], [ 384787.007061381591484, 5546572.391414232552052, 343.0 ], [ 384797.990055143018253, 5546560.364442695863545, 343.0 ], [ 384811.014907884877175, 5546543.399406511336565, 342.0 ], [ 384819.039574601687491, 5546530.323912914842367, 342.0 ], [ 384827.016654256847687, 5546518.361754348501563, 343.0 ], [ 384838.020633678068407, 5546497.324821890331805, 344.0 ], [ 384845.975510329008102, 5546474.351442033424973, 346.0 ], [ 384850.986591883352958, 5546454.333435278385878, 347.0 ], [ 384852.99999705713708, 5546451.398111120797694, 347.0 ], [ 384858.004914398654364, 5546444.394108960404992, 348.0 ], [ 384880.974541787523776, 5546430.329574060626328, 350.0 ], [ 384895.009649127663579, 5546420.350481844507158, 352.0 ], [ 384907.026780840416905, 5546416.421255595982075, 353.0 ], [ 384920.974051705445163, 5546412.339291024953127, 354.0 ], [ 384941.017527875257656, 5546415.356113791465759, 356.0 ], [ 384995.031125001900364, 5546436.328898470848799, 360.0 ], [ 385041.977578320074826, 5546458.343969839625061, 363.0 ], [ 385099.01406723697437, 5546513.400224526412785, 363.0 ], [ 385122.986720508430153, 5546529.347127505578101, 364.0 ], [ 385130.041552009643055, 5546534.42335706576705, 364.0 ], [ 385180.973286232445389, 5546565.363570157438517, 367.0 ], [ 385231.978341677982826, 5546586.403262936510146, 370.0 ], [ 385262.014799495053012, 5546601.33078639023006, 371.0 ], [ 385272.011018752178643, 5546603.340890531428158, 372.0 ], [ 385288.975946146179922, 5546606.425036407075822, 372.0 ], [ 385355.029773443879094, 5546601.337875775061548, 375.0 ], [ 385406.034313975425903, 5546602.357943481765687, 377.0 ], [ 385472.985077483754139, 5546602.369564289227128, 378.0 ], [ 385496.026190096221399, 5546608.327413922175765, 379.0 ], [ 385514.994958429364488, 5546611.369361901655793, 379.0 ], [ 385541.982123945839703, 5546614.350965617224574, 380.0 ], [ 385562.997676182480063, 5546619.351394711993635, 380.0 ], [ 385583.010572019265965, 5546634.383976676501334, 380.0 ], [ 385595.997895514185075, 5546642.337048241868615, 382.0 ], [ 385602.994597390119452, 5546651.419370744377375, 383.0 ], [ 385622.003568189917132, 5546656.351724362000823, 384.0 ], [ 385638.035284161393065, 5546659.345696186646819, 386.0 ], [ 385653.008171134744771, 5546656.355989882722497, 387.0 ], [ 385667.987693510716781, 5546660.373612816445529, 389.0 ], [ 385679.007012073474471, 5546663.363653303124011, 390.0 ], [ 385684.971182801527902, 5546664.348434484563768, 390.0 ], [ 385699.979449502076022, 5546666.363408748991787, 390.0 ], [ 385742.990381084615365, 5546675.343566503375769, 390.0 ], [ 385776.036511495476589, 5546680.421449678018689, 391.0 ], [ 385787.012975891935639, 5546681.410503445193172, 391.0 ], [ 385794.988543540704995, 5546679.349262209609151, 392.0 ], [ 385813.033901080430951, 5546679.408793068490922, 393.0 ], [ 385832.979380146367475, 5546691.329307869076729, 394.0 ], [ 385849.0293030924513, 5546678.417783071286976, 395.0 ], [ 385868.033841459546238, 5546656.322476399131119, 398.0 ], [ 385877.008656996651553, 5546637.333244131878018, 400.0 ], [ 385892.031934259692207, 5546633.342078515328467, 402.0 ], [ 385900.02381453209091, 5546635.396117228083313, 403.0 ], [ 385906.981229062366765, 5546649.373726086691022, 404.0 ], [ 385918.973539617145434, 5546654.345614923164248, 406.0 ], [ 385945.981533304904588, 5546658.329854791052639, 408.0 ], [ 385961.018583281722385, 5546658.342825602740049, 410.0 ], [ 385991.041071054758504, 5546669.38164399843663, 412.0 ], [ 386009.995527774386574, 5546668.421397900208831, 414.0 ], [ 386054.009311575675383, 5546667.372070481069386, 416.0 ], [ 386093.03051680594217, 5546677.329870292916894, 416.0 ], [ 386159.036901408107951, 5546710.405069110915065, 417.0 ], [ 386230.975056768336799, 5546746.358013169839978, 421.0 ], [ 386273.001725666574202, 5546766.374948679469526, 426.0 ], [ 386285.030149896687362, 5546766.341582579538226, 427.0 ], [ 386310.973252051393501, 5546831.414766847155988, 432.0 ], [ 386322.993778482777998, 5546834.384820034727454, 433.0 ], [ 386375.008958721824456, 5546849.407342994585633, 436.0 ], [ 386379.0380567132961, 5546850.322779542766511, 436.0 ], [ 386439.015146135876421, 5546869.403410069644451, 438.0 ], [ 386442.028825006273109, 5546866.336234289221466, 438.0 ], [ 386463.99530113133369, 5546845.40370842255652, 439.0 ], [ 386476.02805123780854, 5546825.349551849067211, 439.0 ], [ 386488.042012855759822, 5546804.405997623689473, 439.0 ], [ 386505.99632751540048, 5546783.33638184145093, 439.0 ], [ 386519.996386036509648, 5546778.36764310579747, 438.0 ], [ 386550.026566225918941, 5546749.367151545360684, 435.0 ], [ 386557.993109498522244, 5546706.375204927287996, 432.0 ], [ 386560.990514751523733, 5546692.408068394288421, 431.0 ], [ 386571.977098963689059, 5546680.384793845005333, 430.0 ], [ 386585.017485290300101, 5546650.410219185985625, 429.0 ], [ 386594.005221752275247, 5546618.408293393440545, 427.0 ], [ 386598.995996884885244, 5546590.384142091497779, 427.0 ], [ 386602.033507626852952, 5546588.42884452175349, 427.0 ], [ 386623.021438182506245, 5546585.425551678985357, 428.0 ], [ 386649.037666845018975, 5546576.420652197673917, 429.0 ], [ 386655.974571265571285, 5546579.388001420535147, 429.0 ], [ 386660.019432919682004, 5546584.418766412883997, 429.0 ], [ 386676.996988207334653, 5546608.417929568327963, 430.0 ], [ 386687.994569430360571, 5546610.409436956048012, 430.0 ], [ 386718.039987165713683, 5546602.320546523667872, 431.0 ], [ 386734.020655838772655, 5546589.41323116607964, 431.0 ], [ 386746.039036430302076, 5546575.366374651901424, 431.0 ], [ 386751.009053479763679, 5546573.370234547182918, 431.0 ], [ 386758.012285542848986, 5546569.328933246433735, 432.0 ], [ 386799.97239846404409, 5546569.330319833941758, 434.0 ], [ 386844.983229773119092, 5546571.380812427029014, 436.0 ], [ 386920.988384210271761, 5546576.335457237437367, 439.0 ], [ 386914.988290480687283, 5546553.326904666610062, 439.0 ], [ 386887.030568089394365, 5546504.421725116670132, 439.0 ], [ 386840.995974352932535, 5546413.410036535933614, 440.0 ], [ 386860.993747732252814, 5546397.414973897859454, 441.0 ], [ 387047.00784836593084, 5546247.329225425608456, 451.0 ], [ 387163.014117818558589, 5546152.338753608986735, 457.0 ], [ 387165.988747780385893, 5546147.381969695910811, 457.0 ], [ 387235.038975144387223, 5546046.376744820736349, 462.0 ], [ 387253.009494562342297, 5546022.417596058920026, 464.0 ], [ 387266.032666988903657, 5546008.350833010859787, 466.0 ], [ 387267.013689735846128, 5546007.329105165787041, 466.0 ], [ 387291.99391100241337, 5546003.354562227614224, 468.0 ], [ 387307.036563430796377, 5545993.360771302133799, 470.0 ], [ 387328.978308450779878, 5545974.323467164300382, 471.0 ], [ 387336.035603214229923, 5545969.392009781673551, 472.0 ], [ 387341.031852431013249, 5545975.404285427182913, 472.0 ], [ 387353.032918071025051, 5545994.393885812722147, 473.0 ], [ 387361.970361080486327, 5546007.330511759035289, 474.0 ], [ 387395.021151368098799, 5546053.350141754373908, 476.0 ], [ 387434.98723445268115, 5546084.319906098768115, 477.0 ], [ 387476.037280373857357, 5546095.357412131503224, 478.0 ], [ 387529.979878347716294, 5546130.371684640645981, 478.0 ], [ 387588.016905264928937, 5546152.398023742251098, 477.0 ], [ 387673.028726211807225, 5546173.413430008105934, 477.0 ], [ 387732.016158615297172, 5546196.422378921881318, 478.0 ], [ 387776.003140691784211, 5546214.407805348746479, 478.0 ], [ 387806.994100497919135, 5546227.32729772105813, 477.0 ], [ 387812.981597747770138, 5546229.426236717030406, 477.0 ], [ 387842.00874070439022, 5546203.346333080902696, 475.0 ], [ 387889.986383241717704, 5546121.366894939914346, 469.0 ], [ 387927.976706106332131, 5546051.387311716564, 469.0 ], [ 387952.008654282835778, 5546012.39916042983532, 470.0 ], [ 387956.981157796573825, 5545993.386363726109266, 471.0 ], [ 387962.987478582654148, 5545996.374900055117905, 471.0 ], [ 388024.033796145173255, 5546025.350221062079072, 472.0 ], [ 388032.98584959859727, 5546025.385253702290356, 472.0 ], [ 388102.013039442070294, 5546035.396983240731061, 472.0 ], [ 388185.000214918225538, 5546062.357904331758618, 474.0 ], [ 388248.02691403857898, 5546083.39719268027693, 476.0 ], [ 388276.017424492747523, 5546110.396680391393602, 478.0 ], [ 388288.011672276887111, 5546122.38109549228102, 478.0 ], [ 388303.014451219642069, 5546134.413927034474909, 479.0 ], [ 388323.991417615150567, 5546175.352278930135071, 480.0 ], [ 388338.001937404740602, 5546215.323886887170374, 482.0 ], [ 388363.041664808115456, 5546231.373940511606634, 483.0 ], [ 388386.984394859813619, 5546246.33473205473274, 484.0 ], [ 388408.982497940247413, 5546257.332034960389137, 484.0 ], [ 388428.025012705300469, 5546291.415055590681732, 483.0 ], [ 388427.008706142194569, 5546311.345875208266079, 483.0 ], [ 388415.033115388592705, 5546317.37954183947295, 483.0 ], [ 388416.992518255021423, 5546332.354291416704655, 482.0 ], [ 388428.016728962014895, 5546349.364447609521449, 481.0 ], [ 388441.021071161259897, 5546382.349990883842111, 479.0 ], [ 388447.0355673864251, 5546406.360762416385114, 477.0 ], [ 388446.987830684694927, 5546414.370095836929977, 477.0 ], [ 388446.98480671265861, 5546431.38787670340389, 475.0 ], [ 388429.98210149013903, 5546450.428715062327683, 473.0 ], [ 388432.004063711792696, 5546468.405292262323201, 472.0 ], [ 388438.034138363611419, 5546582.398326084949076, 462.0 ], [ 388441.97655741602648, 5546620.355692868120968, 459.0 ], [ 388442.981538445688784, 5546627.342024353332818, 458.0 ], [ 388419.997953151294496, 5546627.376665083691478, 456.0 ], [ 388419.019855319522321, 5546635.405417212285101, 456.0 ], [ 388411.973591730988119, 5546836.42841687425971, 441.0 ], [ 388464.975789326941594, 5546885.374673172831535, 438.0 ], [ 388515.997166620683856, 5546918.346044083125889, 436.0 ], [ 388548.001198710466269, 5546942.371204695664346, 435.0 ], [ 388604.027251253952272, 5546985.360707123763859, 435.0 ], [ 388640.982645765412599, 5547013.398633207194507, 435.0 ], [ 388687.040544527291786, 5547045.362675769254565, 435.0 ], [ 388694.026365514146164, 5547047.330546959303319, 434.0 ], [ 388691.971801225387026, 5547048.374362016096711, 434.0 ], [ 388651.981190785765648, 5547132.404785830527544, 429.0 ], [ 388643.981445519370027, 5547157.375001969747245, 428.0 ], [ 388627.985188691643998, 5547183.401624671183527, 426.0 ], [ 388622.028312275477219, 5547203.324113921262324, 425.0 ], [ 388600.024353934451938, 5547243.379363196901977, 423.0 ], [ 388584.040437514777295, 5547273.410051566548645, 421.0 ], [ 388576.017123691213783, 5547314.397571005858481, 420.0 ], [ 388557.997372710669879, 5547370.386678374372423, 416.0 ], [ 388539.99889226158848, 5547427.376464887522161, 413.0 ], [ 388523.005604923062492, 5547491.352673890069127, 411.0 ], [ 388515.987957757315598, 5547539.326660330407321, 411.0 ], [ 388511.974673006450757, 5547549.420796196907759, 411.0 ], [ 388516.017621655657422, 5547585.374051887542009, 411.0 ], [ 388518.975250421732198, 5547617.345770105719566, 412.0 ], [ 388503.019851269491483, 5547662.391839490272105, 412.0 ], [ 388503.007930826162919, 5547682.412967586889863, 412.0 ], [ 388497.004444429359864, 5547686.31991636287421, 412.0 ], [ 388485.991990200767759, 5547690.331365440972149, 411.0 ] ] ] } },
{ "type": "Feature", "properties": { "name": "Saar-Hunsrück-Steig - 21. Etappe: Kastellaun - Mannebach - Schmausemühle", "km": 17.73, "darstell": "F1", "datum": null, "height": 272, "link": "https://www.saar-hunsrueck-steig.de/tour/saar-hunsrueck-steig-21.-etappe-kastellaun-mannebach-schmausemuehle-da1e16080d" }, "geometry": { "type": "MultiLineString", "coordinates": [ [ [ 388485.991990200767759, 5547690.331365440972149, 412.0 ], [ 388472.021822421229444, 5547686.396194050088525, 411.0 ], [ 388463.030817623774055, 5547684.359249706380069, 411.0 ], [ 388450.011736867309082, 5547681.405333783477545, 411.0 ], [ 388444.022578197065741, 5547689.427449041977525, 411.0 ], [ 388438.031117546663154, 5547697.338392632082105, 411.0 ], [ 388421.980747110908851, 5547710.35329725407064, 411.0 ], [ 388419.038033168762922, 5547713.417857485823333, 411.0 ], [ 388396.017635190335568, 5547694.322457585483789, 411.0 ], [ 388374.999593592598103, 5547685.418239980004728, 412.0 ], [ 388347.015770453435834, 5547682.332184958271682, 412.0 ], [ 388326.019391764886677, 5547681.324836883693933, 413.0 ], [ 388317.990623458928894, 5547677.377168328501284, 413.0 ], [ 388313.005820910562761, 5547668.360683978535235, 414.0 ], [ 388306.035956048988737, 5547677.404496483504772, 415.0 ], [ 388300.02609351510182, 5547684.426167629659176, 416.0 ], [ 388295.990101382660214, 5547693.408688109368086, 417.0 ], [ 388293.977670916705392, 5547679.324880176223814, 418.0 ], [ 388284.976808937150054, 5547673.3954838225618, 419.0 ], [ 388276.021992387424689, 5547683.370639988221228, 420.0 ], [ 388266.026878809148911, 5547698.372785482555628, 422.0 ], [ 388260.992465265328065, 5547714.383524500764906, 422.0 ], [ 388248.007363160257228, 5547723.330709859728813, 421.0 ], [ 388235.992149435565807, 5547703.338547769933939, 419.0 ], [ 388224.007824284490198, 5547705.368773121386766, 418.0 ], [ 388224.032099442090839, 5547713.376632572151721, 417.0 ], [ 388229.008228938328102, 5547725.396357518620789, 416.0 ], [ 388225.002098141587339, 5547732.376221252605319, 415.0 ], [ 388214.037188977585174, 5547728.378878857940435, 414.0 ], [ 388210.996423045755364, 5547723.326013387180865, 414.0 ], [ 388208.008606649003923, 5547717.382223435677588, 414.0 ], [ 388200.995753991883248, 5547700.399884014390409, 413.0 ], [ 388197.029500239645131, 5547726.398810415528715, 412.0 ], [ 388205.017800343048293, 5547752.370158107019961, 410.0 ], [ 388215.041618145478424, 5547776.408082251437008, 409.0 ], [ 388217.999692065641284, 5547784.354589365422726, 409.0 ], [ 388222.0158512275666, 5547798.39647498074919, 408.0 ], [ 388230.012726596381981, 5547821.364537620916963, 407.0 ], [ 388240.027528429811355, 5547848.405829389579594, 405.0 ], [ 388248.029725415166467, 5547861.36334434710443, 404.0 ], [ 388249.013899688608944, 5547867.349043848924339, 404.0 ], [ 388261.039837560907472, 5547932.388070786371827, 399.0 ], [ 388261.994271070230752, 5547940.376486204564571, 399.0 ], [ 388269.017729441635311, 5548002.405744760297239, 395.0 ], [ 388243.995727813569829, 5548007.377966713160276, 393.0 ], [ 388261.033460569684394, 5548079.319532118737698, 389.0 ], [ 388264.002443425881211, 5548084.373920920304954, 389.0 ], [ 388269.034295522957109, 5548085.381001763045788, 389.0 ], [ 388271.041057197435293, 5548092.346374480985105, 388.0 ], [ 388279.981952862348408, 5548119.410178007557988, 387.0 ], [ 388285.989063534536399, 5548129.406303349882364, 386.0 ], [ 388294.008386810077354, 5548136.357239553704858, 386.0 ], [ 388305.995034209336154, 5548141.334410198964179, 386.0 ], [ 388326.998448702681344, 5548139.33833188097924, 385.0 ], [ 388343.008670888841152, 5548131.329146904870868, 385.0 ], [ 388363.979183783056214, 5548124.328674730844796, 385.0 ], [ 388366.005834313516971, 5548125.39861658308655, 385.0 ], [ 388377.980393797683064, 5548126.372017110697925, 385.0 ], [ 388387.012494595372118, 5548130.410027735866606, 385.0 ], [ 388384.98902236437425, 5548136.34733050595969, 385.0 ], [ 388381.978202810918447, 5548146.420663670636714, 385.0 ], [ 388361.007757100451272, 5548153.421066381037235, 385.0 ], [ 388357.019500962342136, 5548154.394193634390831, 385.0 ], [ 388344.026517957798205, 5548166.344486956484616, 385.0 ], [ 388344.024137639498804, 5548183.362316609360278, 385.0 ], [ 388352.007939458591864, 5548202.326627294532955, 384.0 ], [ 388354.002413986600004, 5548222.417107595130801, 384.0 ], [ 388369.009147783450317, 5548238.342826656065881, 383.0 ], [ 388377.030525571200997, 5548245.405063392594457, 383.0 ], [ 388405.018543102836702, 5548269.401816595345736, 383.0 ], [ 388406.977568676229566, 5548284.37659565359354, 383.0 ], [ 388410.024989782716148, 5548310.340151935815811, 383.0 ], [ 388412.00720665184781, 5548326.426721593365073, 384.0 ], [ 388398.030596404918469, 5548332.391160995699465, 384.0 ], [ 388400.025723707512952, 5548359.377734809182584, 385.0 ], [ 388394.018091412028298, 5548397.320480191148818, 385.0 ], [ 388386.983945432468317, 5548420.380213583819568, 385.0 ], [ 388392.031384219357278, 5548456.423683441244066, 384.0 ], [ 388412.003621724084951, 5548487.372719095088542, 384.0 ], [ 388438.021214964508545, 5548547.337172796949744, 383.0 ], [ 388447.992511536227539, 5548596.402719582431018, 383.0 ], [ 388444.994698687107302, 5548617.37603672221303, 383.0 ], [ 388436.009477468556724, 5548670.396602290682495, 382.0 ], [ 388430.981946222833358, 5548700.421724962070584, 381.0 ], [ 388433.993064681650139, 5548714.37350417021662, 380.0 ], [ 388433.972758094314486, 5548737.397991139441729, 380.0 ], [ 388421.971311711822636, 5548769.348376375623047, 381.0 ], [ 388419.980158821679652, 5548773.394139254465699, 381.0 ], [ 388386.018298042356037, 5548809.362500660121441, 383.0 ], [ 388366.988615285255946, 5548830.337097067385912, 384.0 ], [ 388347.0411386800115, 5548855.335132852196693, 385.0 ], [ 388328.028290525951888, 5548911.346181098371744, 387.0 ], [ 388319.020646997494623, 5548956.359117742627859, 388.0 ], [ 388318.018104956427123, 5548997.423016205430031, 388.0 ], [ 388318.022428762807976, 5549011.326362751424313, 389.0 ], [ 388328.040380718710367, 5549028.357238940894604, 389.0 ], [ 388346.993155424715951, 5549041.41968188341707, 389.0 ], [ 388364.015240289736539, 5549061.418630927801132, 389.0 ], [ 388368.001458043465391, 5549084.359432441182435, 390.0 ], [ 388347.983453524648212, 5549109.358982402831316, 392.0 ], [ 388249.974715403397568, 5549128.425783537328243, 398.0 ], [ 388168.021759072318673, 5549138.371337486431003, 403.0 ], [ 388079.998362275830004, 5549152.33828395511955, 408.0 ], [ 388026.031021932489239, 5549162.367250511422753, 410.0 ], [ 388017.995554867549799, 5549161.423382803797722, 410.0 ], [ 388014.011847857618704, 5549169.404049245640635, 411.0 ], [ 388007.979427621816285, 5549168.418213708326221, 411.0 ], [ 387890.035712317912839, 5549151.426858689635992, 416.0 ], [ 387842.019328929949552, 5549148.319167452864349, 416.0 ], [ 387842.014764177263714, 5549158.329772004857659, 416.0 ], [ 387841.012043969589286, 5549192.386552341282368, 416.0 ], [ 387844.986766863265075, 5549245.358816071413457, 417.0 ], [ 387860.019007941242307, 5549286.420053021982312, 417.0 ], [ 387877.037627739598975, 5549316.428079115226865, 418.0 ], [ 387837.034781934111379, 5549323.38528217934072, 419.0 ], [ 387807.009572333656251, 5549328.35360505618155, 421.0 ], [ 387769.98012912023114, 5549330.354846214875579, 424.0 ], [ 387723.023699070909061, 5549333.343551027588546, 429.0 ], [ 387697.027953345153946, 5549339.340098012238741, 431.0 ], [ 387679.978787555301096, 5549345.371133374981582, 432.0 ], [ 387660.032265947258566, 5549346.346657188609242, 433.0 ], [ 387630.013801000255626, 5549341.416544573381543, 435.0 ], [ 387616.015389068750665, 5549339.375199872069061, 435.0 ], [ 387607.977752940554637, 5549338.320772392675281, 435.0 ], [ 387616.007299345219508, 5549376.414320924319327, 432.0 ], [ 387635.006934599718079, 5549456.321355953812599, 425.0 ], [ 387636.01499052712461, 5549463.418751370161772, 424.0 ], [ 387647.025269841309637, 5549517.355264768004417, 420.0 ], [ 387650.019404832215514, 5549530.41721065249294, 418.0 ], [ 387659.973281480197329, 5549578.369647050276399, 414.0 ], [ 387684.013033308030572, 5549605.33750756829977, 410.0 ], [ 387698.035875336441677, 5549632.404807521030307, 408.0 ], [ 387711.042216712783556, 5549655.378068528138101, 406.0 ], [ 387738.008190318534616, 5549668.381139242090285, 404.0 ], [ 387740.995571892242879, 5549674.324675306677818, 404.0 ], [ 387735.026739348075353, 5549676.340986458584666, 403.0 ], [ 387709.024240632308647, 5549685.340837397612631, 402.0 ], [ 387651.021281985682435, 5549707.360054443590343, 399.0 ], [ 387650.032510213030037, 5549711.385062152519822, 399.0 ], [ 387644.036361247184686, 5549739.318206385709345, 398.0 ], [ 387649.016684286005329, 5549792.380505797453225, 395.0 ], [ 387656.037672421894968, 5549857.412532332353294, 392.0 ], [ 387657.028557008714415, 5549894.319437868893147, 391.0 ], [ 387653.035672327037901, 5549898.407629306428134, 390.0 ], [ 387637.036131069704425, 5549913.426278336904943, 390.0 ], [ 387621.030036393436603, 5549921.326512923464179, 389.0 ], [ 387596.0115857826313, 5549929.416438046842813, 387.0 ], [ 387578.040600158215966, 5549932.352883588522673, 386.0 ], [ 387571.041333458037116, 5549936.393186340108514, 386.0 ], [ 387555.008341102511622, 5549946.407527448609471, 385.0 ], [ 387544.981580782972742, 5549949.399315786547959, 384.0 ], [ 387555.023577002983075, 5549974.325494882650673, 381.0 ], [ 387573.992204195470549, 5549998.396428227424622, 377.0 ], [ 387569.008478759496938, 5550006.398531570099294, 376.0 ], [ 387552.001875390647911, 5550031.337969960644841, 373.0 ], [ 387547.030953884182964, 5550043.344044348224998, 371.0 ], [ 387553.972215928486548, 5550077.344989464618266, 368.0 ], [ 387575.039515911601484, 5550177.340637316927314, 358.0 ], [ 387577.013202439644374, 5550196.319127568043768, 356.0 ], [ 387568.984022788819857, 5550219.401160701178014, 353.0 ], [ 387546.039421095920261, 5550244.35442307125777, 350.0 ], [ 387538.986265827552415, 5550259.407522353343666, 349.0 ], [ 387511.032431324012578, 5550267.337262495420873, 346.0 ], [ 387484.991042743611615, 5550274.337036636658013, 344.0 ], [ 387467.031892106053419, 5550274.381713756360114, 343.0 ], [ 387423.986927043180913, 5550289.414834650233388, 341.0 ], [ 387395.979368626896758, 5550308.357934676110744, 340.0 ], [ 387329.035119435517117, 5550384.404060089960694, 335.0 ], [ 387292.006670850212686, 5550440.354693707078695, 330.0 ], [ 387240.988882054167334, 5550528.412334432825446, 322.0 ], [ 387236.006183154415339, 5550536.414769168011844, 321.0 ], [ 387187.993759553821292, 5550580.362998746335506, 317.0 ], [ 387155.998456807341427, 5550620.41390507761389, 315.0 ], [ 387120.021543642738834, 5550648.091567547991872, 311.0 ], [ 387120.015511157747824, 5550644.421148202382028, 311.0 ], [ 387129.989949054433964, 5550659.337428512983024, 309.0 ], [ 387167.993812065280508, 5550690.345738259144127, 305.0 ], [ 387175.979164816904813, 5550692.401599765755236, 306.0 ], [ 387153.99619812448509, 5550742.362840130925179, 313.0 ], [ 387112.029274101427291, 5550818.329212038777769, 324.0 ], [ 387089.041457801999059, 5550844.397830434143543, 328.0 ], [ 387055.020441371714696, 5550866.361983457580209, 328.0 ], [ 387000.028582917409949, 5550874.421571676619351, 326.0 ], [ 386980.008317908854224, 5550878.404582496732473, 327.0 ], [ 386971.991247353435028, 5550888.362407234497368, 329.0 ], [ 386981.999971176846884, 5550891.376204162836075, 331.0 ], [ 387015.005664750933647, 5550909.364196565002203, 339.0 ], [ 387033.989734566654079, 5550927.426537862047553, 344.0 ], [ 387045.041871182387695, 5550932.420494210906327, 346.0 ], [ 387058.000785854586866, 5550946.383675151504576, 348.0 ], [ 387081.977383785531856, 5550960.33634824398905, 352.0 ], [ 387090.976679751300253, 5550966.374865252524614, 353.0 ], [ 387108.008930834475905, 5550973.355849461629987, 355.0 ], [ 387126.015457668283489, 5550982.429638185538352, 357.0 ], [ 387138.00207564199809, 5550994.411437743343413, 356.0 ], [ 387151.977922063029837, 5551002.346988230012357, 355.0 ], [ 387159.988957081164699, 5551012.410736374557018, 354.0 ], [ 387162.984406300936826, 5551015.350612922571599, 353.0 ], [ 387193.011280016624369, 5551041.411074521020055, 350.0 ], [ 387206.011820714105852, 5551057.375830919481814, 349.0 ], [ 387201.029711306560785, 5551065.378312501125038, 348.0 ], [ 387159.013064586615656, 5551108.42176325339824, 345.0 ], [ 387161.041522149404045, 5551116.387366484850645, 345.0 ], [ 387170.011248024587985, 5551124.428747878409922, 345.0 ], [ 387270.020899902563542, 5551205.404210593551397, 353.0 ], [ 387296.032155991764739, 5551224.320121833123267, 353.0 ], [ 387332.012592466664501, 5551261.378507873043418, 353.0 ], [ 387378.987374715681653, 5551314.333356456831098, 353.0 ], [ 387397.0392011142103, 5551332.416568340733647, 352.0 ], [ 387403.002527308184654, 5551340.410494890995324, 352.0 ], [ 387433.99699222180061, 5551385.360673782415688, 352.0 ], [ 387442.023394919058774, 5551389.418143643066287, 352.0 ], [ 387469.023746644088533, 5551404.420996909029782, 351.0 ], [ 387516.023604699526913, 5551421.338391457684338, 349.0 ], [ 387550.018630251288414, 5551425.405114185065031, 348.0 ], [ 387551.003161263477523, 5551431.390718357637525, 348.0 ], [ 387554.023744721605908, 5551442.338724129833281, 347.0 ], [ 387571.993758779310156, 5551497.352084022015333, 345.0 ], [ 387586.99341012374498, 5551540.415358937345445, 344.0 ], [ 387588.006834506581072, 5551595.340909007005394, 347.0 ], [ 387592.005137369211297, 5551598.371121532283723, 347.0 ], [ 387623.978398502047639, 5551625.393913792446256, 348.0 ], [ 387643.999239528086036, 5551662.345300015062094, 349.0 ], [ 387671.98638557526283, 5551690.342080414295197, 350.0 ], [ 387721.98251416196581, 5551710.423763766884804, 350.0 ], [ 387721.99518874741625, 5551714.427721282467246, 350.0 ], [ 387721.021465635043569, 5551729.352812456898391, 350.0 ], [ 387710.981863246241119, 5551772.386930879205465, 351.0 ], [ 387703.020010513777379, 5551805.366806482896209, 353.0 ], [ 387706.988995469058864, 5551827.417784619145095, 354.0 ], [ 387711.977679060772061, 5551850.337144449353218, 354.0 ], [ 387717.040164733247366, 5551873.366184466518462, 354.0 ], [ 387714.00537976087071, 5551875.320901766419411, 354.0 ], [ 387714.009707277349662, 5551882.328205236233771, 354.0 ], [ 387705.990921541000716, 5551885.38882038090378, 354.0 ], [ 387695.000170325802173, 5551876.388064179569483, 353.0 ], [ 387684.013748406141531, 5551874.394634117372334, 353.0 ], [ 387676.972585300041828, 5551876.322439013980329, 353.0 ], [ 387670.997944142844062, 5551881.34220977127552, 353.0 ], [ 387665.97388042928651, 5551887.343041090294719, 353.0 ], [ 387658.99825231282739, 5551892.383890245109797, 352.0 ], [ 387659.036440124036744, 5551904.395767678506672, 352.0 ], [ 387655.997773371753283, 5551916.361169091425836, 352.0 ], [ 387652.000236654421315, 5551930.348867031745613, 352.0 ], [ 387655.035461418621708, 5551945.412069585174322, 352.0 ], [ 387647.990501752588898, 5551957.350565726868808, 352.0 ], [ 387653.023302318295464, 5551965.36432642582804, 352.0 ], [ 387661.01096976356348, 5551974.428191780112684, 352.0 ], [ 387672.994248009868897, 5551986.411159500479698, 352.0 ], [ 387681.000565767346416, 5551996.364488528110087, 353.0 ], [ 387690.018523835286032, 5552003.404602515511215, 353.0 ], [ 387699.999700289976317, 5552015.429750424809754, 354.0 ], [ 387700.010431577975396, 5552036.340486837550998, 355.0 ], [ 387696.019208183395676, 5552040.428681901656091, 356.0 ], [ 387691.013990274746902, 5552047.318927397020161, 356.0 ], [ 387686.04220447933767, 5552120.389458459801972, 358.0 ], [ 387693.022327582351863, 5552139.373904445208609, 358.0 ], [ 387710.037729708070401, 5552159.370753303170204, 359.0 ], [ 387747.977704436634667, 5552208.403129731304944, 360.0 ], [ 387757.026600387645885, 5552220.336747551336884, 360.0 ], [ 387777.02991938701598, 5552246.388532094657421, 362.0 ], [ 387805.976494994771201, 5552262.353059584274888, 364.0 ], [ 387864.984449194686022, 5552238.422467715106905, 367.0 ], [ 387905.979057521617506, 5552218.430113762617111, 368.0 ], [ 387901.981384940387215, 5552215.399672724306583, 368.0 ], [ 387869.0330152065726, 5552189.396905642002821, 369.0 ], [ 387870.034115510759875, 5552172.357926350086927, 369.0 ], [ 387890.041787431691773, 5552154.363576934672892, 370.0 ], [ 387900.014029143727385, 5552152.374484866857529, 370.0 ], [ 387934.988425950170495, 5552145.411309162154794, 371.0 ], [ 387958.028364541009068, 5552142.369394243694842, 373.0 ], [ 387986.033476215496194, 5552137.332501909695566, 374.0 ], [ 388017.973325886472594, 5552132.324438695795834, 376.0 ], [ 388039.040949077985715, 5552127.322144956327975, 377.0 ], [ 388067.040768916718662, 5552108.382260435260832, 377.0 ], [ 388087.028351136250421, 5552089.388049749657512, 378.0 ], [ 388100.990753740479704, 5552076.415317938663065, 378.0 ], [ 388106.036076345131733, 5552071.415513221174479, 378.0 ], [ 388054.043585523497313, 5551993.422338824719191, 379.0 ], [ 388011.998380711011123, 5551929.346928266808391, 383.0 ], [ 388095.990765315305907, 5551759.40851161442697, 393.0 ], [ 388090.984195587807335, 5551742.384320758283138, 395.0 ], [ 388094.999251395813189, 5551739.40822362434119, 395.0 ], [ 388200.996911553142127, 5551646.425249956548214, 402.0 ], [ 388206.005849034059793, 5551653.327727138996124, 402.0 ], [ 388290.041598359530326, 5551782.372800589539111, 400.0 ], [ 388292.034967909683473, 5551785.33424555324018, 400.0 ], [ 388359.99136408965569, 5551891.358920795843005, 399.0 ], [ 388401.988012234447524, 5551864.342226431705058, 402.0 ], [ 388428.007037962670438, 5551846.335568954236805, 403.0 ], [ 388467.022219521051738, 5551820.382777228020132, 404.0 ], [ 388490.017620038124733, 5551849.377784747630358, 404.0 ], [ 388499.025898969266564, 5551859.422588826157153, 404.0 ], [ 388571.972579599823803, 5551944.323495176620781, 404.0 ], [ 388577.03370273578912, 5551950.335384599864483, 404.0 ], [ 388661.999762997962534, 5552042.327607958577573, 408.0 ], [ 388805.034592427778989, 5552209.413344978354871, 418.0 ], [ 388986.995158688398078, 5552422.408495041541755, 423.0 ], [ 388993.985696416464634, 5552428.380621640011668, 423.0 ], [ 389024.016138054430485, 5552400.394137321971357, 423.0 ], [ 389023.995333015802316, 5552399.393521353602409, 423.0 ], [ 389060.034204067429528, 5552433.347323787398636, 422.0 ], [ 389127.991433279588819, 5552492.331778813153505, 420.0 ], [ 389157.038634051801637, 5552513.417819893918931, 420.0 ], [ 389197.037759999744594, 5552538.392048738896847, 419.0 ], [ 389231.99745839938987, 5552558.354687894694507, 418.0 ], [ 389292.006494560395367, 5552596.372870137915015, 416.0 ], [ 389319.987046126800124, 5552614.367516095750034, 415.0 ], [ 389323.033462005434558, 5552616.417661105282605, 415.0 ], [ 389481.988475383608602, 5552711.337410134263337, 410.0 ], [ 389467.033274823450483, 5552714.427814608439803, 410.0 ], [ 389443.033497787546366, 5552719.374030423350632, 408.0 ], [ 389424.021724910999183, 5552730.334510907530785, 408.0 ], [ 389395.981560681015253, 5552747.377218744717538, 408.0 ], [ 389378.99250352132367, 5552752.400893173180521, 408.0 ], [ 389349.034098829608411, 5552749.351451284252107, 408.0 ], [ 389349.024849328678101, 5552752.354784082621336, 408.0 ], [ 389350.998785765143111, 5552761.323280526325107, 407.0 ], [ 389384.009941651311237, 5552794.34085999801755, 407.0 ], [ 389403.01866364153102, 5552807.405409739352763, 407.0 ], [ 389487.008209252147935, 5552867.396663174964488, 402.0 ], [ 389536.993199070566334, 5552884.380606685765088, 400.0 ], [ 389548.00880212750053, 5552891.382378607057035, 399.0 ], [ 389638.021316440950613, 5552945.356208201497793, 393.0 ], [ 389664.027378450613469, 5552961.391306040808558, 390.0 ], [ 389750.022575108858291, 5553018.341919548809528, 382.0 ], [ 389758.992961836338509, 5553016.376961043104529, 381.0 ], [ 389780.987747287203092, 5553011.362310351803899, 381.0 ], [ 389806.028576863347553, 5553008.398166906088591, 381.0 ], [ 389813.017431309970561, 5553014.371347005479038, 381.0 ], [ 389821.016568381164689, 5553017.32054325658828, 381.0 ], [ 389830.037805959524121, 5553014.353610831312835, 381.0 ], [ 389842.972383033600636, 5553010.416093051433563, 381.0 ], [ 389848.0278675876325, 5553002.414609713479877, 381.0 ], [ 389851.028647229250055, 5552995.345360021106899, 381.0 ], [ 389868.990217958285939, 5552992.416417828761041, 379.0 ], [ 389872.985449964879081, 5553002.344406228512526, 378.0 ], [ 389883.995509035012219, 5553033.372017900459468, 375.0 ], [ 389882.037641909089871, 5553056.325204521417618, 373.0 ], [ 389875.031429920287337, 5553063.365869479253888, 372.0 ], [ 389871.037117300613318, 5553067.341251648031175, 372.0 ], [ 389869.016488250694238, 5553073.389218499884009, 372.0 ], [ 389880.992313114693388, 5553085.377053559757769, 373.0 ], [ 389888.022279777680524, 5553093.351565832272172, 374.0 ], [ 389898.979701283038594, 5553118.374025587923825, 376.0 ], [ 389901.986671717313584, 5553139.333907882682979, 378.0 ], [ 389908.987602134118788, 5553201.365422775968909, 383.0 ], [ 389909.01988678361522, 5553265.320355233736336, 387.0 ], [ 389896.995238657866139, 5553261.341831562109292, 387.0 ], [ 389895.041318842209876, 5553291.413479277864099, 388.0 ], [ 389895.975289490888827, 5553312.416138349100947, 388.0 ], [ 389895.977710792911239, 5553333.326793383806944, 388.0 ], [ 389834.97425143700093, 5553312.34051058255136, 392.0 ], [ 389823.971045599202625, 5553309.342108712531626, 392.0 ], [ 389802.039464441360906, 5553317.358456047251821, 393.0 ], [ 389761.003847103449516, 5553328.327782972715795, 396.0 ], [ 389722.013512720295694, 5553341.368478082120419, 398.0 ], [ 389741.011303448409308, 5553371.340917323715985, 400.0 ], [ 389762.03505403053714, 5553409.391150842420757, 400.0 ], [ 389794.027313727303408, 5553445.324031306430697, 399.0 ], [ 389748.016938495915383, 5553485.426573641598225, 399.0 ], [ 389711.030564007814974, 5553512.329399881884456, 398.0 ], [ 389706.015339364414103, 5553515.324981788173318, 398.0 ], [ 389697.038696046452969, 5553520.404555670917034, 398.0 ], [ 389673.010429374757223, 5553520.345222264528275, 398.0 ], [ 389580.030932871275581, 5553571.319961476139724, 390.0 ], [ 389581.028282450279221, 5553595.324446074664593, 387.0 ], [ 389600.00765388115542, 5553624.406954469159245, 385.0 ], [ 389635.032289476541337, 5553651.377949062734842, 384.0 ], [ 389672.989401461847592, 5553678.399747876450419, 383.0 ], [ 389708.011466744414065, 5553698.363927616737783, 380.0 ], [ 389587.992076865513809, 5553852.338203185237944, 370.0 ], [ 389716.016985169728287, 5553940.340441669337451, 368.0 ], [ 389640.022899650561158, 5554034.342013634741306, 363.0 ], [ 389634.998851664829999, 5554040.341007901355624, 363.0 ], [ 389563.011050969653297, 5554241.373046076856554, 354.0 ], [ 389628.0384982288233, 5554291.41427047085017, 353.0 ], [ 389575.014839382318314, 5554327.325906262733042, 353.0 ], [ 389503.979703451565001, 5554370.396063924767077, 346.0 ], [ 389498.029240665317047, 5554383.421739535406232, 344.0 ], [ 389473.9809948829934, 5554437.420497391372919, 344.0 ], [ 389428.002420281991363, 5554523.351408449932933, 343.0 ], [ 389425.989762821525801, 5554550.421469635330141, 343.0 ], [ 389415.03028923884267, 5554556.32129770796746, 343.0 ], [ 389398.985322085674852, 5554558.322401940822601, 342.0 ], [ 389397.97791651712032, 5554568.353789414279163, 341.0 ], [ 389401.977639284566976, 5554585.39992424286902, 340.0 ], [ 389407.03546636068495, 5554591.41257444024086, 339.0 ], [ 389415.009455138409976, 5554617.385760463774204, 337.0 ], [ 389418.997563997632824, 5554637.324068541638553, 335.0 ], [ 389412.021791955339722, 5554666.387918755412102, 333.0 ], [ 389415.027849295467604, 5554680.340288113802671, 331.0 ], [ 389416.03985518758418, 5554684.323504600673914, 331.0 ], [ 389416.032934142276645, 5554694.334146622568369, 330.0 ], [ 389404.997719215054531, 5554710.357305185869336, 328.0 ], [ 389394.031701914733276, 5554719.371703905984759, 326.0 ], [ 389389.010949733084999, 5554732.378251214511693, 325.0 ], [ 389392.017040193313733, 5554746.330609292723238, 325.0 ], [ 389403.983542066707741, 5554768.32800854369998, 327.0 ], [ 389431.030669123108964, 5554776.331747193820775, 328.0 ], [ 389459.006764220423065, 5554777.420245499350131, 330.0 ], [ 389475.0418316234136, 5554778.422652615234256, 331.0 ], [ 389474.988875722745433, 5554772.417452380992472, 331.0 ], [ 389478.006553421611898, 5554759.341272202320397, 331.0 ], [ 389483.98870775103569, 5554751.320140419527888, 331.0 ], [ 389487.031671965960413, 5554746.363066544756293, 331.0 ], [ 389493.002386827371083, 5554734.337985357269645, 331.0 ], [ 389519.98518254479859, 5554732.333016036078334, 331.0 ], [ 389539.003360896836966, 5554732.384004656225443, 331.0 ], [ 389575.984095854393672, 5554726.39051996357739, 332.0 ], [ 389609.000079283607192, 5554715.362884362228215, 334.0 ], [ 389618.988721596309915, 5554714.377556373365223, 335.0 ], [ 389636.98548302234849, 5554720.345098720863461, 335.0 ], [ 389685.032830874377396, 5554734.366808287799358, 334.0 ], [ 389728.000018709455617, 5554734.368077835068107, 333.0 ], [ 389762.00728978816187, 5554726.324045144021511, 332.0 ], [ 389785.005327316990588, 5554711.389166726730764, 331.0 ], [ 389788.037344055832364, 5554702.428311833180487, 331.0 ], [ 389794.020020494179334, 5554694.407535993494093, 331.0 ], [ 389820.99485369073227, 5554619.327822810038924, 328.0 ], [ 389830.013335798983462, 5554616.36084465496242, 328.0 ], [ 389845.016418436542153, 5554612.380459344945848, 327.0 ], [ 389853.001998972438741, 5554611.325719795189798, 327.0 ], [ 389865.003627412545029, 5554607.407377029769123, 327.0 ], [ 389877.986191657779273, 5554616.371188166551292, 327.0 ], [ 389882.036223634146154, 5554646.318970230408013, 327.0 ], [ 389880.036939074459951, 5554653.367575560696423, 327.0 ], [ 389881.97930872219149, 5554664.338986572809517, 327.0 ], [ 389889.991125746222679, 5554678.410686179995537, 327.0 ], [ 389916.027252936910372, 5554696.336981906555593, 327.0 ], [ 389961.992051017237827, 5554713.407289404422045, 327.0 ], [ 389983.033385769289453, 5554721.426490739919245, 327.0 ], [ 390012.002744956465904, 5554746.411281461827457, 328.0 ], [ 390031.971147820586339, 5554761.348889926448464, 329.0 ], [ 390048.037777097139042, 5554767.357594508677721, 329.0 ], [ 390064.001240079349373, 5554768.363244107924402, 329.0 ], [ 390083.038407214859035, 5554762.409501179121435, 330.0 ], [ 390095.003082804265432, 5554739.36133830063045, 331.0 ], [ 390103.040239913447294, 5554730.408768685534596, 332.0 ], [ 390105.039781417814083, 5554723.360249924473464, 333.0 ], [ 390109.990801466628909, 5554710.355874302797019, 333.0 ], [ 390148.009472751349676, 5554671.421735267154872, 335.0 ], [ 390150.010436152166221, 5554671.380522642284632, 335.0 ], [ 390174.988807580491994, 5554648.398226509802043, 335.0 ], [ 390216.024751791963354, 5554648.331988306716084, 335.0 ], [ 390230.006912628188729, 5554643.372661603614688, 333.0 ], [ 390275.026529843336903, 5554642.335074733011425, 327.0 ], [ 390311.990207297669258, 5554649.360661801882088, 322.0 ], [ 390347.981463995412923, 5554640.389794543385506, 328.0 ], [ 390349.001449116156437, 5554634.362562953494489, 329.0 ], [ 390361.001064276322722, 5554630.334160315804183, 332.0 ], [ 390362.023351995565463, 5554624.418111622333527, 333.0 ], [ 390358.997968314506579, 5554616.360727187246084, 335.0 ], [ 390350.031331481703091, 5554611.428613792173564, 337.0 ], [ 390335.976432564028073, 5554609.381808754988015, 340.0 ], [ 390327.978843674005475, 5554599.424588239751756, 342.0 ], [ 390300.022753729252145, 5554585.42875497136265, 343.0 ], [ 390299.01883474807255, 5554578.330868885852396, 343.0 ], [ 390296.975538772705477, 5554569.363500123843551, 343.0 ], [ 390282.040016243699938, 5554538.415898001752794, 344.0 ], [ 390261.024037235416472, 5554500.363668811507523, 346.0 ], [ 390253.023776614048984, 5554476.391990566626191, 347.0 ], [ 390247.9862244813703, 5554464.371888199821115, 347.0 ], [ 390245.033251854998525, 5554463.320379647426307, 347.0 ], [ 390177.029627680196427, 5554452.373910643160343, 350.0 ], [ 390174.005167280964088, 5554451.323912594467402, 350.0 ], [ 390154.025239277572837, 5554366.424101730808616, 352.0 ], [ 390158.004417694988661, 5554285.368791107088327, 352.0 ], [ 390163.978480778110679, 5554280.351781344041228, 353.0 ], [ 390211.017802090616897, 5554238.340600761584938, 356.0 ], [ 390235.00888007984031, 5554219.383177069015801, 356.0 ], [ 390243.984719416184817, 5554200.401111461222172, 355.0 ], [ 390259.014922200352885, 5554166.390081790275872, 353.0 ], [ 390259.034350571106188, 5554160.383421468548477, 353.0 ], [ 390257.981731081847101, 5554154.398815887048841, 352.0 ], [ 390266.99893988436088, 5554137.418033309280872, 351.0 ], [ 390266.994366098835599, 5554109.388914459384978, 348.0 ], [ 390278.985400427365676, 5554108.363676105625927, 347.0 ], [ 390293.041634577792138, 5554110.410348558798432, 346.0 ], [ 390301.039972129336093, 5554120.36752085853368, 344.0 ], [ 390312.032569863426033, 5554133.377490713261068, 343.0 ], [ 390331.032038549310528, 5554146.334090702235699, 339.0 ], [ 390354.006927018694114, 5554154.426280608400702, 335.0 ], [ 390369.009380900883116, 5554150.336215725168586, 333.0 ], [ 390380.00075270968955, 5554156.339044958353043, 331.0 ], [ 390401.992246316571254, 5554158.334164069034159, 327.0 ], [ 390422.993891547899693, 5554164.353875731118023, 324.0 ], [ 390435.978790811903309, 5554173.430220876820385, 322.0 ], [ 390449.991398288344499, 5554173.36488342192024, 320.0 ], [ 390450.020862503675744, 5554164.354898497462273, 319.0 ], [ 390445.986366678611375, 5554152.42524850461632, 318.0 ], [ 390435.024507571943104, 5554137.412299307063222, 316.0 ], [ 390446.005096299748402, 5554139.411315375939012, 315.0 ], [ 390459.017211600497831, 5554139.366552154533565, 313.0 ], [ 390470.017452972999308, 5554135.358961472287774, 313.0 ], [ 390479.017412066226825, 5554138.399755165912211, 313.0 ], [ 390485.982675269246101, 5554136.365898644551635, 313.0 ], [ 390489.008096481789835, 5554144.423350523225963, 312.0 ], [ 390485.985248650948051, 5554157.387726374901831, 312.0 ], [ 390486.987541374517605, 5554171.381736901588738, 311.0 ], [ 390498.0403515183134, 5554180.386667634360492, 311.0 ], [ 390478.003578842792194, 5554214.388537962920964, 311.0 ], [ 390458.006364584784023, 5554236.377174638211727, 312.0 ], [ 390445.014590328675695, 5554251.325939286500216, 312.0 ], [ 390436.027821975294501, 5554252.400333999656141, 312.0 ], [ 390425.97560633008834, 5554243.374978115782142, 312.0 ], [ 390396.028286260785535, 5554254.334338036365807, 310.0 ], [ 390381.01505071669817, 5554268.323759868741035, 307.0 ], [ 390370.037753634736873, 5554287.346718784421682, 305.0 ], [ 390358.971612876513973, 5554326.392390671186149, 301.0 ], [ 390364.031437328434549, 5554367.331155166961253, 301.0 ], [ 390360.972070662421174, 5554406.32349447067827, 301.0 ], [ 390372.0169241031399, 5554432.346055347472429, 300.0 ], [ 390383.01953320519533, 5554449.360116546973586, 300.0 ], [ 390394.993252510612365, 5554475.363630756735802, 299.0 ], [ 390410.985901207895949, 5554533.429198301397264, 294.0 ], [ 390433.009646401042119, 5554575.354221122339368, 288.0 ], [ 390451.009606966807041, 5554609.35362687241286, 281.0 ], [ 390463.972866442345548, 5554617.429409269243479, 278.0 ], [ 390483.983292929420713, 5554648.384499455802143, 270.0 ], [ 390491.031837982241996, 5554664.367684326134622, 266.0 ], [ 390493.995363237860147, 5554669.423278134316206, 265.0 ], [ 390501.033143418841064, 5554681.40252482984215, 262.0 ], [ 390512.0250243578339, 5554701.420175299048424, 259.0 ], [ 390519.042185026337393, 5554712.398824130184948, 257.0 ], [ 390528.99011194211198, 5554730.324623567052186, 254.0 ], [ 390537.990715535823256, 5554747.380066869780421, 251.0 ], [ 390546.998838722123764, 5554761.32101484015584, 249.0 ], [ 390537.994052653142717, 5554775.409192094579339, 252.0 ], [ 390523.032066043524537, 5554781.388870844617486, 257.0 ], [ 390514.023360804771073, 5554781.351346166804433, 259.0 ], [ 390502.993191169458441, 5554780.354295602068305, 262.0 ], [ 390496.988146618008614, 5554780.366360045038164, 264.0 ], [ 390494.026467012241483, 5554789.325329332612455, 266.0 ], [ 390482.015487691678572, 5554782.342202861793339, 270.0 ], [ 390468.003553854476195, 5554775.400196184404194, 274.0 ], [ 390467.022714478429407, 5554769.414081362076104, 275.0 ], [ 390460.003229381632991, 5554758.324319464154541, 274.0 ], [ 390437.973468179348856, 5554740.424366971477866, 270.0 ], [ 390435.030480417073704, 5554736.369424538686872, 270.0 ], [ 390427.033258475945331, 5554726.412058986723423, 268.0 ], [ 390414.040846935356967, 5554727.346361418254673, 267.0 ], [ 390402.042428811779246, 5554738.381931397132576, 265.0 ], [ 390389.001208971429151, 5554754.332952616736293, 264.0 ], [ 390366.002989969681948, 5554762.369102052412927, 266.0 ], [ 390342.033597469911911, 5554761.415925902314484, 267.0 ], [ 390328.000772642204538, 5554767.377053147181869, 268.0 ], [ 390324.976519903982989, 5554766.326971981674433, 268.0 ], [ 390310.995761832455173, 5554764.389948520809412, 269.0 ], [ 390294.033050226513296, 5554770.411425405181944, 268.0 ], [ 390273.974655083089601, 5554775.384374677203596, 266.0 ], [ 390258.011274558259174, 5554774.378097572363913, 264.0 ], [ 390238.005021175951697, 5554785.35637856181711, 262.0 ], [ 390226.988198025966994, 5554802.378426972776651, 260.0 ], [ 390222.986584347614553, 5554816.364191773347557, 258.0 ], [ 390213.988849153509364, 5554820.331128979101777, 257.0 ], [ 390203.99296297453111, 5554824.429857986047864, 256.0 ], [ 390177.97270262427628, 5554852.327502598054707, 253.0 ], [ 390158.01175260101445, 5554872.4258027151227, 251.0 ], [ 390141.98995308438316, 5554896.335993246175349, 250.0 ], [ 390121.977565041743219, 5554924.332637278363109, 249.0 ], [ 390108.041184344503563, 5554938.411973957903683, 249.0 ], [ 390094.990314311580732, 5554950.359781919047236, 249.0 ], [ 390081.983041936764494, 5554964.420044705271721, 249.0 ], [ 390069.982088525954168, 5554968.337910547852516, 249.0 ], [ 390053.97944993886631, 5554972.33830198366195, 249.0 ], [ 390044.032502958551049, 5554975.324063269421458, 250.0 ], [ 390030.002851655590348, 5554981.397169171832502, 250.0 ], [ 390022.036145298508927, 5554983.341092475689948, 250.0 ], [ 390012.028076589107513, 5554976.428938268683851, 250.0 ], [ 390003.007019811891951, 5554965.381030801683664, 251.0 ], [ 389989.984210292226635, 5554954.415684383362532, 253.0 ], [ 389983.036969771084841, 5554950.332355909980834, 254.0 ], [ 389941.996769961435348, 5554922.371243094094098, 260.0 ], [ 389905.029359560227022, 5554894.326353559270501, 259.0 ], [ 389876.003393051214516, 5554887.36216529738158, 254.0 ], [ 389850.986101796210278, 5554908.344662732444704, 249.0 ], [ 389839.999120389926247, 5554916.357521751895547, 247.0 ], [ 389817.005942617775872, 5554938.410654470324516, 243.0 ], [ 389774.998731670086272, 5555019.362544081173837, 230.0 ], [ 389736.994849905953743, 5555093.335932328365743, 223.0 ], [ 389716.000127341889311, 5555139.373394457623363, 227.0 ], [ 389707.003296742506791, 5555143.34120187163353, 227.0 ], [ 389703.043111225764733, 5555145.425206793472171, 228.0 ], [ 389683.983044227468781, 5555136.365112096071243, 229.0 ], [ 389668.034909569309093, 5555070.403366471640766, 242.0 ], [ 389661.986074068117887, 5555023.367992131970823, 249.0 ], [ 389652.986632253276184, 5554975.392627193592489, 247.0 ], [ 389645.977309205278289, 5554961.411753309890628, 246.0 ], [ 389624.03536914056167, 5554944.403091778047383, 245.0 ], [ 389593.001908914884552, 5554923.356072023510933, 238.0 ], [ 389564.996789186145179, 5554917.373481372371316, 232.0 ], [ 389521.025679127429612, 5554934.412214871495962, 226.0 ], [ 389487.99042543786345, 5554951.335922972299159, 224.0 ], [ 389492.038143058656715, 5554960.372723082080483, 224.0 ], [ 389499.008625050657429, 5554979.359462736174464, 223.0 ], [ 389504.038205031305552, 5554994.382225265726447, 223.0 ] ] ] } },
{ "type": "Feature", "properties": { "name": "Saar-Hunsrück-Steig - 22. Etappe: Schmausemühle - Morshausen", "km": 10.141, "darstell": "F2", "datum": null, "height": 236, "link": "https://www.saar-hunsrueck-steig.de/tour/saar-hunsrueck-steig-22.-etappe-schmausemuehle-morshausen-ae39cca27b" }, "geometry": { "type": "MultiLineString", "coordinates": [ [ [ 389504.038205031305552, 5554994.382225265726447, 223.0 ], [ 389482.010436854674481, 5554997.396912263706326, 223.0 ], [ 389457.972576216212474, 5555010.352629408240318, 224.0 ], [ 389414.0233085413347, 5555028.392883520573378, 225.0 ], [ 389384.995298288704362, 5555052.352751254104078, 225.0 ], [ 389376.999290784820914, 5555087.332932134158909, 224.0 ], [ 389357.005016139126383, 5555088.415095320902765, 224.0 ], [ 389349.016007481957786, 5555113.38467317353934, 226.0 ], [ 389328.024022031691857, 5555128.391138855367899, 229.0 ], [ 389304.01703366287984, 5555139.34484258107841, 233.0 ], [ 389244.027363485947717, 5555190.420572503469884, 237.0 ], [ 389229.99805371160619, 5555227.417210756801069, 237.0 ], [ 389223.974244978220668, 5555264.358813005499542, 232.0 ], [ 389228.993963973363861, 5555306.409953084774315, 224.0 ], [ 389225.989255837979726, 5555330.386394956149161, 220.0 ], [ 389210.990012548747472, 5555365.401154071092606, 219.0 ], [ 389148.000512367696501, 5555416.429204099811614, 219.0 ], [ 389114.974932140554301, 5555447.369923333637416, 219.0 ], [ 389103.018938461435027, 5555477.4277065070346, 219.0 ], [ 389100.988207510788925, 5555510.393472122959793, 218.0 ], [ 389105.024183533794712, 5555546.347451405599713, 217.0 ], [ 389110.988839994359296, 5555575.36517745256424, 217.0 ], [ 389123.011774234124459, 5555586.349193003028631, 216.0 ], [ 389141.038835320796352, 5555597.319624209776521, 215.0 ], [ 389169.981207988515962, 5555600.388475921936333, 214.0 ], [ 389193.021037920319941, 5555608.362953622825444, 213.0 ], [ 389212.020951293408871, 5555628.322874744422734, 213.0 ], [ 389247.972723739570938, 5555645.372466827742755, 214.0 ], [ 389262.019171275664121, 5555664.32316982652992, 214.0 ], [ 389267.980303062766325, 5555686.333748039789498, 214.0 ], [ 389259.97822430805536, 5555693.396083266474307, 214.0 ], [ 389246.008773495035712, 5555695.354665508493781, 214.0 ], [ 389217.015986171318218, 5555686.391379087232053, 214.0 ], [ 389188.011724740732461, 5555680.320416336879134, 214.0 ], [ 389163.995399938256014, 5555680.374694388359785, 214.0 ], [ 389130.995347522606608, 5555688.401850799098611, 214.0 ], [ 389081.001984538976103, 5555697.338847239501774, 214.0 ], [ 389055.023929164395668, 5555692.429159758612514, 214.0 ], [ 389028.031681426451541, 5555659.399963251315057, 216.0 ], [ 389015.026912877277937, 5555649.326422336511314, 217.0 ], [ 388987.009983037947677, 5555632.335616665892303, 216.0 ], [ 388966.003264297731221, 5555629.324954002164304, 213.0 ], [ 388955.039931326638907, 5555638.340305170044303, 211.0 ], [ 388940.01058493880555, 5555644.325979658402503, 209.0 ], [ 388927.014079406042583, 5555672.403781509958208, 205.0 ], [ 388906.019650864298455, 5555697.422640288248658, 206.0 ], [ 388893.029748508357443, 5555698.360686428844929, 206.0 ], [ 388833.988213284814265, 5555650.428418242372572, 210.0 ], [ 388804.024006507417653, 5555622.356314088217914, 210.0 ], [ 388792.012496607610956, 5555615.376980076543987, 210.0 ], [ 388775.979733589920215, 5555614.376659326255322, 210.0 ], [ 388759.003693179169204, 5555626.40979118924588, 210.0 ], [ 388744.031590716622304, 5555645.408556377515197, 210.0 ], [ 388741.013999195711222, 5555658.374021772295237, 210.0 ], [ 388735.008303439361043, 5555747.37087818607688, 209.0 ], [ 388742.990717576642055, 5555787.357775595970452, 210.0 ], [ 388713.977654348243959, 5555849.361406953074038, 208.0 ], [ 388710.986800799611956, 5555918.385508673265576, 204.0 ], [ 388702.024099820584524, 5555968.402983373962343, 202.0 ], [ 388684.018474824842997, 5556006.374151409603655, 201.0 ], [ 388653.035648853052408, 5556001.348502526991069, 204.0 ], [ 388618.043079363007564, 5555999.409974379464984, 207.0 ], [ 388542.034018335107248, 5556025.357589200139046, 206.0 ], [ 388479.041480137268081, 5556082.400506100617349, 203.0 ], [ 388439.990783139597625, 5556115.362651342526078, 202.0 ], [ 388388.013075749680866, 5556244.363727110438049, 202.0 ], [ 388356.997920423862524, 5556309.414678847417235, 199.0 ], [ 388294.004502924159169, 5556318.409131131134927, 208.0 ], [ 388246.020907969039399, 5556327.423331893049181, 215.0 ], [ 388177.996522933593951, 5556362.329765359871089, 228.0 ], [ 388190.034723061835393, 5556452.395188515074551, 212.0 ], [ 388213.017170250357594, 5556488.396275342442095, 205.0 ], [ 388292.030416730907746, 5556524.335217799991369, 195.0 ], [ 388332.01958150183782, 5556553.417896276339889, 193.0 ], [ 388310.006634232588112, 5556611.384460389614105, 191.0 ], [ 388280.013231311691925, 5556636.372171100229025, 190.0 ], [ 388260.008894161554053, 5556667.379466542042792, 188.0 ], [ 388242.974502155731898, 5556676.412461522966623, 187.0 ], [ 388227.008914089237805, 5556702.329909992404282, 185.0 ], [ 388220.017903156753164, 5556723.387573901563883, 183.0 ], [ 388220.008984685351606, 5556743.408985561691225, 182.0 ], [ 388212.019269936427008, 5556788.401852731592953, 182.0 ], [ 388196.994678784045391, 5556852.340016005560756, 184.0 ], [ 388201.971643922501244, 5556878.374447157606483, 184.0 ], [ 388207.978462268132716, 5556885.367110814899206, 184.0 ], [ 388212.018627995974384, 5556897.406337408348918, 184.0 ], [ 388215.018445975729264, 5556914.361465459689498, 184.0 ], [ 388215.035003097145818, 5556925.372795581817627, 184.0 ], [ 388209.036337746714707, 5556932.394817243330181, 184.0 ], [ 388174.030614221817814, 5556919.336774811148643, 192.0 ], [ 388151.990597209776752, 5556904.338409727439284, 198.0 ], [ 388142.012877682573162, 5556895.427020767703652, 201.0 ], [ 388112.026264491956681, 5556876.368891834281385, 206.0 ], [ 388104.019157366361469, 5556869.418326055631042, 206.0 ], [ 388088.010956303274725, 5556869.420745773240924, 206.0 ], [ 388073.98611444409471, 5556875.38793711643666, 206.0 ], [ 388061.028664993238635, 5556891.343373902142048, 206.0 ], [ 388047.977060974750202, 5556916.421616380102932, 205.0 ], [ 388013.012097638507839, 5557007.363078377209604, 196.0 ], [ 388007.99310126202181, 5557030.381764752790332, 195.0 ], [ 388003.018839174124878, 5557096.334008979611099, 191.0 ], [ 387992.989172671048436, 5557122.349980250000954, 189.0 ], [ 387976.98650030803401, 5557146.378168629482388, 188.0 ], [ 387987.002534072787967, 5557184.319282745011151, 185.0 ], [ 387924.041632101172581, 5557211.336973941884935, 191.0 ], [ 387887.009005185391288, 5557234.361789739690721, 195.0 ], [ 387867.025868657103274, 5557259.363918070681393, 192.0 ], [ 387853.029572960513178, 5557307.375852709636092, 186.0 ], [ 387830.982294399291277, 5557346.325252570211887, 185.0 ], [ 387817.04196316585876, 5557366.417539373971522, 185.0 ], [ 387807.987079463724513, 5557367.386773008853197, 185.0 ], [ 387782.972247605095617, 5557377.367981587536633, 185.0 ], [ 387763.993666568538174, 5557392.338730324059725, 183.0 ], [ 387747.992880126577802, 5557416.367642476223409, 181.0 ], [ 387740.015413985296618, 5557441.339874199591577, 179.0 ], [ 387738.008521625597496, 5557461.403466180898249, 177.0 ], [ 387740.982832965324633, 5557514.397289467044175, 179.0 ], [ 387725.990671774023212, 5557535.401843020692468, 181.0 ], [ 387698.005219853599556, 5557560.35083990264684, 183.0 ], [ 387662.035928839119151, 5557596.368805440142751, 185.0 ], [ 387648.002058904385194, 5557615.351264355704188, 186.0 ], [ 387635.975357205141336, 5557641.410134370438755, 185.0 ], [ 387631.03826919500716, 5557661.424351862631738, 183.0 ], [ 387632.999134889629204, 5557693.417136581614614, 179.0 ], [ 387637.971116205502767, 5557712.332556598819792, 177.0 ], [ 387641.026717926724814, 5557745.414555953815579, 174.0 ], [ 387639.975738443550654, 5557763.344691623933613, 173.0 ], [ 387646.483756922942121, 5557780.559282754547894, 172.0 ], [ 387640.769271091325209, 5557797.586691102012992, 172.0 ], [ 387623.594777617719956, 5557820.083591588772833, 171.0 ], [ 387604.824434711248614, 5557838.053799674846232, 172.0 ], [ 387583.648072300828062, 5557853.739018280059099, 173.0 ], [ 387566.169010984769557, 5557861.782682669349015, 174.0 ], [ 387545.033769959758501, 5557876.021208250895143, 175.0 ], [ 387526.214602830121294, 5557891.656916724517941, 173.0 ], [ 387519.448782660765573, 5557899.474599190056324, 172.0 ], [ 387518.99276627850486, 5557911.719500537030399, 171.0 ], [ 387527.134621833392885, 5557935.239562311209738, 168.0 ], [ 387528.307490802195389, 5557953.567714993841946, 166.0 ], [ 387538.605592219450045, 5557970.924637473188341, 165.0 ], [ 387549.216745902202092, 5557999.731636051088572, 165.0 ], [ 387568.776971957471687, 5558019.228956920094788, 166.0 ], [ 387592.273401467653457, 5558042.425107554532588, 166.0 ], [ 387619.538365415297449, 5558064.763254925608635, 165.0 ], [ 387643.163334922923241, 5558094.07453921623528, 164.0 ], [ 387646.025481626449618, 5558121.376688657328486, 163.0 ], [ 387675.198870904103387, 5558122.429983436129987, 163.0 ], [ 387685.657914818264544, 5558147.458621435798705, 164.0 ], [ 387693.886548239854164, 5558171.755686554126441, 164.0 ], [ 387686.593112279719207, 5558191.819553309120238, 165.0 ], [ 387681.030278983118478, 5558219.410566389560699, 167.0 ], [ 387662.373763205250725, 5558242.717254211194813, 169.0 ], [ 387652.418740322173107, 5558278.85438447073102, 171.0 ], [ 387645.809037683182396, 5558327.934867033734918, 170.0 ], [ 387641.86119291104842, 5558360.942137755453587, 170.0 ], [ 387641.613695548265241, 5558383.082080754451454, 170.0 ], [ 387648.350859142025001, 5558411.192349108867347, 170.0 ], [ 387659.902228808612563, 5558450.76899469550699, 170.0 ], [ 387668.17171349003911, 5558480.404187325388193, 169.0 ], [ 387676.424705030745827, 5558509.261130417697132, 169.0 ], [ 387697.891265338636003, 5558544.735746768303216, 168.0 ], [ 387687.004739507217892, 5558577.333128017373383, 168.0 ], [ 387672.030653759778943, 5558619.360033604316413, 170.0 ], [ 387628.039072687563021, 5558674.345570961944759, 174.0 ], [ 387583.038678939919919, 5558715.337835260666907, 178.0 ], [ 387570.03310701349983, 5558769.336363556794822, 174.0 ], [ 387575.9904923363938, 5558794.348577251657844, 172.0 ], [ 387590.034672116569709, 5558823.416862881742418, 169.0 ], [ 387599.987668682122603, 5558858.35546740423888, 164.0 ], [ 387607.01902000856353, 5558873.334358054213226, 162.0 ], [ 387619.040470485691912, 5558884.42615279275924, 160.0 ], [ 387634.986902575357817, 5558895.323940212838352, 158.0 ], [ 387647.97559525386896, 5558918.408216807991266, 156.0 ], [ 387667.978183217230253, 5558935.338181283324957, 153.0 ], [ 387727.006257519708015, 5559024.412209927104414, 146.0 ], [ 387704.992053820227738, 5559098.399235360324383, 144.0 ], [ 387692.004146148334257, 5559119.36184652056545, 144.0 ], [ 387679.009976376313716, 5559160.346004697494209, 143.0 ], [ 387673.019596731930505, 5559174.376078787259758, 143.0 ], [ 387656.990881360427011, 5559193.400784959085286, 143.0 ], [ 387642.014069975120947, 5559228.420461065135896, 142.0 ], [ 387645.01667714654468, 5559262.393473456613719, 142.0 ], [ 387659.011696323286742, 5559299.360268334858119, 144.0 ], [ 387668.001736096455716, 5559312.406998441554606, 145.0 ], [ 387687.988396522821859, 5559352.361922156065702, 147.0 ], [ 387703.995771051559132, 5559376.383713402785361, 147.0 ], [ 387715.035087552038021, 5559388.386235411278903, 147.0 ], [ 387731.976949463947676, 5559392.367020457983017, 147.0 ], [ 387769.020813348994125, 5559394.366968189366162, 147.0 ], [ 387797.000296470767353, 5559393.33247653581202, 147.0 ], [ 387816.015016899735201, 5559397.381083173677325, 147.0 ], [ 387830.010676792357117, 5559407.319420411251485, 147.0 ], [ 387849.023219629016239, 5559472.322124865837395, 146.0 ], [ 387860.016383315087296, 5559492.334448831155896, 145.0 ], [ 387878.981521751033142, 5559514.403538403101265, 144.0 ], [ 387880.973634167632554, 5559534.382960707880557, 145.0 ], [ 387876.999908901343588, 5559559.382103172130883, 146.0 ], [ 387868.035448450653348, 5559598.390066317282617, 149.0 ], [ 387814.973727995471563, 5559646.335427303798497, 141.0 ], [ 387812.974619103246368, 5559646.377543477341533, 140.0 ], [ 387821.980054111336358, 5559653.417769251391292, 139.0 ], [ 387858.016694471763913, 5559665.338945177383721, 136.0 ], [ 387885.02914286107989, 5559669.330572531558573, 139.0 ], [ 387930.029950256459415, 5559669.384371009655297, 144.0 ], [ 387933.984766373643652, 5559677.420914893969893, 146.0 ], [ 387925.976520598633215, 5559697.38836020976305, 147.0 ], [ 387922.006329642841592, 5559712.376715611666441, 148.0 ], [ 387929.035771756316535, 5559727.356020574457943, 149.0 ], [ 387928.028016518102959, 5559730.380435097962618, 149.0 ], [ 387935.985560700821225, 5559745.340214813128114, 150.0 ], [ 387930.016319812682923, 5559760.370636777952313, 151.0 ], [ 387911.033346828946378, 5559771.33702839538455, 153.0 ], [ 387898.976909830467775, 5559792.390810972079635, 157.0 ], [ 387896.007560035097413, 5559824.376289808191359, 163.0 ], [ 387903.98135708773043, 5559894.394456434063613, 174.0 ], [ 387915.024974563682918, 5559930.422906596213579, 180.0 ], [ 387916.041994460276328, 5559941.413253669627011, 182.0 ], [ 387929.997535958478693, 5559939.339826251380146, 184.0 ], [ 387942.032445188960992, 5559944.425565417855978, 185.0 ], [ 387956.034704858495388, 5559951.360839072614908, 185.0 ], [ 387957.009526611655019, 5559960.349942247383296, 186.0 ], [ 387967.983958794502541, 5559969.351096848957241, 186.0 ], [ 387982.004934658063576, 5559970.390861593186855, 187.0 ], [ 388001.992201353714336, 5559983.429210747592151, 188.0 ], [ 387991.992617256531958, 5559983.41709609888494, 188.0 ], [ 387986.037666604039259, 5559992.329524846747518, 189.0 ], [ 387961.973782757588197, 5559999.398383025079966, 191.0 ], [ 387996.983559452521149, 5560020.351633346639574, 195.0 ], [ 388003.016647157317493, 5560025.341298148967326, 196.0 ], [ 388003.978584304684773, 5560030.326405676081777, 196.0 ], [ 388000.992939686984755, 5560034.393480850383639, 197.0 ], [ 387991.006259683053941, 5560038.385373477824032, 198.0 ], [ 387963.034772262733895, 5560046.426278659142554, 205.0 ], [ 387948.035569062049035, 5560046.408226018771529, 209.0 ], [ 387927.024292981310282, 5560042.401254808530211, 214.0 ], [ 387929.027901842258871, 5560049.366562989540398, 215.0 ], [ 387921.983543125621509, 5560057.412162343040109, 218.0 ], [ 387922.030329118075315, 5560066.4207973331213, 220.0 ], [ 387929.03474631998688, 5560090.410241247154772, 227.0 ], [ 387942.041818276629783, 5560104.373896135948598, 232.0 ], [ 387948.032751882157754, 5560107.362247500568628, 234.0 ], [ 387960.036662192607764, 5560131.357742852531374, 242.0 ], [ 387973.006047125498299, 5560150.327604287303984, 248.0 ], [ 387998.034409809333738, 5560165.373218582943082, 253.0 ], [ 388002.996494839433581, 5560170.38540889788419, 254.0 ], [ 388012.009070199623238, 5560174.4225660180673, 255.0 ], [ 388010.012374658253975, 5560181.360814079642296, 256.0 ], [ 388004.975231497257482, 5560186.360881789587438, 257.0 ], [ 388006.999742112297099, 5560194.326844293624163, 259.0 ], [ 388026.990668497281149, 5560214.372662116773427, 263.0 ], [ 388036.020455869380385, 5560229.421247097663581, 265.0 ], [ 388028.0082464000443, 5560242.3811777215451, 267.0 ], [ 388032.015875442652032, 5560273.330016188323498, 270.0 ], [ 388030.034325929707848, 5560284.383443701080978, 272.0 ], [ 388034.975231930438895, 5560288.395036718808115, 273.0 ], [ 388030.039676293905359, 5560308.408976319245994, 275.0 ], [ 388036.988473816949409, 5560326.393301808275282, 278.0 ], [ 388036.976487629348412, 5560339.407445202581584, 280.0 ], [ 388055.037742184009403, 5560376.400866623967886, 285.0 ], [ 388058.024706240685191, 5560406.370115921832621, 290.0 ], [ 388042.019656032091007, 5560426.394357970915735, 293.0 ], [ 388036.032147910445929, 5560447.320261891931295, 297.0 ], [ 388038.037133881938644, 5560488.321915310807526, 303.0 ], [ 388030.027683066669852, 5560501.393034106120467, 305.0 ], [ 388022.989717965421733, 5560506.323950708843768, 305.0 ], [ 388014.031278892187402, 5560518.413988367654383, 305.0 ], [ 387986.971540679340251, 5560532.330868921242654, 305.0 ], [ 387962.023175065172836, 5560524.402389388531446, 305.0 ], [ 387922.00781633600127, 5560523.35377633664757, 305.0 ], [ 387894.037716050632298, 5560514.376927997916937, 305.0 ], [ 387883.039729192794766, 5560514.386077912524343, 305.0 ], [ 387842.999833029811271, 5560522.348203279078007, 306.0 ], [ 387808.002285040623974, 5560515.41077022626996, 306.0 ], [ 387801.024536533863284, 5560533.354635140858591, 307.0 ], [ 387801.983334547665436, 5560548.35048502869904, 307.0 ], [ 387715.998696617316455, 5560548.383691368624568, 297.0 ], [ 387683.006504767341539, 5560582.337476682849228, 292.0 ], [ 387655.012159206555225, 5560582.372034111991525, 292.0 ], [ 387634.010733480448835, 5560575.362859042361379, 292.0 ], [ 387624.01223430322716, 5560575.351451469585299, 292.0 ], [ 387647.02971045661252, 5560620.358760043978691, 295.0 ], [ 387671.987554794875905, 5560652.42251353058964, 302.0 ], [ 387757.039388764125761, 5560662.418915056623518, 309.0 ], [ 387829.038526146789081, 5560683.369773065671325, 306.0 ], [ 387859.021869755408261, 5560696.419355196878314, 304.0 ], [ 387858.986948917910922, 5560708.32170535530895, 303.0 ], [ 387864.008566200092901, 5560726.346418308094144, 301.0 ], [ 387879.012009052501526, 5560750.38976448122412, 300.0 ], [ 387921.025790233572479, 5560802.339262654073536, 297.0 ], [ 387956.000203142873943, 5560835.416904428973794, 294.0 ], [ 387972.037394448416308, 5560854.322152684442699, 292.0 ], [ 387985.011036096897442, 5560863.392444746568799, 291.0 ], [ 387984.982833243673667, 5560882.413364957086742, 290.0 ], [ 387983.012188555032481, 5560897.359652944840491, 290.0 ], [ 387974.022944112075493, 5560911.341350683942437, 292.0 ], [ 387953.012730791873764, 5560934.363263994455338, 294.0 ], [ 387952.979972253378946, 5560946.376795431599021, 295.0 ], [ 387956.003645763616078, 5560954.321708902716637, 296.0 ], [ 387969.976389085641131, 5560963.370927575975657, 297.0 ], [ 387989.006480436073616, 5560968.420704765245318, 299.0 ], [ 388004.000745552242734, 5560968.327654431574047, 301.0 ], [ 388101.984688484342769, 5560948.358894688077271, 312.0 ], [ 388126.974647332739551, 5560941.382277920842171, 314.0 ], [ 388143.990394553809892, 5560925.341266449540854, 315.0 ], [ 388192.029649780306499, 5560958.368313952349126, 314.0 ], [ 388169.988742688321508, 5561017.338244098238647, 311.0 ], [ 388181.011081960867159, 5561025.337688185274601, 311.0 ], [ 388193.016037652618252, 5561039.322925789281726, 311.0 ], [ 388223.030152236809954, 5561057.379157774150372, 313.0 ], [ 388242.00721766933566, 5561080.338934840634465, 313.0 ], [ 388256.008492972876411, 5561087.386140768416226, 314.0 ], [ 388268.999752753297798, 5561097.346559260971844, 314.0 ], [ 388279.988140111265238, 5561100.341569520533085, 314.0 ], [ 388308.028135228028987, 5561092.411926578730345, 315.0 ], [ 388324.040447963168845, 5561103.42137895245105, 315.0 ], [ 388440.986450133961625, 5561102.414953952655196, 321.0 ], [ 388458.971999202854931, 5561105.374906925484538, 321.0 ], [ 388494.029933810990769, 5561115.429620273411274, 322.0 ], [ 388505.983992026769556, 5561113.399526757188141, 323.0 ], [ 388510.995741032646038, 5561100.391908588819206, 323.0 ], [ 388520.560171930643264, 5561089.958452037535608, 324.0 ], [ 388523.000258374144323, 5561097.3597311694175, 324.0 ], [ 388576.985419557895511, 5561172.421608608216047, 325.0 ], [ 388615.023084071115591, 5561229.353599325753748, 327.0 ], [ 388625.015551075164694, 5561239.377611015923321, 327.0 ], [ 388636.487611409975216, 5561234.799607997760177, 327.0 ] ] ] } },
{ "type": "Feature", "properties": { "name": "Saar-Hunsrück-Steig - 23. Etappe: Morshausen - Oppenhausen", "km": 16.29, "darstell": "F1", "datum": null, "height": 403, "link": "https://www.saar-hunsrueck-steig.de/tour/saar-hunsrueck-steig-23.-etappe-morshausen-oppenhausen-7469127f7a" }, "geometry": { "type": "MultiLineString", "coordinates": [ [ [ 388637.38292205252219, 5561233.223660994321108, 328.0 ], [ 388637.834436673438177, 5561234.326509427279234, 327.0 ], [ 388640.856085638632067, 5561249.056819355115294, 326.0 ], [ 388640.155443069408648, 5561256.523859922774136, 325.0 ], [ 388643.988639996096026, 5561265.675713006407022, 324.0 ], [ 388647.046006831922568, 5561275.288718586787581, 324.0 ], [ 388654.136693038686644, 5561293.382020947523415, 322.0 ], [ 388664.575671593076549, 5561314.519715771079063, 320.0 ], [ 388678.544450656976551, 5561337.140810751356184, 318.0 ], [ 388700.269372597918846, 5561368.72055581677705, 317.0 ], [ 388722.065417496487498, 5561400.298894987441599, 316.0 ], [ 388731.033269251754973, 5561412.569104111753404, 315.0 ], [ 388732.63601469504647, 5561414.092809081077576, 315.0 ], [ 388747.164297065522987, 5561439.594338549301028, 315.0 ], [ 388764.821541922050528, 5561478.155587301589549, 315.0 ], [ 388784.827487860864494, 5561519.782231553457677, 312.0 ], [ 388803.397071452985983, 5561564.442151319235563, 309.0 ], [ 388812.313606110401452, 5561587.947736380621791, 307.0 ], [ 388822.84666567936074, 5561613.644153265282512, 305.0 ], [ 388824.872685431852005, 5561638.850924734957516, 304.0 ], [ 388823.757166014111135, 5561657.227097747847438, 303.0 ], [ 388830.736387136625126, 5561663.198920281603932, 302.0 ], [ 388845.306917071633507, 5561673.68382294010371, 302.0 ], [ 388857.28549123351695, 5561686.558715641498566, 301.0 ], [ 388879.927648792858236, 5561710.890051632188261, 299.0 ], [ 388880.863766479247715, 5561745.462872862815857, 297.0 ], [ 388880.433234567346517, 5561745.360633386299014, 297.0 ], [ 388883.326550994999707, 5561795.019798535853624, 294.0 ], [ 388890.349244785378687, 5561840.699712209403515, 291.0 ], [ 388900.576961457903963, 5561889.427143722772598, 287.0 ], [ 388934.70559177378891, 5561981.813777007162571, 281.0 ], [ 388911.017109861131757, 5562023.574417604133487, 279.0 ], [ 388875.962042392289732, 5562030.424013365991414, 278.0 ], [ 388899.579824045184068, 5562060.518953057937324, 275.0 ], [ 388931.023571346129756, 5562099.571444679051638, 272.0 ], [ 388974.741319966036826, 5562138.367983569391072, 268.0 ], [ 389007.524977752298582, 5562169.82933349814266, 264.0 ], [ 389022.674918342148885, 5562232.135513710789382, 262.0 ], [ 389061.307361528510228, 5562249.682727713137865, 260.0 ], [ 389106.82867918087868, 5562262.081306527368724, 258.0 ], [ 389106.830996429140214, 5562262.192487644031644, 258.0 ], [ 389128.939531402662396, 5562333.029793743044138, 261.0 ], [ 389134.736377928173169, 5562354.265046368353069, 264.0 ], [ 389151.959956200269517, 5562392.836469241417944, 269.0 ], [ 389136.599076317972504, 5562409.396022669039667, 271.0 ], [ 389116.317298023728654, 5562429.61752244271338, 272.0 ], [ 389157.313465354091022, 5562457.905367445200682, 275.0 ], [ 389198.309194516623393, 5562486.193523214198649, 276.0 ], [ 389239.306800176214892, 5562514.593170928768814, 276.0 ], [ 389280.30165215866873, 5562542.88194824103266, 274.0 ], [ 389288.72830808715662, 5562560.169590338133276, 273.0 ], [ 389310.662037593720015, 5562598.754689795896411, 272.0 ], [ 389332.595461826480459, 5562637.339877305552363, 270.0 ], [ 389354.528580783051439, 5562675.925152868032455, 268.0 ], [ 389376.390039169345982, 5562714.512000274844468, 268.0 ], [ 389398.322548088035546, 5562753.097451654262841, 268.0 ], [ 389419.437499469495378, 5562790.142769153229892, 267.0 ], [ 389393.791256792668719, 5562840.729124451987445, 265.0 ], [ 389351.703276202257257, 5562879.867280401289463, 265.0 ], [ 389322.846385820594151, 5562899.59903965704143, 265.0 ], [ 389323.288381930440664, 5562900.257219875231385, 265.0 ], [ 389310.680485152988695, 5562908.416836811229587, 265.0 ], [ 389293.648389613372274, 5562913.220445317216218, 266.0 ], [ 389277.83818726107711, 5562914.995482283644378, 266.0 ], [ 389262.560261168633588, 5562921.764810130000114, 266.0 ], [ 389249.890411737142131, 5562930.370783790946007, 267.0 ], [ 389238.358022711821832, 5562942.178758905269206, 267.0 ], [ 389236.323532766662538, 5562943.889562953263521, 267.0 ], [ 389224.894547910836991, 5562953.804515679366887, 267.0 ], [ 389205.910547641455196, 5562974.554875751957297, 267.0 ], [ 389197.95056976476917, 5562986.510999006219208, 267.0 ], [ 389190.451162512414157, 5563000.01475425157696, 266.0 ], [ 389173.658964859670959, 5563023.166632714681327, 266.0 ], [ 389169.457576074986719, 5563033.932201849296689, 266.0 ], [ 389162.89235894952435, 5563044.302111019380391, 265.0 ], [ 389157.470628075650893, 5563051.311315663158894, 264.0 ], [ 389151.0013464675867, 5563056.006536144763231, 264.0 ], [ 389159.859979439643212, 5563070.05931719020009, 263.0 ], [ 389171.007330410298891, 5563108.312460911460221, 260.0 ], [ 389178.130728066782467, 5563124.737243913114071, 259.0 ], [ 389186.234448847942986, 5563140.251776005141437, 257.0 ], [ 389203.665827305638231, 5563168.363411386497319, 253.0 ], [ 389212.282750647864304, 5563184.534666391089559, 252.0 ], [ 389217.837701488984749, 5563194.207165169529617, 251.0 ], [ 389216.77065614098683, 5563201.236848215572536, 250.0 ], [ 389220.72204709390644, 5563216.170535121113062, 248.0 ], [ 389227.374964792164974, 5563227.154929414391518, 247.0 ], [ 389250.064367830869742, 5563250.708022148348391, 243.0 ], [ 389250.13803094153991, 5563250.817717850208282, 243.0 ], [ 389260.310866836807691, 5563269.737383741885424, 241.0 ], [ 389264.778547898982652, 5563292.335184773430228, 238.0 ], [ 389271.238480313157197, 5563307.772826196625829, 237.0 ], [ 389290.142125353799202, 5563338.078657358884811, 233.0 ], [ 389293.242833914933726, 5563343.019444288685918, 232.0 ], [ 389309.119222921435721, 5563368.494250460527837, 229.0 ], [ 389309.757478594314307, 5563375.154735956341028, 229.0 ], [ 389308.190554214001168, 5563378.74668925255537, 228.0 ], [ 389304.434648753958754, 5563380.048381521366537, 228.0 ], [ 389293.219382453127764, 5563379.614432855509222, 227.0 ], [ 389284.468836175219622, 5563377.571988326497376, 226.0 ], [ 389274.256229946040548, 5563370.443437920883298, 225.0 ], [ 389275.653184396738652, 5563389.545830494724214, 224.0 ], [ 389277.036941823200323, 5563394.29989240784198, 223.0 ], [ 389241.236933854874223, 5563392.375775548629463, 220.0 ], [ 389234.598556443466805, 5563385.506558991037309, 220.0 ], [ 389222.272412015881855, 5563372.86064534354955, 220.0 ], [ 389211.043308877851814, 5563354.630429962649941, 221.0 ], [ 389198.762455772957765, 5563337.311982429586351, 222.0 ], [ 389185.501195183955133, 5563320.903823430649936, 223.0 ], [ 389160.253012013796251, 5563301.297360145486891, 224.0 ], [ 389140.549398600007407, 5563284.022495718672872, 224.0 ], [ 389118.19137543492252, 5563262.687540075741708, 224.0 ], [ 389095.906841082323808, 5563241.46237010974437, 224.0 ], [ 389085.013965985155664, 5563229.120558558963239, 225.0 ], [ 389071.855904453550465, 5563214.267726543359458, 228.0 ], [ 389060.004163905396126, 5563193.603738072328269, 231.0 ], [ 389051.905321405618452, 5563181.759862589649856, 232.0 ], [ 389039.006939503829926, 5563165.678163092583418, 235.0 ], [ 389007.334317854372784, 5563135.862049857154489, 236.0 ], [ 388990.498106053448282, 5563122.643372217193246, 236.0 ], [ 388968.982282331620809, 5563107.520289499312639, 236.0 ], [ 388944.835659428616054, 5563092.89713392034173, 234.0 ], [ 388923.932799846166745, 5563083.211683252826333, 231.0 ], [ 388905.451770784973633, 5563076.701392573304474, 228.0 ], [ 388878.890516605461016, 5563062.685105198994279, 224.0 ], [ 388855.469224829867017, 5563052.051458822563291, 221.0 ], [ 388835.265603122883476, 5563041.684356775134802, 218.0 ], [ 388818.517654496070463, 5563036.139209232293069, 216.0 ], [ 388845.76024289248744, 5563072.498148773796856, 211.0 ], [ 388872.931118259613868, 5563108.858715032227337, 205.0 ], [ 388889.110561764857266, 5563128.208386979997158, 202.0 ], [ 388902.311785241414327, 5563148.510145979933441, 198.0 ], [ 388920.10248388099717, 5563169.828387071378529, 194.0 ], [ 388928.745820705837104, 5563187.222188760526478, 191.0 ], [ 388946.613990998885129, 5563205.424461911432445, 186.0 ], [ 388965.468194496119395, 5563229.835070899687707, 181.0 ], [ 388984.24856040533632, 5563254.136053001508117, 177.0 ], [ 389001.444023070740514, 5563284.587803513742983, 172.0 ], [ 389018.891639561508782, 5563310.029007384553552, 167.0 ], [ 389035.923812780820299, 5563329.250069435685873, 166.0 ], [ 389045.484214857104234, 5563342.731872356496751, 166.0 ], [ 389053.423919591587037, 5563353.800445083528757, 166.0 ], [ 389070.852522928500548, 5563378.352364893071353, 165.0 ], [ 389089.852377078379504, 5563399.534682552330196, 164.0 ], [ 389102.073706292663701, 5563417.410277375951409, 162.0 ], [ 389116.037895209621638, 5563440.143665879033506, 159.0 ], [ 389129.93062375910813, 5563462.878577335737646, 157.0 ], [ 389140.395864731690381, 5563482.125615086406469, 155.0 ], [ 389142.734523726743646, 5563484.74637966696173, 155.0 ], [ 389150.332832558953669, 5563493.152690180577338, 154.0 ], [ 389167.669239931739867, 5563506.472632410004735, 152.0 ], [ 389180.34036653325893, 5563518.555079910904169, 150.0 ], [ 389184.569633785635233, 5563529.701147015206516, 149.0 ], [ 389193.836065861803945, 5563535.959396760910749, 148.0 ], [ 389217.928104212507606, 5563558.37080520298332, 145.0 ], [ 389242.017625799868256, 5563580.671139248646796, 143.0 ], [ 389261.473834496631753, 5563599.842391555197537, 140.0 ], [ 389280.86087589384988, 5563619.126380165107548, 138.0 ], [ 389303.801038995094132, 5563637.6691012699157, 134.0 ], [ 389314.692219558230136, 5563646.563241863623261, 132.0 ], [ 389327.627232166996691, 5563657.639461664482951, 130.0 ], [ 389342.795000606914982, 5563673.118433860130608, 127.0 ], [ 389361.343162055418361, 5563686.413760293275118, 123.0 ], [ 389378.703854159102775, 5563700.957372619770467, 118.0 ], [ 389381.896093794261105, 5563703.449251361191273, 117.0 ], [ 389399.963156102690846, 5563717.64454860240221, 112.0 ], [ 389418.789450025418773, 5563730.60059311799705, 108.0 ], [ 389433.475324834114872, 5563716.057877320796251, 104.0 ], [ 389440.620446228829678, 5563709.569254285655916, 104.0 ], [ 389449.114149961504154, 5563702.718919626437128, 104.0 ], [ 389457.996641712146811, 5563693.969617904163897, 104.0 ], [ 389475.429846408835147, 5563670.805257568135858, 104.0 ], [ 389477.80927871534368, 5563668.531220193952322, 104.0 ], [ 389498.312976710149087, 5563648.862473441287875, 104.0 ], [ 389507.099153692019172, 5563642.339849245734513, 104.0 ], [ 389512.1644938889076, 5563642.234614024870098, 104.0 ], [ 389518.944371465360746, 5563642.20499527733773, 104.0 ], [ 389531.663929529953748, 5563639.493731005117297, 104.0 ], [ 389526.806693798338529, 5563653.053378162905574, 104.0 ], [ 389522.685750432196073, 5563664.261918844655156, 104.0 ], [ 389523.404559039394371, 5563674.81377742998302, 104.0 ], [ 389530.958364293619525, 5563684.556280235759914, 104.0 ], [ 389531.612241710303351, 5563688.546955412253737, 104.0 ], [ 389532.682873715646565, 5563695.420937671326101, 104.0 ], [ 389532.435206236084923, 5563707.55008380766958, 104.0 ], [ 389525.801935542083811, 5563728.376537130214274, 107.0 ], [ 389526.998831486329436, 5563731.02117923554033, 107.0 ], [ 389539.246166177676059, 5563757.128143225796521, 111.0 ], [ 389550.550032582308631, 5563785.92423196695745, 115.0 ], [ 389557.094276079966221, 5563808.924029511399567, 115.0 ], [ 389558.553650115267374, 5563813.899043697863817, 114.0 ], [ 389559.927889741724357, 5563852.578327904455364, 108.0 ], [ 389557.864365871471819, 5563863.187973998486996, 106.0 ], [ 389555.692084582115058, 5563865.123987833037972, 106.0 ], [ 389552.587769293459132, 5563866.856901133432984, 105.0 ], [ 389549.103665153845213, 5563867.485410454683006, 105.0 ], [ 389541.18032969685737, 5563867.42752221878618, 104.0 ], [ 389542.032288481772412, 5563874.083590048365295, 103.0 ], [ 389539.433492720592767, 5563896.717139018699527, 102.0 ], [ 389529.241225571196992, 5563928.295553936623037, 103.0 ], [ 389528.388773640675936, 5563945.665052246302366, 104.0 ], [ 389526.398743882542476, 5563952.936306145042181, 104.0 ], [ 389526.321265989623498, 5563962.948564051650465, 105.0 ], [ 389535.505457993189339, 5563961.867939318530262, 105.0 ], [ 389539.38057817495428, 5563959.451625877059996, 105.0 ], [ 389547.572467066347599, 5563951.829099345952272, 106.0 ], [ 389562.826199902861845, 5563933.715590683743358, 109.0 ], [ 389565.47219195420621, 5563927.0981066217646, 110.0 ], [ 389571.650048535550013, 5563911.842618619091809, 112.0 ], [ 389575.282581867009867, 5563894.304175220429897, 114.0 ], [ 389579.235582120774779, 5563885.323743179440498, 115.0 ], [ 389580.189571283350233, 5563869.398134449496865, 117.0 ], [ 389575.908994003315456, 5563831.669031525030732, 119.0 ], [ 389567.810600479366258, 5563795.687650734558702, 120.0 ], [ 389559.712110708060209, 5563759.706282617524266, 123.0 ], [ 389561.120908931829035, 5563731.313539469614625, 126.0 ], [ 389564.95904376055114, 5563723.670240292325616, 127.0 ], [ 389587.149001075711567, 5563692.398971293121576, 132.0 ], [ 389603.867431507562287, 5563676.034879365004599, 135.0 ], [ 389615.283344541094266, 5563655.220497878268361, 140.0 ], [ 389625.201712741923984, 5563644.781548540107906, 143.0 ], [ 389627.031243182020262, 5563643.520056850276887, 144.0 ], [ 389646.65212019183673, 5563629.431690341793001, 148.0 ], [ 389656.137759688659571, 5563615.33121611084789, 152.0 ], [ 389671.037532173562795, 5563576.648007152602077, 157.0 ], [ 389676.730732309981249, 5563565.518211000598967, 158.0 ], [ 389696.187625969294459, 5563526.295640840195119, 163.0 ], [ 389704.56152812181972, 5563499.871881135739386, 167.0 ], [ 389707.365995564148761, 5563473.341172191314399, 171.0 ], [ 389717.381237118097488, 5563453.779613363556564, 174.0 ], [ 389728.478605552983936, 5563445.096100410446525, 176.0 ], [ 389740.880973668652587, 5563437.386620788834989, 178.0 ], [ 389750.024624679703265, 5563434.305115907453001, 179.0 ], [ 389757.720727499865461, 5563433.700672469101846, 181.0 ], [ 389769.046326089941431, 5563436.024203281849623, 183.0 ], [ 389774.691840157960542, 5563436.352117228321731, 184.0 ], [ 389777.623756227258127, 5563429.728836499154568, 185.0 ], [ 389802.251297270588111, 5563402.301070650108159, 192.0 ], [ 389807.53248021681793, 5563360.925652201287448, 200.0 ], [ 389809.651742234302219, 5563335.743968905881047, 205.0 ], [ 389811.699683729617391, 5563310.563765743747354, 209.0 ], [ 389816.306797603087034, 5563274.541328499093652, 216.0 ], [ 389816.642807574127801, 5563273.533306141383946, 216.0 ], [ 389822.902751334477216, 5563255.273292799480259, 218.0 ], [ 389826.831408396014012, 5563248.518171255476773, 219.0 ], [ 389832.440230651933234, 5563243.619146970100701, 219.0 ], [ 389841.936403673025779, 5563240.308054832741618, 220.0 ], [ 389859.405188926961273, 5563239.39015235286206, 222.0 ], [ 389865.842637889203615, 5563240.035458428785205, 223.0 ], [ 389868.13038273609709, 5563240.210547121241689, 223.0 ], [ 389872.098255049204454, 5563238.793643369339406, 223.0 ], [ 389872.48490851680981, 5563236.783515149727464, 224.0 ], [ 389873.060285427432973, 5563233.545960141345859, 224.0 ], [ 389868.208559334976599, 5563223.302114458754659, 225.0 ], [ 389855.195480988069903, 5563215.340621587820351, 224.0 ], [ 389843.317094813857693, 5563213.918173894286156, 223.0 ], [ 389827.003619997296482, 5563215.479570554569364, 222.0 ], [ 389825.051878508063965, 5563214.296477721072733, 221.0 ], [ 389819.553345294902101, 5563207.291713485494256, 221.0 ], [ 389813.470040429267101, 5563189.287390153855085, 219.0 ], [ 389810.972678456630092, 5563178.994820975698531, 218.0 ], [ 389813.591667328262702, 5563164.147101041860878, 216.0 ], [ 389814.353429067647085, 5563159.570929326117039, 216.0 ], [ 389828.326097400742583, 5563134.588653156533837, 211.0 ], [ 389835.414836655778345, 5563114.976751353591681, 207.0 ], [ 389840.694439202547073, 5563080.386408470571041, 201.0 ], [ 389863.827903177472763, 5563039.30878528021276, 192.0 ], [ 389865.231889821880031, 5563034.719326748512685, 191.0 ], [ 389868.046776725561358, 5563025.873955018818378, 190.0 ], [ 389866.969596827810165, 5563022.114471130073071, 189.0 ], [ 389862.909469341859221, 5563015.636023505590856, 187.0 ], [ 389852.858112538757268, 5563005.944764539599419, 184.0 ], [ 389822.245886231830809, 5562985.7789063192904, 176.0 ], [ 389791.633426165091805, 5562965.613221529871225, 166.0 ], [ 389783.987140321056359, 5562958.319296921603382, 163.0 ], [ 389784.028425358119421, 5562949.976262877695262, 160.0 ], [ 389782.674798110383563, 5562936.323136542923748, 156.0 ], [ 389786.485784657474142, 5562899.76105085387826, 148.0 ], [ 389792.821891557076015, 5562867.929506147280335, 143.0 ], [ 389795.710273417003918, 5562848.849504994228482, 140.0 ], [ 389794.623458888148889, 5562820.508620454929769, 136.0 ], [ 389789.075930375023745, 5562797.376684308052063, 133.0 ], [ 389780.232290770101827, 5562777.093769526109099, 130.0 ], [ 389778.202003553218674, 5562768.682429938577116, 129.0 ], [ 389773.950503307860345, 5562759.87219808716327, 128.0 ], [ 389767.67571554746246, 5562749.880374489352107, 126.0 ], [ 389759.458195589540992, 5562739.150212597101927, 125.0 ], [ 389764.597922052722424, 5562732.258736179210246, 124.0 ], [ 389768.128686434880365, 5562723.509710873477161, 123.0 ], [ 389791.459221147524659, 5562702.226510185748339, 123.0 ], [ 389803.63792236946756, 5562697.413837346248329, 124.0 ], [ 389807.746599762002006, 5562695.882754856720567, 124.0 ], [ 389817.805388034088537, 5562692.115086914971471, 124.0 ], [ 389822.56313014641637, 5562684.008063963614404, 125.0 ], [ 389825.219358927570283, 5562677.835459897294641, 125.0 ], [ 389830.964595226338133, 5562669.151849971152842, 125.0 ], [ 389838.46153151494218, 5562662.322866057045758, 125.0 ], [ 389866.960179943940602, 5562645.827076246030629, 127.0 ], [ 389880.379802500130609, 5562628.531258339062333, 128.0 ], [ 389895.526053617417347, 5562587.730444891378284, 130.0 ], [ 389900.364603349124081, 5562576.618647779338062, 131.0 ], [ 389905.44948977191234, 5562563.610867201350629, 131.0 ], [ 389909.252270373573992, 5562550.740852260030806, 131.0 ], [ 389902.328654356300831, 5562512.843850808218122, 131.0 ], [ 389902.319615778513253, 5562495.158646338619292, 131.0 ], [ 389900.717655242071487, 5562479.84221298340708, 131.0 ], [ 389890.442321924027056, 5562445.573912045918405, 131.0 ], [ 389879.837773994135205, 5562398.854808292351663, 131.0 ], [ 389875.814171026751865, 5562373.466677044518292, 129.0 ], [ 389871.673093693447299, 5562356.200687781907618, 127.0 ], [ 389868.19726549932966, 5562336.585124619305134, 125.0 ], [ 389868.816546649904922, 5562325.115732288919389, 124.0 ], [ 389878.903851322247647, 5562301.993796490132809, 121.0 ], [ 389888.988947603735141, 5562278.760700619779527, 121.0 ], [ 389894.147939824615605, 5562252.070244153030217, 122.0 ], [ 389893.816588715591934, 5562239.508242811076343, 123.0 ], [ 389888.948206184781156, 5562207.797545032575727, 124.0 ], [ 389886.968613548844587, 5562194.935968148522079, 125.0 ], [ 389886.176828644413035, 5562184.274386558681726, 125.0 ], [ 389885.403415260661859, 5562177.950349260121584, 126.0 ], [ 389884.310036459821276, 5562169.964501462876797, 126.0 ], [ 389886.232291620632168, 5562162.806075133383274, 127.0 ], [ 389891.483290303440299, 5562154.355246833525598, 127.0 ], [ 389901.071334146952722, 5562145.036078446544707, 128.0 ], [ 389923.792980717960745, 5562107.971696618013084, 131.0 ], [ 389925.733715666923672, 5562101.702735907398164, 131.0 ], [ 389927.276174478465691, 5562096.887989358976483, 131.0 ], [ 389933.669468002335634, 5562071.17311776895076, 131.0 ], [ 389940.065129616181366, 5562045.569436910562217, 131.0 ], [ 389950.298446078260895, 5562019.107793929986656, 131.0 ], [ 389955.33339060167782, 5562007.102187705226243, 131.0 ], [ 389955.471521273371764, 5562006.876873538829386, 131.0 ], [ 389932.90454201225657, 5561989.324568905867636, 133.0 ], [ 389930.964313547068741, 5561968.008781553246081, 135.0 ], [ 389941.273563897004351, 5561948.664197236299515, 137.0 ], [ 389957.991652900818735, 5561942.312087826430798, 138.0 ], [ 390000.597348465700634, 5561927.638811830431223, 138.0 ], [ 390027.813642558583524, 5561911.05933825392276, 137.0 ], [ 390040.166699685330968, 5561914.585829963907599, 137.0 ], [ 390059.331187462667003, 5561929.873081417754292, 138.0 ], [ 390070.174502891546581, 5561922.530426127836108, 139.0 ], [ 390078.727249861054588, 5561914.901424344629049, 140.0 ], [ 390100.202771631884389, 5561889.987547439523041, 143.0 ], [ 390129.117296511656605, 5561855.354505153372884, 146.0 ], [ 390157.960837318969425, 5561820.723100202158093, 146.0 ], [ 390170.250445835059509, 5561810.792552148923278, 146.0 ], [ 390192.481801534653641, 5561787.865595112554729, 146.0 ], [ 390213.280623546685092, 5561775.090087385848165, 149.0 ], [ 390223.916976662469096, 5561771.533804394304752, 150.0 ], [ 390234.088168694928754, 5561769.655565492808819, 151.0 ], [ 390247.500446135585662, 5561772.604552958160639, 152.0 ], [ 390257.985207653837278, 5561765.158468696288764, 154.0 ], [ 390283.546217879164033, 5561740.939735969528556, 155.0 ], [ 390285.365114509593695, 5561739.122579792514443, 155.0 ], [ 390296.230072391452268, 5561729.33293947391212, 155.0 ], [ 390302.161479327536654, 5561719.20010666642338, 155.0 ], [ 390307.347138998797163, 5561707.52545531000942, 154.0 ], [ 390310.580657182086725, 5561694.667534857988358, 154.0 ], [ 390311.544463411148172, 5561679.075689200311899, 154.0 ], [ 390308.487372900010087, 5561651.998967061750591, 154.0 ], [ 390304.028073879308067, 5561626.174662921577692, 154.0 ], [ 390299.497368417331018, 5561600.351834082975984, 154.0 ], [ 390291.959900912304875, 5561574.146078230813146, 154.0 ], [ 390286.085867339046672, 5561559.36256549321115, 154.0 ], [ 390280.562093249929603, 5561540.790070897899568, 154.0 ], [ 390276.693262486194726, 5561526.298911926336586, 153.0 ], [ 390273.365273482981138, 5561513.798715875484049, 153.0 ], [ 390268.206830961164087, 5561502.559775834903121, 152.0 ], [ 390257.827082939678803, 5561487.424281538464129, 152.0 ], [ 390253.14466524933232, 5561481.959416945464909, 152.0 ], [ 390249.631699388031848, 5561477.805180569179356, 151.0 ], [ 390245.011757541797124, 5561468.446039072237909, 151.0 ], [ 390246.221136905427556, 5561433.606599938124418, 150.0 ], [ 390246.258116651501041, 5561431.93741094134748, 150.0 ], [ 390248.305874007404782, 5561420.438653851859272, 149.0 ], [ 390251.387249157123733, 5561410.587009577080607, 149.0 ], [ 390254.56752109673107, 5561402.068069274537265, 148.0 ], [ 390256.342970902565867, 5561398.138463999144733, 148.0 ], [ 390268.729312861105427, 5561375.526158386841416, 149.0 ], [ 390279.137301788956393, 5561360.851886633783579, 151.0 ], [ 390281.114432219183072, 5561342.45844320487231, 154.0 ], [ 390275.02697823982453, 5561317.335098556242883, 157.0 ], [ 390271.963432767079212, 5561307.276475700549781, 159.0 ], [ 390269.480353103077505, 5561294.202720378525555, 161.0 ], [ 390268.157590691174846, 5561281.994870242662728, 162.0 ], [ 390268.645660734269768, 5561257.180879124440253, 162.0 ], [ 390269.950324015226215, 5561240.803409886546433, 162.0 ], [ 390271.2471679802984, 5561234.436656114645302, 162.0 ], [ 390277.338570549734868, 5561218.182963166385889, 162.0 ], [ 390283.830108767724596, 5561207.482448283582926, 162.0 ], [ 390305.319104720489122, 5561179.566118131391704, 161.0 ], [ 390307.45613617519848, 5561175.851539823226631, 161.0 ], [ 390310.484395250561647, 5561170.338942050933838, 161.0 ], [ 390319.800081689958461, 5561147.678844814188778, 160.0 ], [ 390321.412302231357899, 5561142.75157633330673, 160.0 ], [ 390330.468142806144897, 5561117.872290487401187, 160.0 ], [ 390337.563732497568708, 5561101.820446400903165, 160.0 ], [ 390344.801685606827959, 5561068.414068000391126, 162.0 ], [ 390347.115479790372774, 5561049.012679534964263, 163.0 ], [ 390358.132412218023092, 5561011.857945194467902, 165.0 ], [ 390362.66511427750811, 5560999.640698687173426, 164.0 ], [ 390368.841828609933145, 5560987.500823968090117, 163.0 ], [ 390375.967100061767269, 5560976.342476066201925, 162.0 ], [ 390389.733302166452631, 5560961.710534327663481, 160.0 ], [ 390397.875451506697573, 5560958.317254818975925, 159.0 ], [ 390406.986738299950957, 5560956.906142211519182, 158.0 ], [ 390411.70230841479497, 5560957.03151080571115, 157.0 ], [ 390431.616956070007291, 5560956.621538570150733, 155.0 ], [ 390457.320140556781553, 5560956.426195559091866, 155.0 ], [ 390468.43233372468967, 5560955.085239086300135, 155.0 ], [ 390480.928641499602236, 5560951.602492086589336, 155.0 ], [ 390493.149070634506643, 5560945.122290447354317, 154.0 ], [ 390499.882502910972107, 5560939.199904317036271, 154.0 ], [ 390501.388798326079268, 5560936.054529420100152, 154.0 ], [ 390502.897382720082533, 5560933.020336085930467, 154.0 ], [ 390504.545112386462279, 5560922.864679805003107, 154.0 ], [ 390504.611917354050092, 5560922.640849300660193, 154.0 ], [ 390501.992909775406588, 5560913.35156066250056, 154.0 ], [ 390495.327280129538849, 5560894.80235574580729, 154.0 ], [ 390491.827949369559065, 5560873.963454852811992, 155.0 ], [ 390491.511828540475108, 5560862.068547238595784, 155.0 ], [ 390493.502742899698205, 5560851.238459743559361, 155.0 ], [ 390500.379174921079539, 5560827.961549408733845, 156.0 ], [ 390503.021213918342255, 5560821.011057392694056, 156.0 ], [ 390508.814953055931255, 5560817.999950526282191, 157.0 ], [ 390513.010395472869277, 5560817.135058529675007, 157.0 ], [ 390518.743704165506642, 5560818.129417793825269, 157.0 ], [ 390521.849652098142542, 5560819.845187427476048, 157.0 ], [ 390525.812163514492568, 5560821.54334263689816, 157.0 ], [ 390529.286441684700549, 5560823.807681916281581, 157.0 ], [ 390531.393057129636873, 5560825.544008649885654, 157.0 ], [ 390534.389983778237365, 5560801.123423880897462, 158.0 ], [ 390538.308298065501731, 5560790.253722971305251, 158.0 ], [ 390546.461995319987182, 5560773.513076284900308, 158.0 ], [ 390560.057249260949902, 5560753.991094028577209, 159.0 ], [ 390582.635800375486724, 5560730.280283571220934, 161.0 ], [ 390615.09669443249004, 5560711.371761260554194, 164.0 ], [ 390624.54765145201236, 5560705.61616568826139, 165.0 ], [ 390647.771962192433421, 5560692.459041588939726, 166.0 ], [ 390670.996385893551633, 5560679.302020668983459, 166.0 ], [ 390678.946144679794088, 5560673.466129489243031, 166.0 ], [ 390686.545857606455684, 5560667.971122835762799, 166.0 ], [ 390690.947068849345669, 5560663.209172309376299, 166.0 ], [ 390709.71528445451986, 5560641.690510484389961, 166.0 ], [ 390717.613274904666469, 5560629.849435217678547, 166.0 ], [ 390721.93010087904986, 5560620.973811629228294, 166.0 ], [ 390736.528051457833499, 5560601.54296541120857, 165.0 ], [ 390746.945123901357874, 5560590.651286325417459, 165.0 ], [ 390752.8992935467395, 5560581.519632602110505, 164.0 ], [ 390753.931914404325653, 5560576.15950243268162, 164.0 ], [ 390754.320456344343256, 5560567.25329735968262, 164.0 ], [ 390756.450249732995871, 5560556.198030105791986, 164.0 ], [ 390758.892309476563241, 5560549.919155513867736, 164.0 ], [ 390759.505106842669193, 5560548.460618131794035, 164.0 ], [ 390761.1361929741106, 5560544.422944072633982, 164.0 ], [ 390773.974990950489882, 5560526.251819664612412, 164.0 ], [ 390793.587658346863464, 5560500.600730180740356, 165.0 ], [ 390813.202799188613426, 5560475.060897644609213, 166.0 ], [ 390822.843465578102041, 5560468.07828107662499, 167.0 ], [ 390837.616911851218902, 5560450.201334433630109, 169.0 ], [ 390846.169355074875057, 5560438.903192775323987, 170.0 ], [ 390847.837016837554984, 5560436.644444348290563, 171.0 ], [ 390859.402835274289828, 5560419.05578719638288, 173.0 ], [ 390882.331991364480928, 5560394.894256833940744, 176.0 ], [ 390888.702766563976184, 5560378.19074685126543, 177.0 ], [ 390889.983132231340278, 5560367.486641047522426, 178.0 ], [ 390892.163436425151303, 5560358.877419699914753, 179.0 ], [ 390893.226603079179768, 5560341.059190611355007, 181.0 ], [ 390895.282379600335844, 5560333.342345513403416, 182.0 ], [ 390899.548882493632846, 5560325.468969823792577, 183.0 ], [ 390906.862263504997827, 5560316.420885797590017, 184.0 ], [ 390915.731753675441723, 5560310.121622024103999, 185.0 ], [ 390942.513517516548745, 5560289.218275534920394, 186.0 ], [ 390954.853760889556725, 5560281.513253261335194, 186.0 ], [ 390964.431887633283623, 5560278.425163684412837, 187.0 ], [ 390974.893998697923962, 5560276.653721487149596, 187.0 ], [ 390986.736062998068519, 5560272.518263054080307, 187.0 ], [ 391007.475134358974174, 5560263.417896037921309, 188.0 ], [ 391026.920188436459284, 5560253.899187814444304, 188.0 ], [ 391031.729059352190234, 5560251.576208394020796, 188.0 ], [ 391058.322111152578145, 5560242.356233620084822, 189.0 ], [ 391066.903203544323333, 5560239.399962154217064, 189.0 ], [ 391097.686820532893762, 5560215.078725213184953, 191.0 ], [ 391109.083484286617022, 5560206.614782388322055, 192.0 ], [ 391112.435998920584098, 5560199.42765199765563, 193.0 ], [ 391114.566719533759169, 5560188.37254658062011, 193.0 ], [ 391116.653814609569963, 5560185.660401704721153, 194.0 ], [ 391119.258823800890241, 5560183.827486625872552, 194.0 ], [ 391123.512600807414856, 5560182.294538682326674, 194.0 ], [ 391130.992523065593559, 5560181.362989766523242, 195.0 ], [ 391162.205395165830851, 5560181.503427666611969, 197.0 ], [ 391171.928862566244788, 5560178.523978356271982, 198.0 ], [ 391204.304667472431902, 5560162.179223397746682, 197.0 ], [ 391210.762462082668208, 5560160.156399600207806, 197.0 ], [ 391218.744422692048829, 5560159.325944821350276, 197.0 ], [ 391226.332121738814749, 5560160.171969032846391, 196.0 ], [ 391235.872309639817104, 5560162.201619658619165, 196.0 ], [ 391250.415552366175689, 5560167.910827841609716, 195.0 ], [ 391279.06351843487937, 5560182.341455877758563, 195.0 ], [ 391282.477823696099222, 5560185.163649035617709, 195.0 ], [ 391287.968198166403454, 5560191.725186040624976, 196.0 ], [ 391290.708212540776003, 5560193.003968271426857, 196.0 ], [ 391308.029683638655115, 5560194.874870648607612, 197.0 ], [ 391329.551726541307289, 5560196.103952385485172, 198.0 ], [ 391335.368248651153408, 5560197.653645694255829, 198.0 ], [ 391344.327087488491088, 5560202.698491972871125, 199.0 ], [ 391350.502809437923133, 5560204.352098183706403, 199.0 ], [ 391356.22070205421187, 5560204.569097795523703, 199.0 ], [ 391361.27114160603378, 5560203.576221655122936, 199.0 ], [ 391369.60425563796889, 5560198.957095076330006, 199.0 ], [ 391377.617804402951151, 5560192.676091197878122, 199.0 ], [ 391394.456369457766414, 5560184.880345285870135, 199.0 ], [ 391401.782205550349317, 5560183.396184355020523, 199.0 ], [ 391425.280474069120828, 5560183.473070775158703, 199.0 ], [ 391434.532710265484639, 5560185.397717940621078, 199.0 ], [ 391462.025360501371324, 5560195.737457447685301, 198.0 ], [ 391502.48119593661977, 5560197.359874536283314, 196.0 ], [ 391512.860893684555776, 5560195.03504350874573, 195.0 ], [ 391516.110791350307409, 5560193.300413658842444, 195.0 ], [ 391514.090412771445699, 5560188.781262837350368, 195.0 ], [ 391513.119314874988049, 5560186.687732052989304, 195.0 ], [ 391513.38337458728347, 5560182.12203318439424, 195.0 ], [ 391518.689965574478265, 5560179.678134068846703, 194.0 ], [ 391519.961373402387835, 5560178.984865210950375, 194.0 ], [ 391523.063974961638451, 5560177.030786707066, 194.0 ], [ 391549.209454201569315, 5560166.821378801949322, 194.0 ], [ 391556.760841067880392, 5560165.888975150883198, 195.0 ], [ 391559.966555111983325, 5560165.490000025369227, 195.0 ], [ 391564.039188712777104, 5560162.070235105231404, 195.0 ], [ 391580.247209857916459, 5560140.829437881708145, 196.0 ], [ 391584.518196298275143, 5560136.627060185186565, 197.0 ], [ 391587.574359013233334, 5560135.897466002032161, 197.0 ], [ 391595.262832350097597, 5560138.187916335649788, 197.0 ], [ 391614.817402257758658, 5560155.030022513121367, 198.0 ], [ 391634.371849030139856, 5560171.872199184261262, 197.0 ], [ 391649.043803357053548, 5560176.912496943958104, 196.0 ], [ 391653.980949422344565, 5560177.36815990973264, 196.0 ], [ 391659.46658134914469, 5560176.700394610874355, 196.0 ], [ 391663.430424283840694, 5560174.95132873672992, 196.0 ], [ 391682.531539840681944, 5560158.990889616310596, 194.0 ], [ 391691.489395589858759, 5560153.469751612283289, 194.0 ], [ 391701.581734336155932, 5560144.032603288069367, 194.0 ], [ 391732.310259290854447, 5560109.817063357681036, 198.0 ], [ 391750.654968385410029, 5560091.758951961994171, 200.0 ], [ 391762.13106594781857, 5560083.628518578596413, 201.0 ], [ 391769.621577096811961, 5560079.694528629072011, 202.0 ], [ 391814.785805269842967, 5560073.99387764185667, 206.0 ], [ 391852.714854958408978, 5560067.217071104794741, 209.0 ], [ 391862.840990329976194, 5560066.455264603719115, 210.0 ], [ 391885.678572687960695, 5560072.66510146856308, 210.0 ], [ 391910.558163185603917, 5560091.513453758321702, 208.0 ], [ 391926.830790332111064, 5560101.527232203632593, 207.0 ], [ 391938.552466511493549, 5560112.523238563910127, 206.0 ], [ 391943.937659951567184, 5560120.978418390266597, 206.0 ], [ 391952.982737220474519, 5560144.374968524090946, 205.0 ], [ 391962.027740186778829, 5560167.771533720195293, 205.0 ], [ 391969.496656534727663, 5560176.851815976202488, 204.0 ], [ 391977.694429291936103, 5560183.13664644677192, 204.0 ], [ 391984.037541209021583, 5560186.011080952361226, 204.0 ], [ 391990.413691047753673, 5560186.993994681164622, 204.0 ], [ 392004.093256911146455, 5560185.381774228997529, 204.0 ], [ 392032.708833612676244, 5560173.678715610876679, 203.0 ], [ 392061.250889080460183, 5560161.866078835912049, 202.0 ], [ 392074.776488301111385, 5560159.701029926538467, 201.0 ], [ 392081.447219356370624, 5560161.122989102266729, 201.0 ], [ 392083.355165646644309, 5560163.642534044571221, 201.0 ], [ 392084.637108467170037, 5560170.512615690007806, 201.0 ], [ 392091.038041415566113, 5560172.71864290907979, 201.0 ], [ 392088.087754096544813, 5560178.673463331535459, 201.0 ], [ 392087.245332461083308, 5560182.917158760130405, 201.0 ], [ 392084.48974351171637, 5560180.859701002947986, 202.0 ], [ 392075.80132964416407, 5560185.596116329543293, 203.0 ], [ 392069.813694911252242, 5560186.162401233799756, 204.0 ], [ 392065.34173890837701, 5560191.035814047791064, 205.0 ], [ 392064.86304247402586, 5560195.605820719152689, 206.0 ], [ 392059.149676477187313, 5560206.176977658644319, 208.0 ], [ 392053.030560387647711, 5560207.302082415670156, 209.0 ], [ 392050.413978041557129, 5560219.145185711793602, 211.0 ], [ 392050.607846557744779, 5560228.706768061965704, 213.0 ], [ 392044.825408922159113, 5560228.824014695361257, 214.0 ], [ 392039.414195663062856, 5560233.160362408496439, 215.0 ], [ 392037.276346029771958, 5560251.000019642524421, 218.0 ], [ 392035.088884765398689, 5560255.827135693281889, 220.0 ], [ 392024.541535386117175, 5560256.930849954485893, 222.0 ], [ 392016.165137014992069, 5560259.436502671800554, 225.0 ], [ 392008.899376514309552, 5560260.362463642843068, 226.0 ], [ 392009.397772117867135, 5560284.933507159352303, 233.0 ], [ 392013.14233768748818, 5560300.540552245453, 237.0 ], [ 392010.525982461229432, 5560322.950236638076603, 242.0 ], [ 392030.192911527992692, 5560373.604513751342893, 241.0 ], [ 392055.677778867830057, 5560404.787400946952403, 240.0 ], [ 392079.967613695072941, 5560429.877146202139556, 235.0 ], [ 392103.084411617019214, 5560435.859742634929717, 232.0 ], [ 392118.190947488415986, 5560444.785427630878985, 230.0 ], [ 392151.390264552668668, 5560447.894477323628962, 226.0 ], [ 392179.11156775127165, 5560455.563750415109098, 226.0 ], [ 392215.410575496964157, 5560477.741431969217956, 225.0 ], [ 392244.07537556218449, 5560486.170520204119384, 225.0 ], [ 392278.007145501382183, 5560521.966197702102363, 228.0 ], [ 392282.371181939612143, 5560525.882057687267661, 229.0 ], [ 392293.272845585248433, 5560538.786242871545255, 230.0 ], [ 392308.96391534677241, 5560551.927240411750972, 231.0 ], [ 392330.565725845983252, 5560574.847913382574916, 233.0 ], [ 392352.169601162546314, 5560597.879853469319642, 234.0 ], [ 392358.855420815176331, 5560614.206218970939517, 235.0 ], [ 392360.112757136113942, 5560623.412615587934852, 235.0 ], [ 392357.372103093075566, 5560629.140597346238792, 235.0 ], [ 392350.001142567722127, 5560638.966377070173621, 237.0 ], [ 392329.060867657302879, 5560662.85872723441571, 241.0 ], [ 392302.818874091550242, 5560689.416642026044428, 246.0 ], [ 392284.819158135331236, 5560713.917051774449646, 249.0 ], [ 392283.782181150629185, 5560715.6064373832196, 249.0 ], [ 392276.043941036681645, 5560728.442886000499129, 250.0 ], [ 392263.509697576344479, 5560740.70905105676502, 251.0 ], [ 392254.221415857435204, 5560754.577948311343789, 251.0 ], [ 392246.13251664879499, 5560764.195964371785522, 252.0 ], [ 392239.683154233789537, 5560773.669576296582818, 253.0 ], [ 392228.50438567076344, 5560792.915684457868338, 253.0 ], [ 392219.152980047860183, 5560814.238129743374884, 251.0 ], [ 392224.894913864438422, 5560815.679047018289566, 250.0 ], [ 392231.042616120306775, 5560815.999486499466002, 250.0 ], [ 392240.608528077602386, 5560808.798533624969423, 249.0 ], [ 392249.478666229872033, 5560802.501497713848948, 248.0 ], [ 392254.331264986598399, 5560795.284753894433379, 247.0 ], [ 392262.007596562965773, 5560786.453686853870749, 246.0 ], [ 392275.465173250006046, 5560773.946374191902578, 244.0 ], [ 392288.383871805213857, 5560766.566436017863452, 243.0 ], [ 392324.357393351267092, 5560737.475813362747431, 238.0 ], [ 392360.257678243389819, 5560708.275702577084303, 233.0 ], [ 392367.128882010816596, 5560698.460038012824953, 231.0 ], [ 392376.217994433885906, 5560692.381251658312976, 229.0 ], [ 392382.517033637501299, 5560689.584461784921587, 228.0 ], [ 392426.393391413090285, 5560680.466842454858124, 222.0 ], [ 392437.022060997260269, 5560676.359132793731987, 220.0 ], [ 392454.504683186241891, 5560665.105689867399633, 219.0 ], [ 392465.673506312014069, 5560662.989207012578845, 219.0 ], [ 392506.238351741922088, 5560659.611712767742574, 219.0 ], [ 392518.324401171063073, 5560660.479939362034202, 219.0 ], [ 392536.697451192187145, 5560668.56222983635962, 218.0 ], [ 392545.883303232956678, 5560667.264533610083163, 218.0 ], [ 392560.63205555989407, 5560662.072870482690632, 218.0 ], [ 392561.696056946355384, 5560661.717716217041016, 218.0 ], [ 392598.975519625120796, 5560661.855263159610331, 217.0 ], [ 392614.300265977799427, 5560660.433833562768996, 216.0 ], [ 392628.501222296617925, 5560663.48417778685689, 216.0 ], [ 392657.481584949418902, 5560677.025492680259049, 213.0 ], [ 392669.286866388691124, 5560681.681423598900437, 212.0 ], [ 392674.17411235178588, 5560679.69203550554812, 212.0 ], [ 392683.944817019801121, 5560682.609394452534616, 211.0 ], [ 392711.14678160159383, 5560692.961276954039931, 209.0 ], [ 392746.686846411030274, 5560702.477932410314679, 209.0 ], [ 392757.412010608473793, 5560703.151663257740438, 209.0 ], [ 392765.419901827699505, 5560700.098453056067228, 210.0 ], [ 392796.874493023613468, 5560726.604162120260298, 212.0 ], [ 392809.391629551188089, 5560738.253326588310301, 212.0 ], [ 392822.103213377064094, 5560756.016058365814388, 214.0 ], [ 392829.623823527886998, 5560771.325117189437151, 215.0 ], [ 392830.141395612852648, 5560772.204508505761623, 215.0 ], [ 392841.45655940240249, 5560791.552566840313375, 216.0 ], [ 392850.538245419214945, 5560802.826075026765466, 217.0 ], [ 392869.646897667436861, 5560819.125430082902312, 219.0 ], [ 392911.775721230718773, 5560840.300548711791635, 219.0 ], [ 392940.404362362343818, 5560857.743348740041256, 220.0 ], [ 392962.896431862027384, 5560875.420917528681457, 221.0 ], [ 393000.567779663135298, 5560898.688422951847315, 221.0 ], [ 393016.884638932067901, 5560900.473751969635487, 221.0 ], [ 393036.072281023836695, 5560902.980025586672127, 221.0 ], [ 393053.12960233661579, 5560902.526058972813189, 221.0 ], [ 393063.323479676444549, 5560905.21313891094178, 221.0 ], [ 393079.622598244051915, 5560913.227687576785684, 221.0 ], [ 393097.539038548129611, 5560930.66403679177165, 221.0 ], [ 393106.182815597217996, 5560945.061087703332305, 221.0 ], [ 393104.996248690644279, 5560949.978873095475137, 221.0 ], [ 393105.899888033047318, 5560962.974201151169837, 221.0 ], [ 393102.560968628793489, 5560974.497563157230616, 220.0 ], [ 393100.234751163981855, 5560986.667947008274496, 220.0 ], [ 393101.39488341473043, 5560998.212182153016329, 219.0 ], [ 393107.303737635666039, 5561004.433414246886969, 219.0 ], [ 393117.693858234211802, 5561016.904563295654953, 218.0 ], [ 393139.586868461803533, 5561033.26015420909971, 217.0 ], [ 393145.995232446235605, 5561035.912157718092203, 217.0 ], [ 393153.913667094253469, 5561039.089987021870911, 217.0 ], [ 393169.489514574408531, 5561043.1151675991714, 217.0 ], [ 393180.586416779900901, 5561044.56084827426821, 217.0 ], [ 393184.668290978122968, 5561045.146288965828717, 217.0 ], [ 393228.79706945468206, 5561055.828420057892799, 219.0 ], [ 393242.365319019474555, 5561063.008416531607509, 219.0 ], [ 393264.213156193611212, 5561077.140883648768067, 220.0 ], [ 393279.25122673145961, 5561082.845555833540857, 220.0 ], [ 393281.260912891826592, 5561083.361391882412136, 220.0 ], [ 393297.90494055574527, 5561087.254297322593629, 221.0 ], [ 393333.265133998123929, 5561091.550724217668176, 221.0 ], [ 393368.553886375098955, 5561095.848815162666142, 225.0 ], [ 393385.231318900419865, 5561097.850476892665029, 227.0 ], [ 393397.574950146023184, 5561097.38078735768795, 228.0 ], [ 393399.648953146359418, 5561108.239406995475292, 230.0 ], [ 393400.442635711806361, 5561119.346121648326516, 231.0 ], [ 393399.409613288706169, 5561128.376125839538872, 232.0 ], [ 393393.792618703446351, 5561147.397066753357649, 235.0 ], [ 393392.824423998885322, 5561152.532860611565411, 236.0 ], [ 393390.946054493251722, 5561162.135930311866105, 237.0 ], [ 393393.604189151432365, 5561180.768676720559597, 239.0 ], [ 393375.985170090862084, 5561199.473921466618776, 241.0 ], [ 393355.408729063579813, 5561216.68132034316659, 244.0 ], [ 393314.073615046043415, 5561234.861000575125217, 248.0 ], [ 393273.492557110963389, 5561265.705680078826845, 252.0 ], [ 393298.417680028767791, 5561265.984504207968712, 253.0 ], [ 393317.615169943543151, 5561258.369963448494673, 254.0 ], [ 393327.8685244829976, 5561256.940962639637291, 254.0 ], [ 393337.08692287869053, 5561257.312341785989702, 255.0 ], [ 393346.969886359293014, 5561262.34191879350692, 255.0 ], [ 393354.858900407562032, 5561264.07468194887042, 255.0 ], [ 393367.659533578669652, 5561257.923218753188848, 256.0 ], [ 393377.27741404925473, 5561249.722250299528241, 256.0 ], [ 393386.712274529563729, 5561246.641368866898119, 258.0 ], [ 393403.315745881642215, 5561244.974090843461454, 260.0 ], [ 393400.246307815774344, 5561255.713275759480894, 262.0 ], [ 393417.322908039088361, 5561245.583379312418401, 265.0 ], [ 393423.662118579784874, 5561237.670608576387167, 266.0 ], [ 393429.235995006747544, 5561237.892676407471299, 267.0 ], [ 393433.057092203001957, 5561229.029304416850209, 269.0 ], [ 393442.402836866269354, 5561225.060499612241983, 270.0 ], [ 393449.939747804426588, 5561219.904436054639518, 272.0 ], [ 393462.107438335951883, 5561207.092313891276717, 274.0 ], [ 393471.116725210566074, 5561197.012862577103078, 275.0 ], [ 393479.817954016616568, 5561192.945800562389195, 276.0 ], [ 393476.922398245951626, 5561201.679384899325669, 278.0 ], [ 393480.874543029174674, 5561206.494234444573522, 278.0 ], [ 393491.431329513317905, 5561205.949289209209383, 280.0 ], [ 393510.686938752362039, 5561204.785409161821008, 282.0 ], [ 393525.702327619073913, 5561205.819717539474368, 284.0 ], [ 393541.332973264565226, 5561212.62551483232528, 285.0 ], [ 393551.39858669473324, 5561219.65388196054846, 286.0 ], [ 393559.804105312214233, 5561236.503356131725013, 287.0 ], [ 393568.178446526871994, 5561251.796301535330713, 289.0 ], [ 393569.205448359833099, 5561271.017864726483822, 290.0 ], [ 393550.830805606790818, 5561276.946640254929662, 291.0 ], [ 393541.003255021816585, 5561281.814701173454523, 291.0 ], [ 393532.132290965644643, 5561291.668816954828799, 291.0 ], [ 393526.201017343089916, 5561302.131494234316051, 291.0 ], [ 393519.598491069569718, 5561311.161669930443168, 291.0 ], [ 393503.459811903594527, 5561343.184008802287281, 291.0 ], [ 393501.180149396182969, 5561347.011312109418213, 291.0 ], [ 393496.484763772110455, 5561355.002323071472347, 291.0 ], [ 393481.669393619114999, 5561378.211396316066384, 293.0 ], [ 393460.986514510470442, 5561390.081681146286428, 295.0 ], [ 393453.806850049877539, 5561391.671350506134331, 295.0 ], [ 393443.116871454752982, 5561385.545482185669243, 296.0 ], [ 393437.278310277499259, 5561429.151801576837897, 300.0 ], [ 393426.355952461133711, 5561436.377758868038654, 302.0 ], [ 393420.648445872822776, 5561436.603281704708934, 302.0 ], [ 393395.380756020662375, 5561433.438894321210682, 305.0 ], [ 393370.113032180292066, 5561430.274626482278109, 307.0 ], [ 393369.040228210331406, 5561430.184894749894738, 307.0 ], [ 393351.250836680992506, 5561429.651540820486844, 309.0 ], [ 393322.563786507118493, 5561434.008175401948392, 310.0 ], [ 393312.759065782069229, 5561436.429240932688117, 311.0 ], [ 393304.859053702792153, 5561441.259116061031818, 311.0 ], [ 393294.612673541647382, 5561450.140192217193544, 312.0 ], [ 393283.717237367236521, 5561465.819105685688555, 313.0 ], [ 393286.607759092818014, 5561467.540765393525362, 313.0 ], [ 393307.887680975487456, 5561456.992524151690304, 315.0 ], [ 393320.208136777044274, 5561458.970068254508078, 316.0 ], [ 393332.597600731183775, 5561467.953509209677577, 317.0 ], [ 393337.495216738141607, 5561480.75758995115757, 318.0 ], [ 393352.291013125155587, 5561495.810288310050964, 320.0 ], [ 393364.086930618213955, 5561510.811907789669931, 321.0 ], [ 393377.254685117513873, 5561515.886935076676309, 322.0 ], [ 393384.672583247185685, 5561522.634347521699965, 322.0 ], [ 393395.832904559443705, 5561530.863968797959387, 322.0 ], [ 393400.875389623339288, 5561540.217188384383917, 322.0 ], [ 393405.848714493622538, 5561549.683023734949529, 322.0 ], [ 393395.973824913380668, 5561594.927432801574469, 322.0 ], [ 393391.501850006112363, 5561603.358981839381158, 322.0 ], [ 393384.62106071371818, 5561616.28784151840955, 323.0 ], [ 393373.882004246814176, 5561625.512323747389019, 323.0 ], [ 393364.38959901110502, 5561639.939481174573302, 324.0 ], [ 393284.869212266348768, 5561608.721758265979588, 325.0 ], [ 393242.413345203036442, 5561599.340467269532382, 325.0 ], [ 393233.632673282991163, 5561602.964637031778693, 325.0 ], [ 393217.971585966763087, 5561612.399418057873845, 324.0 ], [ 393204.28657963842852, 5561620.682327326387167, 324.0 ], [ 393194.94170817034319, 5561624.651564531959593, 324.0 ], [ 393187.682135496404953, 5561625.798304962925613, 324.0 ], [ 393164.569685348309577, 5561626.818381415680051, 324.0 ], [ 393133.318848273484036, 5561624.331511720083654, 324.0 ], [ 393101.996606600761879, 5561621.846258725970984, 326.0 ], [ 393056.754958847828675, 5561615.970419022254646, 328.0 ], [ 393043.404289797181264, 5561612.457027812488377, 329.0 ], [ 393026.752876720624045, 5561611.679452873766422, 330.0 ], [ 393009.033151257550344, 5561611.034634251147509, 331.0 ], [ 393013.545695332228206, 5561625.959486912935972, 332.0 ], [ 393018.974991465685889, 5561643.869028184562922, 333.0 ], [ 393024.328717269003391, 5561668.676134837791324, 335.0 ], [ 393028.844455892103724, 5561708.626891937106848, 337.0 ], [ 393029.611923668417148, 5561714.840147542767227, 337.0 ], [ 393031.115418100613169, 5561722.150872985832393, 337.0 ], [ 393042.406228443491273, 5561754.624509644694626, 339.0 ], [ 393053.768278100586031, 5561787.096735620871186, 340.0 ], [ 393063.071087892400101, 5561802.370261141099036, 340.0 ], [ 393069.842502413492184, 5561816.026271102018654, 340.0 ], [ 393069.929634036961943, 5561820.362352596595883, 340.0 ], [ 393068.308437527972274, 5561824.955215462483466, 340.0 ], [ 393051.009526137902867, 5561845.212404639460146, 340.0 ], [ 393033.708513663092162, 5561865.358470893464983, 340.0 ], [ 393008.176496059284545, 5561895.12434437032789, 339.0 ], [ 392986.201662911393214, 5561920.703429497778416, 338.0 ], [ 392964.298409321287181, 5561946.281173727475107, 337.0 ], [ 392942.393132783239707, 5561971.747830394655466, 337.0 ], [ 392962.349190395325422, 5561984.248645016923547, 337.0 ], [ 392988.625266459421255, 5561995.065254206769168, 337.0 ], [ 393006.963993255631067, 5562001.70374911185354, 337.0 ], [ 393027.486224231310189, 5562013.970962034538388, 337.0 ], [ 393016.665891051990911, 5562019.082470596767962, 337.0 ], [ 393007.589609088259749, 5562025.716104712337255, 337.0 ], [ 392993.36211426689988, 5562038.904485928826034, 337.0 ], [ 392976.311261511698831, 5562050.147616623900831, 337.0 ], [ 392970.109545962885022, 5562054.165289697237313, 337.0 ], [ 392940.561040703090839, 5562061.655784117989242, 337.0 ], [ 392893.600227864983026, 5562073.056166838854551, 337.0 ], [ 392868.855636991851497, 5562081.562635631300509, 336.0 ], [ 392853.996437243535183, 5562081.0832450222224, 336.0 ], [ 392828.055496261338703, 5562076.266794744879007, 336.0 ], [ 392802.045380941126496, 5562071.563089597970247, 336.0 ], [ 392791.740270616603084, 5562073.884019137360156, 336.0 ], [ 392782.071044211799745, 5562079.417730636894703, 336.0 ], [ 392763.90461039613001, 5562102.585302436724305, 336.0 ], [ 392744.155624877021182, 5562132.235995002090931, 336.0 ], [ 392737.625337389705237, 5562148.273062746971846, 336.0 ], [ 392725.028554494900163, 5562178.558248198591173, 336.0 ], [ 392716.488302284502424, 5562186.961223214864731, 336.0 ], [ 392704.951656687539071, 5562202.543151305057108, 336.0 ], [ 392693.081089103361592, 5562222.803367774002254, 336.0 ], [ 392683.558400535781402, 5562239.123318683356047, 336.0 ], [ 392673.508927241666242, 5562250.559934561140835, 335.0 ], [ 392660.439916844188701, 5562260.945218947716057, 335.0 ], [ 392651.241953972843476, 5562268.582988714799285, 335.0 ], [ 392633.443479686393403, 5562281.621985207311809, 335.0 ], [ 392598.332387720467523, 5562303.4637366598472, 335.0 ], [ 392577.20445669075707, 5562314.234375735744834, 335.0 ], [ 392567.384189871023409, 5562319.326643609441817, 335.0 ], [ 392550.010525437537581, 5562321.568342241458595, 335.0 ], [ 392513.419107979978435, 5562326.645300538279116, 335.0 ], [ 392476.825505035754759, 5562331.611329870298505, 334.0 ], [ 392436.89097115106415, 5562333.753252547234297, 334.0 ], [ 392396.956459168926813, 5562335.895475363358855, 334.0 ], [ 392369.800479368248489, 5562341.561201111413538, 334.0 ], [ 392359.241489970707335, 5562341.886041370220482, 334.0 ], [ 392347.096840044483542, 5562341.464396631345153, 335.0 ], [ 392321.531411755888257, 5562337.532658037729561, 335.0 ], [ 392314.654568737722002, 5562364.588799635879695, 336.0 ], [ 392305.936906249378808, 5562385.342268995009363, 337.0 ], [ 392274.124271958949976, 5562421.912675866857171, 338.0 ], [ 392266.696705550129991, 5562435.855241567827761, 338.0 ] ] ] } },
{ "type": "Feature", "properties": { "name": "Saar-Hunsrück-Steig - 24. Etappe: Oppenhausen - Udenhausen - Boppard", "km": 17.93, "darstell": "F2", "datum": null, "height": 490, "link": "https://www.saar-hunsrueck-steig.de/tour/saar-hunsrueck-steig-24.-etappe-oppenhausen-udenhausen-boppard-b68ae705c8" }, "geometry": { "type": "MultiLineString", "coordinates": [ [ [ 392270.979783132323064, 5562432.320471544750035, 339.0 ], [ 392275.017741309828125, 5562441.359336474910378, 338.0 ], [ 392272.97829512914177, 5562446.405853383243084, 338.0 ], [ 392265.009859958023299, 5562465.36459744349122, 338.0 ], [ 392269.001509622263256, 5562500.320325230248272, 337.0 ], [ 392282.007987969845999, 5562543.324333809316158, 336.0 ], [ 392283.997658164473251, 5562546.398409454151988, 336.0 ], [ 392293.975673952023499, 5562577.340000216849148, 336.0 ], [ 392308.997226078354288, 5562582.374810013920069, 336.0 ], [ 392335.977392779721413, 5562610.41410855948925, 335.0 ], [ 392359.999569413077552, 5562633.396936344914138, 335.0 ], [ 392369.983258119202219, 5562636.420530389994383, 334.0 ], [ 392385.998231216915883, 5562662.346148912794888, 334.0 ], [ 392426.013406395330094, 5562731.387467472814023, 330.0 ], [ 392420.006733242713381, 5562734.400838998146355, 330.0 ], [ 392413.989422037149779, 5562740.417564649134874, 330.0 ], [ 392411.977558199025225, 5562750.357465423643589, 329.0 ], [ 392411.002153480832931, 5562797.426263348199427, 325.0 ], [ 392410.001184164837468, 5562864.405239849351346, 319.0 ], [ 392407.021326370362658, 5562872.362636011093855, 319.0 ], [ 392402.023368682712317, 5562879.359809431247413, 318.0 ], [ 392387.978405040455982, 5562894.32589831482619, 317.0 ], [ 392382.001806639134884, 5562902.343934473581612, 316.0 ], [ 392373.975273738265969, 5562918.411808980628848, 315.0 ], [ 392356.990290057670791, 5562950.344004206359386, 312.0 ], [ 392356.010656109137926, 5562958.372185755521059, 312.0 ], [ 392355.987527211837005, 5562978.39354873355478, 312.0 ], [ 392351.009040226927027, 5562993.398741486482322, 311.0 ], [ 392316.013497202657163, 5563052.390138505026698, 309.0 ], [ 392297.010397921083495, 5563090.369686585851014, 308.0 ], [ 392294.041417041618843, 5563095.323802777566016, 308.0 ], [ 392277.998719202529173, 5563117.337987346574664, 308.0 ], [ 392264.995603319781367, 5563141.403978647664189, 308.0 ], [ 392259.988375877495855, 5563144.397308679297566, 309.0 ], [ 392227.013190778903663, 5563130.383326656185091, 310.0 ], [ 392198.026617560302839, 5563105.38842689152807, 312.0 ], [ 392176.004244497860782, 5563075.358500138856471, 312.0 ], [ 392150.016101891174912, 5563050.414294271729887, 312.0 ], [ 392132.02813907439122, 5563036.319479007273912, 312.0 ], [ 392110.015940737968776, 5563024.419662585482001, 312.0 ], [ 392075.008191531756893, 5563019.346004331484437, 312.0 ], [ 392060.988203957269434, 5563021.410116395913064, 312.0 ], [ 392051.003920728573576, 5563032.401785802096128, 312.0 ], [ 392037.021267503383569, 5563050.370728202164173, 312.0 ], [ 392023.039225552929565, 5563061.332369334995747, 312.0 ], [ 392014.036443349090405, 5563064.407040845602751, 311.0 ], [ 392008.010058321990073, 5563066.420252711512148, 311.0 ], [ 392000.992920724675059, 5563065.339218133129179, 311.0 ], [ 391979.999292287393473, 5563061.427630982361734, 310.0 ], [ 391956.024303385987878, 5563065.362606532871723, 310.0 ], [ 391946.000076985568739, 5563067.345867211930454, 310.0 ], [ 391939.035801954159979, 5563072.3813531761989, 310.0 ], [ 391908.024939857132267, 5563088.360833647660911, 310.0 ], [ 391890.995558295515366, 5563100.385809066705406, 310.0 ], [ 391873.039024332596455, 5563105.422352084890008, 310.0 ], [ 391870.009105100180022, 5563114.382149888202548, 311.0 ], [ 391870.976709217124153, 5563130.379250200465322, 312.0 ], [ 391871.006139477947727, 5563156.405904199928045, 314.0 ], [ 391869.974022803304251, 5563165.325091882608831, 315.0 ], [ 391856.993477681768127, 5563183.385400037281215, 316.0 ], [ 391819.0291095256689, 5563222.419702015817165, 316.0 ], [ 391810.034292183583602, 5563236.394878851249814, 315.0 ], [ 391785.040405835490674, 5563260.372359858825803, 312.0 ], [ 391764.034349591471255, 5563280.375846739858389, 311.0 ], [ 391746.9752994243172, 5563294.404021160677075, 312.0 ], [ 391746.027288429846521, 5563300.429611200466752, 312.0 ], [ 391741.998980963486247, 5563302.402471302077174, 312.0 ], [ 391739.040880304353777, 5563304.353551208041608, 312.0 ], [ 391738.001044649572577, 5563316.387308032251894, 313.0 ], [ 391744.01654446386965, 5563331.391835889779031, 313.0 ], [ 391745.983373200288042, 5563347.368593278340995, 314.0 ], [ 391763.031377605744638, 5563364.373158736154437, 314.0 ], [ 391775.980006329598837, 5563369.337369501590729, 313.0 ], [ 391795.986304115678649, 5563370.376284354366362, 312.0 ], [ 391827.993066092371009, 5563382.405188203789294, 310.0 ], [ 391893.993806378683075, 5563402.418973146006465, 307.0 ], [ 391987.998910431517288, 5563455.344259128905833, 303.0 ], [ 391995.973278933903202, 5563461.411060716956854, 302.0 ], [ 392034.992351446009707, 5563488.42572480160743, 302.0 ], [ 392075.999887473415583, 5563497.381457551382482, 303.0 ], [ 392101.022848138527479, 5563492.424647810868919, 304.0 ], [ 392125.982709859905299, 5563484.354868397116661, 306.0 ], [ 392135.028934314323124, 5563469.378144034184515, 307.0 ], [ 392144.972580329864286, 5563449.378003763966262, 310.0 ], [ 392158.013582175597548, 5563441.327643200755119, 311.0 ], [ 392183.984642518567853, 5563437.353058281354606, 314.0 ], [ 392213.002560123510193, 5563439.323131736367941, 315.0 ], [ 392232.020905941317324, 5563430.373232106678188, 315.0 ], [ 392243.97318920888938, 5563407.329455264844, 316.0 ], [ 392261.975818249862641, 5563369.369911753572524, 316.0 ], [ 392266.017234586353879, 5563343.372080756351352, 315.0 ], [ 392266.996630800771527, 5563335.34387519210577, 315.0 ], [ 392269.975164474162739, 5563334.393726644106209, 315.0 ], [ 392280.996997864276636, 5563339.398178782314062, 315.0 ], [ 392291.00940662866924, 5563347.426231981255114, 314.0 ], [ 392307.9860013499856, 5563350.419289104640484, 314.0 ], [ 392324.972258268273436, 5563357.416386522352695, 313.0 ], [ 392343.039243461447768, 5563361.388524981215596, 311.0 ], [ 392353.990531360497698, 5563359.387234158813953, 310.0 ], [ 392369.988450499484316, 5563363.401339401490986, 308.0 ], [ 392380.001638895075303, 5563364.422221530228853, 307.0 ], [ 392385.975735816929955, 5563370.418842771090567, 307.0 ], [ 392390.000987201754469, 5563375.342627204954624, 306.0 ], [ 392391.990309093613178, 5563378.416741814464331, 306.0 ], [ 392397.007008941145614, 5563379.427518832497299, 305.0 ], [ 392405.021224490250461, 5563373.370345449075103, 304.0 ], [ 392416.992600440396927, 5563365.342278205789626, 304.0 ], [ 392444.023733740206808, 5563364.350674101151526, 304.0 ], [ 392464.001097466796637, 5563353.380144169554114, 304.0 ], [ 392486.038022834633011, 5563338.363881540484726, 304.0 ], [ 392499.978645605791826, 5563332.409518310800195, 304.0 ], [ 392515.977663788886275, 5563329.416728544048965, 304.0 ], [ 392536.012536133173853, 5563328.344531653448939, 305.0 ], [ 392550.015071276226081, 5563318.384875062853098, 305.0 ], [ 392560.021200854040217, 5563301.387447766028345, 306.0 ], [ 392552.031696170859504, 5563280.415689121931791, 306.0 ], [ 392551.015011950454209, 5563265.420567381195724, 306.0 ], [ 392555.022368407575414, 5563255.329175222665071, 306.0 ], [ 392561.978483947226778, 5563253.409028868190944, 305.0 ], [ 392569.982360252237413, 5563250.355458372272551, 305.0 ], [ 392579.017052981478628, 5563252.397527835331857, 305.0 ], [ 392594.003258325799834, 5563259.324647483415902, 304.0 ], [ 392612.010701411229093, 5563267.414306474849582, 304.0 ], [ 392630.018441896245349, 5563261.37818262539804, 303.0 ], [ 392648.026221500767861, 5563255.342120354063809, 302.0 ], [ 392669.011334950337186, 5563255.36352611053735, 302.0 ], [ 392691.015496853797231, 5563256.365498289465904, 301.0 ], [ 392718.025589627912268, 5563261.381988253444433, 300.0 ], [ 392734.980552496097516, 5563270.383101038634777, 295.0 ], [ 392753.985807572782505, 5563271.334583259187639, 291.0 ], [ 392771.983605653513223, 5563275.420797943137586, 287.0 ], [ 392786.980315453081857, 5563279.345111045055091, 284.0 ], [ 392800.978861931711435, 5563290.408107005059719, 280.0 ], [ 392817.016931177815422, 5563296.424826237373054, 276.0 ], [ 392829.984812649607193, 5563302.392226507887244, 274.0 ], [ 392855.971675666049123, 5563313.32504752650857, 270.0 ], [ 392862.986674877407495, 5563321.414530105888844, 268.0 ], [ 392866.032812831865158, 5563327.359424870461226, 267.0 ], [ 392813.980955273669679, 5563326.406051532365382, 262.0 ], [ 392809.972466006060131, 5563329.378733793273568, 262.0 ], [ 392842.997549640014768, 5563335.386893760412931, 262.0 ], [ 392855.028522715554573, 5563337.369058446027339, 262.0 ], [ 392865.989292294369079, 5563339.372806625440717, 262.0 ], [ 392909.012162690283731, 5563324.380574815906584, 262.0 ], [ 393033.983887701993808, 5563313.412572632543743, 260.0 ], [ 393062.75574639858678, 5563296.038783164694905, 260.0 ], [ 393064.037569756328594, 5563292.342528995126486, 260.0 ], [ 393124.034998753108084, 5563326.395481118932366, 257.0 ], [ 393126.041776585276239, 5563330.359318938106298, 256.0 ], [ 393135.018973676429596, 5563354.426364396698773, 255.0 ], [ 393116.020982778340112, 5563357.366323547437787, 255.0 ], [ 393080.971368748869281, 5563339.384693087078631, 255.0 ], [ 393051.032791621866636, 5563341.321330316364765, 255.0 ], [ 393031.027206926897634, 5563347.396203351207078, 255.0 ], [ 392998.011625451152213, 5563345.390860427170992, 255.0 ], [ 392962.989116743672639, 5563339.421943337656558, 255.0 ], [ 392863.99223306128988, 5563371.335154754109681, 253.0 ], [ 392819.018675685045309, 5563360.339974185451865, 253.0 ], [ 392758.004031731979921, 5563357.343241156078875, 255.0 ], [ 392721.01315483613871, 5563356.420813297852874, 253.0 ], [ 392677.980252980312798, 5563374.417924628593028, 246.0 ], [ 392645.016429707291536, 5563410.342157680541277, 241.0 ], [ 392626.974393404147122, 5563439.402948301285505, 241.0 ], [ 392598.989968923269771, 5563460.322538455016911, 240.0 ], [ 392569.023482434335165, 5563464.375795180909336, 240.0 ], [ 392549.039182131120469, 5563457.327281728386879, 242.0 ], [ 392515.994231334130745, 5563450.320315627381206, 244.0 ], [ 392474.983948792912997, 5563462.383203318342566, 244.0 ], [ 392443.014533383538947, 5563487.388385266065598, 237.0 ], [ 392419.027573888539337, 5563515.346660364419222, 230.0 ], [ 392411.030832911201287, 5563543.426464966498315, 229.0 ], [ 392398.024080387316644, 5563581.395646919496357, 230.0 ], [ 392402.010932264733128, 5563584.42934955470264, 230.0 ], [ 392411.979976089613046, 5563590.345170812681317, 231.0 ], [ 392430.979127157363109, 5563626.33217397890985, 234.0 ], [ 392451.988492269243579, 5563659.386677734553814, 241.0 ], [ 392461.009662521770224, 5563664.320708133280277, 243.0 ], [ 392474.000643115490675, 5563664.391717090271413, 245.0 ], [ 392525.016294778208248, 5563688.386628163047135, 250.0 ], [ 392572.010334506921936, 5563732.372915156185627, 253.0 ], [ 392618.0250422131503, 5563777.380412900820374, 262.0 ], [ 392672.999087815522216, 5563824.320775790140033, 272.0 ], [ 392714.999715323443525, 5563854.394418318755925, 279.0 ], [ 392745.986759136023466, 5563883.355770724825561, 284.0 ], [ 392762.990908759471495, 5563891.3548773964867, 286.0 ], [ 392792.032631686131936, 5563912.347364207729697, 289.0 ], [ 392818.994480543187819, 5563936.385052689351141, 292.0 ], [ 392860.992707071709447, 5563959.341313846409321, 296.0 ], [ 392900.027020351146348, 5563973.348201734945178, 299.0 ], [ 392925.992618265096098, 5563983.391873185522854, 301.0 ], [ 392964.993829088110942, 5564006.409276153892279, 305.0 ], [ 392951.995852146530524, 5563963.403631517663598, 306.0 ], [ 392931.009255974669941, 5563938.355166919529438, 306.0 ], [ 392900.032831817225087, 5563913.396737302653491, 307.0 ], [ 392874.012676031561568, 5563872.321947118267417, 311.0 ], [ 392847.009607278625481, 5563860.408554651774466, 314.0 ], [ 392836.989677883102559, 5563848.375489111989737, 315.0 ], [ 392801.027096612961031, 5563820.403728988952935, 320.0 ], [ 392784.992925928498153, 5563754.324424681253731, 325.0 ], [ 392754.006818746216595, 5563718.355509992688894, 321.0 ], [ 392723.989503267977852, 5563677.362003582529724, 316.0 ], [ 392716.989139061304741, 5563659.373203869909048, 311.0 ], [ 392712.005119430017658, 5563649.352084015496075, 308.0 ], [ 392697.041698692017235, 5563636.417948380112648, 303.0 ], [ 392678.995227170991711, 5563626.326743642799556, 297.0 ], [ 392667.026728264114354, 5563620.339559569954872, 294.0 ], [ 392647.014442945597693, 5563615.40458065085113, 290.0 ], [ 392617.028873807925265, 5563604.33109238371253, 285.0 ], [ 392593.009542900370434, 5563595.361816884018481, 281.0 ], [ 392569.988929966639262, 5563586.372473091818392, 278.0 ], [ 392563.995062619040255, 5563579.375013431534171, 279.0 ], [ 392577.994545161142014, 5563583.430088045075536, 283.0 ], [ 392605.981716991926078, 5563587.425179870799184, 289.0 ], [ 392654.000120400509331, 5563604.363319403491914, 301.0 ], [ 392665.980750271584839, 5563600.339792585931718, 303.0 ], [ 392686.984692292287946, 5563601.361886581405997, 306.0 ], [ 392703.003167645889334, 5563599.370284583419561, 308.0 ], [ 392719.010864860611036, 5563600.382079069502652, 311.0 ], [ 392736.99738613300724, 5563593.345664170570672, 314.0 ], [ 392751.987549428304192, 5563586.369734392501414, 314.0 ], [ 392758.00422129209619, 5563580.353375517763197, 311.0 ], [ 392763.023555565625429, 5563567.349831600673497, 307.0 ], [ 392754.981151405489072, 5563561.394514081068337, 303.0 ], [ 392755.009991883067414, 5563520.351163161918521, 289.0 ], [ 392753.024617948918603, 5563510.380766658112407, 286.0 ], [ 392752.036612454045098, 5563507.397560481913388, 285.0 ], [ 392751.019059473939706, 5563499.409734725020826, 282.0 ], [ 392747.981445104000159, 5563490.350374780595303, 283.0 ], [ 392736.991371618874837, 5563483.342253243550658, 286.0 ], [ 392752.033019183494616, 5563475.364254044368863, 289.0 ], [ 392775.013420611037873, 5563482.353114145807922, 293.0 ], [ 392793.017590746749192, 5563490.332192422822118, 297.0 ], [ 392840.993441529630218, 5563526.403918993659317, 309.0 ], [ 392882.016051383689046, 5563550.381136758252978, 319.0 ], [ 392887.019980962621048, 5563561.403047749772668, 321.0 ], [ 392882.020495363045484, 5563575.407106746919453, 322.0 ], [ 392874.033273481938522, 5563586.356997597962618, 324.0 ], [ 392867.003636467736214, 5563609.411349466070533, 327.0 ], [ 392871.034363551763818, 5563632.354133943095803, 329.0 ], [ 392875.029252750333399, 5563678.321622854098678, 330.0 ], [ 392876.021667639026418, 5563706.330826450139284, 329.0 ], [ 392948.034961523197126, 5563745.36734048742801, 327.0 ], [ 392992.981389552936889, 5563769.377590616233647, 328.0 ], [ 393090.007357603579294, 5563824.374302500858903, 330.0 ], [ 393124.982495775446296, 5563842.357394548133016, 332.0 ], [ 393155.010702960193157, 5563866.335118636488914, 334.0 ], [ 393165.999433490389492, 5563873.344089206308126, 335.0 ], [ 393179.007958172587678, 5563881.424776873551309, 336.0 ], [ 393214.020576743583661, 5563908.417047467082739, 336.0 ], [ 393252.976525960606523, 5563936.331419548951089, 336.0 ], [ 393300.996523729292676, 5563971.40515059325844, 336.0 ], [ 393304.980327135534026, 5563974.328338603489101, 336.0 ], [ 393383.021429938729852, 5564015.362891523167491, 336.0 ], [ 393437.99295603641076, 5564048.407584061846137, 335.0 ], [ 393444.995040931040421, 5564052.382654556073248, 335.0 ], [ 393459.038806624594145, 5564094.367374191060662, 335.0 ], [ 393459.985758967930451, 5564127.38270858861506, 335.0 ], [ 393461.016766369575635, 5564207.334001384675503, 337.0 ], [ 393462.982015168643557, 5564273.363253384828568, 339.0 ], [ 393455.023302364395931, 5564321.35018802434206, 341.0 ], [ 393453.036808824283071, 5564350.420155316591263, 341.0 ], [ 393450.011661320633721, 5564370.390351668931544, 341.0 ], [ 393447.020060860551894, 5564381.350517412647605, 340.0 ], [ 393374.985735233814921, 5564383.350711428560317, 341.0 ], [ 393339.997378391271923, 5564389.39135424233973, 343.0 ], [ 393338.028734371298924, 5564547.372870091348886, 355.0 ], [ 393337.97576048359042, 5564587.415579413995147, 357.0 ], [ 393361.036352531402372, 5564705.409526725299656, 366.0 ], [ 393364.016682789544575, 5564722.367448380216956, 368.0 ], [ 393337.028125777607784, 5564867.392513621598482, 373.0 ], [ 393320.0332408339018, 5564902.325079644098878, 373.0 ], [ 393324.994972329586744, 5564911.34611679892987, 372.0 ], [ 393376.022376816428732, 5565011.427625929005444, 373.0 ], [ 393384.98482583463192, 5565031.37992918305099, 376.0 ], [ 393394.007228718022816, 5565029.419355130754411, 377.0 ], [ 393435.015999323572032, 5565021.367373692803085, 382.0 ], [ 393469.032716929446906, 5565045.377917183563113, 384.0 ], [ 393467.998083635524381, 5565118.363432600162923, 384.0 ], [ 393466.990504969202448, 5565146.412781678140163, 385.0 ], [ 393482.007840777223464, 5565194.384271897375584, 387.0 ], [ 393513.988186283968389, 5565234.341303824447095, 387.0 ], [ 393526.981748992402572, 5565245.426153225824237, 387.0 ], [ 393522.976245845027734, 5565273.424312630668283, 386.0 ], [ 393531.019440429285169, 5565297.399416002444923, 386.0 ], [ 393537.019035367295146, 5565308.401926141232252, 386.0 ], [ 393575.021853386424482, 5565378.381129702553153, 389.0 ], [ 393606.031746025662869, 5565391.329993912018836, 391.0 ], [ 393628.98742695513647, 5565390.425641823559999, 393.0 ], [ 393676.97385318018496, 5565492.350256980396807, 397.0 ], [ 393691.975746463576797, 5565525.418198444880545, 399.0 ], [ 393720.00285607407568, 5565578.357741783373058, 399.0 ], [ 393742.001526787353214, 5565622.408575728535652, 399.0 ], [ 393745.992593043367378, 5565629.336068327538669, 399.0 ], [ 393766.00658010301413, 5565688.331047362647951, 399.0 ], [ 393789.984629107173532, 5565749.360179503448308, 398.0 ], [ 393816.012922123190947, 5565802.340121936053038, 397.0 ], [ 393848.025027134106494, 5565876.333723765797913, 401.0 ], [ 393875.041393489053007, 5565932.408536595292389, 405.0 ], [ 393898.013604431704152, 5565975.328241511248052, 409.0 ], [ 393900.021123963815626, 5565979.403547512367368, 409.0 ], [ 393898.013887701265048, 5566000.354235857725143, 410.0 ], [ 393888.979199260240421, 5566037.350656805559993, 411.0 ], [ 393886.983763203956187, 5566080.324002495035529, 413.0 ], [ 393885.999914314597845, 5566095.359251888468862, 414.0 ], [ 393950.033553691348061, 5566090.410507893189788, 418.0 ], [ 393945.029092667915393, 5566136.335763692855835, 421.0 ], [ 393942.972653942124452, 5566158.399685265496373, 422.0 ], [ 393982.974929431686178, 5566175.397728898562491, 425.0 ], [ 393998.022458179795649, 5566182.327272822149098, 426.0 ], [ 393998.992133495863527, 5566202.328724023886025, 427.0 ], [ 394064.019869779120199, 5566204.368756903335452, 431.0 ], [ 394068.020812650036532, 5566215.411656000651419, 432.0 ], [ 394082.034876492689364, 5566256.397367542609572, 436.0 ], [ 394084.016998674778733, 5566266.368251974694431, 437.0 ], [ 394088.984195842058398, 5566304.419966562651098, 441.0 ], [ 394090.010897741012741, 5566309.404699502512813, 442.0 ], [ 394104.01369779225206, 5566328.367821593768895, 444.0 ], [ 394115.024596639559604, 5566340.383321786299348, 446.0 ], [ 394120.023623542976566, 5566351.406366850249469, 447.0 ], [ 394124.994387756974902, 5566375.332262343727052, 450.0 ], [ 394131.016965329123195, 5566398.347392609342933, 452.0 ], [ 394137.005738936946727, 5566405.346575059928, 452.0 ], [ 394142.986062417388894, 5566408.341775510460138, 452.0 ], [ 394155.021074909775052, 5566407.323441001586616, 452.0 ], [ 394161.03504189720843, 5566408.427139641717076, 452.0 ], [ 394167.993684328277595, 5566410.40184192173183, 453.0 ], [ 394189.000662470934913, 5566419.326509366743267, 453.0 ], [ 394208.994747130956966, 5566420.374340323731303, 453.0 ], [ 394222.977098961477168, 5566420.429653689265251, 454.0 ], [ 394231.041925902303774, 5566431.391764095984399, 454.0 ], [ 394242.035605780081823, 5566435.399546622298658, 454.0 ], [ 394261.989481596741825, 5566452.353763731196523, 454.0 ], [ 394350.033454168355092, 5566514.335174509324133, 454.0 ], [ 394512.989945811452344, 5566681.38502515014261, 444.0 ], [ 394649.981659622571897, 5566773.320498090237379, 432.0 ], [ 394674.97176763182506, 5566785.393597374670208, 431.0 ], [ 394862.0251397525426, 5566938.406333419494331, 419.0 ], [ 394861.989473042835016, 5566947.416358993388712, 418.0 ], [ 394859.982938551227562, 5567015.41526382509619, 413.0 ], [ 394833.998382588557433, 5567104.354424716904759, 403.0 ], [ 394826.973645283898804, 5567113.391592038795352, 403.0 ], [ 394800.01345428719651, 5567149.406586159020662, 403.0 ], [ 394785.973880457226187, 5567164.366498531773686, 403.0 ], [ 394768.033018823480234, 5567180.404767900705338, 403.0 ], [ 394773.035763899912126, 5567195.32121672667563, 403.0 ], [ 394774.002539977082051, 5567215.32279684767127, 403.0 ], [ 394771.012355159793515, 5567226.393430726602674, 403.0 ], [ 394753.018085224262904, 5567243.322629319503903, 403.0 ], [ 394753.002458246191964, 5567253.333306169137359, 403.0 ], [ 394743.985651214141399, 5567255.402807570062578, 402.0 ], [ 394746.033746740897186, 5567272.379851842299104, 400.0 ], [ 394759.033698562067002, 5567291.36443689186126, 397.0 ], [ 394778.978956664272118, 5567315.327883156947792, 393.0 ], [ 394792.986698454071302, 5567320.389296534471214, 392.0 ], [ 394807.031842175347265, 5567327.340852057561278, 390.0 ], [ 394819.017434116336517, 5567338.337369526736438, 389.0 ], [ 394824.002298460400198, 5567352.364404400810599, 389.0 ], [ 394829.99708122224547, 5567363.368338793516159, 388.0 ], [ 394844.982922398252413, 5567367.409482241608202, 387.0 ], [ 394853.975829580391292, 5567371.346837540157139, 387.0 ], [ 394860.025956809287891, 5567374.341417689807713, 386.0 ], [ 394866.024590271292254, 5567378.338059915229678, 386.0 ], [ 394874.021580344240647, 5567382.406385734677315, 386.0 ], [ 394877.003945197327994, 5567385.350472163408995, 385.0 ], [ 394911.007197700149845, 5567413.374018066562712, 382.0 ], [ 394929.97304454917321, 5567438.358410303480923, 380.0 ], [ 394950.002405957900919, 5567459.428915052674711, 379.0 ], [ 394980.980789861292578, 5567482.396302428096533, 380.0 ], [ 395004.027451793139335, 5567515.419772026129067, 381.0 ], [ 395011.977372214954812, 5567560.420459248125553, 380.0 ], [ 395012.996264879999217, 5567590.320163156837225, 378.0 ], [ 395015.022151004639454, 5567595.39652475900948, 377.0 ], [ 395029.980103802925441, 5567641.370985433459282, 373.0 ], [ 395069.032595152209979, 5567672.410019022412598, 367.0 ], [ 395099.989487036596984, 5567694.377438937313855, 363.0 ], [ 395111.989174992428161, 5567713.382579484954476, 360.0 ], [ 395158.021230851591099, 5567740.391494334675372, 352.0 ], [ 395182.991439993784297, 5567755.359082391485572, 349.0 ], [ 395203.972793738881592, 5567781.4168685618788, 346.0 ], [ 395237.00785502884537, 5567800.340942570008337, 342.0 ], [ 395265.021586436429061, 5567868.41492301505059, 332.0 ], [ 395307.034541668719612, 5567883.380686127580702, 325.0 ], [ 395320.040088673471473, 5567888.351956180296838, 324.0 ], [ 395338.978748117457144, 5567890.425683686509728, 321.0 ], [ 395368.020714773214422, 5567909.429228057153523, 317.0 ], [ 395383.983625141321681, 5567923.35169361717999, 314.0 ], [ 395407.993766659696121, 5567940.341272722929716, 311.0 ], [ 395431.005780817824416, 5567957.350608125329018, 310.0 ], [ 395444.018539687967859, 5567966.326164666563272, 309.0 ], [ 395465.996683282603044, 5568021.395272621884942, 306.0 ], [ 395479.004518683068454, 5568037.378239984624088, 306.0 ], [ 395482.978845949983224, 5568036.410215671174228, 306.0 ], [ 395493.024417364445981, 5568032.319619344547391, 306.0 ], [ 395507.977955714100972, 5568020.346659680828452, 306.0 ], [ 395525.984011750435457, 5568000.416655693203211, 306.0 ], [ 395536.980368925316725, 5567979.401106449775398, 308.0 ], [ 395541.043068310595118, 5567968.421059143729508, 310.0 ], [ 395557.014549117069691, 5567957.429259642958641, 312.0 ], [ 395576.990255262586288, 5567943.355680275708437, 314.0 ], [ 395597.995651177712716, 5567916.359740787185729, 315.0 ], [ 395603.995487505279016, 5567902.338571834377944, 315.0 ], [ 395623.03963366674725, 5567884.390585451386869, 314.0 ], [ 395646.016885070828721, 5567863.362295037135482, 314.0 ], [ 395648.027479229960591, 5567831.400988339446485, 316.0 ], [ 395642.010397590755019, 5567797.372896553948522, 319.0 ], [ 395671.000623141007964, 5567759.320273626595736, 322.0 ], [ 395713.986924684897531, 5567740.346274293959141, 319.0 ], [ 395724.020823068218306, 5567728.35934423469007, 318.0 ], [ 395737.029149035457522, 5567704.412894741632044, 316.0 ], [ 395744.97690919652814, 5567673.336141192354262, 319.0 ], [ 395764.99862118891906, 5567643.357152478769422, 323.0 ], [ 395787.006347604969051, 5567627.353713979944587, 327.0 ], [ 395829.012520481017418, 5567627.419510066509247, 331.0 ], [ 395874.037398780696094, 5567632.320384806953371, 336.0 ], [ 395907.028490389464423, 5567656.365808103233576, 339.0 ], [ 395925.015639145975001, 5567675.366576347500086, 340.0 ], [ 395983.016850970918313, 5567738.407512387260795, 343.0 ], [ 395992.97415355569683, 5567744.329920950345695, 343.0 ], [ 396034.989606021263171, 5567770.423901080153883, 342.0 ], [ 396070.97862703516148, 5567787.404406658373773, 345.0 ], [ 396094.987060585001018, 5567804.397066130302846, 348.0 ], [ 396143.018818747950718, 5567857.40195735078305, 353.0 ], [ 396185.031760552956257, 5567894.397215705364943, 355.0 ], [ 396219.029483384918422, 5567926.321813358925283, 357.0 ], [ 396262.020802353916224, 5567951.3974141580984, 360.0 ], [ 396297.028343979269266, 5567958.388279634527862, 363.0 ], [ 396343.023643961234484, 5567958.38015949446708, 368.0 ], [ 396373.972500885603949, 5567969.343630772083998, 371.0 ], [ 396378.00559190788772, 5567971.378219650126994, 371.0 ], [ 396416.020293143694289, 5567986.319407726638019, 375.0 ], [ 396442.037546413368545, 5568000.382537270896137, 378.0 ], [ 396465.026345517137088, 5568016.395658561959863, 380.0 ], [ 396470.971962552517653, 5568032.407413579523563, 381.0 ], [ 396478.039253291033674, 5568091.330260205082595, 385.0 ], [ 396483.013769980985671, 5568123.37739484757185, 387.0 ], [ 396494.982667419477366, 5568159.403541199862957, 387.0 ], [ 396502.97501922090305, 5568163.363107948563993, 387.0 ], [ 396541.994786461116746, 5568182.400891321711242, 387.0 ], [ 396613.023307873692829, 5568197.367715802043676, 388.0 ], [ 396644.989752416557167, 5568209.425146525725722, 389.0 ], [ 396666.004770600469783, 5568219.360124325379729, 389.0 ], [ 396713.035791095986497, 5568078.412759595550597, 389.0 ], [ 396750.986272887093946, 5567943.426153771579266, 387.0 ], [ 396783.01831199665321, 5567896.422686330042779, 387.0 ], [ 396791.017269672825933, 5567893.375386185012758, 387.0 ], [ 396802.01234342972748, 5567890.381105327047408, 386.0 ], [ 396810.037237808399368, 5567881.32718063518405, 385.0 ], [ 396824.034954283386469, 5567871.378658967092633, 384.0 ], [ 396855.028712737839669, 5567866.327646441757679, 382.0 ], [ 396893.019173816253897, 5567865.367528522387147, 379.0 ], [ 396914.005159965192433, 5567855.394812921062112, 378.0 ], [ 396948.034037668374367, 5567852.398712261579931, 375.0 ], [ 396990.03595763258636, 5567852.362481915391982, 373.0 ], [ 397033.009228337788954, 5567869.325152283534408, 373.0 ], [ 397104.019701066426933, 5567905.320458939298987, 374.0 ], [ 397125.037127643590793, 5567915.368436032906175, 375.0 ], [ 397145.00527566956589, 5567915.426584825851023, 376.0 ], [ 397162.975314706447534, 5567915.412273065187037, 376.0 ], [ 397189.023522015428171, 5567894.331385591067374, 377.0 ], [ 397209.031292300322093, 5567885.379807657562196, 377.0 ], [ 397232.007552391733043, 5567871.365754839032888, 378.0 ], [ 397244.007031764020212, 5567872.35705216601491, 378.0 ], [ 397264.01497249311069, 5567863.405683950521052, 378.0 ], [ 397281.980020960676484, 5567848.376546383835375, 378.0 ], [ 397295.024347757571377, 5567833.331401905976236, 378.0 ], [ 397303.971875953604467, 5567831.378790110349655, 378.0 ], [ 397306.019797087647021, 5567830.338169983588159, 378.0 ], [ 397309.029166023014113, 5567827.388141938485205, 378.0 ], [ 397318.003204035921954, 5567819.428911197930574, 378.0 ], [ 397359.028910321881995, 5567798.393027727492154, 375.0 ], [ 397408.043246458983049, 5567777.425606068223715, 369.0 ], [ 397412.003759924031328, 5567731.413361594080925, 364.0 ], [ 397398.038406646926887, 5567632.359591386280954, 353.0 ], [ 397387.042255721287802, 5567598.426078675314784, 348.0 ], [ 397375.978582867945079, 5567568.386749958619475, 343.0 ], [ 397375.994272368086968, 5567543.360923107713461, 341.0 ], [ 397379.036473421321716, 5567538.408266528509557, 341.0 ], [ 397387.983609839400742, 5567525.333368155173957, 340.0 ], [ 397446.020047276397236, 5567502.412516954354942, 335.0 ], [ 397464.004790380422492, 5567499.395923560485244, 333.0 ], [ 397476.000492963416036, 5567485.372539372183383, 332.0 ], [ 397502.002251959580462, 5567465.406450873240829, 329.0 ], [ 397528.994816263148095, 5567452.42852137517184, 326.0 ], [ 397543.996820846456103, 5567446.355464083142579, 326.0 ], [ 397582.011183066759259, 5567435.389716977253556, 326.0 ], [ 397602.025060177838895, 5567430.332438199780881, 326.0 ], [ 397620.977612874354236, 5567429.410993061028421, 326.0 ], [ 397633.981896164070349, 5567434.387910342775285, 326.0 ], [ 397652.003733749268577, 5567444.384497191756964, 328.0 ], [ 397669.02925932611106, 5567443.389128237962723, 329.0 ], [ 397686.000919485930353, 5567454.407078003510833, 331.0 ], [ 397700.987723214610014, 5567462.349025231786072, 332.0 ], [ 397697.014664391055703, 5567489.341828594915569, 331.0 ], [ 397692.982032967498526, 5567498.42866852786392, 331.0 ], [ 397691.993446408305317, 5567506.344636617228389, 330.0 ], [ 397697.991760065080598, 5567536.370898396708071, 328.0 ], [ 397703.030517255305313, 5567568.417684473097324, 326.0 ], [ 397723.993871298094746, 5567579.358866599388421, 322.0 ], [ 397753.026714785257354, 5567572.348897111602128, 318.0 ], [ 397789.011684169643559, 5567563.425715451128781, 312.0 ], [ 397819.042732369503938, 5567556.396903910674155, 309.0 ], [ 397857.985754876921419, 5567534.404058612883091, 305.0 ], [ 397875.992054997826926, 5567521.378270031884313, 303.0 ], [ 397918.015587272355333, 5567522.35005961265415, 300.0 ], [ 397933.033540283271577, 5567513.385972762480378, 300.0 ], [ 397938.033916524029337, 5567506.3939916677773, 299.0 ], [ 397943.034306241606828, 5567499.402015524916351, 299.0 ], [ 397938.987025689391885, 5567474.343121405690908, 298.0 ], [ 397938.028929513937328, 5567439.325923565775156, 297.0 ], [ 397938.027827238605823, 5567424.421909337863326, 297.0 ], [ 397936.981596099212766, 5567377.394200795330107, 296.0 ], [ 397948.002355644770432, 5567353.380495448596776, 294.0 ], [ 397958.99280468194047, 5567320.358246426098049, 291.0 ], [ 397985.029404219298158, 5567272.365472147241235, 285.0 ], [ 397997.972097627643961, 5567244.422137282788754, 283.0 ], [ 398016.988523960812017, 5567213.359182978048921, 281.0 ], [ 398027.006733005517162, 5567211.387277860194445, 280.0 ], [ 398042.014707131544128, 5567194.41559926327318, 278.0 ], [ 398042.988083490752615, 5567189.391835834830999, 278.0 ], [ 398044.032755630090833, 5567184.366704322397709, 278.0 ], [ 398069.040669724927284, 5567179.32660788949579, 278.0 ], [ 398075.996018307225313, 5567166.402392683550715, 277.0 ], [ 398084.972908674215432, 5567147.322084943763912, 277.0 ], [ 398085.973099240334705, 5567121.387707049958408, 276.0 ], [ 398082.030495405080728, 5567094.324692491441965, 275.0 ], [ 398085.018749069888145, 5567075.3592867879197, 274.0 ], [ 398089.018870899803005, 5567053.371425517834723, 272.0 ], [ 398101.006286497518886, 5567031.341581990011036, 271.0 ], [ 398109.025890657620039, 5567014.392946304753423, 271.0 ], [ 398094.01717857591575, 5567005.338014253415167, 271.0 ], [ 398097.03024760162225, 5566965.350818121805787, 271.0 ], [ 398106.985906528832857, 5566956.373172027058899, 271.0 ], [ 398111.973344151920173, 5566952.384679879061878, 271.0 ], [ 398127.031642367364839, 5566945.422469196841121, 272.0 ], [ 398140.04227029485628, 5566928.378186197951436, 273.0 ], [ 398145.973230360541493, 5566910.357425158843398, 273.0 ], [ 398144.010115918237716, 5566882.3666379051283, 275.0 ], [ 398159.030292908311822, 5566873.403227246366441, 275.0 ], [ 398165.975829832139425, 5566867.375225322321057, 276.0 ], [ 398171.978253772074822, 5566849.353130371309817, 276.0 ], [ 398177.991547202516813, 5566839.338954478502274, 276.0 ], [ 398190.014931694313418, 5566815.417852064594626, 276.0 ], [ 398203.009918828785885, 5566786.361867957748473, 276.0 ], [ 398204.005712834536098, 5566771.327569379471242, 277.0 ], [ 398210.026677470305003, 5566765.428570789285004, 278.0 ], [ 398219.980782155587804, 5566756.339963486418128, 280.0 ], [ 398235.039780314895324, 5566749.378070083446801, 281.0 ], [ 398233.021922538639046, 5566733.400491212494671, 283.0 ], [ 398228.031866696954239, 5566722.373693503439426, 284.0 ], [ 398216.005509172100574, 5566716.375541562214494, 286.0 ], [ 398205.98091210226994, 5566714.343120996840298, 286.0 ], [ 398199.987190456304234, 5566699.331519302912056, 285.0 ], [ 398197.996777965512592, 5566677.347338413819671, 283.0 ], [ 398190.974820597446524, 5566653.346317238174379, 280.0 ], [ 398175.993001737981103, 5566597.354158024303615, 273.0 ], [ 398168.027702040679287, 5566561.359068762511015, 268.0 ], [ 398167.030123327975161, 5566494.421447429805994, 256.0 ], [ 398163.997859926777892, 5566481.355152504518628, 253.0 ], [ 398171.972390711423941, 5566443.386225457303226, 245.0 ], [ 398176.990911116125062, 5566422.379978247918189, 240.0 ], [ 398179.017688108375296, 5566390.419911338016391, 235.0 ], [ 398178.973943186923862, 5566384.414665076881647, 234.0 ], [ 398180.990238474216312, 5566359.350677029229701, 230.0 ], [ 398190.023275161744095, 5566339.379762590862811, 227.0 ], [ 398195.000613245298155, 5566327.383455495350063, 225.0 ], [ 398197.981425651698373, 5566315.425404042005539, 222.0 ], [ 398200.000186669058166, 5566305.376589731313288, 219.0 ], [ 398208.035115557082463, 5566285.424834718927741, 214.0 ], [ 398212.025775676767807, 5566255.42920255754143, 207.0 ], [ 398212.974997617944609, 5566245.400883340276778, 204.0 ], [ 398214.020061010029167, 5566240.375796852633357, 203.0 ], [ 398218.983749386155978, 5566231.382821132428944, 201.0 ], [ 398225.027762647892814, 5566230.377267640084028, 199.0 ], [ 398227.99489495519083, 5566221.42254142370075, 196.0 ], [ 398242.008227759564761, 5566219.374593532644212, 193.0 ], [ 398249.972151921247132, 5566199.424273742362857, 187.0 ], [ 398260.02638505527284, 5566169.423814682289958, 179.0 ], [ 398266.00875306292437, 5566135.386056246235967, 170.0 ], [ 398265.013639961311128, 5566124.393962897360325, 166.0 ], [ 398272.012467012973502, 5566117.364109214395285, 164.0 ], [ 398267.008142952341586, 5566109.340582626871765, 161.0 ], [ 398282.020153779885732, 5566092.369660730473697, 155.0 ], [ 398293.977721378032584, 5566072.342980504967272, 148.0 ], [ 398311.987023672903888, 5566055.426010231487453, 140.0 ], [ 398314.971433385799173, 5566047.360801490955055, 138.0 ], [ 398325.023029980948195, 5566028.371682981029153, 131.0 ], [ 398343.980236619128846, 5565986.411383526399732, 116.0 ], [ 398361.033050343277864, 5565975.407743073068559, 110.0 ], [ 398374.982648063451052, 5565951.339119897224009, 101.0 ], [ 398405.00668208906427, 5565902.38281262293458, 84.0 ], [ 398411.040697009244468, 5565893.369580562226474, 83.0 ], [ 398438.007246435678098, 5565852.368801232427359, 78.0 ], [ 398450.028507908689789, 5565839.34837965015322, 77.0 ], [ 398472.027430107060354, 5565818.351721557788551, 75.0 ], [ 398473.972603593603708, 5565804.411626381799579, 75.0 ], [ 398479.973769497592002, 5565797.401131416670978, 75.0 ], [ 398479.986269377288409, 5565779.382690023630857, 76.0 ], [ 398485.992613716749474, 5565776.37614917755127, 76.0 ], [ 398484.040014405851252, 5565741.378054752014577, 76.0 ], [ 398482.998263574088924, 5565735.391886573284864, 76.0 ] ] ] } },
{ "type": "Feature", "properties": { "name": "Saar-Hunsrück-Steig - 25. Etappe: Grimburgerhof – Stausee Kell \"Ruwer-Route\"", "km": 11.503, "darstell": "F1", "datum": null, "height": 195, "link": "https://www.saar-hunsrueck-steig.de/tour/saar-hunsrueck-steig-25.-etappe-grimburgerhof-stausee-kell-ruwer-route-123cc2de51" }, "geometry": { "type": "MultiLineString", "coordinates": [ [ [ 346194.173566570621915, 5497333.658539345487952, 390.0 ], [ 346193.366968281916343, 5497343.471722125075758, 390.0 ], [ 346191.273609844734892, 5497369.119396592490375, 390.0 ], [ 346186.883610098389909, 5497382.594171731732786, 390.0 ], [ 346181.316280458006077, 5497403.000034297816455, 390.0 ], [ 346179.771936403238215, 5497417.395524537190795, 390.0 ], [ 346180.714663036749698, 5497425.156605553813279, 390.0 ], [ 346194.703246751683764, 5497469.818352362141013, 394.0 ], [ 346199.339937933604233, 5497485.485126190818846, 395.0 ], [ 346202.584760314901359, 5497492.84726642165333, 396.0 ], [ 346206.884641376906075, 5497496.619410292245448, 396.0 ], [ 346226.348463566275313, 5497509.975106661207974, 398.0 ], [ 346250.152921530883759, 5497528.548191064037383, 400.0 ], [ 346263.592882121913135, 5497546.190915795043111, 401.0 ], [ 346266.320119649695698, 5497568.475759478285909, 403.0 ], [ 346264.704307890497148, 5497600.785121710970998, 405.0 ], [ 346258.794815405621193, 5497624.426957560703158, 405.0 ], [ 346256.094757517217658, 5497641.413977338001132, 405.0 ], [ 346252.797965808247682, 5497657.750367349013686, 405.0 ], [ 346244.21937798341969, 5497686.696714601479471, 405.0 ], [ 346235.644039709470235, 5497715.754243295639753, 405.0 ], [ 346224.798255880130455, 5497746.322373235598207, 405.0 ], [ 346213.672796135768294, 5497772.114529809914529, 405.0 ], [ 346202.082410069531761, 5497794.248498486354947, 405.0 ], [ 346191.946386331925169, 5497819.233916086144745, 405.0 ], [ 346179.382913333363831, 5497845.289392150007188, 405.0 ], [ 346169.43231422547251, 5497869.157071732915938, 405.0 ], [ 346157.497502895945217, 5497899.5337143400684, 404.0 ], [ 346154.156942224421073, 5497911.755032848566771, 404.0 ], [ 346152.613113219325896, 5497928.709383815526962, 403.0 ], [ 346142.307354108896106, 5497945.133166205137968, 403.0 ], [ 346138.09593536995817, 5497944.473693937063217, 402.0 ], [ 346131.560538534598891, 5497943.435048236511648, 402.0 ], [ 346095.152272035600618, 5497934.120012407191098, 403.0 ], [ 346096.188444274535868, 5497968.134416530840099, 406.0 ], [ 346097.15239019272849, 5498002.150869050063193, 409.0 ], [ 346098.188569920021109, 5498036.165276302956045, 410.0 ], [ 346098.467360657290556, 5498063.85966098960489, 410.0 ], [ 346100.372991947922856, 5498092.842995394952595, 410.0 ], [ 346105.619342686724849, 5498114.722650983370841, 411.0 ], [ 346112.394825234077871, 5498134.445151547901332, 411.0 ], [ 346115.926091733563226, 5498151.923247393220663, 412.0 ], [ 346115.133133208844811, 5498169.85763655602932, 412.0 ], [ 346114.442800687800627, 5498176.107431066222489, 413.0 ], [ 346112.823856360162608, 5498192.952685447409749, 413.0 ], [ 346111.563810344377998, 5498219.911901326850057, 414.0 ], [ 346112.209352581645362, 5498240.14186926279217, 414.0 ], [ 346111.049462555092759, 5498262.98184516094625, 415.0 ], [ 346113.576268947450444, 5498285.828604895621538, 415.0 ], [ 346119.258944684232119, 5498307.807159533724189, 415.0 ], [ 346126.904268384794705, 5498330.175123163498938, 414.0 ], [ 346136.358096669951919, 5498350.044261612929404, 412.0 ], [ 346147.212479996262118, 5498370.875020978972316, 411.0 ], [ 346151.471448228461668, 5498380.878487827256322, 410.0 ], [ 346163.81409173697466, 5498400.665824075229466, 409.0 ], [ 346172.949425849714316, 5498406.748523491434753, 409.0 ], [ 346182.329354588175192, 5498408.707905594259501, 409.0 ], [ 346200.031202490732539, 5498416.105560690164566, 409.0 ], [ 346230.087547768373042, 5498438.617734771221876, 409.0 ], [ 346262.147023265250027, 5498460.405827365815639, 409.0 ], [ 346274.991038826294243, 5498472.39141102693975, 409.0 ], [ 346281.476040196139365, 5498481.886933001689613, 410.0 ], [ 346301.090361649403349, 5498498.13108511082828, 410.0 ], [ 346327.151151656871662, 5498512.301545635797083, 411.0 ], [ 346338.788747873622924, 5498517.423661230131984, 411.0 ], [ 346345.712962733116001, 5498522.011647431179881, 411.0 ], [ 346356.079060363583267, 5498533.288747421465814, 411.0 ], [ 346365.741878901608288, 5498547.812128973193467, 412.0 ], [ 346369.604731181811076, 5498559.161998833529651, 412.0 ], [ 346370.195437955029774, 5498567.266827524639666, 412.0 ], [ 346368.032149862498045, 5498572.556970528326929, 412.0 ], [ 346370.871294800424948, 5498583.490788659080863, 413.0 ], [ 346372.068546033347957, 5498602.815110480412841, 414.0 ], [ 346371.818570523988456, 5498629.745650683529675, 416.0 ], [ 346369.379362787003629, 5498643.165143880993128, 417.0 ], [ 346363.913053707685322, 5498654.33395420294255, 418.0 ], [ 346343.674524483038113, 5498697.739435352385044, 420.0 ], [ 346329.288314870907925, 5498723.178727310150862, 420.0 ], [ 346319.144193594169337, 5498745.271628950722516, 420.0 ], [ 346309.260568062774837, 5498763.797050001099706, 420.0 ], [ 346295.047155616804957, 5498785.115158674307168, 421.0 ], [ 346279.587251301738434, 5498805.801075692288578, 422.0 ], [ 346249.329634562716819, 5498837.363942863419652, 424.0 ], [ 346237.920023337355815, 5498850.481273642741144, 425.0 ], [ 346229.025324091606308, 5498860.523542346432805, 425.0 ], [ 346222.579585728351958, 5498867.715111345984042, 425.0 ], [ 346206.501527262618765, 5498886.972466947510839, 425.0 ], [ 346193.441621715086512, 5498913.264647958800197, 425.0 ], [ 346185.876667575328611, 5498939.623702544718981, 426.0 ], [ 346182.251799589663278, 5498959.640907191671431, 427.0 ], [ 346182.454454951104708, 5498979.549678147770464, 428.0 ], [ 346184.015536432969384, 5498986.180707284249365, 428.0 ], [ 346187.379533944884315, 5499000.325949465855956, 429.0 ], [ 346195.853054483945016, 5499026.453158853575587, 429.0 ], [ 346209.476078718143981, 5499055.772136449813843, 429.0 ], [ 346223.095818017493002, 5499084.979981383308768, 429.0 ], [ 346234.285099309985526, 5499112.587877330370247, 429.0 ], [ 346245.405210368102416, 5499140.309005328454077, 431.0 ], [ 346248.640099825919606, 5499152.455357256345451, 432.0 ], [ 346255.813286520249676, 5499178.61946755554527, 434.0 ], [ 346262.279825615230948, 5499202.801020011305809, 436.0 ], [ 346270.208011084585451, 5499250.527084839530289, 439.0 ], [ 346278.136089300387539, 5499298.25316162686795, 441.0 ], [ 346278.200907995924354, 5499326.064884370192885, 444.0 ], [ 346271.226182365790009, 5499347.734456364065409, 446.0 ], [ 346246.490409361023922, 5499367.459455281496048, 449.0 ], [ 346209.425565590034239, 5499388.201364442706108, 454.0 ], [ 346204.603374422877096, 5499391.453097887337208, 455.0 ], [ 346197.957236972404644, 5499396.647834655828774, 456.0 ], [ 346183.7323209134629, 5499404.727419058792293, 458.0 ], [ 346170.106944410945289, 5499411.009983914904296, 460.0 ], [ 346133.914732259698212, 5499424.273665396496654, 464.0 ], [ 346117.909917779674288, 5499433.29391525965184, 464.0 ], [ 346098.342446696129628, 5499449.201737460680306, 464.0 ], [ 346078.775090228533372, 5499465.109632851555943, 464.0 ], [ 346060.241152696078643, 5499484.325933608226478, 463.0 ], [ 346041.707348293159157, 5499503.542300804518163, 463.0 ], [ 346016.263943297206424, 5499526.292369632981718, 462.0 ], [ 345987.853863966767676, 5499548.904228629544377, 461.0 ], [ 345959.371811878168955, 5499571.518290877342224, 461.0 ], [ 345932.506265974952839, 5499589.9702128469944, 460.0 ], [ 345919.547284573898651, 5499596.790803753770888, 460.0 ], [ 345909.329475976293907, 5499605.981216150335968, 460.0 ], [ 345898.528475114435423, 5499620.083411272615194, 457.0 ], [ 345892.854313135379925, 5499634.040077480487525, 455.0 ], [ 345889.629705527622718, 5499652.822412454523146, 453.0 ], [ 345889.614688416244462, 5499657.384281050413847, 452.0 ], [ 345889.601199847878888, 5499672.18153790012002, 450.0 ], [ 345897.700078859517816, 5499707.998127908445895, 447.0 ], [ 345900.349409330752678, 5499747.863349402323365, 447.0 ], [ 345897.219459527754225, 5499790.340250916779041, 447.0 ], [ 345894.08958428108599, 5499832.817157776094973, 447.0 ], [ 345890.21961813303642, 5499859.405658638104796, 447.0 ], [ 345886.346543415565975, 5499885.882998906075954, 447.0 ], [ 345882.954878684366122, 5499919.133215349167585, 447.0 ], [ 345880.182318235281855, 5499936.011409049853683, 448.0 ], [ 345874.566974372486584, 5499941.844852884300053, 448.0 ], [ 345861.326023761299439, 5499946.337287897244096, 448.0 ], [ 345857.863794178236276, 5499949.105726324021816, 448.0 ], [ 345849.724507513572462, 5499955.122131507843733, 449.0 ], [ 345843.597474534471985, 5499960.747632953338325, 449.0 ], [ 345839.831493636942469, 5499968.086157851852477, 449.0 ], [ 345876.441954791313037, 5499967.157696843147278, 445.0 ], [ 345896.275078767794184, 5499981.057667957618833, 442.0 ], [ 345914.333911598834675, 5499970.643291451968253, 439.0 ], [ 345937.29673245747108, 5499962.426126469857991, 436.0 ], [ 345942.833235518774018, 5499953.813619826920331, 437.0 ], [ 345946.916576022049412, 5499947.467458345927298, 438.0 ], [ 345953.992930037202314, 5499949.825473351404071, 440.0 ], [ 345978.308844963903539, 5499963.821018517017365, 444.0 ], [ 345995.169081821688451, 5499979.919540048576891, 448.0 ], [ 346015.178452273015864, 5500000.045186691917479, 452.0 ], [ 346016.293039705196861, 5500001.126111407764256, 452.0 ], [ 346031.326556786778383, 5500021.615490953437984, 453.0 ], [ 346038.403750422992744, 5500031.650154325179756, 453.0 ], [ 346049.073419093620032, 5500051.150820744223893, 454.0 ], [ 346058.693098357296549, 5500084.588111961260438, 454.0 ], [ 346071.907620872603729, 5500122.48489912878722, 454.0 ], [ 346085.125130698725116, 5500160.492881927639246, 453.0 ], [ 346092.372292503307108, 5500176.530532186850905, 452.0 ], [ 346100.06492598366458, 5500190.441721118055284, 452.0 ], [ 346108.451158464537002, 5500203.331960776820779, 451.0 ], [ 346115.960901488317177, 5500210.795589569956064, 450.0 ], [ 346133.130000258446671, 5500219.987948656082153, 449.0 ], [ 346153.334042289003264, 5500224.087871303781867, 448.0 ], [ 346166.6727292786818, 5500228.159952268004417, 448.0 ], [ 346176.071894700755365, 5500233.456267617642879, 448.0 ], [ 346205.056324453849811, 5500272.018923270516098, 449.0 ], [ 346208.390869968454354, 5500280.046007321216166, 449.0 ], [ 346212.215557651536074, 5500292.620638154447079, 449.0 ], [ 346220.084633279009722, 5500317.874935254454613, 450.0 ], [ 346233.244025578140281, 5500353.882284138351679, 451.0 ], [ 346235.279161269427277, 5500364.505052099004388, 451.0 ], [ 346235.252039077924564, 5500376.298796403221786, 452.0 ], [ 346233.419967539841309, 5500388.143682256340981, 452.0 ], [ 346229.855405050562695, 5500402.596512477844954, 452.0 ], [ 346223.48485738952877, 5500420.021473776549101, 451.0 ], [ 346209.041106229822617, 5500440.679098047316074, 448.0 ], [ 346193.818518666492309, 5500456.797404089942575, 446.0 ], [ 346169.848707052180544, 5500482.954106967896223, 442.0 ], [ 346161.695891664188821, 5500503.767316715791821, 444.0 ], [ 346155.152946040907409, 5500520.19597352296114, 446.0 ], [ 346152.710624006809667, 5500546.187535907141864, 449.0 ], [ 346158.893704816000536, 5500568.040658112615347, 451.0 ], [ 346172.065071045828518, 5500599.374832910485566, 453.0 ], [ 346178.231373210670426, 5500641.031766646541655, 453.0 ], [ 346176.104447366436943, 5500680.698697972111404, 452.0 ], [ 346164.715017868438736, 5500722.408290194347501, 452.0 ], [ 346153.432053741882555, 5500760.220986678265035, 451.0 ], [ 346147.860431640758179, 5500785.411255023442209, 450.0 ], [ 346142.288869934796821, 5500810.601531030610204, 448.0 ], [ 346135.838145524496213, 5500832.812869556248188, 447.0 ], [ 346129.97100796981249, 5500852.671321669593453, 446.0 ], [ 346130.055156949558295, 5500873.473563076928258, 445.0 ], [ 346138.352435732609592, 5500885.8100591506809, 444.0 ], [ 346170.773385790875182, 5500918.267223216593266, 440.0 ], [ 346179.757751712109894, 5500929.360495217144489, 439.0 ], [ 346175.843980666482821, 5500931.474031417630613, 439.0 ], [ 346169.563970301591326, 5500936.769785477779806, 438.0 ], [ 346157.018837599025574, 5500940.240595486946404, 438.0 ], [ 346144.382307481428143, 5500940.487640715204179, 439.0 ], [ 346137.699780525115784, 5500939.230819852091372, 440.0 ], [ 346128.402620073640719, 5500937.491879655048251, 441.0 ], [ 346096.36468882043846, 5500931.280214656144381, 444.0 ], [ 346064.323521907441318, 5500924.957572021521628, 448.0 ], [ 346034.925310830702074, 5500920.117686245590448, 453.0 ], [ 346012.774543877516408, 5500916.073566824197769, 457.0 ], [ 346009.962988230399787, 5500921.382334801368415, 458.0 ], [ 346005.415162163262721, 5500944.429899572394788, 462.0 ], [ 345996.343869369709864, 5500963.378174368292093, 465.0 ], [ 345990.292012000805698, 5500981.795743434689939, 467.0 ], [ 345965.95996297779493, 5500977.257464930415154, 470.0 ], [ 345933.833648576401174, 5500967.93413142580539, 473.0 ], [ 345893.792962199542671, 5500949.601598532870412, 476.0 ], [ 345849.881662365864031, 5500929.821739559993148, 478.0 ], [ 345806.042222468240652, 5500910.04017836228013, 481.0 ], [ 345762.133420243975706, 5500890.372182603925467, 484.0 ], [ 345718.058286017854698, 5500872.489337803795934, 487.0 ], [ 345668.460963174351491, 5500866.223178899846971, 487.0 ], [ 345640.704506968497299, 5500865.788905078545213, 487.0 ], [ 345612.87901045253966, 5500865.467992368154228, 488.0 ], [ 345567.297463430906646, 5500865.763804831542075, 488.0 ], [ 345532.784008210175671, 5500869.082566729746759, 488.0 ], [ 345498.195227404357865, 5500872.292439332231879, 488.0 ], [ 345464.9103470503469, 5500880.694400682114065, 488.0 ], [ 345431.553368959459476, 5500889.098624805919826, 488.0 ], [ 345389.16436886577867, 5500902.544395529665053, 491.0 ], [ 345387.952952294261195, 5500903.135191284120083, 491.0 ], [ 345346.036691843764856, 5500923.02065709233284, 494.0 ], [ 345324.979349515750073, 5500937.082799227908254, 494.0 ], [ 345297.338657289859839, 5500945.769949395209551, 494.0 ], [ 345266.37654916010797, 5500951.993083299137652, 494.0 ], [ 345235.411333019903395, 5500958.105230152606964, 496.0 ], [ 345220.847084950073622, 5500956.629321346990764, 497.0 ], [ 345183.744714020460378, 5500980.606487290002406, 499.0 ], [ 345153.91561372205615, 5501006.267697231844068, 501.0 ], [ 345123.529109329218045, 5501035.17141286469996, 503.0 ], [ 345094.3820388597087, 5501061.92607010435313, 505.0 ], [ 345065.2384322299622, 5501088.792055897414684, 506.0 ], [ 345053.615994623163715, 5501089.123954202979803, 506.0 ], [ 345051.029058876913041, 5501087.083971370011568, 506.0 ], [ 345047.117319188313559, 5501084.191777918487787, 506.0 ], [ 345015.754036513448227, 5501051.043280027806759, 508.0 ], [ 345000.032983767217956, 5501034.358962673693895, 511.0 ], [ 344998.393997024744749, 5501032.625690321438015, 511.0 ], [ 344993.648523722891696, 5501033.428793511353433, 511.0 ], [ 344988.830006007687189, 5501031.675102746114135, 512.0 ], [ 344980.868349013908301, 5501026.11726098600775, 513.0 ], [ 344961.675065869523678, 5501016.875139703974128, 515.0 ], [ 344943.433771069860086, 5501010.609787353314459, 516.0 ], [ 344929.596917681628838, 5501006.77750045247376, 517.0 ], [ 344906.827022056269925, 5501011.433522776700556, 518.0 ], [ 344874.94532104767859, 5501015.79386153165251, 519.0 ], [ 344838.680471301253419, 5501015.94074712973088, 520.0 ], [ 344837.233490601822268, 5501015.870870168320835, 520.0 ], [ 344836.297271529503632, 5501013.450010858476162, 520.0 ], [ 344837.601600317691918, 5501000.952037223614752, 520.0 ], [ 344841.375792225357145, 5500978.8154192334041, 521.0 ], [ 344850.587438078713603, 5500942.171302368864417, 522.0 ], [ 344850.974249239487108, 5500935.484882665798068, 522.0 ], [ 344848.995562177384272, 5500931.981269343756139, 522.0 ], [ 344843.551692836801521, 5500928.576742422766984, 522.0 ], [ 344825.704024160280824, 5500918.406548882834613, 524.0 ], [ 344787.783260102674831, 5500898.575010378845036, 528.0 ], [ 344753.122313277970534, 5500884.102002936415374, 532.0 ], [ 344718.461174036492594, 5500869.629213327541947, 532.0 ], [ 344683.799842379521579, 5500855.156641549430788, 532.0 ], [ 344643.045505800051615, 5500839.857422766275704, 532.0 ], [ 344629.374644319294021, 5500836.79991033859551, 531.0 ], [ 344590.582899275701493, 5500832.014217213727534, 530.0 ], [ 344547.591158511466347, 5500826.904094898141921, 529.0 ], [ 344504.671513279317878, 5500821.79224266204983, 526.0 ], [ 344461.676391665940173, 5500816.571632497943938, 525.0 ], [ 344418.756551343540195, 5500811.46045630145818, 525.0 ], [ 344378.305063628591597, 5500809.282746942713857, 525.0 ], [ 344369.428517613676377, 5500809.648586665280163, 525.0 ], [ 344343.894178332528099, 5500831.297221183776855, 525.0 ], [ 344318.284661366604269, 5500852.836886934936047, 526.0 ], [ 344304.779676517064217, 5500835.4233332965523, 527.0 ], [ 344276.975385172409005, 5500868.596860144287348, 528.0 ], [ 344249.168251039111055, 5500901.659372947178781, 528.0 ], [ 344221.364655333745759, 5500934.833201693370938, 527.0 ], [ 344198.836502400808968, 5500965.519319388084114, 523.0 ], [ 344176.236422200803645, 5500996.207610351964831, 519.0 ], [ 344158.949394563096575, 5501018.176639307290316, 519.0 ], [ 344141.659317624289542, 5501040.034561880864203, 519.0 ], [ 344128.968592017074116, 5501038.396500702947378, 519.0 ], [ 344110.986285496968776, 5501031.125147175043821, 519.0 ], [ 344067.20193555764854, 5501008.463076738640666, 515.0 ], [ 344023.414014952257276, 5500985.690187717787921, 510.0 ], [ 344016.90480699390173, 5500992.99774700216949, 509.0 ], [ 344005.636873385345098, 5501005.671198517084122, 508.0 ], [ 343993.16413248272147, 5501019.158115427009761, 506.0 ], [ 343961.895416843704879, 5501042.308639695867896, 502.0 ], [ 343930.626966317999177, 5501065.459350337274373, 499.0 ], [ 343894.935585967265069, 5501093.076528608798981, 495.0 ], [ 343884.237887614406645, 5501102.952427040785551, 494.0 ], [ 343880.561256213346496, 5501100.721820206381381, 494.0 ], [ 343871.003919520240743, 5501094.988952808082104, 493.0 ], [ 343862.631893233628944, 5501110.360824535600841, 491.0 ], [ 343820.728307779296301, 5501135.487130479887128, 491.0 ], [ 343806.809723015176132, 5501143.898309199139476, 490.0 ], [ 343784.067481150676031, 5501162.020425640046597, 490.0 ], [ 343786.930839639971964, 5501163.60684026312083, 490.0 ], [ 343806.626160904357675, 5501175.166834751144052, 488.0 ], [ 343851.251073568477295, 5501196.912552357651293, 484.0 ], [ 343879.773189119936433, 5501216.451788416132331, 483.0 ], [ 343908.295097755792085, 5501235.991170660592616, 483.0 ], [ 343914.826223895477597, 5501247.040229703299701, 483.0 ], [ 343906.046809055143967, 5501263.313820557668805, 483.0 ], [ 343907.578728492255323, 5501263.826031292788684, 483.0 ], [ 343941.375448648235761, 5501275.870854038745165, 482.0 ], [ 343975.10302093392238, 5501288.02912531606853, 481.0 ], [ 343968.224585498275701, 5501302.579088190570474, 481.0 ], [ 343963.725640788208693, 5501311.942805689759552, 480.0 ], [ 343954.832451615366153, 5501326.773249235935509, 480.0 ], [ 343952.426082333433442, 5501328.511317227967083, 480.0 ], [ 343943.15835328924004, 5501335.342053194530308, 479.0 ], [ 343923.683179256157018, 5501346.47169906180352, 479.0 ], [ 343899.007070402614772, 5501362.646371992304921, 478.0 ], [ 343887.355527171341237, 5501371.993454873561859, 478.0 ], [ 343878.58643683680566, 5501383.594014246948063, 478.0 ], [ 343871.657208395306952, 5501396.365469178184867, 478.0 ], [ 343861.510482795187272, 5501425.361811467446387, 478.0 ], [ 343851.294891759636812, 5501454.471418810077012, 478.0 ], [ 343839.329962790594436, 5501475.50963724963367, 478.0 ], [ 343824.415189437335357, 5501496.966577981598675, 480.0 ], [ 343809.500538455788046, 5501518.423562777228653, 482.0 ], [ 343804.843129441782366, 5501529.794629085808992, 483.0 ], [ 343801.305901415238623, 5501557.488251590169966, 486.0 ], [ 343799.893914762069471, 5501563.648051345720887, 486.0 ], [ 343798.331164193863515, 5501569.589678348973393, 487.0 ], [ 343794.503376580076292, 5501577.154126005247235, 488.0 ], [ 343785.061031502322294, 5501590.443110633641481, 488.0 ], [ 343782.737753740511835, 5501600.078131444752216, 488.0 ], [ 343780.220656318357214, 5501605.490961533039808, 488.0 ], [ 343779.448748342343606, 5501611.298564923927188, 488.0 ], [ 343779.676037225348409, 5501619.191281232982874, 488.0 ], [ 343786.011956547619775, 5501646.044327784329653, 489.0 ], [ 343787.219530483067501, 5501650.34858513623476, 489.0 ], [ 343770.156343522132374, 5501667.417293452657759, 489.0 ], [ 343767.536845067515969, 5501669.272850007750094, 489.0 ], [ 343763.709469922527205, 5501671.830738912336528, 489.0 ], [ 343746.617335176793858, 5501692.905623673461378, 489.0 ], [ 343726.102780286688358, 5501705.512351232580841, 489.0 ], [ 343693.468916006677318, 5501741.276104546152055, 489.0 ], [ 343660.910874068620615, 5501777.149149508215487, 491.0 ], [ 343628.353270819759928, 5501813.022400492802262, 494.0 ], [ 343619.474425233667716, 5501838.311275365762413, 496.0 ], [ 343602.060069469735026, 5501833.139210016466677, 498.0 ], [ 343586.194481162703596, 5501856.626961650326848, 500.0 ], [ 343570.256856729858555, 5501880.116844795644283, 502.0 ], [ 343559.912226981949061, 5501914.682481641881168, 505.0 ], [ 343549.318932934198529, 5501963.162507562898099, 508.0 ], [ 343531.134793779463507, 5501976.370379893109202, 508.0 ], [ 343524.304965716553852, 5502000.042740968987346, 508.0 ], [ 343518.330123912775889, 5502020.797752504236996, 509.0 ], [ 343526.745843328535557, 5502034.57342344801873, 509.0 ], [ 343547.893229088513181, 5502069.009532416239381, 509.0 ], [ 343516.105085141491145, 5502076.379466176964343, 508.0 ], [ 343484.241634912672453, 5502083.640505703166127, 508.0 ], [ 343451.305244229501113, 5502091.266476539894938, 507.0 ], [ 343437.218142052530311, 5502101.241236771456897, 507.0 ], [ 343410.869177932559978, 5502109.344866096042097, 506.0 ], [ 343401.718958167708479, 5502115.171922978945076, 506.0 ], [ 343388.263889295514673, 5502122.013354609720409, 506.0 ], [ 343344.784030824608635, 5502139.735115653835237, 507.0 ], [ 343334.824225467047654, 5502155.042584326118231, 508.0 ], [ 343331.316820688021835, 5502166.158413341268897, 509.0 ], [ 343322.28590166073991, 5502186.111906087026, 509.0 ], [ 343321.044710650923662, 5502193.157000845298171, 510.0 ], [ 343324.658959319931455, 5502215.749185371212661, 510.0 ], [ 343324.247017133049667, 5502223.99416146799922, 511.0 ], [ 343319.642704322352074, 5502237.144329423084855, 511.0 ], [ 343314.619740112917498, 5502248.303956517018378, 511.0 ], [ 343309.240488718962297, 5502252.130866955965757, 512.0 ], [ 343305.492342477664351, 5502254.909339039586484, 512.0 ], [ 343303.646416916744784, 5502258.522919290699065, 512.0 ], [ 343306.45261765626492, 5502288.147684022784233, 513.0 ], [ 343299.453844266710803, 5502300.92202246747911, 513.0 ], [ 343299.019474259170238, 5502308.388847125694156, 513.0 ], [ 343294.092606908467133, 5502312.870253142900765, 513.0 ], [ 343287.79786479275208, 5502322.509048725478351, 513.0 ], [ 343267.60952573036775, 5502343.786380228586495, 513.0 ], [ 343247.421347585041076, 5502365.063790755346417, 514.0 ], [ 343250.435041574412026, 5502366.868073315359652, 514.0 ], [ 343287.038668311142828, 5502388.729409232735634, 517.0 ], [ 343300.785782344988547, 5502407.023520556278527, 518.0 ], [ 343311.714715915499255, 5502420.281221001408994, 519.0 ], [ 343311.462084940169007, 5502441.538768293336034, 520.0 ], [ 343308.89053396624513, 5502467.536143727600574, 520.0 ], [ 343306.246846511261538, 5502493.535607038997114, 520.0 ], [ 343304.916038252064027, 5502502.474686962552369, 520.0 ], [ 343304.749795110663399, 5502516.720497394911945, 520.0 ], [ 343307.0836300009978, 5502524.997406408190727, 521.0 ], [ 343312.543264564941637, 5502533.962810453027487, 522.0 ], [ 343308.182674174313433, 5502578.035657885484397, 525.0 ], [ 343309.600038363249041, 5502609.591944325715303, 528.0 ], [ 343310.942019766836893, 5502641.039152287878096, 528.0 ], [ 343306.178589113464113, 5502673.664090439677238, 527.0 ], [ 343308.155764470400754, 5502707.095590287819505, 527.0 ], [ 343286.032765102398116, 5502718.860654260031879, 526.0 ], [ 343263.837691351305693, 5502730.627896454185247, 525.0 ], [ 343259.739695462456439, 5502721.289414139464498, 525.0 ], [ 343256.725938873132691, 5502714.478528785519302, 525.0 ], [ 343244.683696100139059, 5502687.679663542658091, 524.0 ], [ 343230.864852915692609, 5502669.387784202583134, 523.0 ], [ 343214.107746663736179, 5502649.400755506008863, 522.0 ], [ 343195.216135690570809, 5502633.035746506415308, 520.0 ], [ 343167.938938981096726, 5502601.448430083692074, 519.0 ], [ 343140.589262988069095, 5502569.863333063200116, 520.0 ], [ 343113.239276732259896, 5502538.278368729166687, 521.0 ], [ 343087.601779736462049, 5502505.976431868039072, 523.0 ], [ 343074.328582330141217, 5502484.108861376531422, 525.0 ], [ 343063.079297465272248, 5502462.294010441750288, 526.0 ], [ 343047.431221176928375, 5502428.256826736964285, 527.0 ], [ 343040.775330879143439, 5502427.893159518949687, 526.0 ], [ 343037.003093950334005, 5502427.334784008562565, 526.0 ], [ 343029.546435246942565, 5502421.765173866413534, 526.0 ], [ 343022.823904383578338, 5502411.612740973941982, 525.0 ], [ 343011.384417390800081, 5502400.706785483285785, 524.0 ], [ 342983.765822485904209, 5502377.363282518461347, 522.0 ], [ 342968.585215038910974, 5502374.465051145292819, 521.0 ], [ 342959.556710190954618, 5502369.497332387603819, 521.0 ], [ 342946.909385455888696, 5502359.294025331735611, 520.0 ], [ 342940.004169259336777, 5502352.818495498970151, 519.0 ], [ 342937.259732048434671, 5502350.339032914489508, 519.0 ], [ 342932.288938032463193, 5502345.810140719637275, 519.0 ], [ 342926.526107865036465, 5502343.863129965029657, 518.0 ], [ 342877.472950281808153, 5502348.621737524867058, 516.0 ], [ 342876.805969754524995, 5502350.532450780272484, 516.0 ], [ 342877.472950281808153, 5502348.621737524867058, 516.0 ], [ 342890.743155815056525, 5502305.514143472537398, 514.0 ], [ 342895.963740317209158, 5502291.233122461475432, 513.0 ], [ 342902.932079613907263, 5502272.451155180111527, 512.0 ], [ 342915.12116627197247, 5502239.388198883272707, 510.0 ], [ 342914.756008811760694, 5502229.274277670308948, 510.0 ], [ 342920.531079289678019, 5502209.191803610883653, 509.0 ], [ 342921.677039614063688, 5502201.370541786774993, 508.0 ], [ 342917.235740229021758, 5502200.164068633690476, 508.0 ], [ 342896.928299329301808, 5502194.855556442402303, 507.0 ], [ 342872.1794947036542, 5502188.340682809241116, 507.0 ], [ 342865.393144311965443, 5502185.978346300311387, 507.0 ], [ 342859.77579221711494, 5502181.579501044936478, 507.0 ], [ 342850.410875503497664, 5502142.576663635671139, 506.0 ], [ 342840.97044860816095, 5502103.464768090285361, 506.0 ], [ 342831.661973602720536, 5502068.91065017413348, 507.0 ], [ 342822.350175563246012, 5502034.245382529683411, 508.0 ], [ 342814.422534682555124, 5501999.985048964619637, 510.0 ], [ 342805.931576448841952, 5501963.738400232046843, 511.0 ], [ 342782.982160819228739, 5501976.975707529112697, 512.0 ], [ 342760.036077195371035, 5501990.324279353953898, 510.0 ], [ 342759.218282878107857, 5501992.016860907897353, 510.0 ], [ 342747.015519516542554, 5501944.863312649540603, 506.0 ], [ 342734.743619492044672, 5501897.823048083111644, 502.0 ], [ 342703.208726699056569, 5501916.427491646260023, 499.0 ], [ 342695.539154666417744, 5501920.988978772424161, 499.0 ], [ 342657.893920085974969, 5501943.10865537635982, 497.0 ], [ 342638.62768326693913, 5501926.422488749958575, 497.0 ], [ 342619.430282302142587, 5501909.62312941532582, 497.0 ], [ 342593.096319065080024, 5501880.903747159056365, 496.0 ], [ 342585.969522903673351, 5501869.317161889746785, 495.0 ], [ 342575.186967281275429, 5501866.181064878590405, 495.0 ], [ 342569.633581044035964, 5501864.00580729637295, 495.0 ], [ 342561.687757708888967, 5501856.559585043229163, 494.0 ], [ 342545.39235548931174, 5501835.225898868404329, 493.0 ], [ 342535.14026193623431, 5501820.503594077192247, 492.0 ], [ 342533.835754319676198, 5501817.871257808990777, 492.0 ], [ 342531.151328408624977, 5501812.49751665815711, 491.0 ], [ 342525.546558178088162, 5501801.08933531679213, 490.0 ], [ 342518.111203407926951, 5501768.92895944416523, 487.0 ], [ 342512.018417275045067, 5501755.64356211386621, 486.0 ], [ 342499.157015581149608, 5501735.656659943051636, 484.0 ], [ 342486.584529141255189, 5501708.207073003984988, 482.0 ], [ 342480.062639990006573, 5501700.052058291621506, 482.0 ], [ 342467.129724984115455, 5501685.07393298111856, 482.0 ], [ 342466.008258734829724, 5501683.771397565491498, 481.0 ], [ 342459.748053781222552, 5501677.166425151750445, 481.0 ], [ 342448.797155328444205, 5501668.250000612810254, 481.0 ], [ 342437.164075943233911, 5501665.695149477571249, 481.0 ], [ 342419.498835436766967, 5501666.875818816013634, 480.0 ], [ 342401.706515799858607, 5501666.168841331265867, 480.0 ], [ 342388.671749173547141, 5501665.10117634665221, 479.0 ], [ 342344.948948773671873, 5501652.13056680560112, 477.0 ], [ 342301.15374207100831, 5501639.162403753958642, 477.0 ], [ 342257.427261439559516, 5501626.081326324492693, 477.0 ], [ 342245.410440596519038, 5501622.75922385416925, 477.0 ], [ 342241.842460271494929, 5501656.574390761554241, 476.0 ], [ 342231.337233640311752, 5501655.544798212125897, 476.0 ], [ 342222.105342105147429, 5501646.133781366981566, 476.0 ], [ 342196.778792970115319, 5501632.295546665787697, 476.0 ], [ 342171.383163158548996, 5501618.570692548528314, 476.0 ], [ 342148.243462031066883, 5501607.895556201227009, 476.0 ], [ 342143.651668113423511, 5501604.023850087076426, 476.0 ], [ 342142.410419628722593, 5501598.608284310437739, 476.0 ], [ 342142.322901922452729, 5501588.152497491799295, 476.0 ], [ 342139.502421515411697, 5501545.844943304546177, 476.0 ], [ 342133.865616690716706, 5501545.786453078500926, 476.0 ], [ 342132.277573411818594, 5501545.832665203139186, 475.0 ] ] ] } },
{ "type": "Feature", "properties": { "name": "Saar-Hunsrück-Steig - 26. Etappe: Stausee Kell – Bonerath – Riveris – Waldrach – Kasel/Mertesdorf \"Ruwer-Route\"", "km": 20.89, "darstell": "F2", "datum": null, "height": 232, "link": "https://www.saar-hunsrueck-steig.de/tour/saar-hunsrueck-steig-26.-etappe-stausee-kell-bonerath-riveris-waldrach-kaselmertesdorf-ruwer-route-0aae0f77cc" }, "geometry": { "type": "MultiLineString", "coordinates": [ [ [ 342135.889997527934611, 5501545.838803051970899, 0.0 ], [ 342094.01892956654774, 5501541.939483183436096, 0.0 ], [ 342058.558920392009895, 5501529.954444728791714, 0.0 ], [ 342023.170929546700791, 5501517.967532892711461, 0.0 ], [ 341994.515717433299869, 5501513.906653286889195, 0.0 ], [ 341961.784085964027327, 5501479.034661660902202, 0.0 ], [ 341832.087894055759534, 5501419.062895311042666, 0.0 ], [ 341801.036499429494143, 5501397.271394320763648, 0.0 ], [ 341770.053797924658284, 5501375.366796463727951, 0.0 ], [ 341740.424481659487356, 5501357.76199431437999, 0.0 ], [ 341711.516094358288683, 5501332.681940777227283, 0.0 ], [ 341700.168216361897066, 5501327.561331368982792, 0.0 ], [ 341677.087082703365013, 5501331.350096955895424, 0.0 ], [ 341594.652633609017357, 5501427.88177116215229, 0.0 ], [ 341591.198670800193213, 5501455.574952916242182, 0.0 ], [ 341604.562371302163228, 5501497.574591089040041, 0.0 ], [ 341598.668356546608265, 5501553.042608378455043, 0.0 ], [ 341604.579657533380669, 5501577.347080636769533, 0.0 ], [ 341588.571828757878393, 5501617.979152270592749, 0.0 ], [ 341552.579711264290381, 5501669.430824047885835, 0.0 ], [ 341543.071182351850439, 5501702.530111293308437, 0.0 ], [ 341567.797474714578129, 5501752.653491131030023, 0.0 ], [ 341570.979342756851111, 5501797.286876657046378, 0.0 ], [ 341546.723787527938839, 5501839.940177467651665, 0.0 ], [ 341480.519065972941462, 5501895.724122299812734, 0.0 ], [ 341477.825816082418896, 5501917.275934246368706, 0.0 ], [ 341452.637928387732245, 5501989.774561565369368, 0.0 ], [ 341454.209852421074174, 5502011.42424788698554, 0.0 ], [ 341443.691822767199483, 5502069.252945686690509, 0.0 ], [ 341436.865287220221944, 5502090.258064579218626, 0.0 ], [ 341401.792909050476737, 5502143.353017001412809, 0.0 ], [ 341471.229743078758474, 5502163.686299029737711, 0.0 ], [ 341513.386553091579117, 5502175.026653324253857, 0.0 ], [ 341530.04323515977012, 5502183.885777162387967, 0.0 ], [ 341550.31140319397673, 5502227.352439264766872, 0.0 ], [ 341581.599209472187795, 5502269.718470158055425, 0.0 ], [ 341618.155364470439963, 5502353.986922547221184, 0.0 ], [ 341595.7205295820022, 5502372.332394126802683, 0.0 ], [ 341531.753740897867829, 5502403.128541931509972, 0.0 ], [ 341521.474287309101783, 5502419.672816684469581, 0.0 ], [ 341513.524758457904682, 5502456.62080989126116, 0.0 ], [ 341466.281714203127194, 5502540.556313004344702, 0.0 ], [ 341383.859981469460763, 5502666.353477396070957, 0.0 ], [ 341330.865238972357474, 5502718.972057829611003, 0.0 ], [ 341311.385546629200689, 5502749.359711337834597, 0.0 ], [ 341296.762894846964628, 5502785.279559691436589, 0.0 ], [ 341282.071539972734172, 5502821.312730320729315, 0.0 ], [ 341266.761124418349937, 5502868.267556149512529, 0.0 ], [ 341251.488106867065653, 5502896.752179686911404, 0.0 ], [ 341243.720916547521483, 5502937.366971139796078, 0.0 ], [ 341235.953866061696317, 5502977.981778460554779, 0.0 ], [ 341228.259119847672991, 5503018.594488638453186, 0.0 ], [ 341202.734063159208745, 5503071.856713731773198, 0.0 ], [ 341182.931693707883824, 5503147.871063763275743, 0.0 ], [ 341181.49308840604499, 5503202.319426140747964, 0.0 ], [ 341177.66440342203714, 5503236.810970681719482, 0.0 ], [ 341173.766879683593288, 5503271.415799233131111, 0.0 ], [ 341173.817545838304795, 5503295.335259072482586, 0.0 ], [ 341202.507870177854784, 5503340.334102487191558, 0.0 ], [ 341221.25330676935846, 5503398.419226234778762, 0.0 ], [ 341220.597419938188978, 5503427.811122400686145, 0.0 ], [ 341217.082372460921761, 5503468.078993993811309, 0.0 ], [ 341216.608865752175916, 5503503.696126065216959, 0.0 ], [ 341228.337587414018344, 5503534.282972963526845, 0.0 ], [ 341263.704392045736313, 5503577.973950526677072, 0.0 ], [ 341286.094604120822623, 5503597.790298815816641, 0.0 ], [ 341304.580260965740308, 5503651.989148133434355, 0.0 ], [ 341302.971630327752791, 5503715.454524058848619, 0.0 ], [ 341277.031254962086678, 5503821.021048896946013, 0.0 ], [ 341259.284183260984719, 5503853.69489957485348, 0.0 ], [ 341260.038849394768476, 5503881.932900811545551, 0.0 ], [ 341251.490162227477413, 5503905.659148151054978, 0.0 ], [ 341258.35949526343029, 5503972.54791956115514, 0.0 ], [ 341267.369825177534949, 5503996.650065564550459, 0.0 ], [ 341308.037990096607246, 5504048.86426333989948, 0.0 ], [ 341343.667662196909077, 5504074.523755393922329, 0.0 ], [ 341341.410039895388763, 5504108.412934064865112, 0.0 ], [ 341337.26356146694161, 5504141.912364366464317, 0.0 ], [ 341333.117150546051562, 5504175.411800479516387, 0.0 ], [ 341328.974061260640156, 5504209.022407383657992, 0.0 ], [ 341328.825862501922529, 5504226.160821875557303, 0.0 ], [ 341350.722169657528866, 5504271.136582287959754, 0.0 ], [ 341361.558886427665129, 5504278.718882740475237, 0.0 ], [ 341359.316213073325343, 5504290.911884614266455, 0.0 ], [ 341358.296387766720727, 5504290.607952424325049, 0.0 ], [ 341345.043691338389181, 5504336.167509459890425, 0.0 ], [ 341332.575645524309948, 5504378.922637345269322, 0.0 ], [ 341330.215941623784602, 5504387.113715086132288, 0.0 ], [ 341379.282056696072686, 5504413.047571342438459, 0.0 ], [ 341418.633787745027803, 5504454.953755643218756, 0.0 ], [ 341420.692008780199103, 5504473.473987093195319, 0.0 ], [ 341432.365582881378941, 5504489.932735993526876, 0.0 ], [ 341481.020166840753518, 5504516.658306357450783, 0.0 ], [ 341522.136425204575062, 5504576.982740686275065, 0.0 ], [ 341527.633313740545418, 5504624.218816809356213, 0.0 ], [ 341542.008874515537173, 5504676.313261233270168, 0.0 ], [ 341545.446588835213333, 5504722.274436333216727, 0.0 ], [ 341563.941613627772313, 5504769.575557608157396, 0.0 ], [ 341561.159370417299215, 5504788.014815058559179, 0.0 ], [ 341581.042934972560033, 5504828.488520898856223, 0.0 ], [ 341579.009385621757247, 5504855.250391786918044, 0.0 ], [ 341584.466683951497544, 5504888.802674290724099, 0.0 ], [ 341615.301722714561038, 5504965.560927201062441, 0.0 ], [ 341615.359993534279056, 5505029.311261343769729, 0.0 ], [ 341613.197720943309832, 5505071.430782837793231, 0.0 ], [ 341663.332272709580138, 5505131.714994481764734, 0.0 ], [ 341677.879368026857264, 5505160.106306965462863, 0.0 ], [ 341681.587202340248041, 5505185.699050414375961, 0.0 ], [ 341611.994035357784014, 5505183.393655560910702, 0.0 ], [ 341596.17625461879652, 5505197.986069636419415, 0.0 ], [ 341548.340315262670629, 5505213.848490097559988, 0.0 ], [ 341525.181690680794418, 5505214.414480147883296, 0.0 ], [ 341482.271935059339739, 5505198.758031419478357, 0.0 ], [ 341443.96902884269366, 5505209.780844095163047, 0.0 ], [ 341372.708131256629713, 5505217.095720615237951, 0.0 ], [ 341318.899982563161757, 5505196.64161357562989, 0.0 ], [ 341293.745777354342863, 5505190.702659604139626, 0.0 ], [ 341260.190726780274417, 5505186.345039459876716, 0.0 ], [ 341226.635612168116495, 5505181.987625918351114, 0.0 ], [ 341190.735792973311618, 5505178.923000261187553, 0.0 ], [ 341145.380062164622359, 5505173.465554663911462, 0.0 ], [ 341096.548242516932078, 5505170.113109831698239, 0.0 ], [ 341026.625024111825041, 5505176.280691426247358, 0.0 ], [ 340975.646420013974421, 5505210.487202717922628, 0.0 ], [ 340943.342637528607156, 5505236.469021344557405, 0.0 ], [ 340903.089659415185452, 5505274.478096241131425, 0.0 ], [ 340875.793559438548982, 5505298.866932831704617, 0.0 ], [ 340848.428837778163143, 5505323.369196619838476, 0.0 ], [ 340836.348058508359827, 5505337.297884772531688, 0.0 ], [ 340822.276525294000749, 5505384.218339091166854, 0.0 ], [ 340834.836652734607924, 5505418.562797833234072, 0.0 ], [ 340843.784122197772376, 5505474.931811892427504, 0.0 ], [ 340833.025917449151166, 5505509.293704696930945, 0.0 ], [ 340836.795074615045451, 5505632.682711819186807, 0.0 ], [ 340831.163436781149358, 5505652.318837240338326, 0.0 ], [ 340831.123305028420873, 5505687.812289494089782, 0.0 ], [ 340820.895940966438502, 5505700.907786388881505, 0.0 ], [ 340798.432358747813851, 5505720.148427504114807, 0.0 ], [ 340775.965669453144073, 5505739.278000482358038, 0.0 ], [ 340748.876165779947769, 5505760.76878095138818, 0.0 ], [ 340721.76513588661328, 5505769.242783172987401, 0.0 ], [ 340682.551040691905655, 5505763.831388362683356, 0.0 ], [ 340668.426818217267282, 5505767.139545455574989, 0.0 ], [ 340630.442456372780725, 5505756.908123611472547, 0.0 ], [ 340597.03214794251835, 5505737.752736611291766, 0.0 ], [ 340563.621598777361214, 5505718.597551115788519, 0.0 ], [ 340542.714842582878191, 5505707.307875274680555, 0.0 ], [ 340525.735117528878618, 5505706.806296204216778, 0.0 ], [ 340481.795560131722596, 5505707.65479370392859, 0.0 ], [ 340437.859272401663475, 5505708.614812741987407, 0.0 ], [ 340395.096775227808394, 5505707.760425061918795, 0.0 ], [ 340352.40637640946079, 5505706.904249057173729, 0.0 ], [ 340318.000943287101109, 5505705.470430865883827, 0.0 ], [ 340282.638173843908589, 5505700.949726618826389, 0.0 ], [ 340247.203205059398897, 5505696.431378706358373, 0.0 ], [ 340211.768165855668485, 5505691.91326124407351, 0.0 ], [ 340166.631668733782135, 5505686.457688667811453, 0.0 ], [ 340121.491781866876408, 5505680.89132512267679, 0.0 ], [ 340076.427194556104951, 5505675.434371479786932, 0.0 ], [ 340031.290368612390012, 5505669.979920340701938, 0.0 ], [ 339986.153433341649361, 5505664.525843213312328, 0.0 ], [ 339941.016388744465075, 5505659.07214009668678, 0.0 ], [ 339895.879234821768478, 5505653.618810991756618, 0.0 ], [ 339848.001038531307131, 5505648.24687603674829, 0.0 ], [ 339800.191569375572726, 5505642.762064364738762, 0.0 ], [ 339752.309852648060769, 5505637.279805800877512, 0.0 ], [ 339704.503437156789005, 5505631.906999084167182, 0.0 ], [ 339656.693616146920249, 5505626.423447174020112, 0.0 ], [ 339658.050855160341598, 5505657.647973863407969, 0.0 ], [ 339659.408093065256253, 5505688.872501923702657, 0.0 ], [ 339660.860737071256153, 5505723.320813572965562, 0.0 ], [ 339661.268187091918662, 5505732.209736688993871, 0.0 ], [ 339660.379550800076686, 5505794.876697796396911, 0.0 ], [ 339683.868853747844696, 5505878.740892715752125, 0.0 ], [ 339654.827305908198468, 5505873.147155216895044, 0.0 ], [ 339605.990829738671891, 5505874.37028038688004, 0.0 ], [ 339589.3106335180928, 5505881.539888402447104, 0.0 ], [ 339587.098608940141276, 5505889.727539416402578, 0.0 ], [ 339578.525924633722752, 5505922.024951997213066, 0.0 ], [ 339567.73810785159003, 5505962.398877823725343, 0.0 ], [ 339474.925949664262589, 5505921.755857845768332, 0.0 ], [ 339493.498698313604109, 5505971.162418038584292, 0.0 ], [ 339573.632039294112474, 5506037.10394243709743, 0.0 ], [ 339535.428554730780888, 5506060.932972858659923, 0.0 ], [ 339497.225400277646258, 5506084.762280481867492, 0.0 ], [ 339459.022575936513022, 5506108.591865306720138, 0.0 ], [ 339420.823376966407523, 5506132.532892250455916, 0.0 ], [ 339382.621213665115647, 5506156.363031469285488, 0.0 ], [ 339344.419380482868291, 5506180.193447886034846, 0.0 ], [ 339338.206932890461758, 5506160.572937267832458, 0.0 ], [ 339324.317611364996992, 5506127.939867636188865, 0.0 ], [ 339310.42483946174616, 5506095.195666650310159, 0.0 ], [ 339295.208144445205107, 5506066.496227195486426, 0.0 ], [ 339257.21006615285296, 5506094.771706880070269, 0.0 ], [ 339219.212382006691769, 5506123.047462497837842, 0.0 ], [ 339181.287215317017399, 5506151.321352897211909, 0.0 ], [ 339143.290319106541574, 5506179.597659861668944, 0.0 ], [ 339105.293817051453516, 5506207.874242756515741, 0.0 ], [ 339067.297709154547192, 5506236.151101578958333, 0.0 ], [ 339108.629749202285893, 5506278.8721854807809, 0.0 ], [ 339089.659901565464679, 5506301.24320403020829, 0.0 ], [ 339112.569238050142303, 5506336.166863401420414, 0.0 ], [ 339130.693702360324096, 5506363.110513735562563, 0.0 ], [ 339102.096830229507759, 5506389.439101616851985, 0.0 ], [ 339073.569055282976478, 5506415.65453970618546, 0.0 ], [ 339051.858228466997389, 5506433.21158853918314, 0.0 ], [ 339024.506838474422693, 5506455.275621564127505, 0.0 ], [ 338997.155671048094518, 5506477.339798046275973, 0.0 ], [ 338956.454630573804025, 5506506.810607240535319, 0.0 ], [ 338889.834443088504486, 5506538.499064520932734, 0.0 ], [ 338896.071546966093592, 5506546.76955264993012, 0.0 ], [ 338904.782562525535468, 5506589.680594960227609, 0.0 ], [ 338913.490161019202787, 5506632.48048601206392, 0.0 ], [ 338932.788869518786669, 5506740.165669362992048, 0.0 ], [ 338940.80947717721574, 5506776.866545154713094, 0.0 ], [ 338948.833301578764804, 5506813.678597330115736, 0.0 ], [ 338912.531631159130484, 5506833.227906523272395, 0.0 ], [ 338876.233522702590562, 5506852.888629955239594, 0.0 ], [ 338839.932362606865354, 5506872.438437767326832, 0.0 ], [ 338832.050130992545746, 5506876.789740776643157, 0.0 ], [ 338618.378370973514393, 5506929.215669372119009, 0.0 ], [ 338561.790421623561997, 5506975.185144616290927, 0.0 ], [ 338546.590329966275021, 5506983.426730465143919, 0.0 ], [ 338522.963366989628412, 5507062.460817482322454, 0.0 ], [ 338524.72129421250429, 5507075.426257295534015, 0.0 ], [ 338533.385940160776954, 5507109.437135978601873, 0.0 ], [ 338542.122604439966381, 5507143.445877872407436, 0.0 ], [ 338553.003189672192093, 5507278.41818280890584, 0.0 ], [ 338540.629902620683424, 5507347.548099167644978, 0.0 ], [ 338560.521093512768857, 5507404.700931602157652, 0.0 ], [ 338612.679314004024491, 5507440.308230296708643, 0.0 ], [ 338660.282456514833029, 5507480.502265873365104, 0.0 ], [ 338688.187383823038545, 5507479.67088127695024, 0.0 ], [ 338719.395573086570948, 5507487.976131298579276, 0.0 ], [ 338743.253819957608357, 5507457.891974952071905, 0.0 ], [ 338740.729868043912575, 5507424.03174823243171, 0.0 ], [ 338711.354518273263238, 5507375.505605946294963, 0.0 ], [ 338688.848126450553536, 5507346.802424603141844, 0.0 ], [ 338667.809403041610494, 5507316.497908522374928, 0.0 ], [ 338642.913802479044534, 5507258.492475335486233, 0.0 ], [ 338676.309960081707686, 5507236.023591725155711, 0.0 ], [ 338712.54838140134234, 5507258.086964918300509, 0.0 ], [ 338744.356944948784076, 5507286.513237758539617, 0.0 ], [ 338811.925471905677114, 5507318.548181291669607, 0.0 ], [ 338888.881050274532754, 5507341.069767317734659, 0.0 ], [ 338883.478926981217228, 5507351.132940457202494, 0.0 ], [ 338881.973253978590947, 5507382.999077184125781, 0.0 ], [ 338880.392199586320203, 5507414.756196627393365, 0.0 ], [ 338880.48946643731324, 5507447.130961104296148, 0.0 ], [ 338859.046594237966929, 5507526.877362160943449, 0.0 ], [ 338832.551351130008698, 5507562.936451246961951, 0.0 ], [ 338780.297223190777004, 5507650.053736601024866, 0.0 ], [ 338750.848047087783925, 5507678.969111723825336, 0.0 ], [ 338697.686112424416933, 5507694.349295428954065, 0.0 ], [ 338692.72757189621916, 5507695.053336828947067, 0.0 ], [ 338652.873001652304083, 5507692.012813131324947, 0.0 ], [ 338650.522027921047993, 5507719.676276021637022, 0.0 ], [ 338665.654491040389985, 5507752.826991201378405, 0.0 ], [ 338682.741169561282732, 5507778.909901600331068, 0.0 ], [ 338705.096206557820551, 5507800.162832219153643, 0.0 ], [ 338724.428375725517981, 5507828.960555759258568, 0.0 ], [ 338740.822318249032833, 5507885.105451482348144, 0.0 ], [ 338742.704012247151695, 5507919.207352965138853, 0.0 ], [ 338726.088205495092552, 5507962.205012599937618, 0.0 ], [ 338677.493759014294483, 5508016.948125115595758, 0.0 ], [ 338611.956673506996594, 5508050.389058801345527, 0.0 ], [ 338570.686654760851525, 5508079.657990010455251, 0.0 ], [ 338568.051352153532207, 5508097.761321566998959, 0.0 ], [ 338574.226039568544365, 5508108.814855462871492, 0.0 ], [ 338603.64334779640194, 5508122.51333937048912, 0.0 ], [ 338669.019665171625093, 5508173.303738542832434, 0.0 ], [ 338696.135483601479791, 5508206.65370861068368, 0.0 ], [ 338696.954612044501118, 5508226.879310498945415, 0.0 ], [ 338673.691927368578035, 5508262.286813771352172, 0.0 ], [ 338657.560325947939418, 5508297.259365384466946, 0.0 ], [ 338655.711864350305405, 5508336.924387854523957, 0.0 ], [ 338646.53558853501454, 5508375.250136793591082, 0.0 ], [ 338656.26303313637618, 5508469.20069644972682, 0.0 ], [ 338669.177845894999336, 5508510.31719439662993, 0.0 ], [ 338679.41426244401373, 5508618.939449324272573, 0.0 ], [ 338668.33600433729589, 5508651.536160435527563, 0.0 ], [ 338651.555432015913539, 5508671.952584678307176, 0.0 ], [ 338669.422413573251106, 5508726.718182828277349, 0.0 ], [ 338680.081139393732883, 5508774.466507505625486, 0.0 ], [ 338681.830633825797122, 5508823.481753396801651, 0.0 ], [ 338686.263221903413069, 5508860.845585280098021, 0.0 ], [ 338679.210041554877535, 5508885.645135417580605, 0.0 ], [ 338684.497105028596707, 5508900.841975748538971, 0.0 ], [ 338678.082915224367753, 5508915.608731614425778, 0.0 ], [ 338680.902454048744403, 5508930.322797034867108, 0.0 ], [ 338741.907723567215726, 5509001.827724096365273, 0.0 ], [ 338757.340021916432306, 5509030.630336730740964, 0.0 ], [ 338773.577031957625877, 5509045.278501747176051, 0.0 ], [ 338760.755821141996421, 5509087.161891815252602, 0.0 ], [ 338743.240402301365975, 5509121.619246998801827, 0.0 ], [ 338730.109989514981862, 5509148.268789672292769, 0.0 ], [ 338729.935471770470031, 5509185.992467448115349, 0.0 ], [ 338730.526181530789472, 5509188.867727382108569, 0.0 ], [ 338732.979912155424245, 5509217.945763272233307, 0.0 ], [ 338735.433629097766243, 5509247.023800895549357, 0.0 ], [ 338729.12751439481508, 5509330.77096186671406, 0.0 ], [ 338722.492273220326751, 5509379.257274004630744, 0.0 ], [ 338716.238419816363603, 5509411.48769208882004, 0.0 ], [ 338709.987969291978516, 5509443.829285693354905, 0.0 ], [ 338689.205778305011336, 5509482.389788934029639, 0.0 ], [ 338668.355136772268452, 5509521.063694522716105, 0.0 ], [ 338668.371708115795627, 5509521.619520876556635, 0.0 ], [ 338649.322360645455774, 5509538.432048691436648, 0.0 ], [ 338643.42126158287283, 5509565.533924014307559, 0.0 ], [ 338627.11967378744157, 5509606.742718921042979, 0.0 ], [ 338589.180460101109929, 5509652.936283091083169, 0.0 ], [ 338573.51236093393527, 5509686.33788815420121, 0.0 ], [ 338562.328226104960777, 5509724.946451152674854, 0.0 ], [ 338566.822850486496463, 5509832.071082558482885, 0.0 ], [ 338549.691406408499461, 5509857.505433523096144, 0.0 ], [ 338549.6060317796655, 5509883.655086368322372, 0.0 ], [ 338565.378346541780047, 5509904.5472143413499, 0.0 ], [ 338568.132567482069135, 5509892.893555112183094, 0.0 ], [ 338586.930750436382368, 5509901.567658939398825, 0.0 ], [ 338592.936503391712904, 5509921.527323079295456, 0.0 ], [ 338599.44345956062898, 5509905.088635757565498, 0.0 ], [ 338610.383987001667265, 5509918.781580183655024, 0.0 ], [ 338609.039751785807312, 5509934.176140042953193, 0.0 ], [ 338601.29384525725618, 5509967.11888301, 0.0 ], [ 338593.472660054103471, 5509999.952625328674912, 0.0 ], [ 338583.358808573393617, 5510042.979834885336459, 0.0 ], [ 338566.278692237858195, 5510072.529421217739582, 0.0 ], [ 338562.030402443488128, 5510092.127437208779156, 0.0 ], [ 338558.366877896070946, 5510133.738344968296587, 0.0 ], [ 338555.951522142859176, 5510166.410868065431714, 0.0 ], [ 338570.59287653316278, 5510205.027755184099078, 0.0 ], [ 338576.166918356262613, 5510254.040268519893289, 0.0 ], [ 338595.464951353205834, 5510289.180335093289614, 0.0 ], [ 338596.426489866455086, 5510311.738304398022592, 0.0 ], [ 338614.947980234399438, 5510311.185753636062145, 0.0 ], [ 338627.589977470692247, 5510285.217856677249074, 0.0 ], [ 338642.350178888067603, 5510209.340432930737734, 0.0 ], [ 338661.356893195013981, 5510227.465978077612817, 0.0 ], [ 338660.745602379087359, 5510231.155927704647183, 0.0 ], [ 338656.851169681176543, 5510269.880761447362602, 0.0 ], [ 338653.025567651726305, 5510308.49228651355952, 0.0 ], [ 338649.20335789420642, 5510347.214982904493809, 0.0 ], [ 338649.133913475787267, 5510354.560496062971652, 0.0 ], [ 338616.405666400445625, 5510401.15509404335171, 0.0 ], [ 338614.358963857637718, 5510438.934756723232567, 0.0 ], [ 338619.209715528879315, 5510499.9854288501665, 0.0 ], [ 338623.91883417655481, 5510532.111603731289506, 0.0 ], [ 338630.91255008475855, 5510568.286410571075976, 0.0 ], [ 338632.608784351148643, 5510593.71534401923418, 0.0 ], [ 338630.807808931684121, 5510649.401242008432746, 0.0 ], [ 338622.906874387932476, 5510720.623611506074667, 0.0 ], [ 338612.775607767514884, 5510765.431629938073456, 0.0 ], [ 338600.501349881757051, 5510798.843388230539858, 0.0 ], [ 338588.302637063025031, 5510832.364194198511541, 0.0 ], [ 338576.02871231600875, 5510865.776017549447715, 0.0 ], [ 338565.530328973662108, 5510907.92477885633707, 0.0 ], [ 338560.145904099743348, 5510969.169688018970191, 0.0 ], [ 338554.534184326184914, 5511001.047570222988725, 0.0 ], [ 338512.567703145788983, 5511047.251268050633371, 0.0 ], [ 338491.713712666591164, 5511073.4648028453812, 0.0 ], [ 338477.504085744847544, 5511112.052897925488651, 0.0 ], [ 338463.291361409588717, 5511150.529871234670281, 0.0 ], [ 338449.082179738150444, 5511189.118053705431521, 0.0 ], [ 338440.528107781661674, 5511223.865619074553251, 0.0 ], [ 338429.49096617026953, 5511233.430301933549345, 0.0 ], [ 338423.896297198836692, 5511256.184173855930567, 0.0 ], [ 338396.009038327028975, 5511307.642843504436314, 0.0 ], [ 338374.169715050375089, 5511346.681814341805875, 0.0 ], [ 338352.330724782019388, 5511385.720882155001163, 0.0 ], [ 338330.488744302187115, 5511424.648881461471319, 0.0 ], [ 338309.726819331583101, 5511461.09686859510839, 0.0 ], [ 338296.978544039302506, 5511495.413824962452054, 0.0 ], [ 338284.155070172215346, 5511529.621805594302714, 0.0 ], [ 338271.403825702145696, 5511563.827666884288192, 0.0 ], [ 338270.917900838074274, 5511619.919720796868205, 0.0 ], [ 338262.597505582030863, 5511660.001416615210474, 0.0 ], [ 338256.249219544290099, 5511693.682044167071581, 0.0 ], [ 338249.901029115426354, 5511727.362682427279651, 0.0 ], [ 338238.646981150843203, 5511775.432007754221559, 0.0 ], [ 338220.729208276898134, 5511810.460197505541146, 0.0 ], [ 338194.478488821536303, 5511841.73226329125464, 0.0 ], [ 338127.508516557398252, 5511895.474939269013703, 0.0 ], [ 338103.167204140510876, 5511918.234187327325344, 0.0 ], [ 338077.28435219230596, 5511942.486166635528207, 0.0 ], [ 338064.375240577093791, 5511956.892176671884954, 0.0 ], [ 338054.590540040342603, 5511964.862524542957544, 0.0 ], [ 338026.423228933243081, 5511977.834136591292918, 0.0 ], [ 337992.01890403102152, 5511987.209754006937146, 0.0 ], [ 337957.618019736197311, 5511996.69675839971751, 0.0 ], [ 337943.660303472774103, 5512002.567073865793645, 0.0 ], [ 337899.471090094768442, 5512024.69829629920423, 0.0 ], [ 337855.278892820992041, 5512046.718722622841597, 0.0 ], [ 337840.183323947363533, 5512055.516342068091035, 0.0 ], [ 337816.052076923719142, 5512075.600313473492861, 0.0 ], [ 337791.845629806921352, 5512095.575392792001367, 0.0 ], [ 337770.555150238738861, 5512111.791333965025842, 0.0 ], [ 337745.88135527423583, 5512120.987897654995322, 0.0 ], [ 337754.295236643054523, 5512134.643608671613038, 0.0 ], [ 337779.998941198689863, 5512128.531615746207535, 0.0 ], [ 337801.851583558367565, 5512140.671554574742913, 0.0 ], [ 337821.827753595425747, 5512140.739921242929995, 0.0 ], [ 337856.952962640090846, 5512153.038303970359266, 0.0 ], [ 337860.742390539497137, 5512166.387786860577762, 0.0 ], [ 337853.897519819554873, 5512171.377472702413797, 0.0 ], [ 337814.593727691099048, 5512183.23781031370163, 0.0 ], [ 337751.808634079294279, 5512186.345458733849227, 0.0 ], [ 337679.053746878635138, 5512198.431865583173931, 0.0 ], [ 337629.171034964558203, 5512218.1772620100528, 0.0 ], [ 337623.902238879818469, 5512230.018397009931505, 0.0 ], [ 337578.952288813423365, 5512250.728797457180917, 0.0 ], [ 337501.374630901380442, 5512267.858239150606096, 0.0 ], [ 337444.357636284083128, 5512287.708571965806186, 0.0 ], [ 337423.556163469038438, 5512308.139378796331584, 0.0 ], [ 337408.643899102928117, 5512351.759019773453474, 0.0 ], [ 337350.156635800260119, 5512380.222113180905581, 0.0 ], [ 337335.348126058175694, 5512379.332450289279222, 0.0 ], [ 337327.620192484464496, 5512369.328490242362022, 0.0 ], [ 337332.393682524212636, 5512362.620165644213557, 0.0 ], [ 337326.47678705654107, 5512352.895514536648989, 0.0 ], [ 337332.039661559392698, 5512341.267731963656843, 0.0 ], [ 337334.848103631346021, 5512271.641947224736214, 0.0 ], [ 337286.979014878161252, 5512262.400827023200691, 0.0 ], [ 337282.158199005934875, 5512277.121772737242281, 0.0 ], [ 337251.938456970499828, 5512291.272030230611563, 0.0 ], [ 337226.51839087944245, 5512318.741166528314352, 0.0 ], [ 337202.907481609610841, 5512363.179689551703632, 0.0 ], [ 337184.326806748576928, 5512392.668438694439828, 0.0 ], [ 337165.746344014827628, 5512422.157257213257253, 0.0 ], [ 337154.335073275724426, 5512443.085228442214429, 0.0 ], [ 337151.888595272146631, 5512467.192437472753227, 0.0 ], [ 337152.639037106884643, 5512472.955679338425398, 0.0 ], [ 337152.628264626895543, 5512510.897808210924268, 0.0 ], [ 337152.614165520120878, 5512548.728773660957813, 0.0 ], [ 337160.740491127653513, 5512581.530081344768405, 0.0 ], [ 337197.818501063331496, 5512641.943602286279202, 0.0 ], [ 337218.780697934387717, 5512665.234602615237236, 0.0 ], [ 337275.591287893010303, 5512703.357535440474749, 0.0 ], [ 337272.017314133758191, 5512857.680101800709963, 0.0 ], [ 337264.621023640036583, 5512863.466075020842254, 0.0 ], [ 337267.255813981057145, 5512922.246600924991071, 0.0 ], [ 337266.855649303353857, 5512966.431353422813118, 0.0 ], [ 337266.527553225518204, 5513010.613940181210637, 0.0 ], [ 337266.917529049038421, 5513021.17249564640224, 0.0 ], [ 337263.819810812536161, 5513085.911469436250627, 0.0 ], [ 337246.275941344443709, 5513149.750233572907746, 0.0 ], [ 337235.809221310424618, 5513170.872215195558965, 0.0 ], [ 337195.811437305645086, 5513224.038236355409026, 0.0 ], [ 337188.747336385422386, 5513236.045259633101523, 0.0 ], [ 337178.57425705192145, 5513250.148745774291456, 0.0 ], [ 337154.720563658047467, 5513286.361381467431784, 0.0 ], [ 337130.863853752380237, 5513322.46296551823616, 0.0 ], [ 337106.005800231709145, 5513363.60184633731842, 0.0 ], [ 337031.067011773062404, 5513477.238841526210308, 0.0 ], [ 337001.986417393083684, 5513531.301284059882164, 0.0 ], [ 336982.031182484701276, 5513562.835311828181148, 0.0 ], [ 336962.144862345361616, 5513594.256081221625209, 0.0 ], [ 336907.443558156257495, 5513687.924222951754928, 0.0 ], [ 336874.878748930059373, 5513719.616743486374617, 0.0 ], [ 336842.314325907384045, 5513751.309469751082361, 0.0 ], [ 336809.674909798661247, 5513782.893411135300994, 0.0 ], [ 336777.111258901888505, 5513814.586549299769104, 0.0 ], [ 336716.883839068119414, 5513913.653406606987119, 0.0 ], [ 336696.346615136950277, 5513937.751360215246677, 0.0 ], [ 336664.815502794575877, 5513960.62395952641964, 0.0 ], [ 336636.253319408511743, 5513974.394360917620361, 0.0 ], [ 336607.066129629558418, 5513984.178201177157462, 0.0 ], [ 336588.143185156048276, 5513982.970141869969666, 0.0 ], [ 336546.875007153605111, 5514019.935075029730797, 0.0 ], [ 336517.946368755190633, 5514045.400283138267696, 0.0 ], [ 336489.014640359557234, 5514070.754487282596529, 0.0 ], [ 336461.326227808836848, 5514110.981056894175708, 0.0 ], [ 336442.884800312225707, 5514137.575797229073942, 0.0 ], [ 336423.4137815060094, 5514165.870791108347476, 0.0 ], [ 336384.867968076141551, 5514202.198349668644369, 0.0 ], [ 336358.132464721798897, 5514221.478388489224017, 0.0 ], [ 336319.61288605327718, 5514249.126796252094209, 0.0 ], [ 336311.572202619106974, 5514259.718262138776481, 0.0 ], [ 336300.113417631597258, 5514281.206252502277493, 0.0 ], [ 336291.501029014994856, 5514327.643234246410429, 0.0 ], [ 336282.671148326946422, 5514364.517818119376898, 0.0 ], [ 336273.841407895670272, 5514401.392420893535018, 0.0 ], [ 336265.011807722388767, 5514438.267042570747435, 0.0 ], [ 336253.091041279956698, 5514580.049511203542352, 0.0 ], [ 336245.848727206990588, 5514612.202846894972026, 0.0 ], [ 336228.018773242481984, 5514642.229252119548619, 0.0 ], [ 336216.959060925641097, 5514650.687071138992906, 0.0 ] ] ] } },
{ "type": "Feature", "properties": { "name": "Saar-Hunsrück-Steig - 27. Etappe: Kasel – Avelertal (Trier) \"Ruwer-Route\"", "km": 10.824, "darstell": "F1", "datum": null, "height": 230, "link": "https://www.saar-hunsrueck-steig.de/tour/saar-hunsrueck-steig-27.-etappe-kasel-avelertal-trier-ruwer-route-8e59123e84" }, "geometry": { "type": "MultiLineString", "coordinates": [ [ [ 336238.364652527146973, 5514622.109986828640103, 164.0 ], [ 336224.458661629352719, 5514643.672386986203492, 165.0 ], [ 336211.282443820906337, 5514653.640860283747315, 166.0 ], [ 336192.76890891144285, 5514653.97963447868824, 167.0 ], [ 336154.672316011798102, 5514640.781335116364062, 170.0 ], [ 336133.730337503831834, 5514615.713629635982215, 170.0 ], [ 336122.141752830357291, 5514592.476359695196152, 171.0 ], [ 336110.628459884901531, 5514569.348094250075519, 171.0 ], [ 336097.492918103642296, 5514533.139459296129644, 174.0 ], [ 336084.432604695321061, 5514497.039834994822741, 177.0 ], [ 336070.049918179691304, 5514464.874732683412731, 179.0 ], [ 336056.782191628473811, 5514431.451883209869266, 185.0 ], [ 336059.519376587122679, 5514402.884259099140763, 189.0 ], [ 336062.184588190051727, 5514374.318823202513158, 193.0 ], [ 336064.563323836948257, 5514329.183177749626338, 200.0 ], [ 336065.573642798117362, 5514291.2101975902915, 206.0 ], [ 336066.58399795886362, 5514253.237219927832484, 211.0 ], [ 336064.493494336726144, 5514203.341403091326356, 215.0 ], [ 336058.394421530305408, 5514166.25173931568861, 218.0 ], [ 336052.363930834457278, 5514129.048731934279203, 218.0 ], [ 336047.76900381030282, 5514101.148666088469326, 219.0 ], [ 336043.174041138729081, 5514073.248604203574359, 219.0 ], [ 336041.94269603677094, 5514039.794361528940499, 221.0 ], [ 336040.786745399876963, 5514006.449100541882217, 222.0 ], [ 336028.868277462664992, 5513974.765625503845513, 224.0 ], [ 336017.01833100389922, 5513942.968824152834713, 226.0 ], [ 336005.17163317441009, 5513911.283212590962648, 229.0 ], [ 335978.062006095889956, 5513875.49889275804162, 233.0 ], [ 335950.955407996312715, 5513839.825868307612836, 239.0 ], [ 335931.686539624817669, 5513801.133302321657538, 245.0 ], [ 335912.417415270698257, 5513762.44080113992095, 245.0 ], [ 335893.072635810007341, 5513723.639386534690857, 246.0 ], [ 335871.024452784331515, 5513686.032812157645822, 247.0 ], [ 335849.048004929325543, 5513648.424135336652398, 248.0 ], [ 335839.138910221809056, 5513628.363098410889506, 249.0 ], [ 335820.401015054783784, 5513602.450546531938016, 251.0 ], [ 335799.891614188731182, 5513579.929913089610636, 253.0 ], [ 335779.382046489045024, 5513557.40935446601361, 255.0 ], [ 335758.190160179510713, 5513526.67577039077878, 259.0 ], [ 335736.926017081830651, 5513495.94445464015007, 263.0 ], [ 335715.661642808234319, 5513465.21321860793978, 267.0 ], [ 335693.776038218114991, 5513442.512239896692336, 270.0 ], [ 335671.885825725330506, 5513422.036842250265181, 273.0 ], [ 335649.923421821498778, 5513401.563720512203872, 276.0 ], [ 335630.156246335536707, 5513372.678810591809452, 279.0 ], [ 335610.388869056245312, 5513343.793969528749585, 281.0 ], [ 335581.712366151157767, 5513318.29571336042136, 283.0 ], [ 335553.032213024795055, 5513292.686439086683095, 286.0 ], [ 335519.186948092421517, 5513265.565462181344628, 289.0 ], [ 335485.344728113268502, 5513238.55585603043437, 291.0 ], [ 335465.340207843692042, 5513199.553294821642339, 293.0 ], [ 335445.338803350983653, 5513160.661968697793782, 296.0 ], [ 335446.22873836720828, 5513140.161518869921565, 298.0 ], [ 335458.661136826965958, 5513110.408229691907763, 302.0 ], [ 335471.090300178446341, 5513080.543808081187308, 306.0 ], [ 335490.745558213093318, 5513053.575001845136285, 310.0 ], [ 335510.401019349694252, 5513026.606272299773991, 315.0 ], [ 335536.016512306407094, 5513003.573202027007937, 319.0 ], [ 335535.268752609496005, 5512995.58464927226305, 319.0 ], [ 335529.211201371799689, 5512995.546424711123109, 319.0 ], [ 335518.065789171378128, 5512965.731898276135325, 319.0 ], [ 335513.288312014308758, 5512931.940495762042701, 319.0 ], [ 335523.424563896784093, 5512883.564239884726703, 322.0 ], [ 335533.488996354630217, 5512835.190201843157411, 326.0 ], [ 335542.568137386406306, 5512797.08283335249871, 331.0 ], [ 335551.719463907298632, 5512758.973293476738036, 336.0 ], [ 335559.309801272931509, 5512721.690138339065015, 341.0 ], [ 335567.98861561412923, 5512682.259801112115383, 346.0 ], [ 335576.667579363100231, 5512642.829482701607049, 350.0 ], [ 335582.609765391913243, 5512617.72472430486232, 353.0 ], [ 335588.555396602372639, 5512592.731139658950269, 355.0 ], [ 335580.646217702655122, 5512543.679969121702015, 359.0 ], [ 335589.161707029736135, 5512517.829359628260136, 360.0 ], [ 335597.601866767159663, 5512491.869791804812849, 360.0 ], [ 335596.863049741659779, 5512479.43024954944849, 360.0 ], [ 335591.867098783142865, 5512466.897632054053247, 360.0 ], [ 335568.692248567356728, 5512456.475646682083607, 360.0 ], [ 335570.921587224351242, 5512411.233050546608865, 364.0 ], [ 335570.990002592385281, 5512373.177330468781292, 367.0 ], [ 335571.055060218204744, 5512335.010447305627167, 369.0 ], [ 335567.554511423688382, 5512245.991296290419996, 372.0 ], [ 335442.908809844520874, 5512292.065446668304503, 373.0 ], [ 335423.801048602326773, 5512299.211870612576604, 373.0 ], [ 335381.270831668633036, 5512294.943254430778325, 375.0 ], [ 335338.740530535229482, 5512290.674971234984696, 376.0 ], [ 335296.210145202639978, 5512286.407021028921008, 377.0 ], [ 335253.679675671795849, 5512282.139403809793293, 377.0 ], [ 335216.41003379621543, 5512273.038504956290126, 377.0 ], [ 335179.140254575584549, 5512263.937860302627087, 376.0 ], [ 335141.877117247495335, 5512255.059799901209772, 373.0 ], [ 335104.545192690915428, 5512246.295355903916061, 370.0 ], [ 335073.909010881849099, 5512249.010098338127136, 368.0 ], [ 335036.263620959012769, 5512263.065720505081117, 366.0 ], [ 335006.490644757694099, 5512279.885616915300488, 364.0 ], [ 334985.346794898388907, 5512293.549327192828059, 362.0 ], [ 334964.199656877201051, 5512307.101957695558667, 361.0 ], [ 334937.891954992024694, 5512324.03901662491262, 359.0 ], [ 334911.65306289534783, 5512340.862842666916549, 356.0 ], [ 334875.266298328002449, 5512370.12501953355968, 347.0 ], [ 334830.259605500439648, 5512353.251736315898597, 338.0 ], [ 334785.328056348487735, 5512336.487785366363823, 329.0 ], [ 334740.392816013947595, 5512319.61303704418242, 321.0 ], [ 334734.653892690897919, 5512318.230695940554142, 321.0 ], [ 334725.125263180816546, 5512324.975565269589424, 321.0 ], [ 334695.348124077368993, 5512348.696039659902453, 321.0 ], [ 334671.558816650416702, 5512367.782825600355864, 321.0 ], [ 334638.535801755264401, 5512445.679611646570265, 324.0 ], [ 334525.52246947796084, 5512607.584696274250746, 334.0 ], [ 334560.244313839182723, 5512622.989825828000903, 337.0 ], [ 334596.502563735761214, 5512639.127042780630291, 338.0 ], [ 334588.255458323168568, 5512680.66020168364048, 338.0 ], [ 334580.080542355775833, 5512722.191173957660794, 336.0 ], [ 334569.401931669621263, 5512776.149657695554197, 331.0 ], [ 334563.662530277855694, 5512805.366540522314608, 330.0 ], [ 334555.416033390443772, 5512846.899770061485469, 329.0 ], [ 334549.523022820241749, 5512887.582103228196502, 329.0 ], [ 334543.626723280758597, 5512928.153282022103667, 330.0 ], [ 334537.730537083232775, 5512968.724471448920667, 332.0 ], [ 334550.317552394757513, 5513003.05517306830734, 333.0 ], [ 334562.901022460428067, 5513037.274737109430134, 334.0 ], [ 334575.484350085665938, 5513071.494328590109944, 334.0 ], [ 334591.687173237442039, 5513115.61740249209106, 332.0 ], [ 334607.814327106345445, 5513159.631560935638845, 330.0 ], [ 334651.50706587661989, 5513220.939274732023478, 327.0 ], [ 334673.354779361281544, 5513251.64884043764323, 326.0 ], [ 334695.198855142283719, 5513282.247325237840414, 325.0 ], [ 334659.331549432128668, 5513309.381395063363016, 323.0 ], [ 334623.395974424784072, 5513336.629080682992935, 320.0 ], [ 334587.689895107760094, 5513463.23341185413301, 313.0 ], [ 334559.346467749215662, 5513573.589925209991634, 311.0 ], [ 334460.302647331089247, 5513552.811143870465457, 309.0 ], [ 334457.82791947433725, 5513592.053771412931383, 307.0 ], [ 334455.7966482314514, 5513626.943314114585519, 305.0 ], [ 334453.837446502875537, 5513661.830653530545533, 303.0 ], [ 334438.125865852227435, 5513661.978155713528395, 302.0 ], [ 334411.127352048759349, 5513660.802487944252789, 300.0 ], [ 334384.125412745284848, 5513659.515789655037224, 299.0 ], [ 334374.707696917233989, 5513658.024096884764731, 298.0 ], [ 334358.622815699665807, 5513655.401532080024481, 297.0 ], [ 334333.192198630888015, 5513651.285186066292226, 296.0 ], [ 334323.68833548418479, 5513651.687803746201098, 295.0 ], [ 334316.892785161733627, 5513658.127232023514807, 295.0 ], [ 334318.178095075127203, 5513662.42733995616436, 295.0 ], [ 334329.580195558140986, 5513688.671211262233555, 294.0 ], [ 334340.978787267871667, 5513714.803940068930387, 293.0 ], [ 334342.437394451990258, 5513727.11014746222645, 292.0 ], [ 334341.790274473198224, 5513738.924556295387447, 292.0 ], [ 334332.26922871475108, 5513792.848354323767126, 290.0 ], [ 334325.811045542708598, 5513829.097687222063541, 289.0 ], [ 334317.821676743798889, 5513874.184278968721628, 288.0 ], [ 334381.422419604496099, 5513895.935072898864746, 286.0 ], [ 334368.491349944029935, 5513920.921975880861282, 286.0 ], [ 334341.593360072933137, 5513955.906256754882634, 285.0 ], [ 334311.517052817856893, 5513988.317673810757697, 284.0 ], [ 334294.074454232177231, 5514007.212022809311748, 283.0 ], [ 334281.444522157951724, 5514020.840432616882026, 283.0 ], [ 334246.098710739286616, 5514048.295457518659532, 282.0 ], [ 334218.861919563729316, 5514067.490519222803414, 281.0 ], [ 334191.628731050062925, 5514086.796887990087271, 280.0 ], [ 334164.320304739405401, 5514105.994443889707327, 278.0 ], [ 334134.895516093005426, 5514129.040287164971232, 276.0 ], [ 334121.151873888156842, 5514141.590598153881729, 275.0 ], [ 334116.478913069120608, 5514132.609925162047148, 274.0 ], [ 334080.511953064589761, 5514102.224834094755352, 272.0 ], [ 334065.034729247912765, 5514102.922639974392951, 272.0 ], [ 334039.232684073387645, 5514119.515386861748993, 271.0 ], [ 334019.242858122219332, 5514116.457478580065072, 269.0 ], [ 334003.236344610690139, 5514099.924873636104167, 266.0 ], [ 334001.37310691375751, 5514081.511295009404421, 265.0 ], [ 334005.657301597762853, 5514075.482375292107463, 264.0 ], [ 334016.61602504592156, 5514037.981570424512029, 260.0 ], [ 334029.461974538629875, 5514019.672532793134451, 260.0 ], [ 334050.49783366417978, 5514000.444388245232403, 259.0 ], [ 334074.815725343243685, 5513982.450793885625899, 258.0 ], [ 334081.157961871591397, 5513975.357321015559137, 258.0 ], [ 334082.128028984181583, 5513955.298957906663418, 257.0 ], [ 334075.898731025808956, 5513916.768310643732548, 257.0 ], [ 334064.31349406321533, 5513893.979912867769599, 257.0 ], [ 334035.678973468951881, 5513851.241464955732226, 255.0 ], [ 334026.99889291456202, 5513824.469465470872819, 253.0 ], [ 334018.979958587209694, 5513802.795585803687572, 252.0 ], [ 333992.437048808089457, 5513783.582313872873783, 250.0 ], [ 333966.918754347891081, 5513769.567370808683336, 249.0 ], [ 333919.948129024298396, 5513751.872248723171651, 246.0 ], [ 333897.20820353354793, 5513732.097461271099746, 241.0 ], [ 333882.908070465491619, 5513717.181747790426016, 237.0 ], [ 333868.727987093967386, 5513701.483487498015165, 234.0 ], [ 333858.561294341343455, 5513710.80890931095928, 232.0 ], [ 333838.643068164470606, 5513728.890700791962445, 228.0 ], [ 333818.656370932352729, 5513747.085948807187378, 224.0 ], [ 333799.523833692714106, 5513764.921198356896639, 220.0 ], [ 333780.388004541164264, 5513782.645353814586997, 217.0 ], [ 333761.025973999174312, 5513800.042731944471598, 215.0 ], [ 333743.6807055932004, 5513817.378139272332191, 215.0 ], [ 333734.461399652762339, 5513822.335133327171206, 214.0 ], [ 333731.669028259871993, 5513829.987423092126846, 214.0 ], [ 333705.27540133788716, 5513862.511587238870561, 213.0 ], [ 333705.511442816641647, 5513870.181971617043018, 213.0 ], [ 333698.000623601314146, 5513869.745486497879028, 213.0 ], [ 333652.175411347183399, 5513900.976375737227499, 213.0 ], [ 333627.172446354234125, 5513920.105715675279498, 212.0 ], [ 333604.601261690200772, 5513938.603948090225458, 212.0 ], [ 333582.030231523211114, 5513957.102278591133654, 211.0 ], [ 333556.804632239276543, 5513980.689646484330297, 210.0 ], [ 333531.575830455636606, 5514004.165972688235343, 208.0 ], [ 333509.753113744664006, 5514018.858383981510997, 207.0 ], [ 333488.005959595669992, 5514033.659831943921745, 205.0 ], [ 333477.39489148685243, 5514037.881290907971561, 205.0 ], [ 333455.003423777699936, 5514043.467279144562781, 205.0 ], [ 333430.26618702232372, 5514050.127107496373355, 205.0 ], [ 333400.288663547835313, 5514059.841651425696909, 205.0 ], [ 333375.235988738946617, 5514070.294666818343103, 204.0 ], [ 333362.340962982969359, 5514079.927781561389565, 203.0 ], [ 333325.494342306279577, 5514112.331279918551445, 201.0 ], [ 333299.437218986218795, 5514136.947036773897707, 200.0 ], [ 333273.308316993410699, 5514161.565147452056408, 200.0 ], [ 333255.012529422878288, 5514192.395373318344355, 200.0 ], [ 333236.713530723121949, 5514223.114502037875354, 198.0 ], [ 333218.342733915080316, 5514253.835921511985362, 196.0 ], [ 333208.325678404420614, 5514263.269339476712048, 195.0 ], [ 333161.004809286736418, 5514304.231474993750453, 191.0 ], [ 333136.818373801186681, 5514328.679077113047242, 190.0 ], [ 333122.205547787831165, 5514317.669470035471022, 189.0 ], [ 333105.062245791545138, 5514318.08770396374166, 188.0 ], [ 333099.06104912806768, 5514322.167561181820929, 188.0 ], [ 333095.645960992202163, 5514335.291762630455196, 188.0 ], [ 333076.84406766644679, 5514361.353663978166878, 188.0 ], [ 333063.854997343965806, 5514386.56841385550797, 188.0 ], [ 333045.622699935920537, 5514412.390302580781281, 187.0 ], [ 333027.318568830611184, 5514438.21448309533298, 186.0 ], [ 333008.077322492084932, 5514445.374148614704609, 185.0 ], [ 333005.176683070487343, 5514454.14295079279691, 184.0 ], [ 332974.47553913021693, 5514470.669926010072231, 183.0 ], [ 332952.168795788660645, 5514478.9260098868981, 183.0 ], [ 332934.680011646298226, 5514484.473969284445047, 183.0 ], [ 332917.184385258704424, 5514489.799656232818961, 183.0 ], [ 332872.231240524444729, 5514499.980452690273523, 182.0 ], [ 332817.51510883908486, 5514509.128468941897154, 181.0 ], [ 332819.031728419591673, 5514518.539604859426618, 181.0 ], [ 332814.455839045054745, 5514540.712931205518544, 180.0 ], [ 332808.229201623587869, 5514549.139696980826557, 180.0 ], [ 332792.377140842843801, 5514560.979956681840122, 179.0 ], [ 332771.720926307025366, 5514573.636594878509641, 179.0 ], [ 332735.77218010998331, 5514569.630940109491348, 178.0 ], [ 332654.541215353878215, 5514569.80970807466656, 178.0 ], [ 332626.260757915209979, 5514571.35338172968477, 177.0 ], [ 332610.997756736527663, 5514574.274220771156251, 176.0 ], [ 332584.89558754558675, 5514580.980390435084701, 173.0 ], [ 332541.615149439079687, 5514600.904081795364618, 170.0 ], [ 332497.313423056155443, 5514622.751420116983354, 169.0 ], [ 332463.131655569479335, 5514645.50929541606456, 168.0 ], [ 332427.7485204951372, 5514659.736736011691391, 168.0 ], [ 332411.159812906524166, 5514668.707956808619201, 168.0 ], [ 332393.769096246222034, 5514679.707006138749421, 169.0 ], [ 332359.17286032915581, 5514700.698090493679047, 170.0 ], [ 332332.140183562296443, 5514714.555806835182011, 171.0 ], [ 332327.931599657284096, 5514709.011555200442672, 171.0 ], [ 332309.418701283284463, 5514714.037035048939288, 171.0 ], [ 332293.849765942548402, 5514727.984220906160772, 172.0 ], [ 332282.067784758168273, 5514712.994444010779262, 172.0 ], [ 332265.891292286221869, 5514723.62241523899138, 171.0 ], [ 332235.739762253884692, 5514743.808701519854367, 169.0 ], [ 332209.4420046065934, 5514760.426039757207036, 168.0 ], [ 332199.828606267925352, 5514768.84748946968466, 167.0 ], [ 332182.784449267550372, 5514793.300419256091118, 165.0 ], [ 332168.059611887903884, 5514822.799875603988767, 163.0 ], [ 332157.102051424910314, 5514845.951094140298665, 161.0 ], [ 332146.213147003727499, 5514868.988935431465507, 160.0 ], [ 332128.96021074114833, 5514907.580124227330089, 160.0 ], [ 332052.584489782107994, 5514873.679277040995657, 160.0 ], [ 332028.962028392066713, 5514860.393412943929434, 160.0 ], [ 332008.580461469013244, 5514849.343582717701793, 160.0 ], [ 331970.048775173490867, 5514824.838014077395201, 159.0 ], [ 331951.38888010988012, 5514815.849011696875095, 158.0 ], [ 331936.449851354933344, 5514808.302127923816442, 158.0 ], [ 331923.207896715146489, 5514799.701032104901969, 158.0 ], [ 331904.216402202146128, 5514782.377069714479148, 157.0 ], [ 331885.598043343052268, 5514763.149925282225013, 157.0 ], [ 331866.983014298253693, 5514744.034007344394922, 157.0 ], [ 331854.05305534839863, 5514736.202264822088182, 157.0 ], [ 331835.900846502219792, 5514729.645828704349697, 156.0 ], [ 331803.467596336035058, 5514715.856246113777161, 156.0 ], [ 331807.567449225403834, 5514710.943888088688254, 155.0 ], [ 331757.535573063767515, 5514662.095270403660834, 154.0 ], [ 331731.666583868209273, 5514641.536591184325516, 154.0 ], [ 331718.519487517653033, 5514642.947537890635431, 154.0 ], [ 331709.324030439951457, 5514637.002703125588596, 154.0 ], [ 331704.443009732000064, 5514621.465312347747386, 154.0 ], [ 331697.383554868632928, 5514603.102699069306254, 154.0 ], [ 331689.9584898322355, 5514589.202387153171003, 154.0 ], [ 331654.141782890073955, 5514550.148881721310318, 154.0 ], [ 331633.004006363626104, 5514528.775574650615454, 153.0 ], [ 331598.140766305150464, 5514492.585778298787773, 150.0 ], [ 331591.942562874290161, 5514487.994248292408884, 149.0 ], [ 331586.036625489359722, 5514485.841613934375346, 149.0 ], [ 331571.834727596142329, 5514492.738140937872231, 148.0 ], [ 331555.618396111414768, 5514495.13532873056829, 147.0 ], [ 331523.352063249738421, 5514484.457750797271729, 145.0 ], [ 331501.8335941330879, 5514485.573891578242183, 144.0 ], [ 331483.982008685299661, 5514479.454286671243608, 143.0 ], [ 331459.447124589351006, 5514464.752662935294211, 142.0 ], [ 331422.477968743012752, 5514441.982354826293886, 139.0 ], [ 331414.905151624465361, 5514439.548091068863869, 139.0 ], [ 331401.413896742509678, 5514448.425807918421924, 138.0 ], [ 331357.973788025788963, 5514493.177981563843787, 137.0 ], [ 331363.280268233502284, 5514496.90690338332206, 136.0 ], [ 331347.824852197314613, 5514516.750824524089694, 136.0 ], [ 331333.225050164968707, 5514531.672074104659259, 135.0 ], [ 331316.572511160396971, 5514550.106920547783375, 135.0 ], [ 331311.955845086544286, 5514556.927443658001721, 135.0 ], [ 331285.188724663225003, 5514588.474611615762115, 134.0 ], [ 331261.438618918997236, 5514617.368419392965734, 134.0 ], [ 331237.69224662031047, 5514646.373502950184047, 134.0 ], [ 331189.294465502374806, 5514703.077029312029481, 134.0 ], [ 331186.966449438245036, 5514695.471923364326358, 134.0 ], [ 331176.533009050530382, 5514682.222619536332786, 134.0 ], [ 331162.877931300259661, 5514665.068177732639015, 134.0 ], [ 331151.696459373692051, 5514650.952107477933168, 134.0 ], [ 331136.613921990967356, 5514631.950692393817008, 134.0 ], [ 331131.336760325822979, 5514624.549057619646192, 134.0 ], [ 331115.587630187277682, 5514602.675425494089723, 133.0 ], [ 331094.561120175872929, 5514573.400236514396966, 133.0 ], [ 331081.741886148462072, 5514555.329657319001853, 133.0 ], [ 331061.071618600399233, 5514525.932170188054442, 133.0 ], [ 331039.416278216871433, 5514495.007730938494205, 133.0 ], [ 331017.832715874072164, 5514464.081121914088726, 134.0 ], [ 331005.009511397453025, 5514445.89955138694495, 134.0 ], [ 330984.708954786648974, 5514416.824573357589543, 134.0 ], [ 330972.005224499444012, 5514397.860419828444719, 135.0 ], [ 330956.107334650470875, 5514375.880571533925831, 135.0 ], [ 330945.101129937334917, 5514365.097592581063509, 135.0 ], [ 330936.913565610011574, 5514361.459207840263844, 135.0 ], [ 330913.255761418724433, 5514326.480750581249595, 135.0 ] ] ] } }
]
}
