{
"type": "FeatureCollection",
"name": "Sonstige",
"crs": { "type": "name", "properties": { "name": "urn:ogc:def:crs:EPSG::25832" } },
"features": [
{ "type": "Feature", "properties": { "name": "Marienburg und Kanonenbahn", "km": 7.567, "darstell": "finished" }, "geometry": { "type": "MultiLineString", "coordinates": [ [ [ 364549.577261833648663, 5544137.93479132745415, 214.199996948242188 ], [ 364549.560901213379111, 5544161.25584105309099, 219.0 ], [ 364552.424146912526339, 5544181.361644349992275, 222.800003051757812 ], [ 364555.620063667651266, 5544191.593682124279439, 224.399993896484375 ], [ 364554.226908748038113, 5544211.536802562884986, 226.600006103515625 ], [ 364555.233127667452209, 5544232.071913835592568, 227.800003051757812 ], [ 364557.000694758316968, 5544236.652142451144755, 227.800003051757812 ], [ 364557.078984305262566, 5544258.255086570978165, 228.199996948242188 ], [ 364556.54145571711706, 5544266.679413354024291, 228.0 ], [ 364557.914169368334115, 5544268.947828666307032, 227.800003051757812 ], [ 364560.130664275144227, 5544291.50370629504323, 226.199996948242188 ], [ 364556.740748682525009, 5544311.571963009424508, 223.800003051757812 ], [ 364549.955001419875771, 5544331.539684877730906, 220.199996948242188 ], [ 364544.99376239196863, 5544350.743246622383595, 217.0 ], [ 364539.496473602135666, 5544371.545554327778518, 217.600006103515625 ], [ 364534.642699628020637, 5544391.669538293033838, 220.600006103515625 ], [ 364526.727792407618836, 5544410.677484613843262, 223.199996948242188 ], [ 364514.835314641939476, 5544427.716104801744223, 224.0 ], [ 364507.323167011956684, 5544447.208089154213667, 225.800003051757812 ], [ 364501.784535982762463, 5544459.488873089663684, 226.399993896484375 ], [ 364502.470861512294505, 5544461.215182159096003, 226.800003051757812 ], [ 364502.141955172177404, 5544463.405451222322881, 227.0 ], [ 364503.323458564234897, 5544466.424656501971185, 227.600006103515625 ], [ 364503.155689134844579, 5544469.049098419956863, 228.0 ], [ 364504.088226690306328, 5544474.806696143932641, 229.0 ], [ 364503.606811783392914, 5544477.140694849193096, 229.0 ], [ 364510.740785511909053, 5544486.359188554808497, 232.0 ], [ 364511.693221257068217, 5544490.531112886965275, 232.800003051757812 ], [ 364520.874481354432646, 5544501.385522849857807, 236.399993896484375 ], [ 364521.97145899804309, 5544502.252904696390033, 236.800003051757812 ], [ 364522.918626348488033, 5544503.133404139429331, 237.199996948242188 ], [ 364525.983525156858377, 5544504.39854141138494, 238.0 ], [ 364526.642235565697774, 5544505.034582023508847, 238.199996948242188 ], [ 364527.461947694886476, 5544505.862361815758049, 238.600006103515625 ], [ 364537.604983865981922, 5544514.855516390874982, 241.0 ], [ 364538.440080616972409, 5544517.240105007775128, 241.399993896484375 ], [ 364545.68873724155128, 5544525.299495994113386, 242.800003051757812 ], [ 364547.01047235110309, 5544526.030649765394628, 243.0 ], [ 364549.188788514817134, 5544528.334615895524621, 243.399993896484375 ], [ 364551.693873636773787, 5544530.024216989055276, 243.800003051757812 ], [ 364557.891608294448815, 5544534.054054127074778, 244.199996948242188 ], [ 364564.449391180765815, 5544537.123683114536107, 244.399993896484375 ], [ 364565.930444442201406, 5544537.505801361054182, 244.399993896484375 ], [ 364567.772988848853856, 5544539.594484218396246, 244.800003051757812 ], [ 364570.425667871255428, 5544541.895777015015483, 245.0 ], [ 364571.965972723788582, 5544543.432638875208795, 245.199996948242188 ], [ 364577.316563513828442, 5544546.737975290976465, 244.399993896484375 ], [ 364578.438944867695682, 5544547.66067223623395, 244.399993896484375 ], [ 364580.692137410980649, 5544551.025751626119018, 244.399993896484375 ], [ 364582.027586225653067, 5544553.248491114936769, 244.399993896484375 ], [ 364583.160600954899564, 5544555.06607460975647, 244.399993896484375 ], [ 364583.665869796066545, 5544556.284125629812479, 244.600006103515625 ], [ 364584.18041832651943, 5544557.156934294849634, 244.600006103515625 ], [ 364584.771574802638497, 5544557.97185714635998, 244.600006103515625 ], [ 364584.702300493663643, 5544558.794168754480779, 244.600006103515625 ], [ 364585.503199856728315, 5544560.303123435005546, 244.800003051757812 ], [ 364585.747066993848421, 5544560.921695430763066, 244.800003051757812 ], [ 364586.382593406073283, 5544561.828740878030658, 244.600006103515625 ], [ 364591.010306161944754, 5544571.455764438025653, 244.600006103515625 ], [ 364590.663645668653771, 5544586.710140858776867, 246.199996948242188 ], [ 364590.818215539446101, 5544587.834497313015163, 246.199996948242188 ], [ 364591.072091566282324, 5544588.611333205364645, 246.199996948242188 ], [ 364591.317136046011001, 5544589.276498252525926, 246.199996948242188 ], [ 364591.731773298932239, 5544590.235756578855217, 246.199996948242188 ], [ 364585.95855059340829, 5544594.671137643046677, 246.399993896484375 ], [ 364581.695509441778995, 5544600.877264948561788, 246.800003051757812 ], [ 364580.164405511226505, 5544620.34833356179297, 247.0 ], [ 364584.311291221820284, 5544630.910647893324494, 248.399993896484375 ], [ 364591.68229840870481, 5544644.999967292882502, 250.600006103515625 ], [ 364603.963466118904762, 5544661.846326814964414, 251.800003051757812 ], [ 364614.407351237023249, 5544681.322092680260539, 252.800003051757812 ], [ 364615.37815740291262, 5544690.733952055685222, 253.399993896484375 ], [ 364613.903306107851677, 5544704.123993872664869, 254.399993896484375 ], [ 364613.453936269623227, 5544705.114439519122243, 254.600006103515625 ], [ 364613.063447191845626, 5544707.007874677889049, 254.600006103515625 ], [ 364612.904898856766522, 5544708.811520424671471, 254.800003051757812 ], [ 364613.222706137690693, 5544710.453920710831881, 254.800003051757812 ], [ 364613.695375901006628, 5544712.045779967680573, 255.0 ], [ 364614.044757324736565, 5544717.072185385972261, 255.199996948242188 ], [ 364611.572945793508552, 5544725.237744618207216, 255.199996948242188 ], [ 364608.613186353701167, 5544729.545972443185747, 255.399993896484375 ], [ 364607.910428234376013, 5544732.389087225310504, 255.399993896484375 ], [ 364607.910428234376013, 5544732.389087225310504, 255.399993896484375 ], [ 364608.217243161576334, 5544735.495716592296958, 255.600006103515625 ], [ 364607.740535699296743, 5544740.626945889554918, 255.800003051757812 ], [ 364608.666561460122466, 5544743.522091835737228, 255.800003051757812 ], [ 364609.517742789234035, 5544748.918105721473694, 256.399993896484375 ], [ 364609.108765775687061, 5544752.928677606396377, 257.0 ], [ 364608.192139458260499, 5544754.676909696310759, 257.399993896484375 ], [ 364601.397824304236565, 5544772.388278200291097, 260.20001220703125 ], [ 364598.597794373752549, 5544783.956281149759889, 262.399993896484375 ], [ 364599.197886836831458, 5544785.125310800038278, 262.600006103515625 ], [ 364599.775245631986763, 5544788.243742813356221, 263.0 ], [ 364599.467588069092017, 5544789.612909852527082, 263.399993896484375 ], [ 364599.140511274861638, 5544790.926621152088046, 263.600006103515625 ], [ 364592.90920726605691, 5544810.236901359632611, 266.399993896484375 ], [ 364595.00544942956185, 5544811.675777048803866, 266.600006103515625 ], [ 364595.431114855688065, 5544821.614280480891466, 266.600006103515625 ], [ 364592.549331243033521, 5544828.288978656753898, 266.399993896484375 ], [ 364591.693894223542884, 5544829.606737555935979, 266.20001220703125 ], [ 364590.120291075552814, 5544833.395023846067488, 266.0 ], [ 364589.646720928954892, 5544834.852311459369957, 266.0 ], [ 364589.573939462075941, 5544836.010395463556051, 266.0 ], [ 364591.466798522393219, 5544839.142157058231533, 266.20001220703125 ], [ 364590.407542637432925, 5544842.609716979786754, 265.600006103515625 ], [ 364587.323188003676478, 5544852.43191328458488, 264.399993896484375 ], [ 364591.798911825928371, 5544871.722994485870004, 262.600006103515625 ], [ 364595.68913228076417, 5544874.048921486362815, 263.20001220703125 ], [ 364598.540902582462877, 5544874.732039349153638, 263.600006103515625 ], [ 364599.678557352512144, 5544878.871315415017307, 263.600006103515625 ], [ 364599.734720307635143, 5544884.175553248263896, 263.399993896484375 ], [ 364601.127435912494548, 5544884.867622320540249, 263.600006103515625 ], [ 364603.372574970941059, 5544887.682762927375734, 263.600006103515625 ], [ 364602.072358609817456, 5544889.459353677928448, 263.399993896484375 ], [ 364603.162220300990157, 5544890.998295189812779, 263.399993896484375 ], [ 364606.431648646539543, 5544894.89713588450104, 263.399993896484375 ], [ 364613.68410094990395, 5544903.366781245917082, 263.600006103515625 ], [ 364614.117397746071219, 5544923.338289556093514, 263.0 ], [ 364614.109685289557092, 5544924.457428593188524, 263.0 ], [ 364616.191791759454645, 5544931.510036808438599, 263.0 ], [ 364616.806119716959074, 5544940.362122300080955, 262.0 ], [ 364618.504225199692883, 5544941.969596448354423, 262.0 ], [ 364621.083117359841708, 5544946.10970636177808, 261.600006103515625 ], [ 364621.810249922680669, 5544949.215026091784239, 261.20001220703125 ], [ 364620.149325839360245, 5544969.724401196464896, 259.20001220703125 ], [ 364625.956470432574861, 5544982.072337696328759, 257.79998779296875 ], [ 364635.847119469777681, 5545001.067924181930721, 257.0 ], [ 364639.962208447279409, 5545011.099577467888594, 257.399993896484375 ], [ 364640.046203597041313, 5545013.232770190574229, 257.600006103515625 ], [ 364642.843789154547267, 5545022.458550322800875, 258.0 ], [ 364646.351026978343725, 5545036.710949850268662, 260.20001220703125 ], [ 364648.480297677451745, 5545042.3077481565997, 261.0 ], [ 364658.291274522605818, 5545048.428207931108773, 261.600006103515625 ], [ 364659.585779939137865, 5545048.563302787020802, 261.399993896484375 ], [ 364676.177052969112992, 5545060.880934010259807, 263.20001220703125 ], [ 364685.536441953852773, 5545066.481365195475519, 263.79998779296875 ], [ 364700.818020439706743, 5545078.067581748589873, 264.399993896484375 ], [ 364701.445349370944314, 5545078.890924750827253, 264.399993896484375 ], [ 364704.307804758776911, 5545079.051650109700859, 264.0 ], [ 364710.049335301329847, 5545080.267839784733951, 263.600006103515625 ], [ 364711.402946340967901, 5545081.790806775912642, 263.79998779296875 ], [ 364714.999363427283242, 5545083.667340113781393, 263.79998779296875 ], [ 364718.118356723338366, 5545084.474302690476179, 263.600006103515625 ], [ 364722.377212134480942, 5545085.000683132559061, 263.20001220703125 ], [ 364729.565679343300872, 5545088.81914845854044, 263.20001220703125 ], [ 364732.254965733387507, 5545090.681330638937652, 263.399993896484375 ], [ 364736.73349529702682, 5545095.146442617289722, 264.20001220703125 ], [ 364745.095029053103644, 5545100.473816529847682, 264.79998779296875 ], [ 364762.92765320034232, 5545110.363916870206594, 265.79998779296875 ], [ 364772.474473842419684, 5545118.160342557355762, 267.0 ], [ 364776.359953843988478, 5545119.833793888799846, 267.20001220703125 ], [ 364791.363698837871198, 5545130.420228783972561, 267.20001220703125 ], [ 364810.898170296044555, 5545137.087809693068266, 262.0 ], [ 364820.732719504565466, 5545156.514047833159566, 264.600006103515625 ], [ 364829.80421548220329, 5545163.091742752119899, 264.0 ], [ 364835.765106777893379, 5545167.528803794644773, 264.0 ], [ 364840.810142798582092, 5545168.277850151062012, 263.20001220703125 ], [ 364849.052014905086253, 5545172.442835907451808, 262.600006103515625 ], [ 364855.571080049616285, 5545174.254952096380293, 261.399993896484375 ], [ 364873.427141717344057, 5545186.28012466058135, 260.20001220703125 ], [ 364893.9587720115087, 5545186.554165768437088, 254.800003051757812 ], [ 364909.790500678063836, 5545189.044976078905165, 252.199996948242188 ], [ 364911.745065025635995, 5545192.967865016311407, 253.199996948242188 ], [ 364924.603578199748881, 5545208.271080108359456, 256.79998779296875 ], [ 364929.013694437162485, 5545216.458550920709968, 258.20001220703125 ], [ 364929.887127157417126, 5545217.993692702613771, 258.399993896484375 ], [ 364938.724115417106077, 5545223.617058456875384, 258.600006103515625 ], [ 364940.643850931315683, 5545223.783057304099202, 258.20001220703125 ], [ 364956.232403948786668, 5545231.156858148984611, 257.79998779296875 ], [ 364970.779002774565015, 5545244.832397243008018, 259.20001220703125 ], [ 364987.807248847442679, 5545257.149236381053925, 257.0 ], [ 365002.254248994635418, 5545259.982964721508324, 250.800003051757812 ], [ 365005.256946512556169, 5545261.184652468189597, 249.600006103515625 ], [ 365006.815421566658188, 5545261.788717716932297, 249.199996948242188 ], [ 365008.102206507290248, 5545262.334367437288165, 248.800003051757812 ], [ 365012.479471343220212, 5545263.753136327490211, 247.199996948242188 ], [ 365024.672660254058428, 5545266.746362909674644, 241.0 ], [ 365033.699676282354631, 5545269.912738414481282, 239.199996948242188 ], [ 365034.310921228257939, 5545271.053556521423161, 239.800003051757812 ], [ 365038.043308473308571, 5545274.521357359364629, 241.399993896484375 ], [ 365055.230630400823429, 5545286.489380968734622, 240.600006103515625 ], [ 365068.360816361673642, 5545293.543201570399106, 233.800003051757812 ], [ 365067.673479276476428, 5545291.527795743197203, 233.0 ], [ 365066.660055615473539, 5545290.630230725742877, 233.399993896484375 ], [ 365066.137878697249107, 5545289.92541447468102, 233.199996948242188 ], [ 365066.165297982981429, 5545289.822153340093791, 233.199996948242188 ], [ 365066.399554767413065, 5545290.301119035109878, 233.399993896484375 ], [ 365068.621252401731908, 5545292.203228674829006, 232.600006103515625 ], [ 365071.85817202628823, 5545293.883919063955545, 231.800003051757812 ], [ 365088.730050326324999, 5545304.778358299285173, 231.399993896484375 ], [ 365092.300606026372407, 5545307.784050630405545, 231.399993896484375 ], [ 365108.845294575556181, 5545318.565582350827754, 229.399993896484375 ], [ 365126.435333749628626, 5545330.085416534915566, 225.199996948242188 ], [ 365141.729799324646592, 5545343.919702676124871, 224.199996948242188 ], [ 365154.57713185850298, 5545360.249406972900033, 226.600006103515625 ], [ 365171.431251323665492, 5545370.454526593908668, 225.199996948242188 ], [ 365191.126774286094587, 5545375.944493414834142, 221.199996948242188 ], [ 365209.46107150579337, 5545386.513380982913077, 218.399993896484375 ], [ 365222.126927268109284, 5545402.325636213645339, 220.600006103515625 ], [ 365227.36693681741599, 5545407.965482549741864, 221.0 ], [ 365238.304406487033702, 5545420.958696890622377, 221.600006103515625 ], [ 365239.990350457956083, 5545419.713366131298244, 220.199996948242188 ], [ 365240.281998461054172, 5545418.41923906467855, 219.399993896484375 ], [ 365241.746836801234167, 5545419.361410315148532, 219.0 ], [ 365243.529597028740682, 5545422.197770034894347, 219.399993896484375 ], [ 365255.86955608765129, 5545438.428585359826684, 220.800003051757812 ], [ 365257.750764268101193, 5545441.598151324316859, 221.0 ], [ 365258.273676674463786, 5545443.048925631679595, 221.199996948242188 ], [ 365258.52759513433557, 5545444.786210134625435, 221.399993896484375 ], [ 365270.002045826986432, 5545461.225344800390303, 219.199996948242188 ], [ 365284.471695126849227, 5545476.432834912091494, 217.199996948242188 ], [ 365288.814645881066099, 5545481.983433252200484, 216.600006103515625 ], [ 365297.627743497898336, 5545492.652510021813214, 216.199996948242188 ], [ 365299.468719096737914, 5545493.510628488846123, 216.0 ], [ 365303.85908634349471, 5545495.460790692828596, 215.600006103515625 ], [ 365307.266308541060425, 5545496.99745999276638, 215.399993896484375 ], [ 365326.049504364316817, 5545503.48061684332788, 212.0 ], [ 365345.362278262036853, 5545510.966876190155745, 208.399993896484375 ], [ 365347.531694662058726, 5545512.469457174651325, 208.0 ], [ 365348.748954901937395, 5545513.119504324160516, 207.800003051757812 ], [ 365352.60362323699519, 5545514.542369237169623, 207.0 ], [ 365356.109272397181485, 5545516.41227257810533, 206.800003051757812 ], [ 365367.840056205866858, 5545523.968236812390387, 206.0 ], [ 365379.036692087713163, 5545530.819682396948338, 204.600006103515625 ], [ 365382.900125501211733, 5545534.023324332199991, 204.0 ], [ 365402.275372551870532, 5545527.773244624957442, 199.199996948242188 ], [ 365402.631278859567828, 5545526.645351434126496, 198.800003051757812 ], [ 365402.973733776481822, 5545525.937398487702012, 198.600006103515625 ], [ 365403.504832172766328, 5545524.851719697937369, 198.199996948242188 ], [ 365413.082607565622311, 5545533.468996843323112, 198.600006103515625 ], [ 365420.371924163773656, 5545536.567822865210474, 198.800003051757812 ], [ 365422.856998734874651, 5545537.969246837310493, 198.800003051757812 ], [ 365432.126943771843798, 5545542.705991469323635, 199.0 ], [ 365437.536579534062184, 5545545.078193905763328, 199.399993896484375 ], [ 365438.396032139891759, 5545545.588069712743163, 199.600006103515625 ], [ 365438.843315260019153, 5545546.182909584604204, 199.800003051757812 ], [ 365445.556818415992893, 5545548.830029141157866, 200.600006103515625 ], [ 365450.406321528716944, 5545549.463331238366663, 200.800003051757812 ], [ 365452.748868164082523, 5545549.973203405737877, 200.800003051757812 ], [ 365465.111723519861698, 5545553.065697419457138, 201.600006103515625 ], [ 365471.091399433033075, 5545554.23006288241595, 202.0 ], [ 365479.199138877913356, 5545555.732547142542899, 202.199996948242188 ], [ 365489.004054282035213, 5545558.824150183238089, 203.0 ], [ 365500.357223213999532, 5545560.925745218060911, 203.199996948242188 ], [ 365502.017522871959955, 5545560.809403805062175, 203.0 ], [ 365503.52119443990523, 5545560.911463965661824, 203.0 ], [ 365505.092044313729275, 5545561.058457881212234, 203.0 ], [ 365506.179277119517792, 5545561.553292717784643, 203.0 ], [ 365512.110889942501672, 5545562.000926980748773, 202.800003051757812 ], [ 365513.217438755033072, 5545562.30878806207329, 202.800003051757812 ], [ 365514.554731962154619, 5545562.480305572040379, 202.800003051757812 ], [ 365515.619095032219775, 5545562.304354993626475, 202.800003051757812 ], [ 365516.705820751434658, 5545562.062571090646088, 202.800003051757812 ], [ 365517.468890783144161, 5545561.605136817321181, 202.600006103515625 ], [ 365520.462986420374364, 5545560.327007654123008, 202.0 ], [ 365520.017571062606294, 5545561.000243074260652, 202.199996948242188 ], [ 365521.217372080427594, 5545560.718319508247077, 202.0 ], [ 365527.562701748043764, 5545564.008859464898705, 202.199996948242188 ], [ 365537.365228246082552, 5545567.007364549674094, 202.199996948242188 ], [ 365543.885895942454226, 5545568.913493609987199, 202.0 ], [ 365564.831779508618638, 5545571.641290235333145, 199.800003051757812 ], [ 365586.09634189971257, 5545575.582665864378214, 197.199996948242188 ], [ 365604.586254927737173, 5545584.041606735438108, 199.399993896484375 ], [ 365618.693894509400707, 5545599.949054233729839, 203.199996948242188 ], [ 365637.857095473329537, 5545607.01116918772459, 205.600006103515625 ], [ 365658.239753283676691, 5545610.751187994144857, 208.800003051757812 ], [ 365677.668104139505886, 5545616.659873396158218, 213.199996948242188 ], [ 365685.99647689552512, 5545619.304033111780882, 214.0 ], [ 365705.402808687533252, 5545626.490820840932429, 214.0 ], [ 365705.281595969572663, 5545629.076740142889321, 214.0 ], [ 365719.454718384135049, 5545643.304389340803027, 212.800003051757812 ], [ 365727.237853114958853, 5545647.193126861937344, 212.0 ], [ 365734.315749184344895, 5545647.146005667746067, 211.600006103515625 ], [ 365754.638992742402479, 5545647.092818557284772, 211.600006103515625 ], [ 365775.92474148189649, 5545648.787203557789326, 213.399993896484375 ], [ 365778.201044628571253, 5545648.814005409367383, 213.399993896484375 ], [ 365779.579528444970492, 5545648.714144993573427, 213.399993896484375 ], [ 365781.952930256840773, 5545648.542698428966105, 213.600006103515625 ], [ 365786.9172291115392, 5545646.338784425519407, 214.199996948242188 ], [ 365796.323870513122529, 5545642.186501917429268, 215.0 ], [ 365805.760613073245622, 5545632.532052764669061, 215.800003051757812 ], [ 365810.909885877976194, 5545619.749589909799397, 217.0 ], [ 365812.779188671382144, 5545615.040469635277987, 217.600006103515625 ], [ 365822.264907160424627, 5545597.999857492744923, 217.600006103515625 ], [ 365825.72133745753672, 5545594.56567982211709, 217.600006103515625 ], [ 365840.695075632538646, 5545582.310762215405703, 218.0 ], [ 365843.25336415565107, 5545581.370102148503065, 218.0 ], [ 365846.896043695451226, 5545580.812523693777621, 218.0 ], [ 365855.697168716869783, 5545577.16973442863673, 217.0 ], [ 365856.831132392107975, 5545576.656426381319761, 216.800003051757812 ], [ 365857.931345988996327, 5545576.71275641117245, 216.800003051757812 ], [ 365859.052916443673894, 5545576.423546442762017, 216.600006103515625 ], [ 365860.568265104200691, 5545576.273653374053538, 216.600006103515625 ], [ 365864.414586715283804, 5545575.216784613206983, 216.0 ], [ 365872.822623565210961, 5545573.616611322388053, 215.199996948242188 ], [ 365874.828621099237353, 5545573.398473108187318, 214.800003051757812 ], [ 365875.744536826212425, 5545573.04915208555758, 214.600006103515625 ], [ 365876.630683277267963, 5545572.70990208722651, 214.399993896484375 ], [ 365882.795729468925856, 5545572.173024940304458, 213.800003051757812 ], [ 365883.432654543314129, 5545571.951918006874621, 213.600006103515625 ], [ 365885.194816637551412, 5545571.348270348273218, 213.199996948242188 ], [ 365905.364382775849663, 5545568.987057546153665, 213.800003051757812 ], [ 365924.803951321286149, 5545561.935373359359801, 216.800003051757812 ], [ 365926.883524955774192, 5545561.538246332667768, 217.199996948242188 ], [ 365930.545340498676524, 5545560.066450507380068, 218.199996948242188 ], [ 365931.630627179634757, 5545558.80842318572104, 218.399993896484375 ], [ 365932.446711797441822, 5545558.787969757802784, 218.600006103515625 ], [ 365932.98784529871773, 5545559.296576366759837, 218.600006103515625 ], [ 365933.505371678154916, 5545559.581988012418151, 218.600006103515625 ], [ 365934.776407235593069, 5545559.74594603292644, 218.800003051757812 ], [ 365934.519548261770979, 5545559.799005757085979, 218.800003051757812 ], [ 365934.386276505887508, 5545560.23127032443881, 218.800003051757812 ], [ 365934.70022992300801, 5545561.25841524079442, 219.0 ], [ 365939.158398437546566, 5545563.291306892409921, 219.600006103515625 ], [ 365940.427156194462441, 5545561.208132245577872, 219.800003051757812 ], [ 365941.259290507645346, 5545558.47386469040066, 220.0 ], [ 365941.028250577510335, 5545557.640454854816198, 220.0 ], [ 365941.50724353082478, 5545556.388299688696861, 220.0 ], [ 365943.351688319235109, 5545553.796503041870892, 220.399993896484375 ], [ 365943.76145693496801, 5545553.375958434306085, 220.399993896484375 ], [ 365944.7184504509205, 5545552.988322344608605, 220.600006103515625 ], [ 365947.553226646152325, 5545547.984651704318821, 221.199996948242188 ], [ 365947.118815965310205, 5545546.223893751390278, 221.0 ], [ 365947.118815965310205, 5545546.223893751390278, 221.0 ], [ 365947.557808219571598, 5545543.135826326906681, 219.399993896484375 ], [ 365948.055110565037467, 5545542.134973036125302, 218.800003051757812 ], [ 365950.981073505361564, 5545537.175641787238419, 217.199996948242188 ], [ 365952.70351387700066, 5545536.423821492120624, 217.199996948242188 ], [ 365953.867150762001984, 5545537.093995443545282, 217.800003051757812 ], [ 365954.450918621034361, 5545537.38707366771996, 218.0 ], [ 365956.969810817914549, 5545536.550025828182697, 218.199996948242188 ], [ 365967.120430315146223, 5545545.303091689944267, 224.800003051757812 ], [ 365969.607635609456338, 5545545.837536600418389, 225.600006103515625 ], [ 365973.570532387995627, 5545543.919978629797697, 225.600006103515625 ], [ 365976.002892064396292, 5545543.942956394515932, 225.800003051757812 ], [ 365976.818675736081786, 5545543.67075745947659, 225.800003051757812 ], [ 365986.337400589487515, 5545547.814767171628773, 227.600006103515625 ], [ 365998.668743541988079, 5545552.541046126745641, 228.800003051757812 ], [ 365999.284542517852969, 5545552.674811202101409, 229.0 ], [ 366010.902458138065413, 5545552.411765344440937, 230.800003051757812 ], [ 366015.228287081175949, 5545554.196274377405643, 230.399993896484375 ], [ 366021.88040957681369, 5545561.358669203706086, 230.0 ], [ 366026.004841257352382, 5545563.493234930559993, 230.0 ], [ 366031.529484761296771, 5545568.07303652446717, 230.0 ], [ 366038.158593737520278, 5545569.762581845745444, 229.0 ], [ 366038.487760614254512, 5545569.959476103074849, 229.0 ], [ 366039.455958713311702, 5545570.01914947014302, 228.800003051757812 ], [ 366039.628809509216808, 5545569.968198603950441, 228.800003051757812 ], [ 366040.790258824417833, 5545566.955292922444642, 229.0 ], [ 366040.573602626449428, 5545565.496781979687512, 229.399993896484375 ], [ 366041.07328555645654, 5545562.19274243991822, 229.600006103515625 ], [ 366042.599075129837729, 5545557.184608329087496, 230.399993896484375 ], [ 366045.202781200583559, 5545550.862709670327604, 231.199996948242188 ], [ 366045.074168242514133, 5545549.802944622933865, 231.399993896484375 ], [ 366046.150216737296432, 5545546.736232488416135, 231.800003051757812 ], [ 366046.374307747231796, 5545545.854123934172094, 232.0 ], [ 366046.198989614378661, 5545545.327021292410791, 232.0 ], [ 366045.206217668834142, 5545545.724859263747931, 232.0 ], [ 366044.351227096980438, 5545546.10992269590497, 232.0 ], [ 366044.32659107359359, 5545546.325001660734415, 232.0 ], [ 366044.319723599706776, 5545546.530311230570078, 232.0 ], [ 366044.305022280896083, 5545545.94323989469558, 232.0 ], [ 366044.262851064326242, 5545546.177406843751669, 232.0 ], [ 366044.237981690559536, 5545546.383167215622962, 232.0 ], [ 366044.24884915817529, 5545547.296689827926457, 231.800003051757812 ], [ 366044.291553651506547, 5545547.323593739420176, 231.800003051757812 ], [ 366044.306888459483162, 5545547.696187178604305, 231.800003051757812 ], [ 366044.342825674510095, 5545547.45285190269351, 231.800003051757812 ], [ 366043.017352483759169, 5545548.231999207288027, 231.800003051757812 ], [ 366042.423356599523686, 5545548.489309462718666, 231.800003051757812 ], [ 366042.470928253314923, 5545549.429886245168746, 231.600006103515625 ], [ 366042.442091889504809, 5545549.47723055165261, 231.600006103515625 ], [ 366042.345615086145699, 5545549.46099766716361, 231.600006103515625 ], [ 366040.249694748257753, 5545549.205778098665178, 231.800003051757812 ], [ 366038.763837969629094, 5545548.375815374776721, 232.0 ], [ 366039.246354815142695, 5545547.263448276557028, 232.0 ], [ 366040.827355704735965, 5545549.974564681760967, 231.600006103515625 ], [ 366040.168619806529023, 5545549.804572368040681, 231.600006103515625 ], [ 366039.915925510053057, 5545547.386546975933015, 232.0 ], [ 366042.953346130321734, 5545545.436271151527762, 232.199996948242188 ], [ 366042.117291020811535, 5545547.536557062529027, 231.800003051757812 ], [ 366040.195157768088393, 5545553.981255404651165, 231.0 ], [ 366040.090813513379544, 5545553.890624092891812, 231.0 ], [ 366039.979768542398233, 5545553.77218727581203, 231.0 ], [ 366039.63079880020814, 5545553.743628671392798, 231.0 ], [ 366039.901226884219795, 5545553.513069941662252, 231.0 ], [ 366040.958538085455075, 5545556.172029894776642, 230.600006103515625 ], [ 366040.46281999500934, 5545556.277688304893672, 230.600006103515625 ], [ 366039.997305449272972, 5545557.109896449372172, 230.399993896484375 ], [ 366039.709206852596253, 5545553.517878639511764, 231.0 ], [ 366040.208325065555982, 5545552.34914924390614, 231.199996948242188 ], [ 366039.021367683191784, 5545552.425496069714427, 231.199996948242188 ], [ 366039.38603968109237, 5545553.320834024809301, 231.0 ], [ 366038.834817082737572, 5545555.525880836881697, 230.800003051757812 ], [ 366038.430973885697313, 5545554.025435488671064, 231.0 ], [ 366039.032969044812489, 5545552.648992019705474, 231.199996948242188 ], [ 366039.130145895294845, 5545552.693180619738996, 231.199996948242188 ], [ 366043.339085446321405, 5545554.12631060462445, 230.800003051757812 ], [ 366040.550231701461598, 5545561.926107951439917, 229.800003051757812 ], [ 366042.592808164248709, 5545561.250219617970288, 229.600006103515625 ], [ 366044.013921215722803, 5545559.97448190767318, 229.800003051757812 ], [ 366043.78823126887437, 5545560.073377996683121, 229.800003051757812 ], [ 366044.057592503493652, 5545559.320677739568055, 229.800003051757812 ], [ 366045.716300195315853, 5545553.386096983216703, 230.800003051757812 ], [ 366046.051469442085363, 5545551.904442900791764, 231.0 ], [ 366046.058103609830141, 5545551.689814738929272, 231.0 ], [ 366045.473475823411718, 5545551.601885934360325, 231.0 ], [ 366045.209514743532054, 5545551.850931297056377, 231.0 ], [ 366044.64412219019141, 5545552.05157842580229, 231.0 ], [ 366044.327555653522722, 5545552.357887788675725, 231.0 ], [ 366043.943982223747298, 5545552.386142058297992, 231.0 ], [ 366043.566276166355237, 5545551.929378733970225, 231.0 ], [ 366043.502769547980279, 5545551.791102518327534, 231.199996948242188 ], [ 366043.407559658982791, 5545551.345913817174733, 231.199996948242188 ], [ 366043.383790501859039, 5545551.355833481997252, 231.199996948242188 ], [ 366042.109023659897503, 5545551.042752203531563, 231.399993896484375 ], [ 366043.16210067877546, 5545550.895163224078715, 231.199996948242188 ], [ 366041.476923822890967, 5545549.5386982858181, 231.600006103515625 ], [ 366041.627039526938461, 5545549.059392777271569, 231.600006103515625 ], [ 366040.20598937489558, 5545547.220767601393163, 232.0 ], [ 366039.142343521118164, 5545546.706586806103587, 232.199996948242188 ], [ 366038.555714461079333, 5545546.059242647141218, 232.399993896484375 ], [ 366037.740861888974905, 5545546.368706492707133, 232.399993896484375 ], [ 366038.766471809591167, 5545548.720753571949899, 231.800003051757812 ], [ 366039.222485905280337, 5545547.74891672283411, 232.0 ], [ 366039.268023715936579, 5545547.169661260209978, 232.0 ], [ 366039.413939663267229, 5545548.201019593514502, 232.0 ], [ 366039.3920374023146, 5545548.285488015040755, 232.0 ], [ 366040.981471611361485, 5545548.935692784376442, 231.800003051757812 ], [ 366040.977504486858379, 5545548.777276709675789, 231.800003051757812 ], [ 366041.058946363511495, 5545548.672668405808508, 231.800003051757812 ], [ 366041.432219022652134, 5545548.952378300018609, 231.600006103515625 ], [ 366041.574667363078333, 5545549.125975352711976, 231.600006103515625 ], [ 366041.322340785933193, 5545548.880534417927265, 231.800003051757812 ], [ 366041.159923752769828, 5545549.108388205058873, 231.600006103515625 ], [ 366041.109185115550645, 5545549.240200934000313, 231.600006103515625 ], [ 366041.086516021401621, 5545549.054279892705381, 231.600006103515625 ], [ 366041.054645985364914, 5545548.980482503771782, 231.800003051757812 ], [ 366041.686479169293307, 5545549.514801658689976, 231.600006103515625 ], [ 366044.293019161443226, 5545550.978736068122089, 231.199996948242188 ], [ 366044.347225175646599, 5545550.026286145672202, 231.399993896484375 ], [ 366044.209777569165453, 5545549.572830705903471, 231.399993896484375 ], [ 366042.625211067032069, 5545551.514696433208883, 231.199996948242188 ], [ 366044.785775727010332, 5545540.923978767357767, 231.399993896484375 ], [ 366043.272714102640748, 5545541.884987748228014, 231.800003051757812 ], [ 366041.101416500576306, 5545543.655058023519814, 232.399993896484375 ], [ 366040.940232825581916, 5545544.171938452869654, 232.399993896484375 ], [ 366041.561165382736363, 5545544.510717427358031, 232.399993896484375 ], [ 366039.71683610684704, 5545543.512567087076604, 232.399993896484375 ], [ 366038.768103188136593, 5545545.429186572320759, 232.399993896484375 ], [ 366038.971325973398052, 5545547.550068859942257, 232.0 ], [ 366039.560388224897906, 5545547.815050222910941, 232.0 ], [ 366039.780544725130312, 5545547.734941422007978, 232.0 ], [ 366040.365573011571541, 5545547.599073119461536, 232.0 ], [ 366040.73567860678304, 5545547.272773904725909, 232.0 ], [ 366042.351082464854699, 5545544.164580877870321, 232.399993896484375 ], [ 366042.147394206433091, 5545543.703459853306413, 232.399993896484375 ], [ 366042.489630626514554, 5545542.743797013536096, 232.0 ], [ 366042.456060428638011, 5545542.36233579274267, 232.0 ], [ 366042.30401090614032, 5545542.524658853188157, 232.0 ], [ 366042.062718563829549, 5545542.959625406190753, 232.0 ], [ 366041.491691266302951, 5545543.654609067365527, 232.399993896484375 ], [ 366039.528016004653182, 5545543.40540240239352, 232.399993896484375 ], [ 366039.537183923705015, 5545544.011261190287769, 232.600006103515625 ], [ 366039.605591333704069, 5545544.345227803103626, 232.600006103515625 ], [ 366039.738838920893613, 5545544.630948463454843, 232.399993896484375 ], [ 366039.907390223059338, 5545544.887811722233891, 232.399993896484375 ], [ 366040.2085888129659, 5545544.92689111456275, 232.399993896484375 ], [ 366040.2085888129659, 5545544.92689111456275, 232.399993896484375 ], [ 366040.245759432960767, 5545544.972582450136542, 232.399993896484375 ], [ 366040.337869216338731, 5545545.054195717908442, 232.399993896484375 ], [ 366041.268134363694116, 5545544.797788697294891, 232.399993896484375 ], [ 366041.382779815699905, 5545544.580455668270588, 232.399993896484375 ], [ 366041.138087183295283, 5545544.400094618089497, 232.399993896484375 ], [ 366041.382179690059274, 5545544.07695113029331, 232.399993896484375 ], [ 366041.701180158008356, 5545543.388278770260513, 232.199996948242188 ], [ 366041.54829722631257, 5545543.037778722122312, 232.199996948242188 ], [ 366041.44958668272011, 5545542.452811167575419, 232.0 ], [ 366041.023708004737273, 5545542.230365254916251, 232.0 ], [ 366040.536789569887333, 5545542.447696472518146, 232.0 ], [ 366039.459775157854892, 5545542.83832070697099, 232.199996948242188 ], [ 366039.10470430762507, 5545543.285461160354316, 232.399993896484375 ], [ 366039.10470430762507, 5545543.285461160354316, 232.399993896484375 ], [ 366042.381719061813783, 5545543.949351634830236, 232.399993896484375 ], [ 366042.536268822441343, 5545543.647099419496953, 232.199996948242188 ], [ 366042.733056419645436, 5545543.353113921359181, 232.199996948242188 ], [ 366043.428796856664121, 5545543.801913003437221, 232.199996948242188 ], [ 366043.639752566232346, 5545543.833928012289107, 232.199996948242188 ], [ 366043.980322150397114, 5545543.527017553336918, 232.199996948242188 ], [ 366044.582319247594569, 5545543.828973306342959, 232.199996948242188 ], [ 366045.135411529859994, 5545543.376874453388155, 232.0 ], [ 366045.404840466333553, 5545542.866607974283397, 232.0 ], [ 366045.537787906068843, 5545542.90057650860399, 232.0 ], [ 366045.532720675808378, 5545542.938001144677401, 232.0 ], [ 366045.509651532629505, 5545542.975876574404538, 232.0 ], [ 366045.406741086859256, 5545542.223174287937582, 231.800003051757812 ], [ 366045.320698496478144, 5545542.383844343014061, 231.800003051757812 ], [ 366045.312264024047181, 5545542.766357435844839, 232.0 ], [ 366045.256858168460894, 5545542.711798270232975, 231.800003051757812 ], [ 366045.215087054879405, 5545542.72216872125864, 231.800003051757812 ], [ 366044.146240496076643, 5545541.760544214397669, 231.600006103515625 ], [ 366042.201666759734508, 5545541.315045047551394, 231.600006103515625 ], [ 366041.222562362556346, 5545541.059830921702087, 231.600006103515625 ], [ 366040.562392072635703, 5545541.551909424364567, 231.800003051757812 ], [ 366040.468248727265745, 5545541.628862496465445, 231.800003051757812 ], [ 366040.379939404374454, 5545541.938780384138227, 231.800003051757812 ], [ 366040.396374537027441, 5545542.115533101372421, 232.0 ], [ 366040.253759372921195, 5545542.175051161088049, 232.0 ], [ 366040.245258511276916, 5545542.315130591392517, 232.0 ], [ 366039.645127881318331, 5545542.087724060751498, 232.0 ], [ 366037.242971266270615, 5545541.112868450582027, 231.800003051757812 ], [ 366036.219928206526674, 5545540.541724738664925, 231.600006103515625 ], [ 366034.798841662995983, 5545539.421083399094641, 231.399993896484375 ], [ 366032.669077723985538, 5545537.814670818857849, 231.0 ], [ 366037.422893695766106, 5545544.940706128254533, 232.600006103515625 ], [ 366038.772337682195939, 5545546.557337364181876, 232.199996948242188 ], [ 366038.82290975516662, 5545546.65863970015198, 232.199996948242188 ], [ 366038.829377116519026, 5545546.677126612514257, 232.199996948242188 ], [ 366038.817609213059768, 5545546.686745750717819, 232.199996948242188 ], [ 366038.925620619091205, 5545546.684040841646492, 232.199996948242188 ], [ 366038.904818353592418, 5545546.572668548673391, 232.199996948242188 ], [ 366038.904118262405973, 5545546.544712769798934, 232.199996948242188 ], [ 366038.807874757330865, 5545546.537798542529345, 232.199996948242188 ], [ 366038.778104952070862, 5545546.547868498601019, 232.199996948242188 ], [ 366038.906451899558306, 5545546.637898697517812, 232.199996948242188 ], [ 366038.91741999424994, 5545547.075872547924519, 232.199996948242188 ], [ 366040.694274386449251, 5545547.777330340817571, 232.0 ], [ 366041.351310582831502, 5545549.318057461641729, 231.600006103515625 ], [ 366044.332691910734866, 5545545.849302634596825, 232.0 ], [ 366042.247304754331708, 5545545.295436495915055, 232.199996948242188 ], [ 366041.236797739751637, 5545544.985062169842422, 232.399993896484375 ], [ 366041.039276686497033, 5545544.290675831958652, 232.399993896484375 ], [ 366041.018007739563473, 5545544.160666345618665, 232.399993896484375 ], [ 366041.513226992916316, 5545544.754353261552751, 232.399993896484375 ], [ 366039.29179198096972, 5545545.481343009509146, 232.399993896484375 ], [ 366039.209149415721186, 5545544.578942255116999, 232.600006103515625 ], [ 366039.385067743307445, 5545543.931150658987463, 232.399993896484375 ], [ 366039.485144880483858, 5545543.611613614484668, 232.399993896484375 ], [ 366040.272295291011687, 5545544.114069766364992, 232.600006103515625 ], [ 366040.218990231398493, 5545545.821776544675231, 232.199996948242188 ], [ 366039.808613457134925, 5545545.738809076137841, 232.199996948242188 ], [ 366039.99656613857951, 5545544.372734514065087, 232.399993896484375 ], [ 366039.833981738425791, 5545543.15530486498028, 232.199996948242188 ], [ 366040.222823276533745, 5545543.816926701925695, 232.399993896484375 ], [ 366040.768081250949763, 5545544.2508450364694, 232.399993896484375 ], [ 366039.51664881745819, 5545544.869623609818518, 232.399993896484375 ], [ 366039.526716400170699, 5545544.552340646274388, 232.399993896484375 ], [ 366039.691000414721202, 5545544.39903555251658, 232.600006103515625 ], [ 366040.034836807230022, 5545544.222585135139525, 232.600006103515625 ], [ 366040.635900627996307, 5545544.487266075797379, 232.399993896484375 ], [ 366043.029821298376191, 5545543.215140216052532, 232.199996948242188 ], [ 366042.855002653668635, 5545543.667090971022844, 232.199996948242188 ], [ 366041.486290931235999, 5545545.83666243031621, 232.199996948242188 ], [ 366043.355921018286608, 5545550.722469714470208, 231.199996948242188 ], [ 366040.43674885481596, 5545552.119642442092299, 231.199996948242188 ], [ 366043.602045555133373, 5545558.632752802222967, 230.0 ], [ 366044.386492521152832, 5545561.904634794220328, 229.399993896484375 ], [ 366047.970225247729104, 5545564.267219237983227, 228.800003051757812 ], [ 366050.255589950131252, 5545566.09352742601186, 228.399993896484375 ], [ 366050.928319626196753, 5545570.179433641023934, 227.800003051757812 ], [ 366050.985722390469164, 5545572.47180753108114, 227.399993896484375 ], [ 366051.133404059510212, 5545572.374865110963583, 227.399993896484375 ], [ 366051.044829347811174, 5545571.715048118494451, 227.600006103515625 ], [ 366049.267151285428554, 5545570.500763886608183, 227.800003051757812 ], [ 366049.710063580947462, 5545569.725069138221443, 228.0 ], [ 366049.697829019161873, 5545569.716051067225635, 228.0 ], [ 366050.298290094651747, 5545569.477228502742946, 228.0 ], [ 366050.294723534490913, 5545569.095015928149223, 228.0 ], [ 366049.749434620141983, 5545569.379079109989107, 228.0 ], [ 366050.178678246506024, 5545569.256437218748033, 228.0 ], [ 366050.247050569043495, 5545570.308386407792568, 227.800003051757812 ], [ 366050.217848152038641, 5545569.861544722691178, 227.800003051757812 ], [ 366050.525647406408098, 5545568.725580392405391, 228.0 ], [ 366050.894585321249906, 5545568.352688891813159, 228.0 ], [ 366051.866729051340371, 5545560.896770300343633, 229.0 ], [ 366052.150561374612153, 5545559.043424697592854, 229.399993896484375 ], [ 366052.377856200037058, 5545556.370944494381547, 229.600006103515625 ], [ 366052.123666653293185, 5545554.372555798850954, 230.0 ], [ 366052.169375839876011, 5545551.881786869838834, 230.399993896484375 ], [ 366051.921984656364657, 5545551.114053472876549, 230.600006103515625 ], [ 366052.637128415342886, 5545549.939916000701487, 230.600006103515625 ], [ 366055.271650452632457, 5545544.848076806403697, 231.0 ], [ 366056.339649700676091, 5545537.622870463877916, 230.0 ], [ 366056.55070689227432, 5545537.179337252862751, 229.800003051757812 ], [ 366059.844772819022182, 5545533.488300409168005, 228.600006103515625 ], [ 366061.972472446854226, 5545532.614475556649268, 228.199996948242188 ], [ 366064.274089532031212, 5545532.211843200959265, 227.800003051757812 ], [ 366066.526105258613825, 5545531.027201259508729, 227.399993896484375 ], [ 366068.029170073452406, 5545530.625915518961847, 227.199996948242188 ], [ 366069.956079008057714, 5545530.605644695460796, 227.0 ], [ 366071.404363589826971, 5545531.613720978610218, 226.600006103515625 ], [ 366073.220320318592712, 5545532.677863511256874, 226.0 ], [ 366074.011537933838554, 5545532.863191966898739, 225.800003051757812 ], [ 366075.770764210494235, 5545532.380899642594159, 225.0 ], [ 366077.696180839557201, 5545531.101870410144329, 224.0 ], [ 366082.136454611609224, 5545527.62458770070225, 222.0 ], [ 366083.641595273278654, 5545526.346757763065398, 221.800003051757812 ], [ 366086.201893990859389, 5545524.044799257069826, 221.199996948242188 ], [ 366087.391399013111368, 5545523.110551602207124, 220.800003051757812 ], [ 366088.777591077261604, 5545522.357869155704975, 220.600006103515625 ], [ 366090.356544506386854, 5545520.910353686660528, 220.0 ], [ 366091.377396950148977, 5545520.194790805689991, 219.600006103515625 ], [ 366092.132418666034937, 5545519.653722352348268, 219.399993896484375 ], [ 366092.893843437370379, 5545518.88870735373348, 219.0 ], [ 366094.531872608116828, 5545517.402416676282883, 218.399993896484375 ], [ 366095.968632531119511, 5545514.112224895507097, 218.0 ], [ 366097.543666057754308, 5545511.788313289172947, 217.600006103515625 ], [ 366098.728529171436094, 5545508.989298241212964, 217.0 ], [ 366103.14205159782432, 5545501.083599241450429, 215.399993896484375 ], [ 366102.287093969469424, 5545503.38948492705822, 215.600006103515625 ], [ 366102.369002045830712, 5545500.664700799621642, 215.399993896484375 ], [ 366102.161966319661587, 5545498.87026780564338, 215.600006103515625 ], [ 366102.227866095374338, 5545496.705350261181593, 215.600006103515625 ], [ 366104.625106959487312, 5545488.607687039300799, 216.0 ], [ 366105.572687294043135, 5545475.128815681673586, 215.199996948242188 ], [ 366117.934239503694698, 5545458.268560711294413, 214.199996948242188 ], [ 366121.729446290875785, 5545455.404222724959254, 214.0 ], [ 366140.059135765011888, 5545444.045268479734659, 210.600006103515625 ], [ 366150.331774461898021, 5545439.44304239936173, 209.0 ], [ 366168.418870386260096, 5545428.463237359188497, 208.800003051757812 ], [ 366187.640100919466931, 5545422.732751158066094, 210.800003051757812 ], [ 366206.566567180503625, 5545413.858053231611848, 212.800003051757812 ], [ 366223.968370796239469, 5545403.800053033977747, 214.0 ], [ 366242.960832950426266, 5545399.241045077331364, 215.199996948242188 ], [ 366254.473330060951412, 5545398.831987338140607, 215.0 ], [ 366263.469526592176408, 5545396.965980407781899, 215.0 ], [ 366282.55461820360506, 5545387.462859113700688, 214.0 ], [ 366289.026487329101656, 5545385.259045152924955, 213.199996948242188 ], [ 366307.975745617644861, 5545378.967011846601963, 211.0 ], [ 366313.210713193810079, 5545376.523731777444482, 210.0 ], [ 366332.872929856821429, 5545368.96450106240809, 207.0 ], [ 366338.025250454957131, 5545366.33682300336659, 206.800003051757812 ], [ 366344.177619719645008, 5545363.600244817323983, 207.399993896484375 ], [ 366345.282884686428588, 5545363.376818030141294, 207.399993896484375 ], [ 366348.797847803914919, 5545363.708599511533976, 206.800003051757812 ], [ 366359.565152794355527, 5545365.435029808431864, 205.600006103515625 ], [ 366362.799859674356412, 5545364.403133362531662, 205.800003051757812 ], [ 366366.071788088185713, 5545363.65936581697315, 205.800003051757812 ], [ 366376.640584536711685, 5545359.842765818350017, 205.0 ], [ 366378.985501387389377, 5545356.362136621959507, 205.800003051757812 ], [ 366382.762498375377618, 5545353.722233700565994, 206.199996948242188 ], [ 366385.197373695089482, 5545352.16018867585808, 206.0 ], [ 366388.7882999854628, 5545349.282503083348274, 206.199996948242188 ], [ 366391.372237689560279, 5545348.63985441159457, 205.800003051757812 ], [ 366392.711074988706969, 5545348.391955266706645, 205.600006103515625 ], [ 366405.582991346076597, 5545337.254182017408311, 204.0 ], [ 366406.568845646223053, 5545336.576854323036969, 203.800003051757812 ], [ 366411.944131347117946, 5545332.535697143524885, 201.800003051757812 ], [ 366425.262795073329471, 5545315.960015599615872, 204.199996948242188 ], [ 366431.847652183147147, 5545306.732283404096961, 201.199996948242188 ], [ 366437.220822674920782, 5545298.756308529525995, 200.0 ], [ 366452.015004684391897, 5545284.75469589419663, 197.399993896484375 ], [ 366466.309419060125947, 5545269.97302823048085, 194.800003051757812 ], [ 366480.292004600050859, 5545254.723640684038401, 195.0 ], [ 366493.059968482528348, 5545238.44162337295711, 191.600006103515625 ], [ 366505.486232918221503, 5545222.419925384223461, 193.800003051757812 ], [ 366518.920133311185054, 5545206.830014193430543, 193.0 ], [ 366527.302966429153457, 5545188.065319903194904, 194.0 ], [ 366534.809303867048584, 5545168.343446458689868, 196.0 ], [ 366538.723855820368044, 5545164.469411695376039, 198.399993896484375 ], [ 366540.435421713977121, 5545163.755358303897083, 198.600006103515625 ], [ 366542.413230417179875, 5545162.400605132803321, 199.399993896484375 ], [ 366548.975379028823227, 5545158.264720772393048, 200.800003051757812 ], [ 366562.956609200686216, 5545152.088240970857441, 202.600006103515625 ], [ 366568.162686344003305, 5545150.158787422813475, 202.399993896484375 ], [ 366576.446206097432878, 5545145.700274619273841, 204.399993896484375 ], [ 366592.51972205308266, 5545136.254781249910593, 204.399993896484375 ], [ 366593.359368489182089, 5545135.972760927863419, 204.600006103515625 ], [ 366595.238283548154868, 5545135.226579606533051, 204.600006103515625 ], [ 366596.06801937171258, 5545135.028726347722113, 204.800003051757812 ], [ 366596.724148195353337, 5545134.611416827887297, 204.800003051757812 ], [ 366597.232998016872443, 5545134.067238379269838, 204.800003051757812 ], [ 366595.472649658622686, 5545131.621521471999586, 205.399993896484375 ], [ 366608.365820262697525, 5545114.795873167924583, 202.199996948242188 ], [ 366611.944184979773127, 5545103.936987926252186, 201.399993896484375 ], [ 366611.841350324219093, 5545103.184276463463902, 201.399993896484375 ], [ 366612.441339041222818, 5545100.996735265478492, 201.199996948242188 ], [ 366612.57378889474785, 5545100.769647727720439, 201.199996948242188 ], [ 366613.163021091313567, 5545100.559144862927496, 201.199996948242188 ], [ 366613.27866873901803, 5545100.621532252989709, 201.199996948242188 ], [ 366618.057666396955028, 5545106.367424002848566, 201.399993896484375 ], [ 366619.449578354251571, 5545107.041375704109669, 201.0 ], [ 366623.690201771561988, 5545109.257427360862494, 200.199996948242188 ], [ 366625.718580563785508, 5545112.097419898957014, 199.800003051757812 ], [ 366626.688166045350954, 5545111.728246232494712, 199.600006103515625 ], [ 366626.66110270365607, 5545111.365269847214222, 199.600006103515625 ], [ 366627.208907652297057, 5545111.901752149686217, 199.600006103515625 ], [ 366627.194427804672159, 5545112.284412954933941, 199.399993896484375 ], [ 366627.251496654818766, 5545112.646641321480274, 199.399993896484375 ], [ 366627.816182064707391, 5545113.378514966927469, 199.399993896484375 ], [ 366628.104041790531483, 5545113.604448485188186, 199.399993896484375 ], [ 366628.164246339758392, 5545113.369837977923453, 199.399993896484375 ], [ 366628.200717599829659, 5545113.387577549554408, 199.399993896484375 ], [ 366628.185269635636359, 5545113.4905309015885, 199.399993896484375 ], [ 366627.699335315846838, 5545114.472381055355072, 199.600006103515625 ], [ 366629.521736219059676, 5545115.312766788527369, 199.199996948242188 ], [ 366630.199319513281807, 5545117.682918167673051, 199.199996948242188 ], [ 366629.698866128514055, 5545117.359716044738889, 199.199996948242188 ], [ 366629.656161493097898, 5545117.332807471044362, 199.199996948242188 ], [ 366629.624529851600528, 5545117.268325312994421, 199.199996948242188 ], [ 366629.363462440553121, 5545117.153616450726986, 199.199996948242188 ], [ 366629.329546550987288, 5545117.238381415605545, 199.199996948242188 ], [ 366630.898506097262725, 5545116.58385949395597, 199.0 ], [ 366631.16545854776632, 5545114.525839807465672, 199.199996948242188 ], [ 366631.195696382317692, 5545114.534410404041409, 199.199996948242188 ], [ 366631.084424252272584, 5545114.406642870977521, 199.199996948242188 ], [ 366631.192676478123758, 5545114.41326867043972, 199.199996948242188 ], [ 366631.018295905960258, 5545115.126269080676138, 199.199996948242188 ], [ 366631.540004919865169, 5545115.579482860863209, 199.199996948242188 ], [ 366628.744456590269692, 5545113.03834468126297, 199.399993896484375 ], [ 366628.189953885157593, 5545112.474056043662131, 199.399993896484375 ], [ 366628.137260069139302, 5545112.046447901055217, 199.600006103515625 ], [ 366628.010733316885307, 5545111.788519307971001, 199.600006103515625 ], [ 366628.034234309685417, 5545111.526850635185838, 199.600006103515625 ], [ 366625.897488699003588, 5545109.398212160915136, 199.800003051757812 ], [ 366625.310888973006513, 5545108.750804487615824, 199.800003051757812 ], [ 366626.026879942626692, 5545108.807550156489015, 199.800003051757812 ], [ 366626.136061526485719, 5545108.851450234651566, 199.800003051757812 ], [ 366626.447035676683299, 5545109.281943935900927, 199.800003051757812 ], [ 366626.360038993181661, 5545109.405329742468894, 199.800003051757812 ], [ 366626.727074985974468, 5545109.675911298952997, 199.800003051757812 ], [ 366627.040062057669275, 5545109.705406244844198, 199.800003051757812 ], [ 366627.107468135887757, 5545109.759672168642282, 199.800003051757812 ], [ 366627.378486274334136, 5545110.032647435553372, 199.800003051757812 ], [ 366627.493049726588652, 5545110.533308290876448, 199.600006103515625 ], [ 366627.759925145364832, 5545110.880981938913465, 199.600006103515625 ], [ 366627.744477179134265, 5545110.983935293741524, 199.600006103515625 ], [ 366629.586856984416954, 5545111.180440402589738, 199.600006103515625 ], [ 366629.918350631953217, 5545111.47055697068572, 199.600006103515625 ], [ 366630.282714782631956, 5545110.911335016600788, 199.600006103515625 ], [ 366630.165441449615173, 5545110.783717103302479, 199.600006103515625 ], [ 366630.003333964501508, 5545110.302890189923346, 199.600006103515625 ], [ 366629.761856932658702, 5545110.010529596358538, 199.800003051757812 ], [ 366629.567691864736844, 5545109.689016417600214, 199.800003051757812 ], [ 366629.37159081484424, 5545108.808088351972401, 199.800003051757812 ], [ 366629.340771760325879, 5545106.608301563188434, 200.0 ], [ 366629.642376008268911, 5545104.735905719920993, 200.199996948242188 ], [ 366629.915368776884861, 5545104.365449269302189, 200.199996948242188 ], [ 366630.549202859401703, 5545107.389398325234652, 200.0 ], [ 366630.247404876106884, 5545108.04962878767401, 199.800003051757812 ], [ 366630.05749867472332, 5545108.380716433748603, 199.800003051757812 ], [ 366630.036514420935418, 5545111.393016190268099, 199.600006103515625 ], [ 366630.034656004048884, 5545111.31846743170172, 199.600006103515625 ], [ 366630.158162741572596, 5545111.455254337750375, 199.600006103515625 ], [ 366629.726586164557375, 5545111.72709587123245, 199.600006103515625 ], [ 366629.610784182092175, 5545112.140255675651133, 199.399993896484375 ], [ 366629.535325091565028, 5545112.244705039076507, 199.399993896484375 ], [ 366629.333842708438169, 5545112.352296038530767, 199.399993896484375 ], [ 366629.179672295926139, 5545112.430734445340931, 199.399993896484375 ], [ 366628.642321310529951, 5545112.313588715158403, 199.399993896484375 ], [ 366628.293985836324282, 5545112.070514007471502, 199.600006103515625 ], [ 366628.166568701388314, 5545112.01774410251528, 199.600006103515625 ], [ 366628.12018596206326, 5545112.084171089343727, 199.600006103515625 ], [ 366626.71228610916296, 5545111.009667196311057, 199.600006103515625 ], [ 366626.309669241658412, 5545110.51618739310652, 199.600006103515625 ], [ 366625.738556547148619, 5545110.008259386755526, 199.800003051757812 ], [ 366624.934639849117957, 5545110.037625211291015, 199.800003051757812 ], [ 366624.625563089095522, 5545109.924113426357508, 200.0 ], [ 366624.103388318791986, 5545109.452263115905225, 200.0 ], [ 366623.185797880520113, 5545108.775809717364609, 200.199996948242188 ], [ 366623.195012341544498, 5545108.663687362335622, 200.199996948242188 ], [ 366623.212783368537202, 5545108.653919942677021, 200.199996948242188 ], [ 366623.146152274450287, 5545109.112475998699665, 200.199996948242188 ], [ 366623.090129535121378, 5545109.514821267686784, 200.199996948242188 ], [ 366623.590355534572154, 5545112.719263882376254, 200.399993896484375 ], [ 366624.190661509986967, 5545113.916468462906778, 200.399993896484375 ], [ 366627.582334985490888, 5545117.48707453161478, 199.800003051757812 ], [ 366629.950294143287465, 5545122.146182642318308, 199.399993896484375 ], [ 366630.36564662901219, 5545115.683353219181299, 199.199996948242188 ], [ 366632.353483667131513, 5545116.174613473936915, 199.199996948242188 ], [ 366632.063804845558479, 5545114.671284231357276, 199.199996948242188 ], [ 366630.662062436866108, 5545113.12108217831701, 199.399993896484375 ], [ 366631.953616901184432, 5545114.105243518948555, 199.399993896484375 ], [ 366633.133782373392023, 5545115.67961819563061, 199.199996948242188 ], [ 366634.388244801200926, 5545117.102950853295624, 199.0 ], [ 366634.443880800157785, 5545117.166834652423859, 199.0 ], [ 366634.534826536139008, 5545117.201865090988576, 199.0 ], [ 366634.734489021007903, 5545117.262158591300249, 199.0 ], [ 366634.942281792173162, 5545117.648602925240993, 199.0 ], [ 366634.853465260355733, 5545117.939872901886702, 199.0 ], [ 366634.805533535720315, 5545118.425935801118612, 198.800003051757812 ], [ 366634.196518921235111, 5545117.601922661997378, 199.0 ], [ 366633.801491805585101, 5545116.931089812889695, 199.0 ], [ 366633.849500638258178, 5545116.929893038235605, 199.0 ], [ 366633.873505054682028, 5545116.929294651374221, 199.0 ], [ 366634.08985425462015, 5545117.418093902058899, 199.0 ], [ 366634.115252441493794, 5545117.473407085984945, 199.0 ], [ 366633.919926402857527, 5545117.10530077945441, 199.0 ], [ 366632.890911956201307, 5545115.331345896236598, 199.199996948242188 ], [ 366631.403721959679388, 5545113.484893387183547, 199.399993896484375 ], [ 366628.972768477746285, 5545108.948572005145252, 199.800003051757812 ], [ 366629.801000282401219, 5545113.748632559552789, 199.399993896484375 ], [ 366629.738511405419558, 5545114.13249016739428, 199.399993896484375 ], [ 366629.32761053397553, 5545116.678966515697539, 199.199996948242188 ], [ 366630.316631681052968, 5545119.498248980380595, 199.199996948242188 ], [ 366631.282692827749997, 5545120.192143955267966, 199.0 ], [ 366631.614224555785768, 5545120.72469369135797, 199.0 ], [ 366631.86894212057814, 5545121.548214280046523, 199.0 ], [ 366632.073482767096721, 5545121.804198174737394, 199.0 ], [ 366632.199079919373617, 5545122.024852480739355, 199.0 ], [ 366633.094327793864068, 5545121.5642891805619, 198.600006103515625 ], [ 366632.355689654476009, 5545119.876339669339359, 198.800003051757812 ], [ 366631.567880759830587, 5545118.142994075082242, 199.0 ], [ 366631.427725992980413, 5545117.820134437642992, 199.0 ], [ 366631.459009340207558, 5545115.702718985266984, 199.199996948242188 ], [ 366631.377239471068606, 5545115.31313319131732, 199.199996948242188 ], [ 366630.922510508156847, 5545115.137981275096536, 199.199996948242188 ], [ 366631.397101189242676, 5545115.38723315205425, 199.199996948242188 ], [ 366631.625375511823222, 5545115.390866970643401, 199.199996948242188 ], [ 366631.676365570398048, 5545115.268378843553364, 199.199996948242188 ], [ 366631.247267247759737, 5545113.712578853592277, 199.399993896484375 ], [ 366630.938539317110553, 5545112.890404695644975, 199.399993896484375 ], [ 366630.829048131359741, 5545112.352319790050387, 199.399993896484375 ], [ 366632.350735123385675, 5545114.859943591989577, 199.199996948242188 ], [ 366633.073345344513655, 5545115.904910048469901, 199.199996948242188 ], [ 366632.010530158178881, 5545116.388299286365509, 199.0 ], [ 366630.505801399238408, 5545114.560933011583984, 199.199996948242188 ], [ 366631.976653169083875, 5545115.270217487588525, 199.199996948242188 ], [ 366626.314973427564837, 5545110.488082003779709, 199.600006103515625 ], [ 366624.16723174235085, 5545108.881883936002851, 200.0 ], [ 366621.280424798489548, 5545108.702094243839383, 200.600006103515625 ], [ 366618.367404453223571, 5545107.711737981066108, 201.399993896484375 ], [ 366617.015023397456389, 5545107.41910086479038, 201.600006103515625 ], [ 366614.700412179692648, 5545107.308968618512154, 201.600006103515625 ], [ 366613.590245334780775, 5545107.579081156291068, 201.600006103515625 ], [ 366612.623215538682416, 5545108.050761735066772, 201.800003051757812 ], [ 366603.373233953840099, 5545119.75038839597255, 203.800003051757812 ], [ 366602.65291715163039, 5545121.446738626807928, 204.199996948242188 ], [ 366602.305398136726581, 5545121.958920661360025, 204.199996948242188 ], [ 366601.926247235038318, 5545122.406620722264051, 204.399993896484375 ], [ 366600.874588905833662, 5545123.337308764457703, 204.600006103515625 ], [ 366600.616621937020682, 5545123.82860921882093, 204.800003051757812 ], [ 366600.366250884835608, 5545125.587837099097669, 205.199996948242188 ], [ 366601.350590819027275, 5545126.533029512502253, 205.199996948242188 ], [ 366601.994390469277278, 5545129.715241993777454, 204.800003051757812 ], [ 366598.068261266336776, 5545132.405318601988256, 205.0 ], [ 366595.075880733609665, 5545131.603441949002445, 205.399993896484375 ], [ 366594.050816017319448, 5545131.433190454728901, 205.399993896484375 ], [ 366592.275736671639606, 5545132.008943878114223, 205.399993896484375 ], [ 366591.698975656414405, 5545132.237787027843297, 205.199996948242188 ], [ 366589.862613575009163, 5545133.486425457522273, 205.0 ], [ 366587.839289197931066, 5545134.702429263852537, 204.800003051757812 ], [ 366585.849334403290413, 5545135.330165185965598, 204.800003051757812 ], [ 366583.716720548167359, 5545137.22025207336992, 204.399993896484375 ], [ 366580.830337052524555, 5545139.464815592393279, 204.800003051757812 ], [ 366579.140288612339646, 5545140.560618871822953, 205.0 ], [ 366576.945985399768688, 5545140.699261726811528, 204.800003051757812 ], [ 366575.130023922596592, 5545141.080228411592543, 204.199996948242188 ], [ 366574.355037947301753, 5545141.547126876190305, 203.800003051757812 ], [ 366573.233234465820715, 5545142.554165248759091, 203.399993896484375 ], [ 366573.395031129126437, 5545142.540805694647133, 203.399993896484375 ], [ 366573.407033282215707, 5545142.540506362915039, 203.399993896484375 ], [ 366568.823740391409956, 5545147.531470790505409, 202.0 ], [ 366556.33736923057586, 5545155.861880119889975, 202.199996948242188 ], [ 366538.381270643789321, 5545165.419721707701683, 198.0 ], [ 366531.658725534682162, 5545185.028791384771466, 193.199996948242188 ], [ 366528.840115108992904, 5545191.67280859965831, 194.399993896484375 ], [ 366522.616861892107408, 5545200.965979902073741, 193.199996948242188 ], [ 366521.327781213272829, 5545203.450458177365363, 193.199996948242188 ], [ 366519.06159991666209, 5545206.723916195333004, 193.0 ], [ 366511.116763529833406, 5545219.696571711450815, 192.399993896484375 ], [ 366502.854466541204602, 5545226.924009623937309, 193.0 ], [ 366493.165666387532838, 5545237.142894299700856, 192.0 ], [ 366482.568190292455256, 5545250.890450498089194, 194.600006103515625 ], [ 366470.655168329481967, 5545264.614919598214328, 194.0 ], [ 366458.233018411323428, 5545280.552685800939798, 196.199996948242188 ], [ 366449.840040826704353, 5545290.235793098807335, 197.0 ], [ 366448.251712343248073, 5545291.795321886427701, 197.0 ], [ 366444.137669792864472, 5545296.811987752094865, 198.399993896484375 ], [ 366431.793447182863019, 5545311.535704702138901, 202.0 ], [ 366429.358181017800234, 5545314.766805156134069, 203.0 ], [ 366424.729272965632845, 5545321.045813027769327, 203.399993896484375 ], [ 366420.750406153674703, 5545325.462361891753972, 203.0 ], [ 366418.887269153725356, 5545327.317818731069565, 202.600006103515625 ], [ 366418.091161623247899, 5545328.139596471562982, 202.399993896484375 ], [ 366417.27793344843667, 5545328.756664936430752, 202.199996948242188 ], [ 366416.333151700673625, 5545329.395667307078838, 202.199996948242188 ], [ 366415.451820127316751, 5545329.930516999214888, 202.0 ], [ 366406.328628007147927, 5545336.815963298082352, 203.800003051757812 ], [ 366391.752007649163716, 5545351.343772080726922, 205.199996948242188 ], [ 366372.134240186074749, 5545360.207087144255638, 205.399993896484375 ], [ 366353.580336164799519, 5545368.148755366913974, 205.399993896484375 ], [ 366352.53839154553134, 5545368.743574976921082, 205.600006103515625 ], [ 366332.654838400194421, 5545375.375821511261165, 207.199996948242188 ], [ 366312.248346741544083, 5545381.023500166833401, 210.800003051757812 ], [ 366308.400124202365987, 5545381.772379172965884, 211.399993896484375 ], [ 366297.873256783524994, 5545384.860765550285578, 212.399993896484375 ], [ 366297.05358411569614, 5545385.459365517832339, 212.399993896484375 ], [ 366286.995453968236689, 5545391.445276319049299, 213.199996948242188 ], [ 366278.927602243085857, 5545394.658726532012224, 214.0 ], [ 366258.368248509534169, 5545399.471239587292075, 215.0 ], [ 366238.4194607490208, 5545397.72282378654927, 214.600006103515625 ], [ 366218.504796888562851, 5545405.503186613321304, 213.600006103515625 ], [ 366204.292973667616025, 5545414.90330599527806, 212.600006103515625 ], [ 366184.234155219397508, 5545420.757250973954797, 210.800003051757812 ], [ 366165.752027534297667, 5545428.669822575524449, 208.800003051757812 ], [ 366147.613310757675208, 5545439.026191922836006, 209.199996948242188 ], [ 366128.871399041730911, 5545446.870800814591348, 213.0 ], [ 366121.985531476209871, 5545454.120367015711963, 214.199996948242188 ], [ 366121.133911476703361, 5545455.120745239779353, 214.199996948242188 ], [ 366117.079948328784667, 5545459.641983678564429, 214.199996948242188 ], [ 366109.514732047508005, 5545474.293518641032279, 215.800003051757812 ], [ 366105.931562750367448, 5545490.906094220466912, 215.600006103515625 ], [ 366104.691371655208059, 5545497.49221108853817, 215.399993896484375 ], [ 366104.650365585461259, 5545503.050598370842636, 215.0 ], [ 366104.750426980433986, 5545504.409460755996406, 215.0 ], [ 366104.715038454742171, 5545505.874282221309841, 215.0 ], [ 366101.069543238147162, 5545516.157134477049112, 216.399993896484375 ], [ 366100.387145111977588, 5545518.160319527611136, 216.600006103515625 ], [ 366099.517624732630793, 5545520.364001664333045, 216.800003051757812 ], [ 366092.559542973467615, 5545539.354880423285067, 220.0 ], [ 366092.928011471405625, 5545543.280567212030292, 220.0 ], [ 366091.653577211836819, 5545546.818456578068435, 219.800003051757812 ], [ 366089.573131435492542, 5545561.33273230586201, 218.600006103515625 ], [ 366084.724582762864884, 5545576.802128188312054, 217.0 ], [ 366073.338324311189353, 5545593.749954305589199, 214.199996948242188 ], [ 366073.476636365579907, 5545593.998251165263355, 214.0 ], [ 366074.373681323952042, 5545595.532972790300846, 213.0 ], [ 366073.247888410347514, 5545599.01119982637465, 212.0 ], [ 366073.097706181462854, 5545599.248070786707103, 212.0 ], [ 366073.061637299484573, 5545599.006538528949022, 212.199996948242188 ], [ 366072.745772092719562, 5545599.340802028775215, 212.199996948242188 ], [ 366072.433406565571204, 5545599.814844455569983, 212.0 ], [ 366061.742053615860641, 5545599.429823665879667, 215.199996948242188 ], [ 366055.619402729382273, 5545598.781230461783707, 217.399993896484375 ], [ 366048.420279802230652, 5545598.784337759949267, 218.800003051757812 ], [ 366035.246082950616255, 5545598.517490892671049, 222.199996948242188 ], [ 366027.953910303418525, 5545596.723339420743287, 223.600006103515625 ], [ 366010.188450251123868, 5545589.587540035136044, 226.600006103515625 ], [ 366001.069111013493966, 5545587.960410140454769, 226.199996948242188 ], [ 365981.349231503903866, 5545581.666240148246288, 225.399993896484375 ], [ 365973.320413924288005, 5545577.79261773545295, 225.0 ], [ 365968.129730161628686, 5545573.363022143952549, 224.399993896484375 ], [ 365950.864830905338749, 5545562.727529148571193, 221.800003051757812 ], [ 365932.382918073155452, 5545554.565595159307122, 218.399993896484375 ], [ 365927.117780781118199, 5545552.198605448938906, 217.0 ], [ 365923.97539138502907, 5545552.594397550448775, 216.399993896484375 ], [ 365920.810167709714733, 5545553.037386082112789, 215.600006103515625 ], [ 365900.44736477866536, 5545558.471125101670623, 211.800003051757812 ], [ 365881.024890492320992, 5545564.767189532518387, 211.399993896484375 ], [ 365864.067251667613164, 5545569.26717071980238, 214.199996948242188 ], [ 365845.183170720119961, 5545578.114092299714684, 217.399993896484375 ], [ 365834.425441625528038, 5545585.619674065150321, 218.0 ], [ 365833.271137847099453, 5545586.758235516957939, 217.800003051757812 ], [ 365822.891898380126804, 5545604.324758666567504, 217.600006103515625 ], [ 365814.936091541312635, 5545623.471616358496249, 216.399993896484375 ], [ 365800.747665588627569, 5545637.823563724756241, 215.399993896484375 ], [ 365798.483827108168043, 5545638.533071397803724, 215.399993896484375 ], [ 365779.320945348008536, 5545644.869632439687848, 214.0 ], [ 365759.194460019469261, 5545643.910746140405536, 212.399993896484375 ], [ 365751.433256135787815, 5545641.373459213413298, 212.199996948242188 ], [ 365731.528578572440892, 5545637.770286894403398, 212.399993896484375 ], [ 365712.94621329108486, 5545631.83084921259433, 213.600006103515625 ], [ 365693.433965113246813, 5545622.576663792133331, 214.600006103515625 ], [ 365676.893283155979589, 5545611.149922404438257, 212.199996948242188 ], [ 365657.456992185383569, 5545606.360374297015369, 207.600006103515625 ], [ 365637.46726973017212, 5545601.0533018540591, 204.399993896484375 ], [ 365618.301252540783025, 5545591.967848510481417, 201.399993896484375 ], [ 365600.326244522235356, 5545582.731318702921271, 198.800003051757812 ], [ 365595.540265730232932, 5545578.888669077306986, 197.399993896484375 ], [ 365593.895196036202833, 5545577.699173168279231, 197.0 ], [ 365586.236666153767146, 5545576.865916796959937, 197.800003051757812 ], [ 365581.830142217979301, 5545575.69919165968895, 198.199996948242188 ], [ 365578.952689061989076, 5545574.689859744161367, 198.399993896484375 ], [ 365558.853989584371448, 5545569.83338578324765, 199.800003051757812 ], [ 365538.240705712290946, 5545567.199820909649134, 202.199996948242188 ], [ 365517.415465094614774, 5545563.779082762077451, 203.0 ], [ 365511.920117041910999, 5545563.48831495642662, 203.0 ], [ 365492.358937438111752, 5545557.089357953518629, 202.800003051757812 ], [ 365476.591078660916537, 5545553.737424186430871, 201.600006103515625 ], [ 365456.926441480347421, 5545549.196766588836908, 200.600006103515625 ], [ 365438.044615302351303, 5545541.643329625017941, 198.800003051757812 ], [ 365418.990361016825773, 5545535.353100209496915, 198.800003051757812 ], [ 365416.363980883092154, 5545532.631156530231237, 198.399993896484375 ], [ 365407.163361061247997, 5545531.128289317712188, 199.199996948242188 ], [ 365389.548672170552891, 5545529.314991803839803, 202.0 ], [ 365369.18262178770965, 5545524.587161255069077, 206.0 ], [ 365367.331697667832486, 5545524.764288053847849, 206.199996948242188 ], [ 365365.515645080013201, 5545524.418366604484618, 206.399993896484375 ], [ 365365.413496352615766, 5545524.654049688018858, 206.399993896484375 ], [ 365365.713627156743314, 5545524.88893249630928, 206.399993896484375 ], [ 365360.514396634651348, 5545517.280467747710645, 206.199996948242188 ], [ 365356.080891811172478, 5545515.284724024124444, 206.600006103515625 ], [ 365354.148222659889143, 5545513.645637849345803, 206.600006103515625 ], [ 365348.667365713045001, 5545509.401087640784681, 207.399993896484375 ], [ 365347.432239147718064, 5545508.518378022126853, 207.600006103515625 ], [ 365342.23084592516534, 5545505.357764465734363, 208.399993896484375 ], [ 365334.798632027814165, 5545501.83371205162257, 209.800003051757812 ], [ 365331.460774935199879, 5545501.143807892687619, 210.399993896484375 ], [ 365320.951036099111661, 5545495.823028290644288, 211.600006103515625 ], [ 365319.657166928285733, 5545495.230862869881094, 211.800003051757812 ], [ 365318.350222246721387, 5545494.834841225296259, 212.0 ], [ 365316.082396962447092, 5545493.717053201049566, 212.199996948242188 ], [ 365315.351618974877056, 5545493.548962602391839, 212.399993896484375 ], [ 365314.47058862115955, 5545493.375330627895892, 212.600006103515625 ], [ 365311.431826967746019, 5545490.971526463516057, 212.800003051757812 ], [ 365309.625050518545322, 5545489.086848966777325, 213.0 ], [ 365308.778486878611147, 5545487.420431694015861, 212.800003051757812 ], [ 365308.195919039775617, 5545486.222916395403445, 212.600006103515625 ], [ 365301.298169645131566, 5545476.503314284607768, 212.399993896484375 ], [ 365296.142313389107585, 5545470.861282072030008, 212.800003051757812 ], [ 365291.849211537162773, 5545465.859567505307496, 212.600006103515625 ], [ 365283.065699194790795, 5545458.751708964817226, 214.0 ], [ 365274.894507798599079, 5545451.162218100391328, 214.800003051757812 ], [ 365267.052529976237565, 5545443.294036880135536, 216.399993896484375 ], [ 365257.8404863771284, 5545424.420175841078162, 212.800003051757812 ], [ 365245.631950063281693, 5545407.924958907999098, 211.199996948242188 ], [ 365231.165757534559816, 5545395.011301378719509, 212.0 ], [ 365220.030721240793355, 5545387.048979450948536, 213.399993896484375 ], [ 365219.109335421992, 5545386.466101279482245, 213.399993896484375 ], [ 365218.412694029335398, 5545385.747017921879888, 213.399993896484375 ], [ 365217.445441982592456, 5545384.773666825145483, 213.399993896484375 ], [ 365216.346406053402461, 5545383.812960709445179, 213.399993896484375 ], [ 365214.089029032271355, 5545381.921016823500395, 213.600006103515625 ], [ 365213.001993593352381, 5545380.960008988156915, 213.600006103515625 ], [ 365211.81435228465125, 5545380.057483197189867, 213.600006103515625 ], [ 365204.131330143660307, 5545375.169220257550478, 214.399993896484375 ], [ 365198.96397884353064, 5545373.844805375672877, 216.0 ], [ 365194.858304865891114, 5545372.47499290574342, 217.199996948242188 ], [ 365189.740909995802213, 5545369.797275830991566, 218.0 ], [ 365187.730076385429129, 5545369.111314131878316, 218.399993896484375 ], [ 365186.653236261103302, 5545368.793444714508951, 218.800003051757812 ], [ 365170.870570817554835, 5545361.312000630423427, 220.199996948242188 ], [ 365154.265730100974906, 5545349.086506399326026, 220.600006103515625 ], [ 365151.931953823077492, 5545344.641600250266492, 219.399993896484375 ], [ 365138.650743058358785, 5545331.110864013433456, 219.199996948242188 ], [ 365128.034029706381261, 5545322.044689572416246, 220.0 ], [ 365124.978494860464707, 5545319.697354049421847, 220.600006103515625 ], [ 365120.514642847061623, 5545316.9845737721771, 221.800003051757812 ], [ 365104.227002481464297, 5545304.965690949000418, 224.800003051757812 ], [ 365086.655617149081081, 5545294.666964114643633, 227.199996948242188 ], [ 365080.198253926238976, 5545291.48231780808419, 227.800003051757812 ], [ 365078.532233561505564, 5545291.375142918899655, 228.199996948242188 ], [ 365077.257935209432617, 5545290.847810947336257, 228.399993896484375 ], [ 365075.755475459620357, 5545290.559346263296902, 228.800003051757812 ], [ 365072.87731133075431, 5545289.056095296517015, 229.0 ], [ 365069.786182265379466, 5545287.203886010684073, 229.0 ], [ 365069.112556433479767, 5545286.92249199654907, 229.0 ], [ 365067.311253129621036, 5545285.737090108916163, 229.199996948242188 ], [ 365064.025629293639213, 5545283.554107428528368, 230.0 ], [ 365046.217337848735042, 5545277.914411183446646, 240.600006103515625 ], [ 365045.692447095061652, 5545277.340208316221833, 240.399993896484375 ], [ 365040.897747524548322, 5545275.083413707092404, 240.600006103515625 ], [ 365039.23200643027667, 5545273.083368952386081, 239.600006103515625 ], [ 365038.678173838416114, 5545272.314082219265401, 239.199996948242188 ], [ 365036.990295475698076, 5545270.864742451347411, 238.800003051757812 ], [ 365035.123921507620253, 5545269.242740667425096, 238.199996948242188 ], [ 365033.471230282448232, 5545267.522103532217443, 237.600006103515625 ], [ 365017.384825426735915, 5545259.685098130255938, 241.199996948242188 ], [ 365004.605948863551021, 5545252.995511948131025, 247.199996948242188 ], [ 365001.597142322920263, 5545251.07599135953933, 248.399993896484375 ], [ 364993.064080031472258, 5545245.594048701226711, 251.0 ], [ 364991.139555211702827, 5545244.048124928958714, 251.399993896484375 ], [ 364983.080444056191482, 5545237.836249356158078, 252.800003051757812 ], [ 364966.840740574174561, 5545224.884101515635848, 254.800003051757812 ], [ 364964.258097542682663, 5545222.720731370151043, 254.800003051757812 ], [ 364962.086598014924675, 5545219.241552954539657, 254.399993896484375 ], [ 364961.200340534327552, 5545218.387419362552464, 254.399993896484375 ], [ 364960.449633560841903, 5545217.669732049107552, 254.399993896484375 ], [ 364955.521649989881553, 5545214.894201928749681, 254.600006103515625 ], [ 364952.608804725809023, 5545214.398935313336551, 255.0 ], [ 364949.677700315834954, 5545215.797007138840854, 255.600006103515625 ], [ 364953.260898531530984, 5545215.967641459777951, 255.199996948242188 ], [ 364955.990309767774306, 5545215.619008171372116, 254.600006103515625 ], [ 364958.831917858333327, 5545210.437447332777083, 253.0 ], [ 364958.517185584409162, 5545208.198184569366276, 252.600006103515625 ], [ 364957.326210121274926, 5545203.836402451619506, 251.800003051757812 ], [ 364956.336348297831137, 5545197.688562305644155, 250.199996948242188 ], [ 364952.166166516952217, 5545180.92578774318099, 245.0 ], [ 364949.742478668224066, 5545177.686092291027308, 244.199996948242188 ], [ 364948.086679762403946, 5545175.368789099156857, 243.600006103515625 ], [ 364945.94879647140624, 5545172.746622717007995, 243.199996948242188 ], [ 364943.471566941705532, 5545169.051380359567702, 242.199996948242188 ], [ 364932.689486965769902, 5545157.742534847930074, 239.199996948242188 ], [ 364916.611445344286039, 5545146.68864485155791, 238.0 ], [ 364899.713183428277262, 5545135.97254644241184, 238.199996948242188 ], [ 364885.312499987136107, 5545126.666695128194988, 238.800003051757812 ], [ 364885.624087950913236, 5545126.640176946297288, 238.800003051757812 ], [ 364885.400634068180807, 5545126.114322890527546, 238.800003051757812 ], [ 364885.890137996757403, 5545126.950491392053664, 239.0 ], [ 364882.791789626702666, 5545124.818830613046885, 238.399993896484375 ], [ 364880.322029256669339, 5545123.799562327563763, 238.199996948242188 ], [ 364863.451272735721432, 5545112.989632683806121, 236.800003051757812 ], [ 364847.282599378551822, 5545104.539769493974745, 238.399993896484375 ], [ 364845.196660949324723, 5545103.501496157608926, 238.800003051757812 ], [ 364836.542388206813484, 5545101.556841916404665, 241.0 ], [ 364822.101955109799746, 5545091.636738347820938, 242.199996948242188 ], [ 364816.309843708528206, 5545088.416936444118619, 242.199996948242188 ], [ 364797.021330464282073, 5545079.13224745169282, 244.0 ], [ 364787.368202299927361, 5545076.634792223572731, 246.0 ], [ 364779.873137252987362, 5545073.989564822055399, 247.800003051757812 ], [ 364773.925578508002218, 5545066.997304028831422, 248.0 ], [ 364770.096632276428863, 5545063.998341726139188, 248.600006103515625 ], [ 364767.915114209929015, 5545062.981162156909704, 249.199996948242188 ], [ 364750.531137821497396, 5545052.790637759491801, 250.199996948242188 ], [ 364735.822706702281721, 5545038.457705076783895, 248.0 ], [ 364732.115208558738232, 5545028.863258415833116, 245.199996948242188 ], [ 364727.429480754304677, 5545018.817996251396835, 242.600006103515625 ], [ 364723.897544860956259, 5545009.993051162920892, 241.0 ], [ 364716.725907065090723, 5544990.219899918884039, 238.800003051757812 ], [ 364717.027565423748456, 5544968.66329379286617, 233.600006103515625 ], [ 364720.213682681554928, 5544948.609600640833378, 226.800003051757812 ], [ 364720.451880028354935, 5544945.442564062774181, 226.199996948242188 ], [ 364720.922439923044294, 5544940.777728462591767, 225.199996948242188 ], [ 364722.508517407812178, 5544935.105613151565194, 223.199996948242188 ], [ 364725.781927780713886, 5544925.390616182237864, 220.600006103515625 ], [ 364727.629421546531375, 5544904.16791258752346, 218.399993896484375 ], [ 364726.126155881676823, 5544883.188443486578763, 220.199996948242188 ], [ 364729.111270518100355, 5544876.55783256329596, 219.800003051757812 ], [ 364729.803230848163366, 5544873.286079843528569, 219.800003051757812 ], [ 364735.83038890484022, 5544853.011385388672352, 220.399993896484375 ], [ 364736.282523589092307, 5544849.279470819048584, 221.0 ], [ 364737.257034377544187, 5544831.528918772004545, 223.600006103515625 ], [ 364740.434354908997193, 5544824.660344541072845, 223.0 ], [ 364746.169722906081006, 5544812.318886330351233, 221.399993896484375 ], [ 364746.017708091414534, 5544792.051221493631601, 221.800003051757812 ], [ 364742.412992130266502, 5544779.638162019662559, 222.199996948242188 ], [ 364732.646320995409042, 5544761.981981648132205, 221.199996948242188 ], [ 364725.72710741579067, 5544742.463519330136478, 215.399993896484375 ], [ 364724.957749343593605, 5544733.885761729441583, 212.399993896484375 ], [ 364725.087132717249915, 5544731.402168120257556, 211.399993896484375 ], [ 364722.056274651375134, 5544710.573218498378992, 205.0 ], [ 364716.910373366437852, 5544699.4392991065979, 205.0 ], [ 364715.599615953862667, 5544697.476991702802479, 205.199996948242188 ], [ 364715.410625550779514, 5544693.089920602738857, 204.199996948242188 ], [ 364714.617890322464518, 5544691.189112273976207, 204.0 ], [ 364714.768425363407005, 5544687.641988267190754, 203.0 ], [ 364714.389279800816439, 5544683.809871724806726, 202.199996948242188 ], [ 364713.595278865133878, 5544683.04668706189841, 202.199996948242188 ], [ 364710.630456475308165, 5544678.133030266501009, 202.800003051757812 ], [ 364699.596238254918717, 5544660.947202078066766, 205.199996948242188 ], [ 364690.47375429153908, 5544642.892492762766778, 207.800003051757812 ], [ 364680.088735517929308, 5544624.785804718732834, 212.399993896484375 ], [ 364679.690914945211262, 5544604.543002775870264, 209.800003051757812 ], [ 364677.32657104358077, 5544600.341489044949412, 210.800003051757812 ], [ 364677.544928790419362, 5544580.241621685214341, 205.800003051757812 ], [ 364675.82224037242122, 5544559.855160266160965, 202.0 ], [ 364675.598327040788718, 5544538.889973880723119, 200.199996948242188 ], [ 364681.840050713159144, 5544518.777653124183416, 197.800003051757812 ], [ 364679.843262946465984, 5544501.326023325324059, 199.600006103515625 ], [ 364671.011693387641571, 5544481.725435059517622, 200.800003051757812 ], [ 364662.33707092620898, 5544462.633738514967263, 201.0 ], [ 364659.669049051473849, 5544441.441308709792793, 198.399993896484375 ], [ 364663.450189335155301, 5544421.633642232976854, 194.0 ], [ 364661.370698170503601, 5544403.764506391249597, 192.199996948242188 ], [ 364661.298282344127074, 5544402.563474749214947, 192.199996948242188 ], [ 364660.290839187102392, 5544382.914216580800712, 192.800003051757812 ], [ 364660.607892038999125, 5544379.540046277455986, 192.600006103515625 ], [ 364662.840425244532526, 5544358.578010848723352, 193.399993896484375 ], [ 364670.676662908226717, 5544338.574557319283485, 190.600006103515625 ], [ 364675.759691374609247, 5544319.181562032550573, 189.600006103515625 ], [ 364680.494655049871653, 5544300.272925557568669, 188.600006103515625 ], [ 364681.641303087642882, 5544296.691289819777012, 188.0 ], [ 364677.601932571677025, 5544276.605852864682674, 190.800003051757812 ], [ 364673.001637678476982, 5544256.665146050974727, 192.0 ], [ 364668.770603837328963, 5544236.127659846097231, 191.399993896484375 ], [ 364668.138189375400543, 5544233.681980090215802, 191.399993896484375 ], [ 364667.941253910190426, 5544224.231900134123862, 189.800003051757812 ], [ 364665.47421190229943, 5544206.950686789117754, 187.800003051757812 ], [ 364661.896889859694056, 5544186.378024484962225, 185.199996948242188 ], [ 364659.307951528578997, 5544174.965017143636942, 184.600006103515625 ], [ 364654.683701316243969, 5544164.769048795104027, 185.0 ], [ 364651.743556548550259, 5544157.281223656609654, 185.199996948242188 ], [ 364650.848824976594187, 5544152.063473724760115, 184.199996948242188 ], [ 364646.305894656281453, 5544131.785651933401823, 181.199996948242188 ], [ 364641.700584722508211, 5544119.491197529248893, 180.399993896484375 ], [ 364632.070430195890367, 5544101.113714467734098, 181.399993896484375 ], [ 364629.653212353587151, 5544085.808051403611898, 179.800003051757812 ], [ 364628.501990623539314, 5544073.538132543675601, 178.399993896484375 ], [ 364624.587429524282925, 5544067.18458479642868, 179.399993896484375 ], [ 364623.084659949643537, 5544065.236475624144077, 179.800003051757812 ], [ 364618.562799335923046, 5544059.094108640216291, 181.600006103515625 ], [ 364618.187744919094257, 5544053.527534490451217, 182.0 ], [ 364614.949627878842875, 5544033.552409982308745, 183.600006103515625 ], [ 364610.117502303328365, 5544018.233247525990009, 184.0 ], [ 364601.807606411981396, 5543999.822410760447383, 185.199996948242188 ], [ 364601.708720630966127, 5543999.237467823550105, 185.199996948242188 ], [ 364601.243397377431393, 5543997.225819596089423, 185.0 ], [ 364600.439687990117818, 5543991.809958647936583, 184.600006103515625 ], [ 364599.812280229991302, 5543989.326860694214702, 184.600006103515625 ], [ 364591.000081336824223, 5543970.294678743928671, 185.399993896484375 ], [ 364583.474234747409355, 5543976.704547400586307, 189.199996948242188 ], [ 364582.363191353855655, 5543982.168854004703462, 190.199996948242188 ], [ 364581.907235975610092, 5543984.800580717623234, 190.600006103515625 ], [ 364581.664518426347058, 5543986.83946730569005, 190.800003051757812 ], [ 364581.562174091348425, 5543988.016946326009929, 191.0 ], [ 364581.480646297161002, 5543988.830242382362485, 191.0 ], [ 364581.540946492052171, 5543989.789142129942775, 191.0 ], [ 364580.764892149134539, 5544001.371182686649263, 192.199996948242188 ], [ 364580.285174728254788, 5544009.710117099806666, 193.199996948242188 ], [ 364577.544822169584222, 5544013.210880382917821, 194.399993896484375 ], [ 364576.156745855230838, 5544016.034035384654999, 195.199996948242188 ], [ 364575.457252092543058, 5544017.823394170962274, 195.600006103515625 ], [ 364575.820824222231749, 5544018.187175173312426, 195.600006103515625 ], [ 364575.776921212323941, 5544018.113689929246902, 195.600006103515625 ], [ 364576.199487204663455, 5544019.147343640215695, 195.600006103515625 ], [ 364576.162828012253158, 5544020.546949310228229, 195.800003051757812 ], [ 364576.207909976423252, 5544020.667027325369418, 195.800003051757812 ], [ 364576.354089124535676, 5544020.747249112464488, 195.800003051757812 ], [ 364576.427532389527187, 5544020.801337840035558, 195.800003051757812 ], [ 364578.750297922990285, 5544022.635441079735756, 195.399993896484375 ], [ 364578.323786117951386, 5544022.870021785609424, 195.600006103515625 ], [ 364578.461584254866466, 5544022.381659963168204, 195.399993896484375 ], [ 364579.488118146080524, 5544022.598122725263238, 195.199996948242188 ], [ 364579.547091083368286, 5544022.792445438914001, 195.199996948242188 ], [ 364580.217854858376086, 5544023.428189379163086, 195.0 ], [ 364579.848409149155486, 5544023.306994245387614, 195.199996948242188 ], [ 364579.438961309206206, 5544023.503845008090138, 195.399993896484375 ], [ 364581.159519817156252, 5544023.376388819888234, 194.800003051757812 ], [ 364581.165286401635967, 5544023.366918387822807, 194.800003051757812 ], [ 364581.540842156973667, 5544023.254846009425819, 194.600006103515625 ], [ 364580.97826973546762, 5544023.334352388046682, 194.800003051757812 ], [ 364579.29276172327809, 5544022.948073131032288, 195.199996948242188 ], [ 364577.141492369933985, 5544021.482610987499356, 195.600006103515625 ], [ 364578.827534395095427, 5544023.314176709391177, 195.399993896484375 ], [ 364582.926049795933068, 5544027.67691694945097, 194.600006103515625 ], [ 364584.573163902852684, 5544027.495373024605215, 194.0 ], [ 364584.557622447959147, 5544027.355898462235928, 194.0 ], [ 364585.004990682471544, 5544027.708235282450914, 194.0 ], [ 364585.716355089680292, 5544028.287005451507866, 193.800003051757812 ], [ 364585.484081283502746, 5544029.55169265344739, 194.0 ], [ 364585.858605693210848, 5544030.111012078821659, 194.0 ], [ 364584.599167454056442, 5544027.336198235861957, 194.0 ], [ 364584.495281215524301, 5544028.215331668965518, 194.199996948242188 ], [ 364584.435621295531746, 5544028.468603242188692, 194.199996948242188 ], [ 364584.304748159484006, 5544028.51853724848479, 194.399993896484375 ], [ 364584.275915241101757, 5544028.565889390185475, 194.399993896484375 ], [ 364583.27294084476307, 5544028.80573112424463, 194.800003051757812 ], [ 364583.279178993892856, 5544028.814897803589702, 194.800003051757812 ], [ 364583.453247589175589, 5544028.810493416152894, 194.600006103515625 ], [ 364583.92273898399435, 5544029.087674210779369, 194.600006103515625 ], [ 364584.139403498498723, 5544028.867728103883564, 194.399993896484375 ], [ 364584.084674863843247, 5544028.84113931376487, 194.399993896484375 ], [ 364584.775526274170261, 5544028.609195162542164, 194.199996948242188 ], [ 364586.236438916181214, 5544028.18992555886507, 193.600006103515625 ], [ 364587.337465437827632, 5544028.264637156389654, 193.199996948242188 ], [ 364587.98430630157236, 5544028.192323808558285, 193.0 ], [ 364587.618034164304845, 5544027.95915362611413, 193.0 ], [ 364587.260249958257191, 5544028.061451418325305, 193.199996948242188 ], [ 364586.670367633923888, 5544028.011104933917522, 193.399993896484375 ], [ 364586.728740852093324, 5544027.944356339983642, 193.399993896484375 ] ] ] } },
{ "type": "Feature", "properties": { "name": "Remerschen Baggerseen", "km": 3.108, "darstell": "finished" }, "geometry": { "type": "MultiLineString", "coordinates": [ [ [ 309003.978744486463256, 5486523.05642391834408, 146.399993896484375 ], [ 308998.57828288723249, 5486522.032935289666057, 146.199996948242188 ], [ 308990.749398494197521, 5486521.579620050266385, 145.800003051757812 ], [ 308981.116485207574442, 5486523.391049540601671, 145.600006103515625 ], [ 308973.597663592139725, 5486523.290704870596528, 145.600006103515625 ], [ 308967.9800226141233, 5486530.633172728121281, 145.199996948242188 ], [ 308958.335016619530506, 5486535.39286698307842, 144.399993896484375 ], [ 308984.566993703017943, 5486530.490384895354509, 145.399993896484375 ], [ 308985.753164793539327, 5486529.665230046026409, 145.399993896484375 ], [ 308986.043100371258333, 5486528.750208701007068, 145.399993896484375 ], [ 308987.570031324983574, 5486524.125753064639866, 145.600006103515625 ], [ 308987.682001338223927, 5486524.373698598705232, 145.600006103515625 ], [ 308987.68926124565769, 5486525.101065341383219, 145.600006103515625 ], [ 308987.301988936960697, 5486526.532563331536949, 145.399993896484375 ], [ 308986.985283209127374, 5486526.683587554842234, 145.399993896484375 ], [ 308987.170338449534029, 5486527.283454325050116, 145.399993896484375 ], [ 308986.559318166051526, 5486528.051142048090696, 145.399993896484375 ], [ 308990.520341406925581, 5486528.220192025415599, 145.399993896484375 ], [ 308990.875911554205231, 5486527.097644791007042, 145.600006103515625 ], [ 308983.131485878897365, 5486519.691666660830379, 145.600006103515625 ], [ 308981.712557480379473, 5486519.769371179863811, 145.600006103515625 ], [ 308977.045243570813909, 5486520.250084149651229, 145.600006103515625 ], [ 308969.748376493924297, 5486519.722185533493757, 145.600006103515625 ], [ 308966.13624612649437, 5486518.067024452611804, 145.800003051757812 ], [ 308965.131326098227873, 5486518.689933932386339, 145.800003051757812 ], [ 308964.329070720472373, 5486519.548282026313245, 145.800003051757812 ], [ 308964.594804855936673, 5486521.236752895638347, 145.600006103515625 ], [ 308965.296676095225848, 5486521.50133997015655, 145.600006103515625 ], [ 308966.084621100570075, 5486519.887886760756373, 145.600006103515625 ], [ 308965.448875819332898, 5486518.389623211696744, 145.800003051757812 ], [ 308964.594460581720341, 5486518.279637362807989, 145.800003051757812 ], [ 308960.88700787734706, 5486516.851703480817378, 145.800003051757812 ], [ 308960.49754165642662, 5486516.660125343129039, 145.800003051757812 ], [ 308961.270060229930095, 5486514.08637873083353, 145.800003051757812 ], [ 308951.39889435126679, 5486504.245610364712775, 145.600006103515625 ], [ 308944.577346502570435, 5486504.279451956041157, 144.800003051757812 ], [ 308942.621817724313587, 5486504.301344642415643, 144.600006103515625 ], [ 308940.425500103621744, 5486503.52009925339371, 144.399993896484375 ], [ 308940.425500103621744, 5486503.52009925339371, 144.399993896484375 ], [ 308935.810062011587434, 5486502.534457185305655, 144.0 ], [ 308930.790220708702691, 5486503.531302463263273, 144.199996948242188 ], [ 308927.710485144518316, 5486505.626212123781443, 144.0 ], [ 308922.859285108628683, 5486509.52764059882611, 143.399993896484375 ], [ 308922.121739095193334, 5486509.805361171253026, 143.399993896484375 ], [ 308921.849332468467765, 5486509.833566222339869, 143.399993896484375 ], [ 308922.634901780984364, 5486502.259289203211665, 144.0 ], [ 308906.034630864858627, 5486489.893229266628623, 144.399993896484375 ], [ 308902.652907161274925, 5486488.052790113724768, 144.600006103515625 ], [ 308893.561220941017382, 5486482.774408144876361, 145.0 ], [ 308877.969613702443894, 5486470.242468297481537, 144.199996948242188 ], [ 308861.841332922398578, 5486457.654757450334728, 144.600006103515625 ], [ 308852.855412731529213, 5486439.107619266025722, 144.600006103515625 ], [ 308848.419858488137834, 5486435.457120371982455, 144.399993896484375 ], [ 308845.006974286574405, 5486428.571093942970037, 144.199996948242188 ], [ 308844.436376704077702, 5486421.827946993522346, 144.0 ], [ 308844.454720067093149, 5486422.00454508792609, 144.0 ], [ 308844.898949194233865, 5486422.371436655521393, 144.0 ], [ 308844.952999157831073, 5486422.87327984161675, 144.0 ], [ 308844.091329835937358, 5486422.903493491001427, 144.0 ], [ 308843.341451306885574, 5486423.349569414742291, 144.0 ], [ 308845.089353643241338, 5486421.217356196604669, 144.0 ], [ 308845.132157004787587, 5486421.225183829665184, 144.0 ], [ 308843.972400330647361, 5486421.937500812113285, 144.0 ], [ 308844.001434028847143, 5486421.899168814532459, 144.0 ], [ 308844.018984925467521, 5486421.879896428436041, 144.0 ], [ 308844.220315700338688, 5486419.997810678556561, 144.0 ], [ 308844.39414273633156, 5486420.103657457046211, 144.0 ], [ 308844.687371544772759, 5486420.149346598424017, 144.0 ], [ 308844.872215623501688, 5486420.049580335617065, 144.0 ], [ 308845.163018537161406, 5486419.852813859470189, 144.0 ], [ 308845.232242094061803, 5486419.747773233801126, 144.0 ], [ 308849.445852734672371, 5486416.894767548888922, 144.0 ], [ 308849.649040201446041, 5486416.971599561162293, 144.0 ], [ 308845.335441584815271, 5486420.611704105511308, 144.0 ], [ 308843.866865263436921, 5486421.353506513871253, 144.0 ], [ 308843.158858258277178, 5486421.434303187765181, 144.0 ], [ 308843.029933897545561, 5486421.569422678090632, 144.0 ], [ 308842.715185466746334, 5486421.776357405818999, 144.0 ], [ 308842.36449433316011, 5486422.171122244559228, 144.0 ], [ 308842.780530866701156, 5486422.427060339599848, 144.0 ], [ 308842.837430589017458, 5486422.490364606492221, 144.0 ], [ 308843.226302896509878, 5486422.318144737742841, 144.0 ], [ 308845.367825920693576, 5486422.401638419367373, 144.0 ], [ 308845.033239716256503, 5486422.562626156955957, 144.0 ], [ 308844.078352659591474, 5486423.053204347379506, 144.0 ], [ 308845.293911570101045, 5486426.704663483425975, 144.199996948242188 ], [ 308845.776787073060405, 5486427.480653509497643, 144.199996948242188 ], [ 308846.851290639024228, 5486430.054954159073532, 144.199996948242188 ], [ 308848.531899480847642, 5486432.934499889612198, 144.399993896484375 ], [ 308849.285641100490466, 5486434.158088615164161, 144.399993896484375 ], [ 308849.285641100490466, 5486434.158088615164161, 144.399993896484375 ], [ 308849.929413458216004, 5486434.844480968080461, 144.399993896484375 ], [ 308850.815116559504531, 5486435.326492290943861, 144.399993896484375 ], [ 308851.65641612384934, 5486437.834342642687261, 144.600006103515625 ], [ 308851.961028876539785, 5486438.551284121349454, 144.600006103515625 ], [ 308852.452020616328809, 5486439.905356332659721, 144.600006103515625 ], [ 308852.716394480317831, 5486441.034162221476436, 144.600006103515625 ], [ 308852.537006750935689, 5486441.982629381120205, 144.600006103515625 ], [ 308852.854033090523444, 5486443.053618197329342, 144.600006103515625 ], [ 308852.603070734243374, 5486446.812469984404743, 144.800003051757812 ], [ 308851.728225033089984, 5486449.585720295086503, 145.0 ], [ 308848.9459169897018, 5486450.979937208816409, 145.0 ], [ 308845.354259225539863, 5486454.762642617337406, 145.0 ], [ 308844.554388958145864, 5486456.208619954064488, 145.0 ], [ 308841.941386361606419, 5486457.233093062415719, 145.0 ], [ 308838.537764673819765, 5486458.06140717677772, 145.0 ], [ 308818.395743910223246, 5486458.879677931778133, 144.800003051757812 ], [ 308798.20734067785088, 5486463.225820899009705, 144.800003051757812 ], [ 308787.604919417353813, 5486464.0734435133636, 145.0 ], [ 308766.806437130901031, 5486468.692973151803017, 145.800003051757812 ], [ 308745.581228590686806, 5486470.846173834986985, 147.0 ], [ 308725.946921861730516, 5486475.051880187354982, 147.600006103515625 ], [ 308714.642578868661076, 5486477.538105428218842, 147.600006103515625 ], [ 308693.463486003805883, 5486479.792507268488407, 148.399993896484375 ], [ 308672.953412250673864, 5486483.105619048699737, 148.800003051757812 ], [ 308657.493121388251893, 5486486.101636588573456, 149.600006103515625 ], [ 308641.179693236481398, 5486490.928048379719257, 150.0 ], [ 308639.947813980397768, 5486491.661599926650524, 150.0 ], [ 308633.084114427911118, 5486491.361482602544129, 150.0 ], [ 308612.849432425806299, 5486491.614733470603824, 151.0 ], [ 308592.503809709567577, 5486494.418639509938657, 150.0 ], [ 308571.995638445136137, 5486499.513817421160638, 150.0 ], [ 308552.044359753257595, 5486503.684650822542608, 150.0 ], [ 308531.361916518944781, 5486508.83274847920984, 150.0 ], [ 308510.551882985804696, 5486508.099109338596463, 150.0 ], [ 308501.854732420528308, 5486489.850177218206227, 150.199996948242188 ], [ 308494.828736442141235, 5486471.094781018793583, 150.800003051757812 ], [ 308485.269892682787031, 5486454.088848388753831, 150.600006103515625 ], [ 308479.724234880530275, 5486446.690250812098384, 150.399993896484375 ], [ 308472.285314336186275, 5486430.365472284145653, 149.800003051757812 ], [ 308465.312032220303081, 5486410.694057743996382, 149.199996948242188 ], [ 308456.752933225769084, 5486391.367551350966096, 148.600006103515625 ], [ 308447.757351000269409, 5486372.242962368763983, 148.0 ], [ 308437.154905921663158, 5486353.902472100220621, 148.600006103515625 ], [ 308429.020257190335542, 5486334.383843552321196, 148.800003051757812 ], [ 308419.37349640938919, 5486316.270997952669859, 149.399993896484375 ], [ 308411.28682487423066, 5486303.998972911387682, 149.800003051757812 ], [ 308401.500043993466534, 5486288.820232797414064, 150.199996948242188 ], [ 308400.676483763963915, 5486287.515195791609585, 150.199996948242188 ], [ 308399.855304411263205, 5486287.488084142096341, 150.199996948242188 ], [ 308406.450997265521437, 5486284.821541728451848, 150.0 ], [ 308425.497852463857271, 5486275.812508746981621, 149.199996948242188 ], [ 308443.360853638674598, 5486268.384348757565022, 149.0 ], [ 308444.662132337980438, 5486267.722944502718747, 149.0 ], [ 308464.59575009229593, 5486262.852749384939671, 148.600006103515625 ], [ 308484.104672792367637, 5486257.307237253524363, 148.199996948242188 ], [ 308503.646553562197369, 5486250.277404732070863, 148.0 ], [ 308522.533014128101058, 5486242.403112004511058, 148.0 ], [ 308541.097997259756085, 5486233.504712094552815, 148.0 ], [ 308559.065314040519297, 5486223.675857092253864, 147.600006103515625 ], [ 308577.744093522371259, 5486216.284812599420547, 146.399993896484375 ], [ 308595.277146310079843, 5486205.678408230654895, 144.800003051757812 ], [ 308614.183353335072752, 5486196.628364823758602, 144.399993896484375 ], [ 308633.261023167753592, 5486188.999633845873177, 144.0 ], [ 308652.511128924787045, 5486181.262307316996157, 144.0 ], [ 308671.96982129936805, 5486174.273340734653175, 144.800003051757812 ], [ 308690.692691479518544, 5486166.918469060212374, 145.399993896484375 ], [ 308710.099702764418907, 5486159.49301849026233, 144.800003051757812 ], [ 308729.850628355634399, 5486153.902617029845715, 143.0 ], [ 308746.649139004584868, 5486143.994150205515325, 143.0 ], [ 308755.453708163928241, 5486137.603125128895044, 143.0 ], [ 308764.797381496056914, 5486136.361190669238567, 143.399993896484375 ], [ 308782.225444923562463, 5486130.367381560616195, 143.399993896484375 ], [ 308800.736769421026111, 5486120.091179633513093, 143.800003051757812 ], [ 308820.437699607922696, 5486112.37597862817347, 144.0 ], [ 308839.650568488519639, 5486107.02874206751585, 143.800003051757812 ], [ 308855.485516449902207, 5486107.061262968927622, 144.0 ], [ 308858.799939553486183, 5486112.001102129928768, 144.0 ], [ 308867.954122245660983, 5486131.176707556471229, 144.0 ], [ 308874.180571886245161, 5486144.484730162657797, 144.0 ], [ 308874.365511385141872, 5486144.907357120886445, 144.0 ], [ 308881.145596100017428, 5486153.037328551523387, 143.600006103515625 ], [ 308880.886856819852255, 5486152.589302971959114, 143.600006103515625 ], [ 308878.869799010688439, 5486150.859613414853811, 143.800003051757812 ], [ 308879.239559813751839, 5486150.314928172156215, 143.800003051757812 ], [ 308879.618550324463286, 5486150.553511755540967, 143.800003051757812 ], [ 308879.503061298164539, 5486150.72547282744199, 143.800003051757812 ], [ 308879.163335887365974, 5486150.047074249014258, 143.800003051757812 ], [ 308878.665981727070175, 5486151.631693575531244, 143.600006103515625 ], [ 308878.068509272299707, 5486152.613471381366253, 143.600006103515625 ], [ 308878.045215521007776, 5486152.64227338321507, 143.600006103515625 ], [ 308877.957645143847913, 5486152.570715312846005, 143.600006103515625 ], [ 308877.438880112138577, 5486141.758534838445485, 144.0 ], [ 308879.554668970464263, 5486143.53140549454838, 144.0 ], [ 308879.667420179466717, 5486145.187922518700361, 144.0 ], [ 308879.608042577281594, 5486145.227317895740271, 144.0 ], [ 308879.540636946505401, 5486145.211023810319602, 144.0 ], [ 308879.509315122617409, 5486145.184136343188584, 144.0 ], [ 308879.561160607147031, 5486146.143152380362153, 143.800003051757812 ], [ 308878.500444507866632, 5486146.562803138978779, 143.800003051757812 ], [ 308877.866561043891124, 5486147.54585730470717, 143.800003051757812 ], [ 308879.17329905735096, 5486145.998164556920528, 143.800003051757812 ], [ 308879.715189074224327, 5486147.070600997656584, 143.800003051757812 ], [ 308879.735628072172403, 5486147.480337646789849, 143.800003051757812 ], [ 308879.767635315889493, 5486148.393406706862152, 143.800003051757812 ], [ 308878.163023266301025, 5486153.403079039417207, 143.600006103515625 ], [ 308877.824859901564196, 5486145.662966097705066, 143.800003051757812 ], [ 308875.429845544160344, 5486140.084535907953978, 144.0 ], [ 308876.009388264385052, 5486139.457868680357933, 144.0 ], [ 308876.680767360492609, 5486137.811177835799754, 144.0 ], [ 308876.163234532694332, 5486137.26028268225491, 144.0 ], [ 308875.958130081417039, 5486136.78239166457206, 144.0 ], [ 308875.567739851074293, 5486137.085259756073356, 144.0 ], [ 308874.071460682316683, 5486133.919386556372046, 144.0 ], [ 308873.214334392047022, 5486124.201171413064003, 143.800003051757812 ], [ 308872.504561667330563, 5486118.339781722985208, 143.800003051757812 ], [ 308880.065698076970875, 5486167.469029063358903, 143.199996948242188 ], [ 308874.354311460861936, 5486150.654093889519572, 143.800003051757812 ], [ 308873.294372583390214, 5486149.189365347847342, 143.800003051757812 ], [ 308877.767925535270479, 5486144.732113889418542, 144.0 ], [ 308877.613713064405601, 5486149.345789118669927, 143.800003051757812 ], [ 308879.177105709211901, 5486150.093233953230083, 143.800003051757812 ], [ 308882.301160555100068, 5486150.123649246059358, 143.800003051757812 ], [ 308884.125672496447805, 5486148.613778511062264, 143.800003051757812 ], [ 308885.817417915677652, 5486147.649614187888801, 143.800003051757812 ], [ 308887.521649273636285, 5486145.481638915836811, 143.800003051757812 ], [ 308887.523471992171835, 5486145.360304792411625, 143.800003051757812 ], [ 308887.762015331769362, 5486144.88551914319396, 144.0 ], [ 308879.773140054137912, 5486140.230793617665768, 144.0 ], [ 308879.366060909349471, 5486139.190945329144597, 144.0 ], [ 308878.271323995199054, 5486138.98678045719862, 144.0 ], [ 308878.104569852701388, 5486139.776218323037028, 144.0 ], [ 308877.462487891432829, 5486139.658799198456109, 144.0 ], [ 308877.226936938299332, 5486139.872282986529171, 144.0 ], [ 308876.331641073571518, 5486143.970885082148015, 144.0 ], [ 308876.001073338557035, 5486145.6336142513901, 143.800003051757812 ], [ 308876.001073338557035, 5486145.6336142513901, 143.800003051757812 ], [ 308877.272151900804602, 5486146.708474095910788, 143.800003051757812 ], [ 308877.359226025932003, 5486145.725931267254055, 143.800003051757812 ], [ 308876.901861916703638, 5486145.331511038355529, 144.0 ], [ 308876.014451041410211, 5486143.935361835174263, 144.0 ], [ 308874.972853939747438, 5486142.64723109267652, 144.0 ], [ 308873.580954976147041, 5486142.285571675747633, 144.0 ], [ 308873.475179166998714, 5486142.214651869609952, 144.0 ], [ 308873.475179166998714, 5486142.214651869609952, 144.0 ], [ 308873.290376804186963, 5486141.969261259771883, 144.0 ], [ 308873.290376804186963, 5486141.969261259771883, 144.0 ], [ 308873.24819141800981, 5486141.11251986771822, 144.0 ], [ 308873.182797462213784, 5486140.806972432881594, 144.0 ], [ 308873.074082084116526, 5486140.652199354954064, 144.0 ], [ 308872.844826776068658, 5486138.272144990973175, 144.0 ], [ 308871.262489892716985, 5486133.691360203549266, 144.0 ], [ 308870.645545423380099, 5486128.918148669414222, 144.0 ], [ 308868.579070795560256, 5486125.259199061430991, 144.0 ], [ 308867.717012159060687, 5486123.199840025044978, 144.0 ], [ 308858.74280884716427, 5486104.652261474169791, 144.0 ], [ 308855.266599671333097, 5486102.376711461693048, 144.0 ], [ 308855.239523835887667, 5486102.470945521257818, 144.0 ], [ 308855.824192627798766, 5486102.683659953996539, 144.0 ], [ 308856.204029568878468, 5486102.772956770844758, 144.0 ], [ 308856.282592777628452, 5486102.760873991064727, 144.0 ], [ 308856.412316703470424, 5486102.821625456213951, 144.0 ], [ 308855.928906576125883, 5486105.497190369293094, 144.0 ], [ 308854.336600299924612, 5486104.96532004699111, 144.0 ], [ 308851.04104105301667, 5486106.629387315362692, 144.0 ], [ 308853.610137258423492, 5486103.134421044029295, 144.0 ], [ 308855.465945596399251, 5486100.783880767412484, 144.0 ], [ 308857.57970807433594, 5486098.685495330020785, 144.0 ], [ 308860.774052782100625, 5486095.000700340606272, 144.0 ], [ 308861.677892178413458, 5486094.09213687852025, 144.0 ], [ 308865.426380517485086, 5486090.789042917080224, 143.800003051757812 ], [ 308871.90556599147385, 5486086.000282128341496, 143.800003051757812 ], [ 308873.566902901860885, 5486084.514786290004849, 143.800003051757812 ], [ 308875.39195242151618, 5486082.846311016008258, 144.0 ], [ 308877.922431804938242, 5486078.942258561961353, 144.0 ], [ 308881.661734310036991, 5486073.643204616382718, 144.199996948242188 ], [ 308882.20002873725025, 5486072.532903601415455, 144.199996948242188 ], [ 308882.735710669716354, 5486071.348066404461861, 144.199996948242188 ], [ 308886.11632946273312, 5486066.042932212352753, 144.399993896484375 ], [ 308887.622288722195663, 5486063.937879661098123, 144.600006103515625 ], [ 308888.662934596301056, 5486061.905108602717519, 144.600006103515625 ], [ 308890.582967477035709, 5486059.13254951313138, 144.600006103515625 ], [ 308893.539409706136212, 5486056.286350011825562, 144.800003051757812 ], [ 308894.412864808691666, 5486055.724011397920549, 144.800003051757812 ], [ 308910.709203227306716, 5486044.126577442511916, 145.199996948242188 ], [ 308919.817935541504994, 5486035.309104661457241, 145.399993896484375 ], [ 308923.663699617376551, 5486033.392589014954865, 145.399993896484375 ], [ 308923.244421390816569, 5486034.778568367473781, 145.399993896484375 ], [ 308927.667133911396377, 5486027.132810775190592, 145.600006103515625 ], [ 308928.478662018897012, 5486026.190180933102965, 145.600006103515625 ], [ 308929.299659123294987, 5486025.517745109274983, 145.800003051757812 ], [ 308930.266571399348322, 5486025.194677943363786, 145.800003051757812 ], [ 308931.547223583504092, 5486024.981886481866241, 145.800003051757812 ], [ 308941.316534527461044, 5486016.98086722381413, 146.0 ], [ 308946.447618859179784, 5486009.608816017396748, 146.600006103515625 ], [ 308946.968457858427428, 5486009.040185648947954, 146.600006103515625 ], [ 308951.265578386140987, 5485993.646892965771258, 147.0 ], [ 308949.427918714354746, 5485988.020917602814734, 147.0 ], [ 308948.108316877216566, 5485973.94385287258774, 146.600006103515625 ], [ 308946.803667456028052, 5485969.483917030505836, 146.399993896484375 ], [ 308946.405695172492415, 5485966.969846723601222, 146.399993896484375 ], [ 308941.237276595085859, 5485947.094740966334939, 146.0 ], [ 308938.696689465839881, 5485939.095982600934803, 145.600006103515625 ], [ 308936.654955439269543, 5485933.542460583150387, 145.399993896484375 ], [ 308935.5321201661136, 5485930.45676919259131, 145.199996948242188 ], [ 308935.395419641106855, 5485927.942872410640121, 145.199996948242188 ], [ 308932.993755504023284, 5485928.763981059193611, 145.199996948242188 ], [ 308932.055380944046192, 5485927.994615519419312, 145.199996948242188 ], [ 308930.97748433216475, 5485926.884985935874283, 145.0 ], [ 308930.20432551583508, 5485925.801991534419358, 145.0 ], [ 308929.373879702528939, 5485924.991530393250287, 145.0 ], [ 308928.822471457067877, 5485921.913801024667919, 145.0 ], [ 308928.560881391400471, 5485919.824061961844563, 144.800003051757812 ], [ 308926.869559196871705, 5485914.734015299007297, 144.600006103515625 ], [ 308925.327643981319852, 5485908.705886144191027, 144.399993896484375 ], [ 308920.366854503576178, 5485890.250774515792727, 144.0 ], [ 308908.521336500474717, 5485875.078027390874922, 144.0 ], [ 308895.738378489390016, 5485882.569034904241562, 144.0 ], [ 308891.235377253906336, 5485886.019812456332147, 144.199996948242188 ], [ 308878.899803244741634, 5485889.978346532210708, 145.399993896484375 ], [ 308865.86051284475252, 5485883.914808132685721, 146.0 ], [ 308860.402663385902997, 5485878.49971641227603, 146.0 ], [ 308846.331425038573798, 5485868.479808075353503, 146.399993896484375 ], [ 308837.113976868160535, 5485849.41837727278471, 147.199996948242188 ], [ 308824.682236602762714, 5485833.305512564256787, 146.199996948242188 ], [ 308811.669457534619141, 5485817.259687752462924, 143.0 ], [ 308796.498483790201135, 5485803.089965687133372, 143.0 ], [ 308785.66454721079208, 5485784.896868601441383, 143.0 ], [ 308770.15347036649473, 5485771.429445507004857, 143.0 ], [ 308752.128651779377833, 5485760.615561333484948, 143.0 ], [ 308735.13686293741921, 5485749.112503028474748, 143.0 ], [ 308718.914573999820277, 5485736.509723476134241, 143.0 ], [ 308706.120116965845227, 5485720.120635957457125, 143.0 ], [ 308690.753760591440368, 5485707.152078385464847, 143.0 ], [ 308673.524861896992661, 5485696.692976450547576, 143.0 ], [ 308660.489730675471947, 5485681.590431414544582, 143.399993896484375 ], [ 308655.619374666479416, 5485673.188445579260588, 144.199996948242188 ], [ 308649.71162400546018, 5485664.141886654309928, 145.199996948242188 ], [ 308642.702637059730478, 5485656.094813208095729, 146.0 ], [ 308636.470801306189969, 5485646.471944167278707, 146.399993896484375 ], [ 308632.990383105818182, 5485639.065988944843411, 146.600006103515625 ], [ 308621.368707910878584, 5485621.479182376526296, 147.199996948242188 ], [ 308612.472065095964354, 5485602.761290809139609, 148.0 ], [ 308608.425439731625374, 5485583.033617720007896, 148.800003051757812 ], [ 308614.53294245514553, 5485580.627063076011837, 149.0 ], [ 308624.567495014984161, 5485580.517431873828173, 149.399993896484375 ], [ 308644.570554736535996, 5485578.416186592541635, 148.399993896484375 ], [ 308665.811497926770244, 5485577.99735215306282, 148.199996948242188 ], [ 308686.530708252161276, 5485579.854399214498699, 148.399993896484375 ], [ 308707.348671706742607, 5485578.984141292981803, 146.800003051757812 ], [ 308727.662812899216078, 5485577.609239944256842, 145.199996948242188 ], [ 308744.840573596477043, 5485576.381729793734848, 144.800003051757812 ], [ 308749.069669344113208, 5485575.337870232760906, 145.0 ], [ 308750.296268990554381, 5485575.313507848419249, 145.0 ], [ 308751.657088869600557, 5485574.9579415069893, 145.0 ], [ 308772.872445361223072, 5485574.503107718192041, 144.399993896484375 ], [ 308792.189660087111406, 5485576.409718805924058, 144.199996948242188 ], [ 308812.419000185152981, 5485580.588551388122141, 143.800003051757812 ], [ 308824.18518876779126, 5485579.261843875981867, 143.800003051757812 ], [ 308845.889657628373243, 5485577.680056935176253, 144.199996948242188 ], [ 308867.45615340344375, 5485575.28228747844696, 144.399993896484375 ], [ 308888.884098768001422, 5485574.65254055056721, 144.800003051757812 ], [ 308908.806134359911084, 5485576.827546779997647, 144.600006103515625 ], [ 308920.978857904963661, 5485573.229314675554633, 145.199996948242188 ], [ 308941.217728302406613, 5485576.643350551836193, 144.199996948242188 ], [ 308948.394821178517304, 5485578.919905248098075, 143.600006103515625 ], [ 308962.259904649108648, 5485580.439769755117595, 143.399993896484375 ], [ 308973.362645229673944, 5485580.815751003101468, 144.600006103515625 ], [ 308974.195919459860306, 5485579.797743775881827, 144.800003051757812 ], [ 308978.176223223214038, 5485579.630326068028808, 145.399993896484375 ], [ 308993.973779368039686, 5485579.767263190820813, 146.0 ], [ 309009.389370603021234, 5485578.714253133162856, 146.0 ], [ 309029.89316067751497, 5485579.805877337232232, 146.0 ], [ 309042.198017542250454, 5485578.591376079246402, 146.0 ], [ 309049.785278177005239, 5485579.221218577586114, 145.800003051757812 ], [ 309071.227600457146764, 5485579.524528139270842, 144.600006103515625 ], [ 309072.548038467182778, 5485579.403668000362813, 144.600006103515625 ], [ 309092.421411402698141, 5485579.845950288698077, 144.0 ], [ 309112.378028476494364, 5485581.451446341350675, 144.399993896484375 ], [ 309133.603668435593136, 5485581.641315114684403, 145.0 ], [ 309149.603111113421619, 5485584.075760120525956, 145.199996948242188 ], [ 309155.03859642741736, 5485584.165380397811532, 145.199996948242188 ], [ 309162.884890749352053, 5485585.252735012210906, 145.399993896484375 ], [ 309163.451339484599885, 5485584.943729701451957, 145.199996948242188 ], [ 309164.130869535496458, 5485585.087860631756485, 145.399993896484375 ], [ 309165.262684616202023, 5485583.397117560729384, 145.199996948242188 ], [ 309167.842758346989285, 5485579.855303127318621, 145.199996948242188 ], [ 309167.640346304979175, 5485579.106782976537943, 145.199996948242188 ], [ 309168.106179060763679, 5485578.35353418532759, 145.0 ], [ 309164.489541386370547, 5485584.571572700515389, 145.199996948242188 ], [ 309165.033692175522447, 5485583.451773578301072, 145.199996948242188 ], [ 309166.652103664935566, 5485580.559290017932653, 145.199996948242188 ], [ 309166.839213160215877, 5485580.002364019863307, 145.199996948242188 ], [ 309168.294215085101314, 5485577.302168503403664, 145.0 ], [ 309168.292258769390173, 5485577.246266325004399, 145.0 ], [ 309168.148306504474021, 5485576.952793902717531, 145.0 ], [ 309168.083051499095745, 5485576.8244793638587, 145.0 ], [ 309168.097345944086555, 5485576.71203784365207, 145.0 ], [ 309168.168870053370483, 5485576.672221070155501, 145.0 ], [ 309168.189885633066297, 5485576.578201221302152, 145.0 ], [ 309168.238111795217264, 5485576.567185089923441, 145.0 ], [ 309168.373712669825181, 5485576.795650695450604, 145.0 ], [ 309168.518843168974854, 5485576.949155289679766, 145.0 ], [ 309168.471046768885572, 5485578.014270107261837, 145.0 ], [ 309168.037367217475548, 5485579.512668860144913, 145.199996948242188 ], [ 309164.957698840647936, 5485582.148451367393136, 145.199996948242188 ], [ 309162.886227710754611, 5485581.297429341822863, 145.199996948242188 ], [ 309162.996143568132538, 5485580.444694583304226, 145.199996948242188 ], [ 309162.874110990087502, 5485580.430308397859335, 145.199996948242188 ], [ 309162.665555512649007, 5485580.027155694551766, 145.199996948242188 ], [ 309162.657603848725557, 5485579.626311022788286, 145.199996948242188 ], [ 309162.566768390941434, 5485579.461578004062176, 145.199996948242188 ], [ 309162.481475995038636, 5485579.455234492197633, 145.199996948242188 ], [ 309162.384623959020246, 5485579.813104716129601, 145.199996948242188 ], [ 309162.528650207212195, 5485579.761422107927501, 145.199996948242188 ], [ 309164.182949842535891, 5485577.026265355758369, 145.0 ], [ 309165.078800772782415, 5485575.017284784466028, 145.0 ], [ 309164.767163340409752, 5485578.787552327848971, 145.199996948242188 ], [ 309165.355806555366144, 5485578.24455953668803, 145.0 ], [ 309165.247942243877333, 5485577.94049581233412, 145.0 ], [ 309165.097468663472682, 5485577.460682870820165, 145.0 ], [ 309164.933278904412873, 5485577.457100405357778, 145.0 ] ] ] } },
{ "type": "Feature", "properties": { "name": "Von Wittlich nach Plein", "km": 17.577, "darstell": "finished" }, "geometry": { "type": "MultiLineString", "coordinates": [ [ [ 346828.370045684045181, 5542104.424017513170838, 206.895244565341443 ], [ 346828.329501272412017, 5542104.435824405401945, 207.800003051757812 ], [ 346828.370389746211004, 5542104.425525373779237, 206.889124499014827 ], [ 346828.370045684045181, 5542104.424017513170838, 206.895244565341443 ], [ 346828.357660170353483, 5542104.36973771918565, 206.0 ], [ 346828.357953148835804, 5542104.360782157629728, 206.0 ], [ 346828.371171519567724, 5542104.423689660616219, 206.895112474283735 ], [ 346828.370045684045181, 5542104.424017513170838, 206.895244565341443 ] ], [ [ 346828.479447482503019, 5542101.827756989747286, 198.129416262297667 ], [ 346828.381329461408313, 5542099.734088212251663, 198.0 ], [ 346829.101571757171769, 5542100.113452482968569, 198.143594186265716 ], [ 346828.500295023201033, 5542101.372044114395976, 198.399993896484375 ], [ 346828.479447482503019, 5542101.827756989747286, 198.129416262297667 ] ], [ [ 346828.526546671346296, 5542103.72274194099009, 205.275073789307839 ], [ 346828.524380928312894, 5542103.730394435115159, 204.30782037038739 ], [ 346828.51143537601456, 5542103.680786633864045, 203.112224504920619 ], [ 346828.509607136249542, 5542103.67378075607121, 200.950248147550838 ], [ 346828.547605784086045, 5542103.648331102915108, 203.147919988759725 ], [ 346828.526546671346296, 5542103.72274194099009, 205.275073789307839 ] ], [ [ 346828.566421870607883, 5542103.683639921247959, 200.733326210909894 ], [ 346828.564244895125739, 5542103.637187032960355, 198.820219521494494 ], [ 346828.568230233795475, 5542103.634517846629024, 201.687941760550558 ], [ 346828.566421870607883, 5542103.683639921247959, 200.733326210909894 ] ], [ [ 346828.572967639076523, 5542103.505831763148308, 202.109918623292856 ], [ 346828.570729629311245, 5542103.566624684259295, 205.091163273235424 ], [ 346828.562329102482181, 5542103.596307332627475, 202.218064922225778 ], [ 346828.547605784086045, 5542103.648331102915108, 203.147919988759725 ], [ 346828.564244895125739, 5542103.637187032960355, 198.820219521494494 ], [ 346828.562329102482181, 5542103.596307332627475, 202.218064922225778 ], [ 346828.557994125178084, 5542103.503806418739259, 199.247151709412435 ], [ 346828.551615981617942, 5542103.367707871831954, 201.838658290596811 ], [ 346828.574427951942198, 5542103.466164069250226, 204.700004577636719 ], [ 346828.572967639076523, 5542103.505831763148308, 202.109918623292856 ] ], [ [ 346828.598007981665432, 5542104.357632872648537, 202.790443120496604 ], [ 346828.590024666278623, 5542104.187282736413181, 202.124817544494675 ], [ 346828.627389586123172, 5542104.349076689220965, 207.065048085336286 ], [ 346828.598007981665432, 5542104.357632872648537, 202.790443120496604 ] ], [ [ 346828.681703512847889, 5542104.333259992301464, 204.610390823821945 ], [ 346828.627389586123172, 5542104.349076689220965, 207.065048085336286 ], [ 346828.629946403030772, 5542104.360147969797254, 207.020074978410719 ], [ 346828.685095194668975, 5542104.346257033757865, 204.550468919014804 ], [ 346828.681703512847889, 5542104.333259992301464, 204.610390823821945 ] ], [ [ 346828.640806742128916, 5542105.004406102001667, 203.610012298573736 ], [ 346828.632375167740975, 5542105.09096915088594, 202.78817306443392 ], [ 346828.626112582627684, 5542105.155264195986092, 206.06447343336859 ], [ 346828.635284779185895, 5542105.153055223636329, 201.088360774005764 ], [ 346828.670657332637347, 5542105.144536330364645, 201.916379250565569 ], [ 346828.640806742128916, 5542105.004406102001667, 203.610012298573736 ] ], [ [ 346828.646447366510984, 5542105.391245520673692, 202.804496667277874 ], [ 346828.74660711112665, 5542105.67508018668741, 202.781982301539244 ], [ 346828.658921474649105, 5542105.657421401701868, 197.800003051757812 ], [ 346828.646447366510984, 5542105.391245520673692, 202.804496667277874 ] ], [ [ 346828.699526457232423, 5542104.401558129116893, 204.523099778450955 ], [ 346828.685095194668975, 5542104.346257033757865, 204.550468919014804 ], [ 346828.705411439412273, 5542104.341139757074416, 207.600006103515625 ], [ 346828.699526457232423, 5542104.401558129116893, 204.523099778450955 ], [ 346828.69603302818723, 5542104.437423538416624, 204.509464669365485 ], [ 346828.708076590846758, 5542104.434322535060346, 201.399993896484375 ], [ 346828.699526457232423, 5542104.401558129116893, 204.523099778450955 ] ], [ [ 346829.016600271337666, 5542104.294935749843717, 206.0 ], [ 346829.146117479947861, 5542104.260747628286481, 206.134212342438332 ], [ 346829.151107699086424, 5542104.25829532649368, 206.803528052930488 ], [ 346829.150609635573346, 5542104.259561852551997, 207.021256831122969 ], [ 346829.147242819715757, 5542104.268123329617083, 203.647298413950267 ], [ 346829.146408330358099, 5542104.268712284043431, 203.0 ], [ 346828.959447402856313, 5542104.400663018226624, 201.672537711609181 ], [ 346828.97018352948362, 5542104.486958740279078, 203.869095354690216 ], [ 346828.845248210302088, 5542104.607591355219483, 204.0 ], [ 346828.828170135908294, 5542104.560175443068147, 203.901364025439022 ], [ 346828.836060701636598, 5542104.413116231560707, 204.806274304469525 ], [ 346828.910831904504448, 5542104.376372046768665, 202.714697037621761 ], [ 346828.947370266134385, 5542104.303588414564729, 201.669293206489243 ], [ 346828.95379844494164, 5542104.355257359333336, 204.800093512126125 ], [ 346828.959447402856313, 5542104.400663018226624, 201.672537711609181 ], [ 346828.865270092850551, 5542104.467130196280777, 199.600006103515625 ], [ 346828.910831904504448, 5542104.376372046768665, 202.714697037621761 ], [ 346828.95379844494164, 5542104.355257359333336, 204.800093512126125 ], [ 346829.11839359998703, 5542104.274371742270887, 206.152973856793665 ], [ 346829.016600271337666, 5542104.294935749843717, 206.399993896484375 ] ], [ [ 346829.101571757171769, 5542100.113452482968569, 198.143594186265716 ], [ 346829.82039188221097, 5542100.49206767231226, 198.099998474121094 ], [ 346829.847967463312671, 5542100.372931310907006, 198.199996948242188 ], [ 346829.566320051497314, 5542099.140641993843019, 198.199996948242188 ], [ 346829.101571757171769, 5542100.113452482968569, 198.143594186265716 ] ], [ [ 346829.116891748621128, 5542104.345303072594106, 205.864225396177801 ], [ 346829.052754614967853, 5542104.508397399447858, 207.800003051757812 ], [ 346829.119308863067999, 5542104.342969202436507, 205.848430360870765 ], [ 346829.116891748621128, 5542104.345303072594106, 205.864225396177801 ] ], [ [ 346829.254362939042039, 5542103.995727561414242, 207.501343853983201 ], [ 346829.215147496375721, 5542103.927722064778209, 202.557496508885691 ], [ 346829.282085020968225, 5542103.925233075395226, 202.606408346802624 ], [ 346829.254362939042039, 5542103.995727561414242, 207.501343853983201 ] ], [ [ 346829.339082762075122, 5542102.122103456407785, 198.399993896484375 ], [ 346829.227877863566391, 5542102.378189352340996, 199.173957144774533 ], [ 346828.984666054951958, 5542102.938264625146985, 201.935715313924106 ], [ 346828.944275247864425, 5542103.031277758069336, 202.862571789624894 ], [ 346828.897806092805695, 5542103.138288289308548, 202.204755038484052 ], [ 346828.897042448516004, 5542103.140046831220388, 199.393984749830764 ], [ 346828.896675813943148, 5542103.136585362255573, 203.211333064442897 ], [ 346828.882115217973478, 5542102.999115917831659, 203.899993896484375 ], [ 346828.852634027891327, 5542102.720778217539191, 203.0 ], [ 346828.760354902246036, 5542101.849552881903946, 200.399993896484375 ], [ 346829.227877863566391, 5542102.378189352340996, 199.399993896484375 ], [ 346829.665523371193558, 5542102.873042858205736, 199.930663694901682 ], [ 346829.669811528583523, 5542102.87789155356586, 199.123921179187278 ], [ 346829.666680831811391, 5542102.870737221091986, 198.654264238123289 ], [ 346829.339082762075122, 5542102.122103456407785, 197.800003051757812 ] ], [ [ 346829.347655319201294, 5542104.157510630786419, 206.720826682483079 ], [ 346829.33501894690562, 5542104.135597254149616, 203.51987808773282 ], [ 346829.331519261235371, 5542104.138067214749753, 201.800003051757812 ], [ 346829.28402758250013, 5542104.183923305943608, 205.0 ], [ 346829.264935462968424, 5542104.202357903122902, 204.977218186322034 ], [ 346829.349541101953946, 5542104.160780862905085, 206.712182538497814 ], [ 346829.402654664474539, 5542104.134679710492492, 206.0 ], [ 346829.347655319201294, 5542104.157510630786419, 206.720826682483079 ] ], [ [ 346829.339082762075122, 5542102.122103456407785, 198.399993896484375 ], [ 346829.679530703055207, 5542102.845140554010868, 198.929450058340137 ], [ 346829.723576848453376, 5542102.938684950582683, 199.399993896484375 ], [ 346829.975474562961608, 5542103.22351014520973, 203.199996948242188 ], [ 346829.903684745542705, 5542103.412343380972743, 201.940841053910447 ], [ 346829.886803126195446, 5542103.373765161260962, 198.139616898810345 ], [ 346829.669811528583523, 5542102.87789155356586, 199.123921179187278 ], [ 346829.723576848453376, 5542102.938684950582683, 199.399993896484375 ], [ 346829.889351672376506, 5542103.2907544830814, 198.399993896484375 ], [ 346829.886803126195446, 5542103.373765161260962, 198.139616898810345 ], [ 346829.884746955998708, 5542103.440738277509809, 198.0 ], [ 346829.884031613939442, 5542103.464038238860667, 202.199996948242188 ], [ 346829.804798018652946, 5542103.672451307065785, 203.23776663677836 ], [ 346829.741406121582258, 5542103.663876807317138, 200.341478006703966 ], [ 346829.553137469862122, 5542103.638411258347332, 199.05250957547085 ], [ 346829.469007326930296, 5542103.627031667158008, 203.057437120930672 ], [ 346829.416592331486754, 5542103.619941922836006, 203.260504042237073 ], [ 346829.402871164085809, 5542103.618085973896086, 203.966011829748709 ], [ 346829.396881326334551, 5542103.61727577727288, 203.061661577640962 ], [ 346829.298583198047709, 5542103.603979799896479, 200.029875423360579 ], [ 346829.317393466830254, 5542103.566510148346424, 202.760829748685666 ], [ 346829.279985066037625, 5542103.546360752545297, 205.800003051757812 ], [ 346829.287121587782167, 5542103.538875895552337, 206.5 ], [ 346829.325102944509126, 5542103.499040658585727, 205.600006103515625 ], [ 346829.296087883238215, 5542103.451246334239841, 202.900001525878906 ], [ 346829.343433090776671, 5542103.473852715454996, 203.799995422363281 ], [ 346829.298206050239969, 5542103.214402929879725, 207.299995422363281 ], [ 346829.522519973106682, 5542103.157902554608881, 203.343055457095204 ], [ 346829.590580701362342, 5542103.140759362839162, 207.199996948242188 ], [ 346829.46274602500489, 5542103.465830180794001, 206.4713085784839 ], [ 346829.441228184790816, 5542103.520547899417579, 203.783306798483466 ], [ 346829.404667258146219, 5542103.613518686033785, 206.703702258235268 ], [ 346829.389709298149683, 5542103.605461835861206, 205.800003051757812 ], [ 346829.317393466830254, 5542103.566510148346424, 202.760829748685666 ], [ 346829.320834858692251, 5542103.559654969722033, 203.460528524584561 ], [ 346829.339422666176688, 5542103.522628456354141, 202.55892412561164 ], [ 346829.348710519319866, 5542103.504127252846956, 203.458113295111332 ], [ 346829.344311901368201, 5542103.478894107043743, 206.5 ], [ 346829.347340013307985, 5542103.475718192756176, 202.900001525878906 ], [ 346829.380355415109079, 5542103.441091299988329, 202.555377591480635 ], [ 346829.522519973106682, 5542103.157902554608881, 203.343055457095204 ], [ 346829.665523371193558, 5542102.873042858205736, 199.930663694901682 ], [ 346829.666680831811391, 5542102.870737221091986, 198.654264238123289 ], [ 346829.679530703055207, 5542102.845140554010868, 198.929450058340137 ], [ 346830.01950252673123, 5542102.167923985049129, 199.399993896484375 ], [ 346830.388795607897919, 5542103.204361928626895, 202.572482434332358 ], [ 346830.07244713435648, 5542102.968437141738832, 206.0 ], [ 346829.975474562961608, 5542103.22351014520973, 203.199996948242188 ], [ 346830.274967420264147, 5542103.56215200945735, 202.166216575020826 ], [ 346829.984061431488954, 5542103.596021816134453, 200.937780026976782 ], [ 346829.903684745542705, 5542103.412343380972743, 201.940841053910447 ], [ 346829.889533336448949, 5542103.449566714465618, 201.800003051757812 ], [ 346829.884031613939442, 5542103.464038238860667, 202.199996948242188 ], [ 346829.879584866925143, 5542103.608876690268517, 201.199996948242188 ], [ 346829.812643620127346, 5542103.673512516543269, 202.237307115894112 ], [ 346829.799610246205702, 5542103.686097028665245, 205.0 ], [ 346829.738202656910289, 5542103.745389773510396, 202.099998474121094 ], [ 346829.706436757638585, 5542103.776061672717333, 205.0 ], [ 346829.538826934294775, 5542103.685781504027545, 201.800003051757812 ], [ 346829.469846088206396, 5542103.648626149632037, 205.800003051757812 ], [ 346829.416592331486754, 5542103.619941922836006, 203.260504042237073 ], [ 346829.404667258146219, 5542103.613518686033785, 206.703702258235268 ], [ 346829.402871164085809, 5542103.618085973896086, 203.966011829748709 ], [ 346829.400709793553688, 5542103.623582122847438, 206.50591281058496 ], [ 346829.396881326334551, 5542103.61727577727288, 203.061661577640962 ], [ 346829.389709298149683, 5542103.605461835861206, 205.800003051757812 ], [ 346829.356975918926764, 5542103.551542607136071, 206.5 ], [ 346829.348710519319866, 5542103.504127252846956, 203.458113295111332 ], [ 346829.359949693083763, 5542103.481739060021937, 199.857141025810279 ], [ 346829.380355415109079, 5542103.441091299988329, 202.555377591480635 ], [ 346829.458597747201566, 5542103.35902993939817, 205.600006103515625 ], [ 346829.46274602500489, 5542103.465830180794001, 206.4713085784839 ], [ 346829.465318113565445, 5542103.532050354406238, 202.900001525878906 ], [ 346829.57014775526477, 5542103.582104393281043, 198.900001525878906 ], [ 346829.741406121582258, 5542103.663876807317138, 200.341478006703966 ], [ 346829.786452072090469, 5542103.685385339893401, 200.199996948242188 ], [ 346829.738202656910289, 5542103.745389773510396, 202.099998474121094 ], [ 346829.711392891709693, 5542103.778731210157275, 203.099998474121094 ], [ 346829.588032924802974, 5542103.932145400904119, 202.900001525878906 ], [ 346829.548512994777411, 5542103.981293582357466, 200.199996948242188 ], [ 346829.507601130753756, 5542103.968049508519471, 202.107023865923395 ], [ 346829.484429471369367, 5542103.960548331029713, 202.911005958701423 ], [ 346829.365730409976095, 5542103.922122824937105, 198.950319538862573 ], [ 346829.468583670677617, 5542103.91829835344106, 197.600006103515625 ], [ 346829.478983436245471, 5542103.883873404935002, 201.600006103515625 ], [ 346829.481393016467337, 5542103.945909691043198, 205.600006103515625 ], [ 346829.484429471369367, 5542103.960548331029713, 202.911005958701423 ], [ 346829.489592296944465, 5542103.985438128001988, 204.800003051757812 ], [ 346829.33468217094196, 5542104.135013233870268, 205.71984967334447 ], [ 346829.331519261235371, 5542104.138067214749753, 201.800003051757812 ], [ 346829.241578240238596, 5542104.201544562354684, 202.800003051757812 ], [ 346829.163099736208096, 5542104.234121977351606, 206.814497946063284 ], [ 346829.181805863801856, 5542104.187625757418573, 207.600006103515625 ], [ 346829.178522643691394, 5542104.188581860624254, 207.630235526146009 ], [ 346829.043399507238064, 5542104.227930914610624, 206.867897504031447 ], [ 346829.16269082238432, 5542103.929672600701451, 202.13789395406684 ], [ 346829.184634490753524, 5542103.874807907268405, 207.03243615639883 ], [ 346829.176615774747916, 5542103.860902243293822, 203.871806400274295 ], [ 346829.170584789477289, 5542103.858949880115688, 199.938446051163879 ], [ 346829.172867661283817, 5542103.854402448050678, 203.481015296561282 ], [ 346829.102548369090073, 5542103.732458180747926, 206.502370704177224 ], [ 346829.140105518046767, 5542103.693067857995629, 206.184740696557071 ], [ 346829.092961432470474, 5542103.646490442566574, 207.076169724747217 ], [ 346829.010491751891095, 5542103.565012044273317, 203.645479716474483 ], [ 346828.941059506731108, 5542103.555620516650379, 200.488353191005729 ], [ 346828.728882081690244, 5542103.526921024546027, 200.262352639915662 ], [ 346828.583963427925482, 5542103.507319072261453, 203.209273068447487 ], [ 346828.607362451206427, 5542103.608308983966708, 202.805875408317888 ], [ 346828.728882081690244, 5542103.526921024546027, 200.262352639915662 ], [ 346828.873738895228598, 5542103.429902951233089, 203.364305863784978 ], [ 346828.673696139303502, 5542103.232264701277018, 206.600006103515625 ], [ 346828.582652886398137, 5542103.242743327282369, 205.100006103515625 ], [ 346828.575449188589118, 5542103.438423367217183, 205.100006103515625 ], [ 346828.577468641626183, 5542103.479287650436163, 206.200004577636719 ], [ 346828.57881952932803, 5542103.506623299792409, 203.609575875093242 ], [ 346828.580141277983785, 5542103.533369311131537, 206.600006103515625 ], [ 346828.570729629311245, 5542103.566624684259295, 205.091163273235424 ], [ 346828.568230233795475, 5542103.634517846629024, 201.687941760550558 ], [ 346828.607362451206427, 5542103.608308983966708, 202.805875408317888 ], [ 346828.685928795544896, 5542103.947400407865644, 201.844055371996376 ], [ 346828.861399097251706, 5542103.940875762142241, 200.811759353473803 ], [ 346828.873706900922116, 5542103.711490954272449, 203.800003051757812 ], [ 346828.902056781225838, 5542103.939363955520093, 200.795194292499843 ], [ 346828.902951988275163, 5542103.946559524163604, 204.690635949315322 ], [ 346828.941644199134316, 5542104.257562961429358, 205.70641843157992 ], [ 346828.84286357316887, 5542104.286328755319118, 205.739771712791537 ], [ 346828.769413206959143, 5542104.307718153111637, 206.748389435411013 ], [ 346828.798150115297176, 5542104.431746313348413, 205.800003051757812 ], [ 346828.836060701636598, 5542104.413116231560707, 204.806274304469525 ], [ 346828.84286357316887, 5542104.286328755319118, 205.739771712791537 ], [ 346828.856858798535541, 5542104.02549488376826, 204.700004577636719 ], [ 346828.861399097251706, 5542103.940875762142241, 200.811759353473803 ], [ 346828.902056781225838, 5542103.939363955520093, 200.795194292499843 ], [ 346828.907266865251586, 5542103.939170225523412, 201.703318731187977 ], [ 346828.91012776712887, 5542103.934270882979035, 205.600006103515625 ], [ 346829.026435912644956, 5542103.812285706400871, 202.989652685297415 ], [ 346828.966179069306236, 5542103.792779236100614, 200.399993896484375 ], [ 346828.941059506731108, 5542103.555620516650379, 200.488353191005729 ], [ 346828.934055528254248, 5542103.489494580775499, 203.547300607301281 ], [ 346828.924166367563885, 5542103.396129074506462, 200.251069176960925 ], [ 346829.024389585596509, 5542103.329004419967532, 203.101449741161218 ], [ 346828.985903442488052, 5542103.271019542589784, 206.606518666299166 ], [ 346829.016242123791017, 5542103.231793344020844, 207.199996948242188 ], [ 346829.171381470107008, 5542103.245826858095825, 206.400001525878906 ], [ 346829.085488677781541, 5542103.104342133738101, 206.5 ], [ 346828.984666054951958, 5542102.938264625146985, 202.0 ], [ 346828.852634027891327, 5542102.720778217539191, 203.0 ], [ 346828.498129657935351, 5542102.136829883791506, 205.600006103515625 ], [ 346828.493649216950871, 5542102.130797426216304, 201.759541497993581 ], [ 346828.479447482503019, 5542101.827756989747286, 198.129416262297667 ], [ 346828.467212594638113, 5542102.095203208737075, 201.944086322127362 ], [ 346828.460101659060456, 5542102.250643361359835, 200.827719029275102 ], [ 346828.504055554396473, 5542102.352850658819079, 200.685581017437812 ], [ 346828.594458015169948, 5542102.563066185452044, 203.600006103515625 ], [ 346828.607000852935016, 5542102.581359243020415, 203.600006103515625 ], [ 346828.602857588091865, 5542102.693906194530427, 204.827197554814944 ], [ 346828.513746950367931, 5542102.559648277238011, 201.984302643600728 ], [ 346828.450336142326705, 5542102.4641108289361, 202.150986448306014 ], [ 346828.304798181750812, 5542102.244837081991136, 205.915183253227895 ], [ 346828.338787355343811, 5542102.449142007157207, 205.800003051757812 ], [ 346828.432514973042998, 5542102.853669309988618, 201.985441228609545 ], [ 346828.412092079059221, 5542103.300099701620638, 200.331318299535468 ], [ 346828.407835327496286, 5542103.393149358220398, 201.078624914890497 ], [ 346828.403727663389873, 5542103.482940065674484, 199.356613386932452 ], [ 346828.391631616454106, 5542103.747351317666471, 202.216338373306485 ], [ 346828.394171514315531, 5542103.751093940809369, 203.008160638838007 ], [ 346828.509047119005118, 5542103.674155828543007, 201.887636094112736 ], [ 346828.442042406240944, 5542103.488122585229576, 202.349751942929146 ], [ 346828.403727663389873, 5542103.482940065674484, 199.356613386932452 ], [ 346828.19283233146416, 5542103.454413992352784, 203.532177238984133 ], [ 346828.391631616454106, 5542103.747351317666471, 202.216338373306485 ], [ 346828.391374710481614, 5542103.75296710524708, 198.822789072458136 ], [ 346828.389706999703776, 5542103.789422113448381, 202.000294376222485 ], [ 346828.388342798512895, 5542103.819242611527443, 198.808090009698731 ], [ 346828.382115275191609, 5542103.790008205920458, 202.78987094970239 ], [ 346828.376366061391309, 5542103.763019170612097, 199.600006103515625 ], [ 346828.391374710481614, 5542103.75296710524708, 198.822789072458136 ], [ 346828.394171514315531, 5542103.751093940809369, 203.008160638838007 ], [ 346828.418665392498951, 5542103.787186481058598, 206.172111872490802 ], [ 346828.481926548236515, 5542103.880403887480497, 206.407721141890192 ], [ 346828.531295224791393, 5542103.953150266781449, 202.172511728307711 ], [ 346828.538356862380169, 5542103.963555823080242, 206.399993896484375 ], [ 346828.553675280767493, 5542104.029886152595282, 205.0 ], [ 346828.540998558106367, 5542104.374234521761537, 205.675190202504098 ], [ 346828.508578497567214, 5542104.383675530552864, 203.649233306452913 ], [ 346828.371171519567724, 5542104.423689660616219, 206.895112474283735 ], [ 346828.37149856146425, 5542104.425246084108949, 206.888829535361481 ], [ 346828.385144481435418, 5542104.490188335068524, 206.0 ], [ 346828.370389746211004, 5542104.425525373779237, 206.889124499014827 ], [ 346828.37149856146425, 5542104.425246084108949, 206.888829535361481 ], [ 346828.510002341645304, 5542104.390359606593847, 203.6219070817871 ], [ 346828.508578497567214, 5542104.383675530552864, 203.649233306452913 ], [ 346828.435965729353484, 5542104.042803085409105, 202.951128473746451 ], [ 346828.367271332186647, 5542104.285529722459614, 206.199996948242188 ], [ 346828.360606671951246, 5542104.279671108350158, 206.078377184042523 ], [ 346828.336447275825776, 5542104.258433630689979, 206.0 ], [ 346828.357953148835804, 5542104.360782157629728, 206.0 ], [ 346828.360606671951246, 5542104.279671108350158, 206.078377184042523 ], [ 346828.376611944637261, 5542103.790433071553707, 205.994029941850101 ], [ 346828.376899092749227, 5542103.781655726954341, 206.0 ], [ 346828.365155803738162, 5542103.791317502968013, 206.0 ], [ 346828.376611944637261, 5542103.790433071553707, 205.994029941850101 ], [ 346828.382115275191609, 5542103.790008205920458, 202.78987094970239 ], [ 346828.389706999703776, 5542103.789422113448381, 202.000294376222485 ], [ 346828.418665392498951, 5542103.787186481058598, 206.172111872490802 ], [ 346828.510310478915926, 5542103.780111340805888, 206.158749229829596 ], [ 346828.481926548236515, 5542103.880403887480497, 206.407721141890192 ], [ 346828.460594482021406, 5542103.955779186449945, 202.173208925794086 ], [ 346828.435965729353484, 5542104.042803085409105, 202.951128473746451 ], [ 346828.417767099046614, 5542103.957371669821441, 198.784093884612219 ], [ 346828.388342798512895, 5542103.819242611527443, 198.808090009698731 ], [ 346828.381962890503928, 5542103.95870300475508, 198.0 ], [ 346828.417767099046614, 5542103.957371669821441, 198.784093884612219 ], [ 346828.460594482021406, 5542103.955779186449945, 202.173208925794086 ], [ 346828.531295224791393, 5542103.953150266781449, 202.172511728307711 ], [ 346828.556534758943599, 5542103.952211765572429, 200.767872393506764 ], [ 346828.553675280767493, 5542104.029886152595282, 205.0 ], [ 346828.590024666278623, 5542104.187282736413181, 202.124817544494675 ], [ 346828.578969169582706, 5542103.951377569697797, 197.892543375432354 ], [ 346828.57829517457867, 5542103.936995682306588, 199.883532621907136 ], [ 346828.559715916810092, 5542103.865799327380955, 202.790921954573037 ], [ 346828.536820864479523, 5542103.778064698912203, 203.946355437798275 ], [ 346828.524380928312894, 5542103.730394435115159, 204.30782037038739 ], [ 346828.510310478915926, 5542103.780111340805888, 206.158749229829596 ], [ 346828.536820864479523, 5542103.778064698912203, 203.946355437798275 ], [ 346828.54621148534352, 5542103.777339728549123, 204.929505064423267 ], [ 346828.526546671346296, 5542103.72274194099009, 205.275073789307839 ], [ 346828.51143537601456, 5542103.680786633864045, 203.112224504920619 ], [ 346828.509047119005118, 5542103.674155828543007, 201.887636094112736 ], [ 346828.509607136249542, 5542103.67378075607121, 200.950248147550838 ], [ 346828.461857581918593, 5542103.490802820771933, 201.499233651402619 ], [ 346828.442042406240944, 5542103.488122585229576, 202.349751942929146 ], [ 346828.407835327496286, 5542103.393149358220398, 201.078624914890497 ], [ 346827.778150014346465, 5542101.644878287799656, 204.885136819500161 ], [ 346827.625751659681555, 5542101.221756406128407, 205.177224497452357 ], [ 346827.591830275719985, 5542101.127576387487352, 204.199996948242188 ], [ 346827.590572056476958, 5542101.168753303587437, 205.18182953187565 ], [ 346827.57698480784893, 5542101.613414282910526, 204.900001525878906 ], [ 346827.549688569735736, 5542102.506720376200974, 205.299995422363281 ], [ 346828.19283233146416, 5542103.454413992352784, 203.532177238984133 ], [ 346827.523496884154156, 5542103.363878502510488, 202.471382084019524 ], [ 346827.49211567704333, 5542104.390870696865022, 202.528929197926345 ], [ 346827.626752142736223, 5542104.712744356133044, 201.080982509733587 ], [ 346828.529179650184233, 5542104.48038531653583, 200.456260583868186 ], [ 346828.510002341645304, 5542104.390359606593847, 203.6219070817871 ], [ 346828.540689486369956, 5542104.382630095817149, 205.643824934190093 ], [ 346828.537166465132032, 5542104.478328853845596, 202.491075544707712 ], [ 346828.535925037809648, 5542104.512050777673721, 201.564089824221327 ], [ 346828.51122743281303, 5542105.182932382449508, 203.970112102400435 ], [ 346828.626112582627684, 5542105.155264195986092, 206.06447343336859 ], [ 346828.612497972673737, 5542105.295039056800306, 207.800003051757812 ], [ 346828.646447366510984, 5542105.391245520673692, 202.804496667277874 ], [ 346828.635284779185895, 5542105.153055223636329, 201.088360774005764 ], [ 346828.632375167740975, 5542105.09096915088594, 202.78817306443392 ], [ 346828.624796159390826, 5542104.929246228188276, 198.656376804548245 ], [ 346828.535925037809648, 5542104.512050777673721, 201.564089824221327 ], [ 346828.529179650184233, 5542104.48038531653583, 200.456260583868186 ], [ 346828.537166465132032, 5542104.478328853845596, 202.491075544707712 ], [ 346828.602871455485001, 5542104.461410987190902, 199.614696154091547 ], [ 346828.598497083410621, 5542104.368069457821548, 202.750212613635199 ], [ 346828.598007981665432, 5542104.357632872648537, 202.790443120496604 ], [ 346828.540998558106367, 5542104.374234521761537, 205.675190202504098 ], [ 346828.540689486369956, 5542104.382630095817149, 205.643824934190093 ], [ 346828.598497083410621, 5542104.368069457821548, 202.750212613635199 ], [ 346828.629946403030772, 5542104.360147969797254, 207.020074978410719 ], [ 346828.650500070070848, 5542104.449147465638816, 203.896987409398434 ], [ 346828.681722449546214, 5542104.584343585185707, 207.025495365935399 ], [ 346828.640806742128916, 5542105.004406102001667, 203.610012298573736 ], [ 346828.624796159390826, 5542104.929246228188276, 198.656376804548245 ], [ 346828.602871455485001, 5542104.461410987190902, 199.614696154091547 ], [ 346828.650500070070848, 5542104.449147465638816, 203.896987409398434 ], [ 346828.69603302818723, 5542104.437423538416624, 204.509464669365485 ], [ 346828.681722449546214, 5542104.584343585185707, 207.025495365935399 ], [ 346828.771573678357527, 5542104.973408662714064, 206.399993896484375 ], [ 346828.808226097666193, 5542104.931879403069615, 205.099998474121094 ], [ 346828.828170135908294, 5542104.560175443068147, 203.901364025439022 ], [ 346828.740295162482653, 5542104.316197585314512, 205.860177467292715 ], [ 346828.608500241069123, 5542103.950279492884874, 200.977192787097977 ], [ 346828.574492851505056, 5542103.855860686860979, 200.952016739462863 ], [ 346828.561418160970788, 5542103.819559851661325, 203.822647192271404 ], [ 346828.54621148534352, 5542103.777339728549123, 204.929505064423267 ], [ 346828.557046163885389, 5542103.776503275148571, 205.800003051757812 ], [ 346828.562525928078685, 5542103.789468651637435, 204.697073246567868 ], [ 346828.561418160970788, 5542103.819559851661325, 203.822647192271404 ], [ 346828.559715916810092, 5542103.865799327380955, 202.790921954573037 ], [ 346828.556534758943599, 5542103.952211765572429, 200.767872393506764 ], [ 346828.578969169582706, 5542103.951377569697797, 197.892543375432354 ], [ 346828.582018652639817, 5542103.95126417838037, 199.910364169418358 ], [ 346828.57829517457867, 5542103.936995682306588, 199.883532621907136 ], [ 346828.574492851505056, 5542103.855860686860979, 200.952016739462863 ], [ 346828.572485825803597, 5542103.813034231774509, 201.822880980330837 ], [ 346828.566421870607883, 5542103.683639921247959, 200.733326210909894 ], [ 346828.562525928078685, 5542103.789468651637435, 204.697073246567868 ], [ 346828.572485825803597, 5542103.813034231774509, 201.822880980330837 ], [ 346828.630151717516128, 5542103.949474410153925, 201.81521447030093 ], [ 346828.74398105556611, 5542104.218799909576774, 205.600006103515625 ], [ 346828.74743906466756, 5542104.212878011167049, 205.700004577636719 ], [ 346828.769413206959143, 5542104.307718153111637, 206.748389435411013 ], [ 346828.740295162482653, 5542104.316197585314512, 205.860177467292715 ], [ 346828.681703512847889, 5542104.333259992301464, 204.610390823821945 ], [ 346828.582018652639817, 5542103.95126417838037, 199.910364169418358 ], [ 346828.608500241069123, 5542103.950279492884874, 200.977192787097977 ], [ 346828.630151717516128, 5542103.949474410153925, 201.81521447030093 ], [ 346828.685928795544896, 5542103.947400407865644, 201.844055371996376 ], [ 346828.74743906466756, 5542104.212878011167049, 205.700004577636719 ], [ 346828.856858798535541, 5542104.02549488376826, 204.700004577636719 ], [ 346828.902951988275163, 5542103.946559524163604, 204.690635949315322 ], [ 346828.907266865251586, 5542103.939170225523412, 201.703318731187977 ], [ 346829.134555843833368, 5542103.930718765594065, 198.638153563694061 ], [ 346829.16269082238432, 5542103.929672600701451, 202.13789395406684 ], [ 346829.215147496375721, 5542103.927722064778209, 202.557496508885691 ], [ 346829.184634490753524, 5542103.874807907268405, 207.03243615639883 ], [ 346829.188639424799476, 5542103.864794563502073, 203.49340213607644 ], [ 346829.176615774747916, 5542103.860902243293822, 203.871806400274295 ], [ 346829.172867661283817, 5542103.854402448050678, 203.481015296561282 ], [ 346829.216145527199842, 5542103.768193868920207, 203.168154328387516 ], [ 346829.140105518046767, 5542103.693067857995629, 206.184740696557071 ], [ 346829.23344783653738, 5542103.595169476233423, 203.071233960645429 ], [ 346829.137794774374925, 5542103.582231274805963, 203.97683030585614 ], [ 346829.194824848964345, 5542103.500490656122565, 206.699996948242188 ], [ 346829.106707110302523, 5542103.453027540817857, 206.0 ], [ 346829.024389585596509, 5542103.329004419967532, 203.101449741161218 ], [ 346829.030917074647732, 5542103.324632624164224, 200.199996948242188 ], [ 346829.296087883238215, 5542103.451246334239841, 202.900001525878906 ], [ 346829.171381470107008, 5542103.245826858095825, 206.400001525878906 ], [ 346829.172902629477903, 5542103.245964458212256, 207.199996948242188 ], [ 346829.298206050239969, 5542103.214402929879725, 207.299995422363281 ], [ 346829.298206049599685, 5542103.214402926154435, 207.399993896484375 ], [ 346829.085488677781541, 5542103.104342133738101, 206.5 ], [ 346828.944275247864425, 5542103.031277758069336, 202.899993896484375 ], [ 346828.882115217973478, 5542102.999115917831659, 203.899993896484375 ], [ 346828.78579875221476, 5542102.94928140565753, 207.399993896484375 ], [ 346828.804410178330727, 5542102.997573990374804, 206.703847892855777 ], [ 346828.911340101331007, 5542103.275033777579665, 203.815912141809889 ], [ 346828.93510514346417, 5542103.336698869243264, 207.199996948242188 ], [ 346828.985903442488052, 5542103.271019542589784, 206.606518666299166 ], [ 346828.897806092805695, 5542103.138288289308548, 202.211272059371254 ], [ 346828.896675813943148, 5542103.136585362255573, 203.211333064442897 ], [ 346828.804410178330727, 5542102.997573990374804, 206.703847892855777 ], [ 346828.602857588091865, 5542102.693906194530427, 204.827197554814944 ], [ 346828.582652886398137, 5542103.242743327282369, 205.100006103515625 ], [ 346828.565874401072506, 5542103.244674447923899, 206.600006103515625 ], [ 346828.575449188589118, 5542103.438423367217183, 205.100006103515625 ], [ 346828.574427951942198, 5542103.466164069250226, 204.700004577636719 ], [ 346828.577468641626183, 5542103.479287650436163, 206.200004577636719 ], [ 346828.583963427925482, 5542103.507319072261453, 203.209273068447487 ], [ 346828.57881952932803, 5542103.506623299792409, 203.609575875093242 ], [ 346828.572967639076523, 5542103.505831763148308, 202.109918623292856 ], [ 346828.557994125178084, 5542103.503806418739259, 199.247151709412435 ], [ 346828.461857581918593, 5542103.490802820771933, 201.499233651402619 ], [ 346828.412092079059221, 5542103.300099701620638, 200.331318299535468 ], [ 346828.249105272581801, 5542102.675528651103377, 203.199996948242188 ], [ 346828.302683092653751, 5542102.241650397889316, 204.643394433908725 ], [ 346828.303358327131718, 5542102.236182285472751, 204.470709546613818 ], [ 346828.336938352265861, 5542101.96424806676805, 203.199996948242188 ], [ 346828.460101659060456, 5542102.250643361359835, 200.827719029275102 ], [ 346828.450336142326705, 5542102.4641108289361, 202.150986448306014 ], [ 346828.432514973042998, 5542102.853669309988618, 201.985441228609545 ], [ 346828.551615981617942, 5542103.367707871831954, 201.838658290596811 ], [ 346828.513746950367931, 5542102.559648277238011, 201.984302643600728 ], [ 346828.504055554396473, 5542102.352850658819079, 200.685581017437812 ], [ 346828.493649216950871, 5542102.130797426216304, 201.759541497993581 ], [ 346828.467212594638113, 5542102.095203208737075, 201.944086322127362 ], [ 346828.225838043319527, 5542101.770216976292431, 205.606625314123704 ], [ 346828.303358327131718, 5542102.236182285472751, 204.470709546613818 ], [ 346828.304798181750812, 5542102.244837081991136, 205.915183253227895 ], [ 346828.302683092653751, 5542102.241650397889316, 204.643394433908725 ], [ 346827.921467351960018, 5542101.667294377461076, 205.863974544860355 ], [ 346827.625751659681555, 5542101.221756406128407, 205.177224497452357 ], [ 346827.590572056476958, 5542101.168753303587437, 205.18182953187565 ], [ 346827.408652739308309, 5542100.894665841013193, 205.696464550944995 ], [ 346827.426374638685957, 5542100.805902152322233, 205.199996948242188 ], [ 346828.264571074978448, 5542099.644168657250702, 205.199996948242188 ], [ 346827.975910877110437, 5542100.267934172414243, 205.199996948242188 ], [ 346828.225838043319527, 5542101.770216976292431, 205.606625314123704 ], [ 346828.179353298561182, 5542101.707630004733801, 205.600006103515625 ], [ 346827.921467351960018, 5542101.667294377461076, 205.863974544860355 ], [ 346827.778150014346465, 5542101.644878287799656, 204.885136819500161 ], [ 346827.57698480784893, 5542101.613414282910526, 204.900001525878906 ], [ 346827.274595593218692, 5542101.566117953509092, 205.441249858540687 ], [ 346827.171203862701077, 5542101.549946579150856, 205.600006103515625 ], [ 346827.132914640125819, 5542101.892590198665857, 206.0 ], [ 346827.046791961533017, 5542102.663287127390504, 205.600006103515625 ], [ 346826.690429646172561, 5542104.492030303925276, 205.600006103515625 ], [ 346827.1920247017988, 5542101.979690830223262, 205.86368368796397 ], [ 346827.274595593218692, 5542101.566117953509092, 205.441249858540687 ], [ 346827.408652739308309, 5542100.894665841013193, 205.696464550944995 ], [ 346827.253973000566475, 5542100.661618698388338, 206.199996948242188 ], [ 346826.43559813068714, 5542099.994908922351897, 206.399993896484375 ], [ 346826.530061048688367, 5542100.355917245149612, 206.199996948242188 ], [ 346826.762745314219501, 5542101.347133446484804, 206.399993896484375 ], [ 346827.132914640125819, 5542101.892590198665857, 206.0 ], [ 346827.1920247017988, 5542101.979690830223262, 205.86368368796397 ], [ 346827.549688569735736, 5542102.506720376200974, 205.299995422363281 ], [ 346827.523496884154156, 5542103.363878502510488, 202.471382084019524 ], [ 346827.034890663984697, 5542103.297788765281439, 200.800003051757812 ], [ 346827.49211567704333, 5542104.390870696865022, 202.528929197926345 ], [ 346827.481134690053295, 5542104.750238261185586, 202.735927900941192 ], [ 346827.458349458232988, 5542105.495915606617928, 204.199996948242188 ], [ 346827.617816599551588, 5542105.398095590993762, 204.199996948242188 ], [ 346827.886373624322005, 5542105.333418077789247, 202.574949451943269 ], [ 346828.61536322865868, 5542107.076204106211662, 201.0 ], [ 346828.375308829825372, 5542106.877900184132159, 201.0 ], [ 346826.339963900914881, 5542105.686443623155355, 201.199996948242188 ], [ 346826.359452673466876, 5542105.527345897629857, 201.199996948242188 ], [ 346826.793029540509451, 5542104.927413103170693, 201.199996948242188 ], [ 346827.481134690053295, 5542104.750238261185586, 202.735927900941192 ], [ 346827.626752142736223, 5542104.712744356133044, 201.080982509733587 ], [ 346827.886373624322005, 5542105.333418077789247, 202.574949451943269 ], [ 346828.51122743281303, 5542105.182932382449508, 203.970112102400435 ], [ 346828.45818638743367, 5542106.623730453662574, 203.600006103515625 ], [ 346828.697299686959013, 5542106.999253406189382, 203.800003051757812 ], [ 346828.765479567053262, 5542105.728561325930059, 205.800003051757812 ], [ 346829.508460715180263, 5542107.834036004729569, 207.800003051757812 ], [ 346829.490104687982239, 5542113.075717097148299, 208.0 ], [ 346829.977550321724266, 5542113.518744684755802, 208.0 ], [ 346830.945360910496674, 5542124.663493094034493, 208.399993896484375 ], [ 346822.833723485586233, 5542127.870463509112597, 208.199996948242188 ], [ 346812.873874233453535, 5542125.29229879938066, 208.199996948242188 ], [ 346801.003771467949264, 5542127.366468039341271, 208.399993896484375 ], [ 346797.44396004587179, 5542131.077428390271962, 209.0 ], [ 346795.356217196094804, 5542136.6674146624282, 209.199996948242188 ], [ 346795.065290267812088, 5542137.421809772960842, 209.199996948242188 ], [ 346793.73071321239695, 5542142.44934805855155, 209.0 ], [ 346790.998095418966841, 5542142.723368040286005, 209.0 ], [ 346785.61115461809095, 5542140.126342327333987, 208.600006103515625 ], [ 346784.269683836842887, 5542139.661122711375356, 208.600006103515625 ], [ 346778.560060849529691, 5542137.54895687662065, 208.600006103515625 ], [ 346777.147875779541209, 5542136.712725973688066, 208.800003051757812 ], [ 346772.156849270686507, 5542133.880563863553107, 209.0 ], [ 346768.188894528895617, 5542131.727901896461844, 209.399993896484375 ], [ 346764.833481101435609, 5542132.709872080944479, 209.600006103515625 ], [ 346759.837178809160832, 5542137.254664180800319, 210.600006103515625 ], [ 346757.232729629497044, 5542140.117636008188128, 211.399993896484375 ], [ 346757.095929386094213, 5542141.00751172658056, 211.600006103515625 ], [ 346754.293302111967932, 5542144.715487712062895, 212.600006103515625 ], [ 346753.518131618853658, 5542145.138683751225471, 212.800003051757812 ], [ 346752.901210295443889, 5542146.05162457190454, 213.0 ], [ 346749.736441141110845, 5542149.285019055008888, 213.800003051757812 ], [ 346749.804637953988276, 5542148.93800891097635, 213.800003051757812 ], [ 346749.407143048883881, 5542147.858252598904073, 214.0 ], [ 346748.90746756689623, 5542145.30792691744864, 215.0 ], [ 346747.456455375999212, 5542144.165059830062091, 215.399993896484375 ], [ 346746.227227370953187, 5542142.792024492286146, 215.800003051757812 ], [ 346745.637822670745663, 5542142.566417951136827, 216.0 ], [ 346744.961673383368179, 5542142.669700657017529, 216.199996948242188 ], [ 346744.262838002236094, 5542142.820262207649648, 216.399993896484375 ], [ 346743.599893619655631, 5542143.174966721795499, 216.800003051757812 ], [ 346742.698631268227473, 5542143.182106919586658, 217.0 ], [ 346742.078797330788802, 5542143.153215658850968, 217.199996948242188 ], [ 346741.276288982364349, 5542142.831123171374202, 217.199996948242188 ], [ 346740.201428413274698, 5542142.442217750474811, 217.399993896484375 ], [ 346740.145656026550569, 5542142.173362507484853, 217.600006103515625 ], [ 346739.046123180654831, 5542141.132349779829383, 218.0 ], [ 346738.415483949589543, 5542140.935901802033186, 218.199996948242188 ], [ 346733.470686233253218, 5542140.769661867059767, 219.399993896484375 ], [ 346727.839053905685432, 5542141.17331263795495, 220.399993896484375 ], [ 346727.344925885321572, 5542140.917003468610346, 220.600006103515625 ], [ 346723.753096654778346, 5542140.357665316201746, 221.600006103515625 ], [ 346723.382266045373399, 5542140.209738493897021, 221.600006103515625 ], [ 346721.148747375118546, 5542139.023993245325983, 222.600006103515625 ], [ 346720.540130287292413, 5542138.547139710746706, 222.800003051757812 ], [ 346717.090540682373103, 5542138.338119351305068, 223.600006103515625 ], [ 346715.644030946888961, 5542138.612669998779893, 224.0 ], [ 346715.022314133122563, 5542139.3578863106668, 224.800003051757812 ], [ 346715.006699980644044, 5542139.442266427911818, 225.0 ], [ 346714.639740172540769, 5542139.219622116535902, 225.600006103515625 ], [ 346714.898894149344414, 5542138.615346090868115, 225.800003051757812 ], [ 346714.772540262027178, 5542137.770304834470153, 226.199996948242188 ], [ 346714.548256443988066, 5542136.023453286848962, 227.0 ], [ 346714.442988069669809, 5542135.075223490595818, 227.199996948242188 ], [ 346713.801178350811824, 5542133.782861762680113, 228.126678614609204 ], [ 346713.703214909532107, 5542133.585600489750504, 228.0 ], [ 346712.837713251356035, 5542133.582396136596799, 228.600006103515625 ], [ 346712.478443756641354, 5542136.147979161702096, 228.600006103515625 ], [ 346712.51633266772842, 5542136.63184201810509, 228.399993896484375 ], [ 346712.855409520096146, 5542136.510225597769022, 228.399993896484375 ], [ 346713.35491010255646, 5542134.854568, 228.399993896484375 ], [ 346713.801178350811824, 5542133.782861762680113, 228.126678614609204 ], [ 346715.547982954129111, 5542129.587937755510211, 228.199996948242188 ], [ 346723.292813027510419, 5542122.175989138893783, 228.0 ], [ 346728.282287413720042, 5542118.023045909591019, 228.0 ], [ 346730.703093128278852, 5542116.303076623938978, 228.0 ], [ 346733.044227611273527, 5542114.949099088087678, 228.0 ], [ 346738.360271187848412, 5542109.816925370134413, 228.0 ], [ 346740.542546118726023, 5542105.641747520305216, 228.199996948242188 ], [ 346747.7816900042817, 5542098.617345838807523, 228.0 ], [ 346754.866270483820699, 5542093.751662170514464, 227.800003051757812 ], [ 346760.889533461071551, 5542086.239821800030768, 228.0 ], [ 346770.336097150284331, 5542080.747020998969674, 227.600006103515625 ], [ 346779.067165845772251, 5542075.032234818674624, 227.600006103515625 ], [ 346788.857258433941752, 5542073.353260504081845, 227.399993896484375 ], [ 346799.572800365509465, 5542075.033133015036583, 227.199996948242188 ], [ 346812.415319151594304, 5542075.644988534972072, 227.399993896484375 ], [ 346822.691725470358506, 5542072.898339120671153, 227.0 ], [ 346823.932223731768318, 5542072.564429515041411, 227.0 ], [ 346834.22619555122219, 5542071.272140690125525, 226.800003051757812 ], [ 346835.778010175563395, 5542071.106522326357663, 226.800003051757812 ], [ 346849.421621876652353, 5542070.940157965756953, 226.600006103515625 ], [ 346858.40171703195665, 5542072.669776435010135, 226.0 ], [ 346862.300948457559571, 5542071.998723560012877, 226.0 ], [ 346868.503165952221025, 5542070.739572199061513, 225.800003051757812 ], [ 346884.073815598036163, 5542065.454234382137656, 225.0 ], [ 346885.644468138169032, 5542064.896404423750937, 225.0 ], [ 346899.479385356768034, 5542060.910408159717917, 225.0 ], [ 346911.511503884685226, 5542056.929352631792426, 224.399993896484375 ], [ 346923.164577142044436, 5542049.779030273668468, 224.199996948242188 ], [ 346932.10850027622655, 5542040.570536663755774, 224.0 ], [ 346939.228427319379989, 5542035.461625411175191, 223.600006103515625 ], [ 346949.054632319021039, 5542034.201582406647503, 223.800003051757812 ], [ 346960.556725405738689, 5542031.438828518614173, 223.399993896484375 ], [ 346962.841180479386821, 5542022.840360906906426, 223.199996948242188 ], [ 346963.402739521116018, 5542020.408909160643816, 223.0 ], [ 346967.89916938188253, 5542009.928688840940595, 223.0 ], [ 346971.60013353364775, 5542005.682243225164711, 222.399993896484375 ], [ 346972.811547846766189, 5542005.591673378832638, 222.399993896484375 ], [ 346974.460947149666026, 5542007.157922833226621, 222.399993896484375 ], [ 346976.49558335688198, 5542008.955638458952308, 222.600006103515625 ], [ 346981.698084981995635, 5542016.034552205353975, 222.600006103515625 ], [ 346988.863967656856403, 5542028.307848505675793, 222.399993896484375 ], [ 346994.476287105935626, 5542031.010550066828728, 222.199996948242188 ], [ 347007.466204220603686, 5542033.204065664671361, 222.199996948242188 ], [ 347017.911819974600803, 5542032.588592612184584, 222.199996948242188 ], [ 347029.667003620008472, 5542030.900561520829797, 222.600006103515625 ], [ 347043.09510567993857, 5542028.446683839894831, 223.0 ], [ 347050.869901371072046, 5542025.64136759750545, 223.399993896484375 ], [ 347058.883885109156836, 5542023.845753271132708, 223.600006103515625 ], [ 347074.744604054605588, 5542020.921474403701723, 224.0 ], [ 347076.915749577921815, 5542020.766219768673182, 224.0 ], [ 347087.500759128888603, 5542019.55937323346734, 224.399993896484375 ], [ 347099.960052608628757, 5542017.692854889668524, 224.399993896484375 ], [ 347112.429003902419936, 5542016.795981205068529, 224.199996948242188 ], [ 347118.915234787913505, 5542016.219132237136364, 224.199996948242188 ], [ 347119.203780379379168, 5542015.800556839443743, 224.199996948242188 ], [ 347119.237687558284961, 5542015.407418504357338, 224.049495966480691 ], [ 347119.248934192000888, 5542015.277018896304071, 224.199996948242188 ], [ 347119.378271008958109, 5542014.965572953224182, 224.199996948242188 ], [ 347119.36975894193165, 5542014.667387959547341, 224.199996948242188 ], [ 347119.006499848503154, 5542013.521349227055907, 224.199996948242188 ], [ 347109.599149923655204, 5542014.990271907299757, 224.020847553406668 ], [ 347116.508415224961936, 5542015.0661491304636, 224.0 ], [ 347119.237687558284961, 5542015.407418504357338, 224.049495966480691 ], [ 347127.316712933010422, 5542016.417623275890946, 223.600006103515625 ], [ 347137.587787850003224, 5542017.476698994636536, 224.0 ], [ 347149.584124396555126, 5542017.498011374846101, 224.399993896484375 ], [ 347152.570046828011982, 5542017.673916455358267, 224.199996948242188 ], [ 347160.335967388062272, 5542018.767229822464287, 224.399993896484375 ], [ 347169.418195316335186, 5542019.655125032179058, 224.399993896484375 ], [ 347179.580364382767584, 5542020.689410680904984, 224.199996948242188 ], [ 347190.099390830204356, 5542022.646119983866811, 224.199996948242188 ], [ 347198.612340461579151, 5542025.909751980565488, 223.800003051757812 ], [ 347207.714501733949874, 5542028.550405446439981, 223.800003051757812 ], [ 347216.972483841120265, 5542032.650789687409997, 223.399993896484375 ], [ 347231.799701312091202, 5542040.266712223179638, 223.0 ], [ 347235.022433332458604, 5542040.437591285444796, 222.878474085721848 ], [ 347234.354833554883953, 5542039.707440420053899, 222.531530755937126 ], [ 347238.538492132211104, 5542039.906623462215066, 222.600006103515625 ], [ 347250.318604319531005, 5542042.041971514932811, 222.199996948242188 ], [ 347260.930566553084645, 5542046.206395312212408, 222.0 ], [ 347264.074568270938471, 5542047.711451452225447, 222.0 ], [ 347271.660591743187979, 5542050.507360327988863, 221.800003051757812 ], [ 347283.191805806825869, 5542053.610440677031875, 221.600006103515625 ], [ 347296.234392475977074, 5542055.551347021013498, 221.600006103515625 ], [ 347312.781932642043103, 5542059.854382075369358, 221.0 ], [ 347314.041000828729011, 5542060.592531752772629, 221.0 ], [ 347323.860393431736156, 5542062.466859716922045, 220.800003051757812 ], [ 347340.843846363306511, 5542061.824173888191581, 220.399993896484375 ], [ 347354.892653670569416, 5542060.062151263467968, 220.0 ], [ 347358.878605579666328, 5542059.901913031004369, 219.800003051757812 ], [ 347368.875605473062024, 5542059.784853582270443, 219.800003051757812 ], [ 347381.626386937568896, 5542062.032709107734263, 219.399993896484375 ], [ 347397.761856226716191, 5542062.001898204907775, 219.0 ], [ 347400.447921417187899, 5542061.990641141310334, 218.800003051757812 ], [ 347413.75415048393188, 5542060.110045053996146, 218.0 ], [ 347427.678126364713535, 5542057.13008482567966, 217.800003051757812 ], [ 347429.207161832833663, 5542056.797422877512872, 217.600006103515625 ], [ 347441.119467342505231, 5542054.928629627451301, 217.199996948242188 ], [ 347452.490738282562234, 5542053.476285695098341, 217.0 ], [ 347457.832617201376706, 5542052.391543294303119, 216.600006103515625 ], [ 347462.240214463672601, 5542051.631844082847238, 216.399993896484375 ], [ 347472.911475919303484, 5542048.390268198214471, 216.199996948242188 ], [ 347481.895289436099119, 5542045.616433531045914, 215.800003051757812 ], [ 347489.401912929373793, 5542045.206815876066685, 215.800003051757812 ], [ 347497.101462825434282, 5542044.185535193420947, 215.600006103515625 ], [ 347502.942537210998125, 5542042.480443765409291, 215.199996948242188 ], [ 347513.490185220376588, 5542042.91685223672539, 215.0 ], [ 347521.521431091066916, 5542039.825151766650379, 214.600006103515625 ], [ 347523.383039560983889, 5542039.352486601099372, 214.600006103515625 ], [ 347525.2593827265664, 5542038.552998166531324, 214.600006103515625 ], [ 347528.09695393696893, 5542037.530301344580948, 214.399993896484375 ], [ 347534.849085825379007, 5542034.894701162353158, 214.0 ], [ 347540.848408305086195, 5542032.625596604309976, 213.600006103515625 ], [ 347544.184928114293143, 5542031.607356357388198, 213.399993896484375 ], [ 347546.17848117579706, 5542031.336111715063453, 213.399993896484375 ], [ 347555.416495222132653, 5542028.200785368680954, 212.800003051757812 ], [ 347563.878626227960922, 5542024.621267809532583, 212.399993896484375 ], [ 347564.920914204441942, 5542024.078679828904569, 212.399993896484375 ], [ 347567.753385671181604, 5542023.298621656373143, 212.399993896484375 ], [ 347578.904910382989328, 5542020.668424051254988, 212.399993896484375 ], [ 347589.195534565369599, 5542018.407806013710797, 212.199996948242188 ], [ 347598.955838852794841, 5542014.828705025836825, 211.800003051757812 ], [ 347609.74057428422384, 5542012.824515767395496, 211.399993896484375 ], [ 347613.185580694582313, 5542012.661209366284311, 211.399993896484375 ], [ 347623.084767628111877, 5542010.794154906645417, 210.800003051757812 ], [ 347632.001077947439626, 5542008.600700731389225, 211.399993896484375 ], [ 347640.46412737260107, 5542007.585885312408209, 211.199996948242188 ], [ 347641.979413946857676, 5542007.402889782562852, 211.199996948242188 ], [ 347650.566379457945004, 5542007.363777350634336, 211.199996948242188 ], [ 347661.75211624475196, 5542008.89210195466876, 211.199996948242188 ], [ 347672.375777591136284, 5542011.788681698963046, 211.399993896484375 ], [ 347685.937627991545014, 5542014.452504311688244, 211.399993896484375 ], [ 347697.269505614996888, 5542018.373482717201114, 211.399993896484375 ], [ 347708.787781341001391, 5542021.664353533647954, 211.399993896484375 ], [ 347721.309484611963853, 5542023.257394368760288, 211.399993896484375 ], [ 347731.194996084144805, 5542024.291260067373514, 211.600006103515625 ], [ 347733.243839545524679, 5542024.484804656356573, 211.600006103515625 ], [ 347746.165651845978573, 5542025.777426569722593, 211.800003051757812 ], [ 347756.591421529301442, 5542027.001147502101958, 211.800003051757812 ], [ 347769.708542595151812, 5542030.936806320212781, 211.600006103515625 ], [ 347781.620871685445309, 5542032.659217378124595, 211.600006103515625 ], [ 347794.154622155008838, 5542033.832421756349504, 211.399993896484375 ], [ 347806.885376568126958, 5542035.382415167987347, 211.600006103515625 ], [ 347815.591940527665429, 5542035.536008147522807, 211.399993896484375 ], [ 347818.340886746475007, 5542035.411264345981181, 211.600006103515625 ], [ 347834.110168124956544, 5542034.97251373808831, 211.800003051757812 ], [ 347844.04460591066163, 5542033.076889614574611, 211.800003051757812 ], [ 347854.875893206335604, 5542031.864567223936319, 211.600006103515625 ], [ 347866.291685003321618, 5542031.129930925555527, 211.800003051757812 ], [ 347876.590671216719784, 5542029.37322524189949, 211.800003051757812 ], [ 347887.850275201024488, 5542027.794423029758036, 211.800003051757812 ], [ 347899.153973611420952, 5542025.440350296907127, 211.600006103515625 ], [ 347912.117433793260716, 5542023.12309935875237, 211.600006103515625 ], [ 347918.100626338855363, 5542019.222866819240153, 211.399993896484375 ], [ 347922.197233988612425, 5542011.953642169013619, 211.399993896484375 ], [ 347928.148010173230432, 5541998.868423187173903, 211.199996948242188 ], [ 347931.395308973733336, 5541988.778952741064131, 211.199996948242188 ], [ 347932.539633327745833, 5541981.034019159153104, 211.199996948242188 ], [ 347927.438185185194016, 5541974.081934722140431, 211.199996948242188 ], [ 347918.987240038346499, 5541967.271596838720143, 210.800003051757812 ], [ 347909.473848754481878, 5541962.412559143267572, 210.600006103515625 ], [ 347902.115008338820189, 5541957.660213156603277, 210.399993896484375 ], [ 347898.987210723687895, 5541953.757596623152494, 210.199996948242188 ], [ 347889.458764989452902, 5541945.830829034559429, 210.199996948242188 ], [ 347876.954622321005445, 5541940.627802565693855, 209.800003051757812 ], [ 347863.423286530305631, 5541933.327698349952698, 210.0 ], [ 347857.432334975514095, 5541930.187221644446254, 210.0 ], [ 347846.39256768708583, 5541924.914686535485089, 209.800003051757812 ], [ 347838.414758466300555, 5541919.322033087722957, 209.800003051757812 ], [ 347828.534557438339107, 5541913.615578408353031, 209.600006103515625 ], [ 347816.389777594304178, 5541909.008654299192131, 209.600006103515625 ], [ 347807.389796794624999, 5541904.247109826654196, 209.199996948242188 ], [ 347803.543822933803312, 5541902.14618347864598, 209.399993896484375 ], [ 347795.231470225204248, 5541899.16500014718622, 209.800003051757812 ], [ 347785.566110048093833, 5541895.522846476174891, 209.600006103515625 ], [ 347784.009024171973579, 5541895.082157927565277, 209.800003051757812 ], [ 347775.777622868597973, 5541892.835442553274333, 209.600006103515625 ], [ 347762.364874701830558, 5541887.602542469277978, 209.600006103515625 ], [ 347752.423320585512556, 5541884.182791174389422, 209.600006103515625 ], [ 347746.6016194926342, 5541882.772223880514503, 209.600006103515625 ], [ 347736.887532435357571, 5541880.166706246323884, 209.800003051757812 ], [ 347729.264723960601259, 5541876.709053055383265, 209.600006103515625 ], [ 347719.486144656199031, 5541870.990575204603374, 210.0 ], [ 347713.270544858300127, 5541866.718889534473419, 209.800003051757812 ], [ 347708.336065560346469, 5541862.905050450004637, 209.800003051757812 ], [ 347698.470351821277291, 5541854.969540528953075, 209.800003051757812 ], [ 347693.542916311824229, 5541851.192817092873156, 209.800003051757812 ], [ 347690.070144011173397, 5541848.270008705556393, 209.800003051757812 ], [ 347683.546625538961962, 5541842.048688845708966, 210.199996948242188 ], [ 347671.99689693772234, 5541832.594378208741546, 210.0 ], [ 347665.32425525074359, 5541825.146311084739864, 209.800003051757812 ], [ 347659.068968525505625, 5541818.637614535167813, 210.0 ], [ 347657.674246471724473, 5541817.567512569017708, 210.0 ], [ 347655.468896101694554, 5541815.466650380752981, 210.0 ], [ 347653.003895376808941, 5541812.477895420044661, 210.0 ], [ 347641.519009263196494, 5541800.447872569784522, 209.800003051757812 ], [ 347637.91217605402926, 5541795.561159341596067, 209.800003051757812 ], [ 347636.494289845810272, 5541793.465880400501192, 210.0 ], [ 347635.483789919468109, 5541791.536203204654157, 210.0 ], [ 347634.414378834771924, 5541789.225843162275851, 210.199996948242188 ], [ 347632.640936576528475, 5541786.674388641491532, 210.399993896484375 ], [ 347629.416318447212689, 5541777.477600527927279, 210.399993896484375 ], [ 347629.157303973683156, 5541771.39618581533432, 210.292377884993471 ], [ 347629.298054017010145, 5541771.41917716152966, 210.199996948242188 ], [ 347629.153213580313604, 5541771.300147250294685, 210.291012352630247 ], [ 347627.685707337630447, 5541770.094150209799409, 210.0 ], [ 347628.022450856224168, 5541770.522884039208293, 210.0 ], [ 347627.13936509314226, 5541770.122755388729274, 210.199996948242188 ], [ 347627.110262908507138, 5541770.147824466228485, 210.399993896484375 ], [ 347627.450371637823991, 5541771.117360525764525, 210.0 ], [ 347629.157303973683156, 5541771.39618581533432, 210.292377884993471 ], [ 347629.153213580313604, 5541771.300147250294685, 210.291012352630247 ], [ 347629.126714987680316, 5541770.677985372953117, 210.399993896484375 ], [ 347628.823238804121502, 5541768.672240218147635, 210.399993896484375 ], [ 347627.13936509314226, 5541770.122755388729274, 210.199996948242188 ], [ 347621.592882518190891, 5541767.609628488309681, 210.0 ], [ 347619.444000398449134, 5541764.53728696051985, 210.0 ], [ 347616.340587329061236, 5541759.179298238828778, 210.399993896484375 ], [ 347607.335335168405436, 5541746.854972656816244, 210.399993896484375 ], [ 347606.091419382137246, 5541745.594075407832861, 210.399993896484375 ], [ 347600.697883428190835, 5541737.904517814517021, 210.199996948242188 ], [ 347594.459476366639137, 5541727.982154976576567, 210.399993896484375 ], [ 347591.784503117087297, 5541722.05243758764118, 210.600006103515625 ], [ 347584.669098482117988, 5541711.726051884703338, 210.399993896484375 ], [ 347579.474081280350219, 5541702.566708420403302, 210.399993896484375 ], [ 347575.921550073311664, 5541694.946018144488335, 210.399993896484375 ], [ 347571.100658266514074, 5541684.57300250697881, 210.199996948242188 ], [ 347563.503189367591403, 5541672.51642981916666, 210.0 ], [ 347557.26566924189683, 5541661.363069387152791, 209.800003051757812 ], [ 347549.816209477547091, 5541651.13016405981034, 209.800003051757812 ], [ 347544.192424193373881, 5541642.747772155329585, 209.600006103515625 ], [ 347542.923348689335398, 5541640.181987496092916, 209.600006103515625 ], [ 347539.837140670744702, 5541630.365799363702536, 209.600006103515625 ], [ 347537.719142953166738, 5541621.202838601544499, 209.600006103515625 ], [ 347527.137333873426542, 5541611.572043577209115, 209.600006103515625 ], [ 347514.947370322770439, 5541604.989968167617917, 209.600006103515625 ], [ 347506.16835403686855, 5541597.462156364694238, 209.600006103515625 ], [ 347504.071172424068209, 5541596.421415601857007, 209.399993896484375 ], [ 347503.701077602396253, 5541595.033077210187912, 209.199996948242188 ], [ 347504.734841447265353, 5541586.377248083241284, 209.399993896484375 ], [ 347505.675941021181643, 5541584.177535159513354, 209.399993896484375 ], [ 347506.926048918860033, 5541579.320487978868186, 209.600006103515625 ], [ 347504.894999547046609, 5541570.891802844591439, 209.0 ], [ 347502.610988071421161, 5541566.666945843026042, 209.199996948242188 ], [ 347500.576188745500986, 5541564.44004881195724, 209.0 ], [ 347497.303435599198565, 5541561.586264600045979, 209.0 ], [ 347489.649381834315136, 5541553.886558949947357, 209.199996948242188 ], [ 347482.262564755044878, 5541546.496332307346165, 209.199996948242188 ], [ 347476.356075254792813, 5541538.746883510611951, 209.600006103515625 ], [ 347470.042843962088227, 5541528.323182059451938, 209.399993896484375 ], [ 347463.685162284993567, 5541517.816820348612964, 209.199996948242188 ], [ 347458.779462244769093, 5541508.910462352447212, 209.199996948242188 ], [ 347458.149608535692096, 5541495.65773315448314, 209.0 ], [ 347457.759264133754186, 5541480.2625667238608, 208.600006103515625 ], [ 347454.293328636616934, 5541468.51745851431042, 208.600006103515625 ], [ 347455.173864929296542, 5541454.904637730680406, 208.800003051757812 ], [ 347451.765706189791672, 5541443.922603856772184, 208.399993896484375 ], [ 347447.563521780830342, 5541434.184869915246964, 208.399993896484375 ], [ 347447.068445449927822, 5541433.051891629584134, 208.399993896484375 ], [ 347444.213663784437813, 5541423.984549794346094, 208.399993896484375 ], [ 347442.080663441622164, 5541412.192159594036639, 208.600006103515625 ], [ 347441.969268756103702, 5541402.160731559619308, 208.600006103515625 ], [ 347443.100510919233784, 5541393.763237775303423, 208.399993896484375 ], [ 347441.706900031771511, 5541381.763273104093969, 208.399993896484375 ], [ 347436.866056858852971, 5541372.81777907256037, 208.399993896484375 ], [ 347431.968894976365846, 5541362.950634966604412, 208.600006103515625 ], [ 347431.129004513844848, 5541352.455012570135295, 208.199996948242188 ], [ 347436.639040625072084, 5541341.843815548345447, 208.0 ], [ 347445.242625928367488, 5541335.807440360076725, 208.0 ], [ 347451.138432095583994, 5541325.866060262545943, 208.0 ], [ 347455.841040589206386, 5541315.604284882545471, 208.199996948242188 ], [ 347455.458042640239, 5541304.265651321969926, 208.399993896484375 ], [ 347457.59944379440276, 5541295.457038704305887, 208.600006103515625 ], [ 347461.784302538435441, 5541288.119674707762897, 208.600006103515625 ], [ 347467.221928265294991, 5541281.082372318953276, 208.600006103515625 ], [ 347477.558097748667933, 5541271.294366372749209, 208.800003051757812 ], [ 347485.292280442779884, 5541264.061134242452681, 208.800003051757812 ], [ 347491.795029261615127, 5541254.531515431590378, 208.199996948242188 ], [ 347499.450341742718592, 5541246.004261149093509, 208.600006103515625 ], [ 347505.122358019463718, 5541235.584379428066313, 208.399993896484375 ], [ 347507.761357037350535, 5541225.67050611320883, 208.399993896484375 ], [ 347511.462026290595531, 5541216.73360272590071, 208.199996948242188 ], [ 347516.033638993510976, 5541207.352248999290168, 207.800003051757812 ], [ 347522.253992497338913, 5541198.455542770214379, 208.199996948242188 ], [ 347527.335749977384694, 5541187.567547945305705, 208.199996948242188 ], [ 347532.482396022765897, 5541178.113889444619417, 208.600006103515625 ], [ 347536.791755663056392, 5541168.385640195570886, 209.0 ], [ 347541.798804539837874, 5541159.094504686072469, 209.199996948242188 ], [ 347545.330341359600425, 5541149.490984809584916, 209.0 ], [ 347549.188478954602033, 5541138.479300066828728, 209.0 ], [ 347553.599435666343197, 5541126.827057248912752, 208.600006103515625 ], [ 347557.451391427137423, 5541118.342854293063283, 208.0 ], [ 347562.652514177432749, 5541105.94072179403156, 207.800003051757812 ], [ 347562.519214858883061, 5541095.975211475044489, 207.399993896484375 ], [ 347560.259323926933575, 5541094.081095081754029, 207.399993896484375 ], [ 347550.962655462091789, 5541091.622505523264408, 206.800003051757812 ], [ 347541.221983890514821, 5541089.614881291054189, 206.199996948242188 ], [ 347537.890903586288914, 5541088.310808476060629, 206.199996948242188 ], [ 347527.742291372735053, 5541084.431001573801041, 205.600006103515625 ], [ 347520.166214473370928, 5541081.391921366564929, 205.199996948242188 ], [ 347515.953922079876065, 5541080.383392623625696, 205.0 ], [ 347506.321266315528192, 5541076.47028711810708, 204.399993896484375 ], [ 347502.370446735527366, 5541073.878261134959757, 204.199996948242188 ], [ 347498.286920261976775, 5541070.003051583655179, 204.199996948242188 ], [ 347485.609418876061682, 5541063.229698609560728, 203.399993896484375 ], [ 347481.358785351680126, 5541060.030718051828444, 203.199996948242188 ], [ 347477.758805965771899, 5541056.039172301068902, 203.0 ], [ 347472.634663110249676, 5541048.761703149415553, 202.600006103515625 ], [ 347470.472747591033112, 5541046.510451236739755, 202.600006103515625 ], [ 347464.741537773516029, 5541039.446115612052381, 202.199996948242188 ], [ 347462.502066890825517, 5541037.215726495720446, 202.0 ], [ 347455.464525610324927, 5541032.827805381268263, 201.800003051757812 ], [ 347448.780755118932575, 5541029.464986173436046, 201.600006103515625 ], [ 347442.464422056102194, 5541022.118907597847283, 201.0 ], [ 347444.391302451549564, 5541015.060337755829096, 200.600006103515625 ], [ 347448.199954456533305, 5541018.989966243505478, 200.0 ], [ 347449.166456845239736, 5541020.212105546146631, 200.0 ], [ 347451.413007549825124, 5541022.479591358453035, 199.399993896484375 ], [ 347451.896486275072675, 5541022.148745975457132, 199.199996948242188 ], [ 347452.966973023372702, 5541024.067362143658102, 199.199996948242188 ], [ 347460.398155162460171, 5541029.824294856749475, 199.0 ], [ 347461.88457855762681, 5541029.884555236436427, 199.0 ], [ 347468.455696716089733, 5541032.457902383990586, 198.399993896484375 ], [ 347474.913753842003644, 5541035.07177955750376, 198.399993896484375 ], [ 347485.709457800840028, 5541040.984752415679395, 197.800003051757812 ], [ 347492.892754483269528, 5541044.37069876678288, 197.600006103515625 ], [ 347500.982333253137767, 5541047.497710120864213, 197.399993896484375 ], [ 347511.743483051774092, 5541051.565203137695789, 197.0 ], [ 347520.617026818392333, 5541055.415994053706527, 196.800003051757812 ], [ 347523.512247416249011, 5541056.611227029003203, 196.600006103515625 ], [ 347537.815872613398824, 5541060.540641990490258, 196.600006103515625 ], [ 347549.990946437465027, 5541064.446734045632184, 196.399993896484375 ], [ 347557.375843738031108, 5541064.991976621560752, 196.199996948242188 ], [ 347571.035551564535126, 5541064.883069339208305, 196.0 ], [ 347581.128011160413735, 5541064.465353063307703, 195.800003051757812 ], [ 347588.557852667523548, 5541064.477787986397743, 195.800003051757812 ], [ 347594.302983933012001, 5541063.586927792057395, 196.0 ], [ 347606.804458968807012, 5541060.163094032555819, 196.800003051757812 ], [ 347608.248911901609972, 5541059.804926618002355, 197.0 ], [ 347616.467440171167254, 5541053.733184609562159, 197.399993896484375 ], [ 347618.600456026266329, 5541051.378361101262271, 197.600006103515625 ], [ 347622.493358781910501, 5541039.890136226080358, 197.399993896484375 ], [ 347627.553137309965678, 5541028.005019470117986, 197.0 ], [ 347630.838317215559073, 5541016.916446388699114, 197.0 ], [ 347632.124910749960691, 5541009.950773482210934, 197.0 ], [ 347634.960196559783071, 5541001.430272904224694, 196.800003051757812 ], [ 347637.102845728397369, 5540993.283854108303785, 197.0 ], [ 347641.227167764096521, 5540982.954792996868491, 197.199996948242188 ], [ 347642.059009472373873, 5540980.077437110245228, 197.600006103515625 ], [ 347643.238577494281344, 5540972.517960177734494, 197.399993896484375 ], [ 347644.301456278888509, 5540958.741485345177352, 197.800003051757812 ], [ 347645.729497657041065, 5540952.098198795691133, 197.800003051757812 ], [ 347647.142972674861085, 5540947.479028314352036, 198.0 ], [ 347650.906719654100016, 5540937.785061546601355, 198.399993896484375 ], [ 347652.414184278575704, 5540935.625234357081354, 198.199996948242188 ], [ 347653.551297472091392, 5540933.336052072234452, 198.199996948242188 ], [ 347657.650176259805448, 5540927.605356672778726, 198.399993896484375 ], [ 347668.011341064469889, 5540918.236724190413952, 197.800003051757812 ], [ 347677.313144234241918, 5540910.29710472561419, 197.199996948242188 ], [ 347686.313868761877529, 5540902.338085169903934, 196.800003051757812 ], [ 347688.706836720230058, 5540900.0318588828668, 196.800003051757812 ], [ 347697.634455675550271, 5540892.671790125779808, 196.199996948242188 ], [ 347700.764168023713864, 5540890.484512566588819, 195.800003051757812 ], [ 347704.174574663222302, 5540889.501612493768334, 195.800003051757812 ], [ 347715.420973441796377, 5540884.201943799853325, 195.199996948242188 ], [ 347726.852214113110676, 5540876.099304870702326, 194.600006103515625 ], [ 347728.327379369933624, 5540875.339290180243552, 194.800003051757812 ], [ 347742.040901074069552, 5540870.128098051063716, 194.199996948242188 ], [ 347751.854247880750336, 5540865.587323397397995, 194.0 ], [ 347761.940068627300207, 5540862.59623368177563, 193.600006103515625 ], [ 347763.235402585938573, 5540862.065158314071596, 193.600006103515625 ], [ 347775.74393463996239, 5540853.157976491376758, 193.0 ], [ 347780.346959234855603, 5540849.296871949918568, 192.600006103515625 ], [ 347787.48740926256869, 5540847.788387973792851, 192.0 ], [ 347797.730085574788973, 5540847.143012776970863, 191.600006103515625 ], [ 347799.198267482977826, 5540847.194561248645186, 191.399993896484375 ], [ 347811.62877989304252, 5540845.060212485492229, 190.800003051757812 ], [ 347822.028991157247219, 5540840.437620146200061, 190.600006103515625 ], [ 347824.878135070670396, 5540839.162990633398294, 190.199996948242188 ], [ 347839.278714859508909, 5540832.738839587196708, 189.600006103515625 ], [ 347840.060155000654049, 5540830.198681466281414, 189.399993896484375 ], [ 347845.920845369400922, 5540821.937446462921798, 189.199996948242188 ], [ 347853.266827409795951, 5540810.519224047660828, 188.800003051757812 ], [ 347856.461371391895227, 5540797.698798999190331, 188.399993896484375 ], [ 347856.470019220607355, 5540795.67485658172518, 188.399993896484375 ], [ 347857.832305607269518, 5540786.916555792093277, 188.600006103515625 ], [ 347858.299649034743197, 5540778.183669465593994, 188.399993896484375 ], [ 347859.227923959726468, 5540768.747585793957114, 188.199996948242188 ], [ 347859.695215254207142, 5540754.932145474478602, 188.0 ], [ 347860.376893152017146, 5540745.279246258549392, 187.800003051757812 ], [ 347863.138963343924843, 5540732.256616917438805, 187.600006103515625 ], [ 347864.017861035186797, 5540719.175553878769279, 187.600006103515625 ], [ 347866.478944510454312, 5540709.947745160199702, 187.600006103515625 ], [ 347866.566320042125881, 5540705.403604631312191, 187.399993896484375 ], [ 347866.457841731491499, 5540697.349202796816826, 187.399993896484375 ], [ 347867.265628213761374, 5540688.961032898165286, 187.399993896484375 ], [ 347867.149729306693189, 5540672.812057211063802, 187.0 ], [ 347869.780085658305325, 5540663.616748810745776, 186.800003051757812 ], [ 347870.678574502351694, 5540651.859395475126803, 186.600006103515625 ], [ 347869.714732618012931, 5540639.296948512084782, 186.600006103515625 ], [ 347870.4314682938857, 5540628.971602026373148, 186.600006103515625 ], [ 347870.796760863799136, 5540618.124664716422558, 186.600006103515625 ], [ 347870.020719316904433, 5540611.329548427835107, 186.399993896484375 ], [ 347868.148082847590558, 5540599.576272200793028, 186.0 ], [ 347866.119032597402111, 5540587.183958348818123, 185.399993896484375 ], [ 347862.747863463649992, 5540572.619542047381401, 185.600006103515625 ], [ 347859.245979812811129, 5540563.402515331283212, 185.600006103515625 ], [ 347856.962321279454045, 5540551.147994720377028, 185.399993896484375 ], [ 347856.905603871564381, 5540541.105731976218522, 185.600006103515625 ], [ 347855.77981490327511, 5540528.557211827486753, 185.800003051757812 ], [ 347855.607082216534764, 5540525.437977861613035, 185.399993896484375 ], [ 347854.224241137271747, 5540516.962800424546003, 185.399993896484375 ], [ 347855.832531891064718, 5540508.60785601567477, 184.800003051757812 ], [ 347856.912065630371217, 5540508.306754742749035, 184.800003051757812 ], [ 347865.620511583983898, 5540509.710149853490293, 184.399993896484375 ], [ 347868.856557921273634, 5540512.527913817204535, 184.199996948242188 ], [ 347873.123924057930708, 5540514.616964303888381, 184.0 ], [ 347881.031884964206256, 5540519.586909527890384, 183.399993896484375 ], [ 347883.424588575377129, 5540520.861892847344279, 183.199996948242188 ], [ 347891.459900815156288, 5540524.177573230117559, 183.0 ], [ 347905.199852164252661, 5540527.060881730169058, 183.399993896484375 ], [ 347916.748433096799999, 5540524.96117592882365, 182.800003051757812 ], [ 347927.199279632768594, 5540523.368266048841178, 182.800003051757812 ], [ 347938.714930450776592, 5540518.201361223123968, 182.399993896484375 ], [ 347944.437762946705334, 5540515.23189168702811, 182.199996948242188 ], [ 347950.407143747550435, 5540509.299160127528012, 181.800003051757812 ], [ 347955.286003507731948, 5540504.3392846994102, 181.0 ], [ 347958.204800694948062, 5540501.486703800037503, 180.399993896484375 ], [ 347962.111644772929139, 5540498.074519123882055, 180.0 ], [ 347969.548364336777013, 5540490.887824018485844, 179.199996948242188 ], [ 347971.882784173940308, 5540489.049690512940288, 179.0 ], [ 347979.228466379456222, 5540484.374227024614811, 177.800003051757812 ], [ 347983.396477449045051, 5540483.174184062518179, 177.399993896484375 ], [ 347994.941356743569486, 5540485.178098704665899, 176.800003051757812 ], [ 347999.081951622036286, 5540483.223458085209131, 176.399993896484375 ], [ 348000.108116988209076, 5540479.557295627892017, 176.0 ], [ 348000.017048978304956, 5540478.254270617850125, 175.800003051757812 ], [ 348001.212422391981818, 5540471.440522460266948, 175.600006103515625 ], [ 348001.181024548015557, 5540462.069010091945529, 174.600006103515625 ], [ 348000.930537045001984, 5540460.444105368107557, 174.399993896484375 ], [ 348000.459974128520116, 5540450.637414088472724, 174.600006103515625 ], [ 347996.615867127547972, 5540442.912813506089151, 174.199996948242188 ], [ 347992.483146065147594, 5540436.669875295832753, 174.399993896484375 ], [ 347988.417767886654474, 5540431.105810925364494, 174.199996948242188 ], [ 347979.924626209889539, 5540418.859552878886461, 174.199996948242188 ], [ 347973.370959614403546, 5540411.40768216829747, 173.800003051757812 ], [ 347969.280713808839209, 5540407.299157250672579, 173.600006103515625 ], [ 347965.479770741832908, 5540403.005236814729869, 173.399993896484375 ], [ 347954.841234658786561, 5540392.060215862467885, 173.0 ], [ 347945.35093545797281, 5540382.388238936662674, 172.800003051757812 ], [ 347940.827285339415539, 5540379.532361123710871, 172.600006103515625 ], [ 347937.344054535264149, 5540377.961895669810474, 172.399993896484375 ], [ 347932.915220679249614, 5540375.905350332148373, 172.199996948242188 ], [ 347923.829129497869872, 5540369.886968391016126, 171.800003051757812 ], [ 347913.982297466485761, 5540361.847847227938473, 171.600006103515625 ], [ 347907.0521633583121, 5540355.964141050353646, 171.600006103515625 ], [ 347901.255234058597125, 5540350.822316487319767, 171.399993896484375 ], [ 347898.422102520475164, 5540348.011744426563382, 171.399993896484375 ], [ 347886.798055114690214, 5540338.148635404184461, 171.199996948242188 ], [ 347876.663027266098652, 5540332.244037302210927, 171.399993896484375 ], [ 347870.34383411554154, 5540324.589783493429422, 170.800003051757812 ], [ 347865.318297742400318, 5540317.187906389124691, 171.199996948242188 ], [ 347857.360405370825902, 5540310.046481189318001, 171.0 ], [ 347851.227332528971601, 5540299.421363794244826, 172.0 ], [ 347845.510436894139275, 5540287.786576114594936, 172.399993896484375 ], [ 347844.748594831675291, 5540286.362712201662362, 172.399993896484375 ], [ 347842.15790668601403, 5540281.083275794051588, 172.600006103515625 ], [ 347838.486787986010313, 5540275.228344582952559, 172.600006103515625 ], [ 347836.496937280171551, 5540272.47778816986829, 172.600006103515625 ], [ 347836.762115197838284, 5540272.712728410959244, 172.600006103515625 ], [ 347837.33044381684158, 5540273.461304175667465, 172.600006103515625 ], [ 347838.307851794350427, 5540274.431408239528537, 172.399993896484375 ], [ 347838.616586712596472, 5540274.506573367863894, 172.199996948242188 ], [ 347839.388435643340927, 5540275.435885804705322, 172.199996948242188 ], [ 347836.289000369608402, 5540270.236178774386644, 172.199996948242188 ], [ 347835.694554086308926, 5540268.779585123062134, 172.399993896484375 ], [ 347832.951274436432868, 5540257.703847450204194, 172.800003051757812 ], [ 347832.636492001009174, 5540246.195442327298224, 173.199996948242188 ], [ 347831.035204091924243, 5540241.885773119516671, 173.399993896484375 ], [ 347829.723730036639608, 5540238.043489292263985, 173.800003051757812 ], [ 347826.608258693362586, 5540226.987649239599705, 173.399993896484375 ], [ 347825.631717030075379, 5540215.675227004103363, 172.800003051757812 ], [ 347826.822434466681443, 5540202.986323462799191, 172.399993896484375 ], [ 347827.074862148612738, 5540201.925341443158686, 172.399993896484375 ], [ 347831.167879100656137, 5540190.879291754215956, 172.0 ], [ 347834.167076491983607, 5540180.479808185249567, 172.0 ], [ 347837.927379996399395, 5540170.842080793343484, 171.800003051757812 ], [ 347842.81961250101449, 5540162.533780426718295, 171.800003051757812 ], [ 347849.902894857688807, 5540151.356214013881981, 171.399993896484375 ], [ 347857.468750909087248, 5540141.29337702691555, 171.399993896484375 ], [ 347862.873141720425338, 5540131.329219929873943, 171.199996948242188 ], [ 347866.38288367545465, 5540124.086030611768365, 171.199996948242188 ], [ 347875.400680796476081, 5540113.916722389869392, 171.0 ], [ 347878.402018109394703, 5540115.65937395952642, 170.800003051757812 ], [ 347880.812506781192496, 5540117.978346201591194, 170.800003051757812 ], [ 347888.568011939525604, 5540124.547362565994263, 171.0 ], [ 347899.668172355741262, 5540134.789068842306733, 171.199996948242188 ], [ 347909.719580041710287, 5540139.642285590991378, 170.600006103515625 ], [ 347912.486803780368064, 5540138.220835771411657, 170.600006103515625 ], [ 347911.372847887338139, 5540135.193596799857914, 170.600006103515625 ], [ 347910.366112649440765, 5540134.037795922718942, 170.399993896484375 ], [ 347906.501507179462351, 5540126.873375488445163, 169.399993896484375 ], [ 347906.403805143898353, 5540125.337395396083593, 169.199996948242188 ], [ 347907.779046786483377, 5540118.294705166481435, 168.800003051757812 ], [ 347915.180183760705404, 5540108.77752760797739, 168.399993896484375 ], [ 347923.079710532329045, 5540100.085537592880428, 168.199996948242188 ], [ 347924.183324192243163, 5540098.935125384479761, 168.0 ], [ 347932.206697302055545, 5540088.038753202185035, 167.600006103515625 ], [ 347933.092471948009916, 5540086.838570070452988, 167.600006103515625 ], [ 347941.258310108969454, 5540076.936028360389173, 167.800003051757812 ], [ 347948.815764325263444, 5540065.931670242920518, 168.0 ], [ 347955.574607778573409, 5540058.139396689832211, 168.0 ], [ 347963.664997605432291, 5540045.78635676484555, 167.800003051757812 ], [ 347973.649770812771749, 5540036.419789928942919, 167.800003051757812 ], [ 347986.438812090083957, 5540024.390457862988114, 167.800003051757812 ], [ 347997.151449919096194, 5540016.943051633425057, 167.800003051757812 ], [ 347998.34784848120762, 5540015.883282315917313, 167.800003051757812 ], [ 348003.217620176204946, 5540011.856313044205308, 167.800003051757812 ], [ 348009.668621079938021, 5540007.831130405887961, 167.800003051757812 ], [ 348021.804103785194457, 5539999.886459893546999, 167.800003051757812 ], [ 348036.506932080781553, 5539993.855403871275485, 167.800003051757812 ], [ 348043.427382806548849, 5539992.39086258597672, 167.800003051757812 ], [ 348053.328403429070022, 5539989.815985705703497, 168.0 ], [ 348058.067842664313503, 5539988.823637331835926, 168.0 ], [ 348062.649119785113726, 5539988.190156341530383, 168.399993896484375 ], [ 348073.094163119094446, 5539984.657990953885019, 168.600006103515625 ], [ 348080.444249986903742, 5539983.07873498275876, 168.399993896484375 ], [ 348083.984881089243572, 5539981.365008126944304, 168.399993896484375 ], [ 348092.636081831878982, 5539976.904529340565205, 169.0 ], [ 348093.827028749743477, 5539975.863588767126203, 169.199996948242188 ], [ 348102.916022700257599, 5539967.334013365209103, 169.399993896484375 ], [ 348109.032249268959276, 5539961.462619974277914, 169.399993896484375 ], [ 348116.592600267322268, 5539952.239662014879286, 169.199996948242188 ], [ 348123.188177752075717, 5539942.279345978982747, 169.0 ], [ 348129.908882232150063, 5539935.672765034250915, 169.0 ], [ 348131.657335640804376, 5539933.301103292964399, 169.0 ], [ 348134.019394514849409, 5539931.154523377306759, 168.800003051757812 ], [ 348137.424417341477238, 5539927.411662973463535, 168.800003051757812 ], [ 348142.859657611232251, 5539921.056019278243184, 169.0 ], [ 348146.921807928942144, 5539914.618054033257067, 169.199996948242188 ], [ 348152.37390836229315, 5539907.795655936934054, 169.199996948242188 ], [ 348153.037094357248861, 5539907.012153307907283, 169.399993896484375 ], [ 348159.74337673158152, 5539896.498532869853079, 169.0 ], [ 348165.066678991832305, 5539885.128832454793155, 168.800003051757812 ], [ 348169.717425841721706, 5539876.333448216319084, 168.600006103515625 ], [ 348173.899400224210694, 5539869.453802135773003, 168.199996948242188 ], [ 348176.005121022695675, 5539865.048348082229495, 168.199996948242188 ], [ 348176.731500676134601, 5539863.311832179315388, 168.199996948242188 ], [ 348180.448389698867686, 5539852.323386924341321, 168.199996948242188 ], [ 348183.084694936987944, 5539847.334034986793995, 168.199996948242188 ], [ 348185.152204440324567, 5539843.489212827757001, 167.399993896484375 ], [ 348186.170841742132325, 5539841.669813579879701, 167.0 ], [ 348190.040735693066381, 5539835.65699206944555, 167.600006103515625 ], [ 348196.631505103374366, 5539827.0025226008147, 167.800003051757812 ], [ 348201.080534172710031, 5539819.35995192732662, 167.600006103515625 ], [ 348203.254153949208558, 5539815.652018745429814, 167.399993896484375 ], [ 348210.921600666188169, 5539804.253281670622528, 167.399993896484375 ], [ 348217.343679424957372, 5539797.282253401353955, 167.0 ], [ 348224.096278977405746, 5539788.81908003333956, 167.0 ], [ 348230.216346719767898, 5539779.674398043192923, 167.199996948242188 ], [ 348234.730168004636653, 5539771.768904468975961, 166.800003051757812 ], [ 348242.014004667522386, 5539762.954986748285592, 166.399993896484375 ], [ 348248.003940414113458, 5539757.068697002716362, 166.199996948242188 ], [ 348248.237847102689557, 5539756.623764030635357, 166.0 ], [ 348248.729162921314128, 5539755.7145811682567, 166.0 ], [ 348252.976367623254191, 5539751.556276961229742, 166.0 ], [ 348257.002659558085725, 5539748.51399439945817, 166.399993896484375 ], [ 348267.509031559748109, 5539739.907298599369824, 166.399993896484375 ], [ 348276.403077505296096, 5539736.997667065821588, 167.199996948242188 ], [ 348277.40595058951294, 5539736.530966336838901, 167.399993896484375 ], [ 348281.839120468939655, 5539735.967157314531505, 168.199996948242188 ], [ 348284.758888627227861, 5539734.401710784994066, 168.600006103515625 ], [ 348283.685414902749471, 5539727.064765874296427, 168.199996948242188 ], [ 348278.979755894048139, 5539715.242380675859749, 168.0 ], [ 348276.458267544629052, 5539711.97514795139432, 168.199996948242188 ], [ 348276.006202868418768, 5539711.297841064631939, 168.199996948242188 ], [ 348268.764880364877172, 5539703.566641104407609, 168.199996948242188 ], [ 348259.413764575961977, 5539695.643388292752206, 167.800003051757812 ], [ 348250.4792550066486, 5539687.782960603944957, 167.800003051757812 ], [ 348249.287403956055641, 5539681.363294770941138, 167.600006103515625 ], [ 348249.741830045008101, 5539680.212687730789185, 167.399993896484375 ], [ 348250.446403697947972, 5539678.765900094993412, 167.199996948242188 ], [ 348254.742246651905589, 5539672.713098577223718, 166.399993896484375 ], [ 348259.449134279740974, 5539666.312936791218817, 166.399993896484375 ], [ 348261.262300689762924, 5539664.098030783236027, 166.199996948242188 ], [ 348262.625893129268661, 5539661.718664596788585, 166.199996948242188 ], [ 348264.185363691998646, 5539659.249821602366865, 166.199996948242188 ], [ 348267.857022556709126, 5539651.536070921458304, 166.0 ], [ 348275.710018973448314, 5539640.943533783778548, 165.600006103515625 ], [ 348278.337211375590414, 5539636.262247079052031, 165.399993896484375 ], [ 348280.867672991880681, 5539632.199198794551194, 165.399993896484375 ], [ 348287.574294923862908, 5539624.436854336410761, 165.199996948242188 ], [ 348290.33414633013308, 5539621.467754769138992, 165.199996948242188 ], [ 348294.481973262503743, 5539616.342427590861917, 165.0 ], [ 348300.389704193046782, 5539607.968564164824784, 164.800003051757812 ], [ 348305.143777884310111, 5539597.920750943943858, 165.0 ], [ 348309.447741722455248, 5539584.71493267826736, 165.0 ], [ 348311.970456416835077, 5539572.091097962111235, 164.800003051757812 ], [ 348312.351296250126325, 5539569.18934234790504, 164.800003051757812 ], [ 348313.234573104651645, 5539561.946227084845304, 164.800003051757812 ], [ 348311.57492533151526, 5539551.529725312255323, 164.800003051757812 ], [ 348306.972533702850342, 5539541.2338124839589, 164.199996948242188 ], [ 348303.96639580023475, 5539532.953711313195527, 164.0 ], [ 348299.587321552215144, 5539520.777010830119252, 164.0 ], [ 348293.592548872402404, 5539506.323936883360147, 164.0 ], [ 348290.019299742067233, 5539491.391994367353618, 164.600006103515625 ], [ 348286.810049290361349, 5539482.735294961370528, 164.800003051757812 ], [ 348281.414909489103593, 5539472.900148846209049, 164.800003051757812 ], [ 348277.994194969651289, 5539467.60670386813581, 164.600006103515625 ], [ 348272.003635795088485, 5539458.403918989002705, 164.800003051757812 ], [ 348265.537263158126734, 5539448.748323093168437, 164.800003051757812 ], [ 348263.029638044419698, 5539439.390994446352124, 164.800003051757812 ], [ 348264.732657132204622, 5539425.848444911651313, 164.800003051757812 ], [ 348267.648597644292749, 5539408.849016176536679, 165.199996948242188 ], [ 348268.873438963550143, 5539406.025948532857001, 165.199996948242188 ], [ 348271.590538745746017, 5539393.471201583743095, 165.0 ], [ 348275.36519407085143, 5539380.466862861998379, 164.399993896484375 ], [ 348281.30513023736421, 5539368.548303195275366, 164.600006103515625 ], [ 348288.387888974277303, 5539359.404450092464685, 165.0 ], [ 348296.144412798166741, 5539350.48400729522109, 165.0 ], [ 348306.654663903114852, 5539341.345758409239352, 165.199996948242188 ], [ 348311.100755580409896, 5539338.039859710261226, 165.199996948242188 ], [ 348324.412584243225865, 5539329.736286686733365, 165.0 ], [ 348328.893709606316406, 5539318.530521284788847, 165.199996948242188 ], [ 348329.539013679022901, 5539316.898910841904581, 165.199996948242188 ], [ 348331.106162145617418, 5539311.296433566138148, 165.199996948242188 ], [ 348335.10807012184523, 5539301.428488084115088, 165.0 ], [ 348338.559404988074675, 5539290.802089177072048, 165.399993896484375 ], [ 348340.156333080551121, 5539284.12631456553936, 165.399993896484375 ], [ 348340.692654056358151, 5539282.25532060302794, 165.399993896484375 ], [ 348336.695907603483647, 5539262.980220512486994, 165.0 ], [ 348335.720684896805324, 5539261.664909274317324, 165.199996948242188 ], [ 348327.538891146483365, 5539250.463074036873877, 165.399993896484375 ], [ 348322.492641605669633, 5539244.674702127464116, 166.0 ], [ 348313.624466723529622, 5539237.054735993035138, 166.0 ], [ 348308.484533602022566, 5539233.693716328591108, 166.0 ], [ 348304.671784530044533, 5539231.973772941157222, 166.199996948242188 ], [ 348290.110400341916829, 5539226.091011954471469, 166.199996948242188 ], [ 348286.40018896368565, 5539223.957846849225461, 166.199996948242188 ], [ 348279.817619596957229, 5539215.303367340937257, 166.399993896484375 ], [ 348272.385508994455449, 5539208.50078496336937, 166.0 ], [ 348262.669503604469355, 5539205.558435430750251, 166.0 ], [ 348247.738006985629909, 5539205.934501510113478, 166.399993896484375 ], [ 348246.542127352789976, 5539205.959031654521823, 166.399993896484375 ], [ 348257.748043972766027, 5539143.343161991797388, 0.0 ], [ 348352.58737242675852, 5539160.460504200309515, 0.0 ], [ 348456.216687420383096, 5539163.698920294642448, 0.0 ], [ 348485.36243226233637, 5539170.17575248144567, 0.0 ], [ 348499.241358377563301, 5539162.773658553138375, 0.0 ], [ 348507.106083176156972, 5539161.848396812565625, 0.0 ], [ 348517.746593197865877, 5539169.713121610693634, 0.0 ], [ 348545.967076298780739, 5539231.243027388118207, 0.0 ], [ 348649.596391292405315, 5539293.235564036294818, 0.0 ], [ 348663.012686537113041, 5539291.847671424970031, 0.0 ], [ 348690.307907897047698, 5539275.192960086278617, 0.0 ], [ 348703.724203141755424, 5539278.662691615521908, 0.0 ], [ 348746.74887409893563, 5539302.719496881589293, 0.0 ], [ 348791.624068538134452, 5539311.509483421221375, 0.0 ], [ 348799.951424207305536, 5539321.687362572178245, 0.0 ], [ 348767.104632401256822, 5539407.736704486422241, 0.0 ], [ 348753.22570628602989, 5539450.298744573257864, 0.0 ], [ 348752.763075415568892, 5539473.430288098752499, 0.0 ], [ 348737.284771530947182, 5539671.371168896555901, 0.0 ], [ 348738.96582822635537, 5539687.865942290052772, 0.0 ], [ 348732.643714353907853, 5539705.146386874839664, 0.0 ], [ 348741.916148033516947, 5539719.055037394165993, 0.0 ], [ 348749.924158938636538, 5539793.655981088988483, 0.0 ], [ 348760.461015392735135, 5539962.245684354566038, 0.0 ], [ 348768.047552039730363, 5540042.747267664410174, 0.0 ], [ 348764.254283716203645, 5540110.604623228311539, 0.0 ], [ 348754.981850036594551, 5540143.901089623570442, 0.0 ], [ 348737.279931193741504, 5540186.891463956795633, 0.0 ], [ 348719.321411915472709, 5540224.586702259257436, 191.800003051757812 ], [ 348713.046325770788826, 5540234.210806203074753, 192.399993896484375 ], [ 348706.716975589282811, 5540240.208749068900943, 192.600006103515625 ], [ 348705.617924891063012, 5540241.312236635014415, 192.600006103515625 ], [ 348703.293767655501142, 5540243.95175439864397, 193.0 ], [ 348701.043493364879396, 5540246.439975803717971, 193.199996948242188 ], [ 348693.929780861129984, 5540257.020355422049761, 193.399993896484375 ], [ 348688.984966868069023, 5540263.081810163334012, 193.800003051757812 ], [ 348681.963468530448154, 5540267.346095874905586, 193.600006103515625 ], [ 348675.610130036948249, 5540274.4078881861642, 194.0 ], [ 348674.696117900544778, 5540274.825380108319223, 194.199996948242188 ], [ 348667.219014512607828, 5540280.837136005982757, 194.399993896484375 ], [ 348659.709354011458345, 5540287.185548486188054, 194.800003051757812 ], [ 348655.746239833650179, 5540290.328338910825551, 195.0 ], [ 348652.170946318772621, 5540293.366921450011432, 195.199996948242188 ], [ 348646.41059391212184, 5540299.498082993552089, 195.199996948242188 ], [ 348639.413918759906664, 5540304.638344903476536, 195.199996948242188 ], [ 348629.713205856038257, 5540310.246682550758123, 196.0 ], [ 348628.011081815348007, 5540311.068800852634013, 196.0 ], [ 348618.616143359220587, 5540315.157755165360868, 196.399993896484375 ], [ 348610.369389567873441, 5540318.393623759970069, 196.600006103515625 ], [ 348601.874432012322359, 5540323.483011209405959, 196.600006103515625 ], [ 348589.935898966854438, 5540330.525534387677908, 197.0 ], [ 348587.492887243744917, 5540331.508487055078149, 197.199996948242188 ], [ 348577.943052585003898, 5540335.2195381578058, 197.199996948242188 ], [ 348566.868646078160964, 5540339.439978861249983, 197.399993896484375 ], [ 348557.261028347769752, 5540343.870782061479986, 197.399993896484375 ], [ 348548.160226862004492, 5540346.664601880125701, 197.600006103515625 ], [ 348537.929828205262311, 5540350.329682693816721, 198.0 ], [ 348530.75892715563532, 5540352.490786678157747, 198.199996948242188 ], [ 348526.727023709798232, 5540353.621265874244273, 198.399993896484375 ], [ 348517.46238056384027, 5540356.997966141439974, 198.600006103515625 ], [ 348516.526158582535572, 5540357.266902537085116, 198.600006103515625 ], [ 348508.172771323355846, 5540361.830202708020806, 198.800003051757812 ], [ 348501.636563905980438, 5540365.176422072574496, 199.0 ], [ 348493.345268675417174, 5540368.320479853078723, 199.0 ], [ 348488.927737209247425, 5540369.844247071072459, 199.199996948242188 ], [ 348479.954154041246511, 5540372.45740036573261, 199.399993896484375 ], [ 348472.639714286779054, 5540373.792653289623559, 199.399993896484375 ], [ 348460.995297100278549, 5540378.89673313498497, 200.199996948242188 ], [ 348456.084170843474567, 5540380.397184773348272, 200.199996948242188 ], [ 348451.781797655159608, 5540382.8036715015769, 200.0 ], [ 348445.781000436283648, 5540387.011438149958849, 200.199996948242188 ], [ 348440.338580134673975, 5540391.194092489778996, 200.399993896484375 ], [ 348431.503765695495531, 5540395.948324157856405, 200.399993896484375 ], [ 348420.473251603194512, 5540402.350060035474598, 200.399993896484375 ], [ 348413.960512278717943, 5540407.15986848808825, 201.0 ], [ 348410.976240304880776, 5540409.407866233028471, 201.199996948242188 ], [ 348404.608884854940698, 5540413.8312185741961, 201.600006103515625 ], [ 348403.243731789756566, 5540414.662529457360506, 201.800003051757812 ], [ 348394.657189550343901, 5540420.752707866951823, 202.399993896484375 ], [ 348391.263178780442104, 5540424.028816250152886, 203.199996948242188 ], [ 348389.883552456158213, 5540425.410759004764259, 203.399993896484375 ], [ 348382.096079732640646, 5540432.970468362793326, 203.399993896484375 ], [ 348375.194962305482477, 5540439.348716245032847, 203.199996948242188 ], [ 348371.360490979393944, 5540442.991680723614991, 203.0 ], [ 348362.941192338243127, 5540452.014790615066886, 202.800003051757812 ], [ 348352.019037200603634, 5540465.212078646756709, 203.0 ], [ 348346.66005121381022, 5540472.12491789739579, 203.600006103515625 ], [ 348338.251953757426236, 5540482.602570569142699, 203.800003051757812 ], [ 348330.850062232115306, 5540494.646458751522005, 204.600006103515625 ], [ 348323.893512283917516, 5540505.857086514122784, 204.600006103515625 ], [ 348318.274810405971948, 5540517.608048037625849, 205.399993896484375 ], [ 348311.907111250038724, 5540531.142787761054933, 205.600006103515625 ], [ 348310.32966052624397, 5540534.665950637310743, 205.600006103515625 ], [ 348305.067791054781992, 5540549.251181094907224, 206.399993896484375 ], [ 348299.812725883675739, 5540561.952424154616892, 206.600006103515625 ], [ 348298.043187712260988, 5540566.75865809712559, 206.800003051757812 ], [ 348295.010946165188216, 5540581.532569922506809, 207.199996948242188 ], [ 348291.927015294553712, 5540590.871034804731607, 207.199996948242188 ], [ 348289.82147883361904, 5540605.040515730157495, 207.199996948242188 ], [ 348289.258614557562396, 5540610.213594423606992, 207.199996948242188 ], [ 348288.426015896140598, 5540617.324741723015904, 207.600006103515625 ], [ 348287.293807784677483, 5540625.106501458212733, 207.800003051757812 ], [ 348286.245463159168139, 5540634.788340664468706, 208.0 ], [ 348286.233093879069202, 5540636.262159917503595, 207.800003051757812 ], [ 348284.852088031999301, 5540649.693046635948122, 208.199996948242188 ], [ 348284.174704372358974, 5540663.346479687839746, 208.600006103515625 ], [ 348284.621314025775064, 5540666.168862371705472, 208.800003051757812 ], [ 348283.448463567707222, 5540674.212896337732673, 208.800003051757812 ], [ 348282.493350357632153, 5540679.331804058514535, 208.800003051757812 ], [ 348281.737015252874698, 5540686.375514383427799, 209.0 ], [ 348281.056471351941582, 5540700.765773455612361, 209.600006103515625 ], [ 348280.020196098834276, 5540717.66540907882154, 209.800003051757812 ], [ 348279.867106702411547, 5540719.264448381960392, 209.800003051757812 ], [ 348277.497019359318074, 5540732.154478709213436, 210.199996948242188 ], [ 348276.875308031274471, 5540742.2532265977934, 210.600006103515625 ], [ 348276.995173397532199, 5540746.698217680677772, 210.600006103515625 ], [ 348275.905598898825701, 5540758.955139347352087, 211.0 ], [ 348274.263497546024155, 5540772.290845233947039, 211.199996948242188 ], [ 348273.382904870668426, 5540784.709713875316083, 211.399993896484375 ], [ 348273.000093762297183, 5540798.998288881964982, 211.399993896484375 ], [ 348272.490534707787447, 5540804.990529938600957, 211.600006103515625 ], [ 348271.240890981804114, 5540815.414813883602619, 212.199996948242188 ], [ 348269.59812120301649, 5540827.239770113490522, 212.399993896484375 ], [ 348268.000566635746509, 5540833.868999627418816, 212.800003051757812 ], [ 348267.944154798518866, 5540843.550734243355691, 212.600006103515625 ], [ 348268.286959493765607, 5540856.503829628229141, 212.800003051757812 ], [ 348267.640799281653017, 5540867.647759785875678, 213.199996948242188 ], [ 348267.375649028690532, 5540875.265088410116732, 213.600006103515625 ], [ 348267.137692245189101, 5540882.993556130677462, 213.800003051757812 ], [ 348266.631275951862335, 5540887.185838839039207, 214.0 ], [ 348265.130686518619768, 5540895.75208265800029, 214.0 ], [ 348265.361017128685489, 5540897.517453441396356, 214.0 ], [ 348264.509471509547438, 5540909.049558487720788, 214.399993896484375 ], [ 348263.995094635756686, 5540918.054159373044968, 214.800003051757812 ], [ 348264.144520734495018, 5540925.240088080056012, 214.800003051757812 ], [ 348264.183164801273961, 5540928.726827796548605, 215.0 ], [ 348264.267363297170959, 5540937.854362157173455, 215.399993896484375 ], [ 348263.235327807720751, 5540948.319118233397603, 215.800003051757812 ], [ 348262.85350075410679, 5540949.057342101819813, 215.800003051757812 ], [ 348263.148541397647932, 5540955.01747230719775, 216.800003051757812 ], [ 348263.577843760023825, 5540959.351117501966655, 217.0 ], [ 348264.705494082765654, 5540972.636365079320967, 216.800003051757812 ], [ 348266.587265983980615, 5540986.655640637502074, 217.399993896484375 ], [ 348267.290919391671196, 5540992.399031353183091, 217.800003051757812 ], [ 348268.465935691143386, 5540999.928943734616041, 218.199996948242188 ], [ 348272.450642602518201, 5541011.370705216191709, 218.600006103515625 ], [ 348273.907416241709143, 5541018.025342816486955, 219.0 ], [ 348275.525968205649406, 5541023.388443933799863, 219.0 ], [ 348279.301270975614898, 5541036.775898287072778, 219.800003051757812 ], [ 348280.656738799531013, 5541041.764095231890678, 220.0 ], [ 348283.78066773689352, 5541048.707247466780245, 220.199996948242188 ], [ 348290.782741015311331, 5541063.756569309160113, 220.399993896484375 ], [ 348297.689610856119543, 5541078.416912861168385, 221.0 ], [ 348305.751244524959475, 5541088.857298963703215, 221.800003051757812 ], [ 348312.847180308890529, 5541096.611243944615126, 222.0 ], [ 348313.653352026129141, 5541097.698182362131774, 222.0 ], [ 348321.476193862501532, 5541108.835457110777497, 222.600006103515625 ], [ 348326.257747928029858, 5541119.555257895030081, 223.0 ], [ 348326.791394703788683, 5541120.994967067614198, 223.199996948242188 ], [ 348336.826189848827198, 5541130.223135329782963, 223.399993896484375 ], [ 348345.927697392529808, 5541140.456946070306003, 223.800003051757812 ], [ 348350.500200950773433, 5541146.342615874484181, 224.199996948242188 ], [ 348355.460178993584123, 5541152.114737285301089, 224.600006103515625 ], [ 348364.140066538238898, 5541160.196935713291168, 225.199996948242188 ], [ 348376.364270541525912, 5541168.421297110617161, 225.600006103515625 ], [ 348385.644990591215901, 5541177.558983512222767, 226.199996948242188 ], [ 348386.912739801511634, 5541178.390398477204144, 226.199996948242188 ], [ 348397.795171700941864, 5541184.657069398090243, 226.399993896484375 ], [ 348407.648256208864041, 5541191.083450536243618, 226.800003051757812 ], [ 348417.131002831680235, 5541197.380441746674478, 227.199996948242188 ], [ 348420.515859425766394, 5541199.746661042794585, 227.399993896484375 ], [ 348426.554431251192, 5541202.643968756310642, 227.600006103515625 ], [ 348436.540579055435956, 5541206.977666816674173, 228.0 ], [ 348444.890980872674845, 5541210.219918908551335, 228.399993896484375 ], [ 348446.619846542365849, 5541210.9916727617383, 228.399993896484375 ], [ 348458.052490969072096, 5541215.890659946016967, 228.600006103515625 ], [ 348464.860263779584784, 5541219.633543535135686, 229.0 ], [ 348475.306199333572295, 5541223.012403928674757, 229.399993896484375 ], [ 348476.623326185159385, 5541223.040428013540804, 229.399993896484375 ], [ 348484.719322377932258, 5541226.215329918079078, 230.0 ], [ 348494.561372650205158, 5541229.070413894951344, 230.199996948242188 ], [ 348496.306813143310137, 5541229.366101339459419, 230.399993896484375 ], [ 348499.441240344953258, 5541229.892953014932573, 230.399993896484375 ], [ 348503.794241645256989, 5541232.06397822406143, 230.399993896484375 ], [ 348514.241300390101969, 5541236.972302447073162, 230.199996948242188 ], [ 348525.697756068198942, 5541237.403723913244903, 230.399993896484375 ], [ 348535.247048956109211, 5541239.259978584013879, 231.0 ], [ 348538.790287479409017, 5541240.428095623850822, 231.600006103515625 ], [ 348546.974509117484558, 5541242.686671325005591, 232.600006103515625 ], [ 348548.372920707683079, 5541243.038815575651824, 232.800003051757812 ], [ 348554.205220800591633, 5541245.447829070501029, 233.600006103515625 ], [ 348563.610615393728949, 5541250.50693026278168, 233.0 ], [ 348570.770923461648636, 5541254.818172570317984, 233.199996948242188 ], [ 348580.32026768301148, 5541259.229756349697709, 233.800003051757812 ], [ 348582.102410905063152, 5541260.186561021953821, 233.800003051757812 ], [ 348589.626196021679789, 5541265.662596076726913, 234.399993896484375 ], [ 348596.931179835926741, 5541270.202925608493388, 234.800003051757812 ], [ 348600.751227973494679, 5541271.596401765011251, 235.0 ], [ 348609.05115799367195, 5541275.399870808236301, 235.199996948242188 ], [ 348616.972209746367298, 5541282.599301620386541, 235.399993896484375 ], [ 348624.351170594221912, 5541286.568705904297531, 235.399993896484375 ], [ 348630.381756946560927, 5541291.95643050968647, 235.600006103515625 ], [ 348635.297377212787978, 5541296.387138751335442, 235.800003051757812 ], [ 348640.6964097203454, 5541300.058133097365499, 236.199996948242188 ], [ 348647.397652564570308, 5541305.995795262046158, 236.800003051757812 ], [ 348648.26431003556354, 5541307.099722055718303, 237.0 ], [ 348650.81782890408067, 5541309.405636402778327, 237.0 ], [ 348654.53986801917199, 5541312.862905277870595, 236.800003051757812 ], [ 348655.73104707832681, 5541313.752498190850019, 236.800003051757812 ], [ 348662.379043819208164, 5541319.934151035733521, 236.399993896484375 ], [ 348668.921634533908218, 5541327.704163856804371, 236.800003051757812 ], [ 348676.618290143203922, 5541336.327526568435133, 237.0 ], [ 348679.588498307857662, 5541338.49112196918577, 237.199996948242188 ], [ 348685.07819450245006, 5541343.884856996126473, 237.399993896484375 ], [ 348692.725350220338441, 5541356.715543842874467, 237.600006103515625 ], [ 348696.546533760149032, 5541362.408214268274605, 238.0 ], [ 348698.398919864906929, 5541364.78990788012743, 238.0 ], [ 348704.525865120114759, 5541374.446171731688082, 238.600006103515625 ], [ 348708.189799200568814, 5541381.169121247716248, 238.800003051757812 ], [ 348708.825943819829263, 5541382.624619433656335, 239.0 ], [ 348712.560766321548726, 5541387.60165776964277, 239.199996948242188 ], [ 348716.426515428349376, 5541400.194122227840126, 240.0 ], [ 348720.029276030487381, 5541410.285394831560552, 240.600006103515625 ], [ 348720.935377783374861, 5541412.787077561020851, 240.800003051757812 ], [ 348721.866074798628688, 5541415.521209050901234, 241.0 ], [ 348725.747443886008114, 5541425.688547944650054, 241.800003051757812 ], [ 348729.862942840787582, 5541436.697918591089547, 241.800003051757812 ], [ 348731.980989318341017, 5541445.721365021541715, 242.0 ], [ 348732.590777150355279, 5541447.308170055039227, 242.0 ], [ 348735.866765412618406, 5541457.110255936160684, 242.0 ], [ 348736.057382490020245, 5541458.32654357329011, 242.199996948242188 ], [ 348736.480146421818063, 5541462.016919573768973, 243.199996948242188 ], [ 348736.64392753620632, 5541465.901123723946512, 244.399993896484375 ], [ 348738.853090757562313, 5541474.959302068687975, 244.0 ], [ 348741.250121995806694, 5541483.43398071732372, 243.199996948242188 ], [ 348741.474279106769245, 5541485.199539414606988, 243.0 ], [ 348740.700469133385923, 5541494.192742836661637, 242.800003051757812 ], [ 348742.587413343018852, 5541509.293768645264208, 243.199996948242188 ], [ 348741.893649083620403, 5541521.334225710481405, 243.399993896484375 ], [ 348742.496640481636859, 5541530.130012868903577, 243.199996948242188 ], [ 348741.991035108454525, 5541542.873912604525685, 243.0 ], [ 348741.230180817772634, 5541552.538204002194107, 244.199996948242188 ], [ 348741.106668171822093, 5541553.698082532733679, 244.199996948242188 ], [ 348740.846312425157521, 5541561.930729418992996, 244.199996948242188 ], [ 348740.055297490849625, 5541570.952397820539773, 244.199996948242188 ], [ 348737.177831051754765, 5541581.431848131120205, 245.199996948242188 ], [ 348736.885519765084609, 5541583.211992124095559, 245.399993896484375 ], [ 348735.54411056288518, 5541588.705427384003997, 245.600006103515625 ], [ 348732.277042879897635, 5541603.690887183882296, 245.600006103515625 ], [ 348729.154371569631621, 5541615.063213587738574, 246.0 ], [ 348725.095399977057241, 5541626.480638043023646, 246.600006103515625 ], [ 348722.631008641968947, 5541634.346553821116686, 246.600006103515625 ], [ 348718.101999034406617, 5541646.569948371499777, 247.600006103515625 ], [ 348717.621427201491315, 5541648.280805561691523, 247.600006103515625 ], [ 348715.321309464750811, 5541656.216692031361163, 247.800003051757812 ], [ 348711.51826039981097, 5541665.202210797928274, 248.199996948242188 ], [ 348709.711645308532752, 5541670.820704606361687, 248.600006103515625 ], [ 348708.260811029467732, 5541677.119254064746201, 249.199996948242188 ], [ 348706.188556345878169, 5541682.26964046061039, 249.800003051757812 ], [ 348704.201004408299923, 5541687.865270585753024, 250.199996948242188 ], [ 348700.605174080701545, 5541697.376513128168881, 250.0 ], [ 348699.176685441052541, 5541704.252630655653775, 249.800003051757812 ], [ 348697.06919172173366, 5541710.495128436014056, 249.800003051757812 ], [ 348694.93800614355132, 5541722.706768559291959, 250.600006103515625 ], [ 348694.513997416186612, 5541726.206572456285357, 250.800003051757812 ], [ 348692.823236152471509, 5541733.584366015158594, 251.199996948242188 ], [ 348691.692418104736134, 5541742.699580572545528, 251.600006103515625 ], [ 348691.068611542927101, 5541745.934583006426692, 251.800003051757812 ], [ 348689.078210416366346, 5541754.831613164395094, 252.199996948242188 ], [ 348688.219038418086711, 5541762.074007320217788, 252.600006103515625 ], [ 348688.191106376470998, 5541766.61643117852509, 252.800003051757812 ], [ 348687.746990100946277, 5541773.446093102917075, 253.0 ], [ 348686.066004212596454, 5541784.57256156951189, 253.0 ], [ 348684.232236096228007, 5541797.736358778551221, 253.399993896484375 ], [ 348683.545412025880069, 5541807.249366178177297, 253.800003051757812 ], [ 348681.890190991689451, 5541815.670645003207028, 254.0 ], [ 348679.428225806797855, 5541833.188663409091532, 254.399993896484375 ], [ 348680.289520849008113, 5541839.636392889544368, 254.800003051757812 ], [ 348679.576337112579495, 5541848.003080735914409, 255.199996948242188 ], [ 348678.380263516155537, 5541856.933631110005081, 255.199996948242188 ], [ 348678.602697753522079, 5541867.997001241892576, 255.0 ], [ 348678.068399561452679, 5541877.589633672498167, 255.199996948242188 ], [ 348676.458502019871958, 5541887.613663702271879, 255.600006103515625 ], [ 348675.277790180582087, 5541895.172897966578603, 255.800003051757812 ], [ 348673.103154890297446, 5541900.736530140973628, 255.800003051757812 ], [ 348671.355310581275262, 5541905.877771544270217, 256.0 ], [ 348670.753572957008146, 5541919.463729603216052, 256.20001220703125 ], [ 348667.396559049782809, 5541928.697814158163965, 256.20001220703125 ], [ 348663.629823469789699, 5541940.87176266964525, 256.20001220703125 ], [ 348658.679018044960685, 5541951.764244740828872, 256.20001220703125 ], [ 348656.097841047449037, 5541963.56897200178355, 256.20001220703125 ], [ 348651.532185468066018, 5541974.478556130081415, 256.20001220703125 ], [ 348647.320058510988019, 5541984.287041974253953, 256.0 ], [ 348641.893366576870903, 5541991.947633144445717, 256.399993896484375 ], [ 348636.47638124396326, 5542000.80165193323046, 256.600006103515625 ], [ 348631.594015366630629, 5542008.157772842794657, 256.600006103515625 ], [ 348624.588750548078679, 5542014.398858647793531, 256.79998779296875 ], [ 348618.965226354426704, 5542022.960311879403889, 257.20001220703125 ], [ 348614.725328627042472, 5542029.869305799715221, 257.600006103515625 ], [ 348609.404495650087483, 5542035.531232089735568, 257.79998779296875 ], [ 348606.931841342360713, 5542037.988522491417825, 258.0 ], [ 348597.761574685806409, 5542047.788006134331226, 257.79998779296875 ], [ 348592.224329437944107, 5542052.383608052507043, 257.79998779296875 ], [ 348587.194304660428315, 5542057.701610092073679, 258.0 ], [ 348578.454288316424936, 5542066.136731908656657, 258.399993896484375 ], [ 348569.423221705656033, 5542074.692008230835199, 258.79998779296875 ], [ 348564.866337696090341, 5542078.038246506825089, 258.79998779296875 ], [ 348561.107319021888543, 5542081.333949780091643, 259.0 ], [ 348555.367307532520499, 5542087.045091847889125, 259.0 ], [ 348553.985410202178173, 5542088.119329379871488, 258.79998779296875 ], [ 348545.697540496475995, 5542092.988610476255417, 259.0 ], [ 348539.884369814419188, 5542097.386907923035324, 259.0 ], [ 348534.784749968326651, 5542099.815947607159615, 259.0 ], [ 348523.022116006992292, 5542105.492300649173558, 259.0 ], [ 348512.88268710882403, 5542112.251181705854833, 259.399993896484375 ], [ 348497.079160878667608, 5542118.265719053335488, 260.0 ], [ 348487.809639134269673, 5542122.845789785496891, 260.600006103515625 ], [ 348485.063932897290215, 5542124.145146283321083, 261.0 ], [ 348476.94000460463576, 5542127.583059649914503, 262.0 ], [ 348475.731304836459458, 5542127.980963339097798, 262.0 ], [ 348471.594676697859541, 5542128.760136333294213, 261.600006103515625 ], [ 348464.303554859536234, 5542131.046088088303804, 261.0 ], [ 348461.422264155873563, 5542132.013566222041845, 260.600006103515625 ], [ 348449.78671113436576, 5542136.017179385758936, 260.399993896484375 ], [ 348444.488034185720608, 5542137.780486825853586, 261.0 ], [ 348440.550631241116207, 5542138.591349339112639, 261.600006103515625 ], [ 348426.750591259566136, 5542142.9826729753986, 261.79998779296875 ], [ 348418.277751528134104, 5542144.919779499992728, 262.0 ], [ 348417.042341047374066, 5542145.01070253085345, 262.20001220703125 ], [ 348407.940691987983882, 5542148.299209252931178, 263.0 ], [ 348406.373620828031562, 5542148.987046528607607, 263.0 ], [ 348396.530462503258605, 5542153.891270037740469, 263.0 ], [ 348388.602503676025663, 5542155.757045111618936, 263.0 ], [ 348375.13450820959406, 5542161.47269076667726, 263.20001220703125 ], [ 348362.889625253272243, 5542165.176674652844667, 263.20001220703125 ], [ 348351.326987379812635, 5542169.840573903173208, 263.399993896484375 ], [ 348347.084816929360386, 5542171.984397116117179, 263.600006103515625 ], [ 348339.956447467091493, 5542175.981857066974044, 263.79998779296875 ], [ 348336.785314001142979, 5542178.384456362575293, 264.20001220703125 ], [ 348331.622898808214813, 5542182.410183660686016, 264.79998779296875 ], [ 348330.746396312722936, 5542183.078486119396985, 264.79998779296875 ], [ 348327.932458904571831, 5542184.724912621080875, 265.20001220703125 ], [ 348322.794208461185917, 5542188.330304739065468, 265.79998779296875 ], [ 348315.529285527998582, 5542193.021774322725832, 266.20001220703125 ], [ 348309.371561156702228, 5542197.551331114023924, 266.600006103515625 ], [ 348296.279356671730056, 5542208.040664257481694, 267.20001220703125 ], [ 348292.498483633389696, 5542210.768315392546356, 267.399993896484375 ], [ 348289.839442561147735, 5542212.578239187598228, 267.399993896484375 ], [ 348280.437099319824483, 5542218.822437063790858, 267.399993896484375 ], [ 348272.01725205546245, 5542226.01802240870893, 267.600006103515625 ], [ 348269.610234660329297, 5542228.874629693105817, 267.600006103515625 ], [ 348264.913646516972221, 5542232.793969992548227, 267.79998779296875 ], [ 348262.025458003510721, 5542234.787591245025396, 267.79998779296875 ], [ 348254.56744308170164, 5542239.447317500598729, 268.399993896484375 ], [ 348251.065333589795046, 5542241.831372726708651, 268.79998779296875 ], [ 348243.955817355657928, 5542247.124718377366662, 269.399993896484375 ], [ 348242.710810141521506, 5542248.148533211089671, 269.399993896484375 ], [ 348235.211998778686393, 5542258.153119016438723, 269.399993896484375 ], [ 348232.044913524296135, 5542272.781774958595634, 269.600006103515625 ], [ 348231.659191446902696, 5542282.920509744435549, 269.600006103515625 ], [ 348230.439798504405189, 5542283.999556782655418, 270.0 ], [ 348230.2554441455286, 5542283.958143993280828, 269.839663735240265 ], [ 348229.670645174570382, 5542290.362890011630952, 269.399993896484375 ], [ 348228.838656406267546, 5542303.414593024179339, 269.79998779296875 ], [ 348228.60353643912822, 5542304.691395436413586, 269.5 ], [ 348228.742082435754128, 5542305.095971618779004, 269.20001220703125 ], [ 348229.04235016257735, 5542305.401383887045085, 269.084498761938335 ], [ 348228.985826421820093, 5542304.790638320147991, 268.79998779296875 ], [ 348229.023563801194541, 5542304.425863116048276, 268.79998779296875 ], [ 348229.479388692649081, 5542304.394292685203254, 268.399993896484375 ], [ 348229.704674322973005, 5542305.133970608003438, 268.20001220703125 ], [ 348230.101842725765891, 5542305.365184659138322, 268.0 ], [ 348229.104127680649981, 5542308.116591128520668, 269.0 ], [ 348230.711664924281649, 5542320.520955489017069, 269.399993896484375 ], [ 348230.196094185754191, 5542334.347057362087071, 270.0 ], [ 348229.881567623699084, 5542343.392658920027316, 270.600006103515625 ], [ 348229.740655597939622, 5542345.205855281092227, 270.600006103515625 ], [ 348230.106458890833892, 5542355.780255789868534, 271.0 ], [ 348230.17915596353123, 5542358.557279924862087, 271.399993896484375 ], [ 348230.300527883402538, 5542360.083269066177309, 271.399993896484375 ], [ 348230.458649852429517, 5542361.421700902283192, 271.399993896484375 ], [ 348230.661111023800913, 5542362.628315062262118, 271.399993896484375 ], [ 348230.6553194760927, 5542367.300698523409665, 271.600006103515625 ], [ 348230.855422459426336, 5542373.300834119319916, 272.0 ], [ 348231.344944690237753, 5542383.787796509452164, 272.20001220703125 ], [ 348229.8923060442321, 5542387.661866101436317, 272.20001220703125 ], [ 348229.337929264875129, 5542388.880605063401163, 272.20001220703125 ], [ 348219.843126191641204, 5542394.605305789969862, 272.399993896484375 ], [ 348212.997839799965732, 5542396.067642219364643, 272.600006103515625 ], [ 348209.767536722356454, 5542396.588194300420582, 272.600006103515625 ], [ 348206.788156116148457, 5542396.420852878130972, 272.79998779296875 ], [ 348196.879247573553585, 5542395.591978221200407, 273.20001220703125 ], [ 348190.596338031697087, 5542393.998193197883666, 273.600006103515625 ], [ 348189.158923732349649, 5542393.320857798680663, 273.600006103515625 ], [ 348180.285144965571817, 5542389.366504721343517, 274.0 ], [ 348172.012840267503634, 5542382.252320014871657, 274.20001220703125 ], [ 348165.04717877751682, 5542374.383011898957193, 274.399993896484375 ], [ 348159.754106336331461, 5542365.52437992580235, 274.399993896484375 ], [ 348152.871249068237375, 5542358.669249509461224, 274.79998779296875 ], [ 348151.590322454867419, 5542357.577151187695563, 274.79998779296875 ], [ 348144.371305498527363, 5542350.311902415007353, 275.20001220703125 ], [ 348136.991392875323072, 5542342.883361095562577, 275.20001220703125 ], [ 348126.348078930284828, 5542336.293445663526654, 275.399993896484375 ], [ 348114.480936307343654, 5542328.507256832905114, 275.0 ], [ 348100.80691794026643, 5542324.605248602107167, 274.79998779296875 ], [ 348090.119025432039052, 5542323.649447928182781, 274.79998779296875 ], [ 348081.068957154755481, 5542325.985839801840484, 275.0 ], [ 348078.086018743633758, 5542326.965742033906281, 275.0 ], [ 348066.868560706498101, 5542330.855776063166559, 275.399993896484375 ], [ 348054.763783695118036, 5542332.700683689676225, 275.79998779296875 ], [ 348043.385682525753509, 5542334.105337241664529, 276.0 ], [ 348041.782791452773381, 5542334.374641462229192, 276.20001220703125 ], [ 348036.411349183355924, 5542335.468975546769798, 276.399993896484375 ], [ 348030.554857333539985, 5542336.623709380626678, 276.79998779296875 ], [ 348027.40195253083948, 5542337.543183417990804, 276.79998779296875 ], [ 348014.614466302911751, 5542340.741148257628083, 277.0 ], [ 348001.359636524808593, 5542345.258022506721318, 277.0 ], [ 347989.605766623688396, 5542348.45468731969595, 276.399993896484375 ], [ 347976.393560765194707, 5542352.354911956936121, 276.79998779296875 ], [ 347966.136298683122732, 5542357.253068439662457, 277.600006103515625 ], [ 347962.709331093414221, 5542360.371927870437503, 277.79998779296875 ], [ 347962.901822903892025, 5542360.590282076969743, 277.79998779296875 ], [ 347954.432052306015976, 5542361.772668831981719, 278.0 ], [ 347947.555266272975132, 5542365.511737583205104, 278.600006103515625 ], [ 347945.890814504469745, 5542366.575513091869652, 278.600006103515625 ], [ 347939.436762770055793, 5542369.752366377972066, 278.79998779296875 ], [ 347937.83732611418236, 5542370.142839897423983, 279.0 ], [ 347929.817618713888805, 5542375.322585560381413, 279.399993896484375 ], [ 347923.984274842077866, 5542378.136776374652982, 279.79998779296875 ], [ 347921.525540162750985, 5542379.586823794990778, 280.20001220703125 ], [ 347914.475889846682549, 5542383.79713729955256, 280.399993896484375 ], [ 347911.340892922657076, 5542387.038301046937704, 280.399993896484375 ], [ 347910.592537540127523, 5542390.099771194159985, 280.600006103515625 ], [ 347908.81733853177866, 5542392.341757039539516, 280.79998779296875 ], [ 347906.40157397382427, 5542398.901137969456613, 281.0 ], [ 347905.605898392968811, 5542401.777436824515462, 281.20001220703125 ], [ 347826.219672897830606, 5542479.73053268250078, 284.399993896484375 ], [ 347821.2270329388557, 5542482.306458407081664, 284.399993896484375 ], [ 347814.916726938332431, 5542491.16813990008086, 284.79998779296875 ], [ 347810.468363764346577, 5542497.458937516435981, 285.0 ], [ 347806.199429832398891, 5542505.199468266218901, 285.600006103515625 ], [ 347805.5911215164233, 5542506.419789377599955, 285.600006103515625 ], [ 347801.079819544043858, 5542513.878113177604973, 285.399993896484375 ], [ 347799.876893146778457, 5542516.588816707953811, 285.600006103515625 ], [ 347796.735231111408211, 5542524.241360479965806, 285.600006103515625 ], [ 347794.323640367190819, 5542532.843040281906724, 285.600006103515625 ], [ 347793.684518117981497, 5542535.304573901928961, 285.79998779296875 ], [ 347787.607869833707809, 5542549.633912418037653, 286.0 ], [ 347784.745097968145274, 5542557.37179587688297, 286.0 ], [ 347784.548895071726292, 5542558.925460735335946, 286.20001220703125 ], [ 347781.785558266565204, 5542570.372199296019971, 286.399993896484375 ], [ 347778.42047742754221, 5542583.691886561922729, 286.600006103515625 ], [ 347775.741499488241971, 5542597.6821831446141, 287.0 ], [ 347773.928837331943214, 5542611.918302163481712, 287.0 ], [ 347773.566906964289956, 5542614.828924667090178, 287.0 ], [ 347771.914678061148152, 5542621.180158034898341, 287.20001220703125 ], [ 347770.824739630916156, 5542628.074955908581614, 287.20001220703125 ], [ 347769.839700789714698, 5542634.220705464482307, 287.399993896484375 ], [ 347768.506772644584998, 5542641.234322522766888, 287.600006103515625 ], [ 347767.967451755073853, 5542642.555272129364312, 287.600006103515625 ], [ 347762.816295661148615, 5542658.359796923585236, 288.20001220703125 ], [ 347762.153719933121465, 5542660.84065477270633, 288.20001220703125 ], [ 347760.823450555093586, 5542666.044987972825766, 288.20001220703125 ], [ 347759.686465746141039, 5542670.861466972157359, 288.399993896484375 ], [ 347758.022666634176858, 5542685.046734755858779, 288.399993896484375 ], [ 347754.843432758760173, 5542699.191160774789751, 288.399993896484375 ], [ 347752.426359179371502, 5542708.016845071688294, 288.20001220703125 ], [ 347751.999994472367689, 5542710.985257562249899, 288.399993896484375 ], [ 347749.959801807650365, 5542722.07573055382818, 288.399993896484375 ], [ 347746.962136395624839, 5542733.939497906714678, 288.399993896484375 ], [ 347744.484559725853615, 5542746.553196866065264, 288.399993896484375 ], [ 347741.703622623695992, 5542760.331927927210927, 288.0 ], [ 347738.554177027544938, 5542776.154173019342124, 288.399993896484375 ], [ 347738.720967919332907, 5542792.161889230832458, 289.0 ], [ 347738.053740928298794, 5542802.084901131689548, 289.20001220703125 ], [ 347737.278726221178658, 5542805.893230334855616, 289.399993896484375 ], [ 347736.667722595273517, 5542820.962505518458784, 290.0 ], [ 347736.47033777681645, 5542824.586543270386755, 290.20001220703125 ], [ 347737.227585494052619, 5542834.310507302172482, 290.79998779296875 ], [ 347738.763314372627065, 5542842.883906650356948, 291.399993896484375 ], [ 347738.739404049818404, 5542844.367394600994885, 291.399993896484375 ], [ 347739.419655070523731, 5542854.130851954221725, 292.20001220703125 ], [ 347739.400605620932765, 5542855.996560987085104, 292.399993896484375 ], [ 347739.447358374483883, 5542859.753543561324477, 293.79998779296875 ], [ 347740.372547061066143, 5542862.916669063270092, 294.79998779296875 ], [ 347740.322326587280259, 5542864.53146696370095, 294.79998779296875 ], [ 347741.28932956623612, 5542872.123175857588649, 294.399993896484375 ], [ 347743.497796469018795, 5542883.857555313035846, 294.600006103515625 ], [ 347745.158266170183197, 5542892.380779569037259, 295.0 ], [ 347774.52598193025915, 5542967.280823293142021, 298.399993896484375 ], [ 347787.220525132492185, 5542961.716083965264261, 298.399993896484375 ], [ 347789.669777174480259, 5542984.037779990583658, 298.399993896484375 ], [ 347793.415024172049016, 5542998.050617331638932, 299.0 ], [ 347793.770317473041359, 5542999.346133399754763, 299.20001220703125 ], [ 347796.75170503964182, 5543005.724178588949144, 299.20001220703125 ], [ 347800.420353068388067, 5543012.604934273287654, 299.399993896484375 ], [ 347805.744823665183503, 5543021.508956467732787, 299.79998779296875 ], [ 347810.778795549413189, 5543028.649332703091204, 300.0 ], [ 347814.038442892138846, 5543032.557456164620817, 300.0 ], [ 347815.785648686112836, 5543034.624754830263555, 300.20001220703125 ], [ 347816.203715948853642, 5543034.930557837709785, 299.936048636039061 ], [ 347816.366652151977178, 5543035.049740527756512, 300.0 ], [ 347817.074266179872211, 5543035.567337854765356, 300.20001220703125 ], [ 347817.487996175361332, 5543035.686306616291404, 300.085285062839546 ], [ 347817.98162944894284, 5543035.828251701779664, 300.219717552267184 ], [ 347818.271663999301381, 5543035.911651629023254, 300.226016276429675 ], [ 347818.29716143978294, 5543035.918983460403979, 300.223550379896153 ], [ 347818.740869304863736, 5543036.046572409570217, 300.236206078952137 ], [ 347818.311897882900666, 5543035.82889211550355, 300.195508616089796 ], [ 347818.272110001882538, 5543035.8087018718943, 300.20001220703125 ], [ 347817.612513551663142, 5543035.473991581238806, 300.20001220703125 ], [ 347817.599418547993992, 5543035.467346559278667, 300.061467393761632 ], [ 347817.149049240106251, 5543035.238807970657945, 300.20001220703125 ], [ 347816.840953414852265, 5543034.773182371631265, 300.0 ], [ 347816.832320790039375, 5543034.760135875083506, 300.105098263067589 ], [ 347816.766476916847751, 5543034.660625948570669, 300.094157145286147 ], [ 347816.634220277424902, 5543034.460746327415109, 300.20001220703125 ], [ 347816.08345647965325, 5543033.898200352676213, 299.79998779296875 ], [ 347816.08234070969047, 5543033.895644850097597, 299.758214212553867 ], [ 347815.427890009945258, 5543032.396724354475737, 299.79998779296875 ], [ 347816.019195168919396, 5543033.357230748981237, 299.845149970989269 ], [ 347816.810630289488472, 5543034.642824969254434, 300.065663730023118 ], [ 347816.766476916847751, 5543034.660625948570669, 300.094157145286147 ], [ 347816.712623333383817, 5543034.682337689213455, 300.0 ], [ 347816.832320790039375, 5543034.760135875083506, 300.105098263067589 ], [ 347816.846983753377572, 5543034.769666168838739, 299.905709846636853 ], [ 347816.916552075243089, 5543034.814882579259574, 300.098489805330473 ], [ 347817.679197839228436, 5543035.310569444671273, 299.99196094420688 ], [ 347818.272597155009862, 5543035.696253415197134, 300.166370384136826 ], [ 347818.327732213772833, 5543035.732088826596737, 300.162617824280971 ], [ 347818.867694990593009, 5543036.083041351288557, 300.230635152824959 ], [ 347819.063389468705282, 5543036.210234324447811, 300.20001220703125 ], [ 347818.740869304863736, 5543036.046572409570217, 300.236206078952137 ], [ 347818.867694990593009, 5543036.083041351288557, 300.230635152824959 ], [ 347819.165232445520815, 5543036.168598750606179, 300.076128799556557 ], [ 347819.57481803058181, 5543036.286375780589879, 299.978940693673849 ], [ 347819.876210751186591, 5543036.373041768558323, 300.44102463228694 ], [ 347819.809456332644913, 5543036.119342757388949, 300.008925140902249 ], [ 347819.770212824456394, 5543035.970198484137654, 300.008516303248825 ], [ 347819.759160851477645, 5543035.928195651620626, 300.04491270156484 ], [ 347819.428211329039186, 5543034.670427722856402, 300.79998779296875 ], [ 347819.431733675068244, 5543034.656152893789113, 299.952170346343564 ], [ 347820.060932631837204, 5543035.686689774505794, 299.911582581932976 ], [ 347820.240582555881701, 5543035.980930364690721, 299.0 ], [ 347820.195259509491734, 5543036.051565112546086, 299.268629231895375 ], [ 347820.061509780527558, 5543036.260010465979576, 299.94978920761605 ], [ 347820.015039130055811, 5543036.33243372477591, 299.062717546286308 ], [ 347819.937583644175902, 5543036.390689647756517, 299.662189201592753 ], [ 347819.903030635497998, 5543036.416677703149617, 299.013122158389592 ], [ 347819.890226409304887, 5543036.426308034919202, 299.776419531510101 ], [ 347819.883539857692085, 5543036.40089591126889, 299.778207971770485 ], [ 347819.876210751186591, 5543036.373041768558323, 300.44102463228694 ], [ 347819.90363983111456, 5543036.380929047241807, 299.661452038677794 ], [ 347819.92529244691832, 5543036.387155293487012, 299.672278363075293 ], [ 347819.903030635497998, 5543036.416677703149617, 299.013122158389592 ], [ 347819.891660088440403, 5543036.431756706908345, 299.790571035668165 ], [ 347819.861469424911775, 5543036.471793930977583, 299.773605088545878 ], [ 347819.545726710523013, 5543036.690793097019196, 300.20001220703125 ], [ 347819.162904974422418, 5543037.034022603183985, 299.784930367302991 ], [ 347818.621224556176458, 5543036.931566142477095, 299.20001220703125 ], [ 347818.643377946980763, 5543037.366515268571675, 299.519642318700107 ], [ 347818.229247522249352, 5543036.953379561193287, 300.046507350072659 ], [ 347817.309916697908193, 5543036.036256914958358, 300.0 ], [ 347817.487996175361332, 5543035.686306616291404, 300.085285062839546 ], [ 347817.599418547993992, 5543035.467346559278667, 300.061467393761632 ], [ 347817.60144356492674, 5543035.463367126882076, 300.061197821956057 ], [ 347817.612513551663142, 5543035.473991581238806, 300.20001220703125 ], [ 347817.98162944894284, 5543035.828251701779664, 300.219717552267184 ], [ 347818.26717511867173, 5543036.102305038832128, 300.20001220703125 ], [ 347818.27093769639032, 5543036.079302494414151, 300.199633314733774 ], [ 347818.271663999301381, 5543035.911651629023254, 300.226016276429675 ], [ 347818.272110001882538, 5543035.8087018718943, 300.20001220703125 ], [ 347818.272597155009862, 5543035.696253415197134, 300.166370384136826 ], [ 347818.279377616301645, 5543034.13113487418741, 299.970950717803817 ], [ 347818.2870415719226, 5543032.362081330269575, 300.20001220703125 ], [ 347817.37684214534238, 5543030.569416414014995, 300.0 ], [ 347815.853721005492844, 5543031.946305736899376, 299.79998779296875 ], [ 347816.019195168919396, 5543033.357230748981237, 299.845149970989269 ], [ 347816.08234070969047, 5543033.895644850097597, 299.758214212553867 ], [ 347816.203715948853642, 5543034.930557837709785, 299.936048636039061 ], [ 347816.227228221658152, 5543035.131036589853466, 299.731740247180142 ], [ 347816.400953900476452, 5543036.612318624742329, 299.600006103515625 ], [ 347816.163537652231753, 5543036.926819776184857, 299.600006103515625 ], [ 347814.879953572759405, 5543037.429598051123321, 300.0 ], [ 347814.567224497033749, 5543037.419835935346782, 300.0 ], [ 347812.07642782892799, 5543036.884460113942623, 300.0 ], [ 347815.145004479098134, 5543035.762065486051142, 299.79998779296875 ], [ 347816.227228221658152, 5543035.131036589853466, 299.731740247180142 ], [ 347816.366652151977178, 5543035.049740527756512, 300.0 ], [ 347816.840953414852265, 5543034.773182371631265, 300.0 ], [ 347816.846983753377572, 5543034.769666168838739, 299.905709846636853 ], [ 347816.877692782552913, 5543034.751760181970894, 299.984853204871342 ], [ 347817.633417574339546, 5543034.311108066700399, 299.79998779296875 ], [ 347816.810630289488472, 5543034.642824969254434, 300.065663730023118 ], [ 347816.877692782552913, 5543034.751760181970894, 299.984853204871342 ], [ 347816.916552075243089, 5543034.814882579259574, 300.098489805330473 ], [ 347816.996481177629903, 5543034.944718101061881, 300.20001220703125 ], [ 347817.247935942490585, 5543035.124087096191943, 300.20001220703125 ], [ 347817.60144356492674, 5543035.463367126882076, 300.061197821956057 ], [ 347817.679197839228436, 5543035.310569444671273, 299.99196094420688 ], [ 347818.279377616301645, 5543034.13113487418741, 299.970950717803817 ], [ 347818.736561885627452, 5543033.232705848291516, 299.862822657496849 ], [ 347819.260282496805303, 5543030.030936331488192, 300.0 ], [ 347818.877118522184901, 5543032.984066594392061, 299.800003051757812 ], [ 347818.844815629185177, 5543033.233032199554145, 299.641736324795204 ], [ 347818.705800027470104, 5543033.420768677257001, 299.660036084700153 ], [ 347818.690269624639768, 5543033.441742029041052, 299.20001220703125 ], [ 347818.699812704930082, 5543033.457372214645147, 299.655829923189344 ], [ 347818.795395623834338, 5543033.61392320971936, 299.593224736124853 ], [ 347819.431733675068244, 5543034.656152893789113, 299.952170346343564 ], [ 347819.643731793563347, 5543033.796999144367874, 300.79998779296875 ], [ 347819.743854428525083, 5543034.148534828796983, 300.79998779296875 ], [ 347820.060820904443972, 5543035.575703392736614, 300.79998779296875 ], [ 347820.060932631837204, 5543035.686689774505794, 299.911582581932976 ], [ 347820.061323630274273, 5543036.075094878673553, 300.14035473293734 ], [ 347820.061509780527558, 5543036.260010465979576, 299.94978920761605 ], [ 347820.061520952905994, 5543036.271108732558787, 299.912196467493118 ], [ 347820.027976007317193, 5543036.322703623212874, 299.0 ], [ 347820.015039130055811, 5543036.33243372477591, 299.062717546286308 ], [ 347819.971416541549843, 5543036.400418355129659, 299.737771767865183 ], [ 347819.963253348774742, 5543036.413140471093357, 299.887123582472782 ], [ 347819.952309996937402, 5543036.408786904998124, 300.600006103515625 ], [ 347819.895909449027386, 5543036.447906328365207, 300.547159311210294 ], [ 347819.861469424911775, 5543036.471793930977583, 299.773605088545878 ], [ 347819.403234776051249, 5543037.079479925334454, 299.262097914602805 ], [ 347819.203772837121505, 5543037.343995554372668, 299.20001220703125 ], [ 347818.779156464326661, 5543037.378083035349846, 299.985648847923812 ], [ 347818.664222485153005, 5543037.387309739366174, 299.79998779296875 ], [ 347818.643377946980763, 5543037.366515268571675, 299.519642318700107 ], [ 347818.649871036293916, 5543037.493997491896152, 299.781330038287251 ], [ 347817.99885644816095, 5543038.077682781033218, 300.399993896484375 ], [ 347818.229247522249352, 5543036.953379561193287, 300.046507350072659 ], [ 347818.26796962111257, 5543036.76441659592092, 300.20001220703125 ], [ 347818.27093769639032, 5543036.079302494414151, 300.199633314733774 ], [ 347818.29716143978294, 5543035.918983460403979, 300.223550379896153 ], [ 347818.311897882900666, 5543035.82889211550355, 300.195508616089796 ], [ 347818.327732213772833, 5543035.732088826596737, 300.162617824280971 ], [ 347818.699812704930082, 5543033.457372214645147, 299.655829923189344 ], [ 347818.705800027470104, 5543033.420768677257001, 299.660036084700153 ], [ 347818.736561885627452, 5543033.232705848291516, 299.862822657496849 ], [ 347818.812288908287883, 5543033.083891989663243, 299.600006103515625 ], [ 347818.877118522184901, 5543032.984066594392061, 299.800003051757812 ], [ 347819.701384754735045, 5543031.714851839467883, 299.600006103515625 ], [ 347819.666158865729813, 5543031.837936775758862, 299.600006103515625 ], [ 347819.430949360365048, 5543032.441475850529969, 299.600006103515625 ], [ 347818.844815629185177, 5543033.233032199554145, 299.641736324795204 ], [ 347818.795395623834338, 5543033.61392320971936, 299.593224736124853 ], [ 347818.585025395266712, 5543035.235293509438634, 300.0 ], [ 347819.165232445520815, 5543036.168598750606179, 300.076128799556557 ], [ 347819.422471580270212, 5543036.582386609166861, 299.79998779296875 ], [ 347819.57481803058181, 5543036.286375780589879, 299.978940693673849 ], [ 347819.759160851477645, 5543035.928195651620626, 300.04491270156484 ], [ 347819.826759528077673, 5543035.796850679442286, 299.399993896484375 ], [ 347819.770212824456394, 5543035.970198484137654, 300.008516303248825 ], [ 347819.716218180721626, 5543036.13572277314961, 299.399993896484375 ], [ 347819.809456332644913, 5543036.119342757388949, 300.008925140902249 ], [ 347820.061323630274273, 5543036.075094878673553, 300.14035473293734 ], [ 347820.195259509491734, 5543036.051565112546086, 299.268629231895375 ], [ 347820.20542001229478, 5543036.049780122935772, 299.321762912166264 ], [ 347820.061520952905994, 5543036.271108732558787, 299.912196467493118 ], [ 347820.061677253805101, 5543036.42637297604233, 300.564878057752651 ], [ 347821.678500140958931, 5543036.891293139196932, 300.399993896484375 ], [ 347823.170805333647877, 5543037.38977372366935, 300.20001220703125 ], [ 347821.667198445182294, 5543037.339254353195429, 300.20001220703125 ], [ 347820.386262713000178, 5543037.935214341618121, 300.20001220703125 ], [ 347820.175952222838532, 5543037.512204040773213, 300.399993896484375 ], [ 347819.909006739093456, 5543036.497682352550328, 299.863598685238117 ], [ 347819.521358039812185, 5543037.101822419092059, 299.399993896484375 ], [ 347819.403234776051249, 5543037.079479925334454, 299.262097914602805 ], [ 347819.162904974422418, 5543037.034022603183985, 299.784930367302991 ], [ 347818.779156464326661, 5543037.378083035349846, 299.985648847923812 ], [ 347818.649871036293916, 5543037.493997491896152, 299.781330038287251 ], [ 347818.865967834601179, 5543041.736739130690694, 299.600006103515625 ], [ 347820.710906598542351, 5543045.974180208519101, 300.20001220703125 ], [ 347823.557596459053457, 5543051.208989356644452, 300.600006103515625 ], [ 347827.215144525049254, 5543059.181198698468506, 300.79998779296875 ], [ 347828.720151727960911, 5543062.663585886359215, 301.20001220703125 ], [ 347831.214980145334266, 5543070.528958472423255, 302.0 ], [ 347832.952180723543279, 5543076.895755062811077, 302.0 ], [ 347834.92503156804014, 5543081.194845397025347, 302.0 ], [ 347837.643491126014851, 5543086.99285533092916, 301.79998779296875 ], [ 347840.829882415593602, 5543093.8220603344962, 301.79998779296875 ], [ 347843.614616209466476, 5543104.700767616741359, 301.79998779296875 ], [ 347844.727931074332446, 5543111.738106902688742, 302.20001220703125 ], [ 347847.181137298815884, 5543118.774669276550412, 301.79998779296875 ], [ 347847.744776108593214, 5543120.213480242528021, 301.79998779296875 ], [ 347848.462209874414839, 5543123.046795153990388, 301.600006103515625 ], [ 347848.920952818007208, 5543125.868810498155653, 301.399993896484375 ], [ 347850.822064373933244, 5543134.198703782632947, 301.399993896484375 ], [ 347855.087965750019066, 5543151.740594354458153, 302.0 ], [ 347857.804276277893223, 5543169.093379139900208, 302.20001220703125 ], [ 347857.841880119522102, 5543170.416578611359, 302.399993896484375 ], [ 347857.230853614222724, 5543182.109885076060891, 302.20001220703125 ], [ 347857.571315847919323, 5543195.147048762999475, 302.0 ], [ 347856.81340567721054, 5543202.517343974672258, 302.0 ], [ 347855.776825050183106, 5543217.207012120634317, 302.20001220703125 ], [ 347854.850294444535393, 5543223.92929201386869, 302.399993896484375 ], [ 347852.752337979502045, 5543235.310477857477963, 302.399993896484375 ], [ 347851.801700918120332, 5543245.623889906331897, 302.600006103515625 ], [ 347849.314594517694786, 5543255.150971412658691, 302.600006103515625 ], [ 347842.887112355791032, 5543270.637347064912319, 303.0 ], [ 347838.812977545429021, 5543280.769093130715191, 303.0 ], [ 347835.816320324665867, 5543293.294934115372598, 303.20001220703125 ], [ 347833.806374487699941, 5543302.062396300025284, 303.399993896484375 ], [ 347831.98598445445532, 5543307.140766183845699, 303.600006103515625 ], [ 347827.654375463258475, 5543320.049616022966802, 303.600006103515625 ], [ 347827.288163823308423, 5543321.328339755535126, 303.79998779296875 ], [ 347825.274108786135912, 5543334.600303026847541, 303.600006103515625 ], [ 347821.916788254748099, 5543348.386070689186454, 304.0 ], [ 347820.097133926814422, 5543353.277908659540117, 304.0 ], [ 347818.255248564761132, 5543361.191951087675989, 303.79998779296875 ], [ 347816.647270958172157, 5543375.431589435786009, 304.0 ], [ 347816.186216304078698, 5543387.745478127151728, 303.79998779296875 ], [ 347815.840971683093812, 5543395.467761967331171, 304.600006103515625 ], [ 347815.477600891026668, 5543397.902810376137495, 304.600006103515625 ], [ 347814.139187121298164, 5543412.535798999480903, 305.20001220703125 ], [ 347814.150157201220281, 5543416.303126369602978, 305.600006103515625 ], [ 347814.595764401019551, 5543421.410344122909009, 305.600006103515625 ], [ 347814.16453644412104, 5543428.85529800504446, 305.600006103515625 ], [ 347814.185753354220651, 5543433.405704732984304, 305.600006103515625 ], [ 347814.446188332978636, 5543446.370544321835041, 306.0 ], [ 347817.304049558704719, 5543459.401428747922182, 306.20001220703125 ], [ 347818.19866230909247, 5543463.395432927645743, 306.20001220703125 ], [ 347818.952711995807476, 5543465.192534982226789, 306.399993896484375 ], [ 347819.292182940698694, 5543468.045917166396976, 306.399993896484375 ], [ 347819.759678842499852, 5543473.077906392514706, 306.600006103515625 ], [ 347821.600098547176458, 5543480.542213066481054, 306.600006103515625 ], [ 347826.087220795918256, 5543494.879030756652355, 306.79998779296875 ], [ 347828.584921757283155, 5543506.866338399238884, 307.20001220703125 ], [ 347831.517496831947938, 5543518.300386044196784, 307.20001220703125 ], [ 347835.452259773563128, 5543530.750440396368504, 307.600006103515625 ], [ 347837.50009858305566, 5543534.944811192341149, 307.79998779296875 ], [ 347839.027154292794876, 5543540.263761189766228, 308.0 ], [ 347840.851275319815613, 5543543.774380249902606, 308.0 ], [ 347844.178600545390509, 5543550.496989259496331, 308.20001220703125 ], [ 347849.398270645877346, 5543560.383226272650063, 308.399993896484375 ], [ 347854.000911731855012, 5543567.797006523236632, 308.79998779296875 ], [ 347855.137113447592128, 5543569.088981283828616, 308.79998779296875 ], [ 347858.039766791975126, 5543574.611309031955898, 309.0 ], [ 347860.896243268856779, 5543578.297760358080268, 309.0 ], [ 347864.833292579394765, 5543585.124286679551005, 309.600006103515625 ], [ 347865.56400595838204, 5543586.735540587455034, 309.79998779296875 ], [ 347871.269782383576967, 5543593.856857989914715, 309.600006103515625 ], [ 347877.913890904339496, 5543602.919265973381698, 310.399993896484375 ], [ 347882.948781515937299, 5543609.266964241862297, 310.0 ], [ 347886.018428327166475, 5543612.210628431290388, 310.0 ], [ 347893.350023007253185, 5543622.633740631863475, 310.20001220703125 ], [ 347903.567344910698012, 5543633.124077705666423, 310.0 ], [ 347911.162267911946401, 5543638.438497300259769, 310.0 ], [ 347918.619533805642277, 5543644.82930907048285, 310.20001220703125 ], [ 347921.256041166256182, 5543646.908669545315206, 310.399993896484375 ], [ 347930.429877876187675, 5543656.41218451038003, 310.79998779296875 ], [ 347931.537179985898547, 5543657.322635711170733, 310.79998779296875 ], [ 347940.739785141893663, 5543665.090744456276298, 311.399993896484375 ], [ 347948.461230587796308, 5543669.786114029586315, 311.399993896484375 ], [ 347951.039810553484131, 5543671.307583654299378, 311.600006103515625 ], [ 347955.786276708240621, 5543674.697922186926007, 311.79998779296875 ], [ 347964.477348410175182, 5543680.745994347147644, 312.20001220703125 ], [ 347967.180299538071267, 5543682.627646129578352, 312.20001220703125 ], [ 347970.967596833128482, 5543684.823556792922318, 312.399993896484375 ], [ 347976.668472942546941, 5543686.703998147509992, 312.600006103515625 ], [ 347983.897140349843539, 5543688.223977621644735, 313.0 ], [ 347990.144876775506418, 5543687.570928108878434, 313.20001220703125 ], [ 347999.978835930349305, 5543690.919411410577595, 313.600006103515625 ], [ 348004.929705187911168, 5543694.527806673198938, 314.0 ], [ 348007.806112263642717, 5543696.171406774781644, 314.20001220703125 ], [ 348020.747152767260559, 5543703.152705277316272, 315.0 ], [ 348023.218634239397943, 5543703.865901866927743, 315.0 ], [ 348024.465505103697069, 5543703.979713062755764, 315.0 ], [ 348026.383625388611108, 5543705.30547537561506, 315.20001220703125 ], [ 348029.434171947534196, 5543707.792792525142431, 315.399993896484375 ], [ 348037.861008834734093, 5543712.580167165026069, 315.600006103515625 ], [ 348039.150346304755658, 5543712.496933686546981, 315.600006103515625 ], [ 348043.528721802285872, 5543711.81308420561254, 315.600006103515625 ], [ 348044.877950232184958, 5543714.274145182222128, 315.760660758957499 ], [ 348045.12970764876809, 5543714.73336345795542, 316.917080663483944 ], [ 348045.055064148211386, 5543715.221018133684993, 317.572570753721379 ], [ 348044.751228945795447, 5543717.20600887387991, 318.600006103515625 ], [ 348044.279794767382555, 5543717.741638631559908, 318.600006103515625 ], [ 348043.942910843528807, 5543717.937718954868615, 318.600006103515625 ], [ 348049.792890704120509, 5543715.337606286630034, 318.600006103515625 ], [ 348054.116524519282393, 5543714.841835897415876, 318.79998779296875 ], [ 348058.570984629448503, 5543714.510220194235444, 318.79998779296875 ], [ 348062.461962383240461, 5543716.33954247739166, 319.20001220703125 ], [ 348064.097579391964246, 5543717.44951690826565, 319.20001220703125 ], [ 348070.794467631261796, 5543718.863469471223652, 319.600006103515625 ], [ 348075.366557075059973, 5543719.712908323854208, 319.79998779296875 ], [ 348079.516369964636397, 5543721.348379515111446, 320.20001220703125 ], [ 348082.883931369287893, 5543722.940774733200669, 320.600006103515625 ], [ 348092.015139456721954, 5543726.300040748901665, 320.79998779296875 ], [ 348093.964783360017464, 5543726.832236626185477, 321.0 ], [ 348103.152171613764949, 5543731.113182853907347, 321.0 ], [ 348106.61072081932798, 5543731.04301424510777, 321.20001220703125 ], [ 348112.95900163683109, 5543733.511402609758079, 321.79998779296875 ], [ 348115.380972408340313, 5543735.233233931474388, 322.0 ], [ 348117.174836330814287, 5543738.744794887490571, 322.20001220703125 ], [ 348116.8125881117885, 5543739.52911695279181, 322.20001220703125 ], [ 348117.041938584065065, 5543741.471705327741802, 322.600006103515625 ], [ 348117.994599638856016, 5543740.745236565358937, 322.600006103515625 ], [ 348124.39198663958814, 5543740.498430898413062, 323.20001220703125 ], [ 348127.383397869765759, 5543741.327482921071351, 323.399993896484375 ], [ 348131.165561109432019, 5543743.346456930041313, 323.79998779296875 ], [ 348135.261263577034697, 5543740.53508956450969, 323.79998779296875 ], [ 348137.428464258555323, 5543750.853237352333963, 324.0 ], [ 348140.519069430069067, 5543776.989752776920795, 324.399993896484375 ], [ 348141.069278643233702, 5543774.148419527336955, 325.0 ], [ 348147.523302021902055, 5543779.07586164213717, 325.399993896484375 ], [ 348147.673905589384958, 5543779.090240613557398, 325.399993896484375 ], [ 348152.250282328401227, 5543786.234547301195562, 325.79998779296875 ], [ 348159.684368285932578, 5543799.238334286026657, 326.20001220703125 ], [ 348289.679523982398678, 5544269.256720623932779, 339.0 ], [ 348288.923467833199538, 5544266.956025704741478, 339.20001220703125 ], [ 348289.771329676150344, 5544276.733421218581498, 339.20001220703125 ], [ 348291.235756440379191, 5544281.559982627630234, 339.399993896484375 ], [ 348291.272726019204129, 5544280.533095034770668, 339.399993896484375 ], [ 348292.301884131622501, 5544281.660321567207575, 339.399993896484375 ], [ 348292.711145659908652, 5544284.866125854663551, 339.600006103515625 ], [ 348291.832820836512838, 5544289.059663494117558, 339.600006103515625 ], [ 348291.633696762437467, 5544291.359458619728684, 339.79998779296875 ], [ 348291.267074988048989, 5544296.862756419926882, 339.79998779296875 ], [ 348291.722971522132866, 5544305.95182775799185, 340.20001220703125 ], [ 348290.384460302477237, 5544318.281196319498122, 340.600006103515625 ], [ 348290.156601902388502, 5544328.891107624396682, 340.79998779296875 ], [ 348291.994497560430318, 5544339.899422993883491, 340.79998779296875 ], [ 348292.368005087366328, 5544350.744083764962852, 341.0 ], [ 348294.446132145822048, 5544362.174577149562538, 341.20001220703125 ], [ 348296.167810946528334, 5544373.745737115852535, 341.0 ], [ 348288.523291968682315, 5544379.55793830472976, 341.20001220703125 ], [ 348286.824211945408024, 5544380.650597865693271, 341.399993896484375 ], [ 348283.199679591343738, 5544380.995824731886387, 341.79998779296875 ], [ 348282.440524627803825, 5544380.280607588589191, 342.0 ], [ 348277.982927589153405, 5544373.701722117140889, 342.0 ], [ 348268.058533448143862, 5544364.358856713399291, 342.20001220703125 ], [ 348256.863771095173433, 5544362.755155528895557, 342.600006103515625 ], [ 348250.172520024469122, 5544365.322974937036633, 342.79998779296875 ], [ 348247.363917597278487, 5544366.055424910970032, 343.20001220703125 ], [ 348235.871033939765766, 5544363.471684284508228, 343.399993896484375 ], [ 348236.083191586774774, 5544362.691624604165554, 343.399993896484375 ], [ 348234.809487785794772, 5544362.261454718187451, 343.399993896484375 ], [ 348233.723367518512532, 5544363.150231876410544, 343.399993896484375 ], [ 348224.459419885184616, 5544362.694872210733593, 343.600006103515625 ], [ 348221.174084093654528, 5544356.996714044362307, 343.79998779296875 ], [ 348220.141975852660835, 5544354.918350859545171, 344.0 ], [ 348220.755127340264153, 5544344.978286729194224, 345.0 ], [ 348222.900063395267352, 5544337.578031872399151, 345.399993896484375 ], [ 348227.279775720322505, 5544329.545523667708039, 346.0 ], [ 348228.298021911410615, 5544325.62777881603688, 346.399993896484375 ], [ 348231.354738937399816, 5544320.934135655872524, 345.600006103515625 ], [ 348230.216324397712015, 5544320.826533365994692, 345.79998779296875 ], [ 348226.604477325454354, 5544322.467725981026888, 345.399993896484375 ], [ 348226.442148731090128, 5544322.463003871962428, 345.399993896484375 ], [ 348226.251129585900344, 5544322.505724545568228, 345.399993896484375 ], [ 348226.191370035405271, 5544322.516745176166296, 345.399993896484375 ], [ 348224.256594848819077, 5544319.111737255938351, 345.79998779296875 ], [ 348217.341561988345347, 5544313.367309727706015, 345.20001220703125 ], [ 348205.623513811966404, 5544303.273401675745845, 345.0 ], [ 348191.373447939287871, 5544291.805839231237769, 345.600006103515625 ], [ 348185.752921567065641, 5544287.861915841698647, 346.0 ], [ 348180.435074088629335, 5544283.788175655528903, 346.600006103515625 ], [ 348175.855719821935054, 5544280.97112752776593, 347.0 ], [ 348174.649184489448089, 5544280.156706504523754, 347.0 ], [ 348172.412111700919922, 5544278.802646862342954, 347.20001220703125 ], [ 348168.176209518394899, 5544276.022490269504488, 347.600006103515625 ], [ 348161.145261848170776, 5544271.913438104093075, 348.0 ], [ 348158.612662084051408, 5544270.306645557284355, 348.600006103515625 ], [ 348153.310611460125074, 5544267.426188062876463, 349.20001220703125 ], [ 348149.125432507251389, 5544264.952358725480735, 350.0 ], [ 348148.216789900208823, 5544264.474546360783279, 350.20001220703125 ], [ 348147.067520329612307, 5544263.984910215251148, 350.399993896484375 ], [ 348144.919649573392235, 5544263.234509053640068, 350.600006103515625 ], [ 348140.369477480824571, 5544260.388684071600437, 351.20001220703125 ], [ 348134.656965600210242, 5544257.016296712681651, 352.0 ], [ 348132.986563149315771, 5544255.944598727859557, 352.20001220703125 ], [ 348131.925211710273288, 5544255.377864185720682, 352.399993896484375 ], [ 348126.607159808743745, 5544252.357998435385525, 353.20001220703125 ], [ 348125.55331637582276, 5544251.632512954063714, 353.399993896484375 ], [ 348122.230166831868701, 5544249.264801915735006, 354.20001220703125 ], [ 348120.546352349338122, 5544247.932365022599697, 354.399993896484375 ], [ 348115.69888362463098, 5544244.348930682055652, 355.600006103515625 ], [ 348114.819637765409425, 5544243.637143679894507, 355.79998779296875 ], [ 348111.527388278860599, 5544240.876877075061202, 356.600006103515625 ], [ 348107.90502244583331, 5544237.491825266741216, 357.399993896484375 ], [ 348106.028327873675153, 5544236.136889416724443, 357.79998779296875 ], [ 348102.31030628294684, 5544231.710063122212887, 358.399993896484375 ], [ 348101.597539365058765, 5544230.937598004005849, 358.399993896484375 ], [ 348099.333759042841848, 5544227.37410353589803, 358.79998779296875 ], [ 348096.380342927295715, 5544222.795017278753221, 360.0 ], [ 348095.831147630757187, 5544221.8593709487468, 360.20001220703125 ], [ 348089.753383818082511, 5544210.701001652516425, 361.20001220703125 ], [ 348089.019614375894889, 5544209.612055947072804, 361.20001220703125 ], [ 348084.708373038098216, 5544202.488262487575412, 362.20001220703125 ], [ 348082.78449634660501, 5544199.260181368328631, 362.600006103515625 ], [ 348079.151077648100909, 5544192.312993449158967, 363.20001220703125 ], [ 348077.086531248642132, 5544187.727335967123508, 363.399993896484375 ], [ 348067.923989839560818, 5544174.138582492247224, 363.600006103515625 ], [ 348064.125419314834289, 5544168.781483118422329, 364.20001220703125 ], [ 348056.655003752501216, 5544158.511333614587784, 364.79998779296875 ], [ 348051.190640696091577, 5544152.035806615836918, 365.0 ], [ 348050.398335266276263, 5544150.789988331496716, 365.20001220703125 ], [ 348046.680146623344626, 5544145.514550215564668, 366.0 ], [ 348037.246735564665869, 5544135.085665248334408, 365.399993896484375 ], [ 348029.763614415656775, 5544127.968041638843715, 365.20001220703125 ], [ 348028.610698336269706, 5544126.928308428265154, 365.20001220703125 ], [ 348017.681385228468571, 5544118.192604843527079, 364.600006103515625 ], [ 348008.960131910047494, 5544113.171177718788385, 364.399993896484375 ], [ 348004.571121943416074, 5544110.507398999296129, 364.20001220703125 ], [ 348000.476489084539935, 5544108.478745814412832, 363.79998779296875 ], [ 347992.25242579105543, 5544104.888728553429246, 363.399993896484375 ], [ 347989.797201437875628, 5544103.261160695925355, 362.79998779296875 ], [ 347988.325687997508794, 5544102.426327159628272, 362.20001220703125 ], [ 347986.833074919763021, 5544101.694677509367466, 361.79998779296875 ], [ 347976.206761241075583, 5544093.901682422496378, 362.399993896484375 ], [ 347967.656251175212674, 5544087.914907619357109, 361.399993896484375 ], [ 347958.077349800965749, 5544079.775114153511822, 361.600006103515625 ], [ 347954.535105519928038, 5544076.891476239077747, 360.600006103515625 ], [ 347949.979034770280123, 5544073.001474873162806, 359.600006103515625 ], [ 347946.256805322540458, 5544068.434978398494422, 359.399993896484375 ], [ 347944.389829266816378, 5544064.888246265240014, 359.600006103515625 ], [ 347945.091831747733522, 5544060.205382012762129, 359.399993896484375 ], [ 347947.936764710524585, 5544058.632422120310366, 359.0 ], [ 347951.359204113832675, 5544057.435456808656454, 359.532517811044386 ], [ 347950.784346596337855, 5544057.152646956965327, 360.0 ], [ 347943.787683653295971, 5544057.649850402027369, 360.0 ], [ 347933.206463780603372, 5544055.889471599832177, 359.600006103515625 ], [ 347923.292864999326412, 5544052.888457871973515, 360.0 ], [ 347915.265597216552123, 5544050.943634627386928, 360.399993896484375 ], [ 347909.368571921484545, 5544049.758961304090917, 360.20001220703125 ], [ 347899.634233638062142, 5544046.090761221013963, 360.0 ], [ 347897.879591915174387, 5544045.441188413649797, 360.0 ], [ 347889.955052358913235, 5544041.404493598267436, 360.399993896484375 ], [ 347879.731370323337615, 5544035.950347830541432, 360.399993896484375 ], [ 347870.076341628446244, 5544031.692416870966554, 360.20001220703125 ], [ 347861.069411778938957, 5544026.987090752460063, 360.20001220703125 ], [ 347853.725571288960055, 5544021.82416429836303, 359.600006103515625 ], [ 347843.718098006909713, 5544017.427084196358919, 360.0 ], [ 347834.440271863713861, 5544011.013545967638493, 360.600006103515625 ], [ 347828.904110531671904, 5544007.310045346617699, 360.20001220703125 ], [ 347824.158987635863014, 5544004.17158714774996, 360.20001220703125 ], [ 347817.565020273323171, 5544001.719860227778554, 360.399993896484375 ], [ 347814.578272394719534, 5543999.99557120166719, 360.600006103515625 ], [ 347813.322271479060873, 5543999.136003495194018, 360.600006103515625 ], [ 347808.272283551865257, 5543999.643308885395527, 360.20001220703125 ], [ 347805.818790693359915, 5544000.850231590680778, 360.088837129004844 ], [ 347805.797385849058628, 5543999.862898362800479, 359.79998779296875 ], [ 347806.144017102604266, 5543998.109107532538474, 359.600006103515625 ], [ 347804.252047322341241, 5543990.096047419123352, 359.600006103515625 ], [ 347798.957446568412706, 5543980.734241266734898, 358.600006103515625 ], [ 347791.76533737272257, 5543971.827413098886609, 359.0 ], [ 347786.955278863781132, 5543964.083861580118537, 358.0 ], [ 347780.541255177464336, 5543953.597501380369067, 358.20001220703125 ], [ 347772.66210800036788, 5543940.392366137355566, 357.600006103515625 ], [ 347768.84306297916919, 5543935.810084100812674, 357.600006103515625 ], [ 347765.500764037715271, 5543929.824692368507385, 357.20001220703125 ], [ 347758.535023067903239, 5543919.587193933315575, 356.399993896484375 ], [ 347757.483169724466279, 5543918.302167896181345, 356.20001220703125 ], [ 347748.986606861348264, 5543905.57159184012562, 356.0 ], [ 347745.95548276451882, 5543905.267569302581251, 355.009792368238266 ], [ 347745.502153888694011, 5543903.460483899340034, 354.399993896484375 ], [ 347738.644411989371292, 5543893.854094197042286, 354.0 ], [ 347732.028487573552411, 5543882.823302928358316, 354.0 ], [ 347730.660647260840051, 5543880.568056311458349, 353.20001220703125 ], [ 347726.583441155264154, 5543874.305165790952742, 353.0 ], [ 347724.73765608726535, 5543871.932955961674452, 353.399993896484375 ], [ 347717.142882889020257, 5543861.974524940364063, 353.20001220703125 ], [ 347710.985281890723854, 5543852.907797777093947, 353.399993896484375 ], [ 347703.474573551095091, 5543842.527328548952937, 353.600006103515625 ], [ 347702.546993765980005, 5543841.38798975199461, 353.600006103515625 ], [ 347696.649372051993851, 5543833.647477147169411, 352.79998779296875 ], [ 347695.94691056892043, 5543832.818812761455774, 353.0 ], [ 347686.038462642463855, 5543821.574008089490235, 352.79998779296875 ], [ 347676.839336257427931, 5543811.400159075856209, 352.20001220703125 ], [ 347667.506615572841838, 5543801.388666050508618, 351.399993896484375 ], [ 347657.626288219587877, 5543791.980302791111171, 351.600006103515625 ], [ 347651.174320726539008, 5543783.975837075151503, 351.79998779296875 ], [ 347647.188986813067459, 5543774.614199568517506, 351.79998779296875 ], [ 347645.805869853531476, 5543771.613338024355471, 351.600006103515625 ], [ 347642.62909767095698, 5543762.797565974295139, 351.600006103515625 ], [ 347638.813386347377673, 5543748.842782197520137, 351.79998779296875 ], [ 347633.959478798264172, 5543736.829354867339134, 352.79998779296875 ], [ 347630.175650846911594, 5543729.905367094092071, 352.20001220703125 ], [ 347627.95079993235413, 5543725.828019056469202, 352.600006103515625 ], [ 347620.154320397763513, 5543712.807243010029197, 353.20001220703125 ], [ 347619.16454888030421, 5543711.595080561935902, 353.20001220703125 ], [ 347611.6459835433634, 5543701.373487795703113, 353.0 ], [ 347604.034488041186705, 5543692.320282945409417, 353.20001220703125 ], [ 347595.6831238946761, 5543684.080851971171796, 353.0 ], [ 347588.027665357221849, 5543676.017460861243308, 354.399993896484375 ], [ 347581.350196248735301, 5543666.853757026605308, 354.79998779296875 ], [ 347575.049679319374263, 5543659.535173336043954, 355.20001220703125 ], [ 347572.375485868076794, 5543655.293449555523694, 355.399993896484375 ], [ 347569.752362929400988, 5543650.313529329374433, 355.600006103515625 ], [ 347563.547519707411993, 5543640.026608231477439, 356.399993896484375 ], [ 347563.046367337927222, 5543638.884472904726863, 356.600006103515625 ], [ 347557.330631726654246, 5543626.364073289558291, 357.20001220703125 ], [ 347553.907110851141624, 5543616.69739253167063, 357.399993896484375 ], [ 347553.113052155356854, 5543614.341911541298032, 357.600006103515625 ], [ 347551.443578658741899, 5543610.360684344545007, 357.600006103515625 ], [ 347548.2306116996333, 5543605.556111566722393, 357.79998779296875 ], [ 347546.810697888606228, 5543604.430818628519773, 357.79998779296875 ], [ 347539.746507181320339, 5543594.140418607741594, 358.20001220703125 ], [ 347534.745780100813136, 5543580.359334143809974, 358.20001220703125 ], [ 347531.073267711384688, 5543569.757844896055758, 358.600006103515625 ], [ 347529.403735952684656, 5543562.400661531835794, 358.600006103515625 ], [ 347528.846518982667476, 5543561.400013783015311, 358.79998779296875 ], [ 347524.935610534739681, 5543550.656104472465813, 359.0 ], [ 347521.551976610557176, 5543539.440210558474064, 359.399993896484375 ], [ 347520.151668652892113, 5543524.661296837963164, 359.600006103515625 ], [ 347522.354154281201772, 5543511.495717482641339, 359.600006103515625 ], [ 347526.609663988579996, 5543499.110989629290998, 359.20001220703125 ], [ 347531.166424083756283, 5543491.184775144793093, 358.600006103515625 ], [ 347538.848949172417633, 5543477.825818565674126, 358.0 ], [ 347543.541125966003165, 5543467.480361220426857, 358.0 ], [ 347548.772168984287418, 5543457.912260884419084, 357.79998779296875 ], [ 347555.194554231595248, 5543448.403498271480203, 357.600006103515625 ], [ 347561.330025539093185, 5543437.04706855583936, 357.0 ], [ 347563.391403623798396, 5543427.149584366008639, 356.600006103515625 ], [ 347563.501882574695628, 5543421.11260633263737, 356.399993896484375 ], [ 347562.427031011786312, 5543406.57621940318495, 355.600006103515625 ], [ 347562.334424853848759, 5543405.012111873365939, 355.600006103515625 ], [ 347562.110310692049097, 5543400.872563320212066, 354.673705524501827 ], [ 347562.084697222919203, 5543400.399464260786772, 354.659271283524731 ], [ 347562.077004709921312, 5543400.403141186572611, 354.0 ], [ 347561.138738523120992, 5543400.885134301148355, 353.749387979117955 ], [ 347560.337402175820898, 5543404.873615888878703, 353.798212528595855 ], [ 347560.314885416068137, 5543404.98568828124553, 353.79998779296875 ], [ 347560.330242163152434, 5543404.891992365010083, 353.79998779296875 ], [ 347560.337402175820898, 5543404.873615888878703, 353.798212528595855 ], [ 347560.918145616829861, 5543403.383113203570247, 353.79998779296875 ], [ 347561.388568286434747, 5543402.390501888468862, 354.0 ], [ 347562.110310692049097, 5543400.872563320212066, 354.673705524501827 ], [ 347562.40895128948614, 5543400.244474853388965, 354.0 ], [ 347562.084697222919203, 5543400.399464260786772, 354.659271283524731 ], [ 347561.890796950203367, 5543396.817987807095051, 354.340441247420642 ], [ 347561.759451314108446, 5543397.269368870183825, 353.600006103515625 ], [ 347561.583130224375054, 5543398.673268928192556, 353.600006103515625 ], [ 347561.138738523120992, 5543400.885134301148355, 353.749387979117955 ], [ 347560.981494923471473, 5543400.965911305509508, 353.79998779296875 ], [ 347560.535282556724269, 5543399.010861224494874, 353.79998779296875 ], [ 347560.905337826698087, 5543396.603577172383666, 352.79998779296875 ], [ 347561.133228720223997, 5543396.451647496782243, 353.640674821270864 ], [ 347561.331116186396684, 5543394.465156343765557, 354.399993896484375 ], [ 347561.505613477318548, 5543393.630185723304749, 354.399993896484375 ], [ 347561.507451378391124, 5543393.409551269374788, 354.877059227078348 ], [ 347561.236731421900913, 5543393.616077244281769, 355.392506277575706 ], [ 347561.105505861109123, 5543393.716186180710793, 355.399993896484375 ], [ 347560.737671506649349, 5543394.724527849815786, 355.399993896484375 ], [ 347560.800259754178114, 5543394.601509371772408, 355.399993896484375 ], [ 347561.236731421900913, 5543393.616077244281769, 355.392506277575706 ], [ 347561.510887045995332, 5543392.997109783813357, 354.899993896484375 ], [ 347561.513772347941995, 5543392.650738029740751, 354.399993896484375 ], [ 347561.735932326992042, 5543391.590589516796172, 354.399993896484375 ], [ 347561.875404388061725, 5543391.213583467528224, 354.399993896484375 ], [ 347561.894827620824799, 5543391.05848793592304, 354.921608190952213 ], [ 347562.056335309520364, 5543386.806625124067068, 355.600006103515625 ], [ 347563.38651326217223, 5543384.567844022996724, 355.0 ], [ 347563.763712950283661, 5543384.357829070650041, 355.242680760632766 ], [ 347560.627513079845812, 5543383.471351054497063, 355.20001220703125 ], [ 347561.350941923097707, 5543380.492476481013, 354.499552303746896 ], [ 347562.454883612983394, 5543382.234930343925953, 353.600006103515625 ], [ 347563.910384505463298, 5543384.276166171766818, 354.391314416588784 ], [ 347564.020336757472251, 5543384.430366336368024, 354.483232233294132 ], [ 347563.763712950283661, 5543384.357829070650041, 355.242680760632766 ], [ 347563.910384505463298, 5543384.276166171766818, 354.391314416588784 ], [ 347564.533935055253096, 5543383.928989482112229, 355.399993896484375 ], [ 347564.703922095359303, 5543384.62358851544559, 355.399993896484375 ], [ 347564.020336757472251, 5543384.430366336368024, 354.483232233294132 ], [ 347564.657784955576062, 5543385.324341810308397, 353.600006103515625 ], [ 347564.640831490280107, 5543385.520338603295386, 354.014594050927826 ], [ 347564.593498816830106, 5543386.067545444704592, 354.123493392061278 ], [ 347564.500137260183692, 5543387.146886180154979, 354.172801578062035 ], [ 347564.444517771189567, 5543386.057057214900851, 354.867406563866552 ], [ 347564.593498816830106, 5543386.067545444704592, 354.123493392061278 ], [ 347564.829629355750512, 5543386.084168978966773, 354.600006103515625 ], [ 347565.266487854183652, 5543386.44476361759007, 354.399993896484375 ], [ 347565.254055341822095, 5543386.933490609750152, 354.551592913256457 ], [ 347564.480454017932061, 5543387.641601921059191, 354.635036941896828 ], [ 347564.455357993894722, 5543387.664573415182531, 354.042589311516679 ], [ 347564.448227811255492, 5543387.671099985018373, 354.600006103515625 ], [ 347564.452244080835953, 5543387.700572956353426, 354.041706074933074 ], [ 347564.325901648087893, 5543389.161201282404363, 354.205867000531271 ], [ 347564.305206363555044, 5543389.400456758216023, 353.399993896484375 ], [ 347563.765726367477328, 5543390.410561128519475, 354.089821630730398 ], [ 347563.546550293685868, 5543390.820939106866717, 353.20001220703125 ], [ 347563.479892614355776, 5543390.981347547844052, 353.894595813658725 ], [ 347563.428658600605559, 5543391.104639694094658, 352.901841492953622 ], [ 347563.356927795917727, 5543391.124766298569739, 352.600006103515625 ], [ 347562.768829417356756, 5543391.13357197213918, 353.711077366701716 ], [ 347562.666266626445577, 5543391.13510765787214, 352.600006103515625 ], [ 347562.720925155095756, 5543391.334036836400628, 353.715483763127224 ], [ 347562.813732519396581, 5543391.671808326616883, 352.600006103515625 ], [ 347563.130322826560587, 5543391.606837957166135, 352.79998779296875 ], [ 347563.181581979908515, 5543391.699217483401299, 352.992236332237837 ], [ 347562.876298079441767, 5543392.433868241496384, 354.145580305883186 ], [ 347562.315115952806082, 5543393.784325551241636, 353.0 ], [ 347562.339998621493578, 5543393.949597083963454, 353.100006103515625 ], [ 347562.381380068196449, 5543394.224454062059522, 353.699996948242188 ], [ 347562.035258119518403, 5543395.850285012274981, 353.80170864911679 ], [ 347561.952465371112339, 5543396.239185552112758, 353.734457399411781 ], [ 347561.878317294933368, 5543396.587479665875435, 354.74296467303509 ], [ 347561.766947233234532, 5543397.110615785233676, 354.399993896484375 ], [ 347561.601173096220009, 5543397.618932882323861, 354.399993896484375 ], [ 347561.593146483064629, 5543397.759049358777702, 354.20001220703125 ], [ 347561.265942520578392, 5543397.451287650503218, 354.20001220703125 ], [ 347561.027397233643569, 5543397.514035711064935, 354.399993896484375 ], [ 347561.133228720223997, 5543396.451647496782243, 353.640674821270864 ], [ 347561.845263375958893, 5543395.976950186304748, 354.092133578736252 ], [ 347561.802071339567192, 5543395.179162441752851, 355.0 ], [ 347561.824099194142036, 5543395.086982525885105, 354.087278843164881 ], [ 347561.799052883172408, 5543394.862169136293232, 353.20001220703125 ], [ 347561.931023929733783, 5543394.639534812420607, 354.088144607159336 ], [ 347562.384910087159369, 5543392.740158375352621, 355.073383747431706 ], [ 347561.507451378391124, 5543393.409551269374788, 354.877059227078348 ], [ 347561.510887045995332, 5543392.997109783813357, 354.899993896484375 ], [ 347561.850296504795551, 5543392.230817238800228, 355.399993896484375 ], [ 347561.894827620824799, 5543391.05848793592304, 354.921608190952213 ], [ 347561.958623107988387, 5543390.549077626317739, 354.399993896484375 ], [ 347562.339061828970443, 5543389.139365153387189, 354.399993896484375 ], [ 347562.546495565620717, 5543388.406041156500578, 354.600006103515625 ], [ 347562.652169445645995, 5543388.319099246524274, 354.600006103515625 ], [ 347563.061796989059076, 5543389.622381029650569, 354.600006103515625 ], [ 347563.101962287095375, 5543389.739511561580002, 354.680434676110565 ], [ 347563.251817666692659, 5543390.176521644927561, 354.600006103515625 ], [ 347563.479892614355776, 5543390.981347547844052, 353.894595813658725 ], [ 347563.508484435325954, 5543391.082241742871702, 353.624106251503861 ], [ 347563.428658600605559, 5543391.104639694094658, 352.901841492953622 ], [ 347563.181581979908515, 5543391.699217483401299, 352.992236332237837 ], [ 347563.354764830844942, 5543392.011328563094139, 353.195775659084632 ], [ 347563.133109136018902, 5543392.548670517280698, 353.399993896484375 ], [ 347563.097127043351065, 5543392.67232620716095, 353.302622648011948 ], [ 347563.083458204404451, 5543392.719300398603082, 353.903608622166587 ], [ 347563.009879751072731, 5543392.819511839188635, 353.800003051757812 ], [ 347563.007404297648463, 5543392.822883325628936, 354.800003051757812 ], [ 347562.54596631770255, 5543393.451346724294126, 354.399993896484375 ], [ 347562.495876642293297, 5543393.68663184531033, 353.800003051757812 ], [ 347562.381380068196449, 5543394.224454062059522, 353.699996948242188 ], [ 347562.389213824993931, 5543394.276486141607165, 353.0 ], [ 347562.58093147224281, 5543394.446278601884842, 353.240197015340698 ], [ 347562.205389497568831, 5543395.736862292513251, 353.39962173585036 ], [ 347561.982022128708195, 5543396.504484295845032, 353.305631572822904 ], [ 347561.890796950203367, 5543396.817987807095051, 354.340441247420642 ], [ 347561.878317294933368, 5543396.587479665875435, 354.74296467303509 ], [ 347561.845263375958893, 5543395.976950186304748, 354.092133578736252 ], [ 347561.917858003871515, 5543395.928552999161184, 353.129999458026987 ], [ 347561.824099194142036, 5543395.086982525885105, 354.087278843164881 ], [ 347561.931023929733783, 5543394.639534812420607, 354.088144607159336 ], [ 347562.339998621493578, 5543393.949597083963454, 353.100006103515625 ], [ 347562.495876642293297, 5543393.68663184531033, 353.800003051757812 ], [ 347563.007577172305901, 5543392.823396275751293, 354.20001220703125 ], [ 347563.007404297648463, 5543392.822883325628936, 354.800003051757812 ], [ 347562.876298079441767, 5543392.433868241496384, 354.145580305883186 ], [ 347562.857912713428959, 5543392.37931564450264, 355.20001220703125 ], [ 347562.384910087159369, 5543392.740158375352621, 355.073383747431706 ], [ 347562.720925155095756, 5543391.334036836400628, 353.715483763127224 ], [ 347562.768829417356756, 5543391.13357197213918, 353.711077366701716 ], [ 347563.101962287095375, 5543389.739511561580002, 354.680434676110565 ], [ 347563.976343768415973, 5543386.08048923779279, 354.600006103515625 ], [ 347564.640831490280107, 5543385.520338603295386, 354.014594050927826 ], [ 347565.625103245140053, 5543384.690616051666439, 354.20001220703125 ], [ 347566.130620273121167, 5543384.508355803787708, 353.79998779296875 ], [ 347566.081100034876727, 5543384.668305528350174, 354.0 ], [ 347566.700048666447401, 5543385.311743432655931, 354.354795460912669 ], [ 347565.941427936428227, 5543386.304308245889843, 354.600006103515625 ], [ 347565.254055341822095, 5543386.933490609750152, 354.551592913256457 ], [ 347565.221116473956499, 5543388.228330567479134, 354.888280829445648 ], [ 347565.218293938029092, 5543388.339285573922098, 354.79998779296875 ], [ 347564.541463638597634, 5543390.792403027415276, 354.180777811375492 ], [ 347564.133123675885145, 5543390.906977192498744, 353.123428677566665 ], [ 347564.133527751546353, 5543390.123436667956412, 353.399993896484375 ], [ 347563.815416550613008, 5543390.894607895985246, 354.129472119991192 ], [ 347563.765726367477328, 5543390.410561128519475, 354.089821630730398 ], [ 347563.703999626624864, 5543389.809262693859637, 355.0 ], [ 347564.325901648087893, 5543389.161201282404363, 354.205867000531271 ], [ 347565.221116473956499, 5543388.228330567479134, 354.888280829445648 ], [ 347566.399845513515174, 5543387.00002003274858, 355.0 ], [ 347566.815028139448259, 5543385.431272175163031, 354.455239327126662 ], [ 347567.102713894331828, 5543385.730340481735766, 354.0 ], [ 347569.471057852730155, 5543385.345822902396321, 354.0 ], [ 347570.771420393779408, 5543383.536882331594825, 354.20001220703125 ], [ 347571.140487447846681, 5543380.672660349868238, 354.399993896484375 ], [ 347567.692088859155774, 5543374.988819190301001, 354.20001220703125 ], [ 347564.37648292479571, 5543372.211621997877955, 354.28416959870674 ], [ 347563.223458624212071, 5543371.245832964777946, 354.0 ], [ 347563.268837767129298, 5543371.237059439532459, 354.0 ], [ 347563.09207198972581, 5543371.137587958946824, 353.98949450909015 ], [ 347563.046342177491169, 5543371.111854402348399, 354.0 ], [ 347562.950576228438877, 5543371.110211668536067, 353.953754389436881 ], [ 347562.822984448866919, 5543371.108023005537689, 354.0 ], [ 347562.946543168684002, 5543371.121598542667925, 353.936842922910614 ], [ 347562.932638882892206, 5543371.160855672322214, 353.79998779296875 ], [ 347562.933438343578018, 5543371.704894121736288, 353.871668153150665 ], [ 347563.207869435078464, 5543371.964368103072047, 354.0 ], [ 347563.254598039959092, 5543372.301586790010333, 353.848345229570214 ], [ 347562.934051480842754, 5543372.122138231992722, 353.643439716456783 ], [ 347562.362077618716285, 5543371.801935497671366, 353.79998779296875 ], [ 347562.002300967636984, 5543371.61633740272373, 354.0 ], [ 347562.314481087494642, 5543371.607447789050639, 354.20001220703125 ], [ 347562.547189938777592, 5543371.339697120711207, 354.20001220703125 ], [ 347562.933438343578018, 5543371.704894121736288, 353.871668153150665 ], [ 347562.934051480842754, 5543372.122138231992722, 353.643439716456783 ], [ 347562.934927402879111, 5543372.718209138140082, 353.399993896484375 ], [ 347563.166077268077061, 5543373.028706214390695, 353.399993896484375 ], [ 347563.348265730543062, 5543372.977543106302619, 353.719717586987372 ], [ 347563.350748241995461, 5543372.995458240620792, 354.559206455169146 ], [ 347563.514726923953276, 5543374.178816398605704, 354.699996948242188 ], [ 347563.266009638784453, 5543375.440556587651372, 354.699996948242188 ], [ 347562.911144572950434, 5543376.437721148133278, 353.899993896484375 ], [ 347562.328850889753085, 5543378.07395610306412, 353.643929910774716 ], [ 347562.068804493872449, 5543378.804681877605617, 354.0 ], [ 347561.901413311832584, 5543378.225791597738862, 354.580591941002922 ], [ 347561.862621161330026, 5543378.091636389493942, 353.741867093850999 ], [ 347561.638889439229388, 5543377.317903162911534, 353.934050581009501 ], [ 347561.255716731073335, 5543375.992773883976042, 354.399993896484375 ], [ 347559.410530932247639, 5543374.282730313949287, 354.399993896484375 ], [ 347559.737339789397083, 5543377.108485534787178, 354.20001220703125 ], [ 347560.355600756418426, 5543378.366347800008953, 353.824857975838086 ], [ 347560.560079641523771, 5543378.782363507896662, 354.0 ], [ 347560.839953511720523, 5543378.904955795034766, 354.0 ], [ 347560.998630692018196, 5543379.413359590806067, 354.0 ], [ 347560.304418819025159, 5543379.088071315549314, 353.79998779296875 ], [ 347560.296789753017947, 5543378.398174892179668, 353.600006103515625 ], [ 347560.355600756418426, 5543378.366347800008953, 353.824857975838086 ], [ 347560.787912169587798, 5543378.132391325198114, 353.600006103515625 ], [ 347561.438685653847642, 5543378.107712801545858, 353.534092864769605 ], [ 347561.281091464566998, 5543377.81475732754916, 353.602728197416866 ], [ 347561.194886658457108, 5543377.654509224928916, 353.600006103515625 ], [ 347560.598255100427195, 5543376.114080345258117, 353.399993896484375 ], [ 347561.243013892672025, 5543377.867633535526693, 353.600006103515625 ], [ 347561.281091464566998, 5543377.81475732754916, 353.602728197416866 ], [ 347561.638889439229388, 5543377.317903162911534, 353.934050581009501 ], [ 347562.367667377111502, 5543376.305889739654958, 354.397645359890021 ], [ 347562.730212654802017, 5543374.813031223602593, 355.0 ], [ 347563.350748241995461, 5543372.995458240620792, 354.559206455169146 ], [ 347563.357776483229827, 5543372.974872247315943, 354.280624092820403 ], [ 347563.534202050475869, 5543372.458114867098629, 354.408875136647566 ], [ 347563.254598039959092, 5543372.301586790010333, 353.848345229570214 ], [ 347563.348265730543062, 5543372.977543106302619, 353.719717586987372 ], [ 347563.357776483229827, 5543372.974872247315943, 354.280624092820403 ], [ 347563.775156176940072, 5543372.85766151919961, 354.465922468282542 ], [ 347563.514726923953276, 5543374.178816398605704, 354.699996948242188 ], [ 347563.570862958789803, 5543374.583924148231745, 354.0 ], [ 347563.266009638784453, 5543375.440556587651372, 354.699996948242188 ], [ 347563.016819890064653, 5543376.704693579114974, 354.599990844726562 ], [ 347562.855456155026332, 5543377.523290120996535, 355.399993896484375 ], [ 347562.797247148409951, 5543378.195996621623635, 354.324028062109164 ], [ 347562.769245453120675, 5543378.519605004228652, 355.366833146152317 ], [ 347562.17650180705823, 5543378.577794443815947, 355.0 ], [ 347562.11789353180211, 5543378.840587458573282, 355.0 ], [ 347562.656181297032163, 5543378.965147115290165, 355.0 ], [ 347562.759962442622054, 5543378.626886365935206, 355.217184301660723 ], [ 347562.705608086893335, 5543379.255045658908784, 354.414245188493283 ], [ 347562.589088420965709, 5543379.329829581081867, 353.59793252465181 ], [ 347562.222639037645422, 5543379.565021829679608, 353.600006103515625 ], [ 347562.137482507911045, 5543379.406722391955554, 353.752943700715548 ], [ 347561.592068052850664, 5543379.49958754144609, 354.526357605572457 ], [ 347560.806619728682563, 5543379.633322126232088, 354.0 ], [ 347561.350941923097707, 5543380.492476481013, 354.499552303746896 ], [ 347561.592068052850664, 5543379.49958754144609, 354.526357605572457 ], [ 347561.777247153571807, 5543378.737072582356632, 354.345326866769085 ], [ 347561.438685653847642, 5543378.107712801545858, 353.534092864769605 ], [ 347561.862621161330026, 5543378.091636389493942, 353.741867093850999 ], [ 347561.934656723053195, 5543378.088904668577015, 354.221692940504226 ], [ 347562.367667377111502, 5543376.305889739654958, 354.397645359890021 ], [ 347562.641719709616154, 5543375.925328494980931, 353.79998779296875 ], [ 347562.911144572950434, 5543376.437721148133278, 353.899993896484375 ], [ 347562.984746074536815, 5543376.577696606516838, 353.79998779296875 ], [ 347563.016819890064653, 5543376.704693579114974, 354.599990844726562 ], [ 347563.397840110235848, 5543378.213351453654468, 354.217469516488052 ], [ 347563.505985412746668, 5543378.213531165383756, 354.600006103515625 ], [ 347564.570455086010043, 5543376.560520085506141, 354.399993896484375 ], [ 347564.37648292479571, 5543372.211621997877955, 354.28416959870674 ], [ 347564.344076992420014, 5543371.485073938965797, 354.208410215829417 ], [ 347563.344589289277792, 5543371.279687125235796, 354.0 ], [ 347563.268837767129298, 5543371.237059439532459, 354.0 ], [ 347563.532846798014361, 5543371.186016387306154, 353.9722861473536 ], [ 347564.334667601622641, 5543371.274113347753882, 354.211930228470749 ], [ 347564.332326344680041, 5543371.221621857956052, 354.171646506360162 ], [ 347564.309556979103945, 5543370.711127723567188, 354.130129454700636 ], [ 347564.238111109123565, 5543369.109295763075352, 354.600006103515625 ], [ 347564.369161696347874, 5543362.950496521778405, 354.20001220703125 ], [ 347564.738958038273267, 5543358.845913998782635, 353.600006103515625 ], [ 347564.402334788464941, 5543353.987400699406862, 352.399993896484375 ], [ 347562.218827348900959, 5543350.882160668261349, 352.003715619306604 ], [ 347561.498258508101571, 5543349.857415266335011, 351.870104414108823 ], [ 347560.721678231086116, 5543348.753014099784195, 351.995418907597468 ], [ 347560.717258217919152, 5543348.746728248894215, 351.99660007889031 ], [ 347560.714238644810393, 5543348.74870400223881, 351.399993896484375 ], [ 347560.721678231086116, 5543348.753014099784195, 351.995418907597468 ], [ 347561.961558114620857, 5543349.471334096044302, 351.269071843381425 ], [ 347563.383933295379393, 5543350.295382092706859, 351.399993896484375 ], [ 347562.218827348900959, 5543350.882160668261349, 352.003715619306604 ], [ 347558.437889780208934, 5543352.786342145875096, 351.79998779296875 ], [ 347557.8052353108651, 5543352.934919971041381, 351.600006103515625 ], [ 347561.498258508101571, 5543349.857415266335011, 351.870104414108823 ], [ 347561.961558114620857, 5543349.471334096044302, 351.269071843381425 ], [ 347563.204791361000389, 5543348.43531131464988, 351.0 ], [ 347571.577278633601964, 5543344.737013384699821, 351.79998779296875 ], [ 347580.630560070741922, 5543341.103278093039989, 351.399993896484375 ], [ 347588.443575708777644, 5543338.857119103893638, 351.20001220703125 ], [ 347593.391454389493447, 5543333.475120197981596, 350.600006103515625 ], [ 347593.7911744210287, 5543332.531154606491327, 350.399993896484375 ], [ 347597.175608345656656, 5543325.626926791854203, 349.600006103515625 ], [ 347598.249719268118497, 5543323.889716375619173, 349.399993896484375 ], [ 347600.774600041098893, 5543316.97265846747905, 348.399993896484375 ], [ 347601.067390128038824, 5543315.649377579800785, 348.20001220703125 ], [ 347602.014508702675812, 5543309.029034913517535, 347.399993896484375 ], [ 347602.654625355207827, 5543305.765414403751493, 347.20001220703125 ], [ 347602.8997800880461, 5543301.291350588202477, 346.600006103515625 ], [ 347602.445020034327172, 5543295.447659297846258, 346.0 ], [ 347602.596226506459061, 5543292.738856724463403, 345.79998779296875 ], [ 347602.230095474864356, 5543286.631518487818539, 345.0 ], [ 347602.021033353812527, 5543282.664655633270741, 343.79998779296875 ], [ 347602.113781787920743, 5543281.701452209614217, 343.600006103515625 ], [ 347601.564806058770046, 5543277.613703957758844, 342.600006103515625 ], [ 347600.965664531686343, 5543275.140756814740598, 341.600006103515625 ], [ 347600.718694521347061, 5543274.485651787370443, 341.399993896484375 ], [ 347599.123782727227081, 5543272.703188052400947, 341.0 ], [ 347599.116243409633171, 5543273.915763881988823, 341.20001220703125 ], [ 347598.842508080182597, 5543268.943549853749573, 340.600006103515625 ], [ 347598.98497438558843, 5543268.249380812980235, 340.399993896484375 ], [ 347598.486942364601418, 5543264.262766933068633, 339.399993896484375 ], [ 347597.787259321776219, 5543262.268300916068256, 339.0 ], [ 347597.318252780591138, 5543257.823893905617297, 338.20001220703125 ], [ 347597.417465128004551, 5543253.288703862577677, 337.0 ], [ 347596.673102608881891, 5543251.202251334674656, 336.399993896484375 ], [ 347596.475193034566473, 5543249.948895049281418, 336.0 ], [ 347593.604199933761265, 5543247.242197634652257, 335.0 ], [ 347592.950672562641557, 5543246.869116960093379, 334.79998779296875 ], [ 347588.957688139402308, 5543245.695826754905283, 333.79998779296875 ], [ 347587.988454903359525, 5543245.630162128247321, 333.600006103515625 ], [ 347585.153485780931078, 5543246.932561449706554, 333.0 ], [ 347584.433780494204257, 5543247.400692956522107, 332.79998779296875 ], [ 347583.310733675491065, 5543248.896826355718076, 332.0 ], [ 347583.456972081796266, 5543249.601427903398871, 331.600006103515625 ], [ 347583.904232317057904, 5543252.280754257924855, 331.753903124015324 ], [ 347580.99106679065153, 5543253.10355004388839, 331.399993896484375 ], [ 347578.825852829613723, 5543254.29362565279007, 330.600006103515625 ], [ 347576.150933065218851, 5543255.097202778793871, 329.79998779296875 ], [ 347575.426188684650697, 5543255.388287781737745, 329.399993896484375 ], [ 347572.106830669275951, 5543255.715945273637772, 328.399993896484375 ], [ 347569.948289064632263, 5543256.085159171372652, 327.79998779296875 ], [ 347567.814522134955041, 5543257.535468021407723, 327.20001220703125 ], [ 347564.711288195394445, 5543261.232936912216246, 326.20001220703125 ], [ 347563.574353296891786, 5543262.030030980706215, 326.0 ], [ 347560.195292332675308, 5543265.325019102543592, 325.20001220703125 ], [ 347558.110654497053474, 5543267.445395003072917, 324.600006103515625 ], [ 347555.185318379895762, 5543269.160722189582884, 324.0 ], [ 347553.892459354014136, 5543269.757089716382325, 323.600006103515625 ], [ 347551.302662125322968, 5543270.595559255219996, 323.0 ], [ 347550.684924042143393, 5543270.846297117881477, 322.79998779296875 ], [ 347542.725703870528378, 5543269.860597069375217, 321.79998779296875 ], [ 347539.96196506684646, 5543268.810876153409481, 321.79998779296875 ], [ 347534.964709613006562, 5543262.965993418358266, 321.20001220703125 ], [ 347531.597773907356896, 5543258.669404369778931, 320.79998779296875 ], [ 347528.755104098876473, 5543254.637661349028349, 320.399993896484375 ], [ 347526.755596572649665, 5543252.363144593313336, 319.79998779296875 ], [ 347525.198551427631173, 5543247.903100753203034, 318.399993896484375 ], [ 347523.898570003220811, 5543244.452254477888346, 317.20001220703125 ], [ 347523.012204743805341, 5543240.756481281481683, 316.20001220703125 ], [ 347522.945963642618153, 5543240.329378347843885, 316.0 ], [ 347523.315451227943413, 5543237.26929799746722, 315.399993896484375 ], [ 347522.840286942082457, 5543234.29855605494231, 315.0 ], [ 347522.121939238393679, 5543233.75946441758424, 314.79998779296875 ], [ 347521.261718871595804, 5543231.825534542091191, 314.600006103515625 ], [ 347521.290171728702262, 5543230.714946656487882, 314.399993896484375 ], [ 347520.522988421900664, 5543228.461287686601281, 314.0 ], [ 347519.791497028665617, 5543226.616950106807053, 313.399993896484375 ], [ 347519.395119886496104, 5543225.779586560092866, 312.79998779296875 ], [ 347520.063333833473735, 5543223.503695737570524, 311.79998779296875 ], [ 347520.126051303872373, 5543222.541345691308379, 311.600006103515625 ], [ 347519.768074625986628, 5543220.098840256221592, 310.79998779296875 ], [ 347518.398768694605678, 5543218.011545260436833, 309.600006103515625 ], [ 347517.833317797631025, 5543215.668207956478, 308.399993896484375 ], [ 347517.576477994676679, 5543214.034171895124018, 307.79998779296875 ], [ 347517.331252431555185, 5543213.229806684888899, 307.600006103515625 ], [ 347517.173692747135647, 5543212.339011756703258, 307.399993896484375 ], [ 347515.755436206469312, 5543206.634677396155894, 306.20001220703125 ], [ 347515.445029851980507, 5543205.440482632257044, 305.79998779296875 ], [ 347514.098798963939771, 5543202.475900312885642, 305.0 ], [ 347514.118821222684346, 5543200.647461196407676, 304.79998779296875 ], [ 347512.969800805090927, 5543195.746808597818017, 304.0 ], [ 347512.395826505089644, 5543194.159109276719391, 303.600006103515625 ], [ 347511.441777170053683, 5543189.775151690468192, 303.0 ], [ 347510.07995623286115, 5543187.529105558991432, 302.20001220703125 ], [ 347510.000872456934303, 5543186.440232394263148, 302.0 ], [ 347508.581490895303432, 5543182.806272782385349, 300.600006103515625 ], [ 347508.283190404181369, 5543181.826228326186538, 300.399993896484375 ], [ 347507.208215875434689, 5543179.525382896885276, 299.600006103515625 ], [ 347505.656484427570831, 5543175.885867971926928, 298.600006103515625 ], [ 347504.808725550072268, 5543174.389900737442076, 298.20001220703125 ], [ 347502.626691044657491, 5543169.294854514300823, 297.399993896484375 ], [ 347500.272340830881149, 5543164.689662349410355, 297.20001220703125 ], [ 347496.986968047043774, 5543158.618854316882789, 297.0 ], [ 347492.889816065027844, 5543154.846683381125331, 296.79998779296875 ], [ 347486.109325881872792, 5543150.740619930438697, 296.600006103515625 ], [ 347479.76501345844008, 5543144.439886181615293, 296.79998779296875 ], [ 347474.895357747212984, 5543138.861866794526577, 297.0 ], [ 347468.271521824994124, 5543134.350349131971598, 297.0 ], [ 347461.849900351488031, 5543129.133637721650302, 297.0 ], [ 347454.886768140015192, 5543119.884937677532434, 296.600006103515625 ], [ 347453.446961669775192, 5543117.855621195398271, 296.399993896484375 ], [ 347449.091144653502852, 5543111.544890168122947, 296.20001220703125 ], [ 347443.468788851401769, 5543105.279578828252852, 295.399993896484375 ], [ 347440.11788559530396, 5543101.551461070775986, 295.0 ], [ 347435.956505749374628, 5543094.684972682036459, 294.399993896484375 ], [ 347434.45905020297505, 5543091.687413459643722, 294.0 ], [ 347431.856862586340867, 5543087.033354974351823, 293.20001220703125 ], [ 347431.165111128007993, 5543085.952616090886295, 293.20001220703125 ], [ 347426.743306320393458, 5543079.858276491053402, 292.20001220703125 ], [ 347422.194208633271046, 5543071.827787573449314, 291.399993896484375 ], [ 347421.120135982579086, 5543069.349739831872284, 291.20001220703125 ], [ 347416.357710693380795, 5543060.159601506777108, 290.399993896484375 ], [ 347414.741922888671979, 5543055.962382615543902, 290.0 ], [ 347410.488296650233679, 5543049.023933405056596, 289.79998779296875 ], [ 347404.840987390372902, 5543039.989586391486228, 289.79998779296875 ], [ 347399.551661188714206, 5543030.655938970856369, 289.399993896484375 ], [ 347393.931613277527504, 5543024.05487653426826, 289.399993896484375 ], [ 347393.421798330207821, 5543024.267323840409517, 288.899993896484375 ], [ 347392.797049709188286, 5543022.828224203549325, 288.399993896484375 ], [ 347391.251777101366315, 5543022.655968390405178, 288.927371702005871 ], [ 347394.555333689786494, 5543022.115969058126211, 289.0 ], [ 347393.923555830144323, 5543020.399365799501538, 288.79998779296875 ], [ 347390.276634198962711, 5543014.72128087002784, 288.399993896484375 ], [ 347388.38469142280519, 5543010.112276256084442, 288.399993896484375 ], [ 347386.12613802717533, 5543005.289901733398438, 288.0 ], [ 347384.555738574243151, 5543001.632296987809241, 287.79998779296875 ], [ 347379.870521400356665, 5542986.723227679729462, 287.0 ], [ 347374.909521807916462, 5542973.733826573938131, 286.399993896484375 ], [ 347371.35553769726539, 5542964.994217949919403, 286.0 ], [ 347369.767425896250643, 5542960.92678343039006, 285.600006103515625 ], [ 347364.429887385806069, 5542947.79891075566411, 285.20001220703125 ], [ 347361.063747507752851, 5542942.066208407282829, 284.79998779296875 ], [ 347358.72321530256886, 5542938.374610881321132, 284.399993896484375 ], [ 347354.289846529718488, 5542932.513799221254885, 283.79998779296875 ], [ 347353.611025549471378, 5542931.255508731119335, 283.79998779296875 ], [ 347348.021532107959501, 5542923.413275895640254, 283.399993896484375 ], [ 347342.272987374919467, 5542912.311528393998742, 282.79998779296875 ], [ 347341.309317076520529, 5542910.96810239367187, 282.79998779296875 ], [ 347335.52658695919672, 5542900.986440327949822, 282.20001220703125 ], [ 347334.245433468138799, 5542896.93823960237205, 281.600006103515625 ], [ 347330.597034161677584, 5542889.105955228209496, 280.79998779296875 ], [ 347324.457342633744702, 5542883.67618162650615, 280.600006103515625 ], [ 347321.006018273881637, 5542880.016273780725896, 280.399993896484375 ], [ 347314.277190765424166, 5542870.574534095823765, 280.399993896484375 ], [ 347303.393729972944129, 5542858.518807862885296, 280.600006103515625 ], [ 347293.27892147982493, 5542848.343656823039055, 280.0 ], [ 347284.190457315940876, 5542838.549587176181376, 279.600006103515625 ], [ 347279.623587405891158, 5542834.33399217016995, 279.600006103515625 ], [ 347276.988833117182367, 5542832.338801745325327, 279.399993896484375 ], [ 347267.119765279057901, 5542821.513200740329921, 279.0 ], [ 347258.568828256451525, 5542812.449907138943672, 278.600006103515625 ], [ 347256.503647538484074, 5542810.410499843768775, 278.20001220703125 ], [ 347244.285169046605006, 5542795.800374078564346, 278.0 ], [ 347232.86014781187987, 5542784.571579726412892, 277.600006103515625 ], [ 347231.992073962115683, 5542783.421287114731967, 277.399993896484375 ], [ 347226.10404032561928, 5542771.8666599271819, 278.0 ], [ 347220.811198266572319, 5542762.850345648825169, 277.600006103515625 ], [ 347214.296851926541422, 5542752.302144015207887, 277.0 ], [ 347206.086392868659459, 5542740.226276786066592, 276.600006103515625 ], [ 347205.127180250536185, 5542739.041285269893706, 276.399993896484375 ], [ 347202.355698013387155, 5542733.310352283529937, 276.600006103515625 ], [ 347196.968768692866433, 5542719.736388114280999, 276.0 ], [ 347193.061274991487153, 5542707.257964217104018, 275.399993896484375 ], [ 347192.309063888387755, 5542704.062002873048186, 275.20001220703125 ], [ 347191.634310598950833, 5542694.736727930605412, 274.600006103515625 ], [ 347190.927424965659156, 5542687.865076527930796, 274.399993896484375 ], [ 347191.114539058122318, 5542679.261275372467935, 273.399993896484375 ], [ 347191.516806880477816, 5542676.722481733188033, 273.20001220703125 ], [ 347192.920981859439053, 5542666.125512992963195, 272.399993896484375 ], [ 347194.619123321725056, 5542662.038945286534727, 272.0 ], [ 347196.264096855418757, 5542658.616032965481281, 271.20001220703125 ], [ 347196.758966580615379, 5542657.426849785260856, 271.0 ], [ 347198.149273003044073, 5542652.239288867451251, 269.79998779296875 ], [ 347200.433130297227763, 5542645.935101505368948, 268.79998779296875 ], [ 347200.618858607427683, 5542644.652156081050634, 268.600006103515625 ], [ 347202.894873329612892, 5542636.809424088336527, 267.399993896484375 ], [ 347203.273117748554796, 5542635.744806194677949, 267.20001220703125 ], [ 347205.20023953053169, 5542631.679686321876943, 266.399993896484375 ], [ 347206.709370104828849, 5542628.549756762571633, 265.79998779296875 ], [ 347208.056565874256194, 5542626.273103415966034, 265.399993896484375 ], [ 347211.399093086482026, 5542621.057818094268441, 264.399993896484375 ], [ 347211.790789830556605, 5542620.253941664472222, 264.20001220703125 ], [ 347214.7164351711981, 5542615.591455182060599, 263.20001220703125 ], [ 347215.900878416490741, 5542613.086301237344742, 262.79998779296875 ], [ 347217.207758362055756, 5542611.081251400522888, 262.20001220703125 ], [ 347219.149146138224751, 5542604.777520352043211, 261.20001220703125 ], [ 347219.650119394762442, 5542602.74883689917624, 260.600006103515625 ], [ 347220.959684345172718, 5542599.363481976091862, 260.0 ], [ 347224.03005380067043, 5542592.82237137760967, 259.0 ], [ 347225.204204244248103, 5542590.587964103557169, 258.600006103515625 ], [ 347227.406363248242997, 5542587.736696487292647, 257.79998779296875 ], [ 347231.445972641813569, 5542582.520189265720546, 257.0 ], [ 347232.197671159810852, 5542581.696717772632837, 256.79998779296875 ], [ 347234.776965236756951, 5542577.10940707474947, 255.800003051757812 ], [ 347235.155156397551764, 5542575.410634130239487, 255.600006103515625 ], [ 347236.11357734532794, 5542566.549469133839011, 254.721488004920815 ], [ 347236.173245360376313, 5542566.652570325881243, 254.600006103515625 ], [ 347236.118238290655427, 5542566.50637595448643, 254.723114226796241 ], [ 347235.504300071683247, 5542564.874689107760787, 254.64216871291319 ], [ 347234.58668539399514, 5542562.43590984120965, 254.800003051757812 ], [ 347226.802699819847476, 5542553.098969061858952, 255.600006103515625 ], [ 347218.162341450341046, 5542541.128598530776799, 256.600006103515625 ], [ 347217.716021812288091, 5542539.80773307569325, 256.79998779296875 ], [ 347215.217456936603412, 5542532.903269746340811, 257.0 ], [ 347212.846508878516033, 5542527.944273931905627, 257.600006103515625 ], [ 347209.780130400613416, 5542524.096249792724848, 257.79998779296875 ], [ 347206.010606482857838, 5542518.561655954457819, 258.20001220703125 ], [ 347202.995395471923985, 5542512.716437785886228, 259.0 ], [ 347201.171098403516226, 5542507.751173478551209, 259.399993896484375 ], [ 347197.884810637740884, 5542501.251555842347443, 260.0 ], [ 347195.65537642093841, 5542497.883253049105406, 260.20001220703125 ], [ 347191.816200393659528, 5542485.486810461618006, 260.0 ], [ 347194.061510797473602, 5542477.197313797660172, 259.20001220703125 ], [ 347193.877422441495582, 5542474.115702096372843, 259.0 ], [ 347195.093632006202824, 5542467.879288435913622, 258.0 ], [ 347195.433048900740687, 5542466.92768931761384, 257.79998779296875 ], [ 347198.159575566241983, 5542458.232776518911123, 257.20001220703125 ], [ 347199.536036053556018, 5542453.399998761713505, 256.79998779296875 ], [ 347201.115168326767161, 5542448.719978159293532, 256.399993896484375 ], [ 347204.24838566489052, 5542442.904485890641809, 255.800003051757812 ], [ 347204.858541014953516, 5542441.963813990354538, 255.600006103515625 ], [ 347207.770840107928962, 5542434.513274108059704, 255.0 ], [ 347208.082521317177452, 5542433.431905220262706, 255.0 ], [ 347209.138631599373184, 5542428.53366460558027, 254.600006103515625 ], [ 347210.321858368930407, 5542424.088765128515661, 254.199996948242188 ], [ 347212.025934049568605, 5542416.626073565334082, 253.600006103515625 ], [ 347213.039043697935995, 5542413.379740693606436, 253.399993896484375 ], [ 347213.681585244019516, 5542405.359808290377259, 252.600006103515625 ], [ 347214.071484418353066, 5542404.071039010770619, 252.399993896484375 ], [ 347217.392507309559733, 5542396.832665711641312, 251.399993896484375 ], [ 347221.365945948171429, 5542385.500274990685284, 250.399993896484375 ], [ 347223.027608433912974, 5542375.707330894656479, 249.600006103515625 ], [ 347224.53184558742214, 5542373.034519118256867, 249.199996948242188 ], [ 347225.296693521901034, 5542371.828312456607819, 249.199996948242188 ], [ 347230.56796346133342, 5542360.486881896853447, 248.199996948242188 ], [ 347235.878756234538741, 5542350.319389997050166, 247.399993896484375 ], [ 347239.692583059542812, 5542345.818107426166534, 247.199996948242188 ], [ 347242.553897051024251, 5542344.160412057302892, 246.800003051757812 ], [ 347243.807548119919375, 5542345.131844137795269, 246.600006103515625 ], [ 347249.146554125938565, 5542348.803152471780777, 246.199996948242188 ], [ 347250.447865196678322, 5542349.549405638128519, 246.0 ], [ 347256.288312035729177, 5542356.684966179542243, 245.600006103515625 ], [ 347258.329186460934579, 5542361.448227102868259, 245.0 ], [ 347258.99112625780981, 5542366.325427331961691, 244.600006103515625 ], [ 347257.241054213023745, 5542373.864018297754228, 244.0 ], [ 347257.412395496095996, 5542376.078687800094485, 243.600006103515625 ], [ 347259.671947832684964, 5542387.876742478460073, 242.800003051757812 ], [ 347260.896599955274723, 5542391.413619075901806, 242.600006103515625 ], [ 347264.608896888559684, 5542400.419107215479016, 241.800003051757812 ], [ 347266.729187302291393, 5542404.807070644572377, 241.600006103515625 ], [ 347272.213978661922738, 5542414.013806322589517, 240.800003051757812 ], [ 347273.576496836554725, 5542416.063940110616386, 240.600006103515625 ], [ 347280.386233680357691, 5542423.265136217698455, 239.600006103515625 ], [ 347289.22117970965337, 5542430.679034356959164, 238.800003051757812 ], [ 347290.494676550384611, 5542431.71519121248275, 238.600006103515625 ], [ 347298.613878348958679, 5542436.790071119554341, 237.399993896484375 ], [ 347299.215980291948654, 5542437.463015347719193, 237.399993896484375 ], [ 347307.289953447412699, 5542445.588755530305207, 236.399993896484375 ], [ 347316.677397770865355, 5542451.727949251420796, 235.399993896484375 ], [ 347317.778507204726338, 5542452.619813638739288, 235.199996948242188 ], [ 347325.667832372011617, 5542459.118817856535316, 234.199996948242188 ], [ 347326.942537698894739, 5542459.987082733772695, 234.0 ], [ 347335.917749826679938, 5542466.212668308988214, 233.0 ], [ 347338.032176779059228, 5542466.814522860571742, 232.600006103515625 ], [ 347340.366803888930008, 5542467.130324603058398, 232.0 ], [ 347348.166457860730588, 5542469.220783019438386, 230.800003051757812 ], [ 347354.664992904290557, 5542471.413623698987067, 230.399993896484375 ], [ 347360.832374490739312, 5542473.37343923188746, 229.800003051757812 ], [ 347372.297983000171371, 5542475.051680385135114, 229.0 ], [ 347375.270832926151343, 5542475.200091905891895, 228.800003051757812 ], [ 347389.306267109583132, 5542474.482983669266105, 227.800003051757812 ], [ 347391.852650059387088, 5542473.79490552470088, 227.399993896484375 ], [ 347398.946826181490906, 5542472.007333306595683, 226.600006103515625 ], [ 347409.938726592052262, 5542469.082854774780571, 225.800003051757812 ], [ 347412.98955078155268, 5542467.960748734883964, 225.600006103515625 ], [ 347424.78457453061128, 5542462.43015384208411, 224.600006103515625 ], [ 347430.374181792489253, 5542458.876278798095882, 224.199996948242188 ], [ 347436.830200248339679, 5542455.148511284030974, 223.600006103515625 ], [ 347446.440834920620546, 5542446.136377841234207, 222.399993896484375 ], [ 347447.221078341302928, 5542444.836507428437471, 222.399993896484375 ], [ 347449.523053229262587, 5542439.576426417566836, 222.0 ], [ 347448.590268314641435, 5542440.162551369518042, 222.0 ], [ 347445.377617922204081, 5542443.620709851384163, 222.199996948242188 ], [ 347448.938757333089598, 5542439.527791181579232, 221.800003051757812 ], [ 347451.952201717766002, 5542436.038006651215255, 221.399993896484375 ], [ 347457.742728631361388, 5542427.722253683023155, 220.399993896484375 ], [ 347459.054323157877661, 5542425.456011824309826, 220.199996948242188 ], [ 347463.22710728587117, 5542418.995565457269549, 219.399993896484375 ], [ 347464.778880439815111, 5542415.034504351206124, 218.800003051757812 ], [ 347465.416695713880472, 5542408.945206276141107, 218.399993896484375 ], [ 347466.823289858119097, 5542401.575019759126008, 217.600006103515625 ], [ 347467.538550738827325, 5542398.626328240148723, 217.199996948242188 ], [ 347468.568905387481209, 5542386.697192491032183, 216.199996948242188 ], [ 347468.447434798639733, 5542380.955928109586239, 215.600006103515625 ], [ 347467.933914304187056, 5542377.06302378885448, 215.199996948242188 ], [ 347467.555126313585788, 5542366.507623998448253, 214.0 ], [ 347467.409117393544875, 5542364.124365109018981, 213.800003051757812 ], [ 347466.742484758142382, 5542357.176943084225059, 213.0 ], [ 347464.966808947385289, 5542346.316276930272579, 212.0 ], [ 347464.893621145922225, 5542345.012742533348501, 211.800003051757812 ], [ 347458.686953150900081, 5542334.082452613860369, 211.0 ], [ 347458.107050351682119, 5542332.289756498299539, 210.800003051757812 ], [ 347459.245139988954179, 5542323.509688728488982, 210.399993896484375 ], [ 347459.327125334646553, 5542317.949146124534309, 209.600006103515625 ], [ 347457.735147220373619, 5542314.170895812101662, 209.0 ], [ 347448.362997196149081, 5542306.249779568053782, 208.800003051757812 ], [ 347438.929774194024503, 5542297.873451627790928, 209.0 ], [ 347432.313224069657736, 5542290.489363330416381, 208.399993896484375 ], [ 347429.606980074197054, 5542287.889946055598557, 208.0 ], [ 347425.839316701516509, 5542283.893915827386081, 207.399993896484375 ], [ 347421.09668397239875, 5542278.5827441746369, 207.399993896484375 ], [ 347413.435391146922484, 5542270.389117415063083, 206.600006103515625 ], [ 347411.691617173259147, 5542268.666891970671713, 206.399993896484375 ], [ 347406.210765339550562, 5542262.546766080893576, 205.600006103515625 ], [ 347404.742835460114293, 5542260.592862016521394, 205.199996948242188 ], [ 347404.087544030044228, 5542259.52973559871316, 205.199996948242188 ], [ 347394.931168329785578, 5542252.227388798259199, 204.199996948242188 ], [ 347392.363835830939934, 5542250.286165863275528, 204.0 ], [ 347378.983872661716305, 5542242.81510616466403, 203.199996948242188 ], [ 347377.784312442643568, 5542242.476259352639318, 203.199996948242188 ], [ 347376.728334549057763, 5542242.114668950438499, 203.199996948242188 ], [ 347365.667405880638398, 5542237.151484689675272, 203.0 ], [ 347354.237377389858011, 5542235.052555905655026, 202.800003051757812 ], [ 347340.952662334195338, 5542234.088321767747402, 202.600006103515625 ], [ 347326.661585183348507, 5542233.870902406983078, 202.199996948242188 ], [ 347316.838141746353358, 5542233.74063556548208, 201.399993896484375 ], [ 347313.961922397778835, 5542233.402977575547993, 201.199996948242188 ], [ 347302.905483378446661, 5542231.340134389698505, 200.800003051757812 ], [ 347289.752631406183355, 5542228.88945388328284, 200.600006103515625 ], [ 347278.979135933914222, 5542226.212409405037761, 200.600006103515625 ], [ 347266.620264807250351, 5542223.366106894798577, 200.800003051757812 ], [ 347252.673384653055109, 5542217.730063708499074, 201.199996948242188 ], [ 347240.832771507557482, 5542212.407007635571063, 201.600006103515625 ], [ 347228.392108207568526, 5542209.012897651642561, 202.0 ], [ 347222.305157714174129, 5542207.778341447003186, 202.199996948242188 ], [ 347215.528481122921221, 5542205.117960109375417, 202.399993896484375 ], [ 347205.258726155210752, 5542200.300389543175697, 202.399993896484375 ], [ 347197.385302352719009, 5542198.799753069877625, 202.199996948242188 ], [ 347185.924996231333353, 5542195.014057007618248, 202.399993896484375 ], [ 347173.698984154150821, 5542191.352820722386241, 202.600006103515625 ], [ 347164.827383155701682, 5542188.780263700522482, 202.399993896484375 ], [ 347150.756730846769642, 5542184.50026049092412, 202.399993896484375 ], [ 347139.189866550557781, 5542180.773657918907702, 202.800003051757812 ], [ 347126.885043637012132, 5542175.827803914435208, 202.399993896484375 ], [ 347117.419562759227119, 5542172.03193445969373, 202.600006103515625 ], [ 347107.231132691318635, 5542169.226612498983741, 202.600006103515625 ], [ 347093.653382595337462, 5542165.585493754595518, 202.600006103515625 ], [ 347082.89123795228079, 5542163.104351859539747, 202.800003051757812 ], [ 347072.994798167143017, 5542159.581988726742566, 203.0 ], [ 347064.731591209652834, 5542156.852330875582993, 203.199996948242188 ], [ 347060.592983979848213, 5542154.611073707230389, 203.199996948242188 ], [ 347049.500783510622568, 5542150.675259364768863, 203.600006103515625 ], [ 347039.750027863192372, 5542148.678239529021084, 203.600006103515625 ], [ 347030.301252796547487, 5542146.523397118784487, 203.600006103515625 ], [ 347026.125166824785993, 5542145.495601026341319, 203.600006103515625 ], [ 347013.072172739368398, 5542141.084294534288347, 203.399993896484375 ], [ 346998.986202252912335, 5542134.594880286604166, 203.399993896484375 ], [ 346988.327797387086321, 5542129.648924982175231, 203.199996948242188 ], [ 346978.680026853573509, 5542125.15905865188688, 202.800003051757812 ], [ 346971.238665697164834, 5542121.119084478355944, 202.199996948242188 ], [ 346968.025925898691639, 5542119.103238181211054, 201.800003051757812 ], [ 346956.616329901327845, 5542116.053312655538321, 201.199996948242188 ], [ 346955.262953877390828, 5542116.222551474347711, 201.199996948242188 ], [ 346947.492520786297973, 5542113.91730276402086, 201.0 ], [ 346938.133543133502826, 5542112.384886431507766, 200.800003051757812 ], [ 346924.761620391858742, 5542109.857407324016094, 201.0 ], [ 346914.064699417212978, 5542109.034739844501019, 200.800003051757812 ], [ 346902.774477003142238, 5542108.480853676795959, 200.800003051757812 ], [ 346890.936574511462823, 5542108.530180566944182, 200.800003051757812 ], [ 346880.687365023535676, 5542109.914342605508864, 200.600006103515625 ], [ 346872.876326867495663, 5542107.451820717193186, 200.199996948242188 ], [ 346871.59968172229128, 5542107.572257201187313, 200.199996948242188 ], [ 346861.917169887339696, 5542109.649019715376198, 199.600006103515625 ], [ 346854.197576803853735, 5542109.123696565628052, 199.0 ], [ 346849.334038258180954, 5542108.647270198911428, 198.399993896484375 ], [ 346848.691193394130096, 5542109.91532445512712, 198.199996948242188 ], [ 346847.700295379792806, 5542112.041989175602794, 198.0 ], [ 346839.818269822164439, 5542112.351337105967104, 198.0 ], [ 346833.810729253571481, 5542112.01022760104388, 197.600006103515625 ], [ 346831.660711045726202, 5542112.062393615953624, 197.399993896484375 ], [ 346831.114849106408656, 5542110.837661007419229, 197.399993896484375 ], [ 346831.560961708717514, 5542107.103867560625076, 197.399993896484375 ], [ 346831.214916048047598, 5542104.646517005749047, 198.899993896484375 ], [ 346830.862167276616674, 5542104.237724901176989, 202.5 ], [ 346830.73079687950667, 5542104.08548289258033, 202.079937507690261 ], [ 346830.667027409304865, 5542104.011581980623305, 198.866326375598817 ], [ 346830.339113089430612, 5542104.278812612406909, 197.439489185197715 ], [ 346830.29763766983524, 5542104.312612608075142, 197.605427898117711 ], [ 346830.092548798711505, 5542104.47974781692028, 198.373666373595171 ], [ 346830.055494250438642, 5542104.509945065714419, 201.788166145360265 ], [ 346829.859384110546671, 5542104.669763145036995, 197.800212134376466 ], [ 346829.856736783520319, 5542104.671920558437705, 197.199996948242188 ], [ 346829.819483766739722, 5542104.867860502563417, 200.889357089142379 ], [ 346829.817843833996449, 5542104.876486067660153, 201.847677139282382 ], [ 346829.804059964313637, 5542104.948985179886222, 202.378647159072926 ], [ 346829.76486466213828, 5542104.881014609709382, 206.020735220468453 ], [ 346829.684127419721335, 5542104.741004043258727, 203.380730799900448 ], [ 346829.587645100080408, 5542104.573689137585461, 206.560490519759469 ], [ 346829.566610542184208, 5542104.537212039344013, 206.708183332328559 ], [ 346829.512024535390083, 5542104.442551663145423, 206.733205345361853 ], [ 346829.404562617826741, 5542104.25619647745043, 206.925109325365327 ], [ 346829.447134199202992, 5542104.207960473373532, 206.399993896484375 ], [ 346829.384091353684198, 5542104.220696215517819, 206.923567632326893 ], [ 346829.209391977579799, 5542104.255988501012325, 205.199996948242188 ], [ 346829.149429043696728, 5542104.268102047964931, 207.025087960399162 ], [ 346829.150283994036727, 5542104.265976971015334, 203.624431584993829 ], [ 346829.153132851351984, 5542104.25889580976218, 206.997605676932608 ], [ 346829.16460982587887, 5542104.255866280756891, 202.973318783356603 ], [ 346829.226414882868994, 5542104.239551855251193, 205.162174328435697 ], [ 346829.209391977579799, 5542104.255988501012325, 205.199996948242188 ], [ 346829.119308863067999, 5542104.342969202436507, 205.848430360870765 ], [ 346829.149429043696728, 5542104.268102047964931, 207.025087960399162 ], [ 346829.147063240758143, 5542104.268579980358481, 207.047392480682277 ], [ 346829.146408330358099, 5542104.268712284043431, 203.0 ], [ 346829.11839359998703, 5542104.274371742270887, 206.152973856793665 ], [ 346829.146117479947861, 5542104.260747628286481, 206.134212342438332 ], [ 346829.150609635573346, 5542104.259561852551997, 207.021256831122969 ], [ 346829.153132851351984, 5542104.25889580976218, 206.997605676932608 ], [ 346829.153933018038515, 5542104.256906904280186, 206.780456916253229 ], [ 346829.163099736208096, 5542104.234121977351606, 206.814497946063284 ], [ 346829.160128949268255, 5542104.235355188138783, 206.840107391287006 ], [ 346829.151107699086424, 5542104.25829532649368, 206.803528052930488 ], [ 346829.153933018038515, 5542104.256906904280186, 206.780456916253229 ], [ 346829.184233308711555, 5542104.24201668612659, 202.763871309960138 ], [ 346829.16460982587887, 5542104.255866280756891, 202.973318783356603 ], [ 346829.150283994036727, 5542104.265976971015334, 203.624431584993829 ], [ 346829.147242819715757, 5542104.268123329617083, 203.647298413950267 ], [ 346829.147063240758143, 5542104.268579980358481, 207.047392480682277 ], [ 346829.116891748621128, 5542104.345303072594106, 205.864225396177801 ], [ 346828.97018352948362, 5542104.486958740279078, 203.869095354690216 ], [ 346828.998688109160867, 5542104.716075197793543, 205.059960895302709 ], [ 346829.404562617826741, 5542104.25619647745043, 206.925109325365327 ], [ 346829.384091353684198, 5542104.220696215517819, 206.923567632326893 ], [ 346829.372697843180504, 5542104.200938148424029, 206.858516997130494 ], [ 346829.349541101953946, 5542104.160780862905085, 206.712182538497814 ], [ 346829.347655319201294, 5542104.157510630786419, 206.720826682483079 ], [ 346829.28402758250013, 5542104.183923305943608, 205.0 ], [ 346829.241578240238596, 5542104.201544562354684, 202.800003051757812 ], [ 346829.184233308711555, 5542104.24201668612659, 202.763871309960138 ], [ 346829.264935462968424, 5542104.202357903122902, 204.977218186322034 ], [ 346829.226414882868994, 5542104.239551855251193, 205.162174328435697 ], [ 346829.372697843180504, 5542104.200938148424029, 206.858516997130494 ], [ 346829.477822579850908, 5542104.173188806511462, 206.316850802257136 ], [ 346829.518885935191065, 5542104.126661707647145, 206.0 ], [ 346829.525904276582878, 5542104.160496880300343, 205.908189369611307 ], [ 346829.532185542047955, 5542104.190778635442257, 206.0 ], [ 346829.447134199202992, 5542104.207960473373532, 206.399993896484375 ], [ 346829.477822579850908, 5542104.173188806511462, 206.316850802257136 ], [ 346829.525904276582878, 5542104.160496880300343, 205.908189369611307 ], [ 346829.569409917516168, 5542104.14901287574321, 206.300340641075735 ], [ 346829.588730550545733, 5542104.179355569183826, 206.399993896484375 ], [ 346829.532185542047955, 5542104.190778635442257, 206.0 ], [ 346829.537161130574532, 5542104.214765769429505, 205.600006103515625 ], [ 346829.553759419010021, 5542104.332773795351386, 205.807100540583775 ], [ 346829.512024535390083, 5542104.442551663145423, 206.733205345361853 ], [ 346829.412907112622634, 5542104.703266403637826, 206.0 ], [ 346829.566610542184208, 5542104.537212039344013, 206.708183332328559 ], [ 346829.580416545912158, 5542104.52229664567858, 205.786749549810224 ], [ 346829.587645100080408, 5542104.573689137585461, 206.560490519759469 ], [ 346829.635261812421959, 5542104.912227310240269, 205.100269113722618 ], [ 346829.650331722397823, 5542104.908597971312702, 201.866146761004273 ], [ 346829.684127419721335, 5542104.741004043258727, 203.380730799900448 ], [ 346829.747199426288716, 5542104.428227975964546, 202.886664069535527 ], [ 346829.77908118837513, 5542104.478297687135637, 206.399993896484375 ], [ 346829.817060958361253, 5542104.868443995714188, 205.502335950109909 ], [ 346829.817843833996449, 5542104.876486067660153, 201.847677139282382 ], [ 346829.829134387196973, 5542104.992468014359474, 206.996296965908499 ], [ 346829.804059964313637, 5542104.948985179886222, 202.378647159072926 ], [ 346829.771590966789518, 5542105.11976258456707, 198.227119728954875 ], [ 346829.64228432753589, 5542104.948505256325006, 199.199996948242188 ], [ 346829.650331722397823, 5542104.908597971312702, 201.866146761004273 ], [ 346829.76486466213828, 5542104.881014609709382, 206.020735220468453 ], [ 346829.817060958361253, 5542104.868443995714188, 205.502335950109909 ], [ 346829.819483766739722, 5542104.867860502563417, 200.889357089142379 ], [ 346829.857072427461389, 5542104.858807895332575, 201.475721427963975 ], [ 346829.854950116889086, 5542105.03236614447087, 198.985829495318455 ], [ 346829.853750549489632, 5542105.035156155005097, 203.544932189125888 ], [ 346829.829134387196973, 5542104.992468014359474, 206.996296965908499 ], [ 346829.837067313841544, 5542105.073958818800747, 203.033625930848132 ], [ 346829.800762528728228, 5542105.158398216590285, 199.379793941883577 ], [ 346829.747957226703875, 5542105.28121530264616, 199.600006103515625 ], [ 346829.739965027431026, 5542105.286105751059949, 198.451122846532712 ], [ 346829.691979240218643, 5542105.315468386746943, 202.660169935867003 ], [ 346829.11702861537924, 5542105.667282259091735, 201.554014134381873 ], [ 346829.127543030946981, 5542105.751795894466341, 200.622377999670448 ], [ 346829.015716482419521, 5542105.729275432415307, 198.547709048067588 ], [ 346828.785335400607437, 5542105.68287957739085, 198.581966712486803 ], [ 346828.768116711464245, 5542105.679411950521171, 200.777561747010623 ], [ 346828.74660711112665, 5542105.67508018668741, 202.781982301539244 ], [ 346828.765479567053262, 5542105.728561325930059, 205.800003051757812 ], [ 346828.768116711464245, 5542105.679411950521171, 200.777561747010623 ], [ 346828.771432520123199, 5542105.617614074610174, 201.611076222783481 ], [ 346828.670657332637347, 5542105.144536330364645, 201.916379250565569 ], [ 346828.798467413405888, 5542105.113755388185382, 204.092651785889018 ], [ 346828.808226097666193, 5542104.931879403069615, 205.099998474121094 ], [ 346828.998688109160867, 5542104.716075197793543, 205.059960895302709 ], [ 346829.040900012652855, 5542105.055369510315359, 204.058116616886508 ], [ 346829.11702861537924, 5542105.667282259091735, 201.554014134381873 ], [ 346829.015716482419521, 5542105.729275432415307, 198.547709048067588 ], [ 346828.820645697938744, 5542105.848639783449471, 199.399993896484375 ], [ 346828.785335400607437, 5542105.68287957739085, 198.581966712486803 ], [ 346828.771432520123199, 5542105.617614074610174, 201.611076222783481 ], [ 346828.798467413405888, 5542105.113755388185382, 204.092651785889018 ], [ 346829.040900012652855, 5542105.055369510315359, 204.058116616886508 ], [ 346829.635261812421959, 5542104.912227310240269, 205.100269113722618 ], [ 346829.691979240218643, 5542105.315468386746943, 202.660169935867003 ], [ 346829.710009969945531, 5542105.443660569377244, 201.539230645036071 ], [ 346829.63210674514994, 5542105.85340868588537, 197.399993896484375 ], [ 346829.127543030946981, 5542105.751795894466341, 200.622377999670448 ], [ 346829.185861893580295, 5542106.220556048676372, 203.600006103515625 ], [ 346829.465143852576148, 5542106.529648856259882, 203.600006103515625 ], [ 346829.855638814624399, 5542105.775544472970068, 204.740512445252307 ], [ 346829.897496070945635, 5542105.694711828604341, 205.120076556337466 ], [ 346829.901902996120043, 5542105.739981865510345, 206.247030596912964 ], [ 346829.90673306689132, 5542105.789598655886948, 206.600006103515625 ], [ 346829.742685098084621, 5542106.988005869090557, 206.399993896484375 ], [ 346830.366104718938004, 5542106.031167346984148, 203.008208355659804 ], [ 346830.398993245325983, 5542105.980689293704927, 207.600006103515625 ], [ 346830.325827740132809, 5542105.853809263557196, 203.337497761529107 ], [ 346830.093735906179063, 5542105.45132698956877, 206.886142095682942 ], [ 346830.056744746223558, 5542105.387178733944893, 205.61159631397021 ], [ 346829.854891799099278, 5542105.037135254591703, 202.959023663143171 ], [ 346829.852569925307762, 5542105.227013381198049, 198.782461866837082 ], [ 346829.851877522363793, 5542105.226096343249083, 202.839550312673168 ], [ 346829.800762528728228, 5542105.158398216590285, 199.379793941883577 ], [ 346829.771590966789518, 5542105.11976258456707, 198.227119728954875 ], [ 346829.739965027431026, 5542105.286105751059949, 198.451122846532712 ], [ 346829.710009969945531, 5542105.443660569377244, 201.539230645036071 ], [ 346829.771018985775299, 5542105.877413336187601, 205.800003051757812 ], [ 346829.834674265934154, 5542105.791659618727863, 205.800003051757812 ], [ 346829.855638814624399, 5542105.775544472970068, 204.740512445252307 ], [ 346829.901902996120043, 5542105.739981865510345, 206.247030596912964 ], [ 346830.063411822484341, 5542105.615832365117967, 202.288640643778592 ], [ 346830.366104718938004, 5542106.031167346984148, 203.008208355659804 ], [ 346831.196261962293647, 5542107.170253687538207, 198.600006103515625 ], [ 346830.906303789408412, 5542106.652458542957902, 198.800003051757812 ], [ 346830.841598343569785, 5542106.536910271272063, 198.600006103515625 ] ], [ [ 346829.82039188221097, 5542100.49206767231226, 198.099998474121094 ], [ 346830.211851366388146, 5542100.698256259784102, 198.0 ], [ 346829.796979841426946, 5542100.691470223478973, 198.199996948242188 ], [ 346829.708896741853096, 5542100.973766506649554, 198.199996948242188 ], [ 346829.82039188221097, 5542100.49206767231226, 198.099998474121094 ] ], [ [ 346830.030888834095094, 5542103.703032748773694, 199.174566528361765 ], [ 346830.026639587420505, 5542103.702457987703383, 199.024776314501025 ], [ 346830.0473682024749, 5542103.740691736340523, 197.751237205127495 ], [ 346830.030888834095094, 5542103.703032748773694, 199.174566528361765 ] ], [ [ 346830.29763766983524, 5542104.312612608075142, 197.605427898117711 ], [ 346830.230436263023876, 5542104.159042587503791, 198.700577947724128 ], [ 346830.092548798711505, 5542104.47974781692028, 198.373666373595171 ], [ 346830.057572229998186, 5542104.561097986064851, 202.927483065363276 ], [ 346829.937945776153356, 5542104.839330888353288, 202.056911348172946 ], [ 346830.067606340162456, 5542104.808104287832975, 205.444262823553345 ], [ 346830.057572229998186, 5542104.561097986064851, 202.927483065363276 ], [ 346830.055494250438642, 5542104.509945065714419, 201.788166145360265 ], [ 346830.045432917831931, 5542104.262268639169633, 205.988414808828793 ], [ 346829.917193924193271, 5542104.47434750944376, 205.600006103515625 ], [ 346829.86286796675995, 5542104.384860454127192, 202.0 ], [ 346829.801380577497184, 5542104.283576911315322, 205.726371935494569 ], [ 346829.864946241199505, 5542104.214903389103711, 202.114317619689814 ], [ 346829.96894733409863, 5542104.102545223198831, 206.094605291131927 ], [ 346829.866066033835523, 5542104.123329020105302, 202.399993896484375 ], [ 346829.806246096326504, 5542104.135413678362966, 202.935441558006119 ], [ 346829.816665006626863, 5542104.083745974116027, 202.799823297110834 ], [ 346829.866711606679019, 5542104.070535379461944, 202.246747001080223 ], [ 346829.866066033835523, 5542104.123329020105302, 202.399993896484375 ], [ 346829.864946241199505, 5542104.214903389103711, 202.114317619689814 ], [ 346829.86286796675995, 5542104.384860454127192, 202.0 ], [ 346829.859384110546671, 5542104.669763145036995, 197.800212134376466 ], [ 346829.857072427461389, 5542104.858807895332575, 201.475721427963975 ], [ 346829.937945776153356, 5542104.839330888353288, 202.056911348172946 ], [ 346829.854950116889086, 5542105.03236614447087, 198.985829495318455 ], [ 346829.854891799099278, 5542105.037135254591703, 202.959023663143171 ], [ 346829.853750549489632, 5542105.035156155005097, 203.544932189125888 ], [ 346829.837067313841544, 5542105.073958818800747, 203.033625930848132 ], [ 346829.851877522363793, 5542105.226096343249083, 202.839550312673168 ], [ 346829.852502618159633, 5542105.232517626136541, 202.457514327789283 ], [ 346829.86305493110558, 5542105.34091601613909, 202.466649971209989 ], [ 346829.990294038725551, 5542105.51550502423197, 201.043498191833919 ], [ 346830.022879949596245, 5542105.45257673971355, 201.403493677776822 ], [ 346829.852569925307762, 5542105.227013381198049, 198.782461866837082 ], [ 346829.852502618159633, 5542105.232517626136541, 202.457514327789283 ], [ 346829.851373104087543, 5542105.324886993505061, 198.399993896484375 ], [ 346829.86305493110558, 5542105.34091601613909, 202.466649971209989 ], [ 346829.897496070945635, 5542105.694711828604341, 205.120076556337466 ], [ 346829.990294038725551, 5542105.51550502423197, 201.043498191833919 ], [ 346830.063411822484341, 5542105.615832365117967, 202.288640643778592 ], [ 346830.099298000219278, 5542105.588247179053724, 206.199996948242188 ], [ 346830.097818527021445, 5542105.551827486604452, 202.664443015100971 ], [ 346830.022879949596245, 5542105.45257673971355, 201.403493677776822 ], [ 346830.056744746223558, 5542105.387178733944893, 205.61159631397021 ], [ 346830.088628753263038, 5542105.325605930760503, 204.956892602790788 ], [ 346830.067606340162456, 5542104.808104287832975, 205.444262823553345 ], [ 346830.166451416327618, 5542104.784299087710679, 204.600006103515625 ], [ 346830.417677062796429, 5542104.586929067038, 201.278022869202402 ], [ 346830.29763766983524, 5542104.312612608075142, 197.605427898117711 ] ], [ [ 346830.667027409304865, 5542104.011581980623305, 198.866326375598817 ], [ 346830.449656462122221, 5542103.759675994515419, 200.399993896484375 ], [ 346830.68736163538415, 5542103.995010797865689, 198.867990949470112 ], [ 346830.667027409304865, 5542104.011581980623305, 198.866326375598817 ] ], [ [ 346830.841598343569785, 5542106.536910271272063, 199.0 ], [ 346830.618367783841677, 5542106.086325764656067, 199.0 ], [ 346830.674010952701792, 5542106.14068971760571, 199.0 ], [ 346830.906303789408412, 5542106.652458542957902, 198.800003051757812 ], [ 346830.949811393627897, 5542106.748310984112322, 199.0 ], [ 346830.841598343569785, 5542106.536910271272063, 199.0 ], [ 346830.325827740132809, 5542105.853809263557196, 203.337497761529107 ], [ 346830.097818527021445, 5542105.551827486604452, 202.664443015100971 ], [ 346830.093735906179063, 5542105.45132698956877, 206.886142095682942 ], [ 346830.088628753263038, 5542105.325605930760503, 204.956892602790788 ], [ 346830.442161436600145, 5542104.642881255596876, 200.841501457432258 ], [ 346830.417677062796429, 5542104.586929067038, 201.278022869202402 ], [ 346830.47972971375566, 5542104.538178738206625, 201.100006103515625 ], [ 346830.488245495129377, 5542104.553886022418737, 200.664624283739158 ], [ 346830.820435841393191, 5542105.166608192026615, 197.600006103515625 ], [ 346830.89889092464, 5542105.388185909949243, 197.600006103515625 ], [ 346830.906494893599302, 5542105.443923832848668, 197.600006103515625 ], [ 346830.573826761101373, 5542105.369505356997252, 197.600006103515625 ], [ 346830.455735968134832, 5542105.232994366437197, 197.800003051757812 ], [ 346830.72155066911364, 5542105.281347206793725, 198.0 ], [ 346830.442161436600145, 5542104.642881255596876, 200.841501457432258 ], [ 346830.488245495129377, 5542104.553886022418737, 200.664624283739158 ], [ 346830.507797744125128, 5542104.516127694398165, 204.165859186226442 ], [ 346830.73079687950667, 5542104.08548289258033, 202.079937507690261 ], [ 346830.747047165757976, 5542104.054101151414216, 202.080963861147666 ], [ 346830.901393107022159, 5542104.206907971762121, 202.5 ], [ 346831.065745996078476, 5542104.077787662856281, 204.600006103515625 ], [ 346831.128263454593252, 5542104.031176827847958, 201.0 ], [ 346831.105677351646591, 5542103.870787668041885, 201.0 ], [ 346830.871348663640674, 5542103.845072332769632, 200.983058358873222 ], [ 346830.843561741465237, 5542103.867717019282281, 200.567843337113516 ], [ 346830.68736163538415, 5542103.995010797865689, 198.867990949470112 ], [ 346830.747047165757976, 5542104.054101151414216, 202.080963861147666 ], [ 346830.843561741465237, 5542103.867717019282281, 200.567843337113516 ], [ 346830.856151360843796, 5542103.84340457431972, 204.187860887577784 ], [ 346830.57135358027881, 5542103.812150738202035, 204.600006103515625 ] ], [ [ 346831.31288817821769, 5542103.893527077510953, 205.0 ], [ 346831.084940330532845, 5542103.723529268056154, 201.291878722463935 ], [ 346831.051288188900799, 5542103.698432342149317, 201.303231642990397 ], [ 346830.871348663640674, 5542103.845072332769632, 200.983058358873222 ], [ 346830.856151360843796, 5542103.84340457431972, 204.187860887577784 ], [ 346830.964671543915756, 5542103.633835812099278, 204.535071882999148 ], [ 346830.788396311691031, 5542103.502374148927629, 204.633676721955396 ], [ 346830.388795607897919, 5542103.204361928626895, 202.572482434332358 ], [ 346830.503042686730623, 5542103.525001587346196, 199.399993896484375 ], [ 346830.498246894392651, 5542103.53615586925298, 201.647736043423777 ], [ 346830.274967420264147, 5542103.56215200945735, 202.166216575020826 ], [ 346830.369845637935214, 5542103.669432485476136, 203.01861917543448 ], [ 346830.390075303963386, 5542103.692306526936591, 203.0 ], [ 346830.356923215498682, 5542103.747132732532918, 203.005431433637824 ], [ 346830.304489418806043, 5542103.740040444768965, 203.039509276880977 ], [ 346830.369845637935214, 5542103.669432485476136, 203.01861917543448 ], [ 346830.468079319223762, 5542103.563305175863206, 205.600006103515625 ], [ 346830.390075303963386, 5542103.692306526936591, 203.0 ], [ 346830.417686522239819, 5542103.723527018912137, 199.911298759147456 ], [ 346830.40475549781695, 5542103.753602610900998, 199.915641260703126 ], [ 346830.356923215498682, 5542103.747132732532918, 203.005431433637824 ], [ 346830.195549000520259, 5542104.014009913429618, 201.600006103515625 ], [ 346830.249783234263305, 5542104.114044480957091, 198.53354254899233 ], [ 346830.230436263023876, 5542104.159042587503791, 198.700577947724128 ], [ 346830.178969255648553, 5542104.041429136879742, 201.760756344371657 ], [ 346830.045432917831931, 5542104.262268639169633, 205.988414808828793 ], [ 346830.038374733179808, 5542104.088519691489637, 206.399993896484375 ], [ 346829.96894733409863, 5542104.102545223198831, 206.094605291131927 ], [ 346830.041212552983779, 5542104.024473087862134, 205.896204536548566 ], [ 346830.126049649144989, 5542104.002078990451992, 206.0 ], [ 346830.08326976839453, 5542103.979036338627338, 205.872939711168783 ], [ 346829.871718813374173, 5542103.865088029764593, 202.199996948242188 ], [ 346829.861831775226165, 5542103.859762544743717, 202.781363030079717 ], [ 346829.784708565915935, 5542103.818221445195377, 202.800003051757812 ], [ 346829.736424356000498, 5542103.852298816666007, 202.800003051757812 ], [ 346829.66061511967564, 5542104.051704580895603, 205.800003051757812 ], [ 346829.629667966335546, 5542104.133106808178127, 206.089481163992048 ], [ 346829.69893324439181, 5542104.11482313927263, 205.87699798202226 ], [ 346829.66061511967564, 5542104.051704580895603, 205.800003051757812 ], [ 346829.598608017375227, 5542103.94956495333463, 202.600006103515625 ], [ 346829.497022812021896, 5542104.021260375156999, 202.600006103515625 ], [ 346829.518885935191065, 5542104.126661707647145, 206.0 ], [ 346829.539967868244275, 5542104.1027746880427, 206.399993896484375 ], [ 346829.569409917516168, 5542104.14901287574321, 206.300340641075735 ], [ 346829.629667966335546, 5542104.133106808178127, 206.089481163992048 ], [ 346829.614028222160414, 5542104.174245003610849, 206.199996948242188 ], [ 346829.588730550545733, 5542104.179355569183826, 206.399993896484375 ], [ 346829.603354155318812, 5542104.202321667224169, 206.199996948242188 ], [ 346829.553759419010021, 5542104.332773795351386, 205.807100540583775 ], [ 346829.580416545912158, 5542104.52229664567858, 205.786749549810224 ], [ 346829.714713024615776, 5542104.3772086892277, 206.14279276774613 ], [ 346829.769401888072025, 5542104.318125268444419, 202.637438324515813 ], [ 346829.801380577497184, 5542104.283576911315322, 205.726371935494569 ], [ 346829.782605197222438, 5542104.252649641595781, 202.515918301471089 ], [ 346829.721791035728529, 5542104.152475057169795, 206.0 ], [ 346829.614028222160414, 5542104.174245003610849, 206.199996948242188 ], [ 346829.603354155318812, 5542104.202321667224169, 206.199996948242188 ], [ 346829.714713024615776, 5542104.3772086892277, 206.14279276774613 ], [ 346829.747199426288716, 5542104.428227975964546, 202.886664069535527 ], [ 346829.769401888072025, 5542104.318125268444419, 202.637438324515813 ], [ 346829.782605197222438, 5542104.252649641595781, 202.515918301471089 ], [ 346829.806246096326504, 5542104.135413678362966, 202.935441558006119 ], [ 346829.721791035728529, 5542104.152475057169795, 206.0 ], [ 346829.69893324439181, 5542104.11482313927263, 205.87699798202226 ], [ 346829.816665006626863, 5542104.083745974116027, 202.799823297110834 ], [ 346829.861831775226165, 5542103.859762544743717, 202.781363030079717 ], [ 346829.873687310842797, 5542103.80097057018429, 198.991153642378265 ], [ 346829.871718813374173, 5542103.865088029764593, 202.199996948242188 ], [ 346829.867572346527595, 5542104.000145822763443, 198.399993896484375 ], [ 346829.866711606679019, 5542104.070535379461944, 202.246747001080223 ], [ 346830.041212552983779, 5542104.024473087862134, 205.896204536548566 ], [ 346830.08326976839453, 5542103.979036338627338, 205.872939711168783 ], [ 346830.129711036453955, 5542103.928863253444433, 201.82132753323117 ], [ 346830.0473682024749, 5542103.740691736340523, 197.751237205127495 ], [ 346830.142118826275691, 5542103.915458427742124, 201.66178853432524 ], [ 346830.195549000520259, 5542104.014009913429618, 201.600006103515625 ], [ 346830.178969255648553, 5542104.041429136879742, 201.760756344371657 ], [ 346830.129711036453955, 5542103.928863253444433, 201.82132753323117 ], [ 346830.142118826275691, 5542103.915458427742124, 201.66178853432524 ], [ 346830.304489418806043, 5542103.740040444768965, 203.039509276880977 ], [ 346830.030888834095094, 5542103.703032748773694, 199.174566528361765 ], [ 346829.984061431488954, 5542103.596021816134453, 200.937780026976782 ], [ 346829.969832835311536, 5542103.597678433172405, 200.792346271143316 ], [ 346830.026639587420505, 5542103.702457987703383, 199.024776314501025 ], [ 346829.877331822295673, 5542103.682262357324362, 199.43351524307576 ], [ 346829.812643620127346, 5542103.673512516543269, 202.237307115894112 ], [ 346829.804798018652946, 5542103.672451307065785, 203.23776663677836 ], [ 346829.799610246205702, 5542103.686097028665245, 205.0 ], [ 346829.755384572315961, 5542103.802426577545702, 206.0 ], [ 346829.736424356000498, 5542103.852298816666007, 202.800003051757812 ], [ 346829.598608017375227, 5542103.94956495333463, 202.600006103515625 ], [ 346829.588032924802974, 5542103.932145400904119, 202.900001525878906 ], [ 346829.572050876682624, 5542103.905819376930594, 204.800003051757812 ], [ 346829.505480644875206, 5542103.796163250692189, 201.600006103515625 ], [ 346829.47353258903604, 5542103.743537626229227, 205.600006103515625 ], [ 346829.400709793553688, 5542103.623582122847438, 206.50591281058496 ], [ 346829.292615920014214, 5542103.898454050533473, 203.910146417711985 ], [ 346829.282085020968225, 5542103.925233075395226, 202.606408346802624 ], [ 346829.365730409976095, 5542103.922122824937105, 198.950319538862573 ], [ 346829.292615920014214, 5542103.898454050533473, 203.910146417711985 ], [ 346829.188639424799476, 5542103.864794563502073, 203.49340213607644 ], [ 346829.224123355932534, 5542103.77607580460608, 206.800003051757812 ], [ 346829.216145527199842, 5542103.768193868920207, 203.168154328387516 ], [ 346829.298583198047709, 5542103.603979799896479, 200.029875423360579 ], [ 346829.23344783653738, 5542103.595169476233423, 203.071233960645429 ], [ 346829.279985066037625, 5542103.546360752545297, 205.800003051757812 ], [ 346829.194824848964345, 5542103.500490656122565, 206.699996948242188 ], [ 346829.203851610654965, 5542103.48755269125104, 207.399993896484375 ], [ 346829.287121587782167, 5542103.538875895552337, 206.5 ], [ 346829.320834858692251, 5542103.559654969722033, 203.460528524584561 ], [ 346829.362910733674653, 5542103.585588310845196, 207.399993896484375 ], [ 346829.356975918926764, 5542103.551542607136071, 206.5 ], [ 346829.339422666176688, 5542103.522628456354141, 202.55892412561164 ], [ 346829.325102944509126, 5542103.499040658585727, 205.600006103515625 ], [ 346829.344311901368201, 5542103.478894107043743, 206.5 ], [ 346829.343433090776671, 5542103.473852715454996, 203.799995422363281 ], [ 346829.347340013307985, 5542103.475718192756176, 202.900001525878906 ], [ 346829.359949693083763, 5542103.481739060021937, 199.857141025810279 ], [ 346829.441228184790816, 5542103.520547899417579, 203.783306798483466 ], [ 346829.465318113565445, 5542103.532050354406238, 202.900001525878906 ], [ 346829.469007326930296, 5542103.627031667158008, 203.057437120930672 ], [ 346829.469846088206396, 5542103.648626149632037, 205.800003051757812 ], [ 346829.47353258903604, 5542103.743537626229227, 205.600006103515625 ], [ 346829.478983436245471, 5542103.883873404935002, 201.600006103515625 ], [ 346829.505480644875206, 5542103.796163250692189, 201.600006103515625 ], [ 346829.538826934294775, 5542103.685781504027545, 201.800003051757812 ], [ 346829.553137469862122, 5542103.638411258347332, 199.05250957547085 ], [ 346829.57014775526477, 5542103.582104393281043, 198.900001525878906 ], [ 346829.710145735996775, 5542103.118687864392996, 197.600006103515625 ], [ 346829.884746955998708, 5542103.440738277509809, 198.0 ], [ 346829.889533336448949, 5542103.449566714465618, 201.800003051757812 ], [ 346829.969832835311536, 5542103.597678433172405, 200.792346271143316 ], [ 346829.880398406879976, 5542103.608091168105602, 204.0 ], [ 346829.879584866925143, 5542103.608876690268517, 201.199996948242188 ], [ 346829.877331822295673, 5542103.682262357324362, 199.43351524307576 ], [ 346829.875116649782285, 5542103.754414460621774, 199.0 ], [ 346829.873687310842797, 5542103.80097057018429, 198.991153642378265 ], [ 346829.884396102512255, 5542103.747865335084498, 199.600006103515625 ], [ 346829.875116649782285, 5542103.754414460621774, 199.0 ], [ 346829.784708565915935, 5542103.818221445195377, 202.800003051757812 ], [ 346829.755384572315961, 5542103.802426577545702, 206.0 ], [ 346829.711392891709693, 5542103.778731210157275, 203.099998474121094 ], [ 346829.706436757638585, 5542103.776061672717333, 205.0 ], [ 346829.572050876682624, 5542103.905819376930594, 204.800003051757812 ], [ 346829.507601130753756, 5542103.968049508519471, 202.107023865923395 ], [ 346829.489592296944465, 5542103.985438128001988, 204.800003051757812 ], [ 346829.497022812021896, 5542104.021260375156999, 202.600006103515625 ], [ 346829.33501894690562, 5542104.135597254149616, 203.51987808773282 ], [ 346829.33468217094196, 5542104.135013233870268, 205.71984967334447 ], [ 346829.254362939042039, 5542103.995727561414242, 207.501343853983201 ], [ 346829.178522643691394, 5542104.188581860624254, 207.630235526146009 ], [ 346829.160128949268255, 5542104.235355188138783, 206.840107391287006 ], [ 346829.016600271337666, 5542104.294935749843717, 206.0 ], [ 346829.043399507238064, 5542104.227930914610624, 206.867897504031447 ], [ 346828.975412237748969, 5542104.247729409486055, 203.614678640342845 ], [ 346828.941644199134316, 5542104.257562961429358, 205.70641843157992 ], [ 346828.947370266134385, 5542104.303588414564729, 201.669293206489243 ], [ 346828.975412237748969, 5542104.247729409486055, 203.614678640342845 ], [ 346829.134555843833368, 5542103.930718765594065, 198.638153563694061 ], [ 346829.170584789477289, 5542103.858949880115688, 199.938446051163879 ], [ 346829.026435912644956, 5542103.812285706400871, 202.989652685297415 ], [ 346829.102548369090073, 5542103.732458180747926, 206.502370704177224 ], [ 346829.07106913800817, 5542103.677868442609906, 207.399993896484375 ], [ 346829.092961432470474, 5542103.646490442566574, 207.076169724747217 ], [ 346829.137794774374925, 5542103.582231274805963, 203.97683030585614 ], [ 346829.010491751891095, 5542103.565012044273317, 203.645479716474483 ], [ 346828.934055528254248, 5542103.489494580775499, 203.547300607301281 ], [ 346828.873738895228598, 5542103.429902951233089, 203.364305863784978 ], [ 346828.924166367563885, 5542103.396129074506462, 200.251069176960925 ], [ 346828.911340101331007, 5542103.275033777579665, 203.815912141809889 ], [ 346828.897042448516004, 5542103.140046831220388, 199.393984749830764 ], [ 346828.888007043569814, 5542103.160853826440871, 198.399993896484375 ] ], [ [ 346831.31288817821769, 5542103.893527077510953, 205.0 ], [ 346831.105677351646591, 5542103.870787668041885, 201.0 ], [ 346831.084940330532845, 5542103.723529268056154, 201.291878722463935 ], [ 346831.078305632225238, 5542103.676414735615253, 197.399993896484375 ], [ 346831.051288188900799, 5542103.698432342149317, 201.303231642990397 ], [ 346830.964671543915756, 5542103.633835812099278, 204.535071882999148 ], [ 346831.048422780469991, 5542103.472099604085088, 203.800003051757812 ], [ 346830.788396311691031, 5542103.502374148927629, 204.633676721955396 ], [ 346830.498246894392651, 5542103.53615586925298, 201.647736043423777 ], [ 346830.417686522239819, 5542103.723527018912137, 199.911298759147456 ], [ 346830.449656462122221, 5542103.759675994515419, 200.399993896484375 ], [ 346830.40475549781695, 5542103.753602610900998, 199.915641260703126 ], [ 346830.249783234263305, 5542104.114044480957091, 198.53354254899233 ], [ 346830.339113089430612, 5542104.278812612406909, 197.439489185197715 ], [ 346830.47972971375566, 5542104.538178738206625, 201.100006103515625 ], [ 346830.507797744125128, 5542104.516127694398165, 204.165859186226442 ], [ 346830.862167276616674, 5542104.237724901176989, 202.5 ], [ 346830.901393107022159, 5542104.206907971762121, 202.5 ], [ 346831.193772504222579, 5542104.496371793560684, 198.899993896484375 ], [ 346831.128263454593252, 5542104.031176827847958, 201.0 ], [ 346831.31288817821769, 5542103.893527077510953, 204.600006103515625 ] ], [ [ 346831.193772504222579, 5542104.496371793560684, 198.899993896484375 ], [ 346831.841268971737009, 5542105.137411498464644, 200.399993896484375 ], [ 346831.76119800953893, 5542105.279590091668069, 200.399993896484375 ], [ 346831.214916048047598, 5542104.646517005749047, 198.899993896484375 ], [ 346831.193772504222579, 5542104.496371793560684, 198.899993896484375 ] ], [ [ 347109.599149923655204, 5542014.990271907299757, 224.020847553406668 ], [ 347109.505147130577825, 5542015.004950094036758, 224.199996948242188 ], [ 347107.932749866100494, 5542015.292312050238252, 224.199996948242188 ], [ 347103.380733832484111, 5542016.466764860786498, 223.800003051757812 ], [ 347107.77931919938419, 5542014.970286613330245, 223.800003051757812 ], [ 347109.599149923655204, 5542014.990271907299757, 224.020847553406668 ] ], [ [ 347234.354833554883953, 5542039.707440420053899, 222.531530755937126 ], [ 347234.331187026342377, 5542039.681578318588436, 222.600006103515625 ], [ 347232.658882852236275, 5542039.626696589402854, 222.399993896484375 ], [ 347234.354833554883953, 5542039.707440420053899, 222.531530755937126 ] ], [ [ 347235.022433332458604, 5542040.437591285444796, 222.878474085721848 ], [ 347235.344865291903261, 5542040.45468760933727, 223.0 ], [ 347235.212067172396928, 5542040.644992960616946, 222.800003051757812 ], [ 347235.022433332458604, 5542040.437591285444796, 222.878474085721848 ] ], [ [ 347236.118238290655427, 5542566.50637595448643, 254.723114226796241 ], [ 347236.167974127922207, 5542566.046538905240595, 254.800003051757812 ], [ 347235.591846838302445, 5542564.598813327029347, 254.600006103515625 ], [ 347235.504300071683247, 5542564.874689107760787, 254.64216871291319 ], [ 347235.376817154581659, 5542565.276410961523652, 254.600006103515625 ], [ 347236.11357734532794, 5542566.549469133839011, 254.721488004920815 ], [ 347236.118238290655427, 5542566.50637595448643, 254.723114226796241 ] ], [ [ 347391.251777101366315, 5543022.655968390405178, 288.927371702005871 ], [ 347388.99947836145293, 5543022.404898418113589, 289.20001220703125 ], [ 347388.460619337158278, 5543022.261718893423676, 289.399993896484375 ], [ 347388.824674960691482, 5543022.596398581750691, 289.20001220703125 ], [ 347389.441689464496449, 5543022.951845300383866, 289.20001220703125 ], [ 347391.251777101366315, 5543022.655968390405178, 288.927371702005871 ] ], [ [ 347393.646694640105125, 5543024.785369318909943, 288.82823503850102 ], [ 347393.626934485451784, 5543024.739852081052959, 288.899993896484375 ], [ 347393.421798330207821, 5543024.267323840409517, 288.899993896484375 ], [ 347393.403113411390223, 5543024.275110118091106, 289.399993896484375 ], [ 347393.398913628887385, 5543024.760174989700317, 289.399993896484375 ], [ 347393.497738772304729, 5543024.751366960816085, 289.196421076583476 ], [ 347393.748836171813309, 5543025.020650896243751, 288.399993896484375 ], [ 347393.646694640105125, 5543024.785369318909943, 288.82823503850102 ], [ 347393.562611425761133, 5543024.811464115977287, 289.20001220703125 ], [ 347393.508441475278232, 5543024.750413056463003, 289.232879058304661 ], [ 347393.481905177701265, 5543024.720505901612341, 289.0 ], [ 347393.42707363324007, 5543024.694091229699552, 289.0 ], [ 347393.494709724735003, 5543024.748118524439633, 289.0 ], [ 347393.497738772304729, 5543024.751366960816085, 289.196421076583476 ], [ 347393.508441475278232, 5543024.750413056463003, 289.232879058304661 ], [ 347393.626934485451784, 5543024.739852081052959, 288.899993896484375 ], [ 347393.860413762449753, 5543024.719042677432299, 289.399993896484375 ], [ 347393.646694640105125, 5543024.785369318909943, 288.82823503850102 ] ], [ [ 347560.717258217919152, 5543348.746728248894215, 351.99660007889031 ], [ 347560.54498002998298, 5543348.501725591719151, 352.600006103515625 ], [ 347560.786313688964583, 5543347.692829430103302, 352.399993896484375 ], [ 347561.067515856120735, 5543347.862013274803758, 352.399993896484375 ], [ 347560.997364543494768, 5543348.563450386747718, 351.600006103515625 ], [ 347560.717258217919152, 5543348.746728248894215, 351.99660007889031 ] ], [ [ 347562.711020857677795, 5543379.309068719856441, 354.730286584280066 ], [ 347563.091647433466278, 5543379.698815664276481, 355.399993896484375 ], [ 347563.561888047202956, 5543379.164195572957397, 354.663325132137004 ], [ 347562.711020857677795, 5543379.309068719856441, 354.730286584280066 ] ], [ [ 347563.458107045502402, 5543378.451979698613286, 354.639438006421187 ], [ 347562.875776579137892, 5543378.509146880358458, 354.185488540465258 ], [ 347563.013303986517712, 5543379.05756220407784, 353.0 ], [ 347562.705608086893335, 5543379.255045658908784, 354.414245188493283 ], [ 347562.701754519366659, 5543379.299580346792936, 355.600006103515625 ], [ 347562.711020857677795, 5543379.309068719856441, 354.730286584280066 ], [ 347562.589088420965709, 5543379.329829581081867, 353.59793252465181 ], [ 347562.137482507911045, 5543379.406722391955554, 353.752943700715548 ], [ 347561.777247153571807, 5543378.737072582356632, 354.345326866769085 ], [ 347561.901413311832584, 5543378.225791597738862, 354.580591941002922 ], [ 347561.934656723053195, 5543378.088904668577015, 354.221692940504226 ], [ 347562.328850889753085, 5543378.07395610306412, 353.643929910774716 ], [ 347562.76251868752297, 5543378.05751062463969, 353.20001220703125 ], [ 347562.797247148409951, 5543378.195996621623635, 354.324028062109164 ], [ 347562.839935606985819, 5543378.366224544122815, 353.9895537925089 ], [ 347562.875776579137892, 5543378.509146880358458, 354.185488540465258 ], [ 347562.793611111177597, 5543378.517213036306202, 355.055777063384085 ], [ 347562.769245453120675, 5543378.519605004228652, 355.366833146152317 ], [ 347562.759962442622054, 5543378.626886365935206, 355.217184301660723 ], [ 347562.793611111177597, 5543378.517213036306202, 355.055777063384085 ], [ 347562.839935606985819, 5543378.366224544122815, 353.9895537925089 ], [ 347562.887098709936254, 5543378.21250272449106, 354.79998779296875 ], [ 347563.397840110235848, 5543378.213351453654468, 354.217469516488052 ], [ 347563.458107045502402, 5543378.451979698613286, 354.639438006421187 ], [ 347563.621006444387604, 5543379.096983422525227, 354.668383436481918 ], [ 347563.865695187763777, 5543378.818794949911535, 355.600006103515625 ], [ 347563.782243885216303, 5543378.420159297063947, 355.600006103515625 ], [ 347563.458107045502402, 5543378.451979698613286, 354.639438006421187 ] ], [ [ 347563.845527035824489, 5543371.125563327223063, 354.0 ], [ 347563.046342177491169, 5543371.111854402348399, 354.0 ], [ 347562.966006211354397, 5543371.066646910272539, 354.0 ], [ 347562.950576228438877, 5543371.110211668536067, 353.953754389436881 ], [ 347562.946543168684002, 5543371.121598542667925, 353.936842922910614 ], [ 347563.09207198972581, 5543371.137587958946824, 353.98949450909015 ], [ 347563.532846798014361, 5543371.186016387306154, 353.9722861473536 ], [ 347563.845527035824489, 5543371.125563327223063, 354.0 ], [ 347564.071970387769397, 5543371.081783158704638, 354.0 ], [ 347564.049283249652945, 5543371.129058486782014, 354.0 ], [ 347563.845527035824489, 5543371.125563327223063, 354.0 ] ], [ [ 347563.803014189412352, 5543372.608601432293653, 354.506798928656906 ], [ 347563.534202050475869, 5543372.458114867098629, 354.408875136647566 ], [ 347563.778364346944727, 5543371.742953959852457, 355.20001220703125 ], [ 347563.803014189412352, 5543372.608601432293653, 354.506798928656906 ], [ 347563.80569482257124, 5543372.702739289030433, 355.399993896484375 ], [ 347563.775156176940072, 5543372.85766151919961, 354.465922468282542 ], [ 347564.089980315649882, 5543372.769250973127782, 353.600006103515625 ], [ 347563.803014189412352, 5543372.608601432293653, 354.506798928656906 ] ], [ [ 347563.561888047202956, 5543379.164195572957397, 354.663325132137004 ], [ 347563.621006444387604, 5543379.096983422525227, 354.668383436481918 ], [ 347563.634844043757766, 5543379.151773699559271, 353.79998779296875 ], [ 347563.561888047202956, 5543379.164195572957397, 354.663325132137004 ] ], [ [ 347563.769647596112918, 5543397.147287954576313, 355.012645164805406 ], [ 347562.994036670774221, 5543398.847586560063064, 355.20001220703125 ], [ 347562.341022639942821, 5543399.546969654038548, 355.20001220703125 ], [ 347562.693467303877696, 5543399.686147172935307, 355.20001220703125 ], [ 347563.161336759105325, 5543398.814844944514334, 355.0 ], [ 347563.769647596112918, 5543397.147287954576313, 355.012645164805406 ], [ 347563.897005834965967, 5543396.798161967657506, 355.0 ], [ 347564.055549573502503, 5543396.457916333340108, 355.0 ], [ 347564.11664068850223, 5543396.498463602736592, 355.0 ], [ 347563.881914338271599, 5543396.901176175102592, 355.0 ], [ 347563.769647596112918, 5543397.147287954576313, 355.012645164805406 ] ], [ [ 347563.977915918454528, 5543392.73876132722944, 355.100006103515625 ], [ 347564.019959910889156, 5543392.8871252508834, 354.600006103515625 ], [ 347563.997915949614253, 5543392.672388505190611, 355.113959518594129 ], [ 347563.977915918454528, 5543392.73876132722944, 355.100006103515625 ] ], [ [ 347563.997915949614253, 5543392.672388505190611, 355.113959518594129 ], [ 347563.983874303754419, 5543392.535604681819677, 353.884602967190233 ], [ 347564.028206941438839, 5543392.571863732300699, 354.366183016973764 ], [ 347563.997915949614253, 5543392.672388505190611, 355.113959518594129 ] ], [ [ 347564.184953933989163, 5543392.051677536219358, 354.5 ], [ 347564.132565859123133, 5543391.988636119291186, 353.399993896484375 ], [ 347564.132642171985935, 5543391.840658346191049, 353.300003051757812 ], [ 347564.15233409544453, 5543391.838859439827502, 353.20001220703125 ], [ 347564.257691588660236, 5543391.810287743806839, 354.400009155273438 ], [ 347564.184953933989163, 5543392.051677536219358, 354.5 ] ], [ [ 347564.344076992420014, 5543371.485073938965797, 354.208410215829417 ], [ 347564.334667601622641, 5543371.274113347753882, 354.211930228470749 ], [ 347564.442076338862535, 5543371.285914467647672, 353.836782663896543 ], [ 347565.384539800987113, 5543371.389463997446001, 353.79998779296875 ], [ 347565.177934546838515, 5543371.096919634379447, 353.79998779296875 ], [ 347564.309556979103945, 5543370.711127723567188, 354.130129454700636 ], [ 347563.382766171358526, 5543370.299384709447622, 353.600006103515625 ], [ 347562.134907744359225, 5543369.943232337012887, 353.600006103515625 ], [ 347563.045079524978064, 5543370.467540195211768, 353.79998779296875 ], [ 347564.332326344680041, 5543371.221621857956052, 354.171646506360162 ], [ 347564.442076338862535, 5543371.285914467647672, 353.836782663896543 ], [ 347565.018693245539907, 5543371.623702240176499, 353.79998779296875 ], [ 347564.344076992420014, 5543371.485073938965797, 354.208410215829417 ] ], [ [ 347564.444517771189567, 5543386.057057214900851, 354.867406563866552 ], [ 347564.444081990339328, 5543386.04851836245507, 355.0 ], [ 347564.372040619142354, 5543386.050569785758853, 355.0 ], [ 347564.263713217631448, 5543386.044328616932034, 354.79998779296875 ], [ 347564.444517771189567, 5543386.057057214900851, 354.867406563866552 ] ], [ [ 347564.500137260183692, 5543387.146886180154979, 354.172801578062035 ], [ 347564.455357993894722, 5543387.664573415182531, 354.042589311516679 ], [ 347564.452244080835953, 5543387.700572956353426, 354.041706074933074 ], [ 347564.463418837636709, 5543387.78257773257792, 354.600006103515625 ], [ 347564.480454017932061, 5543387.641601921059191, 354.635036941896828 ], [ 347564.512043482274748, 5543387.38018112629652, 354.79998779296875 ], [ 347564.500137260183692, 5543387.146886180154979, 354.172801578062035 ] ], [ [ 347564.665937589597888, 5543396.668791400268674, 354.676814682322743 ], [ 347564.665257036336698, 5543396.674104548059404, 354.687524160626026 ], [ 347564.686275189160369, 5543396.66377661190927, 354.600006103515625 ], [ 347564.665937589597888, 5543396.668791400268674, 354.676814682322743 ] ], [ [ 347564.801884625223465, 5543395.607439121231437, 354.724065159608074 ], [ 347564.738397220149636, 5543396.103091724216938, 354.647333181112288 ], [ 347565.318540062056854, 5543395.573298577219248, 354.699996948242188 ], [ 347564.817853318993002, 5543395.58755589928478, 354.79998779296875 ], [ 347564.801884625223465, 5543395.607439121231437, 354.724065159608074 ] ], [ [ 347565.076154056121595, 5543393.46618989109993, 354.315293712709774 ], [ 347564.801884625223465, 5543395.607439121231437, 354.724065159608074 ], [ 347564.196978578111157, 5543396.360630427487195, 355.0 ], [ 347564.11664068850223, 5543396.498463602736592, 355.0 ], [ 347564.122914098203182, 5543396.502627377398312, 355.0 ], [ 347564.174482322006952, 5543396.618065324611962, 354.800003051757812 ], [ 347564.243656998849474, 5543396.772916164249182, 354.800003051757812 ], [ 347563.916608219384216, 5543396.85355893522501, 354.600006103515625 ], [ 347564.174482322006952, 5543396.618065324611962, 354.800003051757812 ], [ 347564.738397220149636, 5543396.103091724216938, 354.647333181112288 ], [ 347564.665937589597888, 5543396.668791400268674, 354.676814682322743 ], [ 347564.243656998849474, 5543396.772916164249182, 354.800003051757812 ], [ 347564.283348475699313, 5543396.861767442896962, 355.0 ], [ 347564.665257036336698, 5543396.674104548059404, 354.687524160626026 ], [ 347564.608960218844004, 5543397.113619505427778, 354.79998779296875 ], [ 347565.299089921405539, 5543397.084641773253679, 354.79998779296875 ], [ 347565.886465086310636, 5543395.557126609608531, 354.79998779296875 ], [ 347565.318540062056854, 5543395.573298577219248, 354.699996948242188 ], [ 347565.655846940528136, 5543395.265266038477421, 354.600006103515625 ], [ 347565.326155522372574, 5543394.659147389233112, 354.399993896484375 ], [ 347565.076154056121595, 5543393.46618989109993, 354.315293712709774 ], [ 347565.065245120960753, 5543393.414134612306952, 353.80125456841921 ], [ 347564.75254529598169, 5543394.349076164886355, 353.399993896484375 ], [ 347564.753965736599639, 5543394.077522460371256, 354.087771976749991 ], [ 347564.788632298004813, 5543393.928384850732982, 354.79998779296875 ], [ 347564.955338926578406, 5543393.579681865870953, 354.393097427551879 ], [ 347564.754785371129401, 5543393.920828268863261, 353.800003051757812 ], [ 347564.570446378376801, 5543394.234393311664462, 354.208388215753189 ], [ 347564.443019957165234, 5543394.451148707419634, 354.20001220703125 ], [ 347564.58806435810402, 5543394.26982712186873, 354.20001220703125 ], [ 347564.570446378376801, 5543394.234393311664462, 354.208388215753189 ], [ 347564.377745010599028, 5543393.846826534718275, 354.399993896484375 ], [ 347564.696267415944021, 5543392.706225462257862, 353.864204116516589 ], [ 347564.711582741816528, 5543392.699565325863659, 353.20001220703125 ], [ 347564.746130003593862, 5543392.726971188560128, 353.300003051757812 ], [ 347564.704472775221802, 5543392.676842782646418, 353.965848825472506 ], [ 347564.184953933989163, 5543392.051677536219358, 354.5 ], [ 347564.028206941438839, 5543392.571863732300699, 354.366183016973764 ], [ 347564.367363391676918, 5543392.849255103617907, 353.20001220703125 ], [ 347564.696267415944021, 5543392.706225462257862, 353.864204116516589 ], [ 347564.704472775221802, 5543392.676842782646418, 353.965848825472506 ], [ 347564.873907881905325, 5543392.070110379718244, 354.600006103515625 ], [ 347564.707860619528219, 5543391.68820727057755, 353.866025123202348 ], [ 347564.843957068223972, 5543391.65129953622818, 353.20001220703125 ], [ 347564.61463232873939, 5543390.771872973069549, 353.0 ], [ 347564.541463638597634, 5543390.792403027415276, 354.180777811375492 ], [ 347564.45485605718568, 5543391.1063053002581, 354.94406889604096 ], [ 347564.292436504096258, 5543391.694982020184398, 355.600006103515625 ], [ 347564.257691588660236, 5543391.810287743806839, 354.400009155273438 ], [ 347564.707860619528219, 5543391.68820727057755, 353.866025123202348 ], [ 347564.45485605718568, 5543391.1063053002581, 354.94406889604096 ], [ 347564.385274288768414, 5543390.946269577369094, 354.399993896484375 ], [ 347564.132926170073915, 5543391.289959440939128, 353.899993896484375 ], [ 347563.889970241929404, 5543391.620857448317111, 354.58228102830418 ], [ 347563.876735288125928, 5543391.491931850090623, 354.590658506413888 ], [ 347563.897337082540616, 5543391.323872491717339, 354.399993896484375 ], [ 347564.124041636008769, 5543391.05629282258451, 354.20001220703125 ], [ 347563.846764574118424, 5543391.19997826218605, 354.430928025024855 ], [ 347563.825545709696598, 5543390.993279029615223, 353.79758507377926 ], [ 347563.768060875183437, 5543391.009408425539732, 353.065377327534975 ], [ 347563.646679910132661, 5543391.303662471473217, 353.664494553635166 ], [ 347563.580892469151877, 5543391.337753633968532, 354.245825600400053 ], [ 347563.601956145022996, 5543391.412082673981786, 354.0 ], [ 347563.360937436751556, 5543391.99636481422931, 353.599990844726562 ], [ 347563.358693948888686, 5543392.018409641459584, 353.397449431852465 ], [ 347563.364656112738885, 5543392.029154685325921, 353.0 ], [ 347563.441247277660295, 5543392.091797539964318, 353.107645006837629 ], [ 347563.559054812008981, 5543391.893056971952319, 353.20001220703125 ], [ 347563.699535192747135, 5543391.880223740823567, 353.800003051757812 ], [ 347563.505566223873757, 5543392.144403116777539, 353.714050771783207 ], [ 347563.69935317785712, 5543392.302898786962032, 353.684748379763278 ], [ 347563.785044458927587, 5543392.058160725049675, 354.486104405466335 ], [ 347563.819325546035543, 5543391.960252434946597, 354.399993896484375 ], [ 347563.830603757640347, 5543391.868250302970409, 353.800003051757812 ], [ 347563.914579032512847, 5543391.860578954219818, 353.966713279567102 ], [ 347564.132642171985935, 5543391.840658346191049, 353.300003051757812 ], [ 347564.132926170073915, 5543391.289959440939128, 353.899993896484375 ], [ 347564.133123675885145, 5543390.906977192498744, 353.123428677566665 ], [ 347563.825545709696598, 5543390.993279029615223, 353.79758507377926 ], [ 347563.815416550613008, 5543390.894607895985246, 354.129472119991192 ], [ 347563.768060875183437, 5543391.009408425539732, 353.065377327534975 ], [ 347563.508484435325954, 5543391.082241742871702, 353.624106251503861 ], [ 347563.580892469151877, 5543391.337753633968532, 354.245825600400053 ], [ 347563.419449867506046, 5543391.42141346167773, 353.79998779296875 ], [ 347563.360937436751556, 5543391.99636481422931, 353.599990844726562 ], [ 347563.354764830844942, 5543392.011328563094139, 353.195775659084632 ], [ 347563.358693948888686, 5543392.018409641459584, 353.397449431852465 ], [ 347563.33256653585704, 5543392.275141267105937, 353.5 ], [ 347563.441247277660295, 5543392.091797539964318, 353.107645006837629 ], [ 347563.505566223873757, 5543392.144403116777539, 353.714050771783207 ], [ 347563.320175277825911, 5543392.396899506449699, 354.099990844726562 ], [ 347563.083458204404451, 5543392.719300398603082, 353.903608622166587 ], [ 347563.0320434209425, 5543392.895991914905608, 354.307360916431264 ], [ 347563.007577172305901, 5543392.823396275751293, 354.20001220703125 ], [ 347563.009879751072731, 5543392.819511839188635, 353.800003051757812 ], [ 347563.097127043351065, 5543392.67232620716095, 353.302622648011948 ], [ 347563.33256653585704, 5543392.275141267105937, 353.5 ], [ 347563.320175277825911, 5543392.396899506449699, 354.099990844726562 ], [ 347563.247960364620667, 5543393.106493374332786, 354.538843287617738 ], [ 347563.100737109198235, 5543393.099818104878068, 355.20001220703125 ], [ 347563.0320434209425, 5543392.895991914905608, 354.307360916431264 ], [ 347562.58093147224281, 5543394.446278601884842, 353.240197015340698 ], [ 347562.685073967906646, 5543394.538511167280376, 353.0 ], [ 347562.744632889400236, 5543394.698569934815168, 353.5 ], [ 347562.804352407285478, 5543394.859060289338231, 353.288584814182684 ], [ 347563.008267610275652, 5543395.407062423415482, 353.399993896484375 ], [ 347562.852627547166776, 5543395.827772225253284, 353.399993896484375 ], [ 347562.679145508038346, 5543396.068121111020446, 353.399993896484375 ], [ 347562.033121575776022, 5543396.963148244656622, 353.0 ], [ 347561.982022128708195, 5543396.504484295845032, 353.305631572822904 ], [ 347561.952465371112339, 5543396.239185552112758, 353.734457399411781 ], [ 347561.917858003871515, 5543395.928552999161184, 353.129999458026987 ], [ 347562.035258119518403, 5543395.850285012274981, 353.80170864911679 ], [ 347562.205389497568831, 5543395.736862292513251, 353.39962173585036 ], [ 347562.557719824311789, 5543395.501971676945686, 353.68614462889434 ], [ 347562.548719947226346, 5543395.447002460248768, 354.0 ], [ 347562.556647014862392, 5543395.092394028790295, 354.0 ], [ 347562.744632889400236, 5543394.698569934815168, 353.5 ], [ 347562.777779020485468, 5543394.629129903391004, 354.0 ], [ 347563.057318418344948, 5543394.136578253470361, 353.968682924148084 ], [ 347563.138217338244431, 5543393.994033421389759, 354.20001220703125 ], [ 347563.170351512613706, 5543393.869088840670884, 354.0 ], [ 347563.14246289676521, 5543394.143126292154193, 353.79998779296875 ], [ 347563.1272389247315, 5543395.085471715778112, 353.79998779296875 ], [ 347563.008267610275652, 5543395.407062423415482, 353.399993896484375 ], [ 347563.055927488254383, 5543395.535143677145243, 353.0 ], [ 347562.905941129545681, 5543395.753909477032721, 353.0 ], [ 347562.852627547166776, 5543395.827772225253284, 353.399993896484375 ], [ 347562.764611702412367, 5543396.065687372349203, 353.79998779296875 ], [ 347562.679145508038346, 5543396.068121111020446, 353.399993896484375 ], [ 347562.650546410819516, 5543396.06893549952656, 353.79998779296875 ], [ 347562.557719824311789, 5543395.501971676945686, 353.68614462889434 ], [ 347562.585801963810809, 5543395.483249953016639, 353.399993896484375 ], [ 347562.804352407285478, 5543394.859060289338231, 353.288584814182684 ], [ 347563.057318418344948, 5543394.136578253470361, 353.968682924148084 ], [ 347563.17829086742131, 5543393.791075626388192, 353.840152002650825 ], [ 347563.170351512613706, 5543393.869088840670884, 354.0 ], [ 347563.223964779870585, 5543393.660628926940262, 354.058677804823333 ], [ 347563.365115309366956, 5543393.111805311404169, 354.769765578790896 ], [ 347563.247960364620667, 5543393.106493374332786, 354.538843287617738 ], [ 347563.17829086742131, 5543393.791075626388192, 353.840152002650825 ], [ 347563.223964779870585, 5543393.660628926940262, 354.058677804823333 ], [ 347563.415329776762519, 5543393.114082092419267, 354.719248167653689 ], [ 347563.365115309366956, 5543393.111805311404169, 354.769765578790896 ], [ 347563.500645729945973, 5543392.584833888337016, 354.20001220703125 ], [ 347563.547393795859534, 5543392.736901454627514, 354.189777453286183 ], [ 347563.69935317785712, 5543392.302898786962032, 353.684748379763278 ], [ 347563.901177367311902, 5543392.467968001030385, 353.853513583966333 ], [ 347563.983874303754419, 5543392.535604681819677, 353.884602967190233 ], [ 347563.914579032512847, 5543391.860578954219818, 353.966713279567102 ], [ 347563.889970241929404, 5543391.620857448317111, 354.58228102830418 ], [ 347563.855110649543349, 5543391.668335069902241, 354.399993896484375 ], [ 347563.72484958556015, 5543391.845746368169785, 354.5 ], [ 347563.733734579873271, 5543391.877099542878568, 353.900009155273438 ], [ 347563.830603757640347, 5543391.868250302970409, 353.800003051757812 ], [ 347563.855110649543349, 5543391.668335069902241, 354.399993896484375 ], [ 347563.876735288125928, 5543391.491931850090623, 354.590658506413888 ], [ 347563.846764574118424, 5543391.19997826218605, 354.430928025024855 ], [ 347563.646679910132661, 5543391.303662471473217, 353.664494553635166 ], [ 347563.601956145022996, 5543391.412082673981786, 354.0 ], [ 347563.72484958556015, 5543391.845746368169785, 354.5 ], [ 347563.699535192747135, 5543391.880223740823567, 353.800003051757812 ], [ 347563.733734579873271, 5543391.877099542878568, 353.900009155273438 ], [ 347563.785044458927587, 5543392.058160725049675, 354.486104405466335 ], [ 347563.901177367311902, 5543392.467968001030385, 353.853513583966333 ], [ 347563.977915918454528, 5543392.73876132722944, 355.100006103515625 ], [ 347563.858762590680271, 5543393.134187838062644, 355.600006103515625 ], [ 347563.666851172980387, 5543393.125486357137561, 354.849375372094642 ], [ 347563.415329776762519, 5543393.114082092419267, 354.719248167653689 ], [ 347563.547393795859534, 5543392.736901454627514, 354.189777453286183 ], [ 347563.666851172980387, 5543393.125486357137561, 354.849375372094642 ], [ 347564.142947561806068, 5543394.674188273027539, 354.20001220703125 ], [ 347564.504944908083417, 5543395.148824878036976, 354.600006103515625 ], [ 347564.753965736599639, 5543394.077522460371256, 354.087771976749991 ], [ 347564.754785371129401, 5543393.920828268863261, 353.800003051757812 ], [ 347564.760936985258013, 5543392.744789234362543, 353.399993896484375 ], [ 347564.746130003593862, 5543392.726971188560128, 353.300003051757812 ], [ 347564.859114781022072, 5543392.816600443795323, 353.20001220703125 ], [ 347565.256403195497114, 5543392.842590874060988, 353.399993896484375 ], [ 347565.093731053639203, 5543393.328964490443468, 353.90275312985932 ], [ 347565.065245120960753, 5543393.414134612306952, 353.80125456841921 ], [ 347565.061938092985656, 5543393.398354129865766, 354.20001220703125 ], [ 347564.955338926578406, 5543393.579681865870953, 354.393097427551879 ], [ 347565.100512697186787, 5543393.276019512675703, 354.399993896484375 ], [ 347565.093731053639203, 5543393.328964490443468, 353.90275312985932 ], [ 347565.076154056121595, 5543393.46618989109993, 354.315293712709774 ] ], [ [ 347566.924322810489684, 5543385.018307444639504, 354.814450276876073 ], [ 347566.700048666447401, 5543385.311743432655931, 354.354795460912669 ], [ 347566.815028139448259, 5543385.431272175163031, 354.455239327126662 ], [ 347566.924322810489684, 5543385.018307444639504, 354.814450276876073 ], [ 347567.327463308116421, 5543383.495060197077692, 354.79998779296875 ], [ 347567.788734308269341, 5543383.024958366528153, 355.0 ], [ 347568.228114285622723, 5543382.630086801014841, 354.79998779296875 ], [ 347567.939549910777714, 5543383.468305172398686, 354.79998779296875 ], [ 347567.411975651164539, 5543383.930969120003283, 354.79998779296875 ], [ 347567.325837361160666, 5543384.492973507381976, 354.79998779296875 ], [ 347566.924322810489684, 5543385.018307444639504, 354.814450276876073 ] ], [ [ 347583.904232317057904, 5543252.280754257924855, 331.753903124015324 ], [ 347584.014756963937543, 5543252.942855593748391, 331.79998779296875 ], [ 347585.736600409378298, 5543252.007877353578806, 332.0 ], [ 347586.021756637259386, 5543251.682679733261466, 332.0 ], [ 347583.904232317057904, 5543252.280754257924855, 331.753903124015324 ] ], [ [ 347727.942014416388702, 5543902.970243639312685, 354.214309007042175 ], [ 347727.940220106276684, 5543902.990199213847518, 354.600006103515625 ], [ 347727.969769449322484, 5543902.962446896359324, 354.218690412939736 ], [ 347727.942014416388702, 5543902.970243639312685, 354.214309007042175 ] ], [ [ 347728.362021259905305, 5543903.022085500881076, 355.044922528896791 ], [ 347728.22104169690283, 5543903.087691184133291, 354.75692882993053 ], [ 347728.306754427263513, 5543903.203591933473945, 354.399993896484375 ], [ 347728.542451637214981, 5543902.998816070146859, 354.624150889008433 ], [ 347728.362021259905305, 5543903.022085500881076, 355.044922528896791 ] ], [ [ 347728.360382255224977, 5543902.566809999756515, 354.153013276995921 ], [ 347728.307944679050706, 5543902.644837591797113, 354.537157850746553 ], [ 347728.233362419356126, 5543902.755816673859954, 354.415661556473424 ], [ 347728.227077963587362, 5543902.752907573245466, 354.269222945072613 ], [ 347728.242178306041751, 5543902.706604422070086, 354.414987889625365 ], [ 347728.307944679050706, 5543902.644837591797113, 354.537157850746553 ], [ 347728.400606582057662, 5543902.55781086627394, 354.159881455095899 ], [ 347728.360382255224977, 5543902.566809999756515, 354.153013276995921 ] ], [ [ 347728.617699210706633, 5543902.183920023031533, 354.996942032147331 ], [ 347728.589393934933469, 5543902.226038531400263, 354.287979247110741 ], [ 347728.597099965147208, 5543902.230396403931081, 354.982675809925354 ], [ 347728.622587363119237, 5543902.17992833070457, 355.684024828331815 ], [ 347728.617699210706633, 5543902.183920023031533, 354.996942032147331 ] ], [ [ 347729.259927587467246, 5543901.658514893613756, 355.086478751996538 ], [ 347728.923868204001337, 5543901.701954804360867, 354.288429608619481 ], [ 347728.896335921715945, 5543901.705513698980212, 354.693834795715929 ], [ 347728.902421537437476, 5543901.742556933313608, 354.399993896484375 ], [ 347728.804572868451942, 5543901.927800838835537, 354.300003051757812 ], [ 347728.763841980369762, 5543902.004911226220429, 354.300003051757812 ], [ 347728.723831410636194, 5543902.025994341820478, 354.600006103515625 ], [ 347728.629256453714333, 5543902.16672274004668, 355.268074192486893 ], [ 347728.755475579411723, 5543901.916793892160058, 355.252408458726563 ], [ 347728.476324816700071, 5543901.854212075471878, 354.600006103515625 ], [ 347728.46345379401464, 5543901.851326566189528, 354.721957695756657 ], [ 347728.497599842085037, 5543901.823054293170571, 354.820083819010335 ], [ 347728.518012137559708, 5543901.81674987450242, 354.758865759222658 ], [ 347728.749604098731652, 5543901.876047438010573, 354.600006103515625 ], [ 347728.476324816700071, 5543901.854212075471878, 354.600006103515625 ], [ 347728.461408266564831, 5543901.853020223788917, 354.722069402359978 ], [ 347728.46345379401464, 5543901.851326566189528, 354.721957695756657 ], [ 347728.430199040740263, 5543901.843871301040053, 354.699996948242188 ], [ 347728.497599842085037, 5543901.823054293170571, 354.820083819010335 ], [ 347728.508236921450589, 5543901.814246996305883, 354.780865673765561 ], [ 347728.518012137559708, 5543901.81674987450242, 354.758865759222658 ], [ 347728.859220699581783, 5543901.711366241797805, 355.332570451579159 ], [ 347728.865094770560972, 5543901.709552011452615, 354.699975040322556 ], [ 347728.85979066969594, 5543901.710237633436918, 355.233491246746553 ], [ 347728.887951283017173, 5543901.654476276598871, 355.327079162115467 ], [ 347728.895458692626562, 5543901.700173991732299, 354.79998779296875 ], [ 347728.896335921715945, 5543901.705513698980212, 354.693834795715929 ], [ 347728.865094770560972, 5543901.709552011452615, 354.699975040322556 ], [ 347728.895458692626562, 5543901.700173991732299, 354.79998779296875 ], [ 347728.930530524754431, 5543901.689341915771365, 354.399993896484375 ], [ 347728.923868204001337, 5543901.701954804360867, 354.288429608619481 ], [ 347728.902421537437476, 5543901.742556933313608, 354.399993896484375 ], [ 347728.931047587131616, 5543901.916804128326476, 354.699996948242188 ], [ 347728.878658673609607, 5543901.944409871473908, 354.600006103515625 ], [ 347728.804572868451942, 5543901.927800838835537, 354.300003051757812 ], [ 347728.755475579411723, 5543901.916793892160058, 355.252408458726563 ], [ 347728.859220699581783, 5543901.711366241797805, 355.332570451579159 ], [ 347728.85979066969594, 5543901.710237633436918, 355.233491246746553 ], [ 347728.592056992463768, 5543901.744845584966242, 354.768576540821641 ], [ 347728.356236618768889, 5543901.775328340940177, 354.79998779296875 ], [ 347728.508236921450589, 5543901.814246996305883, 354.780865673765561 ], [ 347728.592056992463768, 5543901.744845584966242, 354.768576540821641 ], [ 347728.865590389352292, 5543901.518365181051195, 354.79998779296875 ], [ 347728.887951283017173, 5543901.654476276598871, 355.327079162115467 ], [ 347729.029694101423956, 5543901.373808674514294, 355.79998779296875 ], [ 347729.070527835108805, 5543901.42430357914418, 354.893627727370017 ], [ 347728.930530524754431, 5543901.689341915771365, 354.399993896484375 ], [ 347729.214045482920483, 5543901.60177718475461, 355.271246554639049 ], [ 347729.259927587467246, 5543901.658514893613756, 355.086478751996538 ], [ 347729.302318784291856, 5543901.710935753770173, 355.062474401540442 ], [ 347729.37380762596149, 5543901.643794463016093, 354.399993896484375 ], [ 347729.259927587467246, 5543901.658514893613756, 355.086478751996538 ] ], [ [ 347729.4675195980235, 5543903.220274325460196, 354.300003051757812 ], [ 347729.546260485425591, 5543903.27091290615499, 354.0 ], [ 347729.481180210306775, 5543903.288672085851431, 354.282944403180636 ], [ 347729.4675195980235, 5543903.220274325460196, 354.300003051757812 ] ], [ [ 347729.981428322731517, 5543901.28039163723588, 353.737966943141544 ], [ 347729.957239230512641, 5543901.274451066739857, 353.861823631332982 ], [ 347729.987931970215868, 5543901.339935375377536, 353.781393480690042 ], [ 347729.981428322731517, 5543901.28039163723588, 353.737966943141544 ] ], [ [ 347729.987931970215868, 5543901.339935375377536, 353.781393480690042 ], [ 347729.999576347530819, 5543901.364779165945947, 353.77324618624101 ], [ 347729.990682838018984, 5543901.365120773203671, 353.600006103515625 ], [ 347729.987931970215868, 5543901.339935375377536, 353.781393480690042 ] ], [ [ 347731.044282783928793, 5543901.95249159168452, 355.499742659269941 ], [ 347731.034934487135615, 5543901.960244853980839, 355.600006103515625 ], [ 347731.069302879041061, 5543902.957133579999208, 355.399993896484375 ], [ 347730.508120431797579, 5543902.870514386333525, 355.399993896484375 ], [ 347730.096898756106384, 5543902.802397342398763, 354.894181511702186 ], [ 347730.151035348186269, 5543902.778088809922338, 354.399993896484375 ], [ 347730.081096232344862, 5543902.799779725261033, 354.899993896484375 ], [ 347729.424225101363845, 5543903.003501714207232, 354.5 ], [ 347729.396530162543058, 5543902.864835032261908, 354.600006103515625 ], [ 347729.542479780968279, 5543902.710560302250087, 354.985365054890053 ], [ 347729.30692293390166, 5543902.671541357412934, 355.399993896484375 ], [ 347729.59651907091029, 5543902.505472151562572, 354.669142294909648 ], [ 347728.919354447396472, 5543902.695696342736483, 353.848993245147881 ], [ 347728.91459324612515, 5543902.697033825330436, 354.36866093110433 ], [ 347728.972915307502262, 5543902.902192322537303, 354.487009792855361 ], [ 347728.984188249334693, 5543902.941846952773631, 355.0 ], [ 347728.983906024892349, 5543902.941883349791169, 354.671786604066369 ], [ 347729.023835713916924, 5543902.984957929700613, 354.059626115250467 ], [ 347729.000302537460811, 5543902.919805159792304, 353.899993896484375 ], [ 347728.919354447396472, 5543902.695696342736483, 353.848993245147881 ], [ 347728.897645302989986, 5543902.635593496263027, 354.29998779296875 ], [ 347728.897402645088732, 5543902.636562747880816, 354.79998779296875 ], [ 347728.91459324612515, 5543902.697033825330436, 354.36866093110433 ], [ 347728.733155691705178, 5543902.748001951724291, 353.943459839314187 ], [ 347728.817858567694202, 5543902.802474711090326, 354.510192131433882 ], [ 347728.889373448793776, 5543902.776679001748562, 355.0 ], [ 347728.824610429932363, 5543902.806816860102117, 354.505516841765939 ], [ 347728.880964803160168, 5543902.84305858425796, 354.201840050127885 ], [ 347728.891229164029937, 5543902.841907193884254, 354.399993896484375 ], [ 347728.909024004940875, 5543902.861103569157422, 354.194580293171555 ], [ 347728.983906024892349, 5543902.941883349791169, 354.671786604066369 ], [ 347728.542451637214981, 5543902.998816070146859, 354.624150889008433 ], [ 347728.617483334732242, 5543902.93362785410136, 354.20001220703125 ], [ 347728.584708946058527, 5543902.918456451967359, 354.631037306594976 ], [ 347728.545996702974662, 5543902.900536392815411, 354.66002008177702 ], [ 347728.626080400834326, 5543902.871649877168238, 354.785131820230561 ], [ 347728.70409708522493, 5543902.862898467108607, 354.749381768842625 ], [ 347728.880964803160168, 5543902.84305858425796, 354.201840050127885 ], [ 347728.909024004940875, 5543902.861103569157422, 354.194580293171555 ], [ 347728.972915307502262, 5543902.902192322537303, 354.487009792855361 ], [ 347729.000302537460811, 5543902.919805159792304, 353.899993896484375 ], [ 347729.226028468227014, 5543903.064970411360264, 354.199996948242188 ], [ 347729.12659362697741, 5543903.095809129066765, 354.328350204019898 ], [ 347729.070193270803429, 5543903.113301133736968, 354.099990844726562 ], [ 347729.023835713916924, 5543902.984957929700613, 354.059626115250467 ], [ 347729.12659362697741, 5543903.095809129066765, 354.328350204019898 ], [ 347729.219719930551946, 5543903.196270126849413, 354.20001220703125 ], [ 347729.343658681900706, 5543903.140618873760104, 354.113312809490026 ], [ 347729.4675195980235, 5543903.220274325460196, 354.300003051757812 ], [ 347729.442726180772297, 5543903.096135364845395, 354.423952260829765 ], [ 347729.424225101363845, 5543903.003501714207232, 354.5 ], [ 347729.226028468227014, 5543903.064970411360264, 354.199996948242188 ], [ 347729.343658681900706, 5543903.140618873760104, 354.113312809490026 ], [ 347729.442726180772297, 5543903.096135364845395, 354.423952260829765 ], [ 347730.096898756106384, 5543902.802397342398763, 354.894181511702186 ], [ 347730.081096232344862, 5543902.799779725261033, 354.899993896484375 ], [ 347729.542479780968279, 5543902.710560302250087, 354.985365054890053 ], [ 347729.78716592816636, 5543902.451917015016079, 354.235649648945639 ], [ 347729.59651907091029, 5543902.505472151562572, 354.669142294909648 ], [ 347729.632043558754958, 5543902.485100597143173, 355.399993896484375 ], [ 347729.400828225072473, 5543902.398538804613054, 354.599990844726562 ], [ 347729.485853999853134, 5543902.414652772247791, 353.79998779296875 ], [ 347729.695255769474898, 5543902.315875738859177, 353.886359847912843 ], [ 347729.300996234233025, 5543902.252046490088105, 353.79998779296875 ], [ 347729.485109779052436, 5543902.105383521877229, 354.199996948242188 ], [ 347729.56793973146705, 5543902.039402028545737, 354.716072794338061 ], [ 347729.993844598939177, 5543901.700130564160645, 354.199996948242188 ], [ 347730.118922649533488, 5543901.600494666956365, 353.899993896484375 ], [ 347730.393670147517696, 5543901.381633617915213, 353.79998779296875 ], [ 347730.281022357405163, 5543901.353968581184745, 353.699996948242188 ], [ 347729.999576347530819, 5543901.364779165945947, 353.77324618624101 ], [ 347730.098828856484033, 5543901.576538753695786, 354.0 ], [ 347730.118922649533488, 5543901.600494666956365, 353.899993896484375 ], [ 347730.341549243603367, 5543901.865911124274135, 354.205242253412621 ], [ 347730.347688913810998, 5543901.873230867087841, 354.246950533766835 ], [ 347730.295521676074713, 5543901.943977173417807, 354.600006103515625 ], [ 347730.279753529699519, 5543901.931231726892292, 354.511441805635627 ], [ 347730.341549243603367, 5543901.865911124274135, 354.205242253412621 ], [ 347730.393858991446905, 5543901.810617576353252, 354.399993896484375 ], [ 347730.347688913810998, 5543901.873230867087841, 354.246950533766835 ], [ 347730.428753887128551, 5543901.969876904040575, 354.07575508987361 ], [ 347730.441745658055879, 5543901.985365753993392, 354.012108087246474 ], [ 347730.487140303070191, 5543902.039485460147262, 354.741187779843813 ], [ 347730.547281057049986, 5543902.111185546033084, 354.205655832439675 ], [ 347730.633632233715616, 5543902.214133818633854, 354.0 ], [ 347730.397094517189544, 5543902.280580284073949, 353.992962880518121 ], [ 347730.354072098620236, 5543902.297957887873054, 354.270453017831301 ], [ 347730.265961307683028, 5543902.383133332245052, 354.600006103515625 ], [ 347730.200684331648517, 5543902.35991423483938, 354.300003051757812 ], [ 347730.133898284519091, 5543902.386890437453985, 354.0 ], [ 347730.060785614186898, 5543902.375053750351071, 353.97417891739758 ], [ 347729.78716592816636, 5543902.451917015016079, 354.235649648945639 ], [ 347729.886565067863557, 5543902.346848049201071, 354.221168148003926 ], [ 347729.695255769474898, 5543902.315875738859177, 353.886359847912843 ], [ 347729.859313187829684, 5543902.238488116301596, 354.269611584347672 ], [ 347730.09365312330192, 5543902.127947485074401, 354.243390430519185 ], [ 347730.123647391505074, 5543902.096242314204574, 354.994476786539167 ], [ 347730.17928223538911, 5543902.087555325590074, 354.79262740183492 ], [ 347730.428753887128551, 5543901.969876904040575, 354.07575508987361 ], [ 347730.444469657435548, 5543901.962463608942926, 354.091745051131113 ], [ 347730.558852446498349, 5543901.908508035354316, 354.20001220703125 ], [ 347730.562245031876955, 5543902.02775838598609, 354.899762331786121 ], [ 347730.56415443046717, 5543902.094874296337366, 354.399993896484375 ], [ 347730.547281057049986, 5543902.111185546033084, 354.205655832439675 ], [ 347730.411125621059909, 5543902.242805062793195, 354.252721345156829 ], [ 347730.407113965717144, 5543902.276533231139183, 354.0 ], [ 347730.397094517189544, 5543902.280580284073949, 353.992962880518121 ], [ 347730.361789021757431, 5543902.290498048998415, 354.259777489327348 ], [ 347730.354072098620236, 5543902.297957887873054, 354.270453017831301 ], [ 347730.200684331648517, 5543902.35991423483938, 354.300003051757812 ], [ 347730.162733826437034, 5543902.3464151956141, 354.285993580434024 ], [ 347730.060785614186898, 5543902.375053750351071, 353.97417891739758 ], [ 347729.886565067863557, 5543902.346848049201071, 354.221168148003926 ], [ 347729.956405417411588, 5543902.273023936897516, 354.543865198866683 ], [ 347730.09365312330192, 5543902.127947485074401, 354.243390430519185 ], [ 347730.17928223538911, 5543902.087555325590074, 354.79262740183492 ], [ 347730.434327795403078, 5543902.047731760889292, 354.754508589343573 ], [ 347730.487140303070191, 5543902.039485460147262, 354.741187779843813 ], [ 347730.562245031876955, 5543902.02775838598609, 354.899762331786121 ], [ 347731.044282783928793, 5543901.95249159168452, 355.499742659269941 ], [ 347731.058680849382654, 5543901.950243434868753, 355.399993896484375 ], [ 347731.843559968634509, 5543902.086453859694302, 355.399993896484375 ], [ 347731.756850881502032, 5543901.361503970809281, 355.399993896484375 ], [ 347731.044282783928793, 5543901.95249159168452, 355.499742659269941 ] ], [ [ 347730.542258494126145, 5543901.14029966108501, 354.047249834814124 ], [ 347730.543117179418914, 5543901.144235584884882, 354.0 ], [ 347730.861951873172075, 5543900.314489747397602, 354.20001220703125 ], [ 347730.613116092630662, 5543900.544561282731593, 354.127746794176005 ], [ 347730.542258494126145, 5543901.14029966108501, 354.047249834814124 ] ], [ [ 347745.95548276451882, 5543905.267569302581251, 355.009792368238266 ], [ 347745.799430353334174, 5543905.25191720481962, 355.600006103515625 ], [ 347742.906598179833964, 5543905.98701858241111, 356.0 ], [ 347740.421691149764229, 5543905.697489601559937, 354.923838500930401 ], [ 347732.484707129653543, 5543904.77271178457886, 356.20001220703125 ], [ 347729.308574501075782, 5543903.836576940491796, 355.400009155273438 ], [ 347729.557659831945784, 5543903.67160036880523, 354.600006103515625 ], [ 347729.481180210306775, 5543903.288672085851431, 354.282944403180636 ], [ 347729.164728225616273, 5543903.375025861896574, 353.79998779296875 ], [ 347729.070193270803429, 5543903.113301133736968, 354.099990844726562 ], [ 347728.197736980044283, 5543903.38388469722122, 354.399993896484375 ], [ 347728.17907432676293, 5543903.503667521290481, 355.307068252128602 ], [ 347728.111120623594616, 5543903.939815924502909, 354.470666964527709 ], [ 347728.849953304394148, 5543904.140335304662585, 354.505338773323388 ], [ 347728.971158817817923, 5543904.173230512067676, 354.399993896484375 ], [ 347728.958452273509465, 5543904.36010911129415, 354.399993896484375 ], [ 347728.791716020437889, 5543905.045640119351447, 354.79998779296875 ], [ 347728.554953383398242, 5543904.959117381833494, 354.600006103515625 ], [ 347728.071713770565111, 5543904.655786333605647, 354.600006103515625 ], [ 347728.849953304394148, 5543904.140335304662585, 354.505338773323388 ], [ 347729.308574501075782, 5543903.836576940491796, 355.400009155273438 ], [ 347728.17907432676293, 5543903.503667521290481, 355.307068252128602 ], [ 347727.98322451277636, 5543903.445942653343081, 356.20001220703125 ], [ 347728.060041565971915, 5543903.293835771270096, 355.189124455365913 ], [ 347728.063819368369877, 5543903.286355274729431, 355.185786960192104 ], [ 347728.146670457092114, 5543903.122300285845995, 355.632033806397544 ], [ 347728.076744917780161, 5543903.154840554110706, 354.689541475035867 ], [ 347727.914445889298804, 5543903.230367379263043, 354.810662580098665 ], [ 347727.72328748536529, 5543903.514812828041613, 354.476090830200405 ], [ 347727.605668858101126, 5543903.689830417744815, 354.399993896484375 ], [ 347727.586680011299904, 5543903.638658894225955, 354.499872400830327 ], [ 347727.72328748536529, 5543903.514812828041613, 354.476090830200405 ], [ 347727.984455508063547, 5543903.278042237274349, 354.399993896484375 ], [ 347728.060041565971915, 5543903.293835771270096, 355.189124455365913 ], [ 347728.063022943970282, 5543903.294458723627031, 354.20001220703125 ], [ 347728.063819368369877, 5543903.286355274729431, 355.185786960192104 ], [ 347728.076744917780161, 5543903.154840554110706, 354.689541475035867 ], [ 347728.086297549540177, 5543903.057644555345178, 354.634457673464453 ], [ 347728.025229561084416, 5543903.065520265139639, 354.737521573802724 ], [ 347727.914445889298804, 5543903.230367379263043, 354.810662580098665 ], [ 347727.715387057105545, 5543903.323000598698854, 355.20001220703125 ], [ 347727.463991978729609, 5543903.308036733418703, 354.781759816405042 ], [ 347727.373530214303173, 5543903.302652150392532, 354.808397328554292 ], [ 347727.256267901626416, 5543903.295672310516238, 355.331826917971853 ], [ 347726.877468097489327, 5543903.605002311989665, 355.073690912670486 ], [ 347727.0029605505988, 5543903.639060995541513, 354.852571406372476 ], [ 347727.29130457539577, 5543903.409672525711358, 355.0 ], [ 347727.315977836435195, 5543903.518957326188684, 354.78492541447855 ], [ 347727.280345307372045, 5543903.652878819964826, 354.827452449983639 ], [ 347727.201603065244853, 5543903.692972625605762, 354.802440057222384 ], [ 347726.776838087243959, 5543903.909253543242812, 355.20001220703125 ], [ 347726.812059947988018, 5543903.880273916758597, 355.0 ], [ 347726.759872413531411, 5543903.832446713000536, 355.121421312558255 ], [ 347727.0029605505988, 5543903.639060995541513, 354.852571406372476 ], [ 347727.201603065244853, 5543903.692972625605762, 354.802440057222384 ], [ 347727.265092842746526, 5543903.710203767754138, 354.605803813965395 ], [ 347727.451853255042806, 5543903.760890590958297, 354.600647687794662 ], [ 347728.111120623594616, 5543903.939815924502909, 354.470666964527709 ], [ 347727.933571897097863, 5543905.079379923641682, 354.600006103515625 ], [ 347727.860760744428262, 5543905.687631976790726, 354.600006103515625 ], [ 347727.353945361450315, 5543905.189128761179745, 354.399993896484375 ], [ 347726.625049169291742, 5543903.939703652635217, 354.708858542719668 ], [ 347726.759872413531411, 5543903.832446713000536, 355.121421312558255 ], [ 347726.713363078073598, 5543903.789823287166655, 355.0 ], [ 347726.753458583843894, 5543903.706269161775708, 355.301549435664015 ], [ 347726.574243979121093, 5543903.852616792544723, 354.841188254054373 ], [ 347726.447741045558359, 5543903.955919783562422, 355.600006103515625 ], [ 347726.415965572930872, 5543904.106037483550608, 355.399993896484375 ], [ 347726.625049169291742, 5543903.939703652635217, 354.708858542719668 ], [ 347726.574243979121093, 5543903.852616792544723, 354.841188254054373 ], [ 347726.337857183068991, 5543903.447418355382979, 353.936350103320876 ], [ 347726.337114369845949, 5543903.446145074442029, 354.0 ], [ 347726.371404349221848, 5543903.4272137042135, 354.380666426986295 ], [ 347726.663686370360665, 5543903.265845883637667, 354.520151783657298 ], [ 347726.434812072606292, 5543903.300903945229948, 355.0 ], [ 347726.542273896106053, 5543903.253173029981554, 355.014875640226705 ], [ 347726.337284886860289, 5543903.240971406921744, 355.0 ], [ 347726.318348364438862, 5543903.343246755190194, 354.963634144457842 ], [ 347726.316454712068662, 5543903.353474291041493, 355.0 ], [ 347726.434812072606292, 5543903.300903945229948, 355.0 ], [ 347726.339405740145594, 5543903.315517910756171, 355.0 ], [ 347726.318348364438862, 5543903.343246755190194, 354.963634144457842 ], [ 347726.28149795695208, 5543903.391772233881056, 354.79998779296875 ], [ 347726.371404349221848, 5543903.4272137042135, 354.380666426986295 ], [ 347726.376709254051093, 5543903.429304919205606, 354.311368457370236 ], [ 347726.337857183068991, 5543903.447418355382979, 353.936350103320876 ], [ 347725.169131225906312, 5543903.992296457290649, 354.0 ], [ 347726.35572910332121, 5543903.044603704474866, 353.600006103515625 ], [ 347727.195500358240679, 5543901.825944842770696, 354.26706590800552 ], [ 347727.274202887143474, 5543901.882393930107355, 354.779440646815488 ], [ 347727.584612560283858, 5543902.105034076608717, 354.79998779296875 ], [ 347727.864140288089402, 5543902.01870081666857, 354.265560225080662 ], [ 347728.195544980466366, 5543901.916345149278641, 354.690768317376637 ], [ 347728.170307017571758, 5543901.883527306839824, 354.10086947596983 ], [ 347728.197850427997764, 5543901.915633101947606, 354.29998779296875 ], [ 347728.209972275770269, 5543901.911889220587909, 354.478830891396171 ], [ 347728.212774862069637, 5543901.91102363076061, 354.456057375211117 ], [ 347728.413079619698692, 5543901.849158703349531, 354.699996948242188 ], [ 347728.242827350157313, 5543901.835555329918861, 354.350887771334669 ], [ 347728.25514371576719, 5543901.804626270197332, 354.348765368300292 ], [ 347728.06629772647284, 5543901.762289559468627, 354.199996948242188 ], [ 347728.120786564250011, 5543901.825804115273058, 354.199996948242188 ], [ 347727.789664908312261, 5543901.799347072839737, 354.186218124195193 ], [ 347727.28640105179511, 5543901.75913564953953, 354.600006103515625 ], [ 347727.25801617995603, 5543901.73522316198796, 354.175698698326869 ], [ 347727.350019580684602, 5543901.601709709502757, 354.179415856601395 ], [ 347727.190790864289738, 5543901.566012789495289, 354.600006103515625 ], [ 347727.095115431060549, 5543901.597989419475198, 354.663681997737854 ], [ 347727.009037597570568, 5543901.626758341677487, 354.773804760318853 ], [ 347726.946794215415139, 5543901.647561316378415, 354.79998779296875 ], [ 347727.195500358240679, 5543901.825944842770696, 354.26706590800552 ], [ 347727.203543023671955, 5543901.814273491501808, 354.25245640531034 ], [ 347727.25801617995603, 5543901.73522316198796, 354.175698698326869 ], [ 347727.095115431060549, 5543901.597989419475198, 354.663681997737854 ], [ 347726.504684387356974, 5543901.100588014349341, 354.79998779296875 ], [ 347726.066513746918645, 5543899.425074183382094, 354.79998779296875 ], [ 347725.311515415494796, 5543900.761499611660838, 354.79998779296875 ], [ 347726.141331133141648, 5543900.999015170149505, 354.79998779296875 ], [ 347727.000024689594284, 5543901.618069346062839, 354.79998779296875 ], [ 347727.009037597570568, 5543901.626758341677487, 354.773804760318853 ], [ 347727.203543023671955, 5543901.814273491501808, 354.25245640531034 ], [ 347727.274202887143474, 5543901.882393930107355, 354.779440646815488 ], [ 347727.806338585156482, 5543902.395405351184309, 354.797407867574293 ], [ 347727.951291020319331, 5543902.275387516245246, 354.291327207275458 ], [ 347728.124931970436592, 5543902.131616140715778, 354.511642278278828 ], [ 347728.194472837552894, 5543901.95698397513479, 354.353798406373414 ], [ 347728.198135802114848, 5543901.9197140885517, 354.600006103515625 ], [ 347728.195544980466366, 5543901.916345149278641, 354.690768317376637 ], [ 347728.197850427997764, 5543901.915633101947606, 354.29998779296875 ], [ 347728.206789852876682, 5543901.92605328373611, 353.957088734764397 ], [ 347728.275903228321113, 5543902.006614835932851, 354.332190708606959 ], [ 347728.459004537668079, 5543902.220045674592257, 353.79998779296875 ], [ 347728.551900919759646, 5543902.237651268951595, 354.609262437675454 ], [ 347728.133291614241898, 5543902.579489927738905, 354.931338893701422 ], [ 347728.181949452322442, 5543902.084406759589911, 354.713371313668063 ], [ 347728.194472837552894, 5543901.95698397513479, 354.353798406373414 ], [ 347728.206789852876682, 5543901.92605328373611, 353.957088734764397 ], [ 347728.211751012888271, 5543901.913594737648964, 354.134523030043169 ], [ 347728.212774862069637, 5543901.91102363076061, 354.456057375211117 ], [ 347728.242827350157313, 5543901.835555329918861, 354.350887771334669 ], [ 347728.120786564250011, 5543901.825804115273058, 354.199996948242188 ], [ 347728.170307017571758, 5543901.883527306839824, 354.10086947596983 ], [ 347728.141989187686704, 5543901.846704601310194, 354.20001220703125 ], [ 347728.209972275770269, 5543901.911889220587909, 354.478830891396171 ], [ 347728.211751012888271, 5543901.913594737648964, 354.134523030043169 ], [ 347728.293537190533243, 5543901.992014253512025, 354.48404971299874 ], [ 347728.463151682517491, 5543902.15464670304209, 354.0 ], [ 347728.575643852178473, 5543902.218262660317123, 354.708244710559427 ], [ 347728.551900919759646, 5543902.237651268951595, 354.609262437675454 ], [ 347728.578235632390715, 5543902.242642187513411, 354.186975168511594 ], [ 347728.360382255224977, 5543902.566809999756515, 354.153013276995921 ], [ 347728.129460303520318, 5543902.618472700938582, 354.046673474166255 ], [ 347728.133291614241898, 5543902.579489927738905, 354.931338893701422 ], [ 347728.071635038184468, 5543902.629839026369154, 354.538015491839133 ], [ 347728.068986022262834, 5543902.632002227939665, 354.568678272632724 ], [ 347728.055000874795951, 5543902.635131035931408, 354.157266440738113 ], [ 347728.059657299134415, 5543902.639620114117861, 355.051078951979775 ], [ 347728.031687419279478, 5543902.662460471503437, 354.922475156220571 ], [ 347727.999481232021935, 5543902.647552092559636, 354.023156202341397 ], [ 347727.970445208600722, 5543902.654048138298094, 354.028099778945148 ], [ 347727.96477580833016, 5543902.717100861482322, 354.957718584201416 ], [ 347727.921165955311153, 5543902.752712906338274, 354.536469824884989 ], [ 347727.959079854714219, 5543902.78044889960438, 354.040966357247953 ], [ 347727.95800453517586, 5543902.792408158071339, 354.844335657052227 ], [ 347728.049796535924543, 5543902.887286609038711, 354.892365177050806 ], [ 347728.063392293348443, 5543902.874517669901252, 354.491407590876065 ], [ 347728.074021602631547, 5543902.864534775726497, 354.090672200908216 ], [ 347728.108455192530528, 5543902.832195243798196, 354.45552297651966 ], [ 347728.111702064517885, 5543902.799159010872245, 354.372058929255786 ], [ 347728.063874206796754, 5543902.857111427001655, 354.0 ], [ 347728.074021602631547, 5543902.864534775726497, 354.090672200908216 ], [ 347728.103180325066205, 5543902.885865899734199, 353.959450971423735 ], [ 347728.131862984097097, 5543902.906848759390414, 354.047061694304773 ], [ 347728.123525627248455, 5543902.919254822656512, 354.171635996295663 ], [ 347728.101129660441075, 5543902.925546135753393, 354.124653686033241 ], [ 347728.099227962782606, 5543902.926080347038805, 354.078197709537505 ], [ 347728.089871216041502, 5543902.928708775900304, 354.524327896764419 ], [ 347727.969769449322484, 5543902.962446896359324, 354.218690412939736 ], [ 347728.049796535924543, 5543902.887286609038711, 354.892365177050806 ], [ 347728.089871216041502, 5543902.928708775900304, 354.524327896764419 ], [ 347728.098130591330118, 5543902.93724586814642, 354.751979299061304 ], [ 347728.105981454369612, 5543902.94536071177572, 354.844749956553414 ], [ 347728.09585161076393, 5543902.960434011183679, 354.392437660871337 ], [ 347728.098130591330118, 5543902.93724586814642, 354.751979299061304 ], [ 347728.099227962782606, 5543902.926080347038805, 354.078197709537505 ], [ 347728.099497390212491, 5543902.923338979482651, 354.353993308833026 ], [ 347728.101129660441075, 5543902.925546135753393, 354.124653686033241 ], [ 347728.110648005444091, 5543902.938416841439903, 354.445158167769762 ], [ 347728.105981454369612, 5543902.94536071177572, 354.844749956553414 ], [ 347728.147585340193473, 5543902.988363502547145, 354.800003051757812 ], [ 347728.187663049902767, 5543903.029788801446557, 355.20001220703125 ], [ 347728.194666374416556, 5543903.027262673713267, 355.658601130911563 ], [ 347728.269991086563095, 5543902.878110804595053, 354.974876730859933 ], [ 347728.155717624991667, 5543902.910211679525673, 353.726283809743848 ], [ 347728.141803075151984, 5543902.914120453409851, 353.725869844691658 ], [ 347728.160735455690883, 5543902.927970476448536, 353.600006103515625 ], [ 347728.155717624991667, 5543902.910211679525673, 353.726283809743848 ], [ 347728.147987825446762, 5543902.88285484816879, 354.048503866161013 ], [ 347728.128384937532246, 5543902.813477514311671, 354.086879851131243 ], [ 347728.184919770981651, 5543902.76038081292063, 354.594129823733056 ], [ 347728.212455262371805, 5543902.786926713772118, 354.563399969579621 ], [ 347728.147987825446762, 5543902.88285484816879, 354.048503866161013 ], [ 347728.131862984097097, 5543902.906848759390414, 354.047061694304773 ], [ 347728.141803075151984, 5543902.914120453409851, 353.725869844691658 ], [ 347728.123525627248455, 5543902.919254822656512, 354.171635996295663 ], [ 347728.110648005444091, 5543902.938416841439903, 354.445158167769762 ], [ 347728.147585340193473, 5543902.988363502547145, 354.800003051757812 ], [ 347728.187234971905127, 5543903.041977732442319, 355.261010440174744 ], [ 347728.18902363080997, 5543903.044396357610822, 354.699996948242188 ], [ 347728.185803808737546, 5543903.044811605475843, 355.561287030806511 ], [ 347728.187234971905127, 5543903.041977732442319, 355.261010440174744 ], [ 347728.194666374416556, 5543903.027262673713267, 355.658601130911563 ], [ 347728.545996702974662, 5543902.900536392815411, 354.66002008177702 ], [ 347728.511387049336918, 5543902.884515439160168, 354.384648179823557 ], [ 347728.411610023351386, 5543902.838328235782683, 354.065799529509775 ], [ 347728.298679258674383, 5543902.870051930658519, 354.233205564692923 ], [ 347728.269991086563095, 5543902.878110804595053, 354.974876730859933 ], [ 347728.282122148666531, 5543902.854089861735702, 355.346790090796674 ], [ 347728.298679258674383, 5543902.870051930658519, 354.233205564692923 ], [ 347728.334288309095427, 5543902.904381236992776, 354.600006103515625 ], [ 347728.511387049336918, 5543902.884515439160168, 354.384648179823557 ], [ 347728.626080400834326, 5543902.871649877168238, 354.785131820230561 ], [ 347728.817858567694202, 5543902.802474711090326, 354.510192131433882 ], [ 347728.824610429932363, 5543902.806816860102117, 354.505516841765939 ], [ 347728.70409708522493, 5543902.862898467108607, 354.749381768842625 ], [ 347728.584708946058527, 5543902.918456451967359, 354.631037306594976 ], [ 347728.362021259905305, 5543903.022085500881076, 355.044922528896791 ], [ 347728.18902363080997, 5543903.044396357610822, 354.699996948242188 ], [ 347728.22104169690283, 5543903.087691184133291, 354.75692882993053 ], [ 347728.146670457092114, 5543903.122300285845995, 355.632033806397544 ], [ 347728.185803808737546, 5543903.044811605475843, 355.561287030806511 ], [ 347728.086297549540177, 5543903.057644555345178, 354.634457673464453 ], [ 347728.09585161076393, 5543902.960434011183679, 354.392437660871337 ], [ 347728.025229561084416, 5543903.065520265139639, 354.737521573802724 ], [ 347727.685278203396592, 5543903.109362519346178, 355.0 ], [ 347727.438044156180695, 5543903.147232822142541, 355.257299705325408 ], [ 347727.412163156666793, 5543903.168367388658226, 354.958412680851211 ], [ 347727.408453352400102, 5543903.171396835707128, 354.960386940170451 ], [ 347727.373530214303173, 5543903.302652150392532, 354.808397328554292 ], [ 347727.315977836435195, 5543903.518957326188684, 354.78492541447855 ], [ 347727.339422034157906, 5543903.622798259370029, 355.0 ], [ 347727.280345307372045, 5543903.652878819964826, 354.827452449983639 ], [ 347727.265092842746526, 5543903.710203767754138, 354.605803813965395 ], [ 347727.1879489326966, 5543904.000141865573823, 354.79998779296875 ], [ 347727.451853255042806, 5543903.760890590958297, 354.600647687794662 ], [ 347727.586680011299904, 5543903.638658894225955, 354.499872400830327 ], [ 347727.463991978729609, 5543903.308036733418703, 354.781759816405042 ], [ 347727.412163156666793, 5543903.168367388658226, 354.958412680851211 ], [ 347727.410471986513585, 5543903.163809989579022, 354.399993896484375 ], [ 347727.408453352400102, 5543903.171396835707128, 354.960386940170451 ], [ 347727.256267901626416, 5543903.295672310516238, 355.331826917971853 ], [ 347726.958985103992745, 5543903.277977056801319, 355.135346598132344 ], [ 347726.730472110502888, 5543903.264375208877027, 354.443305555641473 ], [ 347726.376709254051093, 5543903.429304919205606, 354.311368457370236 ], [ 347726.700732563564088, 5543903.557036242447793, 354.600006103515625 ], [ 347726.810743997339159, 5543903.586893374100327, 354.830930946340345 ], [ 347726.877468097489327, 5543903.605002311989665, 355.073690912670486 ], [ 347726.753458583843894, 5543903.706269161775708, 355.301549435664015 ], [ 347726.810743997339159, 5543903.586893374100327, 354.830930946340345 ], [ 347726.958985103992745, 5543903.277977056801319, 355.135346598132344 ], [ 347726.985594179132022, 5543903.222527001984417, 355.20001220703125 ], [ 347726.996407183003612, 5543903.214881023392081, 355.100006103515625 ], [ 347726.75845357455546, 5543903.251329817809165, 354.413245355056802 ], [ 347726.730472110502888, 5543903.264375208877027, 354.443305555641473 ], [ 347726.689290505542886, 5543903.261923943646252, 355.025544339962494 ], [ 347726.663686370360665, 5543903.265845883637667, 354.520151783657298 ], [ 347726.672590570058674, 5543903.26092990860343, 354.545033694458994 ], [ 347726.542273896106053, 5543903.253173029981554, 355.014875640226705 ], [ 347727.034317844896577, 5543903.034623711369932, 355.0 ], [ 347727.806338585156482, 5543902.395405351184309, 354.797407867574293 ], [ 347727.960647901869379, 5543902.544168988242745, 354.427514936415264 ], [ 347728.055000874795951, 5543902.635131035931408, 354.157266440738113 ], [ 347727.999481232021935, 5543902.647552092559636, 354.023156202341397 ], [ 347727.972166211577132, 5543902.634907855652273, 354.399993896484375 ], [ 347727.970445208600722, 5543902.654048138298094, 354.028099778945148 ], [ 347727.850176994514186, 5543902.680954981595278, 354.403351678834838 ], [ 347727.915809632977471, 5543902.748794477432966, 354.400009155273438 ], [ 347727.921165955311153, 5543902.752712906338274, 354.536469824884989 ], [ 347727.920291471236851, 5543902.753427014686167, 355.336510585696544 ], [ 347727.504159484058619, 5543903.093242682516575, 354.661345279926138 ], [ 347727.272141012363136, 5543903.158419634215534, 353.79998779296875 ], [ 347727.09499828965636, 5543903.145166308619082, 354.5 ], [ 347727.810088871279731, 5543902.639518919400871, 355.20001220703125 ], [ 347727.850176994514186, 5543902.680954981595278, 354.403351678834838 ], [ 347727.829422984737903, 5543902.685598144307733, 353.600006103515625 ], [ 347727.915809632977471, 5543902.748794477432966, 354.400009155273438 ], [ 347727.920291471236851, 5543902.753427014686167, 355.336510585696544 ], [ 347727.95800453517586, 5543902.792408158071339, 354.844335657052227 ], [ 347727.942014416388702, 5543902.970243639312685, 354.214309007042175 ], [ 347727.504159484058619, 5543903.093242682516575, 354.661345279926138 ], [ 347727.438044156180695, 5543903.147232822142541, 355.257299705325408 ], [ 347727.386195426224731, 5543903.155174799263477, 355.0 ], [ 347726.996407183003612, 5543903.214881023392081, 355.100006103515625 ], [ 347727.09499828965636, 5543903.145166308619082, 354.5 ], [ 347727.001216821139678, 5543903.138149840757251, 353.79998779296875 ], [ 347726.75845357455546, 5543903.251329817809165, 354.413245355056802 ], [ 347726.689290505542886, 5543903.261923943646252, 355.025544339962494 ], [ 347726.672590570058674, 5543903.26092990860343, 354.545033694458994 ], [ 347727.957774548674934, 5543902.551384599879384, 354.20001220703125 ], [ 347727.960647901869379, 5543902.544168988242745, 354.427514936415264 ], [ 347728.004855894425418, 5543902.43315315246582, 353.918444953067478 ], [ 347727.951291020319331, 5543902.275387516245246, 354.291327207275458 ], [ 347727.864140288089402, 5543902.01870081666857, 354.265560225080662 ], [ 347727.789664908312261, 5543901.799347072839737, 354.186218124195193 ], [ 347727.753255493240431, 5543901.692109734751284, 354.196312851946345 ], [ 347727.739967785659246, 5543901.652973198331892, 353.79998779296875 ], [ 347727.921282636467367, 5543901.593253673054278, 353.79998779296875 ], [ 347728.06629772647284, 5543901.762289559468627, 354.199996948242188 ], [ 347727.753255493240431, 5543901.692109734751284, 354.196312851946345 ], [ 347727.350019580684602, 5543901.601709709502757, 354.179415856601395 ], [ 347727.607715677469969, 5543901.227746406570077, 353.79998779296875 ], [ 347727.921282636467367, 5543901.593253673054278, 353.79998779296875 ], [ 347728.402420825790614, 5543901.434781576506793, 353.92337686076894 ], [ 347729.118451129179448, 5543899.63667453546077, 353.79998779296875 ], [ 347730.382505850342568, 5543899.541917296126485, 353.825599513967745 ], [ 347730.346686336502898, 5543899.738463473506272, 354.197729461766869 ], [ 347730.28972939052619, 5543900.050993399694562, 354.0 ], [ 347730.693152588908561, 5543899.871650918386877, 354.20001220703125 ], [ 347730.640471056743991, 5543900.314573219045997, 353.930041218205588 ], [ 347730.613116092630662, 5543900.544561282731593, 354.127746794176005 ], [ 347730.451705688028596, 5543900.693800028413534, 354.026998891241874 ], [ 347730.299992017564364, 5543900.834073252044618, 354.0 ], [ 347729.807065406173933, 5543900.929083148948848, 354.356889968426572 ], [ 347729.796333527483512, 5543900.931151680648327, 353.918452168804265 ], [ 347729.709582079085521, 5543900.947872722521424, 353.899993896484375 ], [ 347729.438270657730754, 5543901.000167058780789, 353.921483802222383 ], [ 347729.617307879321743, 5543900.847367755137384, 353.825080123805321 ], [ 347729.839434509107377, 5543900.657793800346553, 354.319895363736464 ], [ 347729.887101518746931, 5543900.258290854282677, 354.600006103515625 ], [ 347730.346686336502898, 5543899.738463473506272, 354.197729461766869 ], [ 347730.530246448121034, 5543899.530842228792608, 354.1207882993765 ], [ 347731.064046487328596, 5543898.927071465179324, 353.938563094444021 ], [ 347731.165222231764346, 5543898.515297821722925, 353.399993896484375 ], [ 347730.414445960894227, 5543899.366657892242074, 353.79998779296875 ], [ 347730.382505850342568, 5543899.541917296126485, 353.825599513967745 ], [ 347730.530246448121034, 5543899.530842228792608, 354.1207882993765 ], [ 347730.92292845249176, 5543899.501405636779964, 353.79998779296875 ], [ 347731.064046487328596, 5543898.927071465179324, 353.938563094444021 ], [ 347731.511002758925315, 5543898.421527985483408, 354.20001220703125 ], [ 347731.677755608048756, 5543898.288551391102374, 353.980851940942898 ], [ 347731.63176106964238, 5543898.231575429439545, 353.79998779296875 ], [ 347731.845439165073913, 5543898.154832605272532, 353.971955089740163 ], [ 347732.50596489966847, 5543897.917603749781847, 353.79998779296875 ], [ 347732.896151426830329, 5543897.906503398902714, 353.600006103515625 ], [ 347733.323945736337919, 5543897.950288308784366, 353.600006103515625 ], [ 347733.709054447244853, 5543899.450120928697288, 353.399993896484375 ], [ 347732.637816564994864, 5543899.807001233100891, 353.600006103515625 ], [ 347732.642476074630395, 5543899.126081277616322, 353.600006103515625 ], [ 347732.596874767099507, 5543900.479627524502575, 353.600006103515625 ], [ 347731.929684884671587, 5543900.890294269658625, 353.600006103515625 ], [ 347730.926864810637198, 5543901.329161212779582, 353.600006103515625 ], [ 347730.517926868633367, 5543901.344868873246014, 353.838745954777778 ], [ 347730.281022357405163, 5543901.353968581184745, 353.699996948242188 ], [ 347729.981428322731517, 5543901.28039163723588, 353.737966943141544 ], [ 347729.966311836498789, 5543901.141993593424559, 353.79998779296875 ], [ 347729.931717844621744, 5543901.2200000686571, 353.854943479895724 ], [ 347729.912448427523486, 5543901.26345094665885, 353.79998779296875 ], [ 347729.771305894653779, 5543901.228787919506431, 354.282300496025869 ], [ 347729.680540082044899, 5543901.20649685151875, 353.79998779296875 ], [ 347729.304671060817782, 5543901.114187624305487, 353.79998779296875 ], [ 347729.438270657730754, 5543901.000167058780789, 353.921483802222383 ], [ 347729.278273684089072, 5543901.03100592084229, 354.0 ], [ 347729.070527835108805, 5543901.42430357914418, 354.893627727370017 ], [ 347729.214045482920483, 5543901.60177718475461, 355.271246554639049 ], [ 347729.65131809952436, 5543901.466723782941699, 354.29998779296875 ], [ 347729.680540082044899, 5543901.20649685151875, 353.79998779296875 ], [ 347729.709582079085521, 5543900.947872722521424, 353.899993896484375 ], [ 347729.727300028258469, 5543900.790091245435178, 353.77195952154068 ], [ 347729.727864003682043, 5543900.785068944096565, 353.79998779296875 ], [ 347729.729645513813011, 5543900.788869874551892, 353.772379397696795 ], [ 347729.796333527483512, 5543900.931151680648327, 353.918452168804265 ], [ 347729.804691058641765, 5543900.948982840403914, 354.279282796469147 ], [ 347729.931717844621744, 5543901.2200000686571, 353.854943479895724 ], [ 347729.957239230512641, 5543901.274451066739857, 353.861823631332982 ], [ 347729.912448427523486, 5543901.26345094665885, 353.79998779296875 ], [ 347729.77862274099607, 5543901.565216355957091, 354.199996948242188 ], [ 347729.576768460450694, 5543902.020380392670631, 353.79998779296875 ], [ 347729.641121606109664, 5543901.542638678103685, 354.199996948242188 ], [ 347729.308120325033087, 5543901.718109926208854, 355.156589004214425 ], [ 347729.277500580705237, 5543901.734244653023779, 354.506718314867157 ], [ 347729.302318784291856, 5543901.710935753770173, 355.062474401540442 ], [ 347729.308120325033087, 5543901.718109926208854, 355.156589004214425 ], [ 347729.56793973146705, 5543902.039402028545737, 354.716072794338061 ], [ 347729.671053049270995, 5543902.166911728680134, 355.600006103515625 ], [ 347730.123647391505074, 5543902.096242314204574, 354.994476786539167 ], [ 347730.279753529699519, 5543901.931231726892292, 354.511441805635627 ], [ 347729.993844598939177, 5543901.700130564160645, 354.199996948242188 ], [ 347729.938872287515551, 5543901.655696257017553, 354.600006103515625 ], [ 347729.780942080484238, 5543901.594908291473985, 354.600006103515625 ], [ 347729.77862274099607, 5543901.565216355957091, 354.199996948242188 ], [ 347729.771492908010259, 5543901.473940999247134, 354.600006103515625 ], [ 347729.641121606109664, 5543901.542638678103685, 354.199996948242188 ], [ 347729.651170492870733, 5543901.468038246966898, 353.79998779296875 ], [ 347729.65131809952436, 5543901.466723782941699, 354.29998779296875 ], [ 347729.746421042829752, 5543901.437350858002901, 354.79998779296875 ], [ 347729.771305894653779, 5543901.228787919506431, 354.282300496025869 ], [ 347729.804691058641765, 5543900.948982840403914, 354.279282796469147 ], [ 347729.807065406173933, 5543900.929083148948848, 354.356889968426572 ], [ 347729.830032256199047, 5543900.736595213413239, 354.20988646093474 ], [ 347729.839434509107377, 5543900.657793800346553, 354.319895363736464 ], [ 347729.926394360489212, 5543900.583577921614051, 354.0 ], [ 347730.405203783069737, 5543900.30883217509836, 354.0 ], [ 347730.419779126066715, 5543900.429494726471603, 353.854136105739656 ], [ 347730.451705688028596, 5543900.693800028413534, 354.026998891241874 ], [ 347730.46021371614188, 5543900.764234074391425, 354.0 ], [ 347730.542258494126145, 5543901.14029966108501, 354.047249834814124 ], [ 347730.517926868633367, 5543901.344868873246014, 353.838745954777778 ], [ 347730.444469657435548, 5543901.962463608942926, 354.091745051131113 ], [ 347730.441745658055879, 5543901.985365753993392, 354.012108087246474 ], [ 347730.434327795403078, 5543902.047731760889292, 354.754508589343573 ], [ 347730.411125621059909, 5543902.242805062793195, 354.252721345156829 ], [ 347730.361789021757431, 5543902.290498048998415, 354.259777489327348 ], [ 347730.162733826437034, 5543902.3464151956141, 354.285993580434024 ], [ 347729.956405417411588, 5543902.273023936897516, 354.543865198866683 ], [ 347729.859313187829684, 5543902.238488116301596, 354.269611584347672 ], [ 347729.485109779052436, 5543902.105383521877229, 354.199996948242188 ], [ 347729.294898901833221, 5543902.037725288420916, 354.600006103515625 ], [ 347729.0199903799803, 5543901.976094524376094, 354.524682053684046 ], [ 347728.937759471591562, 5543901.957659469917417, 354.699996948242188 ], [ 347728.951374958094675, 5543902.040537140332162, 354.629459464203364 ], [ 347729.0199903799803, 5543901.976094524376094, 354.524682053684046 ], [ 347729.277500580705237, 5543901.734244653023779, 354.506718314867157 ], [ 347728.931047587131616, 5543901.916804128326476, 354.699996948242188 ], [ 347728.937759471591562, 5543901.957659469917417, 354.699996948242188 ], [ 347728.878658673609607, 5543901.944409871473908, 354.600006103515625 ], [ 347728.763841980369762, 5543902.004911226220429, 354.300003051757812 ], [ 347728.708417567599099, 5543902.109838914126158, 354.702519310003368 ], [ 347728.622587363119237, 5543902.17992833070457, 355.684024828331815 ], [ 347728.629256453714333, 5543902.16672274004668, 355.268074192486893 ], [ 347728.617699210706633, 5543902.183920023031533, 354.996942032147331 ], [ 347728.575643852178473, 5543902.218262660317123, 354.708244710559427 ], [ 347728.589393934933469, 5543902.226038531400263, 354.287979247110741 ], [ 347728.578235632390715, 5543902.242642187513411, 354.186975168511594 ], [ 347728.589807996992022, 5543902.244835366494954, 354.88406342360679 ], [ 347728.597099965147208, 5543902.230396403931081, 354.982675809925354 ], [ 347728.633780335076153, 5543902.251139686442912, 354.0 ], [ 347728.632805988949258, 5543902.252984286285937, 353.899993896484375 ], [ 347728.573903218901251, 5543902.36449708789587, 353.899993896484375 ], [ 347728.516746088047512, 5543902.448734315112233, 354.159778882562478 ], [ 347728.450274544884451, 5543902.546698968857527, 353.79998779296875 ], [ 347728.435715856554452, 5543902.549956091679633, 354.911170384173374 ], [ 347728.459847427031491, 5543902.502172717824578, 355.272663148226798 ], [ 347728.516746088047512, 5543902.448734315112233, 354.159778882562478 ], [ 347728.541873178910464, 5543902.425135313533247, 354.258032137087412 ], [ 347728.463075582752936, 5543902.574312349781394, 354.0 ], [ 347728.561835761473048, 5543902.637825417332351, 354.057042502990498 ], [ 347728.350532843964174, 5543902.718628565780818, 355.113579155461423 ], [ 347728.435715856554452, 5543902.549956091679633, 354.911170384173374 ], [ 347728.400606582057662, 5543902.55781086627394, 354.159881455095899 ], [ 347728.459847427031491, 5543902.502172717824578, 355.272663148226798 ], [ 347728.589807996992022, 5543902.244835366494954, 354.88406342360679 ], [ 347728.632805988949258, 5543902.252984286285937, 353.899993896484375 ], [ 347728.639177354227286, 5543902.254191778600216, 353.899993896484375 ], [ 347728.647657699417323, 5543902.25579896196723, 353.79998779296875 ], [ 347728.646094134252053, 5543902.25810331851244, 353.899993896484375 ], [ 347728.692049586272333, 5543902.284091794863343, 354.247555931675663 ], [ 347728.790867921255995, 5543902.339974999427795, 353.899993896484375 ], [ 347728.768753014679532, 5543902.278748779557645, 353.79998779296875 ], [ 347728.977098097326234, 5543902.318234053440392, 354.29998779296875 ], [ 347729.400828225072473, 5543902.398538804613054, 354.599990844726562 ], [ 347728.984588428866118, 5543902.242708036676049, 355.099990844726562 ], [ 347728.891210811329074, 5543902.20774956792593, 355.399993896484375 ], [ 347728.838772258313838, 5543902.146291974000633, 354.937317604741679 ], [ 347728.766911875805818, 5543902.062072141095996, 355.399993896484375 ], [ 347728.708417567599099, 5543902.109838914126158, 354.702519310003368 ], [ 347728.633780335076153, 5543902.251139686442912, 354.0 ], [ 347728.639177354227286, 5543902.254191778600216, 353.899993896484375 ], [ 347728.646094134252053, 5543902.25810331851244, 353.899993896484375 ], [ 347728.573903218901251, 5543902.36449708789587, 353.899993896484375 ], [ 347728.541873178910464, 5543902.425135313533247, 354.258032137087412 ], [ 347728.692049586272333, 5543902.284091794863343, 354.247555931675663 ], [ 347728.709662476030644, 5543902.267550022341311, 354.146321164783046 ], [ 347728.750764745927881, 5543902.228947361931205, 354.143453897994618 ], [ 347728.721274876850657, 5543902.147303191944957, 353.79998779296875 ], [ 347728.647657699417323, 5543902.25579896196723, 353.79998779296875 ], [ 347728.709662476030644, 5543902.267550022341311, 354.146321164783046 ], [ 347728.768753014679532, 5543902.278748779557645, 353.79998779296875 ], [ 347728.750764745927881, 5543902.228947361931205, 354.143453897994618 ], [ 347728.838772258313838, 5543902.146291974000633, 354.937317604741679 ], [ 347728.951374958094675, 5543902.040537140332162, 354.629459464203364 ], [ 347728.984588428866118, 5543902.242708036676049, 355.099990844726562 ], [ 347728.989112363720778, 5543902.27024529594928, 354.79998779296875 ], [ 347728.977098097326234, 5543902.318234053440392, 354.29998779296875 ], [ 347728.949233715014998, 5543902.429533157497644, 354.399993896484375 ], [ 347728.932580585358664, 5543902.496050993911922, 354.410129217304871 ], [ 347728.857599305687472, 5543902.524724159389734, 353.91961595944656 ], [ 347728.790867921255995, 5543902.339974999427795, 353.899993896484375 ], [ 347728.949233715014998, 5543902.429533157497644, 354.399993896484375 ], [ 347729.012688098824583, 5543902.46541753411293, 354.0 ], [ 347728.932580585358664, 5543902.496050993911922, 354.410129217304871 ], [ 347728.897645302989986, 5543902.635593496263027, 354.29998779296875 ], [ 347728.857599305687472, 5543902.524724159389734, 353.91961595944656 ], [ 347728.561835761473048, 5543902.637825417332351, 354.057042502990498 ], [ 347728.733155691705178, 5543902.748001951724291, 353.943459839314187 ], [ 347728.411610023351386, 5543902.838328235782683, 354.065799529509775 ], [ 347728.313109212205745, 5543902.792731798253953, 355.184123472930537 ], [ 347728.350532843964174, 5543902.718628565780818, 355.113579155461423 ], [ 347728.242374950146768, 5543902.759988612495363, 354.255589697335097 ], [ 347728.233362419356126, 5543902.755816673859954, 354.415661556473424 ], [ 347728.226471739297267, 5543902.76607006881386, 354.3549935042426 ], [ 347728.212455262371805, 5543902.786926713772118, 354.563399969579621 ], [ 347728.282122148666531, 5543902.854089861735702, 355.346790090796674 ], [ 347728.313109212205745, 5543902.792731798253953, 355.184123472930537 ], [ 347728.242374950146768, 5543902.759988612495363, 354.255589697335097 ], [ 347728.226471739297267, 5543902.76607006881386, 354.3549935042426 ], [ 347728.222260204376653, 5543902.767680577933788, 354.20001220703125 ], [ 347728.227077963587362, 5543902.752907573245466, 354.269222945072613 ], [ 347728.204168498283252, 5543902.742302685976028, 354.445638758091661 ], [ 347728.242178306041751, 5543902.706604422070086, 354.414987889625365 ], [ 347728.277516989270225, 5543902.598243144340813, 354.399993896484375 ], [ 347728.171214736939874, 5543902.727048251777887, 354.369151649334412 ], [ 347728.161967313964851, 5543902.738253237679601, 354.512913881212626 ], [ 347728.184919770981651, 5543902.76038081292063, 354.594129823733056 ], [ 347728.204168498283252, 5543902.742302685976028, 354.445638758091661 ], [ 347728.171214736939874, 5543902.727048251777887, 354.369151649334412 ], [ 347728.131067506968975, 5543902.708463930524886, 354.490608040123618 ], [ 347728.121070584165864, 5543902.703836313448846, 354.362853921024112 ], [ 347728.121520363958552, 5543902.699259899556637, 354.502543299858189 ], [ 347728.131067506968975, 5543902.708463930524886, 354.490608040123618 ], [ 347728.161967313964851, 5543902.738253237679601, 354.512913881212626 ], [ 347728.121116110531148, 5543902.787752129137516, 354.0 ], [ 347728.114963311061729, 5543902.765976520255208, 353.976892399752728 ], [ 347728.121070584165864, 5543902.703836313448846, 354.362853921024112 ], [ 347728.092225217958912, 5543902.69048367254436, 353.983722418862499 ], [ 347728.031687419279478, 5543902.662460471503437, 354.922475156220571 ], [ 347727.96477580833016, 5543902.717100861482322, 354.957718584201416 ], [ 347727.959079854714219, 5543902.78044889960438, 354.040966357247953 ], [ 347728.063874206796754, 5543902.857111427001655, 354.0 ], [ 347728.056831040186808, 5543902.865645543672144, 354.399993896484375 ], [ 347728.063392293348443, 5543902.874517669901252, 354.491407590876065 ], [ 347728.099497390212491, 5543902.923338979482651, 354.353993308833026 ], [ 347728.103180325066205, 5543902.885865899734199, 353.959450971423735 ], [ 347728.108455192530528, 5543902.832195243798196, 354.45552297651966 ], [ 347728.128384937532246, 5543902.813477514311671, 354.086879851131243 ], [ 347728.121116110531148, 5543902.787752129137516, 354.0 ], [ 347728.111702064517885, 5543902.799159010872245, 354.372058929255786 ], [ 347728.114963311061729, 5543902.765976520255208, 353.976892399752728 ], [ 347728.100612297072075, 5543902.715186295099556, 353.600006103515625 ], [ 347728.092225217958912, 5543902.69048367254436, 353.983722418862499 ], [ 347728.082400100654922, 5543902.661545569077134, 354.123932259194135 ], [ 347728.121520363958552, 5543902.699259899556637, 354.502543299858189 ], [ 347728.129460303520318, 5543902.618472700938582, 354.046673474166255 ], [ 347728.072130630607717, 5543902.631298705004156, 353.646991937835594 ], [ 347728.068986022262834, 5543902.632002227939665, 354.568678272632724 ], [ 347728.059657299134415, 5543902.639620114117861, 355.051078951979775 ], [ 347728.082400100654922, 5543902.661545569077134, 354.123932259194135 ], [ 347728.072130630607717, 5543902.631298705004156, 353.646991937835594 ], [ 347728.071635038184468, 5543902.629839026369154, 354.538015491839133 ], [ 347728.004855894425418, 5543902.43315315246582, 353.918444953067478 ], [ 347728.124931970436592, 5543902.131616140715778, 354.511642278278828 ], [ 347728.181949452322442, 5543902.084406759589911, 354.713371313668063 ], [ 347728.275903228321113, 5543902.006614835932851, 354.332190708606959 ], [ 347728.293537190533243, 5543901.992014253512025, 354.48404971299874 ], [ 347728.461408266564831, 5543901.853020223788917, 354.722069402359978 ], [ 347728.413079619698692, 5543901.849158703349531, 354.699996948242188 ], [ 347728.430199040740263, 5543901.843871301040053, 354.699996948242188 ], [ 347728.25514371576719, 5543901.804626270197332, 354.348765368300292 ], [ 347728.402420825790614, 5543901.434781576506793, 353.92337686076894 ], [ 347728.638712514017243, 5543901.356954374350607, 353.79998779296875 ], [ 347729.617307879321743, 5543900.847367755137384, 353.825080123805321 ], [ 347729.727300028258469, 5543900.790091245435178, 353.77195952154068 ], [ 347729.729645513813011, 5543900.788869874551892, 353.772379397696795 ], [ 347729.830032256199047, 5543900.736595213413239, 354.20988646093474 ], [ 347730.419779126066715, 5543900.429494726471603, 353.854136105739656 ], [ 347730.640471056743991, 5543900.314573219045997, 353.930041218205588 ], [ 347732.522247942979448, 5543899.334670436568558, 353.600006103515625 ], [ 347731.677755608048756, 5543898.288551391102374, 353.980851940942898 ], [ 347731.845439165073913, 5543898.154832605272532, 353.971955089740163 ], [ 347735.08854825940216, 5543895.568624298088253, 353.600006103515625 ], [ 347735.843148719344754, 5543895.696370871737599, 353.600006103515625 ], [ 347737.801677228184417, 5543902.243359420448542, 353.79998779296875 ], [ 347740.421691149764229, 5543905.697489601559937, 354.923838500930401 ], [ 347743.943618932389654, 5543910.340669909492135, 353.79998779296875 ], [ 347746.972565237432718, 5543909.321921425871551, 354.399993896484375 ], [ 347745.95548276451882, 5543905.267569302581251, 355.009792368238266 ] ], [ [ 347797.871267297537997, 5544021.98659096006304, 361.521438810767506 ], [ 347797.884293156850617, 5544022.218166557140648, 361.20001220703125 ], [ 347798.485441979486495, 5544021.809385548345745, 361.5 ], [ 347798.035237170523033, 5544021.822188289836049, 361.79998779296875 ], [ 347797.871267297537997, 5544021.98659096006304, 361.521438810767506 ] ], [ [ 347798.424184911476914, 5544020.208702965639532, 361.042173268910517 ], [ 347798.368706442648545, 5544019.816973008215427, 361.0 ], [ 347798.351850280654617, 5544020.069250343367457, 361.0 ], [ 347798.424184911476914, 5544020.208702965639532, 361.042173268910517 ] ], [ [ 347799.214912528754212, 5544021.788641162216663, 361.633772795708637 ], [ 347798.485441979486495, 5544021.809385548345745, 361.5 ], [ 347798.920489985437598, 5544021.513553042896092, 361.293527120979206 ], [ 347798.904312313243281, 5544021.49843774177134, 361.365500720914667 ], [ 347798.561477384704631, 5544021.178116428665817, 361.29097079701171 ], [ 347798.236576734110713, 5544020.874551667831838, 361.20001220703125 ], [ 347797.823540408338886, 5544021.138095473870635, 361.399993896484375 ], [ 347797.871267297537997, 5544021.98659096006304, 361.521438810767506 ], [ 347797.690615881583653, 5544022.1677192049101, 361.79998779296875 ], [ 347797.618384029483423, 5544022.207591455429792, 361.531923499231993 ], [ 347796.140955531445798, 5544023.023137473501265, 361.79998779296875 ], [ 347798.553349238354713, 5544023.141051108017564, 361.600006103515625 ], [ 347798.480084227921907, 5544022.496452202089131, 361.462311506797732 ], [ 347798.457202300196514, 5544022.295132834464312, 361.600006103515625 ], [ 347797.993402242427692, 5544022.252367143519223, 361.600006103515625 ], [ 347798.402204868150875, 5544022.21662113815546, 361.600006103515625 ], [ 347799.257858080847654, 5544022.141802185215056, 361.600006103515625 ], [ 347799.69923715229379, 5544022.241160687990487, 361.600006103515625 ], [ 347799.330677187303081, 5544021.896803675219417, 361.619726757099329 ], [ 347799.214912528754212, 5544021.788641162216663, 361.633772795708637 ], [ 347798.920489985437598, 5544021.513553042896092, 361.293527120979206 ], [ 347799.687739537097514, 5544020.991823591291904, 361.20001220703125 ], [ 347798.904312313243281, 5544021.49843774177134, 361.365500720914667 ], [ 347798.631800216506235, 5544021.674661492928863, 361.399993896484375 ], [ 347798.561477384704631, 5544021.178116428665817, 361.29097079701171 ], [ 347798.424184911476914, 5544020.208702965639532, 361.042173268910517 ], [ 347798.752281553810462, 5544020.841234526596963, 361.0 ], [ 347801.70373751653824, 5544018.789548429660499, 361.399993896484375 ], [ 347802.879495499946643, 5544014.50352550111711, 361.600006103515625 ], [ 347804.903700097056571, 5544006.463035938329995, 360.79998779296875 ], [ 347805.893765975139104, 5544004.308588299900293, 360.600006103515625 ], [ 347805.818790693359915, 5544000.850231590680778, 360.088837129004844 ], [ 347804.107198408688419, 5544001.692198415286839, 360.20001220703125 ], [ 347803.521253092796542, 5544003.480772248469293, 360.20001220703125 ], [ 347801.082859966729302, 5544011.533040635287762, 361.20001220703125 ], [ 347798.360848772746976, 5544019.751915503293276, 361.399993896484375 ], [ 347796.117451615864411, 5544021.77414177916944, 361.399993896484375 ], [ 347797.618384029483423, 5544022.207591455429792, 361.531923499231993 ], [ 347798.322319439379498, 5544022.41087880730629, 361.20001220703125 ], [ 347798.480084227921907, 5544022.496452202089131, 361.462311506797732 ], [ 347798.828760616306681, 5544022.685578195378184, 361.600006103515625 ], [ 347798.870249732513912, 5544022.665746642276645, 361.600006103515625 ], [ 347798.402204868150875, 5544022.21662113815546, 361.600006103515625 ], [ 347798.369984202319756, 5544022.185702899470925, 361.600006103515625 ], [ 347799.330677187303081, 5544021.896803675219417, 361.619726757099329 ], [ 347799.740012260794174, 5544021.773708589375019, 361.79998779296875 ], [ 347799.214912528754212, 5544021.788641162216663, 361.633772795708637 ] ], [ [ 347819.701384754735045, 5543031.714851839467883, 299.600006103515625 ], [ 347819.84274255449418, 5543031.497187451459467, 299.600006103515625 ], [ 347819.841065160231665, 5543031.226785980165005, 299.600006103515625 ], [ 347819.701384754735045, 5543031.714851839467883, 299.600006103515625 ] ], [ [ 347820.061677253805101, 5543036.42637297604233, 300.564878057752651 ], [ 347820.061703360581305, 5543036.452306591905653, 300.79998779296875 ], [ 347819.963253348774742, 5543036.413140471093357, 299.887123582472782 ], [ 347819.909006739093456, 5543036.497682352550328, 299.863598685238117 ], [ 347819.895909449027386, 5543036.447906328365207, 300.547159311210294 ], [ 347819.891660088440403, 5543036.431756706908345, 299.790571035668165 ], [ 347819.890226409304887, 5543036.426308034919202, 299.776419531510101 ], [ 347819.757361922413111, 5543036.526238249614835, 299.0 ], [ 347819.883539857692085, 5543036.40089591126889, 299.778207971770485 ], [ 347819.90363983111456, 5543036.380929047241807, 299.661452038677794 ], [ 347820.008640153566375, 5543036.276624075137079, 299.0 ], [ 347819.92529244691832, 5543036.387155293487012, 299.672278363075293 ], [ 347819.937583644175902, 5543036.390689647756517, 299.662189201592753 ], [ 347819.971416541549843, 5543036.400418355129659, 299.737771767865183 ], [ 347820.061677253805101, 5543036.42637297604233, 300.564878057752651 ] ], [ [ 347820.20542001229478, 5543036.049780122935772, 299.321762912166264 ], [ 347821.426163376483601, 5543035.835320744663477, 299.79998779296875 ], [ 347821.127561786444858, 5543034.631450091488659, 299.79998779296875 ], [ 347820.20542001229478, 5543036.049780122935772, 299.321762912166264 ] ], [ [ 347952.138385440863203, 5544057.818786848336458, 359.52281234909816 ], [ 347950.727212380501442, 5544059.159325527027249, 359.399993896484375 ], [ 347951.844949171179906, 5544058.959706118330359, 359.399993896484375 ], [ 347954.458234531339258, 5544058.960071699693799, 359.20001220703125 ], [ 347952.138385440863203, 5544057.818786848336458, 359.52281234909816 ], [ 347951.359204113832675, 5544057.435456808656454, 359.532517811044386 ], [ 347951.53556260059122, 5544057.373777121305466, 359.20001220703125 ], [ 347953.76104561262764, 5544056.277346762828529, 359.236014734967057 ], [ 347952.138385440863203, 5544057.818786848336458, 359.52281234909816 ] ], [ [ 347953.76104561262764, 5544056.277346762828529, 359.236014734967057 ], [ 347957.039525024127215, 5544054.662135891616344, 359.20001220703125 ], [ 347962.767873349715956, 5544053.081878639757633, 358.600006103515625 ], [ 347965.968672478105873, 5544049.866797995753586, 359.0 ], [ 347964.56519459548872, 5544049.524306922219694, 359.0 ], [ 347963.304372099926695, 5544048.916640312410891, 358.79998779296875 ], [ 347960.209527564933524, 5544050.151634957641363, 359.0 ], [ 347953.76104561262764, 5544056.277346762828529, 359.236014734967057 ] ], [ [ 348045.16969485708978, 5543714.742026892490685, 316.115750049438816 ], [ 348046.596741870278493, 5543708.77902599144727, 317.0 ], [ 348047.651512453798205, 5543708.898295943625271, 317.399993896484375 ], [ 348047.262286545301322, 5543711.483273164369166, 317.600006103515625 ], [ 348045.669801992014982, 5543714.00915102660656, 317.79998779296875 ], [ 348044.996866994537413, 5543715.912071568891406, 318.20001220703125 ], [ 348045.109149564406835, 5543714.995019002817571, 317.506849379043103 ], [ 348045.158986972353887, 5543714.786770426668227, 316.055078950321388 ], [ 348045.19509096944239, 5543714.852625945582986, 315.399993896484375 ], [ 348045.16969485708978, 5543714.742026892490685, 316.115750049438816 ], [ 348045.150409034860786, 5543714.658037908375263, 316.989349123041279 ], [ 348045.144905857450794, 5543714.634071791544557, 317.031678289843455 ], [ 348045.071692650730256, 5543714.315231205895543, 316.0 ], [ 348044.877950232184958, 5543714.274145182222128, 315.760660758957499 ], [ 348044.606281926564407, 5543714.216533789411187, 316.20001220703125 ], [ 348044.433676853775978, 5543717.448169481940567, 316.600006103515625 ], [ 348044.641769796377048, 5543716.947993188165128, 316.600006103515625 ], [ 348045.055064148211386, 5543715.221018133684993, 317.572570753721379 ], [ 348045.109149564406835, 5543714.995019002817571, 317.506849379043103 ], [ 348045.139090724580456, 5543714.750478663481772, 316.87813029902992 ], [ 348045.158986972353887, 5543714.786770426668227, 316.055078950321388 ], [ 348045.16969485708978, 5543714.742026892490685, 316.115750049438816 ] ], [ [ 348045.144905857450794, 5543714.634071791544557, 317.031678289843455 ], [ 348045.12970764876809, 5543714.73336345795542, 316.917080663483944 ], [ 348045.139090724580456, 5543714.750478663481772, 316.87813029902992 ], [ 348045.150409034860786, 5543714.658037908375263, 316.989349123041279 ], [ 348045.187073633540422, 5543714.358584802597761, 318.399993896484375 ], [ 348045.144905857450794, 5543714.634071791544557, 317.031678289843455 ] ], [ [ 348228.60353643912822, 5542304.691395436413586, 269.5 ], [ 348227.906438175938092, 5542308.476938430219889, 269.79998779296875 ], [ 348227.75094154139515, 5542306.383043593727052, 269.399993896484375 ], [ 348228.558634697750676, 5542304.560275263153017, 269.20001220703125 ], [ 348228.60353643912822, 5542304.691395436413586, 269.5 ] ], [ [ 348229.04235016257735, 5542305.401383887045085, 269.084498761938335 ], [ 348229.428933465853333, 5542305.794590592384338, 269.399993896484375 ], [ 348229.074599579791538, 5542305.749842576682568, 269.098773907766713 ], [ 348229.04235016257735, 5542305.401383887045085, 269.084498761938335 ] ], [ [ 348229.074599579791538, 5542305.749842576682568, 269.098773907766713 ], [ 348228.886138603207655, 5542305.7260422706604, 269.20001220703125 ], [ 348229.057910676870961, 5542306.485888411290944, 269.20001220703125 ], [ 348229.124420362117235, 5542306.288161900825799, 269.0 ], [ 348229.074599579791538, 5542305.749842576682568, 269.098773907766713 ] ], [ [ 348230.2554441455286, 5542283.958143993280828, 269.839663735240265 ], [ 348229.665654931566678, 5542283.825655578635633, 269.79998779296875 ], [ 348230.386062499892432, 5542282.527605591341853, 269.79998779296875 ], [ 348230.2554441455286, 5542283.958143993280828, 269.839663735240265 ] ] ] } },
{ "type": "Feature", "properties": { "name": "Durch den Meulenwald von Quint nach Föhren", "km": 9.449, "darstell": "finished" }, "geometry": { "type": "MultiLineString", "coordinates": [ [ [ 334874.616890450823121, 5521789.233280654065311, 150.9 ], [ 334875.277756966417655, 5521789.658118330873549, 150.9 ], [ 334873.022917619091459, 5521798.295032355934381, 152.6 ], [ 334873.21322539402172, 5521806.857041850686073, 153.7 ], [ 334874.978868874430191, 5521815.148250984959304, 154.4 ], [ 334879.313038099207915, 5521822.693153530359268, 154.5 ], [ 334891.974962259177119, 5521834.211248395033181, 153.8 ], [ 334925.024633763823658, 5521855.675661813467741, 151.2 ], [ 334927.236560333636589, 5521857.388251109980047, 151.0 ], [ 334943.4323486724752, 5521869.132046388462186, 149.8 ], [ 334951.088083440728951, 5521877.02037041913718, 149.1 ], [ 334965.576918365899473, 5521896.494163792580366, 147.6 ], [ 334978.701357901969459, 5521923.131078554317355, 146.3 ], [ 334988.853829392930493, 5521946.743428246118128, 145.8 ], [ 334989.490399691974744, 5521948.726810007356107, 145.7 ], [ 335001.968995210016146, 5521984.84153915476054, 144.7 ], [ 335012.574978541000746, 5521999.760940075851977, 144.6 ], [ 335020.706151665770449, 5522009.081313218921423, 144.5 ], [ 335033.292037921317387, 5522020.490761688910425, 144.5 ], [ 335053.575942517840303, 5522031.775918976403773, 144.8 ], [ 335066.440577892935835, 5522035.833056313917041, 145.3 ], [ 335077.716790913022123, 5522037.379605868831277, 145.8 ], [ 335089.534284800349269, 5522037.796912747435272, 146.6 ], [ 335101.817752879811451, 5522036.976014378480613, 147.4 ], [ 335112.122170750342775, 5522034.991712623275816, 148.1 ], [ 335139.080766994506121, 5522026.823209669440985, 149.7 ], [ 335153.810325941303745, 5522021.254256680607796, 150.5 ], [ 335165.985562853922602, 5522014.539487264119089, 151.3 ], [ 335164.600951573404018, 5522035.166850920766592, 151.7 ], [ 335163.923951331875287, 5522045.98078201059252, 152.0 ], [ 335163.714579844498076, 5522079.145759273320436, 152.7 ], [ 335163.580539432354271, 5522112.419705230742693, 152.4 ], [ 335176.355461725732312, 5522118.260160469450057, 153.5 ], [ 335193.112683104991447, 5522124.869034902192652, 155.0 ], [ 335201.077334806032013, 5522126.405822609551251, 155.7 ], [ 335206.758342346467543, 5522126.232119524851441, 156.2 ], [ 335225.271264523034915, 5522121.994187202304602, 157.6 ], [ 335244.794373148004524, 5522117.836710276082158, 159.0 ], [ 335253.242562626372091, 5522116.354495640844107, 159.6 ], [ 335269.927707245980855, 5522094.703156284056604, 160.5 ], [ 335288.541600230033509, 5522070.211177371442318, 162.1 ], [ 335307.227580408507492, 5522045.717069825157523, 164.5 ], [ 335324.054191005299799, 5522021.613656125962734, 166.9 ], [ 335338.79488144419156, 5521999.910701696760952, 169.3 ], [ 335353.217479605751578, 5521977.216079847887158, 172.1 ], [ 335365.21951433934737, 5521953.037656186148524, 175.2 ], [ 335362.555196531349793, 5521927.081823460757732, 175.5 ], [ 335362.350855938158929, 5521922.748529500328004, 175.9 ], [ 335364.136953418608755, 5521915.238874671980739, 177.1 ], [ 335367.275237521214876, 5521909.579512113705277, 178.5 ], [ 335371.570949795015622, 5521904.107340752147138, 180.0 ], [ 335378.705287513090298, 5521899.661177936941385, 182.0 ], [ 335411.26469176239334, 5521888.652556356042624, 189.5 ], [ 335419.507902155863121, 5521861.584766721352935, 191.6 ], [ 335425.689218334970064, 5521823.564213731326163, 192.7 ], [ 335431.213860132382251, 5521782.893242773599923, 193.6 ], [ 335434.234630916733295, 5521756.875100233592093, 194.3 ], [ 335437.258834928506985, 5521730.968127364292741, 195.2 ], [ 335438.983081384794787, 5521700.204963878728449, 195.8 ], [ 335441.029252832522616, 5521694.133917471393943, 196.3 ], [ 335439.2559449475375, 5521654.909740840084851, 195.2 ], [ 335440.174420518334955, 5521640.194061787799001, 194.9 ], [ 335440.989007796393707, 5521617.358845432288945, 194.2 ], [ 335450.727084406884387, 5521610.941729049198329, 196.0 ], [ 335483.274092983454466, 5521578.236385556869209, 200.4 ], [ 335515.893420925363898, 5521545.529054045677185, 199.2 ], [ 335531.13079971994739, 5521542.3936662459746, 199.7 ], [ 335548.260429532732815, 5521544.652819239534438, 201.5 ], [ 335558.50276277877856, 5521547.678465771488845, 202.8 ], [ 335577.386792484903708, 5521557.895620455034077, 206.2 ], [ 335592.997107371629681, 5521566.988712123595178, 208.7 ], [ 335623.879331068601459, 5521571.721697613596916, 207.3 ], [ 335659.311955408658832, 5521579.320413275621831, 204.6 ], [ 335671.933489409042522, 5521584.83293972723186, 204.2 ], [ 335695.5528481581714, 5521596.908994759432971, 203.3 ], [ 335719.244016410666518, 5521608.982959412969649, 202.8 ], [ 335735.028254760312848, 5521619.072568969801068, 203.3 ], [ 335765.060766453389078, 5521633.735231870785356, 203.0 ], [ 335778.764211119269021, 5521639.326303103938699, 202.6 ], [ 335817.783742895000614, 5521660.725451015867293, 202.9 ], [ 335854.807928093709052, 5521687.526564713567495, 204.3 ], [ 335891.835128162696492, 5521714.439092166721821, 204.5 ], [ 335900.650427649845369, 5521722.6272052526474, 204.9 ], [ 335922.901333267334849, 5521746.540426877327263, 206.7 ], [ 335949.566772049292922, 5521778.330778190866113, 208.0 ], [ 335976.156607404525857, 5521810.012277851812541, 206.6 ], [ 335987.294834707747214, 5521823.582036096602678, 206.0 ], [ 335999.985585958580486, 5521833.76649477891624, 204.2 ], [ 336013.750035190663766, 5521839.022460856474936, 201.1 ], [ 336048.672316055279225, 5521858.322427039965987, 196.1 ], [ 336083.525807429919951, 5521877.735968038439751, 192.3 ], [ 336124.848886223160662, 5521894.505097293294966, 184.8 ], [ 336161.074546838644892, 5521923.557823130860925, 180.5 ], [ 336170.138630943140015, 5521932.851470838300884, 179.8 ], [ 336181.681535782292485, 5521943.182485617697239, 178.5 ], [ 336201.581787120783702, 5521965.610428266227245, 177.0 ], [ 336212.315654564765282, 5521977.746396644972265, 176.2 ], [ 336213.598983797419351, 5521979.710245749913156, 176.2 ], [ 336230.657113542663865, 5522017.579802780412138, 178.3 ], [ 336242.737740209908225, 5522043.249748162925243, 179.9 ], [ 336255.447593193151988, 5522070.680906984955072, 181.1 ], [ 336264.554191380273551, 5522083.756555861793458, 180.5 ], [ 336269.59516261058161, 5522090.947185953147709, 180.0 ], [ 336278.792486016289331, 5522099.903139476664364, 178.5 ], [ 336287.659238097374327, 5522105.08599594514817, 176.8 ], [ 336311.775916142039932, 5522114.701540040783584, 172.0 ], [ 336324.860726112208795, 5522121.314119721762836, 169.8 ], [ 336329.069675814302173, 5522143.77394031919539, 169.7 ], [ 336326.657773250015453, 5522154.417754199355841, 170.4 ], [ 336322.502132118097506, 5522166.894831814803183, 171.7 ], [ 336318.290130243694875, 5522175.145397171378136, 172.9 ], [ 336311.736494022770785, 5522182.13185422681272, 174.3 ], [ 336284.437325629696716, 5522200.430297330953181, 178.9 ], [ 336257.138340125209652, 5522218.728883091360331, 184.0 ], [ 336249.228682172950357, 5522226.090429640375078, 185.8 ], [ 336233.498230981756933, 5522241.367207244969904, 190.0 ], [ 336227.48531222390011, 5522249.561308947391808, 192.3 ], [ 336222.451151508605108, 5522259.172176098451018, 194.9 ], [ 336214.779538363567553, 5522279.099976141005754, 201.4 ], [ 336214.02522654668428, 5522289.804752831347287, 204.8 ], [ 336215.002036492049228, 5522295.894878982566297, 206.4 ], [ 336215.630398707580753, 5522299.992747171781957, 207.5 ], [ 336222.786533540464006, 5522317.57836355548352, 211.4 ], [ 336227.515121418051422, 5522326.336212239228189, 213.2 ], [ 336234.116691435861867, 5522335.148418947122991, 214.6 ], [ 336242.622607840457931, 5522342.678805636242032, 215.0 ], [ 336253.662175773410127, 5522350.688568957149982, 214.6 ], [ 336259.549931872054003, 5522354.960451719351113, 214.7 ], [ 336262.196041587798391, 5522356.771634351462126, 214.8 ], [ 336278.122332035563886, 5522371.642940827645361, 217.4 ], [ 336286.675408132665325, 5522380.72972799371928, 218.4 ], [ 336299.977130028360989, 5522399.241437413729727, 218.5 ], [ 336304.852720173308626, 5522408.106148895807564, 218.2 ], [ 336307.263187853386626, 5522416.3781244950369, 218.1 ], [ 336308.610925551620312, 5522427.575380278751254, 218.4 ], [ 336307.491183177917264, 5522435.732045596465468, 219.1 ], [ 336308.576308481453452, 5522452.500739998184144, 219.6 ], [ 336309.799106312508229, 5522459.584829456172884, 219.5 ], [ 336309.494979501818307, 5522466.158952065743506, 219.9 ], [ 336305.964193821710069, 5522475.501545663923025, 221.4 ], [ 336317.035302675445564, 5522512.996811092831194, 220.7 ], [ 336318.238822841551155, 5522517.077218044549227, 221.0 ], [ 336327.586058009997942, 5522549.95155172701925, 222.6 ], [ 336340.404894949053414, 5522583.388080289587379, 225.0 ], [ 336353.298869203368668, 5522616.933620600029826, 227.2 ], [ 336359.011399220267776, 5522629.66737652849406, 227.3 ], [ 336368.080427984416019, 5522655.762790397740901, 227.0 ], [ 336372.940490802517161, 5522675.977480873465538, 226.0 ], [ 336377.748172881780192, 5522706.319263477809727, 223.9 ], [ 336380.903448601660784, 5522717.795455632731318, 222.9 ], [ 336381.483702953206375, 5522729.794912185519934, 222.7 ], [ 336382.642873290227726, 5522749.009290128014982, 223.2 ], [ 336397.56478497479111, 5522771.143877577036619, 221.0 ], [ 336413.824411232955754, 5522787.563161275349557, 219.3 ], [ 336422.507987713324837, 5522793.864433227106929, 218.7 ], [ 336431.370131146919448, 5522798.936336832121015, 218.1 ], [ 336455.284688236890361, 5522809.114841463975608, 216.9 ], [ 336478.63511503895279, 5522817.307722493074834, 215.6 ], [ 336506.727774318889715, 5522832.366767099127173, 214.1 ], [ 336547.839122313656844, 5522859.048086715862155, 210.0 ], [ 336568.787274148315191, 5522871.097358570434153, 206.7 ], [ 336581.718335754354484, 5522879.829233476892114, 204.5 ], [ 336605.75921560509596, 5522896.569413325749338, 200.2 ], [ 336640.223275818803813, 5522924.788191749714315, 193.5 ], [ 336644.07555894140387, 5522930.791195467114449, 192.5 ], [ 336646.496569207403809, 5522937.060130330733955, 191.8 ], [ 336649.041142067871988, 5522949.778920638374984, 190.5 ], [ 336647.34250155283371, 5522950.720568762160838, 190.7 ], [ 336649.041142067871988, 5522949.778920638374984, 190.5 ], [ 336638.906610577716492, 5522971.561083631590009, 190.4 ], [ 336632.868173092952929, 5522983.649943873286247, 190.3 ], [ 336625.296280891052447, 5522995.006424953229725, 190.4 ], [ 336616.707718704361469, 5523006.059939434751868, 190.9 ], [ 336610.22671158623416, 5523013.043874893337488, 191.6 ], [ 336603.706428905483335, 5523023.478350304067135, 192.1 ], [ 336595.802134478115477, 5523035.735112239606678, 193.1 ], [ 336584.990655359812081, 5523063.657727800309658, 194.4 ], [ 336574.182670677662827, 5523091.691535336896777, 195.8 ], [ 336557.187400105991401, 5523136.380885969847441, 196.8 ], [ 336552.370534109999426, 5523150.769454226829112, 197.0 ], [ 336546.404563532094471, 5523169.977461483329535, 197.5 ], [ 336537.275665852241218, 5523210.645113517530262, 196.4 ], [ 336528.146930177463219, 5523251.312786256894469, 197.0 ], [ 336518.946460959792603, 5523291.982661258429289, 200.8 ], [ 336518.315208738902584, 5523294.89481449034065, 201.2 ], [ 336509.821423258108553, 5523332.761542370542884, 206.1 ], [ 336500.621279910614248, 5523373.431459186598659, 211.4 ], [ 336491.493193580594379, 5523414.099215009249747, 216.5 ], [ 336506.406875068554655, 5523419.432608913630247, 214.5 ], [ 336517.811223783239257, 5523425.317608820274472, 215.5 ], [ 336521.818298537982628, 5523429.312976494431496, 216.7 ], [ 336531.116593631915748, 5523444.052176748402417, 221.2 ], [ 336534.070973868947476, 5523444.185072148218751, 221.7 ], [ 336535.714405661157798, 5523443.801399583928287, 221.9 ], [ 336542.953104652930051, 5523440.466231832280755, 222.7 ], [ 336559.382845448853914, 5523431.73385261092335, 225.0 ], [ 336573.426654265844263, 5523422.628825497813523, 226.6 ], [ 336566.098234364239033, 5523434.868204818107188, 227.7 ], [ 336550.894401214667596, 5523457.917095189914107, 228.3 ], [ 336542.570947909029201, 5523475.305084063671529, 229.5 ], [ 336539.531581901712343, 5523488.972144437022507, 231.3 ], [ 336548.175415716599673, 5523482.145001693628728, 231.9 ], [ 336555.697030882874969, 5523473.905420859344304, 232.6 ], [ 336576.734178135578986, 5523443.892171112820506, 233.1 ], [ 336585.680277313222177, 5523435.164350790902972, 233.7 ], [ 336594.673610611294862, 5523427.992882125079632, 234.3 ], [ 336603.051358278375119, 5523419.50487045198679, 233.8 ], [ 336631.372865579440258, 5523399.507696133106947, 233.4 ], [ 336652.387241150136106, 5523390.080248694866896, 234.4 ], [ 336680.846116256958339, 5523384.099085185676813, 238.7 ], [ 336698.180508367251605, 5523381.459521583281457, 240.7 ], [ 336707.579582892591134, 5523378.170370684936643, 240.7 ], [ 336718.76369336177595, 5523372.04541234485805, 239.4 ], [ 336729.527715450618416, 5523363.930367826484144, 237.1 ], [ 336738.544934896286577, 5523357.537314690649509, 234.8 ], [ 336754.311223432421684, 5523355.390532096847892, 232.4 ], [ 336762.293734594830312, 5523357.596581264398992, 231.8 ], [ 336776.691560557112098, 5523367.285833519883454, 231.0 ], [ 336787.604728778940625, 5523375.967997170053422, 229.9 ], [ 336794.212117682094686, 5523382.666506443172693, 229.3 ], [ 336812.470537893357687, 5523401.029141671955585, 227.5 ], [ 336821.906294705695473, 5523413.205455364659429, 226.1 ], [ 336844.465432232129388, 5523442.898621928878129, 224.3 ], [ 336871.247737305006012, 5523481.365500774234533, 224.8 ], [ 336898.033042107941583, 5523519.943673515692353, 226.9 ], [ 336924.817980000574607, 5523558.521973242983222, 229.3 ], [ 336951.527295032690745, 5523596.991408878006041, 230.8 ], [ 336968.06671190157067, 5523620.413635491393507, 231.4 ], [ 336984.53073633974418, 5523643.726919033564627, 232.2 ], [ 336998.997258633491583, 5523669.993674026802182, 234.5 ], [ 337013.532175280619413, 5523696.147123745642602, 237.0 ], [ 337027.796643918496557, 5523715.743933463469148, 237.7 ], [ 337036.10388246725779, 5523723.949042617343366, 237.2 ], [ 337063.036264422815293, 5523746.055711532011628, 233.6 ], [ 337098.016121628577821, 5523774.929063690826297, 229.0 ], [ 337132.998966746614315, 5523803.913803064264357, 229.3 ], [ 337167.906188789755106, 5523832.789768689312041, 232.0 ], [ 337200.088662903115619, 5523854.849638900719583, 232.7 ], [ 337216.493886679934803, 5523864.368027117103338, 232.1 ], [ 337234.273645322653465, 5523876.515373792499304, 231.4 ], [ 337245.527710956288502, 5523884.631736902520061, 230.8 ], [ 337269.216160715091974, 5523901.830287546850741, 229.2 ], [ 337292.979703531076666, 5523919.137935158796608, 227.1 ], [ 337302.123993793735281, 5523928.875894724391401, 226.8 ], [ 337316.898728001920972, 5523951.128422120586038, 227.3 ], [ 337338.887786082806997, 5523993.080175523646176, 229.9 ], [ 337357.249778939818498, 5524015.001934396103024, 229.6 ], [ 337365.320271769189276, 5524022.547043136321008, 229.1 ], [ 337375.261166744399816, 5524027.699055069126189, 227.4 ], [ 337385.343863912741654, 5524030.398898297920823, 225.6 ], [ 337394.480027125740889, 5524030.345623776316643, 225.1 ], [ 337403.545719250512775, 5524027.957855728454888, 226.4 ], [ 337414.262849465711042, 5524023.072351014241576, 229.2 ], [ 337437.951967302535195, 5524009.338964362628758, 233.7 ], [ 337461.709734540665522, 5523995.492348402738571, 229.3 ], [ 337477.132649131934159, 5523986.793124501593411, 226.8 ], [ 337491.721264864783734, 5523976.672629985027015, 223.8 ], [ 337506.141225811385084, 5523968.115021488629282, 221.1 ], [ 337529.591270088800229, 5523948.825862762518227, 218.8 ], [ 337541.17278066574363, 5523941.577920343726873, 219.2 ], [ 337566.19750560290413, 5523938.709135818295181, 222.5 ], [ 337580.940965873305686, 5523938.487097817473114, 224.1 ], [ 337607.358713208290283, 5523941.251179016195238, 225.7 ], [ 337621.520693935104646, 5523945.608775870874524, 226.4 ], [ 337654.654864882351831, 5523963.525621544569731, 229.0 ], [ 337683.263341579644475, 5523981.690303650684655, 229.7 ], [ 337700.740664083510637, 5523993.403156985528767, 229.3 ], [ 337716.245055049075745, 5524001.726193959824741, 228.3 ], [ 337738.530314257717691, 5524015.408403226174414, 227.2 ], [ 337760.815458600409329, 5524029.090702506713569, 226.9 ], [ 337774.224933872465044, 5524037.143192240968347, 227.5 ], [ 337786.882038627169095, 5524044.105691369622946, 228.7 ], [ 337796.866510450083297, 5524065.057198481634259, 233.5 ], [ 337804.09568898670841, 5524080.528290336020291, 237.3 ], [ 337813.95618475752417, 5524097.366641841828823, 241.5 ], [ 337825.714299328043126, 5524122.270434583537281, 245.7 ], [ 337832.044214649184141, 5524146.113730615004897, 247.5 ], [ 337834.856430343817919, 5524158.268536867573857, 247.9 ], [ 337840.917825752345379, 5524204.262249991297722, 248.0 ], [ 337844.28833006718196, 5524215.843911658041179, 248.0 ], [ 337849.270361640141346, 5524228.378470339812338, 248.2 ], [ 337862.201480998075567, 5524249.241365069523454, 246.1 ], [ 337865.693732216372155, 5524252.919347777962685, 245.2 ], [ 337877.252036843565293, 5524264.032020464539528, 242.2 ], [ 337887.756987620145082, 5524268.834148378111422, 239.0 ], [ 337899.590874502435327, 5524272.372351952828467, 235.4 ], [ 337909.654458857083227, 5524276.854000696912408, 232.7 ], [ 337931.705737033043988, 5524289.987633255310357, 227.7 ], [ 337961.458430239639711, 5524317.577001737430692, 224.1 ], [ 337975.223043604637496, 5524335.077025633305311, 223.2 ], [ 337981.944889365404379, 5524350.452313076704741, 223.5 ], [ 337982.077001786965411, 5524357.235677534714341, 224.4 ], [ 337974.227179595211055, 5524383.28596649877727, 230.5 ], [ 337973.488401181180961, 5524392.209620957262814, 232.1 ], [ 337974.305934361938853, 5524402.644205499440432, 233.4 ], [ 337974.886110845254734, 5524414.754948860965669, 235.1 ], [ 337977.216465883888304, 5524425.255290023051202, 236.1 ], [ 337981.348804830457084, 5524433.476065088063478, 236.2 ], [ 337988.154060433385894, 5524442.061507199890912, 235.9 ], [ 338036.09786756685935, 5524445.403996325097978, 227.8 ], [ 338046.657486381242052, 5524449.648426757194102, 227.9 ], [ 338055.535433147917502, 5524455.389925075694919, 228.6 ], [ 338062.654826766927727, 5524460.071635571308434, 229.2 ], [ 338095.212575498968363, 5524487.688592378981411, 231.7 ], [ 338127.773333841352724, 5524515.416907204315066, 232.6 ], [ 338160.330418510595337, 5524543.034245458431542, 235.2 ], [ 338170.296285182470456, 5524549.077029637061059, 235.7 ], [ 338205.096557774348184, 5524565.166643674485385, 235.4 ], [ 338242.009189165313728, 5524589.315560791641474, 232.5 ], [ 338262.486890512693208, 5524607.616019985638559, 227.7 ], [ 338276.171271744475234, 5524624.89660729188472, 223.6 ], [ 338280.679092797217891, 5524633.662645547650754, 222.0 ], [ 338283.908031040569767, 5524645.360047547146678, 220.5 ], [ 338280.002688653883524, 5524659.051968657411635, 221.1 ], [ 338271.334074108104687, 5524698.589758021757007, 223.6 ], [ 338271.637882683658972, 5524708.705986887216568, 223.6 ], [ 338273.02827543427702, 5524716.675499195232987, 223.3 ], [ 338277.775034143356606, 5524726.213230412453413, 221.9 ], [ 338285.573942606686614, 5524736.771985791623592, 219.8 ], [ 338296.846217643993441, 5524748.005326579324901, 217.1 ], [ 338315.277506269922014, 5524760.470218828879297, 213.1 ], [ 338332.451665311586112, 5524774.19685348123312, 210.0 ], [ 338349.84136220155051, 5524787.917068636976182, 207.0 ], [ 338360.743691231240518, 5524834.767250198870897, 208.7 ], [ 338366.091624651744496, 5524849.961647423915565, 209.8 ], [ 338368.969390306854621, 5524859.555546293966472, 211.0 ], [ 338379.295069313957356, 5524872.820267893373966, 211.5 ], [ 338403.824711822380777, 5524889.553104732185602, 210.9 ], [ 338422.491226475103758, 5524897.894372864626348, 210.4 ], [ 338436.23392365622567, 5524900.37498664110899, 211.3 ], [ 338438.393464846769348, 5524900.421461623162031, 211.5 ], [ 338458.0127526599681, 5524906.953983074985445, 215.0 ], [ 338472.736803103296552, 5524906.178492358885705, 214.8 ], [ 338489.26992163923569, 5524898.561468963511288, 211.9 ], [ 338513.80558359855786, 5524877.129885550588369, 204.6 ], [ 338526.292035045218654, 5524871.303348799236119, 202.9 ], [ 338539.17891781689832, 5524874.032423042692244, 203.5 ], [ 338553.701787147088908, 5524880.940637877210975, 204.9 ], [ 338545.428790914360434, 5524890.535136178135872, 206.6 ], [ 338540.433045919518918, 5524906.262356271035969, 209.7 ], [ 338533.497397252474912, 5524934.064628385938704, 214.4 ], [ 338525.596017936943099, 5524958.446584553457797, 217.0 ], [ 338517.622846011479851, 5524982.830710013397038, 218.0 ], [ 338508.215264721657149, 5525012.153637608513236, 218.1 ], [ 338503.171611475292593, 5525023.876716211438179, 218.3 ], [ 338481.564209683099762, 5525056.569834173657, 220.6 ], [ 338477.760990405513439, 5525066.475454790517688, 220.1 ], [ 338475.684187641832978, 5525078.77717503439635, 218.6 ], [ 338473.984574370027985, 5525098.856305495835841, 215.6 ], [ 338472.986668729805388, 5525123.142552223056555, 212.0 ], [ 338475.921290814643726, 5525151.42772800847888, 207.9 ], [ 338478.859228950575925, 5525179.824073310941458, 205.9 ], [ 338485.402463795850053, 5525206.109456325881183, 206.1 ], [ 338491.873775868734811, 5525232.397002679295838, 208.3 ], [ 338497.986046550795436, 5525253.910822343081236, 208.7 ], [ 338493.780976560432464, 5525252.813012696802616, 209.2 ], [ 338491.059616584680043, 5525258.012947439216077, 209.7 ], [ 338495.994159296154976, 5525271.439565423876047, 210.1 ], [ 338503.512965397094376, 5525279.892903845757246, 211.6 ], [ 338514.991542995092459, 5525283.665521549992263, 212.4 ], [ 338555.56784103740938, 5525293.464180650189519, 213.6 ], [ 338563.70520815171767, 5525298.561026775278151, 214.8 ], [ 338573.904442165163346, 5525310.049576626159251, 217.5 ], [ 338584.659605822642334, 5525328.086254405789077, 221.0 ], [ 338593.214769547921605, 5525332.725546294823289, 221.5 ], [ 338606.419878046785016, 5525334.109976907260716, 221.8 ], [ 338632.75200769607909, 5525331.874243163503706, 221.8 ], [ 338670.646782089257613, 5525326.621751661412418, 220.9 ], [ 338708.613484834379051, 5525321.367375447414815, 220.1 ], [ 338726.266332807252184, 5525319.948447931557894, 220.0 ], [ 338752.558023835765198, 5525321.163800556212664, 220.5 ], [ 338778.924893010873348, 5525322.488296821713448, 220.9 ], [ 338791.646851856377907, 5525324.555250020697713, 221.4 ], [ 338801.750987221195828, 5525330.48369210306555, 222.6 ], [ 338819.952287151361816, 5525352.192220943979919, 224.6 ], [ 338824.201809223101009, 5525357.183297719806433, 225.1 ], [ 338822.202200657688081, 5525362.472714067436755, 225.0 ], [ 338812.875472219544463, 5525368.092750251293182, 225.2 ], [ 338801.710173113970086, 5525374.769254389218986, 225.4 ], [ 338840.886420853494201, 5525383.499245489016175, 222.9 ], [ 338866.934186600730754, 5525393.401275663636625, 220.7 ], [ 338899.137088911258616, 5525404.676988987252116, 218.1 ], [ 338924.415359622857068, 5525417.717789325863123, 214.8 ], [ 338932.369829614064656, 5525423.933307793922722, 213.5 ], [ 338942.824269046424888, 5525431.965592128224671, 212.2 ], [ 338953.327066006837413, 5525451.234420438297093, 209.4 ], [ 338963.668683038908057, 5525474.736234593205154, 207.9 ], [ 338969.431537970958743, 5525494.258132488466799, 207.3 ], [ 338970.72156172990799, 5525506.12512150965631, 207.2 ], [ 338969.962783152936026, 5525516.829452413134277, 207.6 ], [ 338964.430992845213041, 5525526.675143851898611, 208.2 ], [ 338956.757320359465666, 5525532.245495488867164, 208.6 ], [ 338934.873071816691663, 5525536.46069900598377, 209.4 ], [ 338923.300804919272196, 5525539.143523256294429, 210.1 ], [ 338919.959743146202527, 5525540.467422840185463, 210.4 ], [ 338918.503798975842074, 5525542.291257651522756, 210.6 ], [ 338921.579262568207923, 5525551.32314385753125, 211.8 ], [ 338925.57897861150559, 5525559.993577777408063, 213.1 ], [ 338935.984738211031072, 5525556.789318435825408, 212.3 ], [ 338964.914966789481696, 5525552.474624084308743, 210.8 ], [ 338992.906895253923722, 5525552.861363031901419, 209.9 ], [ 339020.895488267182373, 5525553.137079765088856, 210.2 ], [ 339045.867827814887278, 5525551.166508695110679, 210.7 ], [ 339086.659145480021834, 5525546.609153358265758, 208.8 ], [ 339127.378651802137028, 5525542.054255823604763, 206.6 ], [ 339168.170076261973009, 5525537.49752077832818, 205.9 ], [ 339182.043306267180014, 5525537.194366537034512, 205.7 ], [ 339215.237240772577934, 5525540.764881076291203, 205.8 ], [ 339241.680321594583802, 5525547.096307479776442, 206.2 ], [ 339244.86892184743192, 5525547.891231772489846, 206.2 ], [ 339268.126653227896895, 5525553.539030105806887, 206.5 ], [ 339278.712829814758152, 5525551.553990611806512, 205.8 ], [ 339291.609674065141007, 5525545.049328801222146, 204.4 ], [ 339307.107115258113481, 5525553.376814653165638, 205.2 ], [ 339334.388080764329061, 5525563.689278266392648, 206.0 ], [ 339361.668936536007095, 5525574.001878011971712, 206.7 ], [ 339373.790776939829811, 5525580.093668370507658, 207.3 ], [ 339399.218489873339422, 5525588.570207911543548, 207.4 ], [ 339424.721297526266426, 5525597.155890172347426, 207.0 ], [ 339444.963625884032808, 5525603.005636698566377, 206.4 ], [ 339450.680653154209722, 5525604.170342271216214, 206.1 ], [ 339454.66300051449798, 5525605.052983277477324, 205.8 ], [ 339492.739677329256665, 5525608.368304096162319, 204.1 ], [ 339522.313178758369759, 5525611.158483921550214, 204.4 ], [ 339546.81642500218004, 5525612.764736888930202, 204.6 ], [ 339572.532410744577646, 5525616.449024120345712, 204.6 ], [ 339598.179803879465908, 5525620.24674226064235, 204.2 ], [ 339623.892395170987584, 5525623.82010556012392, 204.0 ], [ 339643.613787904498167, 5525626.681908551603556, 203.8 ], [ 339689.044334347941913, 5525633.00628815125674, 203.4 ], [ 339702.99937001359649, 5525591.978563421405852, 201.1 ], [ 339703.571416862308979, 5525584.61795605532825, 200.7 ], [ 339698.844423964153975, 5525575.634865304455161, 200.8 ], [ 339689.089695504517294, 5525557.232584223151207, 200.9 ], [ 339679.14151940937154, 5525537.167084041051567, 200.8 ], [ 339665.337516225525178, 5525505.978529858402908, 200.3 ], [ 339654.101632903213613, 5525476.493780177086592, 199.8 ], [ 339647.101646647788584, 5525461.236242919228971, 199.5 ], [ 339635.595051506650634, 5525425.083607559092343, 198.1 ], [ 339633.617630704306066, 5525414.238406270742416, 197.6 ], [ 339626.935407176031731, 5525409.65299286134541, 197.3 ], [ 339614.303878934821114, 5525379.208485121838748, 196.3 ], [ 339601.672220579755958, 5525348.764005298726261, 195.7 ], [ 339589.226548699545674, 5525310.080298404209316, 194.9 ], [ 339576.006729873653967, 5525271.976011375896633, 193.6 ], [ 339562.855300801573321, 5525233.758445741608739, 192.1 ], [ 339549.631836496875621, 5525195.543051976710558, 190.5 ], [ 339546.453302566311322, 5525187.849124768748879, 190.1 ], [ 339544.664482137770392, 5525183.34051020257175, 189.9 ] ] ] } },
{ "type": "Feature", "properties": { "name": "Rundweg zu den Narzissen", "km": 11.295, "darstell": "finished" }, "geometry": { "type": "MultiLineString", "coordinates": [ [ [ 338434.570090507739224, 5499765.460583940148354, 481.4 ], [ 338442.380684588628355, 5499760.777617018669844, 480.9 ], [ 338467.295849441085011, 5499745.572021630592644, 480.6 ], [ 338444.625438405899331, 5499731.782604917883873, 479.7 ], [ 338435.896332743635867, 5499725.032885868102312, 479.5 ], [ 338429.895193746022414, 5499720.093440452590585, 479.4 ], [ 338425.374625621829182, 5499716.333816038444638, 479.4 ], [ 338409.704983349365648, 5499702.224892822094262, 479.3 ], [ 338379.612881536362693, 5499674.637610985897481, 479.5 ], [ 338349.448267245781608, 5499647.052640799432993, 480.5 ], [ 338341.631156877905596, 5499639.385803521610796, 480.8 ], [ 338327.873715431836899, 5499621.54849017970264, 480.9 ], [ 338308.542717354604974, 5499603.432170948013663, 481.5 ], [ 338283.267111341818236, 5499584.714168847538531, 483.0 ], [ 338256.301976760732941, 5499569.940802817232907, 485.1 ], [ 338229.333379397692624, 5499555.056404069066048, 486.3 ], [ 338207.367787709808908, 5499543.138368680141866, 486.2 ], [ 338161.671478348900564, 5499523.138099881820381, 486.0 ], [ 338116.673735445132479, 5499502.338528475724161, 487.3 ], [ 338075.707002596638631, 5499483.421801395714283, 488.3 ], [ 338034.743290978425648, 5499464.616541474126279, 489.2 ], [ 338003.181765390851069, 5499450.871606970205903, 489.3 ], [ 337971.616755857598037, 5499437.015689019113779, 488.9 ], [ 337940.051578999438789, 5499423.159951345995069, 487.9 ], [ 337921.331870163441636, 5499413.48263649828732, 487.2 ], [ 337893.48250398831442, 5499400.628847356885672, 485.9 ], [ 337865.629681361373514, 5499387.664034743793309, 484.4 ], [ 337845.103528672945686, 5499375.59313790127635, 483.5 ], [ 337812.111594500951469, 5499357.552735917270184, 482.3 ], [ 337779.119436118926387, 5499339.512530108913779, 482.6 ], [ 337746.127053528092802, 5499321.472520475275815, 484.0 ], [ 337713.134446729440242, 5499303.432707019150257, 487.3 ], [ 337685.42177466256544, 5499290.353319338522851, 490.0 ], [ 337679.794741040212102, 5499288.296299519948661, 490.5 ], [ 337662.409020855964627, 5499284.588149813003838, 491.8 ], [ 337625.373557874117978, 5499288.477298622950912, 493.9 ], [ 337588.410350116493646, 5499292.364540750160813, 495.8 ], [ 337542.889218424505088, 5499295.284226075746119, 496.4 ], [ 337497.440331061021425, 5499298.202132397331297, 496.5 ], [ 337450.494928693049587, 5499301.832808218896389, 496.5 ], [ 337403.474023938877508, 5499305.354890435002744, 496.6 ], [ 337356.525374156539328, 5499308.875217586755753, 496.5 ], [ 337312.724237845162861, 5499311.300260114483535, 495.7 ], [ 337268.923122433945537, 5499313.7256567357108, 494.2 ], [ 337225.122027923702262, 5499316.151407449506223, 493.5 ], [ 337181.974221709999256, 5499318.669183574616909, 493.2 ], [ 337138.829772618017159, 5499321.298466911539435, 493.0 ], [ 337095.685347619175445, 5499323.928093889728189, 493.4 ], [ 337052.540946714114398, 5499326.558064507320523, 495.1 ], [ 337044.439546460809652, 5499326.35617917124182, 495.4 ], [ 337042.493084529414773, 5499326.525869145058095, 495.5 ], [ 337027.57466201740317, 5499327.975066924467683, 496.2 ], [ 336999.984076780092437, 5499326.244329168461263, 497.2 ], [ 336996.799950979708228, 5499326.117404896765947, 497.3 ], [ 336962.227870403265115, 5499325.375329680740833, 498.8 ], [ 336927.655769021599554, 5499324.63347433321178, 500.2 ], [ 336884.391145575908013, 5499323.262895161285996, 500.8 ], [ 336841.19535652094055, 5499321.779326326213777, 500.8 ], [ 336797.930653016723227, 5499320.40943494066596, 500.1 ], [ 336754.662567251594737, 5499318.928724243305624, 498.4 ], [ 336744.13457077043131, 5499317.353820537216961, 497.8 ], [ 336730.768789284338709, 5499312.748887316323817, 496.7 ], [ 336720.41395331081003, 5499309.722388442605734, 496.1 ], [ 336687.31795084325131, 5499295.585970440879464, 494.1 ], [ 336654.221768977178726, 5499281.449750676751137, 492.5 ], [ 336615.741879825247452, 5499261.356215325184166, 490.6 ], [ 336591.805282844812609, 5499244.163104992359877, 489.0 ], [ 336571.332968894159421, 5499229.202355291694403, 487.8 ], [ 336550.860541752073914, 5499214.241680633276701, 486.8 ], [ 336528.819318993715569, 5499199.995899426750839, 486.4 ], [ 336504.655480144137982, 5499182.476195901632309, 485.9 ], [ 336480.488136657862924, 5499164.845433522947133, 485.3 ], [ 336451.75609634781722, 5499144.45940400287509, 484.0 ], [ 336423.023839158588089, 5499124.073522394523025, 482.5 ], [ 336410.395144709036686, 5499112.771272307261825, 481.7 ], [ 336393.98988301033387, 5499093.6830831207335, 480.3 ], [ 336385.102618602104485, 5499086.607452457770705, 479.8 ], [ 336378.993508000334259, 5499075.776386747136712, 479.1 ], [ 336354.060992215585429, 5499037.585295005701482, 476.7 ], [ 336337.606906942441128, 5499014.493210379034281, 475.8 ], [ 336327.525570230034646, 5499003.781933184713125, 475.6 ], [ 336320.220200149458833, 5498996.43618234153837, 475.5 ], [ 336293.629805494099855, 5498975.207503600046039, 475.9 ], [ 336267.035851198888849, 5498953.867787807248533, 477.0 ], [ 336228.487181271309964, 5498924.432667825371027, 478.0 ], [ 336189.865872490219772, 5498894.999992464669049, 478.4 ], [ 336151.244144806521945, 5498865.567583852447569, 478.9 ], [ 336112.694219782424625, 5498836.133262106217444, 479.4 ], [ 336074.068298667669296, 5498806.590223199687898, 479.4 ], [ 336038.774151004618034, 5498782.065003758296371, 478.3 ], [ 336003.410817226045765, 5498757.653352164663374, 476.6 ], [ 335989.974178046686575, 5498748.379162970930338, 476.1 ], [ 335965.961114890291356, 5498731.190912883728743, 475.8 ], [ 335941.951257655397058, 5498714.113929329439998, 475.9 ], [ 335916.038246627198532, 5498693.867875875905156, 475.8 ], [ 335890.197266377159394, 5498673.619759619235992, 475.0 ], [ 335856.754017390543595, 5498645.813021061941981, 473.2 ], [ 335836.455417474615388, 5498627.177841234952211, 471.7 ], [ 335816.156679878244177, 5498608.542734718881547, 470.0 ], [ 335780.846624935977161, 5498583.574491791427135, 466.9 ], [ 335759.954665906727314, 5498566.849021551199257, 465.7 ], [ 335738.965204259846359, 5498551.684283654205501, 464.9 ], [ 335721.103109474293888, 5498534.756035344675183, 464.2 ], [ 335715.254269069759175, 5498527.812024384737015, 463.9 ], [ 335686.592612958163954, 5498490.849127335473895, 461.4 ], [ 335676.896898781822529, 5498476.233006944879889, 460.3 ], [ 335655.373943364189472, 5498450.625798319466412, 458.4 ], [ 335633.847426317748614, 5498424.907508303411305, 456.7 ], [ 335612.392938970064279, 5498399.187113660387695, 454.8 ], [ 335588.34970003424678, 5498371.542398379184306, 452.9 ], [ 335569.135695337317884, 5498348.202155526727438, 451.8 ], [ 335555.909765977179632, 5498324.458115161396563, 450.8 ], [ 335547.30147105420474, 5498302.799569072201848, 449.9 ], [ 335546.087997518887278, 5498291.376013398170471, 449.4 ], [ 335547.805329069145955, 5498274.077923133037984, 448.4 ], [ 335549.672614610288292, 5498264.118787802755833, 447.8 ], [ 335553.409317775862291, 5498251.432684725150466, 447.0 ], [ 335563.450945674267132, 5498222.533510961569846, 445.2 ], [ 335573.423827298625838, 5498193.747709237039089, 444.1 ], [ 335574.296801432967186, 5498184.3750170012936, 444.1 ], [ 335578.517497002496384, 5498173.343260712921619, 443.8 ], [ 335585.45711745263543, 5498149.433720382861793, 443.2 ], [ 335586.455220245115925, 5498122.699904787354171, 443.2 ], [ 335585.135447229491547, 5498100.598125156015158, 443.2 ], [ 335583.975400109018665, 5498081.384400443173945, 443.1 ], [ 335578.006094231735915, 5498063.317656045779586, 444.0 ], [ 335576.651079409057274, 5498042.4408601494506, 443.5 ], [ 335578.223942089010961, 5498020.362776024267077, 441.9 ], [ 335578.15614748664666, 5498008.570740440860391, 441.0 ], [ 335574.137544520141091, 5498000.01373150665313, 441.2 ], [ 335557.427932560676709, 5497963.913447380065918, 440.7 ], [ 335542.61719951138366, 5497942.776483273133636, 439.5 ], [ 335525.621250062133186, 5497928.270364009775221, 439.1 ], [ 335490.106055110925809, 5497908.65067489258945, 438.8 ], [ 335454.518363553681411, 5497889.03340123500675, 437.0 ], [ 335415.988249284855556, 5497860.604299133643508, 433.8 ], [ 335389.965308112325147, 5497841.698982595466077, 433.6 ], [ 335363.945554639794864, 5497822.904950280673802, 433.8 ], [ 335350.58791226753965, 5497813.963580312207341, 433.7 ], [ 335314.136082430370152, 5497799.269034386612475, 433.9 ], [ 335277.684046323527582, 5497784.57472899928689, 433.1 ], [ 335263.241189627442509, 5497778.003043589182198, 432.6 ], [ 335241.957535875611939, 5497769.969915512949228, 432.3 ], [ 335228.315935215272475, 5497763.596544627100229, 432.1 ], [ 335194.547673555731308, 5497746.818583047948778, 431.8 ], [ 335185.813256003311835, 5497742.521729388274252, 431.7 ], [ 335164.090784310305025, 5497720.037711208686233, 429.1 ], [ 335147.644022817956284, 5497704.625900277867913, 427.2 ], [ 335124.539236392825842, 5497686.634594504721463, 425.2 ], [ 335097.921663438901305, 5497669.640145937912166, 424.0 ], [ 335071.372784192324616, 5497652.532468168064952, 423.7 ], [ 335035.683895571157336, 5497617.788744110614061, 421.7 ], [ 334999.991180903511122, 5497582.934083234518766, 418.0 ], [ 334999.767711841559503, 5497582.718340334482491, 418.0 ], [ 334981.366252813255414, 5497567.255100497975945, 416.8 ], [ 334949.758250414975919, 5497540.732830769382417, 415.6 ], [ 334929.26754521834664, 5497520.771346672438085, 413.9 ], [ 334907.215738129569218, 5497499.410925266332924, 411.5 ], [ 334885.16038136347197, 5497477.939427292905748, 409.2 ], [ 334863.627431669447105, 5497457.008457417599857, 408.1 ], [ 334841.930824430077337, 5497433.078368237242103, 407.3 ], [ 334833.552583958895411, 5497423.875523713417351, 406.9 ], [ 334812.490730944322422, 5497408.938759302720428, 406.3 ], [ 334806.890994758694433, 5497407.885121515952051, 406.3 ], [ 334798.962642454891466, 5497406.345976838842034, 406.0 ], [ 334796.124960860644933, 5497405.764681196771562, 405.9 ], [ 334775.907299292390235, 5497413.834378543309867, 405.8 ], [ 334736.231476486369502, 5497438.295833783224225, 405.3 ], [ 334702.172856437624432, 5497457.245906766504049, 404.0 ], [ 334677.604184732655995, 5497464.892060018144548, 402.1 ], [ 334661.659397186012939, 5497466.044946246780455, 399.9 ], [ 334653.827001792029478, 5497465.281955399550498, 398.5 ], [ 334644.083698686386924, 5497461.127902438864112, 396.0 ], [ 334651.650992022710852, 5497455.556795368902385, 395.5 ], [ 334693.433643643627875, 5497433.812228144146502, 396.3 ], [ 334706.499531056673732, 5497418.838816924951971, 395.1 ], [ 334721.544535312277731, 5497395.237760997377336, 393.2 ], [ 334739.231529657670762, 5497358.649553178809583, 389.9 ], [ 334750.563931368640624, 5497343.729001767002046, 389.2 ], [ 334770.98446253198199, 5497323.302559795789421, 388.4 ], [ 334777.935709905927069, 5497318.863040899857879, 388.4 ], [ 334794.515463453019038, 5497314.798301743343472, 388.9 ], [ 334809.090227222302929, 5497316.135334421880543, 389.5 ], [ 334823.137745087151416, 5497319.157421828247607, 389.6 ], [ 334835.432424020487815, 5497319.228665431961417, 388.8 ], [ 334848.435169762466103, 5497314.048926602117717, 387.2 ], [ 334871.84047922375612, 5497296.647585613653064, 384.4 ], [ 334886.226544304925483, 5497284.638693857938051, 383.2 ], [ 334900.02329993492458, 5497274.65053357090801, 382.6 ], [ 334903.297086095088162, 5497270.545479613356292, 382.4 ], [ 334912.472441269434057, 5497263.14564620796591, 382.2 ], [ 334932.011027378728613, 5497258.880159568972886, 382.5 ], [ 334952.559722425066866, 5497256.920631155371666, 383.0 ], [ 334960.051399179152213, 5497258.362009050324559, 383.2 ], [ 334976.093414764967747, 5497262.770352241583169, 383.6 ], [ 334980.327396181994118, 5497264.0881876507774, 383.6 ], [ 334973.187424954492599, 5497255.181311952881515, 383.2 ], [ 334973.286571651929989, 5497244.163018773309886, 382.6 ], [ 334992.118945602327585, 5497223.785717807710171, 380.3 ], [ 334999.340548771666363, 5497216.334120031446218, 378.7 ], [ 334999.98398706340231, 5497216.092046275734901, 378.6 ], [ 335025.733713649213314, 5497209.190425693057477, 376.6 ], [ 335048.859753279713914, 5497206.374147458001971, 375.1 ], [ 335064.930201870156452, 5497209.335443236865103, 374.7 ], [ 335080.234948776313104, 5497215.657990868203342, 374.6 ], [ 335064.930201870156452, 5497209.335443236865103, 374.7 ], [ 335048.859753279713914, 5497206.374147458001971, 375.1 ], [ 335025.733713649213314, 5497209.190425693057477, 376.6 ], [ 334999.98398706340231, 5497216.092046275734901, 378.6 ], [ 334999.340548771666363, 5497216.334120031446218, 378.7 ], [ 334992.118945602327585, 5497223.785717807710171, 380.3 ], [ 334973.286571651929989, 5497244.163018773309886, 382.6 ], [ 334973.187424954492599, 5497255.181311952881515, 383.2 ], [ 334980.327396181994118, 5497264.0881876507774, 383.6 ], [ 334999.970044381101616, 5497270.390003527514637, 383.9 ], [ 335011.285829479456879, 5497273.940610418096185, 384.0 ], [ 335038.951367157394998, 5497284.894583360292017, 384.1 ], [ 335066.751788895868231, 5497300.295211222954094, 384.2 ], [ 335093.830247661680914, 5497320.502299518324435, 384.3 ], [ 335119.757996663916856, 5497343.303541262634099, 384.6 ], [ 335141.832540991017595, 5497360.658565795980394, 384.7 ], [ 335163.834703264059499, 5497378.01586941909045, 384.8 ], [ 335189.816725201904774, 5497395.475038006901741, 384.9 ], [ 335222.322934147436172, 5497420.636248822323978, 385.1 ], [ 335254.753230497124605, 5497445.688676323741674, 385.0 ], [ 335287.186598550877534, 5497470.852454686537385, 385.0 ], [ 335317.183304495119955, 5497491.973472657613456, 385.0 ], [ 335343.087196009990294, 5497511.660993782803416, 384.9 ], [ 335366.025726009509526, 5497531.32723805308342, 384.6 ], [ 335391.911287041555624, 5497557.580169564113021, 382.6 ], [ 335397.022639135539066, 5497568.774317291565239, 381.8 ], [ 335400.366932140372228, 5497583.693762420676649, 382.0 ], [ 335403.669655315112323, 5497604.400252954103053, 383.4 ], [ 335409.455030660028569, 5497621.137239448726177, 384.4 ], [ 335419.756161851226352, 5497638.961320179514587, 384.2 ], [ 335449.655109884566627, 5497675.99686340149492, 381.2 ], [ 335479.550296394620091, 5497712.921401138417423, 381.4 ], [ 335509.448456001118757, 5497749.957259452901781, 382.4 ], [ 335527.454724528826773, 5497766.769325981847942, 383.1 ], [ 335547.601029172539711, 5497782.626532298512757, 384.1 ], [ 335588.600167177384719, 5497806.64248504769057, 383.9 ], [ 335629.671171157970093, 5497830.65655404701829, 383.6 ], [ 335643.354048483539373, 5497836.028265583328903, 383.3 ], [ 335675.409865450230427, 5497844.070799758657813, 382.4 ], [ 335707.443781789625064, 5497853.783152554184198, 381.9 ], [ 335732.541226496396121, 5497856.473259085789323, 380.8 ], [ 335751.806081907299813, 5497857.55962043069303, 380.0 ], [ 335761.740854116913397, 5497856.146550877019763, 379.6 ], [ 335801.779041913745459, 5497855.603591297753155, 379.9 ], [ 335843.755798728496302, 5497861.789480828680098, 381.6 ], [ 335883.284816209343262, 5497875.50438027177006, 383.1 ], [ 335920.888452014420182, 5497892.504394554533064, 384.0 ], [ 335958.564077727554832, 5497909.502482702955604, 384.2 ], [ 335980.480706262984313, 5497928.979463838972151, 384.5 ], [ 335999.222135480027646, 5497953.448041152209044, 385.4 ], [ 336018.032278644735925, 5497977.803336217068136, 386.1 ], [ 336032.798985534580424, 5497999.944204244762659, 386.3 ], [ 336043.329281008220278, 5498015.870919574983418, 386.1 ], [ 336061.416704628732987, 5498040.248163809068501, 386.1 ], [ 336075.681002623052336, 5498057.73119080811739, 387.2 ], [ 336096.019383185193874, 5498075.25346614792943, 388.4 ], [ 336127.247578461421654, 5498096.675264051184058, 388.9 ], [ 336141.302025583339855, 5498104.818568408489227, 388.6 ], [ 336168.369643119513057, 5498115.350943589583039, 387.7 ], [ 336195.509381563926581, 5498125.88127291854471, 387.7 ], [ 336221.162645272212103, 5498132.673572280444205, 388.3 ], [ 336246.891421939712018, 5498139.574976773932576, 389.9 ], [ 336260.337905569351278, 5498141.95116279181093, 390.9 ], [ 336282.757739967666566, 5498144.613190132193267, 392.3 ], [ 336302.523633188859094, 5498145.575074764899909, 393.0 ], [ 336324.478816108428873, 5498140.017725652083755, 391.9 ], [ 336336.429336320026778, 5498133.538046830333769, 390.7 ], [ 336347.405498239677399, 5498128.311662450432777, 389.9 ], [ 336366.918774283956736, 5498118.488771472126245, 389.3 ], [ 336378.138479726796504, 5498114.145227666012943, 389.8 ], [ 336392.582790684420615, 5498116.046622059307992, 391.5 ], [ 336396.106809581280686, 5498117.831952729262412, 392.1 ], [ 336399.850867759203538, 5498119.721921316348016, 392.8 ], [ 336405.114647514652461, 5498126.461735640652478, 394.3 ], [ 336412.49988983059302, 5498150.828648022376001, 398.5 ], [ 336415.099228323786519, 5498160.319066968746483, 400.2 ], [ 336420.130491503921803, 5498156.940862257033587, 401.0 ], [ 336422.477755853324197, 5498150.861900460906327, 400.8 ], [ 336422.974303349561524, 5498140.944438648410141, 399.7 ], [ 336429.379461622214876, 5498123.171793760731816, 399.0 ], [ 336456.597812311258167, 5498100.321808421984315, 401.8 ], [ 336483.744160799949896, 5498077.474139837548137, 402.3 ], [ 336506.085489471850451, 5498063.116065357811749, 401.8 ], [ 336513.643625990254804, 5498057.214080230332911, 401.3 ], [ 336547.381491397041827, 5498025.155961171723902, 397.3 ], [ 336563.442326296120882, 5498011.098424944095314, 395.6 ], [ 336574.78209010354476, 5498003.525040406733751, 394.7 ], [ 336588.268150155956391, 5498000.003868135623634, 394.4 ], [ 336591.209616917185485, 5497999.247783284634352, 394.3 ], [ 336600.196553371031769, 5497999.978773678652942, 394.3 ], [ 336605.56182728742715, 5498000.484942224808037, 394.4 ], [ 336613.211787562118843, 5498000.032273794524372, 394.3 ], [ 336633.275714491843246, 5497998.872404543682933, 394.2 ], [ 336642.281378036248498, 5497997.822679279372096, 394.1 ], [ 336671.926813979225699, 5497997.932464395649731, 394.4 ], [ 336700.029361552326009, 5497992.414347873069346, 394.8 ], [ 336728.131959030288272, 5497986.896377974189818, 395.8 ], [ 336764.979379282798618, 5497983.674788247793913, 396.2 ], [ 336791.443275784840807, 5497983.769587021321058, 396.2 ], [ 336817.907164690084755, 5497983.864514664746821, 397.3 ], [ 336862.082296787237283, 5497979.088264318183064, 399.4 ], [ 336906.25748815771658, 5497974.312374825589359, 400.1 ], [ 336952.394004389760084, 5497965.027427066117525, 400.6 ], [ 337000.013180633075535, 5497959.370075843296945, 402.5 ], [ 337014.853141140192747, 5497957.589563493616879, 403.2 ], [ 337026.926056718046311, 5497957.561072643846273, 404.0 ], [ 337068.022157566971146, 5497953.769013955257833, 406.8 ], [ 337109.19053287897259, 5497949.975100973621011, 410.3 ], [ 337131.32497678900836, 5497945.52834933064878, 412.1 ], [ 337157.083350670989603, 5497938.970294486731291, 414.0 ], [ 337182.769547685282305, 5497932.41452853847295, 415.8 ], [ 337219.727535528480075, 5497925.632313322275877, 418.7 ], [ 337226.556388714583591, 5497924.315018811263144, 419.2 ], [ 337240.166242993902415, 5497924.908522910438478, 420.6 ], [ 337254.583983123069629, 5497925.922905733808875, 422.0 ], [ 337265.424602627404965, 5497923.372819806449115, 422.6 ], [ 337293.821277566836216, 5497920.408060899935663, 424.3 ], [ 337325.049413319677114, 5497920.251485764048994, 426.6 ], [ 337348.278604841791093, 5497918.554420217871666, 428.2 ], [ 337383.164013633271679, 5497917.398551186546683, 429.5 ], [ 337405.984096194326412, 5497918.940610349178314, 430.8 ], [ 337435.130322832963429, 5497926.524139870889485, 432.6 ], [ 337468.868021154194139, 5497937.753360101021826, 433.2 ], [ 337502.605571372318082, 5497948.982786991633475, 433.2 ], [ 337514.02024260914186, 5497953.536851702257991, 433.3 ], [ 337539.150998065189924, 5497962.242420091293752, 432.8 ], [ 337564.353900933987461, 5497970.94594276510179, 430.8 ], [ 337597.14624871261185, 5497984.429461725987494, 427.7 ], [ 337631.879608526127413, 5497999.969135356135666, 425.6 ], [ 337650.712452913459856, 5498008.418432518839836, 424.2 ], [ 337662.801225456409156, 5498025.859128937125206, 426.2 ], [ 337670.024550208239816, 5498035.323087906464934, 427.3 ], [ 337677.194691807846539, 5498043.008440565317869, 428.1 ], [ 337684.689426206867211, 5498049.460210410878062, 428.6 ], [ 337692.364293922204524, 5498054.682716127485037, 428.7 ], [ 337700.324750492931344, 5498059.785434757359326, 428.9 ], [ 337709.059806061035488, 5498064.197441155090928, 428.8 ], [ 337722.20095669280272, 5498068.477806101553142, 428.2 ], [ 337761.119503306341358, 5498074.102093348279595, 425.5 ], [ 337794.857234362978488, 5498080.548961034044623, 424.1 ], [ 337835.551496663421858, 5498085.119374779984355, 421.7 ], [ 337869.416917718830518, 5498091.006571238860488, 421.1 ], [ 337912.465529508015607, 5498096.953682323917747, 421.7 ], [ 337955.5140302128857, 5498102.901132522150874, 423.2 ], [ 337969.845573574653827, 5498103.47490160446614, 423.4 ], [ 338005.912655018037185, 5498105.625588916242123, 424.0 ], [ 338041.611211939714849, 5498105.117206122726202, 423.9 ], [ 338070.8395155336475, 5498108.251104002818465, 424.3 ], [ 338099.998860765714198, 5498111.498475204221904, 424.1 ], [ 338120.369227504357696, 5498115.786802228540182, 424.2 ], [ 338160.714204956835601, 5498130.494898901320994, 424.5 ], [ 338187.058915920555592, 5498143.617682064883411, 424.1 ], [ 338214.106550897296984, 5498158.499842073768377, 422.9 ], [ 338242.894170635961927, 5498173.552828210406005, 420.7 ], [ 338262.839222539681941, 5498185.420167854987085, 419.6 ], [ 338298.357718734070659, 5498203.165798588655889, 418.5 ], [ 338328.428434429108165, 5498217.624699681065977, 419.1 ], [ 338358.426755999273155, 5498232.085913914255798, 420.4 ], [ 338399.756535586551763, 5498253.219596295617521, 421.4 ], [ 338421.487340964493342, 5498266.814541134983301, 422.1 ], [ 338448.633421191363595, 5498287.480501644313335, 423.4 ], [ 338473.735822240298148, 5498317.219595153816044, 425.1 ], [ 338481.973871296853758, 5498336.556679879315197, 426.2 ], [ 338484.654940363368951, 5498346.490517562255263, 426.7 ], [ 338485.867293488176074, 5498350.793677223846316, 426.8 ], [ 338487.838285661186092, 5498356.298155766911805, 426.8 ], [ 338491.829082697862759, 5498381.102148734033108, 427.1 ], [ 338495.819852405227721, 5498405.906144714914262, 426.4 ], [ 338492.456231258809566, 5498428.926151921972632, 426.5 ], [ 338475.74055988912005, 5498467.252410045824945, 427.5 ], [ 338459.097368556074798, 5498505.576578108593822, 427.4 ], [ 338442.382206197362393, 5498543.902953027747571, 427.4 ], [ 338427.490575586562045, 5498573.051643377169967, 427.9 ], [ 338415.803434751695022, 5498602.995123715139925, 428.5 ], [ 338406.236828738241456, 5498631.317861834540963, 429.2 ], [ 338401.06271847942844, 5498659.064850646071136, 429.5 ], [ 338395.105205009342171, 5498677.489143502898514, 430.0 ], [ 338372.57086709671421, 5498716.990348222665489, 432.5 ], [ 338357.285365002695471, 5498742.590617150999606, 434.7 ], [ 338341.927792505710386, 5498768.193083289079368, 436.4 ], [ 338314.668876337294932, 5498801.938339209184051, 439.4 ], [ 338292.750975679606199, 5498820.838060869835317, 442.0 ], [ 338282.635867879493162, 5498830.707874258980155, 442.8 ], [ 338264.005181589454878, 5498853.181475521996617, 443.1 ], [ 338253.07715826947242, 5498867.303533694706857, 443.1 ], [ 338237.695996311318595, 5498887.232665690593421, 443.4 ], [ 338216.372328400437254, 5498916.351164562627673, 443.9 ], [ 338195.052209893125109, 5498945.580916898325086, 444.5 ], [ 338173.801234796585049, 5498974.697442817501724, 445.2 ], [ 338157.661368577508256, 5498990.977787824347615, 446.5 ], [ 338149.822068013716489, 5499002.003929397091269, 447.1 ], [ 338149.308649291226175, 5499009.028770037926733, 447.1 ], [ 338149.164896854548715, 5499011.480829687789083, 447.2 ], [ 338150.706053380388767, 5499017.1092739244923, 447.2 ], [ 338156.715494427713566, 5499024.718509303405881, 447.0 ], [ 338178.489073068252765, 5499034.973227864131331, 445.3 ], [ 338183.53311418305384, 5499041.721164392307401, 445.4 ], [ 338187.85298680420965, 5499053.274972525425255, 446.0 ], [ 338190.176576959784143, 5499063.330604162998497, 446.7 ], [ 338189.969892795430496, 5499075.798157420009375, 448.1 ], [ 338187.284662557765841, 5499099.688350360840559, 451.3 ], [ 338187.706727724173106, 5499106.57404312863946, 452.1 ], [ 338188.095750851905905, 5499136.603311327286065, 455.7 ], [ 338192.174411866231821, 5499154.617532125674188, 457.2 ], [ 338205.111856586649083, 5499193.396347407251596, 460.0 ], [ 338214.28861547424458, 5499212.705063906498253, 461.0 ], [ 338223.687926635844633, 5499229.781912740319967, 461.6 ], [ 338238.254838779685088, 5499262.615326792933047, 462.2 ], [ 338243.613268987392075, 5499279.923870284110308, 462.5 ], [ 338246.568002830143087, 5499306.316291934810579, 463.7 ], [ 338243.233488242025487, 5499320.545973968692124, 465.3 ], [ 338236.196190028858837, 5499334.218415678478777, 467.3 ], [ 338231.733471482235473, 5499339.691991398110986, 468.2 ], [ 338224.472299131681211, 5499350.700823423452675, 469.4 ], [ 338213.105569471488707, 5499364.61357956379652, 471.2 ], [ 338209.769176565343514, 5499371.50002202950418, 471.8 ], [ 338203.49988206702983, 5499384.259526716545224, 473.0 ], [ 338202.555827526957728, 5499388.960687751881778, 473.2 ], [ 338201.43489194457652, 5499395.002270799130201, 473.5 ], [ 338203.613935480825603, 5499405.062213844619691, 473.6 ], [ 338212.158348817494698, 5499417.714013304561377, 472.9 ], [ 338238.096112553030252, 5499453.768945605494082, 473.1 ], [ 338261.751964613446034, 5499476.317953909747303, 474.1 ], [ 338285.407622914237436, 5499498.867061764933169, 475.1 ], [ 338307.785820361110382, 5499519.78537717834115, 475.2 ], [ 338330.163847544637974, 5499540.703781729564071, 474.8 ], [ 338333.818083665217273, 5499544.489136904478073, 474.8 ], [ 338345.220650808420032, 5499556.054641879163682, 475.2 ], [ 338348.738295113085769, 5499564.962143023498356, 476.1 ], [ 338349.64308830833761, 5499573.502402645535767, 477.2 ], [ 338350.143558509531431, 5499592.735890983603895, 479.2 ], [ 338350.014842133154161, 5499602.975863134488463, 479.0 ], [ 338349.448267245781608, 5499647.052640799432993, 480.5 ], [ 338375.154521488700993, 5499670.542385629378259, 479.7 ] ] ] } },
{ "type": "Feature", "properties": { "name": "Rundweg zum Hambacher Schloss", "km": 13.896, "darstell": "finished" }, "geometry": { "type": "MultiLineString", "coordinates": [ [ [ 437546.814078761148266, 5466725.389474315568805, 138.02535 ], [ 437548.71556406567106, 5466771.175863276235759, 136.10347 ], [ 437524.756335200741887, 5466772.115856575779617, 136.3642 ], [ 437492.376212987583131, 5466773.485480689443648, 136.80527 ], [ 437471.025223205797374, 5466773.84005874954164, 137.18778 ], [ 437436.475194556056522, 5466776.013046420179307, 137.98343 ], [ 437414.809289409138728, 5466780.596451889723539, 138.62139 ], [ 437399.808187163376715, 5466764.534706573933363, 139.1732 ], [ 437405.179373603314161, 5466751.464798265136778, 139.0522 ], [ 437406.358509925368708, 5466740.221693252213299, 139.13118 ], [ 437406.383227448095568, 5466729.658872014842927, 139.29755 ], [ 437402.70902097405633, 5466719.583007118664682, 139.58621 ], [ 437396.076105746091343, 5466711.20868681371212, 139.90762 ], [ 437388.295088545768522, 5466704.070512184873223, 140.22276 ], [ 437379.294886742369272, 5466691.94296065159142, 140.8898 ], [ 437378.926670254615601, 5466691.502426458522677, 140.92216 ], [ 437377.629797942878213, 5466686.069187738932669, 141.32845 ], [ 437375.92308755859267, 5466670.18927442189306, 143.15602 ], [ 437376.806322634336539, 5466664.842327367514372, 143.97223 ], [ 437375.42765666951891, 5466664.969254273921251, 143.95982 ], [ 437376.806322634336539, 5466664.842327367514372, 143.97223 ], [ 437379.557584888418205, 5466657.695097460411489, 145.22411 ], [ 437391.116213767440058, 5466645.777566050179303, 147.61988 ], [ 437411.871443873620592, 5466618.633996471762657, 153.25651 ], [ 437432.62688200752018, 5466591.490508283488452, 158.80254 ], [ 437446.381844295887277, 5466568.318402200005949, 163.73246 ], [ 437456.645626139768865, 5466544.741405616514385, 168.56347 ], [ 437463.202451908262447, 5466527.321847589686513, 171.66218 ], [ 437464.403697840869427, 5466511.631127913482487, 174.33256 ], [ 437463.956256090023089, 5466472.388081317767501, 178.06409 ], [ 437461.515324946842156, 5466443.063191388733685, 179.9164 ], [ 437459.001741107320413, 5466413.739131833426654, 180.7811 ], [ 437412.928948022134136, 5466418.489682437852025, 181.56308 ], [ 437366.784865281020757, 5466423.352620215155184, 182.49628 ], [ 437320.639586343022529, 5466428.104776814579964, 183.26139 ], [ 437319.260861734859645, 5466428.231717307120562, 183.2889 ], [ 437291.409837587387301, 5466431.996792548336089, 184.00787 ], [ 437262.180127291358076, 5466435.888964414596558, 185.04268 ], [ 437229.030916625226382, 5466440.048517418093979, 185.85253 ], [ 437210.000277237268165, 5466440.155161787755787, 186.03995 ], [ 437167.098178961372469, 5466442.647795171476901, 186.84084 ], [ 437124.194838608673308, 5466445.029594373889267, 189.10836 ], [ 437089.635178442811593, 5466446.537729150615633, 190.81785 ], [ 437055.074257133470383, 5466447.934911767020822, 191.97615 ], [ 437042.803431805979926, 5466448.409302515909076, 192.30364 ], [ 437016.774696529028006, 5466446.373255152255297, 193.06845 ], [ 436999.967540564539377, 5466444.009032148867846, 193.57752 ], [ 436961.621931870351546, 5466438.445637670345604, 194.75673 ], [ 436923.204887413943652, 5466432.994515988975763, 196.03056 ], [ 436880.993019236717373, 5466426.030744064599276, 197.92711 ], [ 436836.438906665134709, 5466417.537680481560528, 200.91818 ], [ 436815.551400869037025, 5466414.109161917120218, 202.79995 ], [ 436800.577770738455001, 5466413.281011980958283, 204.59861 ], [ 436790.57126868609339, 5466414.841723649762571, 205.99181 ], [ 436784.21044290822465, 5466417.583467205986381, 206.80975 ], [ 436759.052614356973208, 5466447.003906759433448, 207.13505 ], [ 436744.801142952986993, 5466458.397916246205568, 208.10484 ], [ 436750.925177982484456, 5466441.42719719093293, 210.53384 ], [ 436758.317314048763365, 5466427.332670048810542, 211.6262 ], [ 436761.346895761496853, 5466419.181246694177389, 212.49598 ], [ 436762.220609821961261, 5466413.056007763370872, 213.53133 ], [ 436759.132911330088973, 5466409.867248313501477, 215.18484 ], [ 436754.310176986269653, 5466413.703140918165445, 215.89182 ], [ 436742.729771754879039, 5466429.958486997522414, 215.7014 ], [ 436731.964586088259239, 5466441.312322545796633, 216.07915 ], [ 436723.114312429097481, 5466448.6414335956797, 216.81097 ], [ 436710.710273739707191, 5466456.456304792314768, 218.55708 ], [ 436690.183669753081631, 5466471.703157083131373, 220.79793 ], [ 436684.884187100979034, 5466471.986700478941202, 222.40119 ], [ 436683.940750165085774, 5466465.771238933317363, 224.60958 ], [ 436711.09328603639733, 5466432.991881750524044, 225.26198 ], [ 436723.248231855104677, 5466416.173914329148829, 225.72717 ], [ 436726.775930498261005, 5466407.127245868556201, 226.89171 ], [ 436727.704286161693744, 5466399.444782783277333, 228.54274 ], [ 436725.19761427276535, 5466396.249339415691793, 230.26532 ], [ 436721.418195164413191, 5466396.070571121759713, 231.69264 ], [ 436719.964276370184962, 5466395.976160153746605, 232.24995 ], [ 436706.565085255308077, 5466405.692661472596228, 234.59398 ], [ 436686.563401013845578, 5466422.378868253901601, 236.89088 ], [ 436666.155036844022106, 5466435.289561304263771, 238.52979 ], [ 436656.746349145541899, 5466438.289019007235765, 239.23884 ], [ 436647.344814980577212, 5466435.61798180360347, 241.01904 ], [ 436643.676729329745285, 5466426.209636930376291, 243.92867 ], [ 436645.975413485837635, 5466411.395496941171587, 247.88976 ], [ 436658.904962679953314, 5466379.892035723663867, 254.59339 ], [ 436671.907297927129548, 5466348.387769171968102, 258.38549 ], [ 436679.437694536172785, 5466327.398079735226929, 259.63306 ], [ 436670.436901258828584, 5466334.284270403906703, 260.85968 ], [ 436654.983389028115198, 5466342.245657322928309, 262.37159 ], [ 436636.089227508637123, 5466347.91195282805711, 263.19951 ], [ 436619.214679983677343, 5466352.331942928954959, 263.44298 ], [ 436633.612155935144983, 5466334.709570398554206, 265.84593 ], [ 436644.244373223395087, 5466318.131391596980393, 267.34761 ], [ 436650.633675238059368, 5466305.271336789242923, 268.05542 ], [ 436653.59053818276152, 5466297.120693542063236, 268.41813 ], [ 436642.265953653259203, 5466266.342103362083435, 272.86067 ], [ 436631.364207626087591, 5466234.446802139282227, 276.30658 ], [ 436620.533690173411742, 5466202.43951381649822, 279.00754 ], [ 436610.682682762853801, 5466167.196566042490304, 280.60458 ], [ 436600.904190964240115, 5466131.952797289937735, 280.72246 ], [ 436584.64295911276713, 5466107.791285918094218, 282.48405 ], [ 436578.776838626770768, 5466103.078157545998693, 283.57291 ], [ 436569.791874043061398, 5466092.508302104659379, 284.57511 ], [ 436554.522891779022757, 5466078.786778521724045, 286.78186 ], [ 436512.886769712727983, 5466052.80650816205889, 293.62728 ], [ 436502.374370139848907, 5466048.369605409912765, 295.05078 ], [ 436492.590892367705237, 5466044.146653230302036, 295.89272 ], [ 436480.958016142249107, 5466037.05432618688792, 295.68587 ], [ 436472.55717245163396, 5466033.037768947891891, 295.52414 ], [ 436460.577802642248571, 5466027.394900364801288, 294.97879 ], [ 436453.796830965206027, 5466025.249751440249383, 294.92669 ], [ 436445.511089355393779, 5466024.901002685539424, 295.46835 ], [ 436427.171352589677554, 5466028.337875885888934, 297.58585 ], [ 436414.514050031604711, 5466033.154343731701374, 299.64756 ], [ 436403.685111423023045, 5466045.287847462110221, 303.89335 ], [ 436399.013553040393163, 5466055.904575346037745, 307.31754 ], [ 436394.310626689635683, 5466070.079588648863137, 311.60267 ], [ 436381.587245493778028, 5466094.243077550083399, 318.05745 ], [ 436374.78483898518607, 5466102.772028466686606, 319.94088 ], [ 436367.863392594270408, 5466107.299711775965989, 321.19857 ], [ 436365.489213913911954, 5466115.554938307963312, 321.80967 ], [ 436357.765815248712897, 5466126.095924800261855, 322.51541 ], [ 436346.521121644531377, 5466133.675790379755199, 323.4864 ], [ 436301.339633771800436, 5466152.768162794411182, 330.02193 ], [ 436274.286166543141007, 5466168.981841296888888, 331.75734 ], [ 436247.232858026400208, 5466185.195654982700944, 330.44626 ], [ 436220.292908723989967, 5466192.402302146889269, 330.92328 ], [ 436193.353027814009693, 5466199.609082294628024, 331.11356 ], [ 436172.928125264355913, 5466211.076399027369916, 329.34414 ], [ 436153.788553799211513, 5466226.865049155429006, 326.28203 ], [ 436125.962660043209326, 5466251.538532021455467, 321.78004 ], [ 436114.673096664715558, 5466261.454294658266008, 319.98155 ], [ 436087.203042861889116, 5466279.230363389477134, 317.94177 ], [ 436059.731870180810802, 5466296.895401702262461, 315.84379 ], [ 436042.62409652210772, 5466306.212033995427191, 315.35324 ], [ 436012.018316184810828, 5466322.913203110918403, 314.56534 ], [ 435981.414017859147862, 5466339.725714995525777, 313.23544 ], [ 435950.808607116225176, 5466356.4272296782583, 311.29407 ], [ 435925.388744653959293, 5466369.288044385612011, 310.22234 ], [ 435899.968999932287261, 5466382.1489781672135, 310.09129 ], [ 435875.995512931258418, 5466394.437198103405535, 311.18319 ], [ 435852.093463657889515, 5466406.613504520617425, 313.01735 ], [ 435838.98241861036513, 5466415.995230662636459, 313.28155 ], [ 435812.130422742629889, 5466442.993857684545219, 312.03985 ], [ 435785.351323673676234, 5466469.991769193671644, 313.20346 ], [ 435758.501161285443231, 5466497.101835517212749, 317.64017 ], [ 435733.220472898392472, 5466521.747573468834162, 323.22506 ], [ 435725.177079909422901, 5466529.624796492047608, 324.76765 ], [ 435691.924721930292435, 5466562.03594333678484, 329.25028 ], [ 435663.402393194846809, 5466588.943733849562705, 331.63706 ], [ 435634.95297448139172, 5466615.850823835469782, 332.87684 ], [ 435606.431207391200587, 5466642.758917629718781, 330.37778 ], [ 435591.851264276599977, 5466663.05466843303293, 324.23503 ], [ 435580.407811559154652, 5466672.083898111246526, 321.03417 ], [ 435569.338782564038411, 5466675.883041969500482, 318.81685 ], [ 435554.555535700346809, 5466666.494793450459838, 319.02257 ], [ 435568.834590595099144, 5466663.880946623161435, 323.12443 ], [ 435580.494622060505208, 5466654.737963632680476, 327.61581 ], [ 435588.139227458799724, 5466643.863198158331215, 331.76786 ], [ 435595.223243007611018, 5466628.547613579779863, 337.13595 ], [ 435583.654853855783585, 5466633.130887748673558, 335.53431 ], [ 435573.635193739144597, 5466639.697329859249294, 332.39258 ], [ 435580.426047720946372, 5466624.162798644043505, 338.49631 ], [ 435603.427964902424719, 5466597.319378038868308, 347.94594 ], [ 435612.705327385338023, 5466583.201105343177915, 352.38165 ], [ 435621.616121225291863, 5466574.979974262416363, 354.01673 ], [ 435627.100299145444296, 5466565.68722231220454, 356.39435 ], [ 435628.897337580099702, 5466557.883158830925822, 359.08442 ], [ 435610.958236439037137, 5466564.320111065171659, 359.8972 ], [ 435583.664806197688449, 5466578.316398368217051, 354.7684 ], [ 435573.93556160927983, 5466584.879426395520568, 351.78757 ], [ 435573.734955048188567, 5466573.985619643703103, 355.75199 ], [ 435575.016977721534204, 5466565.631659905426204, 358.98883 ], [ 435572.414866529230494, 5466560.547700736671686, 360.64773 ], [ 435576.166933819593396, 5466527.481583106331527, 373.70972 ], [ 435580.907808183401357, 5466516.752106846310198, 378.283 ], [ 435587.884579815785401, 5466504.662152719683945, 383.39283 ], [ 435600.145146676513832, 5466490.95357094053179, 388.86595 ], [ 435622.205280808964744, 5466470.458868235349655, 393.98796 ], [ 435631.143244497710839, 5466458.345953926444054, 396.24072 ], [ 435640.092104457318783, 5466453.348785827867687, 395.79741 ], [ 435658.802763632149436, 5466438.341620498336852, 394.64338 ], [ 435669.476194939517882, 5466425.541302343830466, 393.79693 ], [ 435681.536197228415404, 5466413.280672734603286, 391.04646 ], [ 435693.13178788399091, 5466398.579440205357969, 388.42084 ], [ 435717.209077143052127, 5466370.38970603980124, 381.9631 ], [ 435728.272981017420534, 5466353.693449622951448, 380.78332 ], [ 435734.049093928595539, 5466338.282207549549639, 382.79751 ], [ 435742.984621920681093, 5466319.720772960223258, 384.97989 ], [ 435753.480666412389837, 5466304.143077002838254, 386.06109 ], [ 435758.726338501728605, 5466286.847929091192782, 390.64605 ], [ 435770.806883483950514, 5466257.687117364257574, 397.1749 ], [ 435772.697701760043856, 5466251.660976088605821, 398.7601 ], [ 435792.05613992724102, 5466223.638039534911513, 401.88163 ], [ 435816.713200133293867, 5466195.219618965871632, 405.62804 ], [ 435826.995896520733368, 5466186.204496898688376, 407.13049 ], [ 435837.633812524436507, 5466170.291760037653148, 411.58363 ], [ 435848.706474719801918, 5466160.489144331775606, 413.67886 ], [ 435854.868586192314979, 5466153.190046656876802, 415.33328 ], [ 435855.105826302140485, 5466148.628681367263198, 416.65035 ], [ 435851.855275042995345, 5466143.996917732059956, 418.28019 ], [ 435831.54934303072514, 5466128.334945344366133, 424.47511 ], [ 435825.836956044076942, 5466124.39910688623786, 426.10949 ], [ 435819.967992047721054, 5466131.917177367024124, 425.39546 ], [ 435803.563244529708754, 5466145.451361182145774, 425.26176 ], [ 435760.876677879190538, 5466166.520359406247735, 433.468 ], [ 435730.609355704800691, 5466181.106613462790847, 443.39417 ], [ 435715.509465782146435, 5466188.177038252353668, 448.57966 ], [ 435701.747008924547117, 5466197.789087899029255, 452.15249 ], [ 435687.113932456471957, 5466201.29619350656867, 458.05368 ], [ 435681.132196418591775, 5466205.368999085389078, 459.51277 ], [ 435648.018117363448255, 5466237.333998090587556, 461.76882 ], [ 435645.725131207262166, 5466240.029345782473683, 461.55973 ], [ 435654.707600262423512, 5466206.901950314640999, 469.8383 ], [ 435667.716393669659737, 5466176.39579620398581, 473.1639 ], [ 435680.651397775509395, 5466145.779357381165028, 473.73637 ], [ 435684.976210148481186, 5466130.496273337863386, 473.99726 ], [ 435685.894045866036322, 5466122.035435832105577, 474.44511 ], [ 435683.29669624962844, 5466111.169738722965121, 476.04714 ], [ 435680.199431862158235, 5466113.429759477265179, 477.02973 ], [ 435675.652432311093435, 5466122.155524602159858, 478.06722 ], [ 435671.914494702534284, 5466125.534915337339044, 479.04646 ], [ 435666.61004218889866, 5466113.033194565214217, 481.33295 ], [ 435664.468403378094081, 5466110.056311490945518, 481.99352 ], [ 435661.722589116427116, 5466111.311553867533803, 482.69035 ], [ 435648.296614789112937, 5466131.037643472664058, 484.64868 ], [ 435645.615624657250009, 5466131.6250223768875, 485.08447 ], [ 435639.305062960891519, 5466126.250985266640782, 486.44397 ], [ 435632.353396838123444, 5466115.769957447424531, 487.4811 ], [ 435628.676837898907252, 5466105.806429852731526, 487.49281 ], [ 435620.774353920831345, 5466076.212714190594852, 484.56545 ], [ 435616.564504128764383, 5466064.142933905124664, 482.18584 ], [ 435609.281703741231468, 5466031.651145172305405, 474.31641 ], [ 435599.380823956278618, 5465992.741358540020883, 466.09246 ], [ 435589.407174505351577, 5465953.832443786785007, 463.935 ], [ 435579.504724967700895, 5465914.811525382101536, 466.33682 ], [ 435579.050618008710444, 5465913.260265044867992, 466.46001 ], [ 435567.79744258109713, 5465870.586117223836482, 469.21868 ], [ 435567.493829764251132, 5465869.477831084281206, 469.26789 ], [ 435555.86292245646473, 5465825.585106278769672, 470.4539 ], [ 435545.922153611143585, 5465783.340326056815684, 469.54217 ], [ 435535.979935546405613, 5465740.984395423904061, 467.16544 ], [ 435526.038880693144165, 5465698.739654094912112, 466.01084 ], [ 435516.096376255212817, 5465656.383762369863689, 466.73432 ], [ 435506.322536542953458, 5465616.027239184826612, 468.06289 ], [ 435496.548562320997007, 5465575.670734680257738, 469.18602 ], [ 435486.775760808202904, 5465535.425418673083186, 468.98957 ], [ 435476.92887386813527, 5465495.069805844686925, 466.99082 ], [ 435472.934351022937335, 5465476.660043708980083, 465.7483 ], [ 435471.724399577593431, 5465466.445237296633422, 465.0328 ], [ 435480.000616272096522, 5465465.903164309449494, 464.8939 ], [ 435475.386848598020151, 5465456.61786777805537, 464.17567 ], [ 435469.797306450316682, 5465444.675607138313353, 463.32851 ], [ 435447.284243854694068, 5465420.813255369663239, 463.63519 ], [ 435424.772295379487332, 5465397.062164952047169, 467.23658 ], [ 435396.697860128071625, 5465363.703544798307121, 473.50173 ], [ 435368.624396759842057, 5465330.456236836500466, 477.444 ], [ 435356.478002678079065, 5465317.034733994863927, 478.41589 ], [ 435321.88232341746334, 5465291.425097926519811, 481.15578 ], [ 435302.083672894979827, 5465282.207774213515222, 483.19603 ], [ 435287.789847470703535, 5465277.706558486446738, 484.69429 ], [ 435276.361219263984822, 5465269.724838523194194, 486.52461 ], [ 435266.00047634751536, 5465253.725206254050136, 489.66159 ], [ 435247.398710363020655, 5465222.812834586016834, 496.29698 ], [ 435228.795426905271597, 5465191.789355895482004, 503.15961 ], [ 435219.341618582024239, 5465178.781103448010981, 506.19077 ], [ 435211.408582383475732, 5465159.194980941712856, 510.06201 ], [ 435205.368741291051265, 5465133.804881004616618, 514.42954 ], [ 435203.452330763160717, 5465113.035872990265489, 517.47731 ], [ 435202.886916661809664, 5465095.920024673454463, 519.79004 ], [ 435204.791581274650525, 5465078.775008507072926, 521.74335 ], [ 435208.104216136562172, 5465045.491512040607631, 525.7237 ], [ 435209.587913865922019, 5465023.459320939145982, 528.65197 ], [ 435208.983596295292955, 5464996.893191354349256, 532.47563 ], [ 435208.307938808458857, 5464970.439090390689671, 535.86332 ], [ 435205.782779530447442, 5464928.885641793720424, 539.48108 ], [ 435182.539986650284845, 5464905.032945521175861, 541.66883 ], [ 435146.223708984907717, 5464900.125137214548886, 545.36757 ], [ 435118.257427885837387, 5464888.558906938880682, 549.22397 ], [ 435094.038028875307646, 5464886.621613432653248, 552.51189 ], [ 435082.581692380772438, 5464882.532090621069074, 553.88903 ], [ 435061.744603126717266, 5464865.54491909686476, 556.31998 ], [ 435020.692627048585564, 5464853.466934931464493, 559.6035 ], [ 435004.70669297472341, 5464847.318689661100507, 560.46459 ], [ 434999.973745207069442, 5464846.485266710631549, 560.63969 ], [ 434985.049684286641423, 5464844.104799476452172, 561.17474 ], [ 434977.682796502311248, 5464841.746008252725005, 561.57529 ], [ 434971.750313897791784, 5464843.928825282491744, 561.56479 ], [ 434935.230962197005283, 5464852.589413445442915, 561.89625 ], [ 434921.855000682757236, 5464852.080912740901113, 562.45309 ], [ 434906.926960608514491, 5464849.367148770019412, 563.27202 ], [ 434896.339592702221125, 5464845.045332334004343, 564.0908 ], [ 434851.51170945877675, 5464839.35096438229084, 564.44127 ], [ 434823.865417031629477, 5464836.454873443581164, 564.60465 ], [ 434798.277144496387336, 5464835.535804501734674, 564.99877 ], [ 434786.873305805202108, 5464829.778488421812654, 566.30324 ], [ 434769.511909246619325, 5464824.092008608393371, 568.08249 ], [ 434751.257491581083741, 5464816.63723521027714, 570.38541 ], [ 434705.161130279710051, 5464814.294698734767735, 574.07029 ], [ 434691.086296480265446, 5464816.129966766573489, 574.96975 ], [ 434661.305347053916194, 5464823.155596390366554, 577.27165 ], [ 434631.450493768614251, 5464830.071084155701101, 580.24374 ], [ 434615.06805246003205, 5464833.379447664134204, 581.43454 ], [ 434603.74614768702304, 5464834.51502835098654, 581.97299 ], [ 434595.605066939489916, 5464834.278495642356575, 582.27988 ], [ 434584.44811728678178, 5464830.964732739143074, 582.80922 ], [ 434563.820843780878931, 5464819.536188034340739, 584.19361 ], [ 434549.731206815224141, 5464814.033756636083126, 585.34649 ], [ 434539.316630622604862, 5464812.04545549210161, 586.34841 ], [ 434531.06572310870979, 5464808.697135095484555, 587.33991 ], [ 434518.535924319061451, 5464799.951795386150479, 589.02214 ], [ 434503.71700355806388, 5464794.235811523161829, 590.83426 ], [ 434473.916858987999149, 5464787.475689986720681, 594.6843 ], [ 434459.530380354612134, 5464769.301886609755456, 595.69532 ], [ 434424.396077633195091, 5464784.398095710203052, 601.38156 ], [ 434389.335947194311302, 5464799.604832756333053, 606.11351 ], [ 434370.450569905107841, 5464806.279418567195535, 607.78705 ], [ 434353.001009900239296, 5464811.491482116281986, 608.70453 ], [ 434352.699758538859896, 5464810.605601640418172, 608.77264 ], [ 434351.568735197361093, 5464807.172380386851728, 608.99875 ], [ 434344.074323055974673, 5464800.257351705804467, 609.44647 ], [ 434331.558015522256028, 5464798.739330805838108, 609.78583 ], [ 434308.426879884093069, 5464802.796486840583384, 610.01013 ], [ 434285.618338940024842, 5464809.518331428058445, 609.52422 ], [ 434264.83614648290677, 5464815.548885171301663, 608.86956 ], [ 434256.776988453115337, 5464816.09017176181078, 608.67542 ], [ 434249.649001112440601, 5464815.508457578718662, 608.52864 ], [ 434247.746702342526987, 5464814.419394520111382, 608.47017 ], [ 434242.478384199377615, 5464811.369324970990419, 608.24697 ], [ 434255.665284683927894, 5464808.209314716048539, 608.38161 ], [ 434269.190165602019988, 5464802.932762446813285, 608.58223 ], [ 434286.660414788639173, 5464793.383947056718171, 608.75571 ], [ 434309.757769861549605, 5464780.432260704226792, 608.40521 ], [ 434321.017204137519002, 5464774.07110220938921, 607.66884 ], [ 434322.315654878388159, 5464773.277263327501714, 607.54997 ], [ 434341.403091755113564, 5464765.265869523398578, 606.06228 ], [ 434370.775512470339891, 5464754.463081278838217, 603.27873 ], [ 434385.564990626007784, 5464751.617778980173171, 601.89788 ], [ 434430.002986233506817, 5464754.978129108436406, 597.99482 ], [ 434440.368965751957148, 5464758.968145013786852, 597.17654 ], [ 434450.100965054065455, 5464764.633535133674741, 596.53641 ], [ 434456.532993578584865, 5464767.781088707968593, 595.98307 ], [ 434459.530380354612134, 5464769.301886609755456, 595.69532 ], [ 434482.502832299622241, 5464758.020211862400174, 591.7316 ], [ 434525.659308416652493, 5464733.15553062595427, 586.0548 ], [ 434528.105673774960451, 5464731.1250059036538, 585.81392 ], [ 434541.198770388204139, 5464720.072642523795366, 584.73235 ], [ 434561.435657449997962, 5464704.821261812932789, 583.64207 ], [ 434568.99942746956367, 5464699.28298909869045, 583.33691 ], [ 434582.827180181164294, 5464688.889082198031247, 582.84687 ], [ 434592.736926013662014, 5464678.986648188903928, 582.52084 ], [ 434602.5409337321762, 5464666.305857996456325, 582.19298 ], [ 434610.054463199863676, 5464656.543197810649872, 581.90109 ], [ 434617.492525933717843, 5464640.443880493752658, 581.43113 ], [ 434630.489704321778845, 5464633.50674176029861, 580.80909 ], [ 434649.518643782648724, 5464626.608990943059325, 579.8664 ], [ 434685.78805572364945, 5464615.169867551885545, 577.49745 ], [ 434689.395700278517324, 5464613.014411492273211, 577.14195 ], [ 434691.415506197721697, 5464611.767336089164019, 576.93324 ], [ 434721.135424056905322, 5464593.401718060486019, 573.3921 ], [ 434743.803974009526428, 5464580.901742503046989, 570.44652 ], [ 434753.078839334659278, 5464578.678945896215737, 569.61285 ], [ 434798.070164065808058, 5464567.359260489232838, 566.06709 ], [ 434823.371743272407912, 5464562.388938193209469, 564.19244 ], [ 434848.602029393601697, 5464557.530765111558139, 561.1478 ], [ 434874.660601209499873, 5464555.108955796808004, 557.65801 ], [ 434900.646537068125326, 5464552.68813225440681, 554.69343 ], [ 434915.085390361025929, 5464550.849100625142455, 553.44961 ], [ 434929.047291757073253, 5464551.68420806247741, 553.20486 ], [ 434974.906887921853922, 5464546.137321267277002, 548.5145 ], [ 434999.997322426061146, 5464541.726246242411435, 544.61416 ], [ 435007.104500222019851, 5464540.530223235487938, 543.50993 ], [ 435028.584797337185591, 5464531.93699633795768, 539.15958 ], [ 435052.805369124398567, 5464515.417277554050088, 533.44521 ], [ 435064.483713421097491, 5464507.496125709265471, 531.11171 ], [ 435078.757692207873333, 5464503.99170143250376, 529.68068 ], [ 435096.017202975752298, 5464501.007932522334158, 528.33945 ], [ 435112.448586985177826, 5464495.587935755960643, 526.93268 ], [ 435136.593887900759, 5464484.962298655882478, 524.75713 ], [ 435154.893018723698333, 5464483.856577361933887, 522.09723 ], [ 435183.175539486168418, 5464478.963893796317279, 517.19633 ], [ 435204.760499187454116, 5464473.038574328646064, 514.37383 ], [ 435220.226037985121366, 5464471.966526499949396, 511.6018 ], [ 435266.78296375850914, 5464463.856610467657447, 503.85435 ], [ 435287.291310408094432, 5464459.056168023496866, 501.03901 ], [ 435327.018513301794883, 5464438.685759490355849, 499.94256 ], [ 435329.041144546761643, 5464437.661260136403143, 499.85404 ], [ 435370.791300264885649, 5464416.266673334874213, 495.86459 ], [ 435394.741764187288936, 5464395.193092422559857, 493.76679 ], [ 435401.756307399948128, 5464386.104540346190333, 493.34012 ], [ 435409.9334132479853, 5464377.002316182479262, 492.0936 ], [ 435406.451550847734325, 5464396.055931083858013, 489.02895 ], [ 435402.984186622372363, 5464403.990876467898488, 488.34125 ], [ 435406.451550847734325, 5464396.055931083858013, 489.02895 ], [ 435408.163862043234985, 5464405.708875490352511, 485.71043 ], [ 435406.478241911099758, 5464416.847215621732175, 483.21926 ], [ 435398.777716167096514, 5464429.390572992153466, 482.50712 ], [ 435396.570432975655422, 5464439.423207191750407, 480.05497 ], [ 435397.194878969283309, 5464443.084962793625891, 478.5476 ], [ 435400.023299907508772, 5464442.606930075213313, 477.58999 ], [ 435400.748569671646692, 5464442.487208322621882, 477.33751 ], [ 435406.228696068516001, 5464438.864787246100605, 476.29035 ], [ 435424.992276691598818, 5464421.632676991634071, 473.13493 ], [ 435440.32272651954554, 5464402.88442649692297, 470.98134 ], [ 435459.558544308063574, 5464382.533705371432006, 466.97688 ], [ 435478.293207502341829, 5464356.629697643220425, 464.50531 ], [ 435497.028050123364665, 5464330.725756417028606, 462.23575 ], [ 435522.518637304368895, 5464298.404973214492202, 458.94331 ], [ 435539.291220965154935, 5464278.639410742558539, 454.31183 ], [ 435552.236430350400042, 5464260.920171330682933, 448.41651 ], [ 435556.984580657968763, 5464250.635406652465463, 445.24241 ], [ 435569.520051742321812, 5464235.144720519892871, 436.49393 ], [ 435575.519148194172885, 5464226.179507973603904, 431.46141 ], [ 435577.328730641340371, 5464219.37598804011941, 428.60378 ], [ 435576.243627466377802, 5464213.607108762487769, 427.07798 ], [ 435573.20670260314364, 5464202.524264027364552, 423.90472 ], [ 435565.647810175956693, 5464190.049100204370916, 420.82393 ], [ 435543.177200881647877, 5464170.18846582248807, 416.3398 ], [ 435581.016341582755558, 5464180.640357580035925, 412.06208 ], [ 435592.192219984368421, 5464185.512523586861789, 410.78594 ], [ 435597.359378518653102, 5464192.345355871133506, 411.64275 ], [ 435600.505442398425657, 5464206.540109670720994, 415.14088 ], [ 435603.964687254978344, 5464228.847688981331885, 418.93414 ], [ 435604.871665028622374, 5464250.406920070759952, 420.07663 ], [ 435607.767471753875725, 5464268.051346693187952, 417.41402 ], [ 435609.65738549613161, 5464280.481884758919477, 414.52506 ], [ 435629.921232244698331, 5464248.556496059522033, 406.94559 ], [ 435641.238627020153217, 5464234.525667104870081, 401.28204 ], [ 435652.459959925152361, 5464218.494661240838468, 396.05026 ], [ 435657.188468348060269, 5464200.316092265769839, 392.95635 ], [ 435658.489216384827159, 5464187.292213411070406, 390.78163 ], [ 435655.484706693096086, 5464172.762215587310493, 388.89596 ], [ 435647.388659361866303, 5464157.847172547131777, 387.23616 ], [ 435627.85694262693869, 5464134.505009069107473, 383.90851 ], [ 435587.276114225620404, 5464107.184860379435122, 379.51551 ], [ 435562.684108746296261, 5464092.352359023876488, 375.5096 ], [ 435538.090663875744212, 5464077.408797463402152, 370.58782 ], [ 435571.08472497377079, 5464077.466155151836574, 369.00343 ], [ 435611.591722765646409, 5464079.881642172113061, 366.41581 ], [ 435652.098678848706186, 5464082.29742780700326, 361.70885 ], [ 435680.173786925966851, 5464084.303250976838171, 357.35 ], [ 435709.088268903899007, 5464083.519764834083617, 351.45878 ], [ 435727.649526822438929, 5464079.855661553330719, 346.995 ], [ 435761.310325524129439, 5464074.791853440925479, 340.87337 ], [ 435781.155988065525889, 5464062.885225257836282, 340.17994 ], [ 435783.009318182477728, 5464078.429414936341345, 341.06327 ], [ 435794.614687409310136, 5464082.741043991409242, 341.92611 ], [ 435807.592824573686812, 5464086.369533892720938, 341.80348 ], [ 435819.75735853088554, 5464088.784534577280283, 341.41501 ], [ 435868.960237539140508, 5464089.098919104784727, 340.91519 ], [ 435915.690026678843424, 5464101.672940762713552, 335.738 ], [ 435949.154891341459006, 5464104.729058622382581, 333.6958 ], [ 435982.692376854422037, 5464107.784532729536295, 331.32561 ], [ 436016.157158788118977, 5464110.841058455407619, 324.48043 ], [ 436026.604959880700335, 5464109.385061870329082, 320.96195 ], [ 436036.248414664005395, 5464101.267376118339598, 319.12568 ], [ 436060.480486743210349, 5464079.081661166623235, 314.29806 ], [ 436084.786712692468427, 5464057.00637911260128, 311.33679 ], [ 436115.238449119380675, 5464032.191248508170247, 308.63279 ], [ 436118.439720844675321, 5464026.261203964240849, 307.55574 ], [ 436122.58799503184855, 5464026.768850990571082, 305.60996 ], [ 436122.877138823736459, 5464032.880642348900437, 304.93752 ], [ 436115.756202458054759, 5464070.432747323065996, 299.49199 ], [ 436108.634077494672965, 5464107.873694920912385, 290.85888 ], [ 436106.983683166617993, 5464147.141098788008094, 279.84704 ], [ 436105.111112684768159, 5464154.834640333428979, 278.11755 ], [ 436083.775136761949398, 5464182.323304181918502, 275.7472 ], [ 436080.293711079808418, 5464189.146113199181855, 274.64715 ], [ 436076.851292861276306, 5464193.077668016776443, 274.42346 ], [ 436077.130127137119416, 5464198.300101858563721, 272.7583 ], [ 436079.411100141820498, 5464200.719601172953844, 271.38108 ], [ 436088.336746860761195, 5464199.614999760873616, 269.21311 ], [ 436099.498061946243979, 5464197.038983445614576, 266.93102 ], [ 436128.344694009341765, 5464190.476880571804941, 261.49502 ], [ 436168.352768909942824, 5464181.339054252952337, 254.0156 ], [ 436184.22679543402046, 5464177.818929932080209, 250.44775 ], [ 436226.70940919482382, 5464168.986316796392202, 240.31936 ], [ 436269.192153440322727, 5464160.154033733531833, 233.40897 ], [ 436275.027012379956432, 5464161.976426343433559, 231.92307 ], [ 436309.682673879491631, 5464180.030827448703349, 222.05588 ], [ 436327.230539392970968, 5464195.504262995906174, 216.2418 ], [ 436331.070810000237543, 5464200.796575712040067, 214.74732 ], [ 436356.69304558460135, 5464198.164542194455862, 212.1739 ], [ 436371.29660855140537, 5464197.884044620208442, 210.65083 ], [ 436380.903317350428551, 5464199.106901107355952, 209.56116 ], [ 436390.302345687290654, 5464201.221657796762884, 208.46466 ], [ 436400.879922893946059, 5464198.430652849376202, 207.84689 ], [ 436428.357904504053295, 5464192.886653409339488, 206.09943 ], [ 436462.613415423606057, 5464195.269619673490524, 202.73474 ], [ 436485.660476167569868, 5464202.452240121550858, 201.83824 ], [ 436488.287845347833354, 5464203.422498218715191, 201.7727 ], [ 436504.582528950297274, 5464211.128073258325458, 201.12971 ], [ 436531.573037605558056, 5464226.270552067086101, 199.55198 ], [ 436558.637341370573267, 5464241.523492493666708, 197.73447 ], [ 436569.817328541132156, 5464246.8423195425421, 197.07838 ], [ 436575.881532450206578, 5464249.663038454949856, 196.73031 ], [ 436590.997978567145765, 5464256.048266556113958, 195.90236 ], [ 436631.700719152810052, 5464275.591395394876599, 193.28979 ], [ 436666.879291240999009, 5464288.749862040393054, 191.70774 ], [ 436707.843946036882699, 5464305.844465557485819, 189.81246 ], [ 436748.809622444794513, 5464323.050542783923447, 188.15564 ], [ 436775.170910824090242, 5464346.762651375494897, 185.87781 ], [ 436780.584807393141091, 5464349.924637192860246, 185.71891 ], [ 436817.608724417921621, 5464371.957553919404745, 184.70841 ], [ 436793.068031987000722, 5464399.035572278313339, 181.31886 ], [ 436768.526302862039302, 5464426.002533818595111, 181.60933 ], [ 436765.867771221790463, 5464434.927921123802662, 181.70292 ], [ 436766.499336643435527, 5464445.594353644177318, 181.69265 ], [ 436771.658718073624186, 5464458.20994171127677, 181.56496 ], [ 436776.473059386829846, 5464478.723606721498072, 181.69748 ], [ 436779.455576831183862, 5464497.924163343384862, 181.92976 ], [ 436783.009753201622516, 5464528.903691610321403, 182.59407 ], [ 436786.075790066446643, 5464561.667797213420272, 183.6624 ], [ 436788.94749832234811, 5464583.871617468073964, 184.83654 ], [ 436799.999804858991411, 5464628.662861204706132, 185.90138 ], [ 436804.621548802766483, 5464651.402459253557026, 186.23725 ], [ 436806.310845526109915, 5464659.277105663903058, 186.3233 ], [ 436816.069181111466605, 5464705.306311304681003, 186.81435 ], [ 436821.616999080055393, 5464745.380043670535088, 187.65139 ], [ 436818.32379972806666, 5464781.219369090162218, 189.27555 ], [ 436816.20144100219477, 5464805.148475181311369, 190.58992 ], [ 436815.104583462234586, 5464817.169032077305019, 191.38901 ], [ 436813.279578545305412, 5464847.988157930783927, 193.66274 ], [ 436841.483023819862865, 5464855.224029521457851, 192.53734 ], [ 436870.388613859948236, 5464860.339461455121636, 191.23213 ], [ 436900.085649904678576, 5464864.778836949728429, 189.83224 ], [ 436929.708705097844359, 5464869.108037988655269, 188.64554 ], [ 436963.257469590695109, 5464873.614669972099364, 188.12799 ], [ 436966.214490686485078, 5464871.690566832199693, 188.02144 ], [ 437000.035560184915084, 5464849.28765759896487, 186.37377 ], [ 437017.414610853418708, 5464837.747352879494429, 185.2183 ], [ 437045.068311348382849, 5464822.420136761851609, 183.63763 ], [ 437077.174381502496544, 5464808.820960238575935, 181.38083 ], [ 437102.602881671511568, 5464802.191938985139132, 179.96583 ], [ 437105.138087423576508, 5464801.495775703340769, 179.83198 ], [ 437110.153553254087456, 5464827.010706756263971, 181.55085 ], [ 437115.095049951632973, 5464852.415305756032467, 182.80399 ], [ 437122.563900798966642, 5464895.46927036345005, 183.20677 ], [ 437125.876389437820762, 5464918.224119677208364, 182.84344 ], [ 437132.859452233242337, 5464963.284985015168786, 181.64515 ], [ 437141.62841552158352, 5464973.969417093321681, 181.01826 ], [ 437155.171436285600066, 5465020.845303849317133, 179.59608 ], [ 437162.956012676295359, 5465053.444372745230794, 179.27624 ], [ 437172.679021539574023, 5465090.357449918054044, 179.09405 ], [ 437176.806991271674633, 5465108.210878799669445, 179.19186 ], [ 437184.39109670673497, 5465148.706367277540267, 180.27671 ], [ 437186.404669477720745, 5465159.579390368424356, 180.69272 ], [ 437191.976371957105584, 5465189.313037688843906, 181.41536 ], [ 437191.658831620123237, 5465199.656824805773795, 181.60287 ], [ 437191.453501800249796, 5465207.108532337471843, 181.65213 ], [ 437181.783044950512704, 5465250.914723643101752, 181.29697 ], [ 437174.470982331898995, 5465265.897159315645695, 181.29774 ], [ 437163.332807577622589, 5465289.373441214673221, 181.22747 ], [ 437152.194730815594085, 5465312.849747370928526, 181.06878 ], [ 437149.799657105468214, 5465344.787126164883375, 180.34195 ], [ 437149.447831090248656, 5465352.129331874661148, 180.32751 ], [ 437149.581427986267954, 5465376.477202800102532, 180.74752 ], [ 437151.458387904742267, 5465413.480135993100703, 181.37008 ], [ 437148.646617385325953, 5465447.090062130242586, 182.16204 ], [ 437144.503196271834895, 5465465.927709190174937, 182.41886 ], [ 437138.130814867443405, 5465480.454702824354172, 182.52657 ], [ 437121.830468019761611, 5465503.545499546453357, 182.76397 ], [ 437112.744902064732742, 5465515.879930762574077, 182.84467 ], [ 437099.149134965671692, 5465540.385198938660324, 183.00146 ], [ 437097.084546733705793, 5465544.077959232963622, 183.05796 ], [ 437078.224284970376175, 5465578.316700653173029, 183.94003 ], [ 437067.486111697973683, 5465604.901789605617523, 184.94251 ], [ 437055.446929601836018, 5465638.395272494293749, 186.59496 ], [ 437067.73628688917961, 5465658.378693899139762, 185.94493 ], [ 437087.178847704082727, 5465687.619610343128443, 184.6423 ], [ 437111.321187728783116, 5465727.591618157923222, 183.39213 ], [ 437125.836501716636121, 5465751.663476562127471, 183.01518 ], [ 437135.389269122562837, 5465767.453394145704806, 182.99072 ], [ 437159.530920880264603, 5465807.425613125786185, 183.36372 ], [ 437180.061994393356144, 5465842.991896238178015, 183.76815 ], [ 437200.384974679560401, 5465885.787631033919752, 183.94104 ], [ 437220.635009041347075, 5465928.584272558800876, 183.97132 ], [ 437239.570904385938775, 5465970.840097467415035, 183.94246 ], [ 437248.674438843969256, 5465985.523497908376157, 183.78243 ], [ 437256.04115369921783, 5465994.445181600749493, 183.58581 ], [ 437252.894561536842957, 5466005.154890132136643, 184.07768 ], [ 437251.532622922211885, 5466044.863356042653322, 185.82237 ], [ 437250.098077170085162, 5466084.572655789554119, 187.272 ], [ 437248.73492480040295, 5466124.169957556761801, 187.41036 ], [ 437249.567668482719455, 5466152.512498825788498, 186.87175 ], [ 437253.920231037947815, 5466171.030533583834767, 186.31141 ], [ 437263.168043882003985, 5466211.062390211038291, 185.33306 ], [ 437276.41820991539862, 5466251.715600816532969, 184.47745 ], [ 437276.717643252282869, 5466252.49046887177974, 184.46274 ], [ 437290.194414082390722, 5466293.919412332586944, 183.99219 ], [ 437300.366746451472864, 5466338.610513239167631, 184.00033 ], [ 437310.466292257595342, 5466383.302464841865003, 183.85557 ], [ 437320.639586343022529, 5466428.104776814579964, 183.26139 ], [ 437366.784865281020757, 5466423.352620215155184, 182.49628 ], [ 437412.928948022134136, 5466418.489682437852025, 181.56308 ], [ 437459.001741107320413, 5466413.739131833426654, 180.7811 ], [ 437461.515324946842156, 5466443.063191388733685, 179.9164 ], [ 437463.956256090023089, 5466472.388081317767501, 178.06409 ], [ 437464.403697840869427, 5466511.631127913482487, 174.33256 ], [ 437463.202451908262447, 5466527.321847589686513, 171.66218 ], [ 437456.645626139768865, 5466544.741405616514385, 168.56347 ], [ 437446.381844295887277, 5466568.318402200005949, 163.73246 ], [ 437432.62688200752018, 5466591.490508283488452, 158.80254 ], [ 437411.871443873620592, 5466618.633996471762657, 153.25651 ], [ 437391.116213767440058, 5466645.777566050179303, 147.61988 ], [ 437379.557584888418205, 5466657.695097460411489, 145.22411 ], [ 437376.806322634336539, 5466664.842327367514372, 143.97223 ], [ 437375.92308755859267, 5466670.18927442189306, 143.15602 ], [ 437377.629797942878213, 5466686.069187738932669, 141.32845 ], [ 437378.926670254615601, 5466691.502426458522677, 140.92216 ], [ 437388.295088545768522, 5466704.070512184873223, 140.22276 ], [ 437396.076105746091343, 5466711.20868681371212, 139.90762 ], [ 437402.70902097405633, 5466719.583007118664682, 139.58621 ], [ 437406.383227448095568, 5466729.658872014842927, 139.29755 ], [ 437406.358509925368708, 5466740.221693252213299, 139.13118 ], [ 437405.179373603314161, 5466751.464798265136778, 139.0522 ], [ 437399.808187163376715, 5466764.534706573933363, 139.1732 ], [ 437401.646699068078306, 5466766.515044463798404, 139.10977 ] ] ] } },
{ "type": "Feature", "properties": { "name": "Moselloreley-Tour", "km": 8.584, "darstell": "finished" }, "geometry": { "type": "MultiLineString", "coordinates": [ [ [ 350342.69471497926861, 5528044.853293273597956, 114.58667 ], [ 350344.905233129567932, 5528046.794403693638742, 114.8187 ], [ 350363.514230431232136, 5528049.058128148317337, 114.8 ], [ 350401.275878084590659, 5528052.458089228719473, 114.9 ], [ 350440.043059042131063, 5528055.830356093123555, 115.0 ], [ 350473.126492515089922, 5528059.027117560617626, 114.9 ], [ 350506.13804922287818, 5528062.226077798753977, 114.9 ], [ 350536.335912056034431, 5528065.058392531238496, 115.0 ], [ 350566.458819084102288, 5528067.781701441854239, 114.9 ], [ 350608.835647286556195, 5528071.722434885799885, 114.6 ], [ 350651.209311409387738, 5528075.552330835722387, 115.2 ], [ 350693.585985284531489, 5528079.493729316629469, 115.1 ], [ 350723.161834568076301, 5528083.234391558915377, 115.6 ], [ 350752.737635280122049, 5528086.975215568207204, 114.3 ], [ 350758.068299168953672, 5528087.383597827516496, 114.4 ], [ 350778.376106635318138, 5528088.711564338766038, 114.8 ], [ 350803.94581151928287, 5528090.561197149567306, 115.6 ], [ 350845.27037743665278, 5528092.864125671796501, 115.3 ], [ 350886.523065610439517, 5528095.169361921027303, 115.7 ], [ 350921.663063521671575, 5528092.192796160466969, 115.4 ], [ 350956.803089497727342, 5528089.216460639610887, 115.2 ], [ 350997.781656822189689, 5528081.62841456476599, 115.0 ], [ 351038.82907478598645, 5528073.927523775026202, 115.4 ], [ 351072.13870020059403, 5528064.549828863702714, 114.5 ], [ 351105.448433000361547, 5528055.172342522069812, 116.2 ], [ 351147.380865654209629, 5528037.879850790835917, 116.7 ], [ 351174.00072158803232, 5528023.125162776559591, 116.0 ], [ 351200.623795151535887, 5528008.481779693625867, 115.8 ], [ 351234.647888490406331, 5527980.72826477047056, 116.7 ], [ 351268.235210062470287, 5527952.7645482160151, 116.4 ], [ 351269.86770465108566, 5527954.610749864019454, 116.7 ], [ 351270.210345995496027, 5527956.603868144564331, 116.9 ], [ 351270.424696668051183, 5527959.156808771193027, 117.1 ], [ 351270.201925236266106, 5527961.499324591830373, 117.2 ], [ 351267.550865597440861, 5527974.811975968070328, 118.4 ], [ 351266.724667595117353, 5527978.728747041895986, 118.7 ], [ 351265.973373552900739, 5527982.754702430218458, 119.4 ], [ 351265.116441208519973, 5527985.559772747568786, 119.7 ], [ 351263.050715583201963, 5527988.843285601586103, 119.9 ], [ 351260.254409975314047, 5527991.701979252509773, 120.0 ], [ 351255.046670817770064, 5527995.739902800880373, 120.2 ], [ 351259.499732481490355, 5528003.404631475917995, 121.7 ], [ 351260.547235691919923, 5528007.492106930352747, 122.3 ], [ 351260.648672059411183, 5528011.160720602609217, 122.8 ], [ 351260.065636485465802, 5528016.072065992280841, 123.3 ], [ 351259.230230846267659, 5528019.655328333377838, 123.6 ], [ 351252.157453182560857, 5528039.43179629649967, 124.6 ], [ 351251.919325398106594, 5528041.218462784774601, 124.9 ], [ 351252.180920175742358, 5528042.880056008696556, 125.2 ], [ 351252.936089015740436, 5528044.19423579890281, 125.7 ], [ 351253.900593568570912, 5528045.280117033980787, 126.1 ], [ 351254.996457838686183, 5528045.917345715686679, 126.3 ], [ 351256.726478135562502, 5528046.092019177041948, 126.7 ], [ 351258.450350474682637, 5528046.044352961704135, 126.9 ], [ 351260.302509492379613, 5528045.436864605173469, 127.1 ], [ 351265.822103851882275, 5528042.28036200068891, 127.2 ], [ 351281.219380292866845, 5528032.397980772890151, 128.1 ], [ 351291.67170668754261, 5528025.656229936517775, 129.0 ], [ 351297.288899417500943, 5528020.828237446956336, 129.5 ], [ 351301.810238298261538, 5528015.363012631423771, 130.0 ], [ 351309.672959281364456, 5528003.352639915421605, 131.3 ], [ 351314.013796370243654, 5527996.557355396449566, 131.7 ], [ 351318.747587345482316, 5527990.975019642151892, 132.2 ], [ 351323.078068167553283, 5527986.405130548402667, 132.6 ], [ 351330.735354953561909, 5527979.963222546502948, 133.6 ], [ 351344.688303813920356, 5527967.228323682211339, 134.7 ], [ 351354.98913959186757, 5527957.598262405022979, 136.1 ], [ 351365.216293991659768, 5527945.30013881996274, 137.6 ], [ 351370.781422899803147, 5527938.582334527745843, 138.5 ], [ 351375.816117125970777, 5527930.877896608784795, 139.0 ], [ 351380.386064645717852, 5527921.962498956359923, 139.7 ], [ 351384.706756061408669, 5527911.830187366344035, 140.2 ], [ 351390.286621844104957, 5527900.439291187562048, 141.3 ], [ 351394.000803727540188, 5527891.770058103837073, 141.8 ], [ 351397.570138230687007, 5527885.663693130016327, 142.2 ], [ 351402.716674869589042, 5527879.402509958483279, 142.6 ], [ 351408.393671564641409, 5527874.127974786795676, 142.9 ], [ 351413.888964247889817, 5527870.082269016653299, 143.3 ], [ 351425.92204350954853, 5527863.297143030911684, 144.7 ], [ 351436.827354749140795, 5527857.321973701938987, 145.5 ], [ 351444.052758233214263, 5527853.451032536104321, 146.1 ], [ 351446.485787005163729, 5527853.050081977620721, 146.5 ], [ 351448.209720022743568, 5527853.002477799542248, 146.9 ], [ 351450.092662943294272, 5527853.506757831200957, 147.4 ], [ 351450.751416758866981, 5527853.933587115257978, 147.6 ], [ 351451.19160915754037, 5527854.255196721293032, 147.8 ], [ 351452.02779080462642, 5527855.900930575095117, 148.1 ], [ 351452.529377306578681, 5527858.445942711085081, 148.6 ], [ 351452.593841379275545, 5527860.780515271238983, 148.8 ], [ 351452.086731953197159, 5527863.242125503718853, 148.9 ], [ 351449.351656390354037, 5527868.324119644239545, 148.8 ], [ 351444.642177461704705, 5527874.795695791020989, 148.7 ], [ 351439.797039856552146, 5527884.163650384172797, 149.0 ], [ 351435.346693965024315, 5527897.414629411883652, 150.2 ], [ 351430.667387334280647, 5527912.785780160687864, 151.7 ], [ 351427.890020221995655, 5527921.540368168614805, 152.5 ], [ 351422.21063878305722, 5527931.93267728947103, 153.0 ], [ 351415.605504132690839, 5527945.243191600777209, 154.4 ], [ 351409.010819087852724, 5527956.328328280709684, 155.7 ], [ 351392.117143449664582, 5527979.713510459288955, 157.5 ], [ 351386.865800100029446, 5527989.982784475199878, 158.5 ], [ 351382.78830586647382, 5528001.109674538485706, 159.5 ], [ 351370.86970862216549, 5528038.041856830008328, 162.0 ], [ 351365.387163309031166, 5528055.549121027812362, 163.4 ], [ 351362.46398270316422, 5528069.425513074733317, 165.0 ], [ 351356.219611814711243, 5528113.988812462426722, 169.1 ], [ 351354.115412168437615, 5528126.285011735744774, 169.9 ], [ 351352.152974941534922, 5528135.907174178399146, 170.5 ], [ 351350.122959515254479, 5528143.083594388328493, 171.2 ], [ 351349.894022978725843, 5528145.203766699880362, 171.6 ], [ 351350.015003520413302, 5528146.980504157952964, 172.0 ], [ 351350.261204580659978, 5528148.086250975728035, 172.3 ], [ 351350.579232168849558, 5528149.190012925304472, 172.6 ], [ 351351.328219229355454, 5528150.281865671277046, 173.1 ], [ 351352.136744270217605, 5528150.927053068764508, 173.4 ], [ 351353.292113801813684, 5528151.117635772563517, 173.6 ], [ 351354.872298697358929, 5528151.07396948710084, 173.9 ], [ 351356.152889273245819, 5528150.59356227889657, 174.0 ], [ 351357.218000271066558, 5528150.119109743274748, 174.1 ], [ 351358.192853140411898, 5528148.97962130792439, 174.1 ], [ 351358.943010745686479, 5528147.512576905079186, 174.0 ], [ 351360.230919146270026, 5528144.695612834766507, 173.9 ], [ 351362.270162649685517, 5528137.852707113139331, 173.7 ], [ 351363.744012590846978, 5528131.359190315939486, 173.7 ], [ 351367.252876941929571, 5528120.47049852553755, 174.2 ], [ 351373.101336485589854, 5528108.404616823419929, 175.1 ], [ 351378.55878931528423, 5528097.795860989950597, 175.9 ], [ 351389.976556361245457, 5528076.564477313309908, 177.2 ], [ 351394.661208442645147, 5528069.203485626727343, 177.6 ], [ 351399.738793803204317, 5528063.055448910221457, 178.0 ], [ 351407.574684707331471, 5528055.27365496288985, 178.6 ], [ 351418.511482984176837, 5528047.851243061944842, 180.2 ], [ 351433.834103713161312, 5528037.860117378644645, 182.1 ], [ 351442.391432757780422, 5528030.169708926230669, 182.7 ], [ 351445.288485001132358, 5528025.750762064009905, 182.6 ], [ 351446.869924524566159, 5528023.148226637393236, 182.5 ], [ 351448.326128819200676, 5528021.216679659672081, 182.5 ], [ 351450.153755495557562, 5528019.719896097667515, 182.7 ], [ 351451.862285626470111, 5528019.116441319696605, 183.0 ], [ 351453.227023766899947, 5528019.078755169175565, 183.3 ], [ 351454.882145030191168, 5528019.14430570229888, 183.7 ], [ 351456.190403824672103, 5528019.664454481564462, 184.1 ], [ 351456.939384822675493, 5528020.756321659311652, 184.5 ], [ 351457.260465598432347, 5528021.971259583719075, 184.8 ], [ 351457.297302960418165, 5528023.305301340296865, 185.1 ], [ 351456.99955739825964, 5528025.538621382787824, 185.5 ], [ 351456.393010706349742, 5528027.00168414413929, 185.6 ], [ 351454.649492577766068, 5528028.941162747330964, 185.6 ], [ 351451.493971684481949, 5528031.809672907926142, 185.3 ], [ 351445.48745547683211, 5528040.764682520180941, 185.9 ], [ 351437.599940339801833, 5528051.885491418652236, 186.7 ], [ 351426.253101770533249, 5528067.885820128954947, 187.8 ], [ 351420.886977758491412, 5528076.600664362311363, 188.3 ], [ 351417.175973895820789, 5528085.381052946671844, 189.0 ], [ 351414.527039380511269, 5528093.575833445414901, 189.6 ], [ 351413.077681311813649, 5528100.958695796318352, 190.0 ], [ 351412.540585290174931, 5528107.537575044669211, 190.4 ], [ 351413.151525168912485, 5528116.643607333302498, 191.3 ], [ 351414.48807410756126, 5528123.393242286518216, 191.7 ], [ 351416.91737666411791, 5528130.668968439102173, 192.3 ], [ 351419.655475023435429, 5528138.714950919151306, 193.0 ], [ 351422.218004319118336, 5528148.212098543532193, 193.8 ], [ 351424.030352318310179, 5528159.176282267086208, 194.8 ], [ 351424.651687861944083, 5528166.056928899139166, 195.5 ], [ 351424.024340265605133, 5528171.970770375803113, 196.1 ], [ 351423.047075398557354, 5528178.228042067028582, 196.6 ], [ 351421.22018260625191, 5528184.95380194298923, 196.9 ], [ 351418.36930610332638, 5528191.04031727463007, 197.0 ], [ 351413.302919193054549, 5528200.191917961463332, 197.2 ], [ 351409.677331329556182, 5528206.856113853864372, 197.4 ], [ 351407.749124807887711, 5528209.913263585418463, 197.8 ], [ 351405.02162422548281, 5528212.658729345537722, 198.2 ], [ 351405.758307918906212, 5528213.305908716283739, 198.3 ], [ 351407.300429501803592, 5528214.487113451585174, 198.6 ], [ 351409.048814639332704, 5528215.328855767846107, 198.7 ], [ 351410.566367435385473, 5528215.620700088329613, 198.9 ], [ 351412.362010177806951, 5528215.571098045445979, 199.0 ], [ 351414.363917488721199, 5528215.182033966295421, 199.3 ], [ 351416.631632279313635, 5528214.006843408569694, 199.5 ], [ 351419.027645740890875, 5528212.271835024468601, 199.9 ], [ 351422.224156298674643, 5528208.2896170867607, 200.4 ], [ 351435.735855052713305, 5528190.004370635375381, 202.2 ], [ 351440.914029670529999, 5528182.296020619571209, 203.3 ], [ 351444.987194330256898, 5528173.616898695006967, 204.4 ], [ 351447.14562189229764, 5528165.880698183551431, 204.8 ], [ 351448.177537845098414, 5528156.395529636181891, 205.1 ], [ 351448.703602276742458, 5528146.813076261430979, 205.5 ], [ 351447.918367911071982, 5528136.599306312389672, 205.7 ], [ 351447.328977312950883, 5528128.271462130360305, 205.9 ], [ 351447.281070791184902, 5528123.933842312544584, 206.0 ], [ 351448.591737012960948, 5528119.336194378323853, 206.4 ], [ 351450.907984403660521, 5528114.710777342319489, 206.8 ], [ 351453.951716905110516, 5528110.399036970920861, 207.2 ], [ 351458.416648471611552, 5528105.491778941825032, 207.7 ], [ 351463.946717939979862, 5528100.110093808732927, 208.3 ], [ 351468.654775905888528, 5528096.197426054626703, 208.8 ], [ 351476.648481702664867, 5528091.526514384895563, 209.7 ], [ 351487.562571174814366, 5528085.8849485097453, 210.8 ], [ 351508.622195025905967, 5528075.401885943487287, 213.0 ], [ 351516.687792474112939, 5528070.729052416980267, 214.0 ], [ 351522.595504858298227, 5528066.004537436179817, 214.8 ], [ 351528.298205135622993, 5528059.060590855777264, 215.3 ], [ 351543.837911420909222, 5528033.488117599859834, 216.4 ], [ 351552.863917816895992, 5528019.332178570330143, 217.4 ], [ 351574.757512720127124, 5527984.350325507111847, 220.3 ], [ 351579.367603130813222, 5527976.880313732661307, 220.9 ], [ 351582.617806403897703, 5527972.229194696992636, 221.2 ], [ 351585.755028278566897, 5527968.69374274276197, 221.6 ], [ 351589.126143387751654, 5527965.819368741475046, 221.9 ], [ 351595.405450195306912, 5527961.529710298404098, 222.7 ], [ 351608.173447836306877, 5527952.722131568007171, 224.2 ], [ 351618.349499919102527, 5527943.763568017631769, 225.1 ], [ 351622.455577431130223, 5527938.86635909602046, 225.6 ], [ 351624.819359250948764, 5527933.349680040031672, 226.0 ], [ 351636.643598017166369, 5527895.530723792500794, 229.1 ], [ 351639.829083893331699, 5527883.316109197214246, 229.4 ], [ 351643.210365177423228, 5527872.987427834421396, 229.7 ], [ 351647.953371992101893, 5527862.509942882694304, 230.4 ], [ 351658.174818927596789, 5527844.761095280759037, 231.5 ], [ 351665.703955433971714, 5527833.650530622340739, 234.0 ], [ 351671.88806062284857, 5527820.68573351111263, 237.0 ], [ 351678.656985084409826, 5527800.250759648159146, 239.2 ], [ 351680.890440393704921, 5527787.394898362457752, 239.3 ], [ 351683.185389616875909, 5527758.516674901358783, 239.7 ], [ 351685.450107743265107, 5527733.755709940567613, 240.7 ], [ 351685.643770199269056, 5527727.742620781064034, 241.1 ], [ 351685.817322939983569, 5527718.392447177320719, 241.5 ], [ 351685.546281124523375, 5527711.168368365615606, 241.7 ], [ 351684.955918922903948, 5527705.399402891285717, 241.7 ], [ 351684.888494055951014, 5527702.953659846447408, 241.6 ], [ 351685.420247375033796, 5527701.381435576826334, 241.6 ], [ 351686.048351480974816, 5527700.696592191234231, 241.6 ], [ 351687.257245364133269, 5527700.21824702154845, 241.6 ], [ 351688.687766400631517, 5527699.95630166400224, 241.6 ], [ 351691.19884008995723, 5527699.775823561474681, 241.9 ], [ 351691.100771865225397, 5527696.218379127793014, 241.6 ], [ 351691.343479054572526, 5527691.984012843109667, 241.3 ], [ 351692.16832446330227, 5527685.397251940332353, 240.8 ], [ 351692.296666919137351, 5527684.837440868839622, 240.7 ], [ 351693.245445751585066, 5527680.138592355884612, 240.1 ], [ 351694.825399513822049, 5527674.86607195623219, 239.7 ], [ 351696.423743707127869, 5527670.260572929866612, 239.5 ], [ 351698.715905147604644, 5527664.745912321843207, 238.6 ], [ 351703.395237723132595, 5527657.162868603132665, 237.7 ], [ 351698.152410464768764, 5527649.519564206711948, 237.3 ], [ 351684.442282320582308, 5527618.968722717836499, 234.9 ], [ 351710.063029114506207, 5527604.355658166110516, 231.8 ], [ 351735.686975655320566, 5527589.853888709098101, 231.1 ], [ 351741.91783595958259, 5527583.785692254081368, 230.7 ], [ 351759.58950645220466, 5527565.053007041104138, 229.9 ], [ 351777.880248662491795, 5527545.302040403708816, 229.3 ], [ 351789.75665565545205, 5527530.178015734069049, 229.5 ], [ 351785.334653519501444, 5527523.624561807140708, 230.0 ], [ 351781.618740127654746, 5527516.606641259044409, 230.5 ], [ 351780.198476370540448, 5527509.414225418120623, 230.9 ], [ 351780.082406982895918, 5527481.715053849853575, 233.0 ], [ 351778.380105076706968, 5527459.066033992916346, 235.5 ], [ 351779.067566749406978, 5527452.705589538440108, 236.6 ], [ 351801.193906269152649, 5527439.079314034432173, 239.3 ], [ 351830.123360140481964, 5527424.486999810673296, 242.5 ], [ 351848.331182595633436, 5527414.751492323353887, 244.7 ], [ 351858.251958532026038, 5527406.913030051626265, 245.5 ], [ 351865.791355763270985, 5527396.136282459832728, 246.7 ], [ 351849.697108294232748, 5527401.697115321643651, 247.9 ], [ 351842.262646328192204, 5527398.007923756726086, 249.5 ], [ 351826.017970180488192, 5527387.663587521761656, 253.7 ], [ 351814.916508387657814, 5527378.735206698998809, 257.5 ], [ 351803.767668836051598, 5527370.698187669739127, 261.6 ], [ 351804.091521002235822, 5527366.795362130738795, 262.2 ], [ 351805.084515189635567, 5527355.865076568908989, 263.9 ], [ 351819.375480305345263, 5527318.757521118037403, 265.0 ], [ 351826.669388545677066, 5527283.400258890353143, 263.8 ], [ 351832.899506103014573, 5527245.958473041653633, 263.5 ], [ 351837.16005138377659, 5527223.145258232019842, 262.8 ], [ 351838.178307666792534, 5527189.629651378840208, 261.0 ], [ 351835.163143165991642, 5527163.679151293821633, 260.5 ], [ 351829.122290636179969, 5527158.39402858633548, 260.9 ], [ 351799.347021584981121, 5527124.057631102390587, 260.2 ], [ 351798.229614656127524, 5527122.642099508084357, 260.1 ], [ 351781.159645050414838, 5527100.638877340592444, 260.4 ], [ 351764.020762009080499, 5527078.748856422491372, 261.3 ], [ 351742.346289881097618, 5527051.421124423854053, 260.1 ], [ 351720.751251744688489, 5527026.983897659927607, 262.5 ], [ 351700.898921397223603, 5527008.395208573900163, 265.7 ], [ 351688.926581833220553, 5526996.59843105264008, 265.0 ], [ 351681.437343521276489, 5526983.120547316037118, 263.3 ], [ 351673.178917813289445, 5526965.213694673962891, 259.7 ], [ 351665.913979563280009, 5526946.834448981098831, 255.2 ], [ 351661.105961781518999, 5526936.731570923700929, 252.8 ], [ 351655.234250850742683, 5526929.773145222105086, 251.1 ], [ 351647.032904141640756, 5526921.766404130496085, 249.4 ], [ 351629.042114199197385, 5526908.133087461814284, 246.0 ], [ 351618.281928432756104, 5526901.19822970405221, 244.4 ], [ 351606.34156582900323, 5526893.183390920981765, 243.2 ], [ 351603.190989974769764, 5526891.04518040176481, 242.9 ], [ 351599.147633685730398, 5526887.819046296179295, 242.6 ], [ 351595.588781761005521, 5526883.912026192061603, 242.1 ], [ 351593.769497946253978, 5526880.513306958600879, 241.9 ], [ 351593.212737132562324, 5526875.967224676162004, 241.5 ], [ 351593.524230692768469, 5526871.619706816039979, 241.0 ], [ 351595.107450426090509, 5526866.458335888572037, 240.2 ], [ 351603.259256140387151, 5526843.982627316378057, 234.9 ], [ 351616.849666530906688, 5526797.10348853841424, 226.4 ], [ 351623.368017496482935, 5526780.569350104779005, 224.6 ], [ 351610.188610567711294, 5526764.133311769925058, 222.8 ], [ 351603.052375350147486, 5526755.652237824164331, 221.8 ], [ 351600.364393884199671, 5526746.825998386368155, 221.0 ], [ 351594.551058095181361, 5526747.208816614933312, 220.6 ], [ 351586.524113485706039, 5526745.538851807825267, 219.8 ], [ 351558.201303521171212, 5526740.534779391251504, 217.5 ], [ 351543.925096680992283, 5526736.478400992229581, 217.8 ], [ 351523.711529917665757, 5526730.917047156952322, 218.6 ], [ 351511.286620144441258, 5526728.812259387224913, 218.2 ], [ 351514.071839668089524, 5526712.492239221930504, 220.7 ], [ 351515.295342555269599, 5526702.111804125830531, 220.8 ], [ 351515.320238719636109, 5526689.98436675965786, 220.1 ], [ 351512.568971002940089, 5526676.264707984402776, 218.6 ], [ 351509.300253661815077, 5526654.215233384631574, 215.5 ], [ 351507.57675883162301, 5526646.474966480396688, 214.4 ], [ 351503.234329842031002, 5526635.024306629784405, 212.6 ], [ 351497.878598893759772, 5526625.937956595793366, 210.9 ], [ 351490.865523295826279, 5526614.115979990921915, 208.8 ], [ 351484.167417900869623, 5526603.286610850133002, 206.7 ], [ 351483.523860757530201, 5526603.415625026449561, 206.5 ], [ 351481.021479670831468, 5526603.929699772968888, 205.7 ], [ 351482.09711233258713, 5526614.246694578789175, 205.9 ], [ 351481.169236165995244, 5526614.494809891097248, 205.6 ], [ 351456.995855779328849, 5526593.133549408055842, 197.6 ], [ 351455.43055586272385, 5526593.733026386238635, 196.8 ], [ 351456.379449981846847, 5526620.296692652627826, 192.7 ], [ 351454.513224100810476, 5526623.018314307555556, 191.2 ], [ 351438.348570287518669, 5526602.659889029338956, 186.6 ], [ 351437.211289634520654, 5526603.136301691643894, 185.9 ], [ 351437.543445717543364, 5526607.354809310287237, 185.0 ], [ 351437.055859517829958, 5526607.924542197026312, 184.6 ], [ 351435.655742176692002, 5526609.298247990198433, 183.5 ], [ 351427.195093967020512, 5526599.741400504484773, 181.6 ], [ 351417.025424530846067, 5526590.788021190091968, 178.7 ], [ 351401.474544604367111, 5526579.64688961673528, 173.0 ], [ 351399.13312246510759, 5526570.366146120242774, 174.5 ], [ 351393.334368590964004, 5526566.076073574833572, 172.2 ], [ 351388.885873088089284, 5526579.438217260874808, 165.3 ], [ 351393.533729715854861, 5526599.335720120929182, 161.6 ], [ 351391.603061903151684, 5526599.72279548086226, 160.3 ], [ 351384.838376955711283, 5526596.905716484412551, 157.0 ], [ 351380.348240814113524, 5526593.135795683600008, 155.1 ], [ 351378.645393621001858, 5526593.961603151634336, 153.7 ], [ 351379.810895987669937, 5526599.714662010781467, 152.6 ], [ 351382.731428886530921, 5526606.531803069636226, 152.1 ], [ 351380.447668240289204, 5526607.151142582297325, 150.4 ], [ 351365.022647886769846, 5526587.551280424930155, 146.0 ], [ 351364.745056023704819, 5526619.155287137255073, 135.4 ], [ 351349.470467663893942, 5526605.002795298583806, 129.4 ], [ 351345.97633426822722, 5526595.642655017785728, 129.7 ], [ 351343.674148040707223, 5526595.594990591518581, 128.2 ], [ 351318.091000046464615, 5526601.308171480894089, 115.0 ], [ 351316.519573521451093, 5526601.685349371284246, 114.2 ], [ 351298.56038941827137, 5526563.242365323938429, 113.9 ], [ 351290.085101525648497, 5526537.554180361330509, 114.0 ], [ 351281.681589949293993, 5526511.864022733643651, 114.3 ], [ 351274.824888937058859, 5526484.907328613102436, 115.0 ], [ 351273.313995850388892, 5526469.262156097218394, 115.8 ], [ 351272.927605265926104, 5526460.4837059173733, 116.4 ], [ 351273.714692885347176, 5526447.333891940303147, 117.5 ], [ 351275.5510274869157, 5526414.908009272068739, 118.5 ], [ 351277.456177150830626, 5526382.368973881006241, 118.3 ], [ 351275.434673161944374, 5526343.040648952126503, 118.6 ], [ 351273.738105236319825, 5526310.267377560958266, 118.4 ], [ 351272.041531646274962, 5526277.494107823818922, 120.2 ], [ 351268.520482865162194, 5526251.557793849147856, 120.7 ], [ 351264.924485178780742, 5526225.512298133224249, 120.3 ], [ 351260.459404861321673, 5526194.039338261820376, 119.0 ], [ 351256.063067123875953, 5526162.453227017074823, 118.9 ], [ 351251.594838044547942, 5526130.869105438701808, 118.4 ], [ 351247.126570367952809, 5526099.28498796094209, 117.7 ], [ 351244.724983770109247, 5526077.434175211936235, 117.6 ], [ 351241.551920377300121, 5526048.484381444752216, 117.2 ], [ 351240.561956017627381, 5526007.458746935240924, 117.5 ], [ 351243.775987090892158, 5525975.439822321757674, 119.0 ], [ 351246.559089399001095, 5525956.449611887335777, 119.5 ], [ 351243.472357011924032, 5525956.646167292259634, 119.7 ], [ 351240.551525367889553, 5525962.845894115045667, 119.8 ], [ 351233.228566083300393, 5525976.287584502249956, 120.2 ], [ 351223.50439031154383, 5525993.912078514695168, 120.6 ], [ 351217.539682237082161, 5525988.847967335954309, 121.3 ], [ 351211.223972612759098, 5525999.702992990612984, 121.6 ], [ 351201.974518474016804, 5526011.084143469110131, 120.5 ], [ 351192.244801492895931, 5526020.698512415401638, 120.4 ], [ 351178.91622499038931, 5526030.189889604225755, 120.3 ], [ 351157.654845324286725, 5526041.458218143321574, 120.1 ], [ 351141.162843356840312, 5526048.367053466849029, 120.0 ], [ 351127.352163400268182, 5526053.421704955399036, 119.9 ], [ 351096.453246649645735, 5526064.623078281991184, 119.7 ], [ 351051.746981852978934, 5526080.990649756044149, 119.4 ], [ 351007.037897412315942, 5526097.247428291477263, 119.2 ], [ 350962.329068638267927, 5526113.504583690315485, 118.9 ], [ 350917.62049553275574, 5526129.76211595069617, 118.6 ], [ 350908.850234846584499, 5526132.452644096687436, 118.5 ], [ 350905.557283808244392, 5526132.988875539973378, 119.2 ], [ 350900.671235446061473, 5526133.12421749625355, 120.1 ], [ 350898.300064930110238, 5526133.189899750053883, 120.6 ], [ 350898.322651760128792, 5526146.984904018230736, 120.7 ], [ 350900.160047517158091, 5526145.821456409990788, 120.3 ], [ 350902.935646667378023, 5526142.184409649111331, 119.8 ], [ 350904.487681690661702, 5526143.698989873751998, 119.5 ], [ 350912.274558812729083, 5526139.255610260181129, 118.1 ], [ 350922.291989844408818, 5526134.861719417385757, 116.3 ], [ 350927.203706817759667, 5526133.056860347278416, 115.6 ], [ 350942.371671919478104, 5526177.027562905102968, 115.2 ], [ 350950.588392897043377, 5526198.494757954031229, 115.0 ], [ 350955.391119284438901, 5526210.933584943413734, 114.9 ], [ 350967.018577990762424, 5526241.318013982847333, 114.7 ], [ 350983.523454869922716, 5526284.25049816723913, 114.5 ], [ 350999.95316371996887, 5526327.073849676176906, 114.4 ], [ 351016.385712143324781, 5526370.008418651297688, 114.5 ], [ 351031.249793117051013, 5526405.64361072704196, 114.4 ], [ 351046.116770154447295, 5526441.390011646784842, 114.4 ], [ 351060.908640528155956, 5526477.027270032092929, 114.0 ], [ 351073.139699033345096, 5526503.278749201446772, 114.1 ], [ 351085.4424950699904, 5526529.528266814537346, 113.9 ], [ 351096.761943643214181, 5526554.024935184046626, 114.0 ], [ 351111.283428705413826, 5526585.108336141332984, 113.9 ], [ 351125.804757986450568, 5526616.191774366423488, 113.9 ], [ 351140.25408476148732, 5526647.27723715081811, 114.2 ], [ 351150.052302247961052, 5526663.583211624063551, 114.2 ], [ 351160.533974987454712, 5526681.205358642153442, 114.2 ], [ 351185.564318673335947, 5526723.12379212025553, 114.0 ], [ 351210.522447061142884, 5526765.044323253445327, 114.1 ], [ 351235.555124146456365, 5526807.07414888124913, 114.0 ], [ 351261.148436361574568, 5526838.185602800920606, 113.7 ], [ 351275.682242908573244, 5526859.367358843795955, 114.5 ], [ 351290.219011773937382, 5526880.660322484560311, 115.7 ], [ 351301.933967453544028, 5526890.905809490941465, 114.2 ], [ 351313.551948235603049, 5526908.051798889413476, 114.1 ], [ 351324.192899188026786, 5526923.667236574925482, 114.0 ], [ 351342.012031854945235, 5526951.878692078404129, 113.5 ], [ 351354.798959926818497, 5526980.117947741411626, 114.3 ], [ 351367.585763733193744, 5527008.357232295908034, 114.0 ], [ 351374.5127367147943, 5527030.083100298419595, 114.1 ], [ 351375.223791240248829, 5527032.399811699055135, 114.1 ], [ 351382.861758172046393, 5527056.442401431500912, 114.2 ], [ 351390.629234173102304, 5527090.383099457249045, 114.6 ], [ 351398.396627906011418, 5527124.323808417655528, 114.6 ], [ 351406.163939369900618, 5527158.264528311789036, 114.9 ], [ 351411.021362136583775, 5527196.179529377259314, 114.8 ], [ 351415.947505370015278, 5527233.981381741352379, 115.2 ], [ 351418.905104241217487, 5527273.395163932815194, 115.5 ], [ 351421.931449396070093, 5527312.695795363746583, 114.9 ], [ 351421.022085410368163, 5527339.644570139236748, 115.1 ], [ 351420.109670730424114, 5527366.482176228426397, 114.9 ], [ 351415.353090337710455, 5527392.090883880853653, 114.7 ], [ 351415.165210510545876, 5527393.097365751862526, 114.7 ], [ 351410.596564083360136, 5527417.699597544968128, 113.9 ], [ 351398.830287603661418, 5527452.40230570640415, 114.0 ], [ 351387.064178197761066, 5527487.105044243857265, 114.1 ], [ 351375.298235866648611, 5527521.807813155464828, 113.5 ], [ 351356.137768163927831, 5527554.267300090752542, 113.6 ], [ 351336.905708567122929, 5527586.728846135549247, 113.5 ], [ 351312.460755806707311, 5527620.447088077664375, 113.3 ], [ 351281.685575274168514, 5527654.006673449650407, 113.6 ], [ 351250.910785356012639, 5527687.566443862393498, 113.8 ], [ 351222.756463197467383, 5527714.489892587997019, 113.7 ], [ 351217.713652744481806, 5527719.30206352006644, 113.7 ], [ 351194.602425455348566, 5527741.413495107553899, 113.7 ], [ 351166.179798402474262, 5527769.012220731936395, 113.6 ], [ 351137.760542112169787, 5527796.722273277118802, 113.5 ], [ 351127.581873581046239, 5527805.570583785884082, 113.4 ], [ 351115.31090554757975, 5527814.143053743056953, 113.4 ], [ 351075.117079089512117, 5527837.172854099422693, 113.8 ], [ 351036.058515847777016, 5527857.056387514807284, 113.3 ], [ 351005.789144840091467, 5527867.240083600394428, 113.6 ], [ 350975.519881603657268, 5527877.42395231872797, 113.3 ], [ 350932.537757749087177, 5527885.401376720517874, 113.5 ], [ 350890.986186061403714, 5527893.116987776011229, 113.2 ], [ 350856.639988360228017, 5527891.065188481472433, 113.3 ], [ 350843.536070722911973, 5527890.315940069034696, 113.3 ], [ 350796.08588634658372, 5527887.515309788286686, 113.7 ], [ 350752.086571686377283, 5527884.730611396953464, 113.9 ], [ 350708.015364259073976, 5527881.948265253566206, 114.0 ], [ 350664.015924717532471, 5527879.164285167120397, 114.0 ], [ 350619.944592312851455, 5527876.382658503949642, 115.1 ], [ 350576.915878156200051, 5527874.907499561086297, 115.6 ], [ 350533.812204925634433, 5527873.323509943671525, 115.2 ], [ 350490.780320542922709, 5527871.737868783995509, 114.3 ], [ 350482.804040437389631, 5527871.84829259943217, 114.3 ], [ 350440.895927933393978, 5527871.900653658434749, 114.5 ], [ 350398.919061659020372, 5527872.066508543677628, 114.7 ], [ 350373.824744909536093, 5527874.433246314525604, 114.2 ], [ 350348.658614198619034, 5527876.802099728025496, 113.9 ], [ 350349.692496188799851, 5527864.868951163254678, 116.4 ], [ 350346.016761568724178, 5527864.526179312728345, 116.3 ], [ 350348.543627183884382, 5527851.99521869327873, 118.0 ], [ 350341.017551340046339, 5527850.201975969597697, 118.1 ], [ 350340.14111302990932, 5527857.457995896227658, 117.2 ], [ 350337.057791145751253, 5527883.577671467326581, 116.9 ], [ 350336.657040253281593, 5527887.260267790406942, 116.8 ], [ 350334.046338722808287, 5527909.695351966656744, 116.5 ], [ 350329.751597997965291, 5527946.529316088184714, 116.0 ], [ 350325.456934869580436, 5527983.363286706618965, 115.5 ], [ 350321.969983711489476, 5528013.054406645707786, 115.1 ], [ 350318.483083249127958, 5528042.745530843734741, 114.7 ], [ 350318.644617823534645, 5528045.967460945248604, 115.1 ], [ 350319.52443454740569, 5528049.169404806569219, 115.4 ], [ 350320.735551703197416, 5528051.360826145857573, 115.5 ], [ 350322.79313964775065, 5528052.972414946183562, 115.6 ], [ 350327.739317914005369, 5528055.059913023374975, 115.7 ], [ 350333.675620628346223, 5528056.563587606884539, 115.8 ], [ 350340.486228424008004, 5528058.487968334928155, 115.8 ], [ 350346.89679014403373, 5528061.536046762019396, 115.9 ], [ 350351.670763553993311, 5528065.185940776951611, 116.0 ], [ 350360.57475712406449, 5528051.921295513398945, 115.0 ] ] ] } },
{ "type": "Feature", "properties": { "name": "Von Bernkastel-Kues nach Traben-Trarbach", "km": 6.155, "darstell": "finished" }, "geometry": { "type": "MultiLineString", "coordinates": [ [ [ 361780.152025967254303, 5531076.413011357188225, 107.7682 ], [ 361780.235549471224658, 5531074.074700676836073, 107.7817 ], [ 361781.860429786262102, 5531050.671285344287753, 107.8287 ], [ 361809.16771690454334, 5531048.300339522771537, 109.04153 ], [ 361812.436162906000391, 5531066.460605564527214, 109.30755 ], [ 361819.513970638625324, 5531067.947299202904105, 109.6181 ], [ 361819.298294061736669, 5531070.733989681117237, 109.58421 ], [ 361818.464176611392759, 5531082.992474797181785, 109.47698 ], [ 361818.241823492688127, 5531093.900280507281423, 109.54346 ], [ 361820.691366518381983, 5531116.531439233571291, 110.30879 ], [ 361820.800311936822254, 5531117.974833387881517, 110.37532 ], [ 361861.847797971102409, 5531130.380284292623401, 115.39833 ], [ 361875.256795292953029, 5531132.260534979403019, 117.65111 ], [ 361874.863237417652272, 5531133.716845351271331, 117.72285 ], [ 361866.348592004273087, 5531165.751992221921682, 119.37346 ], [ 361865.121870985953137, 5531171.123321920633316, 119.89228 ], [ 361864.018715874175541, 5531175.712755342014134, 120.40198 ], [ 361864.273392503033392, 5531182.825938493013382, 121.77834 ], [ 361861.300676793558523, 5531190.133329248055816, 122.58138 ], [ 361860.829629090614617, 5531191.369141521863639, 122.75256 ], [ 361856.122358698397875, 5531201.057285876013339, 124.04595 ], [ 361841.295569793321192, 5531219.460276581346989, 125.74583 ], [ 361840.178483269410208, 5531220.712700597941875, 125.85345 ], [ 361824.539327588514425, 5531238.246662402525544, 127.05319 ], [ 361810.994710086495616, 5531270.188770997337997, 131.29252 ], [ 361797.450265100691468, 5531302.130918091163039, 134.71297 ], [ 361790.878559732926078, 5531323.102914596907794, 137.38692 ], [ 361786.652228507795371, 5531348.686923290602863, 142.196 ], [ 361782.354164928314276, 5531374.272783321328461, 144.64569 ], [ 361781.397554652881809, 5531378.969716702587903, 144.95797 ], [ 361784.661129373474978, 5531388.564163581468165, 146.94095 ], [ 361790.137275593180675, 5531408.781307796947658, 150.10268 ], [ 361803.652763540507294, 5531428.791690803132951, 152.99425 ], [ 361807.019504395313561, 5531439.607200409285724, 153.90803 ], [ 361807.274570195120759, 5531443.939229927957058, 154.25436 ], [ 361807.632866052445024, 5531449.49230929557234, 154.73213 ], [ 361807.600510513293557, 5531456.612877795472741, 155.36402 ], [ 361804.612553200277034, 5531474.489064627327025, 156.94892 ], [ 361803.463184476015158, 5531482.862066728062928, 157.75132 ], [ 361805.431483364081942, 5531495.15973827522248, 159.05704 ], [ 361807.281949612253811, 5531508.46165391523391, 160.69854 ], [ 361809.171837405185215, 5531528.882293451577425, 163.94069 ], [ 361807.260493360867258, 5531574.653515453450382, 172.68029 ], [ 361816.603696344536729, 5531622.360209189355373, 177.9278 ], [ 361826.48186442675069, 5531660.152273018844426, 179.74782 ], [ 361827.810103836236522, 5531669.907755590043962, 180.50471 ], [ 361826.436854953295551, 5531677.952775513753295, 181.10525 ], [ 361822.427885674056597, 5531686.844299904070795, 181.64506 ], [ 361811.69677998975385, 5531705.253369363956153, 183.7806 ], [ 361811.556086335913278, 5531705.36823382973671, 183.79276 ], [ 361803.860836232430302, 5531713.353371047414839, 184.98527 ], [ 361789.805272421101108, 5531730.9580316869542, 188.36303 ], [ 361784.690889876335859, 5531741.546714111231267, 190.62011 ], [ 361780.977449103142135, 5531753.545560111291707, 193.06259 ], [ 361779.157967424951494, 5531774.951593087054789, 196.24506 ], [ 361781.370187965338118, 5531788.355444524437189, 198.0317 ], [ 361788.263551489100792, 5531816.2120969472453, 200.97944 ], [ 361793.510018921399023, 5531833.097769587300718, 201.78878 ], [ 361797.218863905407488, 5531837.674696280620992, 202.26885 ], [ 361826.753055281587876, 5531860.610454240813851, 205.37529 ], [ 361843.721729670243803, 5531875.303531906567514, 206.30494 ], [ 361851.908776325173676, 5531883.658947045914829, 207.12984 ], [ 361857.167358211183455, 5531892.645900086499751, 207.67191 ], [ 361861.205768291838467, 5531901.664230125956237, 208.25506 ], [ 361862.37956145091448, 5531905.416411380283535, 208.47627 ], [ 361867.238274818053469, 5531921.199655181728303, 210.08374 ], [ 361868.732821817160584, 5531931.840837768279016, 211.18175 ], [ 361868.809700161276851, 5531962.765227721072733, 213.45148 ], [ 361868.817675803555176, 5531993.802636818028986, 216.3718 ], [ 361871.763864157604985, 5532013.417418046854436, 219.04025 ], [ 361879.075746878399514, 5532040.818420610390604, 223.56204 ], [ 361886.387564453063533, 5532068.219432854093611, 228.37711 ], [ 361893.70217481238069, 5532095.731627236120403, 233.62734 ], [ 361897.522222675790545, 5532104.644345991313457, 235.50857 ], [ 361901.48898493219167, 5532110.883393405936658, 236.8869 ], [ 361913.486375660519116, 5532133.380416487343609, 240.47723 ], [ 361928.154628936783411, 5532170.382032026536763, 246.04437 ], [ 361941.191992252483033, 5532208.20431493036449, 250.09968 ], [ 361953.922114911605604, 5532245.255797825753689, 254.11587 ], [ 361966.723847476474475, 5532282.305465577170253, 258.77322 ], [ 361979.187291947426274, 5532314.580276654101908, 260.92696 ], [ 361991.722367005015258, 5532346.853271647356451, 264.49756 ], [ 361991.397437197039835, 5532350.977717390283942, 264.59072 ], [ 361991.722367005015258, 5532346.853271647356451, 264.49756 ], [ 362006.993522599688731, 5532354.24817353207618, 266.57349 ], [ 362013.718949705536943, 5532358.858986021019518, 267.4531 ], [ 362042.737744960002601, 5532387.037579355761409, 269.53854 ], [ 362048.57580638770014, 5532393.451155403628945, 270.25678 ], [ 362062.673642405075952, 5532413.892101779580116, 272.56946 ], [ 362067.992156558146235, 5532419.651563039049506, 273.67943 ], [ 362076.879017311846837, 5532424.540687010623515, 276.04963 ], [ 362081.839488738391083, 5532424.747062774375081, 277.79195 ], [ 362082.934336220205296, 5532436.622256016358733, 276.86705 ], [ 362102.483324676810298, 5532456.812096677720547, 281.33077 ], [ 362108.865992484730668, 5532467.661584082990885, 281.92554 ], [ 362114.042881381174084, 5532479.098258551210165, 281.6792 ], [ 362114.374759111495223, 5532486.431962684728205, 280.17404 ], [ 362114.589211195358075, 5532491.988748204894364, 278.99368 ], [ 362115.036082966951653, 5532498.207042570225894, 277.73671 ], [ 362115.632615973241627, 5532501.862841701135039, 277.11566 ], [ 362119.463887205172796, 5532508.439245733432472, 276.99966 ], [ 362123.571224212646484, 5532511.782437833957374, 277.72022 ], [ 362137.604596608900465, 5532518.541980913840234, 281.31868 ], [ 362164.130822018429171, 5532525.20346494205296, 289.62626 ], [ 362206.313225376885384, 5532531.908415880054235, 302.50316 ], [ 362228.352773712715134, 5532537.239112793467939, 307.9693 ], [ 362233.192409614566714, 5532538.338688303716481, 309.16482 ], [ 362248.310594860929996, 5532545.40442574582994, 310.97972 ], [ 362289.044985015818384, 5532557.264449032023549, 317.07178 ], [ 362301.61240342957899, 5532557.276004976592958, 319.99003 ], [ 362315.133236499736086, 5532555.260730259120464, 323.66958 ], [ 362326.14568238548236, 5532550.639885394833982, 327.46261 ], [ 362341.209408201044425, 5532541.576658979989588, 332.90615 ], [ 362360.45770517596975, 5532522.060410371050239, 341.17411 ], [ 362363.535622725379653, 5532518.866666813381016, 342.46004 ], [ 362370.614767062943429, 5532517.684070868417621, 343.78824 ], [ 362372.434539598471019, 5532518.638655402697623, 343.85517 ], [ 362375.065961919608526, 5532523.243549216538668, 343.29052 ], [ 362383.100935073976871, 5532550.960329512134194, 340.99464 ], [ 362391.138682946097106, 5532578.788294048979878, 341.80195 ], [ 362399.993094405857846, 5532599.253139949403703, 344.19681 ], [ 362409.340113111480605, 5532610.916980119422078, 346.96845 ], [ 362421.514942319947295, 5532620.839721469208598, 350.26305 ], [ 362431.715667192125693, 5532626.585717027075589, 352.71859 ], [ 362442.467704694019631, 5532631.427647886797786, 354.97121 ], [ 362443.922912664362229, 5532632.169099797494709, 355.22561 ], [ 362457.669082014122978, 5532636.155664935708046, 357.78447 ], [ 362474.912335374159738, 5532636.492869368754327, 361.16958 ], [ 362522.908131887554191, 5532634.707999290898442, 367.0695 ], [ 362570.120227680192329, 5532633.166101177223027, 371.53659 ], [ 362575.221151881269179, 5532633.258083774708211, 372.22566 ], [ 362605.840907438483555, 5532634.365944259800017, 376.55039 ], [ 362636.535249668639153, 5532635.583316430449486, 379.89827 ], [ 362652.687101876770612, 5532638.173908254131675, 380.92072 ], [ 362675.984755082754418, 5532636.577021379955113, 383.45494 ], [ 362695.314796696824487, 5532637.084071869030595, 385.86076 ], [ 362705.581980168120936, 5532639.825250814668834, 387.06796 ], [ 362730.883232923108153, 5532649.190672327764332, 390.30323 ], [ 362745.493118606042117, 5532653.267134241759777, 392.1321 ], [ 362760.088027570629492, 5532659.568922738544643, 393.62069 ], [ 362796.351837836089544, 5532667.987084050662816, 397.35173 ], [ 362832.615524852823, 5532676.405488185584545, 400.95425 ], [ 362847.572256296640262, 5532671.573748863302171, 401.41328 ], [ 362854.244203385256696, 5532668.511014506220818, 401.51661 ], [ 362866.484896006295457, 5532655.739027353003621, 401.24356 ], [ 362882.663348063826561, 5532625.623550630174577, 401.16248 ], [ 362889.794771778513677, 5532612.425827542319894, 400.87555 ], [ 362930.989985141379293, 5532631.176062951795757, 398.00682 ], [ 362895.166713022859767, 5532676.588393554091454, 399.96809 ], [ 362958.337346214335412, 5532706.681150082498789, 394.36762 ], [ 362964.390094636240974, 5532710.30905634816736, 393.83642 ], [ 363006.015957867959514, 5532734.722336209379137, 390.06754 ], [ 363024.918007091153413, 5532743.807338535785675, 388.53328 ], [ 363048.078574485494755, 5532756.566151166334748, 385.07446 ], [ 363072.968910655588843, 5532772.395821401849389, 377.23624 ], [ 363073.847058249637485, 5532773.040904647670686, 376.93848 ], [ 363092.444883524265606, 5532789.921038659289479, 370.86954 ], [ 363111.114354387624189, 5532806.79940642695874, 365.65325 ], [ 363129.050996561418287, 5532825.921408389694989, 360.57646 ], [ 363146.99034601461608, 5532845.154641249217093, 354.88939 ], [ 363163.210146190365776, 5532864.542982961051166, 349.50376 ], [ 363179.360903832362965, 5532884.044372915290296, 344.59855 ], [ 363188.613175004371442, 5532897.714300354011357, 341.66512 ], [ 363200.146520055481233, 5532922.005652740597725, 337.32015 ], [ 363202.459748726745602, 5532931.068816456012428, 336.10962 ], [ 363206.867186230956577, 5532943.415989144705236, 334.47782 ], [ 363214.583940362324938, 5532964.467228815890849, 332.41461 ], [ 363220.9420033384813, 5532980.102079392410815, 331.64931 ], [ 363226.885594160063192, 5532990.741470682434738, 331.25094 ], [ 363245.353701040963642, 5533013.855103866197169, 329.69702 ], [ 363265.914636733243242, 5533051.488591119647026, 328.08657 ], [ 363286.403541926527396, 5533089.123980621807277, 321.99341 ], [ 363303.990979552618228, 5533117.1549858963117, 317.85097 ], [ 363319.709971596952528, 5533136.667740834876895, 314.035 ], [ 363328.133578413398936, 5533146.020421025343239, 311.88981 ], [ 363345.767199453082867, 5533164.594562116079032, 307.00454 ], [ 363372.205569083569571, 5533193.401761202141643, 299.23008 ], [ 363379.257149017066695, 5533202.455686108209193, 297.54681 ], [ 363379.701826464035548, 5533203.000597710721195, 297.44417 ], [ 363384.130574209382758, 5533210.563825469464064, 296.80422 ], [ 363394.339736487250775, 5533233.665533688850701, 296.78832 ], [ 363404.548817090864759, 5533256.767260509543121, 297.34244 ], [ 363415.649285768158734, 5533275.39654094260186, 297.12005 ], [ 363423.733535350300372, 5533285.536701116710901, 296.55137 ], [ 363429.090391802950762, 5533290.072748528793454, 295.85613 ], [ 363435.552909754042048, 5533292.912012211047113, 294.5542 ], [ 363477.920622879755683, 5533304.405425976030529, 285.82151 ], [ 363486.251542852376588, 5533307.30849499348551, 284.51343 ], [ 363512.04544288123725, 5533322.115874722599983, 281.76847 ], [ 363516.760340381064452, 5533323.998447962105274, 281.13483 ], [ 363524.666331499698572, 5533327.134863409213722, 279.9778 ], [ 363564.706295288051479, 5533351.592480906285346, 274.95885 ], [ 363597.645096886146348, 5533376.341994543559849, 271.24148 ], [ 363610.369082057382911, 5533388.255724781192839, 270.25091 ], [ 363633.633936286263634, 5533402.460424591787159, 266.39624 ], [ 363656.826912704855204, 5533416.667045057751238, 263.5968 ], [ 363692.48220334853977, 5533429.667455642484128, 257.91487 ], [ 363722.459159940946847, 5533445.25957597233355, 254.5037 ], [ 363727.225874962750822, 5533446.362299462780356, 253.50312 ], [ 363754.847318137297407, 5533459.678233845159411, 249.72569 ], [ 363782.465800558275077, 5533472.883135115727782, 246.05301 ], [ 363798.949410189758055, 5533477.359780979342759, 243.05484 ], [ 363819.037518570956308, 5533482.41253141593188, 239.4696 ], [ 363841.559521884017158, 5533487.181152147240937, 234.99629 ], [ 363864.296737741096877, 5533491.944409502670169, 229.95767 ], [ 363890.610447553219274, 5533501.845594423823059, 225.10808 ], [ 363919.995476318697911, 5533516.786313096061349, 220.15408 ], [ 363948.623538006446324, 5533535.862405979074538, 215.50896 ], [ 363955.597657861886546, 5533541.915395579300821, 214.41041 ], [ 363965.000175139459316, 5533553.135358031839132, 213.46402 ], [ 363982.399585831095465, 5533573.942267576232553, 210.1376 ], [ 363999.796049284515902, 5533594.638058693148196, 205.92555 ], [ 364011.68158898933325, 5533610.356225126422942, 203.60519 ], [ 364015.101808973588049, 5533617.834222150966525, 203.53932 ], [ 364016.06280292221345, 5533624.595789051614702, 204.28747 ], [ 364015.15547458815854, 5533631.293426318094134, 205.63959 ], [ 364012.001371803868096, 5533637.158009329810739, 207.56858 ], [ 364006.537196909077466, 5533642.524878386408091, 210.10119 ], [ 364002.446086957352236, 5533645.409601853229105, 211.74221 ], [ 363980.71881904033944, 5533660.644193756394088, 217.87575 ], [ 363959.066239633306395, 5533675.988231275230646, 219.02496 ], [ 363947.776521883672103, 5533686.620003586634994, 216.99505 ], [ 363946.722815019544214, 5533687.536657460965216, 216.77139 ], [ 363938.517217630986124, 5533706.544881754554808, 209.27488 ], [ 363936.869977968861349, 5533712.371331857517362, 206.76218 ], [ 363939.771103291772306, 5533719.194971458055079, 203.66977 ], [ 363954.582232743734494, 5533714.369908983819187, 204.61271 ], [ 363966.89744294405682, 5533701.709769334644079, 208.33625 ], [ 363974.456462822738104, 5533702.519471266306937, 206.90226 ], [ 363978.928919692058116, 5533706.188481311313808, 204.8859 ], [ 363981.310852453345433, 5533712.357827171683311, 202.25281 ], [ 363976.65010947920382, 5533718.260601502843201, 200.56093 ], [ 363967.587341752834618, 5533723.273701719939709, 199.55076 ], [ 363961.342514576390386, 5533728.994133812375367, 197.86739 ], [ 363954.170758397900499, 5533740.634012527763844, 194.64308 ], [ 363943.351295915839728, 5533758.484773620031774, 192.86362 ], [ 363928.753480457118712, 5533785.887086713686585, 190.30044 ], [ 363923.047829569375608, 5533798.713549109175801, 188.75017 ], [ 363918.91482326440746, 5533805.604205795563757, 188.17239 ], [ 363910.949713328969665, 5533814.260658802464604, 188.15833 ], [ 363905.501217235461809, 5533817.402357722632587, 188.80667 ], [ 363892.986341600655578, 5533822.16936201415956, 190.71105 ], [ 363886.554652036633343, 5533829.00707192812115, 190.14134 ], [ 363892.127355798438657, 5533836.430429258383811, 187.30161 ], [ 363898.522857224976178, 5533839.494400918483734, 185.54907 ], [ 363911.510658416198567, 5533842.057555444538593, 182.62185 ], [ 363928.104030492831953, 5533842.415720210410655, 179.16723 ], [ 363959.793684846081305, 5533835.049292000941932, 175.00163 ], [ 363997.839325665379874, 5533823.51725844386965, 171.47737 ], [ 364026.033151722629555, 5533811.345027029514313, 169.11381 ], [ 364062.947957814205438, 5533794.8361113127321, 164.63662 ], [ 364086.762642248068005, 5533788.337295348756015, 162.55346 ], [ 364106.340019075432792, 5533784.615690439008176, 161.3354 ], [ 364138.070990875014104, 5533781.699063000269234, 158.89765 ], [ 364179.966290050419047, 5533780.416656631045043, 153.64904 ], [ 364221.858783823554404, 5533779.02340433280915, 144.80132 ], [ 364232.748847132665105, 5533786.646368451416492, 141.29073 ], [ 364239.547909249842633, 5533791.480441940948367, 139.11186 ], [ 364241.372529104060959, 5533792.657993727363646, 138.52493 ], [ 364246.353913516388275, 5533799.429184287786484, 137.01988 ], [ 364251.55171001132112, 5533814.760707187466323, 135.49609 ], [ 364252.609430513810366, 5533822.521056288853288, 135.13427 ], [ 364252.22199056041427, 5533844.112217474728823, 134.3367 ], [ 364252.82525904790964, 5533853.775207070633769, 133.22911 ], [ 364255.216431563603692, 5533868.843958517536521, 131.02817 ], [ 364257.516323168645613, 5533877.462857391685247, 129.56489 ], [ 364260.082192460307851, 5533882.403975632973015, 128.51726 ], [ 364281.038145161350258, 5533919.029768027365208, 121.59542 ], [ 364289.512093211291358, 5533936.169659370556474, 118.90258 ], [ 364291.651556007331237, 5533944.125160458497703, 117.90643 ], [ 364293.205806655692868, 5533951.650477231480181, 117.09227 ], [ 364288.526072333392221, 5533976.687451347708702, 115.27753 ], [ 364287.588902500923723, 5533985.0544513175264, 114.75009 ], [ 364282.360398115008138, 5534016.779955746605992, 114.01077 ], [ 364277.131968063709792, 5534048.505467806942761, 113.9143 ], [ 364274.192784744023811, 5534065.711372762918472, 114.04439 ], [ 364270.552598423324525, 5534100.622828518040478, 113.85095 ], [ 364268.775572878192179, 5534112.682126637548208, 113.95195 ], [ 364268.765517266176175, 5534120.803207077085972, 113.73861 ], [ 364277.365094576496631, 5534165.639701557345688, 112.28918 ], [ 364285.961743225285318, 5534210.365037000738084, 112.4776 ], [ 364288.874758902820759, 5534220.525865639559925, 112.57346 ], [ 364297.726820956682786, 5534232.761454846709967, 112.17445 ], [ 364303.316910338937305, 5534238.071122154593468, 111.84359 ], [ 364308.750949704553932, 5534240.047413511201739, 111.51617 ], [ 364311.505243730323855, 5534241.090241186320782, 111.36499 ], [ 364319.237828708137386, 5534243.119692894630134, 110.98308 ], [ 364321.772008095344063, 5534263.858307549729943, 111.05522 ], [ 364322.62802487576846, 5534283.526893119327724, 111.07999 ], [ 364325.125466312398203, 5534308.493716832250357, 110.79535 ], [ 364331.46749036712572, 5534329.358591380529106, 110.27992 ], [ 364340.63564836292062, 5534345.591043777763844, 109.74338 ], [ 364351.493324805283919, 5534357.66478456184268, 109.27112 ], [ 364357.211379023035988, 5534359.522698709741235, 108.84283 ], [ 364371.024854147457518, 5534360.731110113672912, 107.8488 ], [ 364379.926275929494295, 5534360.728716743178666, 107.34199 ], [ 364389.787128724390641, 5534358.922195779159665, 106.97574 ], [ 364414.264919557143003, 5534353.18669175170362, 107.14757 ], [ 364420.17290582798887, 5534354.038678189739585, 107.27703 ], [ 364427.090871021675412, 5534355.087653234601021, 107.55379 ], [ 364434.816074058180675, 5534359.676063264720142, 108.01408 ], [ 364439.682881098880898, 5534364.781638656742871, 108.34021 ], [ 364441.306083848234266, 5534366.520555809140205, 108.46161 ], [ 364445.306381975067779, 5534371.425528274849057, 108.72195 ], [ 364447.970436294097453, 5534374.584338315762579, 108.91599 ], [ 364450.04372402804438, 5534377.090601771138608, 109.06242 ], [ 364466.828002765076235, 5534402.141720633022487, 109.59064 ], [ 364471.229051486589015, 5534408.70525393076241, 109.55464 ], [ 364476.355562915094197, 5534421.25765566714108, 108.8516 ], [ 364485.224601661786437, 5534442.726354224607348, 108.04258 ], [ 364491.801090778608341, 5534458.690731720998883, 107.65542 ], [ 364506.081766964867711, 5534495.485782153904438, 107.25343 ], [ 364511.624527174222749, 5534507.471485833637416, 107.42485 ], [ 364515.853152659605257, 5534524.273855656385422, 107.70646 ], [ 364522.888779927627183, 5534549.904909765347838, 107.974 ], [ 364525.335897358949296, 5534555.850329677574337, 107.95455 ], [ 364527.327332959510386, 5534560.806054045446217, 107.84887 ], [ 364538.120454830001108, 5534578.888947271741927, 106.8963 ], [ 364545.991123683401383, 5534589.258520253933966, 105.89267 ], [ 364551.338544769212604, 5534596.354450363665819, 105.02288 ], [ 364562.942294434411451, 5534606.741095570847392, 103.58009 ], [ 364571.057752125605475, 5534615.43586540967226, 102.65737 ], [ 364574.573615231725853, 5534623.912953828461468, 102.19926 ], [ 364572.526905688107945, 5534625.299518133513629, 102.17912 ], [ 364574.573615231725853, 5534623.912953828461468, 102.19926 ], [ 364578.308667749050073, 5534635.388103052042425, 102.10631 ], [ 364579.944151029572822, 5534640.464068258181214, 102.153 ], [ 364590.686757962161209, 5534670.785171235911548, 102.19722 ], [ 364588.126692147809081, 5534671.739704169332981, 102.19745 ], [ 364590.686757962161209, 5534670.785171235911548, 102.19722 ], [ 364595.801560235675424, 5534682.892989289015532, 102.06527 ], [ 364600.225850153365172, 5534693.238324980251491, 101.97821 ], [ 364604.973521599953528, 5534705.02167906332761, 101.98663 ], [ 364609.944792749010958, 5534717.13312891125679, 102.00813 ], [ 364618.709606347722001, 5534728.81517150066793, 100.70879 ], [ 364623.606075017130934, 5534726.578042812645435, 100.77387 ], [ 364662.42209125449881, 5534708.801393517293036, 100.59379 ], [ 364666.288452178472653, 5534697.023297240957618, 101.56903 ], [ 364666.685232099785935, 5534695.678366140462458, 101.63993 ] ] ] } },
{ "type": "Feature", "properties": { "name": "Zum Wachsenden Wasserfall bei Dreimühlen/Eifel", "km": 10.272, "darstell": "finished" }, "geometry": { "type": "MultiLineString", "coordinates": [ [ [ 338519.96015743422322, 5575955.422592194750905, 444.8 ], [ 338515.868941325403284, 5575917.045143376104534, 444.2 ], [ 338517.041837796685286, 5575920.459008345380425, 444.4 ], [ 338518.594465803587809, 5575919.966573963873088, 444.8 ], [ 338523.140299513819627, 5575931.178366119042039, 445.7 ], [ 338534.814810040290467, 5575970.548757289536297, 447.3 ], [ 338546.489170153741725, 5576009.91917270142585, 448.8 ], [ 338550.634895581868477, 5576019.696564313955605, 449.4 ], [ 338561.122846522484906, 5576045.861094106920063, 450.7 ], [ 338565.56668367725797, 5576063.085027260705829, 451.4 ], [ 338572.684706053580157, 5576100.257492469623685, 454.0 ], [ 338575.572662452352233, 5576110.85216932464391, 455.1 ], [ 338583.392967698920984, 5576117.290559868328273, 456.1 ], [ 338595.395566371968016, 5576155.760834619402885, 459.1 ], [ 338598.618778243544511, 5576177.361813332885504, 460.5 ], [ 338599.679227303131483, 5576200.475296834483743, 461.4 ], [ 338601.140038216719404, 5576208.665351828560233, 462.0 ], [ 338603.885407247929834, 5576223.93805393576622, 463.1 ], [ 338609.061121816339437, 5576244.144218830391765, 464.7 ], [ 338615.907936520408839, 5576265.41225719358772, 466.3 ], [ 338631.974362027016468, 5576303.981351003982127, 468.1 ], [ 338638.367176541010849, 5576312.688846934586763, 468.9 ], [ 338646.397218184079975, 5576321.346481322310865, 469.7 ], [ 338654.359359216934536, 5576332.454306651838124, 470.6 ], [ 338668.198724735819269, 5576358.73948551248759, 472.0 ], [ 338674.326745701371692, 5576375.133251830004156, 472.6 ], [ 338676.112862384121399, 5576382.311914606951177, 472.7 ], [ 338683.694719100487418, 5576406.673416333273053, 473.5 ], [ 338697.333215168095194, 5576447.430887240916491, 474.5 ], [ 338710.971525763976388, 5576488.188391176983714, 476.3 ], [ 338714.079371869738679, 5576498.998986308462918, 476.6 ], [ 338728.673378531704657, 5576538.392093776725233, 477.4 ], [ 338741.874452436284628, 5576569.481805690564215, 478.1 ], [ 338755.075385008356534, 5576600.571548604406416, 477.6 ], [ 338768.204995785956271, 5576631.663489171303809, 476.0 ], [ 338770.618013437488116, 5576638.377983048558235, 475.6 ], [ 338779.887538261711597, 5576655.010058020241559, 474.9 ], [ 338791.760213170491625, 5576670.561420045793056, 474.4 ], [ 338806.144410860841163, 5576686.70403999183327, 473.9 ], [ 338825.795390166575089, 5576709.696926561184227, 472.6 ], [ 338849.56767767900601, 5576734.678763861767948, 471.3 ], [ 338857.647511032759212, 5576745.00432457588613, 470.7 ], [ 338865.69011062476784, 5576754.106974468566477, 470.1 ], [ 338871.865441465051845, 5576758.036387933418155, 469.9 ], [ 338878.264285255689174, 5576764.629672922194004, 469.6 ], [ 338883.168363832985051, 5576771.268433249555528, 469.4 ], [ 338915.921222235076129, 5576808.106634063646197, 467.4 ], [ 338948.602459136513062, 5576844.947194033302367, 464.9 ], [ 338964.355192886549048, 5576859.268144948408008, 463.5 ], [ 338969.835456223692745, 5576863.775184049271047, 462.9 ], [ 339001.326262280344963, 5576901.3198944600299, 458.7 ], [ 339021.077878533571493, 5576918.301382878795266, 455.5 ], [ 339038.104621004546061, 5576932.36125629581511, 453.8 ], [ 339042.625669717905112, 5576935.784740367904305, 453.6 ], [ 339064.712324173655361, 5576952.250307189300656, 452.5 ], [ 339069.843520348484162, 5576954.65377541910857, 452.7 ], [ 339079.08265257999301, 5576956.264768956229091, 453.4 ], [ 339096.493755381321535, 5576954.845570133067667, 455.8 ], [ 339104.092703358619474, 5576954.05833182670176, 457.2 ], [ 339097.562783727131318, 5576973.618985337205231, 455.6 ], [ 339098.405766297713853, 5576982.606850699521601, 455.5 ], [ 339100.601082321256399, 5576991.553632626309991, 455.6 ], [ 339113.351961339998525, 5577019.653310787864029, 456.6 ], [ 339137.645745802787133, 5577054.85799546726048, 459.2 ], [ 339145.206344902981073, 5577062.19522656686604, 460.2 ], [ 339154.064676171750762, 5577072.38626798056066, 461.1 ], [ 339184.726771822315641, 5577103.836862538941205, 464.0 ], [ 339196.113177311315667, 5577115.175254608504474, 464.9 ], [ 339221.939853447140194, 5577135.200015182606876, 467.0 ], [ 339233.726457526441664, 5577143.299288365989923, 467.8 ], [ 339256.276448226650245, 5577156.301921782083809, 469.2 ], [ 339273.049084572296124, 5577159.68757404293865, 470.6 ], [ 339306.598325733561069, 5577161.896545257419348, 472.8 ], [ 339313.969641489500646, 5577163.008214265108109, 473.0 ], [ 339345.78496614517644, 5577178.512032642960548, 471.7 ], [ 339377.674643463571556, 5577194.125054879114032, 469.8 ], [ 339409.872415562858805, 5577210.507857448421419, 467.3 ], [ 339428.308600570482668, 5577235.876422142609954, 463.7 ], [ 339455.28702214959776, 5577270.444633272476494, 460.0 ], [ 339474.132828426663764, 5577276.43869944754988, 459.1 ], [ 339507.574652157549281, 5577286.886660947464406, 457.3 ], [ 339541.019703663769178, 5577297.446005959995091, 455.6 ], [ 339553.446859445190057, 5577300.852903990074992, 455.2 ], [ 339577.781819224823266, 5577311.688490427099168, 453.5 ], [ 339602.113308452651836, 5577322.413011730648577, 451.4 ], [ 339622.826019050204195, 5577328.90742872748524, 450.1 ], [ 339652.152265252545476, 5577342.262833969667554, 446.9 ], [ 339671.125955409544986, 5577350.145411944948137, 444.8 ], [ 339682.075139183143619, 5577354.153732107020915, 443.7 ], [ 339692.529477892094292, 5577358.288330623880029, 442.8 ], [ 339701.673446345608681, 5577356.787491305731237, 442.8 ], [ 339731.708405364130158, 5577351.204798196442425, 442.7 ], [ 339761.740055383765139, 5577345.511101664975286, 442.0 ], [ 339768.185774167010095, 5577346.651391224935651, 441.8 ], [ 339804.160374999511987, 5577318.411491189152002, 443.7 ], [ 339826.046820576011669, 5577304.841367098502815, 444.3 ], [ 339861.250201702583581, 5577300.549706873483956, 443.0 ], [ 339896.385817980975844, 5577296.371608513407409, 441.1 ], [ 339931.589288865914568, 5577292.080418056808412, 439.6 ], [ 339936.637934237311129, 5577322.417621560394764, 438.4 ], [ 339939.844369110069238, 5577360.154767437838018, 436.0 ], [ 339946.179220635560341, 5577409.481409908272326, 433.4 ], [ 339952.585160441347398, 5577458.80590991396457, 429.8 ], [ 339958.923209845088422, 5577508.243744568899274, 426.9 ], [ 339987.193219366308767, 5577510.282618624158204, 426.5 ], [ 340004.469695075880736, 5577511.541024052537978, 426.3 ], [ 340050.016103913774714, 5577514.838693973608315, 424.9 ], [ 340095.633604530361481, 5577518.134605270810425, 423.2 ], [ 340141.179860522388481, 5577521.433056675828993, 421.7 ], [ 340186.72939536056947, 5577524.843073675408959, 420.9 ], [ 340195.458157476037741, 5577528.47432313580066, 420.9 ], [ 340191.839687029016204, 5577547.834343414753675, 420.2 ], [ 340189.870106236543506, 5577572.263320710510015, 419.9 ], [ 340189.653774437552784, 5577581.617069464176893, 419.8 ], [ 340186.913939734571613, 5577620.646510255523026, 420.5 ], [ 340210.686280859750696, 5577622.377179630100727, 419.2 ], [ 340233.31657937791897, 5577624.031135872937739, 418.0 ], [ 340279.715785913227592, 5577627.304991555400193, 415.8 ], [ 340326.118267111713067, 5577630.690427684225142, 413.9 ], [ 340372.517317139660008, 5577633.965093860402703, 411.8 ], [ 340412.538914498349186, 5577635.985773643478751, 410.8 ], [ 340428.710461600101553, 5577636.054797565564513, 410.6 ], [ 340471.26719755504746, 5577637.109313108958304, 409.7 ], [ 340513.891717176185921, 5577638.050851477310061, 408.5 ], [ 340521.200919695955236, 5577639.499851153232157, 408.2 ], [ 340545.568243641639128, 5577644.441097578965127, 407.1 ], [ 340581.90308487880975, 5577654.140838705934584, 405.5 ], [ 340618.169962346437387, 5577663.954143796116114, 404.6 ], [ 340621.176794538507238, 5577652.62476544175297, 404.1 ], [ 340625.467085339711048, 5577643.704831389710307, 403.8 ], [ 340636.86490171670448, 5577631.900366651825607, 403.7 ], [ 340652.52607741887914, 5577619.745079332962632, 403.9 ], [ 340660.137563735479489, 5577619.404758194461465, 403.8 ], [ 340702.679982689791359, 5577622.353255340829492, 402.0 ], [ 340744.670180041983258, 5577616.41663177497685, 401.1 ], [ 340786.657112236891408, 5577610.36916773673147, 399.2 ], [ 340828.64412379526766, 5577604.322038502432406, 398.1 ], [ 340836.356872857897542, 5577604.980409699492157, 397.5 ], [ 340857.008950823219493, 5577611.926440751180053, 396.1 ], [ 340864.761776640603784, 5577613.918956656008959, 396.0 ], [ 340896.272199374914635, 5577619.537344340234995, 395.0 ], [ 340910.037412182078697, 5577620.125243358314037, 394.5 ], [ 340916.275664736633189, 5577621.495683290995657, 394.2 ], [ 340926.4437421587063, 5577625.641239747405052, 393.7 ], [ 340963.986863349331543, 5577644.765698055736721, 391.3 ], [ 340972.338973703910597, 5577647.741848308593035, 391.2 ], [ 340977.594203380169347, 5577649.586983278393745, 390.9 ], [ 341015.672772460326087, 5577660.461317777633667, 389.7 ], [ 341044.991099647013471, 5577671.376334829255939, 388.4 ], [ 341074.377128737571184, 5577682.178200529888272, 386.5 ], [ 341093.423977465950884, 5577685.501209988258779, 386.8 ], [ 341114.736979565001093, 5577690.759245999157429, 387.0 ], [ 341137.068505975941662, 5577691.980891610495746, 386.5 ], [ 341179.245112815464381, 5577699.395158963277936, 385.3 ], [ 341221.496084694517776, 5577706.918801203370094, 383.3 ], [ 341233.950016025977675, 5577706.545369860716164, 383.5 ], [ 341257.965260613942519, 5577695.031649185344577, 384.4 ], [ 341267.412627442448866, 5577689.407218405976892, 384.4 ], [ 341276.726712340430822, 5577679.335788899101317, 384.5 ], [ 341292.163709452666808, 5577657.285676049999893, 383.6 ], [ 341303.986314758658409, 5577652.480327210389078, 380.4 ], [ 341310.907277085352689, 5577650.492505746893585, 378.5 ], [ 341320.793898488744162, 5577647.636894476599991, 376.0 ], [ 341333.801845369162038, 5577644.353946938179433, 372.9 ], [ 341330.202936662361026, 5577631.220034929923713, 373.1 ], [ 341314.241578746936284, 5577604.881006786599755, 375.0 ], [ 341301.612531286082231, 5577582.781884769909084, 376.1 ], [ 341301.609199372644071, 5577582.67070937808603, 376.1 ], [ 341295.554097401967738, 5577561.264784445986152, 376.1 ], [ 341295.411762884818017, 5577561.269050330854952, 376.1 ], [ 341288.141297949012369, 5577537.340226717293262, 376.2 ], [ 341273.847024725575466, 5577490.587961862795055, 376.8 ], [ 341257.717622069176286, 5577446.783894849009812, 377.7 ], [ 341241.520143512636423, 5577403.09318311791867, 378.6 ], [ 341225.390261594089679, 5577359.289208918809891, 379.7 ], [ 341220.117363643541466, 5577344.981516860425472, 380.2 ], [ 341226.282504017115571, 5577343.906468856148422, 378.7 ], [ 341232.349429685738869, 5577356.18740560580045, 378.1 ], [ 341240.831794355413876, 5577363.499822593294084, 376.8 ], [ 341268.933445638627745, 5577376.566835500299931, 373.8 ], [ 341283.17260821943637, 5577385.820993609726429, 371.6 ], [ 341291.229302368243225, 5577383.687849961221218, 370.2 ], [ 341294.102083409554325, 5577372.585507391020656, 369.6 ], [ 341281.297070942586288, 5577342.257318152114749, 369.5 ], [ 341255.11111452744808, 5577300.423794551752508, 370.8 ], [ 341239.681217795994598, 5577272.844979094341397, 372.4 ], [ 341231.457136572338641, 5577250.391379515640438, 372.8 ], [ 341225.45598301285645, 5577228.427520624361932, 373.0 ], [ 341214.295712427934632, 5577214.963993875309825, 374.2 ], [ 341203.244563715532422, 5577193.262845800258219, 375.4 ], [ 341201.987643258296885, 5577158.471374562941492, 375.1 ], [ 341201.04823650920298, 5577146.147987759672105, 375.2 ], [ 341201.433278244454414, 5577135.231466514989734, 375.1 ], [ 341201.615799804218113, 5577129.439680051989853, 375.1 ], [ 341202.000671877118293, 5577125.644781024195254, 375.1 ], [ 341201.80300014448585, 5577114.300631592050195, 375.2 ], [ 341197.289080309099518, 5577113.434502619318664, 376.0 ], [ 341196.813887029420584, 5577080.956375342793763, 377.1 ], [ 341204.205333787715062, 5577061.372855964116752, 376.9 ], [ 341212.781314467720222, 5577038.52685440890491, 376.7 ], [ 341222.806995172169991, 5576997.499550235457718, 379.9 ], [ 341237.994853470649105, 5576969.448004801757634, 382.3 ], [ 341246.582096393802203, 5576951.720397132448852, 384.9 ], [ 341248.834248771890998, 5576948.425910984165967, 385.2 ], [ 341255.041311482549645, 5576939.226576936431229, 386.0 ], [ 341266.410625234828331, 5576935.881392994895577, 383.1 ], [ 341281.013146012206562, 5576926.319209330715239, 381.7 ], [ 341299.145425788185094, 5576920.434655787423253, 378.8 ], [ 341308.290471571148373, 5576918.936615207232535, 377.3 ], [ 341318.061906580056529, 5576912.189894281327724, 377.8 ], [ 341325.42793434089981, 5576903.623579084873199, 379.5 ], [ 341340.573799474455882, 5576886.033487063832581, 382.0 ], [ 341352.595096416654997, 5576880.666014978662133, 382.0 ], [ 341366.403316488373093, 5576880.252427781932056, 381.3 ], [ 341382.667273171478882, 5576895.232559880241752, 378.6 ], [ 341406.395102550683077, 5576902.53381157759577, 377.7 ], [ 341439.600017288001254, 5576914.670086762867868, 376.9 ], [ 341467.204441606998444, 5576922.96829747594893, 377.2 ], [ 341486.183785037137568, 5576923.958084519952536, 378.0 ], [ 341496.965190277202055, 5576917.626576533541083, 378.7 ], [ 341510.360781388706528, 5576903.427621798589826, 379.7 ], [ 341521.432174641580787, 5576875.833988796919584, 380.8 ], [ 341536.66520851693349, 5576849.228622909635305, 380.7 ], [ 341562.307539122295566, 5576827.653113168664277, 382.1 ], [ 341556.741120434482582, 5576817.804892834275961, 384.7 ], [ 341550.260688856244087, 5576805.981073705479503, 388.0 ], [ 341547.291868872009218, 5576799.615948250517249, 389.7 ], [ 341555.733387801097706, 5576796.025173640809953, 390.2 ], [ 341577.128593897912651, 5576787.26213194988668, 392.0 ], [ 341592.608115101174917, 5576780.790319721214473, 393.4 ], [ 341603.055966902407818, 5576777.584719080477953, 393.9 ], [ 341623.317754220566712, 5576771.415085910819471, 394.5 ], [ 341649.408392547164112, 5576755.279092733748257, 395.4 ], [ 341659.122108160867356, 5576744.195051157847047, 395.8 ], [ 341656.561078233469743, 5576741.934843481518328, 396.5 ], [ 341670.611455482896417, 5576728.161865797825158, 396.8 ], [ 341690.240765224327333, 5576703.205990618094802, 396.7 ], [ 341695.1297176994849, 5576695.159370881505311, 396.5 ], [ 341701.027967608475592, 5576682.742881516925991, 395.9 ], [ 341702.088495130185038, 5576677.703827945515513, 395.8 ], [ 341703.805739910225384, 5576668.416712286882102, 395.3 ], [ 341700.654815570567735, 5576660.721654596738517, 395.4 ], [ 341696.517339843558148, 5576653.38990680128336, 395.3 ], [ 341688.145115499268286, 5576642.623939418233931, 395.4 ], [ 341670.978741955070291, 5576623.663968754000962, 396.3 ], [ 341653.812248447560705, 5576604.704051692970097, 397.3 ], [ 341635.876762761268765, 5576579.09069390129298, 397.6 ], [ 341622.398903314664494, 5576552.453908910043538, 397.2 ], [ 341612.774088477599435, 5576521.250952978618443, 395.7 ], [ 341603.152498844603542, 5576490.159188863821328, 394.4 ], [ 341592.640827113762498, 5576450.748452140949667, 393.1 ], [ 341585.86436316545587, 5576417.123587950132787, 392.3 ], [ 341583.407748639932834, 5576404.066637901589274, 392.0 ], [ 341582.734620500646997, 5576395.852439612150192, 391.8 ], [ 341578.106087907217443, 5576369.73002833686769, 391.5 ], [ 341573.477519939886406, 5576343.607621116563678, 391.2 ], [ 341575.76825343578821, 5576327.293006462045014, 390.7 ], [ 341576.357406854513101, 5576299.345437780022621, 389.9 ], [ 341573.61659939592937, 5576291.081802110187709, 389.8 ], [ 341575.957069339812733, 5576288.341215369291604, 389.7 ], [ 341577.769924028893001, 5576289.399747832678258, 389.6 ], [ 341580.077149935881607, 5576285.547410343773663, 389.3 ], [ 341584.824007433257066, 5576277.50495545938611, 388.9 ], [ 341590.181620808434673, 5576268.442770192399621, 388.6 ], [ 341613.730672549107112, 5576255.387152308598161, 388.1 ], [ 341612.315007195458747, 5576253.315260162577033, 388.1 ], [ 341591.005390275269747, 5576222.127874693833292, 388.9 ], [ 341568.279835182591341, 5576188.868690239265561, 389.7 ], [ 341551.866901791887358, 5576159.426671610213816, 391.4 ], [ 341521.577038637944497, 5576140.080700035206974, 390.6 ], [ 341522.055388220120221, 5576139.398742100223899, 390.8 ], [ 341511.455977436620742, 5576132.816795407794416, 390.6 ], [ 341483.944088297663257, 5576115.835963243618608, 390.3 ], [ 341469.616257454676088, 5576108.475458348169923, 390.1 ], [ 341452.34179171838332, 5576102.649746410548687, 389.9 ], [ 341406.108650408685207, 5576083.892836473882198, 390.2 ], [ 341363.40867532172706, 5576068.92513666767627, 390.2 ], [ 341328.489469211257529, 5576063.962018916383386, 390.3 ], [ 341323.613360576913692, 5576060.547264805994928, 390.3 ], [ 341305.004760216164868, 5576038.738385915756226, 390.6 ], [ 341298.904272201471031, 5576030.130406574346125, 390.8 ], [ 341291.159781277994625, 5576021.349132534116507, 391.1 ], [ 341282.8724057743093, 5576013.474332154728472, 391.3 ], [ 341270.463993287179619, 5576003.608786876313388, 391.6 ], [ 341261.292320580687374, 5575994.759036948904395, 391.9 ], [ 341248.536645544809289, 5575987.574543281458318, 392.1 ], [ 341227.646674751536921, 5575977.629420271143317, 392.2 ], [ 341206.588801105681341, 5575964.462432616390288, 392.5 ], [ 341200.343273598584346, 5575960.532453515566885, 392.7 ], [ 341173.043026816449128, 5575943.546799348667264, 393.1 ], [ 341154.568640630110167, 5575935.755035419948399, 393.0 ], [ 341135.526834516320378, 5575930.428399341180921, 392.8 ], [ 341113.215960196801461, 5575920.637587249279022, 392.9 ], [ 341082.345733212016057, 5575903.425613677129149, 394.0 ], [ 341066.162474060722161, 5575896.010522677563131, 394.6 ], [ 341053.633195474802051, 5575889.264782561920583, 395.1 ], [ 341034.483309370581992, 5575875.596099602989852, 395.9 ], [ 341019.801558240666054, 5575868.35864216927439, 395.2 ], [ 341007.386714219814166, 5575863.056149192154408, 395.0 ], [ 340995.694880230817944, 5575855.729031716473401, 395.5 ], [ 340972.221010332577862, 5575845.194760796613991, 395.4 ], [ 340964.703745176433586, 5575841.637041553854942, 395.4 ], [ 340936.217463468783535, 5575827.91512406244874, 395.4 ], [ 340923.666729238932021, 5575822.83944855351001, 395.5 ], [ 340916.565437464334536, 5575821.27226039301604, 395.3 ], [ 340897.908948654774576, 5575816.936353443190455, 395.1 ], [ 340873.14336690295022, 5575813.229087698273361, 395.3 ], [ 340832.812596786941867, 5575813.216498823836446, 395.6 ], [ 340819.489881482440978, 5575813.28292266651988, 395.7 ], [ 340781.113376036111731, 5575809.53992369864136, 396.5 ], [ 340761.180933914904017, 5575807.802169163711369, 397.1 ], [ 340744.129532257677056, 5575807.090644242241979, 397.6 ], [ 340726.96014331211336, 5575804.824863803572953, 398.0 ], [ 340710.579523001564667, 5575805.09476101025939, 398.2 ], [ 340683.975126471312251, 5575804.225540050305426, 398.7 ], [ 340657.374057989567518, 5575803.467627461068332, 398.9 ], [ 340623.375791335944086, 5575803.15490770060569, 399.0 ], [ 340623.37482927844394, 5575805.491724305786192, 399.2 ], [ 340617.530474911269266, 5575805.444979504682124, 399.2 ], [ 340615.786060172133148, 5575801.936635651625693, 398.9 ], [ 340614.874912026687525, 5575800.072359723970294, 398.8 ], [ 340605.950694596860558, 5575787.655408578924835, 398.6 ], [ 340603.257367279205937, 5575783.396686046384275, 398.6 ], [ 340591.561374994344078, 5575759.379203338176012, 399.8 ], [ 340594.566706593846902, 5575755.060310816392303, 400.7 ], [ 340593.478761764941737, 5575754.425388880074024, 400.7 ], [ 340593.614455626462586, 5575754.19875514600426, 400.8 ], [ 340593.397535586147569, 5575754.094005778431892, 400.8 ], [ 340569.630886178580113, 5575743.347711192443967, 399.4 ], [ 340556.11298688640818, 5575739.30346099101007, 399.1 ], [ 340543.35382742411457, 5575736.794269093312323, 399.2 ], [ 340535.512670514173806, 5575736.696429785341024, 399.3 ], [ 340527.96966538176639, 5575737.034730967134237, 399.4 ], [ 340505.061665525718126, 5575740.617438701912761, 399.8 ], [ 340501.22581505170092, 5575736.281880218535662, 400.2 ], [ 340498.136874969932251, 5575737.821452609263361, 400.2 ], [ 340490.999407032562885, 5575732.695087561383843, 401.1 ], [ 340478.171447543310933, 5575732.63618755992502, 401.4 ], [ 340448.199589214520529, 5575733.538651718758047, 402.0 ], [ 340427.694519345997833, 5575738.829748504795134, 402.0 ], [ 340402.814038646407425, 5575750.261614998802543, 401.8 ], [ 340385.583893039496616, 5575755.454233930446208, 401.9 ], [ 340369.283472408424132, 5575758.39338209386915, 402.5 ], [ 340333.678384650382213, 5575756.79560250043869, 404.7 ], [ 340298.144455151516013, 5575755.195915793068707, 406.6 ], [ 340259.267827376024798, 5575753.808519963175058, 407.4 ], [ 340220.391164805623703, 5575752.421408858150244, 407.4 ], [ 340187.076723727048375, 5575753.537432540208101, 406.3 ], [ 340186.843028113245964, 5575752.876825088635087, 406.3 ], [ 340184.214594495773781, 5575746.056990779936314, 406.9 ], [ 340158.278133172832895, 5575722.469917179085314, 408.6 ], [ 340144.99653665011283, 5575709.740031409077346, 410.2 ], [ 340136.24361997761298, 5575698.320125240832567, 411.6 ], [ 340135.60959509271197, 5575698.561807107180357, 411.6 ], [ 340110.374255117727444, 5575707.668973783962429, 411.1 ], [ 340096.93020336527843, 5575736.783933658152819, 409.6 ], [ 340088.59679410100216, 5575760.514708309434354, 407.5 ], [ 340079.831054534879513, 5575779.362398198805749, 405.6 ], [ 340075.614443435159046, 5575788.391765003092587, 404.7 ], [ 340065.468833700870164, 5575796.932448518462479, 404.0 ], [ 340033.422363386955112, 5575821.156633681617677, 402.8 ], [ 340020.555420117161702, 5575838.681674487888813, 403.2 ], [ 340012.852594654890709, 5575852.601246281526983, 403.6 ], [ 340005.501031031191815, 5575871.07255145162344, 404.5 ], [ 339996.3799023522879, 5575878.135853038169444, 405.7 ], [ 339996.040738495998085, 5575878.70247717294842, 405.8 ], [ 339990.698747653455939, 5575888.211016099900007, 408.0 ], [ 340014.272648902377114, 5575899.628226174972951, 409.3 ], [ 340037.843088804627769, 5575910.934364280663431, 409.7 ], [ 340048.046018974040635, 5575913.7420584121719, 409.5 ], [ 340045.943187177646905, 5575917.255107691511512, 410.3 ], [ 340040.427163327578455, 5575930.440965109504759, 413.5 ], [ 340039.433166050119326, 5575932.919053515419364, 414.1 ], [ 340036.8380364854238, 5575939.006324666552246, 415.8 ], [ 340004.896189856925048, 5575933.628086444921792, 420.0 ], [ 339988.964530378987547, 5575929.880727471783757, 420.9 ], [ 339953.66052477050107, 5575921.71115153376013, 422.4 ], [ 339918.353040426911321, 5575913.430633718147874, 423.4 ], [ 339883.045435024658218, 5575905.150348921306431, 423.6 ], [ 339855.465936796623282, 5575900.308815853670239, 424.4 ], [ 339827.886381315416656, 5575895.467425284907222, 426.3 ], [ 339784.771690740948543, 5575885.865937443450093, 427.2 ], [ 339757.029422635212541, 5575880.362169186584651, 425.8 ], [ 339732.802321755094454, 5575875.642422191798687, 425.4 ], [ 339729.290453136607539, 5575874.96971982344985, 425.3 ], [ 339712.550618581240997, 5575861.01017361227423, 420.2 ], [ 339690.723679004353471, 5575855.550340675748885, 419.1 ], [ 339664.887670351832639, 5575858.891494102776051, 420.9 ], [ 339639.126243446837179, 5575862.341794236563146, 421.3 ], [ 339606.737394539406523, 5575865.7702971175313, 420.2 ], [ 339574.277387041714974, 5575869.201154402457178, 415.4 ], [ 339565.933646181132644, 5575873.682320661842823, 414.6 ], [ 339559.32205424096901, 5575878.889984306879342, 414.0 ], [ 339549.247626935248263, 5575892.103175451979041, 412.9 ], [ 339537.480082627269439, 5575896.465524871833622, 411.3 ], [ 339534.659414937137626, 5575897.441168321296573, 410.9 ], [ 339520.745615724881645, 5575903.871542918495834, 410.8 ], [ 339519.756694814306684, 5575915.9193916907534, 410.4 ], [ 339518.53831682424061, 5575922.744181679561734, 410.3 ], [ 339512.548272531246766, 5575922.591795660555363, 410.8 ], [ 339479.682627261965536, 5575922.029573514126241, 413.4 ], [ 339450.896600028674584, 5575931.470123356208205, 416.3 ], [ 339451.751318116730545, 5575929.107408246025443, 416.5 ], [ 339450.896600028674584, 5575931.470123356208205, 416.3 ], [ 339447.343414231087081, 5575934.137166016735137, 416.6 ], [ 339435.215852248249575, 5575943.073014262132347, 417.1 ], [ 339409.796130178612657, 5575953.079439080320299, 418.2 ], [ 339384.376499218516983, 5575963.085987933911383, 419.6 ], [ 339381.613599351258017, 5575963.614856929518282, 419.9 ], [ 339381.274915027664974, 5575961.844693371094763, 420.1 ], [ 339377.606777217239141, 5575963.068670128472149, 420.3 ], [ 339356.072710974258371, 5575969.61925136204809, 421.2 ], [ 339324.860346600064076, 5575976.574709415435791, 421.9 ], [ 339299.696496610122267, 5575978.561973252333701, 422.5 ], [ 339277.272297361341771, 5575976.905378835275769, 421.7 ], [ 339258.099168701912276, 5575974.371300059370697, 420.0 ], [ 339225.62444179772865, 5575967.901117529720068, 418.6 ], [ 339204.634730686200783, 5575961.861486753448844, 418.5 ], [ 339185.773901870241389, 5575955.534762740135193, 419.2 ], [ 339152.320412171189673, 5575940.303828582167625, 415.5 ], [ 339147.303691367676947, 5575937.006543722935021, 415.4 ], [ 339141.215742758009583, 5575933.630510310642421, 415.3 ], [ 339132.924580189981498, 5575928.09583543613553, 416.5 ], [ 339108.217292045126669, 5575909.928955066017807, 420.2 ], [ 339088.255949627084192, 5575890.839098130352795, 420.0 ], [ 339057.80743460834492, 5575857.267987658269703, 420.2 ], [ 339048.018481935258023, 5575844.65718699619174, 419.8 ], [ 339029.261220651096664, 5575815.961104413494468, 418.9 ], [ 339025.224097089609131, 5575812.077777499333024, 419.1 ], [ 339021.963060911919456, 5575810.285142390988767, 419.3 ], [ 339021.762997937737964, 5575810.736330163665116, 419.4 ], [ 339021.037572336033918, 5575810.313261616975069, 419.4 ], [ 339014.684645323373843, 5575809.949901102110744, 420.2 ], [ 339005.10395557252923, 5575813.579333201050758, 421.5 ], [ 338989.810592940077186, 5575821.499645464122295, 423.9 ], [ 338983.732304456934799, 5575820.794144451618195, 424.2 ], [ 338977.46456596191274, 5575816.19970031734556, 423.9 ], [ 338960.529160967562348, 5575802.916024524718523, 423.2 ], [ 338935.5767026868416, 5575783.755847082473338, 423.4 ], [ 338912.623991590924561, 5575767.09435994271189, 424.5 ], [ 338904.247613581363112, 5575761.117499534972012, 424.9 ], [ 338873.646695705712773, 5575743.687220678664744, 426.6 ], [ 338843.113383706717286, 5575726.143774698488414, 426.8 ], [ 338802.494320900237653, 5575707.349442906677723, 426.2 ], [ 338778.387460853962693, 5575701.962645916268229, 428.4 ], [ 338768.654923312249593, 5575693.579146054573357, 426.8 ], [ 338770.007742149115074, 5575691.201151642017066, 426.1 ], [ 338768.654923312249593, 5575693.579146054573357, 426.8 ], [ 338750.520991398312617, 5575694.798652441240847, 428.2 ], [ 338721.739080885075964, 5575687.996498859487474, 428.3 ], [ 338693.03166716475971, 5575681.303507291711867, 429.8 ], [ 338654.625051398470532, 5575672.012789346277714, 431.1 ], [ 338615.337379415053874, 5575647.837963805533946, 430.4 ], [ 338594.264562245109119, 5575632.122017778456211, 430.9 ], [ 338554.061066199326888, 5575603.635682790540159, 428.2 ], [ 338532.784420519601554, 5575590.596841273829341, 427.4 ], [ 338513.731478548957966, 5575587.394033696502447, 427.5 ], [ 338498.224582577473484, 5575590.648601867258549, 427.8 ], [ 338498.217805443389807, 5575590.426252771168947, 427.8 ], [ 338498.288999974844046, 5575590.42408278491348, 427.8 ], [ 338498.224582577473484, 5575590.648601867258549, 427.8 ], [ 338481.832787759311032, 5575599.939194303005934, 428.4 ], [ 338466.319046014803462, 5575616.992522954940796, 429.0 ], [ 338455.541491971933283, 5575635.125559486448765, 429.7 ], [ 338451.812252794974484, 5575641.3595424676314, 430.0 ], [ 338445.977707565994933, 5575650.996056133881211, 430.3 ], [ 338438.254829107725527, 5575673.48711527697742, 430.7 ], [ 338442.892536400002427, 5575685.363719195127487, 430.9 ], [ 338441.529641833622009, 5575706.102967194281518, 431.2 ], [ 338440.339667883527, 5575723.164772841148078, 431.4 ], [ 338440.814270167145878, 5575731.718701153993607, 431.4 ], [ 338441.644806674914435, 5575756.619631178677082, 431.5 ], [ 338443.638191467383876, 5575756.558849286288023, 431.6 ], [ 338470.843824092415161, 5575756.063209272921085, 431.9 ], [ 338483.346492882701568, 5575761.802345158532262, 434.0 ], [ 338489.923167073982768, 5575774.176264679059386, 436.0 ], [ 338492.590862942568492, 5575803.249749527312815, 437.0 ], [ 338493.238146779534873, 5575824.48409382533282, 437.5 ], [ 338495.156610036850907, 5575854.693198372609913, 438.5 ], [ 338500.170223458786495, 5575878.910228257067502, 440.2 ], [ 338507.851895673607942, 5575890.137701681815088, 442.3 ], [ 338515.868941325403284, 5575917.045143376104534, 444.2 ], [ 338519.96015743422322, 5575955.422592194750905, 444.8 ] ] ] } },
{ "type": "Feature", "properties": { "name": "Collis Turm und Liebesschlucht", "km": 12.576, "darstell": "finished" }, "geometry": { "type": "MultiLineString", "coordinates": [ [ [ 369632.168369922728743, 5542035.078469082713127, 112.199996948242188 ], [ 369630.914046034682542, 5542036.861938622780144, 111.400001525878906 ], [ 369629.892463819822297, 5542047.712109006941319, 111.599998474121094 ], [ 369637.984080444963183, 5542057.780981368385255, 111.800003051757812 ], [ 369648.276002069469541, 5542062.723986672237515, 111.800003051757812 ], [ 369655.816295719356276, 5542068.657072069123387, 111.199996948242188 ], [ 369661.232867804123089, 5542077.187339757569134, 111.0 ], [ 369661.664304733625613, 5542078.127898884937167, 110.800003051757812 ], [ 369663.766774764691945, 5542087.988262753002346, 110.800003051757812 ], [ 369666.533337867527734, 5542102.177502523176372, 110.800003051757812 ], [ 369669.177948033437133, 5542109.628375671803951, 111.199996948242188 ], [ 369670.665846228890587, 5542111.764682842418551, 111.199996948242188 ], [ 369674.71819914272055, 5542124.477395393885672, 110.800003051757812 ], [ 369678.298500906908885, 5542134.087343771010637, 110.400001525878906 ], [ 369681.233817426487803, 5542143.11624691169709, 110.599998474121094 ], [ 369684.27279675938189, 5542152.70207566767931, 110.599998474121094 ], [ 369684.321454086515587, 5542155.442181557416916, 110.800003051757812 ], [ 369688.47619737777859, 5542164.217634346336126, 110.599998474121094 ], [ 369692.734749960363843, 5542169.605910019017756, 110.599998474121094 ], [ 369695.348612572357524, 5542178.017926141619682, 110.599998474121094 ], [ 369697.516288006794639, 5542183.895316951908171, 110.400001525878906 ], [ 369694.672011583810672, 5542200.0859230523929, 110.400001525878906 ], [ 369692.289892557018902, 5542206.381722690537572, 110.400001525878906 ], [ 369691.502153976412956, 5542210.055945133790374, 110.400001525878906 ], [ 369694.367819445149507, 5542217.212401648983359, 110.199996948242188 ], [ 369697.518446944770403, 5542226.944705463945866, 109.800003051757812 ], [ 369700.775635475642048, 5542234.884187677875161, 110.599998474121094 ], [ 369703.352309806912672, 5542243.744669272564352, 110.400001525878906 ], [ 369706.936667118046898, 5542252.291585511527956, 110.599998474121094 ], [ 369707.940192954847589, 5542253.535247758962214, 110.599998474121094 ], [ 369711.478109306422994, 5542256.470179164782166, 111.0 ], [ 369712.963819575379603, 5542259.753415646962821, 110.800003051757812 ], [ 369713.419648085371591, 5542271.080449230968952, 110.400001525878906 ], [ 369714.135212518565822, 5542280.489719771780074, 110.400001525878906 ], [ 369718.708225520793349, 5542291.39956162776798, 110.400001525878906 ], [ 369722.134418821078725, 5542302.337308034300804, 110.0 ], [ 369726.063913190737367, 5542311.985407819971442, 109.800003051757812 ], [ 369726.948824697115924, 5542314.033832737244666, 109.800003051757812 ], [ 369733.08502965507796, 5542325.241323347203434, 109.800003051757812 ], [ 369736.86007234005956, 5542334.221851091831923, 109.599998474121094 ], [ 369738.744480773049872, 5542343.770523770712316, 109.599998474121094 ], [ 369743.40633195504779, 5542355.125779968686402, 109.400001525878906 ], [ 369747.092753534554504, 5542364.416165363974869, 109.400001525878906 ], [ 369747.668586725543719, 5542374.751925296150148, 109.199996948242188 ], [ 369753.034700217423961, 5542387.153006361797452, 108.800003051757812 ], [ 369757.85490041639423, 5542402.551087054423988, 109.0 ], [ 369755.748236222367268, 5542411.525506369769573, 108.800003051757812 ], [ 369757.564200254157186, 5542424.190103580243886, 108.400001525878906 ], [ 369761.541620155912824, 5542437.296305891126394, 108.400001525878906 ], [ 369766.407944537699223, 5542448.66525340359658, 108.199996948242188 ], [ 369771.338961639383342, 5542463.435933021828532, 108.0 ], [ 369772.467736530932598, 5542465.879370073787868, 107.800003051757812 ], [ 369774.639090830518398, 5542472.903563300147653, 107.800003051757812 ], [ 369776.136236866936088, 5542487.776410412043333, 107.199996948242188 ], [ 369779.500955295050517, 5542502.86491321772337, 107.0 ], [ 369781.538411273038946, 5542513.277018657885492, 106.800003051757812 ], [ 369782.331742209556978, 5542515.514160705730319, 106.599998474121094 ], [ 369786.24359329615254, 5542532.351618505083025, 106.599998474121094 ], [ 369789.353043366107158, 5542548.061725829727948, 106.199996948242188 ], [ 369792.22573164809728, 5542565.894166255369782, 106.0 ], [ 369793.019301706110127, 5542572.588230515830219, 105.800003051757812 ], [ 369793.174423861433752, 5542580.202259877696633, 105.800003051757812 ], [ 369793.782020538579673, 5542593.576913033612072, 105.400001525878906 ], [ 369793.484284361242317, 5542607.766132351011038, 105.400001525878906 ], [ 369791.95348062121775, 5542618.927028764970601, 105.599998474121094 ], [ 369792.54508934711339, 5542628.926741608418524, 105.199996948242188 ], [ 369791.224184549879283, 5542637.108141556382179, 105.199996948242188 ], [ 369790.869636637740768, 5542639.82075740210712, 105.199996948242188 ], [ 369789.003558924188837, 5542653.00381856970489, 105.199996948242188 ], [ 369789.23204208468087, 5542668.821287295781076, 105.199996948242188 ], [ 369787.861442980240099, 5542679.157768754288554, 105.0 ], [ 369786.252417358686216, 5542691.793782354332507, 105.0 ], [ 369785.048957342107315, 5542706.778935061767697, 105.0 ], [ 369784.099835063272621, 5542710.979223067872226, 104.800003051757812 ], [ 369784.670160084264353, 5542720.59716565348208, 105.0 ], [ 369781.789418263419066, 5542736.024050788022578, 104.800003051757812 ], [ 369779.675432280520909, 5542747.656021491624415, 104.800003051757812 ], [ 369777.582914587226696, 5542763.87493790499866, 104.800003051757812 ], [ 369775.904511472559534, 5542776.372784185223281, 105.199996948242188 ], [ 369774.388548280578107, 5542788.139399190433323, 104.599998474121094 ], [ 369776.974098178150598, 5542799.601122147403657, 104.199996948242188 ], [ 369784.300547817663755, 5542807.656123530119658, 103.800003051757812 ], [ 369784.910097343206871, 5542808.760192614048719, 103.800003051757812 ], [ 369784.81722184503451, 5542809.881345768459141, 103.800003051757812 ], [ 369784.339362289581914, 5542815.179743597283959, 104.0 ], [ 369783.512437642726582, 5542825.391118225641549, 103.800003051757812 ], [ 369783.326623153407127, 5542832.323458331637084, 103.800003051757812 ], [ 369783.178482488554437, 5542834.630118930712342, 103.800003051757812 ], [ 369783.316018988203723, 5542847.447438263334334, 103.800003051757812 ], [ 369785.54853227728745, 5542855.756874619983137, 103.599998474121094 ], [ 369789.000791142287198, 5542864.819872002117336, 103.400001525878906 ], [ 369788.39419004129013, 5542874.951295210979879, 103.400001525878906 ], [ 369784.513382728327997, 5542884.080755634233356, 103.199996948242188 ], [ 369782.778472620935645, 5542894.500698763877153, 103.0 ], [ 369782.795609735592734, 5542897.428055802360177, 102.599998474121094 ], [ 369782.322182633273769, 5542902.661078372970223, 102.800003051757812 ], [ 369784.231723099772353, 5542909.794206375256181, 103.0 ], [ 369785.086394806101453, 5542911.591622283682227, 103.0 ], [ 369785.323046648409218, 5542913.665145284496248, 102.800003051757812 ], [ 369784.332024476199877, 5542914.658957821317017, 102.800003051757812 ], [ 369784.05034028965747, 5542917.155349328182638, 102.599998474121094 ], [ 369784.527127251320053, 5542918.728853229433298, 102.400001525878906 ], [ 369785.862590884091333, 5542925.969185872934759, 102.599998474121094 ], [ 369785.564178582979366, 5542931.729426534846425, 103.199996948242188 ], [ 369785.477907174266875, 5542935.591710946522653, 103.0 ], [ 369785.031885838718154, 5542939.975572058930993, 102.800003051757812 ], [ 369783.42873351695016, 5542950.131236611865461, 103.199996948242188 ], [ 369783.518460100225639, 5542951.35051410831511, 103.199996948242188 ], [ 369781.736828365013935, 5542964.046681886538863, 103.0 ], [ 369781.420549636532087, 5542971.541644673794508, 103.199996948242188 ], [ 369781.286905492888764, 5542972.96216188929975, 103.199996948242188 ], [ 369780.122097536630463, 5542979.8996686283499, 103.199996948242188 ], [ 369779.19731393433176, 5542986.579586178995669, 103.199996948242188 ], [ 369778.039020773721859, 5542988.845549953170121, 103.199996948242188 ], [ 369777.324995494214818, 5542992.089064470492303, 102.800003051757812 ], [ 369777.517008292372338, 5542993.315178060904145, 102.800003051757812 ], [ 369778.933622315060347, 5542995.742288398556411, 102.800003051757812 ], [ 369779.409608777146786, 5542997.036087630316615, 102.800003051757812 ], [ 369779.476896288513672, 5542997.332822848111391, 102.800003051757812 ], [ 369779.990968637575861, 5543000.686326786875725, 102.800003051757812 ], [ 369782.302119592321105, 5543005.562571763060987, 102.599998474121094 ], [ 369783.218717975309119, 5543005.708111142739654, 102.800003051757812 ], [ 369783.716603141336236, 5543005.634999690577388, 102.793978999782439 ], [ 369783.749290837615263, 5543006.282625561580062, 102.599998474121094 ], [ 369783.68971005192725, 5543006.302723006345332, 102.599998474121094 ], [ 369782.706180028850213, 5543007.109872040338814, 103.0 ], [ 369782.292888930009212, 5543010.122292149811983, 102.800003051757812 ], [ 369781.870478700380772, 5543017.452002889476717, 103.0 ], [ 369780.654223905061372, 5543021.7800074191764, 103.0 ], [ 369779.946173349046148, 5543022.552484004758298, 103.0 ], [ 369778.547876447206363, 5543025.570215838961303, 103.400001525878906 ], [ 369778.180590339878108, 5543029.485957412049174, 103.599998474121094 ], [ 369777.085652709472924, 5543033.615205510519445, 103.800003051757812 ], [ 369775.161635048105381, 5543042.184255845844746, 103.599998474121094 ], [ 369771.228217536583543, 5543052.107564770616591, 103.800003051757812 ], [ 369768.35790048976196, 5543057.333629407919943, 104.0 ], [ 369767.939628067601006, 5543059.646863237023354, 103.800003051757812 ], [ 369765.882454389240593, 5543069.655072716064751, 103.400001525878906 ], [ 369764.641953858488705, 5543071.997633552178741, 103.400001525878906 ], [ 369762.822498560883105, 5543079.184176051989198, 103.400001525878906 ], [ 369761.529705592314713, 5543089.994315614923835, 103.400001525878906 ], [ 369759.805561503279023, 5543099.369710544124246, 103.199996948242188 ], [ 369759.443533630634192, 5543101.846504407934844, 103.011273820896207 ], [ 369758.224007053184323, 5543182.529608415439725, 0.0 ], [ 369750.68659708276391, 5543246.840735421516001, 0.0 ], [ 369751.416023854049854, 5543292.065195243805647, 0.0 ], [ 369748.984601282980293, 5543405.977342700585723, 0.0 ], [ 369742.662902598094661, 5543476.731739519163966, 0.0 ], [ 369737.07063068455318, 5543536.058450254611671, 0.0 ], [ 369713.242689487698954, 5543659.453145738691092, 0.0 ], [ 369704.523449842934497, 5543693.411254599690437, 0.0 ], [ 369686.837395317445043, 5543740.174381819553673, 0.0 ], [ 369713.816122559655923, 5543766.253818153403699, 0.0 ], [ 369727.005722544738092, 5543776.745545414276421, 0.0 ], [ 369735.39910435344791, 5543776.745545414276421, 0.0 ], [ 369731.801940721168648, 5543804.024036291986704, 0.0 ], [ 369725.207140728598461, 5543823.808436269871891, 0.0 ], [ 369711.118249835446477, 5543841.944136248901486, 0.0 ], [ 369699.72723166650394, 5543855.733263506554067, 0.0 ], [ 369693.13243167399196, 5543880.91340893227607, 0.0 ], [ 369693.432195310015231, 5543935.470390688627958, 0.0 ], [ 369694.331486218085047, 5543949.859045217745006, 0.0 ], [ 369691.6336134938756, 5543972.641081554815173, 0.0 ], [ 369681.141886233002879, 5543994.52382698468864, 0.0 ], [ 369659.858668075234164, 5544023.900663315318525, 0.0 ], [ 369649.06717717833817, 5544043.385299656540155, 0.0 ], [ 369627.93384083872661, 5544094.79476323351264, 0.0 ], [ 369625.235968114458956, 5544116.677508663386106, 0.0 ], [ 369625.235968114458956, 5544131.066163192503154, 0.0 ], [ 369631.2312408349826, 5544157.74512679874897, 0.0 ], [ 369633.929113559192047, 5544157.14559952635318, 0.0 ], [ 369639.624622643634211, 5544123.572072291746736, 0.0 ], [ 369645.619895364157856, 5544105.586254130117595, 0.0 ], [ 369650.116349904506933, 5544097.792399593628943, 0.0 ], [ 369676.495549874671269, 5544072.01272689551115, 0.0 ], [ 369705.57262256910326, 5544048.031636013649404, 0.0 ], [ 369715.165058921906166, 5544035.741326936520636, 0.0 ], [ 369729.853477087046485, 5544012.209881510585546, 0.0 ], [ 369753.235040696919896, 5543968.444390650838614, 0.0 ], [ 369774.818022490711883, 5543928.87559069506824, 0.0 ], [ 369789.50644065591041, 5543905.494027085602283, 0.0 ], [ 369811.838831539673265, 5543873.868963486514986, 0.0 ], [ 369828.026067884988151, 5543851.686454419977963, 0.0 ], [ 369838.817558781884145, 5543828.904418081976473, 0.0 ], [ 369839.417086053930689, 5543819.311981729231775, 0.0 ], [ 369840.016613325977232, 5543801.925690839998424, 0.0 ], [ 369839.71684968995396, 5543766.553581789135933, 0.0 ], [ 369842.414722414163407, 5543700.455700046382844, 0.0 ], [ 369839.417086053930689, 5543659.987609183415771, 0.0 ], [ 369844.213304230361246, 5543634.807463756762445, 0.0 ], [ 369853.505976947082672, 5543595.688309257850051, 0.0 ], [ 369855.304558763222303, 5543581.599418364465237, 0.0 ], [ 369854.70503149117576, 5543560.615963842719793, 0.0 ], [ 369853.805740583105944, 5543500.663236638531089, 0.0 ], [ 369855.904086035327055, 5543490.920918468385935, 0.0 ], [ 369877.786831465084106, 5543453.450463965535164, 0.0 ], [ 369885.280922365724109, 5543433.666063987649977, 0.0 ], [ 369886.479976909817196, 5543414.780954918824136, 0.0 ], [ 369880.784467825375032, 5543377.310500415042043, 0.0 ], [ 369875.388722376897931, 5543322.303873206488788, 0.0 ], [ 369868.194395112339407, 5543273.742164170369506, 0.0 ], [ 369868.194395112339407, 5543256.355873281136155, 0.0 ], [ 369871.791558744618669, 5543239.868873300030828, 0.0 ], [ 369895.772649626596831, 5543180.965318821370602, 0.0 ], [ 369912.559413243958261, 5543142.595573410391808, 0.0 ], [ 369923.350904140854254, 5543129.405973425135016, 0.0 ], [ 369933.243104129680432, 5543122.511409796774387, 0.0 ], [ 369964.71828591224039, 5543121.312355251982808, 0.0 ], [ 370032.165104017825797, 5543119.513773435726762, 0.0 ], [ 370064.839340344478842, 5543118.914246164262295, 0.0 ], [ 370075.031303969328292, 5543118.614482527598739, 0.0 ], [ 370093.017122130782809, 5543109.921337082982063, 0.0 ], [ 370117.297976648784243, 5543127.007864336483181, 0.0 ], [ 370144.276703890995122, 5543140.197464321739972, 0.0 ], [ 370178.149994761799462, 5543166.276900655589998, 0.0 ], [ 370191.639358382904902, 5543174.67028246447444, 0.0 ], [ 370195.236522015184164, 5543182.164373365230858, 0.0 ], [ 370186.843140206532553, 5543179.466500640846789, 0.0 ], [ 370187.442667478579096, 5543183.962955181486905, 0.0 ], [ 370178.449758397822734, 5543183.063664273358881, 0.0 ], [ 370172.454485677357297, 5543176.169100644998252, 0.0 ], [ 370158.665358420228586, 5543176.169100644998252, 0.0 ], [ 370132.885685722052585, 5543167.176191563718021, 0.0 ], [ 370134.384503902227152, 5543173.171464284881949, 0.0 ], [ 370122.693722097261343, 5543171.97240974009037, 0.0 ], [ 370116.098922104691155, 5543171.672646104358137, 0.0 ], [ 370107.405776659958065, 5543171.672646104358137, 0.0 ], [ 370107.705540295981336, 5543176.169100644998252, 0.0 ], [ 370115.499394832644612, 5543180.665555184707046, 0.0 ], [ 370108.005303932062816, 5543181.864609729498625, 0.0 ], [ 370110.703176656272262, 5543186.960591541603208, 0.0 ], [ 370122.393958461238071, 5543188.159646085463464, 0.0 ], [ 370127.789703909656964, 5543198.951136982999742, 0.0 ], [ 370133.485212994157337, 5543198.951136982999742, 0.0 ], [ 370136.782612990413327, 5543206.744991519488394, 0.0 ], [ 370144.876231163041666, 5543211.541209695860744, 0.0 ], [ 370140.979303894739132, 5543215.138373328372836, 0.0 ], [ 370126.890413001587149, 5543214.538846055977046, 0.0 ], [ 370118.197267556854058, 5543199.850427891127765, 0.0 ], [ 370112.201994836388621, 5543199.850427891127765, 0.0 ], [ 370084.323976686107926, 5543209.742627879604697, 0.0 ], [ 370077.729176693537738, 5543215.43813696410507, 0.0 ], [ 370083.877820077410433, 5543220.173036090098321, 0.0 ], [ 370096.614285763120279, 5543223.531755136325955, 0.0 ], [ 370124.792067549424246, 5543237.320882393978536, 0.0 ], [ 370148.173631159355864, 5543250.510482379235327, 0.0 ], [ 370177.5907471338287, 5543280.699602692387998, 0.0 ], [ 370179.356019804719836, 5543284.494938935153186, 0.0 ], [ 370177.414219866739586, 5543287.937220643274486, 0.0 ], [ 370178.208592568640597, 5543290.673393283039331, 0.0 ], [ 370177.325956233195029, 5543294.292202258482575, 0.0 ], [ 370173.618883624207228, 5543297.469693066552281, 0.0 ], [ 370173.795410891296342, 5543299.588020271621644, 0.0 ], [ 370174.678047226800118, 5543302.853774713352323, 0.0 ], [ 370176.708110798324924, 5543305.943001886829734, 0.0 ], [ 370176.26679263060214, 5543309.561810862272978, 0.0 ], [ 370171.059238251356874, 5543307.708274558186531, 0.0 ], [ 370170.441392816544976, 5543304.707311017438769, 0.0 ], [ 370169.558756481099408, 5543301.79461111035198, 0.0 ], [ 370166.734320207615383, 5543298.705383935943246, 0.0 ], [ 370157.466638685204089, 5543296.057474929839373, 0.0 ], [ 370152.61213884013705, 5543289.790756948292255, 0.0 ], [ 370150.582075268554036, 5543282.994457164779305, 0.0 ], [ 370147.051529926713556, 5543282.553138997405767, 0.0 ], [ 370142.903139150002971, 5543281.31744812708348, 0.0 ], [ 370138.578221106261481, 5543278.846066388301551, 0.0 ], [ 370135.577257565688342, 5543276.992530084215105, 0.0 ], [ 370135.577257565688342, 5543279.199120922014117, 0.0 ], [ 370136.283366634044796, 5543280.78786632604897, 0.0 ], [ 370137.077739335945807, 5543285.642366170883179, 0.0 ], [ 370137.960375671391375, 5543288.202011544257402, 0.0 ], [ 370140.82928279414773, 5543290.674947414547205, 0.0 ], [ 370133.832603809481952, 5543293.688533902168274, 242.800003051757812 ], [ 370133.611268849752378, 5543293.97362657263875, 242.800003051757812 ], [ 370131.87532475264743, 5543294.715048763900995, 243.800003051757812 ], [ 370131.8837097780779, 5543292.337199329398572, 244.800003051757812 ], [ 370131.248388236097526, 5543292.641659719869494, 245.199996948242188 ], [ 370130.252352784154937, 5543292.190295001491904, 245.800003051757812 ], [ 370129.971011186484247, 5543291.982666220515966, 246.0 ], [ 370129.575788985588588, 5543292.775479227304459, 246.199996948242188 ], [ 370129.947354744246695, 5543293.978598001413047, 247.0 ], [ 370130.251255781156942, 5543296.106444509699941, 247.399993896484375 ], [ 370130.248619785532355, 5543296.740547407418489, 247.600006103515625 ], [ 370130.177891191095114, 5543297.786562784574926, 247.800003051757812 ], [ 370129.970823532610666, 5543298.16455050650984, 248.0 ], [ 370129.75461175251985, 5543297.918045235797763, 248.199996948242188 ], [ 370128.316509111551568, 5543297.318896132521331, 248.600006103515625 ], [ 370126.59385199402459, 5543297.370014173910022, 249.199996948242188 ], [ 370126.475599116703961, 5543297.447475984692574, 249.399993896484375 ], [ 370123.338726219721138, 5543297.141293957829475, 250.199996948242188 ], [ 370122.924240991065744, 5543298.130381033755839, 250.399993896484375 ], [ 370122.794184744940139, 5543298.711630853824317, 250.600006103515625 ], [ 370122.908671986428089, 5543299.221678792499006, 250.600006103515625 ], [ 370123.148046540096402, 5543300.670431073755026, 251.0 ], [ 370123.284737294423394, 5543301.105347490869462, 251.199996948242188 ], [ 370122.656457451172173, 5543303.432968431152403, 251.800003051757812 ], [ 370121.957497953728307, 5543305.818248952738941, 252.199996948242188 ], [ 370120.259861701691989, 5543306.157809273339808, 252.800003051757812 ], [ 370119.121618400327861, 5543307.024595571681857, 253.399993896484375 ], [ 370116.990868051594589, 5543309.56582987587899, 254.199996948242188 ], [ 370115.701995503040962, 5543310.165872734040022, 254.399993896484375 ], [ 370115.904143778374419, 5543310.822979232296348, 254.399993896484375 ], [ 370116.754000585526228, 5543312.676503507420421, 255.199996948242188 ], [ 370116.646578370651696, 5543313.695437213405967, 255.600006103515625 ], [ 370115.486710463068448, 5543314.413563415408134, 256.20001220703125 ], [ 370115.416765271453187, 5543315.739283245056868, 256.600006103515625 ], [ 370115.637860956136137, 5543318.167509672231972, 257.399993896484375 ], [ 370116.500672704889439, 5543319.069660992361605, 257.600006103515625 ], [ 370117.005335953901522, 5543320.064419277943671, 257.79998779296875 ], [ 370117.841477878042497, 5543322.095434417016804, 258.20001220703125 ], [ 370117.684923625085503, 5543322.574762221425772, 258.600006103515625 ], [ 370117.605855156783946, 5543322.781810963526368, 258.79998779296875 ], [ 370118.423410699295346, 5543325.037055626511574, 259.20001220703125 ], [ 370119.08281854778761, 5543325.477937376126647, 259.79998779296875 ], [ 370120.138676346687134, 5543325.424346783198416, 260.20001220703125 ], [ 370120.972148821980227, 5543326.890436857938766, 260.757608315804077 ], [ 370121.097059703548439, 5543326.799709199927747, 261.0 ], [ 370121.045279633195605, 5543329.616844734176993, 262.20001220703125 ], [ 370119.6993434013566, 5543329.845307215116918, 263.20001220703125 ], [ 370119.228204010170884, 5543330.59499531891197, 263.657684119155022 ], [ 370116.003995549341198, 5543331.553156908601522, 0.0 ], [ 370110.954619702533819, 5543326.106440475210547, 0.0 ], [ 370108.608101147052366, 5543321.894740504212677, 0.0 ], [ 370109.149605429091025, 5543316.961034823209047, 0.0 ], [ 370109.691109711129684, 5543312.929836279712617, 0.0 ], [ 370108.547934004629496, 5543304.506436336785555, 0.0 ], [ 370107.705594010360073, 5543304.686937764286995, 0.0 ], [ 370107.825928295264021, 5543309.861312014050782, 0.0 ], [ 370109.149605429091025, 5543312.749334852211177, 0.0 ], [ 370108.307265434821602, 5543322.195576216094196, 0.0 ], [ 370111.195288272283506, 5543328.212290461175144, 0.0 ], [ 370115.772149316617288, 5543335.602084623649716, 268.668932585247489 ], [ 370116.028412664076313, 5543342.680426287464797, 269.0 ], [ 370116.647764809429646, 5543344.688729031011462, 269.0 ], [ 370116.384439967281651, 5543345.912326699122787, 269.138228447069082 ], [ 370116.264510018867441, 5543346.469607979990542, 269.0 ], [ 370115.533848281600513, 5543346.310178677551448, 269.0 ], [ 370115.189029039000161, 5543345.953813403844833, 269.084684844509411 ], [ 370113.814913676586002, 5543344.533686751499772, 269.0 ], [ 370111.7509375406662, 5543346.112921051681042, 268.79998779296875 ], [ 370111.908248716848902, 5543346.407475294545293, 268.79998779296875 ], [ 370113.298360803280957, 5543346.01942899543792, 269.0 ], [ 370115.189029039000161, 5543345.953813403844833, 269.084684844509411 ], [ 370116.384439967281651, 5543345.912326699122787, 269.138228447069082 ], [ 370117.763479437853675, 5543345.864467171020806, 269.399993896484375 ], [ 370117.219725543400273, 5543347.714509047567844, 269.399993896484375 ], [ 370117.391111403354444, 5543349.826922203414142, 269.399993896484375 ], [ 370117.045345112914219, 5543354.143047804944217, 269.20001220703125 ], [ 370118.616642284207046, 5543357.014042979106307, 269.399993896484375 ], [ 370119.730929306067992, 5543359.616403972730041, 269.399993896484375 ], [ 370121.295384753961116, 5543360.967736907303333, 269.20001220703125 ], [ 370121.667672736628447, 5543361.210454912856221, 269.20001220703125 ], [ 370121.889207257598173, 5543361.42885833978653, 269.20001220703125 ], [ 370121.646826067357324, 5543361.341498168185353, 269.399993896484375 ], [ 370122.574935782409739, 5543368.153547718189657, 270.0 ], [ 370123.642062836617697, 5543374.011165884323418, 271.0 ], [ 370123.910444213659503, 5543375.170167240314186, 271.20001220703125 ], [ 370125.090938177308999, 5543378.768601930700243, 272.20001220703125 ], [ 370127.011629457061645, 5543381.929493402130902, 272.79998779296875 ], [ 370127.90645602386212, 5543383.408963843248785, 273.20001220703125 ], [ 370128.701164901081938, 5543384.723029580898583, 273.600006103515625 ], [ 370129.674333202361595, 5543386.955851975828409, 274.0 ], [ 370130.558734900201671, 5543388.500844458118081, 274.399993896484375 ], [ 370133.807284159120172, 5543392.422071313485503, 275.399993896484375 ], [ 370135.80025147087872, 5543395.096358741633594, 276.0 ], [ 370136.754049830022268, 5543397.27370756585151, 276.600006103515625 ], [ 370140.562047255923972, 5543402.468092003837228, 277.600006103515625 ], [ 370141.281348398944829, 5543403.149949766695499, 277.79998779296875 ], [ 370143.661939729936421, 5543407.194803510792553, 278.600006103515625 ], [ 370144.06386223458685, 5543408.164084044285119, 278.79998779296875 ], [ 370144.12793618865544, 5543408.824540981091559, 279.0 ], [ 370145.875853818375617, 5543414.768212486058474, 279.79998779296875 ], [ 370146.813118012738414, 5543416.759481904096901, 280.20001220703125 ], [ 370149.696766055480111, 5543421.733868930488825, 280.79998779296875 ], [ 370151.230603560514282, 5543425.538191447965801, 281.600006103515625 ], [ 370152.018921079172287, 5543427.579695302061737, 282.0 ], [ 370152.931892554624937, 5543430.550585719756782, 282.600006103515625 ], [ 370154.470975586446002, 5543433.580881257541478, 283.0 ], [ 370154.63300356612308, 5543434.56530577596277, 283.20001220703125 ], [ 370156.782348031818401, 5543437.496881711296737, 284.20001220703125 ], [ 370157.759012774971779, 5543439.627058592624962, 285.0 ], [ 370158.189388724567834, 5543440.036203696392477, 285.20001220703125 ], [ 370165.290334326447919, 5543440.833669619634748, 285.79998779296875 ], [ 370178.730994262150489, 5543444.227994726039469, 285.79998779296875 ], [ 370186.241130327864084, 5543449.267353898845613, 286.0 ], [ 370192.092759181105066, 5543452.295640309341252, 286.20001220703125 ], [ 370196.291156788996886, 5543454.273103233426809, 286.399993896484375 ], [ 370208.031953701283783, 5543460.888238988816738, 286.600006103515625 ], [ 370211.916985417949036, 5543460.346481199376285, 286.399993896484375 ], [ 370212.786562488181517, 5543459.299745921976864, 286.399993896484375 ], [ 370213.021096534037497, 5543459.806884703226388, 286.399993896484375 ], [ 370215.255117174529005, 5543462.764401673339307, 286.399993896484375 ], [ 370216.58088756504003, 5543463.93506567273289, 286.399993896484375 ], [ 370217.057344105269294, 5543464.510931761004031, 286.600006103515625 ], [ 370220.197535687824711, 5543466.197050590068102, 287.20001220703125 ], [ 370222.430998138035648, 5543467.149902696721256, 287.600006103515625 ], [ 370230.659307609486859, 5543469.607782384380698, 287.600006103515625 ], [ 370234.83427883166587, 5543470.867886845953763, 287.79998779296875 ], [ 370245.591340141487308, 5543472.089649825356901, 288.399993896484375 ], [ 370247.899540411308408, 5543473.152589738368988, 288.399993896484375 ], [ 370257.639587732963264, 5543474.790641335770488, 288.399993896484375 ], [ 370266.440577717556152, 5543479.565717860125005, 288.600006103515625 ], [ 370274.67648780962918, 5543482.83467560261488, 289.20001220703125 ], [ 370282.308750747935846, 5543485.48423585575074, 288.600006103515625 ], [ 370282.59188305772841, 5543485.766421400010586, 288.399993896484375 ], [ 370286.640410579042509, 5543487.262731797993183, 288.600006103515625 ], [ 370297.122472200426273, 5543492.258194216527045, 288.79998779296875 ], [ 370303.343922847998329, 5543496.424500052817166, 288.79998779296875 ], [ 370312.442216196970548, 5543504.549118790775537, 288.399993896484375 ], [ 370319.33627374493517, 5543513.174710270948708, 288.600006103515625 ], [ 370323.36948177049635, 5543516.023411685600877, 288.399993896484375 ], [ 370324.806345158489421, 5543518.310300686396658, 288.20001220703125 ], [ 370326.976732155948412, 5543521.371967596933246, 288.600006103515625 ], [ 370330.168888413871173, 5543527.93338924460113, 288.79998779296875 ], [ 370331.092562308185734, 5543528.87139453087002, 288.79998779296875 ], [ 370331.860881225438789, 5543529.346958850510418, 289.0 ], [ 370335.576230557460804, 5543531.224339295178652, 288.79998779296875 ], [ 370337.32620884582866, 5543531.312484932132065, 288.600006103515625 ], [ 370341.254530189791694, 5543531.319891985505819, 289.0 ], [ 370344.437240208790172, 5543531.541168417781591, 288.79998779296875 ], [ 370344.433762724162079, 5543531.149640843272209, 288.79998779296875 ], [ 370346.189926748396829, 5543531.741140425205231, 288.600006103515625 ], [ 370353.345732863293961, 5543532.826567429117858, 289.20001220703125 ], [ 370354.735450386302546, 5543532.671694159507751, 289.20001220703125 ], [ 370360.494310314999893, 5543532.373704171739519, 289.20001220703125 ], [ 370366.432847965159453, 5543531.558543970808387, 289.20001220703125 ], [ 370377.121055391558912, 5543529.69595913682133, 289.20001220703125 ], [ 370386.12405266641872, 5543530.419678601436317, 289.20001220703125 ], [ 370394.756442623212934, 5543533.697862441651523, 289.20001220703125 ], [ 370401.63242195895873, 5543540.095534239895642, 289.20001220703125 ], [ 370402.087725946097635, 5543541.287317627109587, 289.20001220703125 ], [ 370404.654612765123602, 5543542.866208230145276, 288.600006103515625 ], [ 370406.688506898877677, 5543545.50230198726058, 288.79998779296875 ], [ 370410.657328151864931, 5543548.175467579625547, 288.399993896484375 ], [ 370417.033450491144322, 5543555.760094340890646, 288.20001220703125 ], [ 370419.359154198144097, 5543565.736507641151547, 287.600006103515625 ], [ 370419.068755410378799, 5543566.890400440432131, 287.79998779296875 ], [ 370417.689768649754114, 5543575.427350917831063, 287.79998779296875 ], [ 370417.699248362623621, 5543587.231414590030909, 287.600006103515625 ], [ 370428.517018630402163, 5543595.687554383650422, 287.79998779296875 ], [ 370438.661506048345473, 5543595.684418587945402, 288.600006103515625 ], [ 370442.867686113226227, 5543593.773735121823847, 288.600006103515625 ], [ 370443.659196589898784, 5543593.223104084841907, 288.600006103515625 ], [ 370444.945238706888631, 5543592.25956772454083, 288.399993896484375 ], [ 370455.008643898647279, 5543587.913402669131756, 288.600006103515625 ], [ 370459.573455454548821, 5543586.674711192026734, 288.79998779296875 ], [ 370461.616611005971208, 5543585.972578277811408, 288.79998779296875 ], [ 370463.867037677264307, 5543584.155864175409079, 288.79998779296875 ], [ 370469.464509438083041, 5543580.16955825407058, 289.20001220703125 ], [ 370475.087335907272063, 5543572.266530551947653, 289.20001220703125 ], [ 370479.280221646768041, 5543563.847989776171744, 289.0 ], [ 370482.576603517285548, 5543559.087537234649062, 289.0 ], [ 370485.209813973458949, 5543555.713773282244802, 289.0 ], [ 370490.97436039178865, 5543545.970491630956531, 289.0 ], [ 370493.817791944427881, 5543539.617264539934695, 288.79998779296875 ], [ 370496.347985643253196, 5543533.970923837274313, 288.79998779296875 ], [ 370502.091041681531351, 5543528.302798902615905, 288.79998779296875 ], [ 370504.087134280824102, 5543526.399015778675675, 288.79998779296875 ], [ 370510.069281759439036, 5543518.944216856732965, 289.0 ], [ 370510.228750805486925, 5543504.432092922739685, 289.0 ], [ 370509.193082975514699, 5543492.904614233411849, 288.79998779296875 ], [ 370508.466656594828237, 5543481.99436797760427, 288.399993896484375 ], [ 370507.20112318865722, 5543471.889710451476276, 288.20001220703125 ], [ 370506.305987800122239, 5543462.44742619805038, 287.600006103515625 ], [ 370505.867458002525382, 5543455.492948834784329, 287.399993896484375 ], [ 370506.538189567741938, 5543450.693470715545118, 287.20001220703125 ], [ 370503.862001831002999, 5543437.396809383295476, 287.20001220703125 ], [ 370497.102059451688547, 5543427.602235432714224, 286.600006103515625 ], [ 370495.438743939273991, 5543426.131976104341447, 286.600006103515625 ], [ 370486.974305655865464, 5543418.131578705273569, 286.399993896484375 ], [ 370485.109956470318139, 5543416.544973382726312, 286.20001220703125 ], [ 370481.365583060600329, 5543411.731105941347778, 286.0 ], [ 370480.695250866585411, 5543409.099286990240216, 286.0 ], [ 370478.962360434350558, 5543401.775194251909852, 286.0 ], [ 370477.930678399512544, 5543390.415457067079842, 285.399993896484375 ], [ 370476.805651660542935, 5543379.169867706485093, 285.20001220703125 ], [ 370476.950043642136734, 5543368.257201908156276, 284.79998779296875 ], [ 370476.154844949254766, 5543359.968689105473459, 284.399993896484375 ], [ 370475.028917100280523, 5543352.657883180305362, 284.20001220703125 ], [ 370474.599820659146644, 5543348.080819395370781, 284.20001220703125 ], [ 370470.871589510235935, 5543339.219916835427284, 283.399993896484375 ], [ 370466.646667579421774, 5543328.450275314040482, 283.600006103515625 ], [ 370463.121606095461175, 5543317.561135941185057, 283.0 ], [ 370459.876537166710477, 5543307.569658509455621, 282.399993896484375 ], [ 370456.048762497084681, 5543297.079459803178906, 282.0 ], [ 370451.646911636576988, 5543287.936499721370637, 281.399993896484375 ], [ 370451.265431561041623, 5543284.831489422358572, 281.0 ], [ 370453.20672030292917, 5543275.199356125667691, 280.79998779296875 ], [ 370457.397494783392176, 5543266.435870918445289, 280.399993896484375 ], [ 370460.917007547221147, 5543258.229429848492146, 280.0 ], [ 370463.350768892560154, 5543255.046970406547189, 279.79998779296875 ], [ 370468.133982754370663, 5543253.14100422244519, 279.399993896484375 ], [ 370476.004270113189705, 5543250.227939455769956, 278.79998779296875 ], [ 370476.982356572640128, 5543250.931551872752607, 278.79998779296875 ], [ 370485.824785021308344, 5543252.200138624757528, 278.20001220703125 ], [ 370491.272934967710171, 5543254.688393861986697, 277.79998779296875 ], [ 370492.120978949591517, 5543255.479071737267077, 277.79998779296875 ], [ 370503.391099738073535, 5543258.031621422618628, 277.399993896484375 ], [ 370514.329274883551989, 5543254.559547809883952, 277.0 ], [ 370517.790609378484078, 5543252.387231084518135, 277.0 ], [ 370521.770479991624597, 5543245.577634299173951, 276.79998779296875 ], [ 370527.044840669841506, 5543232.685408705845475, 276.20001220703125 ], [ 370529.522311782406177, 5543223.609110562130809, 275.79998779296875 ], [ 370533.008936746628024, 5543217.762508775107563, 275.600006103515625 ], [ 370535.236747478600591, 5543213.51279735378921, 275.600006103515625 ], [ 370540.560423707298469, 5543204.39564461261034, 275.20001220703125 ], [ 370545.060862480022479, 5543195.512859592214227, 275.0 ], [ 370545.979727668047417, 5543192.525584665127099, 274.79998779296875 ], [ 370547.476325035269838, 5543186.35415517911315, 274.600006103515625 ], [ 370548.666231384617276, 5543179.919744595885277, 274.20001220703125 ], [ 370549.521451540756971, 5543169.829068115912378, 273.79998779296875 ], [ 370549.667180827760603, 5543166.66468440182507, 273.600006103515625 ], [ 370550.480764256208204, 5543163.29766970127821, 273.399993896484375 ], [ 370554.207517477858346, 5543154.461576010100543, 272.79998779296875 ], [ 370557.730366845964454, 5543151.103644520044327, 272.600006103515625 ], [ 370560.602778589527588, 5543148.171701648272574, 272.399993896484375 ], [ 370566.111356802517548, 5543144.709818550385535, 271.600006103515625 ], [ 370574.475681388285011, 5543136.880503046326339, 271.600006103515625 ], [ 370578.932837155880406, 5543130.674805911257863, 271.20001220703125 ], [ 370580.382289706612937, 5543124.290074756368995, 270.79998779296875 ], [ 370580.967459097504616, 5543119.921588744036853, 270.600006103515625 ], [ 370581.130894536559936, 5543110.780052007175982, 270.399993896484375 ], [ 370582.587205955467653, 5543096.479023606516421, 270.0 ], [ 370585.755485813249834, 5543084.663432674482465, 269.600006103515625 ], [ 370585.80094374838518, 5543083.562093965709209, 269.600006103515625 ], [ 370589.094396356085781, 5543075.929985471069813, 269.0 ], [ 370592.966860355925746, 5543066.903921558521688, 268.600006103515625 ], [ 370593.809165394806769, 5543064.226202309131622, 268.399993896484375 ], [ 370597.551610388793051, 5543056.033127203583717, 268.0 ], [ 370602.32540332415374, 5543044.533056130632758, 267.600006103515625 ], [ 370603.494835203571711, 5543042.714569948613644, 267.399993896484375 ], [ 370605.26914360554656, 5543037.590069492347538, 267.0 ], [ 370608.465406182513107, 5543030.407879950478673, 266.399993896484375 ], [ 370610.163272187695839, 5543026.84234775044024, 266.20001220703125 ], [ 370615.357365582487546, 5543016.078057849779725, 266.0 ], [ 370617.953954177908599, 5543013.162140835076571, 265.79998779296875 ], [ 370621.387405068671796, 5543008.584965818561614, 265.399993896484375 ], [ 370622.286325770895928, 5543007.006123403087258, 265.20001220703125 ], [ 370629.756742299476173, 5542997.967734893783927, 264.600006103515625 ], [ 370634.596281842794269, 5542992.414860901422799, 264.20001220703125 ], [ 370636.374707281240262, 5542990.44180622138083, 264.20001220703125 ], [ 370643.281088609131984, 5542985.156016252934933, 263.600006103515625 ], [ 370646.950748504314106, 5542983.640767831355333, 263.20001220703125 ], [ 370651.375266949646175, 5542982.787940149195492, 263.0 ], [ 370660.465569633233827, 5542979.631237922236323, 262.399993896484375 ], [ 370662.433041624200996, 5542978.520762746222317, 262.20001220703125 ], [ 370668.459882940282114, 5542975.615242610685527, 262.0 ], [ 370679.122210324974731, 5542970.891451111994684, 261.399993896484375 ], [ 370682.690056071500294, 5542969.388011468574405, 261.20001220703125 ], [ 370686.886470925237518, 5542966.302950014360249, 260.79998779296875 ], [ 370694.967806438915431, 5542960.91425771266222, 260.20001220703125 ], [ 370703.66456383978948, 5542958.373200262896717, 259.600006103515625 ], [ 370712.524242458748631, 5542956.359693949110806, 259.20001220703125 ], [ 370724.006067414826248, 5542955.718788574449718, 258.399993896484375 ], [ 370728.886043352307752, 5542955.815405864268541, 258.0 ], [ 370733.09436928445939, 5542956.953890828415751, 258.0 ], [ 370742.923516694456339, 5542956.530088157393038, 257.0 ], [ 370754.979693017783575, 5542957.535063551738858, 256.79998779296875 ], [ 370764.282643573707901, 5542960.695114965550601, 256.20001220703125 ], [ 370768.232584160286933, 5542961.830540386028588, 256.0 ], [ 370774.530805987305939, 5542964.690179235301912, 255.600006103515625 ], [ 370786.701227539684623, 5542969.683160722255707, 255.0 ], [ 370787.671153776405845, 5542969.799611723981798, 255.0 ], [ 370795.711598672962282, 5542970.67782323807478, 254.399993896484375 ], [ 370803.422800037893467, 5542972.598961611278355, 254.0 ], [ 370806.676549853058532, 5542973.760539666749537, 253.800003051757812 ], [ 370816.5532724459772, 5542977.550192552618682, 253.399993896484375 ], [ 370822.595504474360496, 5542979.511630615219474, 252.600006103515625 ], [ 370826.263189290533774, 5542980.402159060351551, 252.600006103515625 ], [ 370838.166906332829967, 5542982.809604329057038, 252.199996948242188 ], [ 370847.828998228011187, 5542985.672086945734918, 251.800003051757812 ], [ 370849.44420744641684, 5542985.894194529391825, 251.600006103515625 ], [ 370859.689187882118858, 5542987.521186525933444, 251.199996948242188 ], [ 370868.184067771362606, 5542991.801143534481525, 251.199996948242188 ], [ 370875.211140321334824, 5542993.254034328274429, 250.800003051757812 ], [ 370877.1763710352825, 5542992.796376693062484, 250.600006103515625 ], [ 370883.009177550207824, 5542993.299057601951063, 250.399993896484375 ], [ 370885.58370794338407, 5542993.945593291893601, 250.399993896484375 ], [ 370895.340457760321442, 5542995.006336610764265, 250.199996948242188 ], [ 370907.449666786240414, 5542996.970747674815357, 249.600006103515625 ], [ 370908.677794298855588, 5542997.332743302918971, 249.600006103515625 ], [ 370920.276442916772794, 5543000.046093405224383, 249.600006103515625 ], [ 370928.638057653675787, 5542993.569414142519236, 249.0 ], [ 370929.423737042234279, 5542983.303351898677647, 248.600006103515625 ], [ 370929.497198621393181, 5542977.380815426819026, 248.600006103515625 ], [ 370929.322474454937037, 5542974.867537093348801, 248.399993896484375 ], [ 370920.930938085948583, 5542969.391515369527042, 248.399993896484375 ], [ 370911.098721066780854, 5542963.707819160073996, 248.199996948242188 ], [ 370908.672214621677995, 5542961.976112724281847, 248.0 ], [ 370901.394128136103973, 5542958.086330926045775, 247.399993896484375 ], [ 370900.828392438241281, 5542957.792279833927751, 247.399993896484375 ], [ 370899.021386717620771, 5542958.833527255803347, 247.399993896484375 ], [ 370898.509457223000936, 5542958.528854846954346, 247.399993896484375 ], [ 370894.282425272627734, 5542955.367375480011106, 247.199996948242188 ], [ 370886.768193167226855, 5542950.653467771597207, 247.0 ], [ 370882.194228599953931, 5542945.560963469557464, 247.0 ], [ 370876.767059272155166, 5542941.20699215028435, 246.399993896484375 ], [ 370871.830408970126882, 5542939.507871291600168, 246.199996948242188 ], [ 370864.510877420078032, 5542934.649436456151307, 245.399993896484375 ], [ 370860.879667659988627, 5542933.030725616961718, 245.199996948242188 ], [ 370854.202527930028737, 5542929.15448147803545, 244.399993896484375 ], [ 370852.109457523329183, 5542928.048791007138789, 244.199996948242188 ], [ 370844.431389328790829, 5542923.767798098735511, 243.600006103515625 ], [ 370843.10307165782433, 5542922.988651400431991, 243.399993896484375 ], [ 370836.150803097232711, 5542918.913937198929489, 242.800003051757812 ], [ 370830.791673718136735, 5542915.639957788400352, 242.199996948242188 ], [ 370827.695291649957653, 5542913.5328384116292, 242.0 ], [ 370816.315158810000867, 5542908.185025517828763, 241.199996948242188 ], [ 370815.326919350074604, 5542907.807937495410442, 241.0 ], [ 370807.235271547397133, 5542904.562620466575027, 240.0 ], [ 370805.741543835843913, 5542903.899362776428461, 239.800003051757812 ], [ 370794.928659453580622, 5542897.167269979603589, 239.0 ], [ 370784.017181752424221, 5542891.826860849745572, 238.800003051757812 ], [ 370773.645864252001047, 5542889.205381474457681, 238.0 ], [ 370772.444570650870446, 5542888.712231058627367, 237.800003051757812 ], [ 370763.507538395235315, 5542883.296231801621616, 237.399993896484375 ], [ 370757.724255917128175, 5542879.874052295461297, 236.800003051757812 ], [ 370756.283717137179337, 5542879.423977047204971, 236.800003051757812 ], [ 370747.556487514753826, 5542877.723234842531383, 236.0 ], [ 370746.26160690782126, 5542877.334914069622755, 235.800003051757812 ], [ 370737.878536970296409, 5542874.712121400982141, 235.399993896484375 ], [ 370732.235109590750653, 5542871.361184147186577, 234.800003051757812 ], [ 370728.646524658135604, 5542869.023578450083733, 234.399993896484375 ], [ 370724.36144344729837, 5542867.196967758238316, 234.0 ], [ 370722.884318345051724, 5542866.034604763612151, 234.435484943689005 ], [ 370723.350913061876781, 5542865.897353166714311, 234.800003051757812 ], [ 370720.202217851649038, 5542864.612073007971048, 235.0 ], [ 370715.842620633018669, 5542861.938779390417039, 235.399993896484375 ], [ 370713.87548829766456, 5542861.324274448677897, 235.600006103515625 ], [ 370710.186170407221653, 5542859.79098170157522, 235.800003051757812 ], [ 370705.835769437602721, 5542859.737532947212458, 236.199996948242188 ], [ 370703.041937669739127, 5542859.963513470254838, 236.399993896484375 ], [ 370697.892911394184921, 5542860.171783813275397, 237.0 ], [ 370693.519323021930177, 5542859.904451811686158, 237.399993896484375 ], [ 370693.147625842015259, 5542860.183826733380556, 237.199996948242188 ], [ 370688.132570825866424, 5542857.731515033170581, 237.800003051757812 ], [ 370679.499321911775041, 5542853.706921545788646, 238.0 ], [ 370675.36331923387479, 5542853.07955114543438, 238.199996948242188 ], [ 370665.188249827187974, 5542854.360315820202231, 239.0 ], [ 370662.041329244850203, 5542856.133316818624735, 238.800003051757812 ], [ 370660.302320716204122, 5542857.751093884930015, 238.800003051757812 ], [ 370657.943821580265649, 5542858.591292851604521, 239.0 ], [ 370656.202188957366161, 5542858.857146398164332, 239.399993896484375 ], [ 370650.816621974343434, 5542859.966286186128855, 239.399993896484375 ], [ 370649.911735345784109, 5542859.55924185551703, 239.600006103515625 ], [ 370636.754855291568674, 5542857.760571926832199, 240.0 ], [ 370632.376759481034242, 5542858.052842065691948, 240.199996948242188 ], [ 370627.478373413090594, 5542856.949755378067493, 240.600006103515625 ], [ 370622.942149121430703, 5542855.670088214799762, 240.800003051757812 ], [ 370621.704437763895839, 5542855.410952278412879, 241.0 ], [ 370612.242359586642124, 5542854.129119802266359, 241.199996948242188 ], [ 370603.324214907072019, 5542854.475192235782743, 241.399993896484375 ], [ 370596.82626878132578, 5542855.788428960368037, 241.800003051757812 ], [ 370594.237025543232448, 5542857.520019357092679, 242.0 ], [ 370591.641485907020979, 5542859.736614494584501, 242.199996948242188 ], [ 370586.255352023115847, 5542862.561460932716727, 242.600006103515625 ], [ 370577.426620352256577, 5542864.369293698109686, 242.800003051757812 ], [ 370569.058408625365701, 5542864.105389825068414, 243.0 ], [ 370559.682923602813389, 5542862.429946079850197, 243.199996948242188 ], [ 370555.435268438188359, 5542863.148032669909298, 243.199996948242188 ], [ 370548.699402794474736, 5542865.800422433763742, 243.399993896484375 ], [ 370543.018075763713568, 5542868.837580556049943, 244.0 ], [ 370538.354042197344825, 5542871.216108903288841, 244.199996948242188 ], [ 370536.510454891889822, 5542872.482142237015069, 244.399993896484375 ], [ 370527.454735492705368, 5542877.07411958836019, 245.0 ], [ 370522.646981669473462, 5542878.477110791020095, 245.399993896484375 ], [ 370518.925338391331024, 5542879.583440761081874, 245.399993896484375 ], [ 370512.222314163227566, 5542882.598722413182259, 246.0 ], [ 370509.50844974006759, 5542883.895138379186392, 246.199996948242188 ], [ 370507.899892093031667, 5542884.446868226863444, 246.399993896484375 ], [ 370498.739649479161017, 5542885.460981576703489, 246.0 ], [ 370493.472665753564797, 5542885.262043807655573, 246.600006103515625 ], [ 370491.037628372432664, 5542885.171762296929955, 246.800003051757812 ], [ 370488.903586300788447, 5542884.859747001901269, 247.0 ], [ 370478.261218359053601, 5542883.457518743351102, 247.199996948242188 ], [ 370467.743088411574718, 5542881.231787228025496, 247.399993896484375 ], [ 370466.377495903288946, 5542880.901188536547124, 247.399993896484375 ], [ 370454.651712490129285, 5542881.893534074537456, 247.800003051757812 ], [ 370444.165906286507379, 5542885.224213657900691, 248.199996948242188 ], [ 370441.162956782092806, 5542885.744438389316201, 248.399993896484375 ], [ 370435.449397538788617, 5542885.957299672998488, 248.800003051757812 ], [ 370428.56506388541311, 5542885.946751924231648, 249.199996948242188 ], [ 370425.779510446358472, 5542886.265918391756713, 249.399993896484375 ], [ 370424.224369945644867, 5542886.294232739135623, 249.600006103515625 ], [ 370417.854064560960978, 5542887.418119115754962, 249.800003051757812 ], [ 370411.768164601933677, 5542889.868471890687943, 250.600006103515625 ], [ 370409.128901924588718, 5542890.771522924304008, 250.800003051757812 ], [ 370402.266459871723782, 5542898.117175399325788, 251.399993896484375 ], [ 370400.097942997410428, 5542900.351502836681902, 251.600006103515625 ], [ 370395.425467733468395, 5542906.348105560988188, 252.0 ], [ 370387.360697576717939, 5542913.40586675144732, 252.199996948242188 ], [ 370380.23175048455596, 5542917.681056413799524, 252.600006103515625 ], [ 370378.892018601123709, 5542918.170372913591564, 252.600006103515625 ], [ 370368.437697059882339, 5542921.556387873366475, 253.199996948242188 ], [ 370360.409285030968022, 5542926.888357097283006, 253.600006103515625 ], [ 370359.313396165089216, 5542927.772709454409778, 253.800003051757812 ], [ 370348.358144324272871, 5542934.285137994214892, 254.800003051757812 ], [ 370347.047082626260817, 5542934.71782396081835, 254.800003051757812 ], [ 370333.506482309720013, 5542935.428048156201839, 255.399993896484375 ], [ 370321.691265395085793, 5542932.227019469253719, 255.800003051757812 ], [ 370318.967668219702318, 5542931.630981890484691, 255.800003051757812 ], [ 370304.894359678495675, 5542929.445067748427391, 256.399993896484375 ], [ 370295.956246518297121, 5542928.962297783233225, 256.79998779296875 ], [ 370296.598084866825957, 5542929.916452761739492, 256.79998779296875 ], [ 370297.184260951005854, 5542930.060760996304452, 256.79998779296875 ], [ 370297.351464158913586, 5542931.259517070837319, 256.79998779296875 ], [ 370295.778058102063369, 5542931.773164152167737, 256.79998779296875 ], [ 370291.235452559834812, 5542931.967136852443218, 257.20001220703125 ], [ 370287.101073068683036, 5542930.911119313910604, 257.600006103515625 ], [ 370283.288848045049235, 5542929.763382516801357, 257.79998779296875 ], [ 370278.234536714619026, 5542929.167893161997199, 258.20001220703125 ], [ 370269.624096812563948, 5542926.094455492682755, 258.79998779296875 ], [ 370267.033508687512949, 5542925.038340649567544, 259.0 ], [ 370255.071468864567578, 5542918.260564702562988, 259.79998779296875 ], [ 370251.89258702902589, 5542914.990257130935788, 260.0 ], [ 370247.245683693676256, 5542911.624992806464434, 260.20001220703125 ], [ 370238.972551750950515, 5542905.121487294323742, 260.600006103515625 ], [ 370231.107686247793026, 5542901.088305398821831, 261.0 ], [ 370226.099942521366756, 5542901.424144020304084, 261.20001220703125 ], [ 370225.204835795389954, 5542901.669619478285313, 261.20001220703125 ], [ 370221.148785398982, 5542900.872827163897455, 261.399993896484375 ], [ 370215.93706695077708, 5542897.50263215508312, 262.0 ], [ 370210.49872709356714, 5542893.457277311943471, 262.20001220703125 ], [ 370198.118230123654939, 5542888.256214745342731, 262.79998779296875 ], [ 370192.051851785101462, 5542886.305376838892698, 263.20001220703125 ], [ 370187.850504149333574, 5542884.719584186561406, 263.399993896484375 ], [ 370173.214499407098629, 5542878.659505802206695, 264.0 ], [ 370170.752232668164652, 5542877.199388143606484, 264.20001220703125 ], [ 370166.772482457803562, 5542874.843662154860795, 264.20001220703125 ], [ 370158.60467367246747, 5542867.983405044302344, 264.79998779296875 ], [ 370153.790125481435098, 5542860.929942681454122, 265.20001220703125 ], [ 370151.76797121274285, 5542858.545398030430079, 265.20001220703125 ], [ 370144.147249423549511, 5542851.457438511773944, 265.79998779296875 ], [ 370138.487320495361928, 5542843.976936708204448, 266.20001220703125 ], [ 370134.038808796496596, 5542839.385496968403459, 266.20001220703125 ], [ 370133.084292078157887, 5542838.420296321623027, 266.399993896484375 ], [ 370125.128000111784786, 5542829.140015312470496, 267.20001220703125 ], [ 370122.038388666405808, 5542825.345464959740639, 267.20001220703125 ], [ 370116.96549799432978, 5542820.275007893331349, 267.79998779296875 ], [ 370110.271269367600325, 5542813.248533511534333, 268.399993896484375 ], [ 370109.527674438024405, 5542812.063765409402549, 268.399993896484375 ], [ 370108.613214325974695, 5542809.531148879788816, 268.600006103515625 ], [ 370105.5469399507856, 5542802.985432732850313, 269.20001220703125 ], [ 370105.062403259740677, 5542801.831676396541297, 269.399993896484375 ], [ 370103.414184320776258, 5542793.815646281465888, 269.600006103515625 ], [ 370104.099799084244296, 5542785.677724554203451, 270.20001220703125 ], [ 370104.46624384901952, 5542778.992781494744122, 270.399993896484375 ], [ 370104.116195408045314, 5542774.963940856978297, 270.600006103515625 ], [ 370104.892498217115644, 5542765.611687009222806, 271.20001220703125 ], [ 370104.41453902842477, 5542762.00553400721401, 271.399993896484375 ], [ 370103.929820881283376, 5542755.397186347283423, 272.0 ], [ 370104.385721188387834, 5542740.514193848706782, 272.20001220703125 ], [ 370103.019310659496114, 5542730.495970557443798, 272.600006103515625 ], [ 370102.128848671680316, 5542721.277396535500884, 273.399993896484375 ], [ 370102.01437568187248, 5542720.273171595297754, 273.600006103515625 ], [ 370101.131121211103164, 5542711.846970949321985, 274.0 ], [ 370103.525356455822475, 5542703.070854872465134, 274.20001220703125 ], [ 370109.703267112548929, 5542697.475704044103622, 274.399993896484375 ], [ 370109.94238690106431, 5542697.675033069215715, 274.20001220703125 ], [ 370111.531226336141117, 5542696.250217009335756, 274.021241296536743 ], [ 370112.872579259506892, 5542692.749304083175957, 0.0 ], [ 370114.739691077091265, 5542688.531369027681649, 271.0 ], [ 370114.900302502908744, 5542687.848375247791409, 271.0 ], [ 370116.165599300293252, 5542684.041422849521041, 270.79998779296875 ], [ 370116.971420196932741, 5542680.609256661497056, 270.79998779296875 ], [ 370118.794799308758229, 5542675.53933841176331, 271.399993896484375 ], [ 370120.325181082705967, 5542669.534795071929693, 271.600006103515625 ], [ 370120.509668960352428, 5542662.033749349415302, 272.20001220703125 ], [ 370121.079866030369885, 5542658.793781705200672, 272.399993896484375 ], [ 370122.754782161791809, 5542651.070100526325405, 273.20001220703125 ], [ 370123.949847103445791, 5542649.56790516525507, 273.600006103515625 ], [ 370128.361902725533582, 5542642.495787346735597, 274.0 ], [ 370130.802711504220497, 5542634.893393447622657, 274.399993896484375 ], [ 370131.234322314150631, 5542632.626494395546615, 274.600006103515625 ], [ 370131.643881847616285, 5542629.698119787499309, 274.79998779296875 ], [ 370131.782916432945058, 5542627.009409188292921, 275.0 ], [ 370131.656398195191287, 5542624.76537196431309, 275.20001220703125 ], [ 370131.57285315945046, 5542623.797692898660898, 275.20001220703125 ], [ 370134.36157473520143, 5542615.925788147374988, 275.600006103515625 ], [ 370135.296184560866095, 5542613.096568177454174, 276.0 ], [ 370138.797302216873504, 5542603.883366738446057, 276.600006103515625 ], [ 370142.492482452187687, 5542592.763347277417779, 277.600006103515625 ], [ 370142.758195398258977, 5542591.582067611627281, 277.79998779296875 ], [ 370140.960442742565647, 5542583.840053792111576, 278.20001220703125 ], [ 370136.914097112603486, 5542575.527863310649991, 278.600006103515625 ], [ 370135.328410134185106, 5542573.309892975725234, 278.79998779296875 ], [ 370130.521715096663684, 5542564.857638969086111, 279.20001220703125 ], [ 370127.16902492090594, 5542561.367833185009658, 280.0 ], [ 370126.317558311508037, 5542560.195002583786845, 280.20001220703125 ], [ 370123.626224561710842, 5542556.232276673428714, 280.20001220703125 ], [ 370122.943091926863417, 5542555.064687485806644, 280.399993896484375 ], [ 370121.596883961523417, 5542550.584481962956488, 280.399993896484375 ], [ 370119.891513637790922, 5542547.147962956689298, 281.0 ], [ 370117.082179907942191, 5542542.283665459603071, 281.399993896484375 ], [ 370113.749830493761692, 5542535.17562654428184, 282.0 ], [ 370113.392162554198876, 5542533.804337398149073, 282.0 ], [ 370110.26727208372904, 5542521.628286368213594, 282.79998779296875 ], [ 370109.5678106501, 5542518.549656108953059, 283.20001220703125 ], [ 370107.14936985069653, 5542511.969571886584163, 283.600006103515625 ], [ 370106.496826818154659, 5542510.577464243397117, 283.600006103515625 ], [ 370103.513181305315811, 5542502.491265979595482, 284.20001220703125 ], [ 370101.379589996067807, 5542490.319143001921475, 285.0 ], [ 370101.370121408835985, 5542489.433584054000676, 285.20001220703125 ], [ 370100.078758889227174, 5542479.786506017670035, 285.600006103515625 ], [ 370098.631488603132311, 5542470.646711548790336, 286.20001220703125 ], [ 370097.976278365531471, 5542468.154426714405417, 286.399993896484375 ], [ 370096.439046562067233, 5542457.040107960812747, 287.0 ], [ 370095.574749570223503, 5542453.853589122183621, 287.20001220703125 ], [ 370093.486440688662697, 5542446.025396571494639, 287.79998779296875 ], [ 370090.95937922608573, 5542438.189201286062598, 288.399993896484375 ], [ 370089.850143561896402, 5542433.078538950532675, 288.600006103515625 ], [ 370086.417416392476298, 5542419.856345663778484, 289.399993896484375 ], [ 370086.343031729396898, 5542419.018982207402587, 289.399993896484375 ], [ 370085.40398822107818, 5542412.999754560180008, 289.79998779296875 ], [ 370083.774901548516937, 5542405.281636505387723, 290.600006103515625 ], [ 370083.45284204534255, 5542402.902483214624226, 290.79998779296875 ], [ 370081.648048780858517, 5542390.666444686241448, 291.399993896484375 ], [ 370080.142651125672273, 5542380.866054226644337, 291.600006103515625 ], [ 370080.358748495345935, 5542379.620706960558891, 291.600006103515625 ], [ 370079.92861156485742, 5542370.55880307033658, 292.600006103515625 ], [ 370079.870454342453741, 5542369.152276444248855, 292.600006103515625 ], [ 370078.932226897159126, 5542360.19594144448638, 293.20001220703125 ], [ 370078.00002643535845, 5542350.745283588767052, 293.600006103515625 ], [ 370077.925338057510089, 5542346.924218666739762, 293.600006103515625 ], [ 370077.517757511988748, 5542337.554072936996818, 294.399993896484375 ], [ 370077.619500789965969, 5542330.605157056823373, 294.79998779296875 ], [ 370077.971008171967696, 5542326.522000984288752, 295.0 ], [ 370078.361305835773237, 5542317.104524341411889, 295.600006103515625 ], [ 370078.878998858446721, 5542310.956712490878999, 295.79998779296875 ], [ 370079.004109402885661, 5542305.713538515381515, 296.20001220703125 ], [ 370079.100205579423346, 5542298.53165792580694, 296.79998779296875 ], [ 370079.912134236830752, 5542291.882530832663178, 297.20001220703125 ], [ 370080.516076385858469, 5542287.308398067951202, 297.600006103515625 ], [ 370081.165967338369228, 5542283.637587285600603, 297.79998779296875 ], [ 370081.65293835720513, 5542282.413640759885311, 298.0 ], [ 370085.35328396037221, 5542274.967158035375178, 297.79998779296875 ], [ 370088.097898668900598, 5542272.700085953809321, 298.0 ], [ 370096.315832215361297, 5542271.186022570356727, 298.600006103515625 ], [ 370099.181558500684332, 5542270.939345411024988, 299.0 ], [ 370103.222448144806549, 5542272.081423935480416, 299.600006103515625 ], [ 370109.521122712525539, 5542273.672239108942449, 300.0 ], [ 370110.738369795959443, 5542274.071620769798756, 300.20001220703125 ], [ 370116.718757586670108, 5542276.658517939038575, 300.600006103515625 ], [ 370121.269162285723723, 5542278.496881807222962, 300.79998779296875 ], [ 370123.891394710459281, 5542278.862189183942974, 301.0 ], [ 370131.244249949348159, 5542281.313249310478568, 301.600006103515625 ], [ 370141.179747890564613, 5542282.993056682869792, 302.0 ], [ 370143.027756013732869, 5542283.638223364949226, 302.20001220703125 ], [ 370153.463047045050189, 5542287.347907332703471, 302.399993896484375 ], [ 370157.087683963240124, 5542288.667952604591846, 302.600006103515625 ], [ 370161.924102300545201, 5542290.657924190163612, 302.79998779296875 ], [ 370173.5034908495727, 5542293.733839755877852, 303.0 ], [ 370177.541860345343594, 5542294.773469174280763, 303.20001220703125 ], [ 370182.851145710621495, 5542296.444300125353038, 303.399993896484375 ], [ 370191.262766621890478, 5542296.725233940407634, 303.79998779296875 ], [ 370198.104507040581666, 5542297.920698849484324, 304.20001220703125 ], [ 370203.436254614673089, 5542299.031560464762151, 304.399993896484375 ], [ 370213.994941458571702, 5542302.878229546360672, 305.0 ], [ 370218.261266645218711, 5542303.408863671123981, 305.20001220703125 ], [ 370223.489467801351566, 5542302.974457296542823, 305.399993896484375 ], [ 370235.366208759660367, 5542302.705277333036065, 306.20001220703125 ], [ 370237.773623433313332, 5542303.131789876148105, 306.20001220703125 ], [ 370250.195050754991826, 5542305.506805466488004, 306.600006103515625 ], [ 370260.146212755527813, 5542307.093209668062627, 307.0 ], [ 370270.911475755216088, 5542303.102759602479637, 307.0 ], [ 370277.91294357937295, 5542301.469260747544467, 307.399993896484375 ], [ 370284.925387641240377, 5542301.280736935324967, 307.399993896484375 ], [ 370298.204043008561712, 5542298.618745635263622, 307.600006103515625 ], [ 370301.823717242630664, 5542296.759498088620603, 307.600006103515625 ], [ 370307.339051073067822, 5542294.53732140082866, 307.79998779296875 ], [ 370314.75914917641785, 5542296.297018925659359, 307.79998779296875 ], [ 370319.525667513080407, 5542296.396036203950644, 308.0 ], [ 370330.287395252904389, 5542296.722838879562914, 308.20001220703125 ], [ 370331.706730450270697, 5542297.033459478989244, 308.399993896484375 ], [ 370341.879355888930149, 5542298.586679960601032, 308.399993896484375 ], [ 370352.502712893066928, 5542302.627857331186533, 308.79998779296875 ], [ 370363.799231080687605, 5542304.200527916662395, 309.20001220703125 ], [ 370365.365733923739754, 5542304.386381510645151, 309.399993896484375 ], [ 370370.372323055227753, 5542304.227881875820458, 309.399993896484375 ], [ 370369.74214360746555, 5542304.998387067578733, 309.399993896484375 ], [ 370373.396316273836419, 5542303.819010520353913, 309.399993896484375 ], [ 370374.853002234827727, 5542302.667155599221587, 309.059656688963742 ], [ 370375.402132109738886, 5542303.043177299201488, 308.79998779296875 ], [ 370377.117957002425101, 5542304.185798678547144, 309.0 ], [ 370380.394040240149479, 5542303.51907910592854, 309.20001220703125 ], [ 370384.486435716797132, 5542302.077352643013, 309.600006103515625 ], [ 370389.327349294791929, 5542299.293494086712599, 309.79998779296875 ], [ 370395.635772294481285, 5542296.576685757376254, 310.0 ], [ 370397.426625219581183, 5542295.358508688397706, 310.0 ], [ 370403.605134520214051, 5542292.486345308832824, 310.20001220703125 ], [ 370406.779522345226724, 5542291.589001884683967, 310.399993896484375 ], [ 370418.741157424636185, 5542291.103721491061151, 310.79998779296875 ], [ 370431.60601352568483, 5542291.696852354332805, 311.20001220703125 ], [ 370443.995277548150625, 5542295.229276558384299, 311.0 ], [ 370447.00041281466838, 5542296.275457288138568, 311.20001220703125 ], [ 370454.171885747113265, 5542298.190546010620892, 311.0 ], [ 370455.496948484797031, 5542298.578072269447148, 311.20001220703125 ], [ 370460.752116329735145, 5542300.996408925391734, 311.399993896484375 ], [ 370469.291220705199521, 5542304.314338174648583, 312.0 ], [ 370483.473479997017421, 5542309.948013458400965, 312.0 ], [ 370497.065947333234362, 5542315.540044658817351, 312.399993896484375 ], [ 370499.756976067379583, 5542317.01343338843435, 312.399993896484375 ], [ 370509.139087279443629, 5542323.89147546235472, 312.600006103515625 ], [ 370519.467920345545281, 5542328.928449167869985, 312.600006103515625 ], [ 370533.412164069246501, 5542331.183374405838549, 312.600006103515625 ], [ 370543.857860549585894, 5542328.879535313695669, 313.0 ], [ 370551.156582693336532, 5542328.358095561154187, 313.0 ], [ 370552.480278486618772, 5542328.689733923412859, 313.0 ], [ 370557.010643507412169, 5542328.962502870708704, 313.0 ], [ 370561.374235009134281, 5542328.549326897598803, 313.0 ], [ 370571.923408416914754, 5542330.774532532319427, 312.79998779296875 ], [ 370583.582607920165174, 5542335.676906247623265, 312.399993896484375 ], [ 370594.359085837029852, 5542337.365190397016704, 312.20001220703125 ], [ 370607.29944525816245, 5542337.360173498280346, 312.20001220703125 ], [ 370614.701055773417465, 5542338.113728913478553, 311.79998779296875 ], [ 370617.219643933232874, 5542337.922336271964014, 311.79998779296875 ], [ 370632.710491491016001, 5542335.067864017561078, 312.0 ], [ 370643.119431124359835, 5542334.723158240318298, 312.0 ], [ 370658.546938045532443, 5542334.219952040351927, 312.20001220703125 ], [ 370670.149288158630952, 5542332.792855090461671, 312.79998779296875 ], [ 370680.223341209522914, 5542333.258178062736988, 312.79998779296875 ], [ 370682.820355906907935, 5542333.577744962647557, 313.0 ], [ 370697.954672261374071, 5542335.860298757441342, 313.20001220703125 ], [ 370706.653020011086483, 5542336.079169560223818, 313.0 ], [ 370718.685888809268363, 5542337.802633912302554, 313.399993896484375 ], [ 370731.837838276929688, 5542339.844098631292582, 313.399993896484375 ], [ 370735.05972609797027, 5542340.167253585532308, 313.600006103515625 ], [ 370744.551076350733638, 5542339.639766784384847, 313.399993896484375 ], [ 370753.973045589169487, 5542337.482264153659344, 313.399993896484375 ], [ 370764.822413630143274, 5542335.970983093604445, 313.399993896484375 ], [ 370776.516502202022821, 5542331.623478601686656, 313.399993896484375 ], [ 370788.91756495309528, 5542330.680863311514258, 313.399993896484375 ], [ 370800.190392126503866, 5542329.289973148144782, 313.399993896484375 ], [ 370815.590696926694363, 5542325.916072886437178, 312.600006103515625 ], [ 370829.698848721804097, 5542324.512787289917469, 313.0 ], [ 370838.354234358062968, 5542321.954345993697643, 313.399993896484375 ], [ 370849.124151745636482, 5542319.139789368025959, 313.79998779296875 ], [ 370862.30848310154397, 5542320.033936708234251, 314.20001220703125 ], [ 370869.950325050740503, 5542322.03147092089057, 314.0 ], [ 370876.624242527410388, 5542323.502238229848444, 314.0 ], [ 370888.679949705954641, 5542322.437646630220115, 314.20001220703125 ], [ 370899.987937869678717, 5542321.008824171498418, 314.20001220703125 ], [ 370913.081657765258569, 5542320.637212299741805, 314.20001220703125 ], [ 370924.925572288339026, 5542321.004385001957417, 314.399993896484375 ], [ 370928.753408081713133, 5542320.296730855479836, 314.600006103515625 ], [ 370942.809935765806586, 5542316.750462587922812, 315.0 ], [ 370951.215491144102998, 5542317.28448068164289, 315.399993896484375 ], [ 370953.968765382131096, 5542317.357988007366657, 315.600006103515625 ], [ 370961.064052366244141, 5542316.869983316399157, 315.600006103515625 ], [ 370970.935185817186721, 5542317.890860240906477, 316.20001220703125 ], [ 370975.129973559407517, 5542319.197711019776762, 316.20001220703125 ], [ 370989.281626208452508, 5542322.092175141908228, 316.600006103515625 ], [ 370990.640528135525528, 5542321.891602993942797, 316.600006103515625 ], [ 371002.847356017911807, 5542318.371409979648888, 316.79998779296875 ], [ 371016.202621581905987, 5542315.140598748810589, 317.20001220703125 ], [ 371029.478609964309726, 5542314.354624644853175, 317.399993896484375 ], [ 371039.00722232228145, 5542312.129792843945324, 317.600006103515625 ], [ 371043.064411740167998, 5542311.71506622992456, 317.600006103515625 ], [ 371058.596616243361495, 5542312.814225452020764, 317.600006103515625 ], [ 371071.252388427965343, 5542311.968697887845337, 317.600006103515625 ], [ 371081.914704955939669, 5542312.914784870110452, 317.399993896484375 ], [ 371086.25380205840338, 5542313.229901405051351, 317.399993896484375 ], [ 371095.236015965696424, 5542314.011334553360939, 317.20001220703125 ], [ 371103.31315348984208, 5542315.877507069148123, 316.79998779296875 ], [ 371113.461719173414167, 5542317.693832535296679, 316.600006103515625 ], [ 371127.480773170478642, 5542316.330775230191648, 316.399993896484375 ], [ 371134.112025243230164, 5542315.033654931001365, 316.600006103515625 ], [ 371143.173945112386718, 5542314.134927283972502, 316.79998779296875 ], [ 371157.63978722540196, 5542312.863762153312564, 316.20001220703125 ], [ 371161.380953530373517, 5542312.298221171833575, 315.600006103515625 ], [ 371168.464820642955601, 5542311.335242155939341, 315.20001220703125 ], [ 371176.182889473740943, 5542310.263774884864688, 314.600006103515625 ], [ 371179.872039170644712, 5542309.783414477482438, 314.20001220703125 ], [ 371182.09828785888385, 5542309.925661840476096, 314.0 ], [ 371183.3992225487018, 5542310.062197876162827, 314.0 ], [ 371186.50750737672206, 5542310.658752933144569, 313.79998779296875 ], [ 371188.31171894603176, 5542310.988311590626836, 313.79998779296875 ], [ 371192.602470501151402, 5542312.041273807175457, 313.399993896484375 ], [ 371198.648419675126206, 5542314.13360521197319, 312.79998779296875 ], [ 371202.650599723914638, 5542314.428947724401951, 312.399993896484375 ], [ 371208.401286831824109, 5542314.486433771438897, 312.0 ], [ 371215.606255653197877, 5542311.814310929737985, 311.20001220703125 ], [ 371216.686368677881546, 5542310.762692766264081, 311.20001220703125 ], [ 371222.399455867358483, 5542303.511075831018388, 311.79998779296875 ], [ 371224.290874249709304, 5542299.223165391013026, 311.600006103515625 ], [ 371226.293503481021617, 5542301.058454442769289, 311.600006103515625 ], [ 371227.444164830842055, 5542302.690456296317279, 311.399993896484375 ], [ 371226.949002394103445, 5542303.084648441523314, 311.399993896484375 ], [ 371226.200019979267381, 5542305.41501425858587, 311.600006103515625 ], [ 371226.044630400720052, 5542305.698471388779581, 311.600006103515625 ], [ 371225.393191070179455, 5542307.588263212703168, 311.600006103515625 ], [ 371230.010363910871092, 5542309.724314077757299, 311.600006103515625 ], [ 371235.608881356369238, 5542308.200407611206174, 311.79998779296875 ], [ 371235.734968832810409, 5542308.197375614196062, 311.79998779296875 ], [ 371240.064420354668982, 5542308.111916058696806, 312.0 ], [ 371243.806222861283459, 5542307.322641630657017, 312.20001220703125 ], [ 371249.263779928267468, 5542304.68325836956501, 311.79998779296875 ], [ 371258.680017287842929, 5542300.279706115834415, 311.79998779296875 ], [ 371268.119431872735731, 5542298.588899267837405, 311.600006103515625 ], [ 371276.948394144827034, 5542297.994368394836783, 311.0 ], [ 371286.034292050986551, 5542295.342395319603384, 310.600006103515625 ], [ 371292.445700265117921, 5542291.645165202207863, 310.20001220703125 ], [ 371296.852822018961888, 5542290.541568911634386, 310.0 ], [ 371310.462326519715134, 5542286.382314058952034, 309.399993896484375 ], [ 371314.617334577254951, 5542284.287123534828424, 309.20001220703125 ], [ 371320.673071832046844, 5542282.537868191488087, 309.0 ], [ 371332.137472543865442, 5542280.612034727819264, 308.20001220703125 ], [ 371342.519273950369097, 5542279.635313122533262, 307.600006103515625 ], [ 371352.244196633517276, 5542281.574156662449241, 307.20001220703125 ], [ 371355.0178073051502, 5542282.244117775931954, 307.20001220703125 ], [ 371361.595772548927926, 5542283.727114443667233, 306.600006103515625 ], [ 371371.007764666806906, 5542286.894952668808401, 306.0 ], [ 371375.611409143719357, 5542286.719100911170244, 305.79998779296875 ], [ 371387.680476464272942, 5542289.207760472781956, 305.0 ], [ 371398.196386096067727, 5542291.314167852513492, 304.20001220703125 ], [ 371403.03583263955079, 5542291.701440137811005, 304.0 ], [ 371414.566321472637355, 5542291.527107106521726, 303.20001220703125 ], [ 371419.336028292018455, 5542292.512804343365133, 302.79998779296875 ], [ 371425.151167675852776, 5542295.254286245442927, 302.399993896484375 ], [ 371430.498462209769059, 5542296.776240201666951, 301.79998779296875 ], [ 371433.869261966552585, 5542298.299034088850021, 301.600006103515625 ], [ 371439.440183675207663, 5542303.880888357758522, 300.79998779296875 ], [ 371440.945210747828241, 5542305.26200170442462, 300.600006103515625 ], [ 371449.717329979641363, 5542313.060713281854987, 300.0 ], [ 371452.446787874156144, 5542314.645534860901535, 299.79998779296875 ], [ 371456.559024493966717, 5542316.523502863943577, 299.0 ], [ 371463.438324881892186, 5542321.803576445207, 298.600006103515625 ], [ 371466.014562433003448, 5542325.014457038603723, 298.20001220703125 ], [ 371470.455738140095491, 5542332.087326370179653, 297.600006103515625 ], [ 371476.652553243911825, 5542340.721786200068891, 296.600006103515625 ], [ 371478.079541778133716, 5542342.356530081480742, 296.399993896484375 ], [ 371482.360313213896006, 5542347.503192229196429, 295.600006103515625 ], [ 371489.770403575850651, 5542356.378941869363189, 295.399993896484375 ], [ 371490.956480520544574, 5542357.488003276288509, 295.20001220703125 ], [ 371497.120312954299152, 5542362.747991916723549, 294.600006103515625 ], [ 371500.641858948161826, 5542364.546927517279983, 294.399993896484375 ], [ 371503.237564876617398, 5542367.319129799492657, 294.0 ], [ 371509.949925486580469, 5542373.908623554743826, 293.399993896484375 ], [ 371511.067109273688402, 5542375.401625824160874, 293.399993896484375 ], [ 371514.964324294007383, 5542379.58782091923058, 293.0 ], [ 371521.87671667948598, 5542389.007021167315543, 292.399993896484375 ], [ 371524.098872126429342, 5542392.235747149214149, 292.20001220703125 ], [ 371527.998622442479245, 5542397.279696992598474, 292.0 ], [ 371534.527088239439763, 5542402.71745680551976, 291.20001220703125 ], [ 371537.547098695766181, 5542405.899074071086943, 290.79998779296875 ], [ 371544.745282415184192, 5542412.710052359849215, 290.20001220703125 ], [ 371554.797599863086361, 5542419.545813649892807, 289.600006103515625 ], [ 371560.562189921038225, 5542425.197730850428343, 289.0 ], [ 371563.648216807399876, 5542428.377778260968626, 288.79998779296875 ], [ 371564.685726899537258, 5542429.55568634532392, 288.600006103515625 ], [ 371569.049865029985085, 5542433.926521798595786, 288.0 ], [ 371574.994128855818417, 5542439.807243482209742, 287.600006103515625 ], [ 371580.716799767920747, 5542446.718924191780388, 287.0 ], [ 371582.760383816377725, 5542448.516061468981206, 287.0 ], [ 371592.043761700857431, 5542454.605763205327094, 286.20001220703125 ], [ 371594.678471176186576, 5542457.00411176495254, 286.0 ], [ 371601.703875397564843, 5542463.129329997114837, 285.600006103515625 ], [ 371611.702270998270251, 5542470.479303888045251, 285.0 ], [ 371620.693194351450074, 5542474.897748133167624, 284.0 ], [ 371621.785779062483925, 5542475.617470858618617, 283.79998779296875 ], [ 371626.615911387489177, 5542481.888593832030892, 283.0 ], [ 371628.006626996677369, 5542484.018415340222418, 282.79998779296875 ], [ 371630.275262611277867, 5542490.19244569260627, 282.399993896484375 ], [ 371632.244644966209307, 5542494.909785992465913, 281.79998779296875 ], [ 371635.592864697799087, 5542499.006660203449428, 281.600006103515625 ], [ 371639.878138885891531, 5542505.104376478120685, 281.20001220703125 ], [ 371639.061518721515313, 5542506.373366801068187, 281.20001220703125 ], [ 371638.601001536590047, 5542508.463654768653214, 281.20001220703125 ], [ 371637.247407170187216, 5542510.137125616893172, 281.600006103515625 ], [ 371639.999356859596446, 5542511.413806273601949, 281.79998779296875 ], [ 371641.402572271763347, 5542512.060818067751825, 281.79998779296875 ], [ 371643.171947221388109, 5542509.939153948798776, 281.79998779296875 ], [ 371643.492787442286499, 5542505.530543372966349, 282.0 ], [ 371646.344524652056862, 5542502.198788397014141, 281.79998779296875 ], [ 371652.560193471959792, 5542502.366807900369167, 282.0 ], [ 371657.846876829105895, 5542501.121208782307804, 282.20001220703125 ], [ 371661.369886847678572, 5542499.227913226000965, 282.600006103515625 ], [ 371663.711159187194426, 5542496.654321732930839, 282.79998779296875 ], [ 371665.249691447475925, 5542494.174563216045499, 282.79998779296875 ], [ 371668.930151231063064, 5542488.072384422644973, 283.20001220703125 ], [ 371674.518119123647921, 5542482.101648148149252, 283.79998779296875 ], [ 371676.326735678187106, 5542478.608430658467114, 284.20001220703125 ], [ 371678.566867440240458, 5542474.069910832680762, 284.399993896484375 ], [ 371681.011859664926305, 5542470.057949441485107, 284.79998779296875 ], [ 371681.651949372142553, 5542468.942380373366177, 285.0 ], [ 371683.163235030137002, 5542467.330410704016685, 285.20001220703125 ], [ 371686.416614771354944, 5542463.961082043126225, 285.600006103515625 ], [ 371688.586230706889182, 5542461.242432587780058, 285.79998779296875 ], [ 371694.945736913825385, 5542453.873282719403505, 286.600006103515625 ], [ 371700.382503844972234, 5542449.612487207166851, 286.79998779296875 ], [ 371703.201308506424539, 5542447.661503055132926, 287.0 ], [ 371706.926041871192865, 5542436.38348638638854, 287.399993896484375 ], [ 371704.2463601542986, 5542423.832352014258504, 287.600006103515625 ], [ 371700.179011166503187, 5542415.295806028880179, 287.600006103515625 ], [ 371697.304939719499089, 5542411.681701433844864, 287.600006103515625 ], [ 371694.844721925037447, 5542410.547183238901198, 287.399993896484375 ], [ 371691.948091523139738, 5542405.991900213994086, 286.0 ], [ 371690.656178145844024, 5542404.475077519193292, 285.79998779296875 ], [ 371688.253163196146488, 5542399.460417126305401, 285.0 ], [ 371687.516944885486737, 5542397.81839130166918, 284.600006103515625 ], [ 371683.812702919065487, 5542391.650769199244678, 283.600006103515625 ], [ 371680.686782558856066, 5542387.054366371594369, 283.20001220703125 ], [ 371678.162030081322882, 5542381.222117321565747, 283.600006103515625 ], [ 371678.437784057925455, 5542376.935803489759564, 282.600006103515625 ], [ 371678.932843470654916, 5542375.282919642515481, 282.20001220703125 ], [ 371678.922042087186128, 5542371.823983049020171, 281.600006103515625 ], [ 371678.862142431084067, 5542368.823097956366837, 280.79998779296875 ], [ 371678.484574379632249, 5542366.855463102459908, 280.399993896484375 ], [ 371678.537757352693006, 5542362.807582654058933, 279.600006103515625 ], [ 371678.484116228995845, 5542362.324021345004439, 279.399993896484375 ], [ 371678.141826012404636, 5542359.572327046655118, 278.20001220703125 ], [ 371678.238134669838473, 5542357.574688030406833, 277.79998779296875 ], [ 371678.437344711623155, 5542350.595579518936574, 277.20001220703125 ], [ 371679.437864115694538, 5542346.720800432376564, 276.79998779296875 ], [ 371681.095033874327783, 5542338.158973584882915, 276.20001220703125 ], [ 371681.411811630474404, 5542337.088449095375836, 276.20001220703125 ], [ 371683.015743994270451, 5542327.55820550583303, 275.600006103515625 ], [ 371683.199212234234437, 5542323.180864308029413, 275.20001220703125 ], [ 371682.061102181090973, 5542321.063622894696891, 275.0 ], [ 371681.150648451119196, 5542316.162381396628916, 274.600006103515625 ], [ 371679.479743674572092, 5542307.605716890655458, 274.399993896484375 ], [ 371679.561413751333021, 5542303.74363377969712, 274.0 ], [ 371679.858293926110491, 5542301.592004971578717, 273.79998779296875 ], [ 371680.721723722701427, 5542298.764797320589423, 273.0 ], [ 371680.693612067843787, 5542297.84239739459008, 273.0 ], [ 371682.504781795723829, 5542292.447033637203276, 272.600006103515625 ], [ 371685.863272112677805, 5542284.93534626159817, 272.0 ], [ 371686.391168429050595, 5542280.139497403986752, 271.20001220703125 ], [ 371686.97340233984869, 5542269.33770690113306, 271.0 ], [ 371687.56724793871399, 5542268.046092547476292, 271.0 ], [ 371689.425526130595244, 5542264.365214575082064, 270.600006103515625 ], [ 371690.219179247971624, 5542257.37186454795301, 269.79998779296875 ], [ 371690.461855333240237, 5542255.715706226415932, 269.79998779296875 ], [ 371693.518531846289989, 5542249.647149387747049, 269.20001220703125 ], [ 371696.776034532464109, 5542243.68567047920078, 268.79998779296875 ], [ 371697.593653512827586, 5542242.957458240911365, 268.600006103515625 ], [ 371705.504591318953317, 5542238.394974393770099, 268.0 ], [ 371707.684974231640808, 5542237.876537431031466, 267.600006103515625 ], [ 371716.683797637058888, 5542235.591028317809105, 266.79998779296875 ], [ 371719.019153462315444, 5542234.770516364835203, 266.600006103515625 ], [ 371728.114099519210868, 5542232.986218589358032, 265.79998779296875 ], [ 371730.693221767083742, 5542232.560803356580436, 265.600006103515625 ], [ 371736.453386997163761, 5542231.005585179664195, 265.0 ], [ 371744.786028261005413, 5542229.24889946077019, 264.600006103515625 ], [ 371746.379564409260638, 5542228.809802006930113, 264.399993896484375 ], [ 371754.757554882671684, 5542224.180263406597078, 263.600006103515625 ], [ 371756.15583284792956, 5542223.615309678018093, 263.600006103515625 ], [ 371763.585663567646407, 5542222.290529980324209, 263.0 ], [ 371770.607836399518419, 5542220.500000222586095, 262.600006103515625 ], [ 371773.420443188515492, 5542219.789295829832554, 262.399993896484375 ], [ 371781.898696861695498, 5542214.327567296102643, 261.399993896484375 ], [ 371782.806152306729928, 5542213.336146615445614, 261.399993896484375 ], [ 371790.643976931110956, 5542207.97368285804987, 260.79998779296875 ], [ 371797.084470390225761, 5542206.728581831790507, 260.399993896484375 ], [ 371800.036562750232406, 5542206.573990345932543, 260.399993896484375 ], [ 371809.130460341169965, 5542201.731597719714046, 259.600006103515625 ], [ 371810.556502578430809, 5542200.569260276854038, 259.399993896484375 ], [ 371814.263631555018947, 5542198.074935121461749, 258.79998779296875 ], [ 371818.507840038626455, 5542195.931391127407551, 258.399993896484375 ], [ 371822.213469008682296, 5542194.127081003971398, 258.20001220703125 ], [ 371831.069037488428876, 5542189.616770814172924, 257.399993896484375 ], [ 371832.463575693313032, 5542189.396913857199252, 257.399993896484375 ], [ 371839.441791744204238, 5542187.775360450148582, 257.399993896484375 ], [ 371844.271950685826596, 5542188.275143270380795, 258.399993896484375 ], [ 371845.286263585614506, 5542188.73571461904794, 258.600006103515625 ], [ 371852.046796801616438, 5542190.821000206284225, 259.399993896484375 ], [ 371853.313924042391591, 5542190.800000938586891, 259.600006103515625 ], [ 371857.01861782988999, 5542191.466587648727, 260.0 ], [ 371859.097008737851866, 5542191.705895193852484, 260.0 ], [ 371862.320656794006936, 5542191.85253094509244, 260.0 ], [ 371863.60780342441285, 5542191.914970706216991, 260.20001220703125 ], [ 371865.066844450193457, 5542191.880058009177446, 260.20001220703125 ], [ 371869.582687133457512, 5542191.044734166935086, 260.20001220703125 ], [ 371871.801151004619896, 5542190.861116806045175, 260.0 ], [ 371876.717545702937059, 5542190.696864088997245, 259.600006103515625 ], [ 371887.307098347926512, 5542190.359591154381633, 259.399993896484375 ], [ 371900.657488250988536, 5542193.424806973896921, 260.399993896484375 ], [ 371902.177240257617086, 5542193.41642393078655, 260.600006103515625 ], [ 371906.692569257342257, 5542191.30376158002764, 260.20001220703125 ], [ 371911.369585629028734, 5542189.420334602706134, 259.399993896484375 ], [ 371914.594123916700482, 5542189.604276314377785, 259.0 ], [ 371923.717754202487413, 5542189.516590251587331, 258.399993896484375 ], [ 371930.635556551627815, 5542188.884940939024091, 257.399993896484375 ], [ 371931.479709400562569, 5542188.76218862645328, 257.20001220703125 ], [ 371935.110035444551613, 5542187.826887129805982, 256.600006103515625 ], [ 371936.875690489483532, 5542186.796321984380484, 256.20001220703125 ], [ 371938.864816653542221, 5542185.312863368541002, 255.600006103515625 ], [ 371940.980021461145952, 5542183.574643678031862, 255.0 ], [ 371946.734473632881418, 5542181.273876394145191, 254.0 ], [ 371954.489909253083169, 5542178.738789335824549, 253.199996948242188 ], [ 371956.809701595804654, 5542176.762585360556841, 252.800003051757812 ], [ 371960.406747458677273, 5542172.42485414724797, 252.0 ], [ 371961.343595360871404, 5542171.40479073766619, 251.600006103515625 ], [ 371964.432019031315576, 5542166.146828513592482, 250.600006103515625 ], [ 371965.318829116935376, 5542165.04404669161886, 250.600006103515625 ], [ 371969.336637299566064, 5542155.689299263060093, 250.800003051757812 ], [ 371975.112311807752121, 5542149.499968708492815, 251.0 ], [ 371978.246940171928145, 5542142.404092508368194, 251.199996948242188 ], [ 371977.796370639640372, 5542141.90204687602818, 251.0 ], [ 371974.674326813430525, 5542141.734263605438173, 250.600006103515625 ], [ 371974.262244449637365, 5542141.585608308203518, 250.399993896484375 ], [ 371972.401345126738306, 5542141.64874620642513, 249.600006103515625 ], [ 371971.322346552042291, 5542141.749134596437216, 248.800003051757812 ], [ 371969.848621246172115, 5542141.924228160642087, 248.399993896484375 ], [ 371966.532077403040603, 5542143.67251015547663, 247.399993896484375 ], [ 371964.411935106851161, 5542144.95396302267909, 246.399993896484375 ], [ 371962.755864172184374, 5542145.291925579309464, 245.600006103515625 ], [ 371962.404950544645544, 5542145.44017516169697, 245.600006103515625 ], [ 371961.576821019873023, 5542145.982117069885135, 245.199996948242188 ], [ 371960.586259523988701, 5542144.504645019769669, 244.800003051757812 ], [ 371960.351329641067423, 5542142.468316467478871, 244.199996948242188 ], [ 371961.38102984521538, 5542139.049777240492404, 243.199996948242188 ], [ 371961.519986500905361, 5542138.328510395251215, 243.0 ], [ 371962.375985133461654, 5542134.429279086180031, 242.199996948242188 ], [ 371963.942126276786439, 5542132.0888168560341, 241.600006103515625 ], [ 371964.094583846977912, 5542129.922014615498483, 241.0 ], [ 371962.787515175295994, 5542127.267967601306736, 239.800003051757812 ], [ 371961.033026417775545, 5542124.99757676012814, 238.800003051757812 ], [ 371957.867170458193868, 5542125.008005518466234, 238.0 ], [ 371955.164775775687303, 5542125.305720784701407, 237.800003051757812 ], [ 371949.274549616849981, 5542126.453552584163845, 236.600006103515625 ], [ 371944.473885944520589, 5542129.701197620481253, 235.600006103515625 ], [ 371942.550214803777635, 5542133.169090142473578, 235.199996948242188 ], [ 371937.228036801679991, 5542135.711268849670887, 234.800003051757812 ], [ 371933.854263100947719, 5542135.819923845119774, 234.600006103515625 ], [ 371933.182012047036551, 5542136.097071593627334, 234.399993896484375 ], [ 371925.986800546816085, 5542136.18523607775569, 233.800003051757812 ], [ 371924.878565620048903, 5542134.309654429554939, 233.399993896484375 ], [ 371926.540825986885466, 5542133.225615749135613, 232.800003051757812 ], [ 371927.045217434759252, 5542133.717046110890806, 232.399993896484375 ], [ 371927.605863531760406, 5542134.048623870126903, 232.199996948242188 ], [ 371927.52281255077105, 5542132.08325553778559, 231.199996948242188 ], [ 371927.72250312048709, 5542131.892000577412546, 231.399993896484375 ], [ 371927.648183118493762, 5542131.045298090204597, 231.600006103515625 ], [ 371929.209695291239768, 5542129.767866761423647, 231.399993896484375 ], [ 371929.428028794005513, 5542128.848897499032319, 231.199996948242188 ], [ 371929.4277929776581, 5542128.587832391262054, 231.0 ], [ 371928.942948469601106, 5542127.657708416692913, 230.199996948242188 ], [ 371926.736715696984902, 5542124.083454418927431, 229.199996948242188 ], [ 371927.448535417788662, 5542119.180677762255073, 228.0 ], [ 371928.053626045759302, 5542118.858515813015401, 227.800003051757812 ], [ 371928.258601024746895, 5542117.632175493054092, 227.600006103515625 ], [ 371926.498797687410843, 5542116.145134615711868, 227.0 ], [ 371925.971947243553586, 5542115.719509076327085, 226.800003051757812 ], [ 371922.454868103435729, 5542114.358413123525679, 226.199996948242188 ], [ 371921.542806115874555, 5542113.149464927613735, 225.800003051757812 ], [ 371923.993113496340811, 5542110.349618010222912, 224.600006103515625 ], [ 371926.356988871702924, 5542108.959756691940129, 224.0 ], [ 371925.319451312767342, 5542106.774793477728963, 223.399993896484375 ], [ 371923.746461298782378, 5542105.56300409976393, 223.0 ], [ 371920.221770588832442, 5542103.381583300419152, 222.399993896484375 ], [ 371918.956548775837291, 5542101.975955126807094, 222.0 ], [ 371918.36376394238323, 5542099.547256809659302, 221.399993896484375 ], [ 371918.897445639246143, 5542098.751280115917325, 221.0 ], [ 371919.351639872358646, 5542096.13903331104666, 220.199996948242188 ], [ 371918.52935052884277, 5542093.659880427643657, 219.199996948242188 ], [ 371917.822797889122739, 5542093.005454762838781, 219.0 ], [ 371915.232695560553111, 5542089.207287258468568, 218.0 ], [ 371911.343159588810522, 5542084.834144663065672, 216.800003051757812 ], [ 371908.953393326606601, 5542084.639559040777385, 216.199996948242188 ], [ 371901.379862652684096, 5542085.240296577103436, 216.0 ], [ 371899.940129206515849, 5542085.078933251090348, 216.0 ], [ 371891.817019705427811, 5542084.555308122187853, 216.199996948242188 ], [ 371881.792638786835596, 5542086.1750722900033, 216.0 ], [ 371879.408612125902437, 5542088.982677017338574, 215.600006103515625 ], [ 371877.95846112340223, 5542089.390330297872424, 215.600006103515625 ], [ 371870.466880063177086, 5542091.658139883540571, 215.800003051757812 ], [ 371861.554557539522648, 5542095.060183160938323, 215.399993896484375 ], [ 371852.812805232941173, 5542098.308976625092328, 215.800003051757812 ], [ 371849.133981813909486, 5542099.730338335968554, 215.800003051757812 ], [ 371844.710187210177537, 5542101.402629898861051, 215.800003051757812 ], [ 371841.873748826910742, 5542102.626682035624981, 215.800003051757812 ], [ 371832.174476119747851, 5542106.53245510160923, 215.800003051757812 ], [ 371823.259649241750594, 5542111.584965405985713, 215.800003051757812 ], [ 371813.697094112052582, 5542114.424568944610655, 215.800003051757812 ], [ 371804.837655991199426, 5542119.279982084408402, 215.600006103515625 ], [ 371798.743599493522197, 5542121.449171911925077, 215.800003051757812 ], [ 371793.899900897056796, 5542122.14321918413043, 215.800003051757812 ], [ 371782.15860383422114, 5542126.825243883766234, 216.0 ], [ 371773.045630799490027, 5542130.875597076490521, 216.0 ], [ 371761.578017022577114, 5542136.949710140936077, 216.0 ], [ 371752.899779572500847, 5542140.337010487914085, 216.199996948242188 ], [ 371743.916338698298205, 5542142.519519234076142, 216.199996948242188 ], [ 371732.460634691058658, 5542144.323033789172769, 216.199996948242188 ], [ 371733.239748602325562, 5542142.989692221395671, 215.600006103515625 ], [ 371736.016746690147556, 5542141.54322911426425, 214.600006103515625 ], [ 371738.493305820447858, 5542140.09463953319937, 213.600006103515625 ], [ 371740.840247601852752, 5542139.003466451540589, 213.199996948242188 ], [ 371743.601871509687044, 5542137.165769001469016, 212.399993896484375 ], [ 371745.252980640507303, 5542136.119235538877547, 212.0 ], [ 371746.972816430788953, 5542135.182944225147367, 211.600006103515625 ], [ 371748.403104895958677, 5542134.19764425419271, 211.199996948242188 ], [ 371754.354555278085172, 5542129.085437179543078, 210.199996948242188 ], [ 371756.703184987069108, 5542126.810087099671364, 209.800003051757812 ], [ 371760.042515481123701, 5542124.259266148321331, 209.199996948242188 ], [ 371761.324039106722921, 5542123.333476204425097, 209.0 ], [ 371766.067726086184848, 5542120.721057060174644, 208.199996948242188 ], [ 371767.195146345766261, 5542119.882874512113631, 207.800003051757812 ], [ 371769.267443193355575, 5542118.611811863258481, 207.399993896484375 ], [ 371770.151160195353441, 5542118.133776352740824, 207.199996948242188 ], [ 371773.642863258603029, 5542115.924302493222058, 206.800003051757812 ], [ 371777.373385295970365, 5542113.401421840302646, 206.199996948242188 ], [ 371779.747021367540583, 5542112.169767981395125, 205.800003051757812 ], [ 371783.996950326662045, 5542108.506255891174078, 205.199996948242188 ], [ 371786.857942931586877, 5542105.799074145033956, 204.600006103515625 ], [ 371791.986472154851072, 5542101.443207742646337, 203.600006103515625 ], [ 371800.679406438663136, 5542097.160522085614502, 202.600006103515625 ], [ 371801.894486663572025, 5542096.72117917984724, 202.600006103515625 ], [ 371807.575924447737634, 5542092.874234268441796, 201.399993896484375 ], [ 371808.333965756231919, 5542091.914367767982185, 201.199996948242188 ], [ 371812.124585934332572, 5542086.630181083455682, 200.399993896484375 ], [ 371815.078624930349179, 5542084.797240743413568, 199.600006103515625 ], [ 371817.306801827275194, 5542083.009648535400629, 199.199996948242188 ], [ 371821.857562226243317, 5542077.856457831338048, 198.199996948242188 ], [ 371822.399859862343874, 5542076.416911465115845, 197.800003051757812 ], [ 371823.49585903424304, 5542071.253175336867571, 197.0 ], [ 371823.89314186712727, 5542069.52805732935667, 196.800003051757812 ], [ 371823.190829771920107, 5542069.302444308064878, 196.199996948242188 ], [ 371817.461297368921805, 5542066.623748703859746, 196.0 ], [ 371815.463330764323473, 5542065.98159983381629, 196.0 ], [ 371808.013513334677555, 5542061.712398723699152, 195.199996948242188 ], [ 371805.948974598140921, 5542060.046210975386202, 195.199996948242188 ], [ 371804.350995898188557, 5542058.294263406656682, 195.0 ], [ 371799.657121385796927, 5542052.95211223885417, 194.800003051757812 ], [ 371794.117375228146557, 5542048.916922365315259, 194.600006103515625 ], [ 371793.069440126651898, 5542048.307981078512967, 194.399993896484375 ], [ 371783.538266454241239, 5542044.181881561875343, 194.399993896484375 ], [ 371776.236367768549826, 5542043.834570094011724, 193.800003051757812 ], [ 371775.415766003075987, 5542043.938134200870991, 193.800003051757812 ], [ 371766.852079650387168, 5542046.84713989123702, 193.399993896484375 ], [ 371759.518763712665532, 5542048.449312482960522, 193.399993896484375 ], [ 371751.137107622984331, 5542049.92741797119379, 193.0 ], [ 371749.108965285471641, 5542050.283680374734104, 192.800003051757812 ], [ 371747.257651445397642, 5542050.999343341216445, 192.800003051757812 ], [ 371738.12245836132206, 5542051.367316160351038, 193.0 ], [ 371728.587668795196805, 5542052.108510793186724, 192.600006103515625 ], [ 371721.48510444565909, 5542052.558360875584185, 192.600006103515625 ], [ 371718.099287746706977, 5542050.411037662997842, 193.399993896484375 ], [ 371712.058431960176677, 5542048.784194061532617, 194.0 ], [ 371709.345537930552382, 5542048.895804309286177, 194.199996948242188 ], [ 371705.166442585643381, 5542048.995921888388693, 194.0 ], [ 371701.414826122461818, 5542049.635915474966168, 193.800003051757812 ], [ 371700.397865540231578, 5542049.818787257187068, 193.600006103515625 ], [ 371691.376388281467371, 5542048.664308119565248, 193.399993896484375 ], [ 371686.585937452095095, 5542046.317559757269919, 193.600006103515625 ], [ 371685.447897869802546, 5542045.459050726145506, 193.800003051757812 ], [ 371684.32184262474766, 5542044.348507544025779, 193.800003051757812 ], [ 371682.30087566410657, 5542042.998336623422801, 194.199996948242188 ], [ 371678.372674652957357, 5542041.283612660132349, 195.0 ], [ 371673.211448509246111, 5542038.507533656433225, 195.399993896484375 ], [ 371669.427968375151977, 5542036.313825481571257, 195.600006103515625 ], [ 371666.654923380701803, 5542035.419909536838531, 195.800003051757812 ], [ 371662.636918223754037, 5542034.220167274586856, 195.800003051757812 ], [ 371657.07797122822376, 5542032.898850411176682, 196.0 ], [ 371652.602058873628266, 5542031.644821918569505, 196.399993896484375 ], [ 371649.24325053364737, 5542030.876841373741627, 196.399993896484375 ], [ 371642.73468493600376, 5542027.284601546823978, 196.199996948242188 ], [ 371634.192444132058881, 5542022.314548429101706, 196.199996948242188 ], [ 371630.919763562560547, 5542020.127270391210914, 196.199996948242188 ], [ 371628.118164097308181, 5542018.54408413823694, 196.399993896484375 ], [ 371627.126897230627947, 5542017.793956274166703, 196.199996948242188 ], [ 371621.006019767024554, 5542015.087549841031432, 195.600006103515625 ], [ 371618.051872265117709, 5542013.65720921754837, 195.399993896484375 ], [ 371609.668386524717789, 5542006.790620516985655, 195.0 ], [ 371607.870473835035227, 5542005.724172010086477, 195.0 ], [ 371605.461106341681443, 5542005.716669264249504, 194.600006103515625 ], [ 371601.190037577995099, 5542006.993892725557089, 194.199996948242188 ], [ 371592.145897009642795, 5542006.903053603135049, 194.0 ], [ 371590.849344143236522, 5542006.701042979955673, 193.800003051757812 ], [ 371581.16354903409956, 5542004.154753955081105, 193.199996948242188 ], [ 371575.827695773623418, 5542003.620707687921822, 192.800003051757812 ], [ 371570.530491151381284, 5542002.694132719188929, 192.399993896484375 ], [ 371559.416052628366742, 5542000.20079205930233, 192.199996948242188 ], [ 371553.76157914486248, 5541998.406348056159914, 191.800003051757812 ], [ 371551.652565287484322, 5541997.645746983587742, 191.399993896484375 ], [ 371546.352352318936028, 5541995.842813515104353, 191.199996948242188 ], [ 371540.504314314224757, 5541995.246495574712753, 191.199996948242188 ], [ 371536.261814235302154, 5541993.707243499346077, 191.0 ], [ 371533.920408118516207, 5541993.026815767399967, 190.800003051757812 ], [ 371529.735070097260177, 5541993.36964169703424, 190.800003051757812 ], [ 371526.224826156452764, 5541993.052920549176633, 190.800003051757812 ], [ 371521.232329338730779, 5541992.557310708798468, 190.600006103515625 ], [ 371514.37641860358417, 5541988.516679587773979, 190.399993896484375 ], [ 371504.525325699767563, 5541984.342795118689537, 190.0 ], [ 371492.697425817721523, 5541982.165076425299048, 190.199996948242188 ], [ 371486.151968759484589, 5541980.04709505289793, 190.0 ], [ 371480.7003484464949, 5541977.194248077459633, 189.800003051757812 ], [ 371472.372691637836397, 5541972.163350236602128, 189.800003051757812 ], [ 371463.522296051611193, 5541969.634515455923975, 190.0 ], [ 371453.055580431304406, 5541964.095548666082323, 190.199996948242188 ], [ 371444.408328115008771, 5541959.268167639151216, 190.199996948242188 ], [ 371436.55528840504121, 5541956.491658763960004, 189.800003051757812 ], [ 371427.833368859079201, 5541953.810613143257797, 190.399993896484375 ], [ 371424.460228141862899, 5541952.949874425306916, 190.600006103515625 ], [ 371418.57031114876736, 5541953.865178667008877, 190.399993896484375 ], [ 371412.064537974772975, 5541954.403669299557805, 189.800003051757812 ], [ 371409.090788708941545, 5541954.9133007414639, 189.600006103515625 ], [ 371401.493567570869345, 5541955.785703596659005, 188.800003051757812 ], [ 371399.851899142900947, 5541955.97430928144604, 188.600006103515625 ], [ 371387.251291012973525, 5541961.15335523057729, 188.399993896484375 ], [ 371380.241151556081604, 5541963.205160387791693, 188.0 ], [ 371373.62581159803085, 5541969.937460432760417, 188.0 ], [ 371368.261117322021164, 5541971.707337363623083, 187.600006103515625 ], [ 371360.880076704081148, 5541971.073443628847599, 187.199996948242188 ], [ 371359.764759722456802, 5541970.913754720240831, 187.199996948242188 ], [ 371354.955596419516951, 5541969.798510833643377, 186.800003051757812 ], [ 371351.936614973994438, 5541969.675229558721185, 186.600006103515625 ], [ 371349.479189882404171, 5541969.668995625339448, 186.399993896484375 ], [ 371343.436300969624426, 5541969.217431394383311, 185.800003051757812 ], [ 371341.629484782577492, 5541968.533567221835256, 185.800003051757812 ], [ 371338.272174988524057, 5541966.581594835966825, 185.600006103515625 ], [ 371333.271836456027813, 5541963.261176289059222, 185.399993896484375 ], [ 371331.851973461918533, 5541963.929321643896401, 185.199996948242188 ], [ 371325.678950969944708, 5541966.063650426454842, 184.600006103515625 ], [ 371323.23733919695951, 5541966.21555642131716, 184.399993896484375 ], [ 371318.81351405987516, 5541966.135373191908002, 184.0 ], [ 371312.002076460630633, 5541965.954059256240726, 183.800003051757812 ], [ 371310.902091666590422, 5541968.432702963240445, 184.0 ], [ 371309.24681100808084, 5541968.304647902026772, 183.800003051757812 ], [ 371309.103399300540332, 5541969.837229587137699, 184.0 ], [ 371308.632981964678038, 5541973.512864646501839, 184.199996948242188 ], [ 371308.913435683702119, 5541970.932702112011611, 184.0 ], [ 371302.947875517013017, 5541967.449026150628924, 183.800003051757812 ], [ 371296.092949120735284, 5541965.208174141123891, 183.800003051757812 ], [ 371293.211957688617986, 5541967.076944973319769, 183.600006103515625 ], [ 371292.714966393541545, 5541967.396581324748695, 183.800003051757812 ], [ 371287.718671032227576, 5541969.74509778060019, 184.0 ], [ 371279.66861156350933, 5541967.523667128756642, 183.600006103515625 ], [ 371272.716827841009945, 5541967.252536479383707, 183.600006103515625 ], [ 371270.971881838631816, 5541966.89354850910604, 183.399993896484375 ], [ 371265.300278275099117, 5541965.892355175688863, 183.0 ], [ 371258.411589054972865, 5541963.997350234538317, 182.800003051757812 ], [ 371255.752469013037626, 5541964.098571879789233, 182.800003051757812 ], [ 371253.035408168216236, 5541964.788599826395512, 182.800003051757812 ], [ 371250.611856925359461, 5541963.942436691373587, 182.399993896484375 ], [ 371249.247883260133676, 5541963.686184619553387, 182.399993896484375 ], [ 371243.022732257144526, 5541962.651702740229666, 182.199996948242188 ], [ 371237.549088984495029, 5541961.88820290286094, 182.0 ], [ 371236.274376093992032, 5541962.096008001826704, 182.0 ], [ 371227.224575065542012, 5541963.273981478065252, 181.600006103515625 ], [ 371222.322665064246394, 5541963.550361710600555, 181.399993896484375 ], [ 371218.117772332916502, 5541962.830964624881744, 181.0 ], [ 371216.960278638929594, 5541961.917075176723301, 180.800003051757812 ], [ 371210.782752258412074, 5541961.114585218951106, 180.800003051757812 ], [ 371202.600851761642843, 5541958.159842775203288, 180.199996948242188 ], [ 371200.145472945529036, 5541957.239875442348421, 180.0 ], [ 371190.374697937979363, 5541956.169517925940454, 179.800003051757812 ], [ 371182.651590112305712, 5541953.306334138847888, 179.399993896484375 ], [ 371180.639694140932988, 5541952.590160140767694, 179.199996948242188 ], [ 371174.763594774005469, 5541952.33057676255703, 178.600006103515625 ], [ 371169.995889590529259, 5541953.1911885663867, 178.199996948242188 ], [ 371168.399188373645302, 5541954.749412594363093, 177.800003051757812 ], [ 371159.390382015146315, 5541958.630476482212543, 177.399993896484375 ], [ 371154.882030413427856, 5541958.533813700079918, 177.0 ], [ 371151.55779561563395, 5541958.95878139603883, 177.0 ], [ 371145.909026100649498, 5541958.908212539739907, 177.0 ], [ 371137.601506515988149, 5541959.723489652387798, 176.399993896484375 ], [ 371131.521978542325087, 5541959.748569150455296, 176.0 ], [ 371127.802315828797873, 5541958.970945892855525, 176.0 ], [ 371122.023463068297133, 5541959.007448632270098, 175.399993896484375 ], [ 371117.012723233783618, 5541960.004493001848459, 175.199996948242188 ], [ 371116.12616823927965, 5541960.613241780549288, 175.399993896484375 ], [ 371115.183908699196763, 5541962.90165317710489, 175.199996948242188 ], [ 371113.026356539863627, 5541963.373159089125693, 175.0 ], [ 371112.098045767401345, 5541964.243985813111067, 175.0 ], [ 371108.388108466693666, 5541965.368240158073604, 174.399993896484375 ], [ 371100.481729385675862, 5541969.120308418758214, 174.0 ], [ 371098.879393690498546, 5541970.193841230124235, 173.800003051757812 ], [ 371094.158489405061118, 5541975.743373138830066, 173.199996948242188 ], [ 371093.46037511585746, 5541976.692578451707959, 173.399993896484375 ], [ 371090.919627388822846, 5541979.21527608577162, 173.399993896484375 ], [ 371086.746718242822681, 5541981.57213603425771, 173.399993896484375 ], [ 371083.055843889131211, 5541981.241403760388494, 173.0 ], [ 371077.810362316551618, 5541980.472574329003692, 172.399993896484375 ], [ 371073.380374364554882, 5541979.637497185729444, 171.800003051757812 ], [ 371069.67562785197515, 5541979.978436990641057, 171.600006103515625 ], [ 371068.212038407335058, 5541979.827193205244839, 171.600006103515625 ], [ 371056.520927172794472, 5541979.847603249363601, 171.600006103515625 ], [ 371051.182561816589441, 5541979.463320704177022, 171.399993896484375 ], [ 371044.604684232966974, 5541978.502829658798873, 171.399993896484375 ], [ 371035.905780509288888, 5541980.278740395791829, 170.800003051757812 ], [ 371034.065135080716573, 5541980.686702966690063, 170.600006103515625 ], [ 371028.490675653680228, 5541981.725379119627178, 170.800003051757812 ], [ 371023.246027210145257, 5541980.742130309343338, 170.399993896484375 ], [ 371014.143091444100719, 5541981.707293936982751, 170.399993896484375 ], [ 371005.198801198741421, 5541983.02296450547874, 170.0 ], [ 371001.462409428844694, 5541983.047697330825031, 169.600006103515625 ], [ 370995.371396567905322, 5541981.348265426233411, 169.399993896484375 ], [ 370985.869574478128925, 5541978.724014537408948, 168.600006103515625 ], [ 370984.613895331625827, 5541978.474544521421194, 168.600006103515625 ], [ 370974.986372525221668, 5541978.6132508283481, 168.199996948242188 ], [ 370964.738200952881016, 5541979.923107464797795, 168.0 ], [ 370956.68561528425198, 5541980.844413034617901, 168.399993896484375 ], [ 370954.568383931124117, 5541982.4898387696594, 169.199996948242188 ], [ 370953.562383508309722, 5541983.875387439504266, 169.800003051757812 ], [ 370948.319272627821192, 5541986.696375547908247, 170.800003051757812 ], [ 370945.872743732179515, 5541987.641114622354507, 170.800003051757812 ], [ 370938.653631088731345, 5541989.241664301604033, 170.399993896484375 ], [ 370936.362608036142774, 5541990.406436741352081, 170.399993896484375 ], [ 370935.812153555511031, 5541990.251870424486697, 170.399993896484375 ], [ 370934.187384539109189, 5541989.395921872928739, 170.399993896484375 ], [ 370932.405717528250534, 5541989.009956363588572, 170.199996948242188 ], [ 370929.626327240490355, 5541987.361322649754584, 169.600006103515625 ], [ 370924.625198304071091, 5541985.514490384608507, 168.600006103515625 ], [ 370924.062839057238307, 5541984.866038891486824, 168.399993896484375 ], [ 370923.866531698149629, 5541984.199440646916628, 168.399993896484375 ], [ 370922.368392196134664, 5541985.606181348673999, 168.199996948242188 ], [ 370920.566298520658165, 5541985.369896421208978, 168.199996948242188 ], [ 370915.697830614633858, 5541983.472525944001973, 167.302108880095602 ], [ 370914.330087055626791, 5541983.879183917306364, 167.0 ], [ 370909.060636349255219, 5541984.360515820793808, 166.199996948242188 ], [ 370905.680575391568709, 5541983.714720197021961, 165.800003051757812 ], [ 370903.096154025988653, 5541983.674456340260804, 165.600006103515625 ], [ 370900.931989292032085, 5541983.37231397908181, 165.600006103515625 ], [ 370898.806771889154334, 5541983.190445909276605, 165.199996948242188 ], [ 370894.554661503410898, 5541983.255657880567014, 164.600006103515625 ], [ 370892.959579042973928, 5541982.883855164051056, 164.399993896484375 ], [ 370891.240647644910496, 5541982.608278999105096, 164.199996948242188 ], [ 370890.14798523823265, 5541982.3921969672665, 164.199996948242188 ], [ 370881.545747310912702, 5541980.949240616522729, 163.800003051757812 ], [ 370875.312849626294337, 5541980.344275570474565, 163.800003051757812 ], [ 370869.266889631398953, 5541980.266279739327729, 163.800003051757812 ], [ 370860.087369144195691, 5541979.051729958504438, 163.800003051757812 ], [ 370852.37090243579587, 5541976.720325421541929, 164.0 ], [ 370846.056824488099664, 5541975.240892997011542, 163.199996948242188 ], [ 370842.60575428098673, 5541974.391720468178391, 162.600006103515625 ], [ 370840.474687009525951, 5541973.967591601423919, 162.199996948242188 ], [ 370833.158772258611862, 5541973.54730386659503, 161.399993896484375 ], [ 370830.686343514127657, 5541973.168708398006856, 161.199996948242188 ], [ 370829.123459167138208, 5541972.637639237567782, 161.0 ], [ 370823.709280222537927, 5541969.859134845435619, 160.399993896484375 ], [ 370816.642878787708469, 5541966.831446032039821, 160.0 ], [ 370815.447297710983548, 5541966.832314345985651, 160.0 ], [ 370805.707226107653696, 5541965.295713070780039, 159.0 ], [ 370804.127447111648507, 5541964.811678744852543, 159.0 ], [ 370796.471324621525127, 5541961.248124745674431, 158.0 ], [ 370795.736454047553707, 5541960.920865149237216, 157.800003051757812 ], [ 370786.7131978754187, 5541951.991693221032619, 156.800003051757812 ], [ 370777.934495850699022, 5541950.459917393513024, 156.199996948242188 ], [ 370771.527396016870625, 5541948.115680059418082, 155.800003051757812 ], [ 370769.789806136745028, 5541946.320774742402136, 155.800003051757812 ], [ 370764.750057880242821, 5541942.628860922530293, 155.399993896484375 ], [ 370758.887831569183618, 5541938.714375429786742, 155.199996948242188 ], [ 370754.770526694192085, 5541932.417451449669898, 155.0 ], [ 370751.105179594829679, 5541929.662080145440996, 155.399993896484375 ], [ 370746.725845228182152, 5541928.192012218758464, 155.800003051757812 ], [ 370741.755263442872092, 5541924.628985944204032, 156.600006103515625 ], [ 370737.505685947486199, 5541923.556727040559053, 157.0 ], [ 370733.405410099308938, 5541921.949397558346391, 157.399993896484375 ], [ 370732.682089450885542, 5541921.603219386190176, 157.600006103515625 ], [ 370731.469471257587429, 5541921.147639443166554, 157.600006103515625 ], [ 370730.152818691218272, 5541920.862403631210327, 157.800003051757812 ], [ 370727.798961798485834, 5541919.921550009399652, 158.0 ], [ 370723.848744676681235, 5541917.312933408655226, 158.600006103515625 ], [ 370721.77532031852752, 5541915.54479758720845, 159.0 ], [ 370714.670179386041127, 5541910.420264786109328, 159.199996948242188 ], [ 370703.099746524647344, 5541905.990959520451725, 159.399993896484375 ], [ 370692.620379035244696, 5541903.204337580129504, 159.600006103515625 ], [ 370680.310936848458368, 5541900.517871035262942, 160.0 ], [ 370677.152736671385355, 5541899.857534887269139, 160.199996948242188 ], [ 370670.342746134148911, 5541898.996341810561717, 160.399993896484375 ], [ 370659.985578878200613, 5541899.032015987671912, 160.800003051757812 ], [ 370651.196312637650408, 5541897.565966189838946, 161.199996948242188 ], [ 370648.960795037972275, 5541896.799444816075265, 161.199996948242188 ], [ 370640.286125696671661, 5541896.346965439617634, 161.800003051757812 ], [ 370633.088224321545567, 5541895.346004470251501, 162.199996948242188 ], [ 370629.535362231777981, 5541894.266323507763445, 162.600006103515625 ], [ 370623.143952090642415, 5541893.572235088795424, 163.0 ], [ 370620.011108769103885, 5541892.967263841070235, 163.399993896484375 ], [ 370610.186922432912979, 5541890.444693438708782, 164.0 ], [ 370607.433046016085427, 5541889.11262197420001, 164.399993896484375 ], [ 370601.953136774536688, 5541885.860395505093038, 164.600006103515625 ], [ 370595.45573071349645, 5541884.012718899175525, 164.399993896484375 ], [ 370588.127050440292805, 5541882.324997862800956, 163.800003051757812 ], [ 370585.996373140194919, 5541881.919606544077396, 163.600006103515625 ], [ 370582.496032589755487, 5541881.025167783722281, 163.199996948242188 ], [ 370578.454443120514043, 5541878.866416708566248, 163.0 ], [ 370575.228063602175098, 5541878.618045293726027, 162.199996948242188 ], [ 370573.568224408256356, 5541878.303844718262553, 162.199996948242188 ], [ 370564.169863383169286, 5541875.006493816152215, 161.399993896484375 ], [ 370561.31839603104163, 5541874.609208757057786, 161.199996948242188 ], [ 370555.149789147078991, 5541872.445939438417554, 160.399993896484375 ], [ 370549.49622717773309, 5541870.214283284731209, 160.399993896484375 ], [ 370548.394438676768914, 5541869.373778734356165, 160.399993896484375 ], [ 370547.270806588931009, 5541868.375293564982712, 160.199996948242188 ], [ 370545.347426315071061, 5541867.349520039744675, 160.199996948242188 ], [ 370535.504891402204521, 5541862.580430708825588, 159.399993896484375 ], [ 370532.013826800393872, 5541860.827987222000957, 159.0 ], [ 370525.89180771849351, 5541859.10185460653156, 158.0 ], [ 370516.867739325447474, 5541858.863148141652346, 156.800003051757812 ], [ 370515.316650143591687, 5541858.574308064766228, 156.600006103515625 ], [ 370507.428456394060049, 5541859.343124341219664, 155.800003051757812 ], [ 370506.171675141726155, 5541859.29892014991492, 155.600006103515625 ], [ 370498.848031839472242, 5541857.573900664225221, 154.600006103515625 ], [ 370497.42416616686387, 5541857.328609597869217, 154.600006103515625 ], [ 370488.870086456474382, 5541855.903754542581737, 153.600006103515625 ], [ 370487.494191540579777, 5541856.151480832137167, 153.600006103515625 ], [ 370478.133255480381195, 5541856.144763047806919, 152.800003051757812 ], [ 370471.795718607958406, 5541854.451875679194927, 152.399993896484375 ], [ 370466.886409269529395, 5541853.433079340495169, 152.199996948242188 ], [ 370456.940433017909527, 5541852.340310118161142, 151.399993896484375 ], [ 370445.639479745237622, 5541853.6020269067958, 150.399993896484375 ], [ 370443.988948015146889, 5541853.921676497906446, 150.399993896484375 ], [ 370432.724561422830448, 5541855.452933839522302, 149.600006103515625 ], [ 370428.34125937364297, 5541854.570631667040288, 149.399993896484375 ], [ 370421.714787642937154, 5541854.842845420353115, 148.800003051757812 ], [ 370417.614878294523805, 5541855.492164772935212, 148.399993896484375 ], [ 370411.411049475253094, 5541855.353230544365942, 147.800003051757812 ], [ 370405.827106860815547, 5541856.747097099199891, 147.399993896484375 ], [ 370401.287505246931687, 5541857.351124515756965, 147.0 ], [ 370389.880065169883892, 5541858.680805108509958, 146.399993896484375 ], [ 370386.981747161364183, 5541858.583115654997528, 146.199996948242188 ], [ 370379.090743474371266, 5541858.242626226507127, 145.600006103515625 ], [ 370371.261815162899438, 5541857.984562405385077, 145.199996948242188 ], [ 370369.791569101507775, 5541858.057445714250207, 145.199996948242188 ], [ 370359.965172476600856, 5541859.423513929359615, 144.399993896484375 ], [ 370356.737047103757504, 5541859.35247253999114, 144.199996948242188 ], [ 370352.760366119036917, 5541859.383470757864416, 143.600006103515625 ], [ 370348.266691658296622, 5541859.650765313766897, 143.399993896484375 ], [ 370342.485619829210918, 5541860.098416514694691, 143.0 ], [ 370340.629529859113973, 5541860.861305840313435, 143.0 ], [ 370331.082969039853197, 5541862.369837594218552, 142.199996948242188 ], [ 370327.365116965840571, 5541862.916735550388694, 142.0 ], [ 370320.193370584631339, 5541862.00879776943475, 141.399993896484375 ], [ 370317.110887193237431, 5541862.493697594851255, 140.800003051757812 ], [ 370316.335154854110442, 5541862.465861556120217, 140.0 ], [ 370311.379211068153381, 5541862.996130850166082, 139.800003051757812 ], [ 370302.675523575919215, 5541865.071718978695571, 139.800003051757812 ], [ 370296.219541531056166, 5541865.684950252063572, 138.800003051757812 ], [ 370286.244729399099015, 5541866.131666660308838, 138.800003051757812 ], [ 370278.277376369107515, 5541866.856118792667985, 137.800003051757812 ], [ 370270.913790168240666, 5541866.213967485353351, 136.800003051757812 ], [ 370270.005774804973044, 5541865.685842800885439, 136.600006103515625 ], [ 370262.107542613521218, 5541863.807229283265769, 135.399993896484375 ], [ 370251.438758375588804, 5541864.625136679969728, 134.600006103515625 ], [ 370249.074585168506019, 5541864.999432692304254, 134.399993896484375 ], [ 370240.102542479638942, 5541862.941737584769726, 133.399993896484375 ], [ 370232.740919485397171, 5541860.397480142302811, 132.199996948242188 ], [ 370230.350920220313128, 5541860.697817591018975, 132.0 ], [ 370221.542178616684396, 5541860.668843767605722, 132.0 ], [ 370208.687127787794452, 5541860.029315888881683, 131.0 ], [ 370204.903031595633365, 5541858.834302889183164, 131.0 ], [ 370195.88876203604741, 5541854.539926290512085, 129.800003051757812 ], [ 370193.759976933011785, 5541853.966809975914657, 129.199996948242188 ], [ 370191.113338620751165, 5541853.098551886156201, 128.800003051757812 ], [ 370186.553459863876924, 5541852.369910761713982, 129.0 ], [ 370175.230610616854392, 5541848.513813372701406, 128.800003051757812 ], [ 370166.846137169457506, 5541845.41634688526392, 128.399993896484375 ], [ 370158.472473714267835, 5541841.526084543205798, 127.800003051757812 ], [ 370157.18840499088401, 5541841.100336280651391, 127.599998474121094 ], [ 370144.210980634088628, 5541838.142232345417142, 127.0 ], [ 370135.929873938497622, 5541835.592427127994597, 126.599998474121094 ], [ 370123.637089859228581, 5541832.375344520434737, 126.0 ], [ 370113.867821851396002, 5541827.922253266908228, 125.599998474121094 ], [ 370111.106485969969071, 5541827.280593259260058, 125.400001525878906 ], [ 370100.141939295805059, 5541824.329720155335963, 125.0 ], [ 370088.507110032660421, 5541821.488368935883045, 124.599998474121094 ], [ 370087.151199610554613, 5541821.073703791946173, 124.400001525878906 ], [ 370075.543623252306134, 5541816.879727160558105, 124.0 ], [ 370065.746883143729065, 5541816.250261249020696, 123.800003051757812 ], [ 370062.919907733274158, 5541816.123042648658156, 123.599998474121094 ], [ 370062.315716706390958, 5541815.736765957437456, 123.400001525878906 ], [ 370055.323390702891629, 5541813.314323437400162, 123.199996948242188 ], [ 370044.554449904186185, 5541810.256250658072531, 122.599998474121094 ], [ 370042.371033351169899, 5541809.414120302535594, 122.400001525878906 ], [ 370036.54604641709011, 5541805.825837085023522, 122.599998474121094 ], [ 370031.135904084541835, 5541800.763611195608974, 121.800003051757812 ], [ 370021.537279778858647, 5541792.949870942160487, 121.400001525878906 ], [ 370011.808299832686316, 5541788.430713105015457, 120.599998474121094 ], [ 370005.482239054923411, 5541785.48866156861186, 120.400001525878906 ], [ 370002.649282950267661, 5541784.373265996575356, 120.199996948242188 ], [ 369997.059146205603611, 5541782.541575577110052, 119.800003051757812 ], [ 369987.248469023150392, 5541782.826349057257175, 119.199996948242188 ], [ 369983.418531713541597, 5541783.460122329182923, 119.0 ], [ 369973.541954332846217, 5541785.732551728375256, 118.800003051757812 ], [ 369964.324358286976349, 5541790.152188260108232, 118.400001525878906 ], [ 369963.149197650258429, 5541791.243667668662965, 118.199996948242188 ], [ 369961.273846534488257, 5541792.697139765135944, 117.800003051757812 ], [ 369960.444509765657131, 5541792.689304457046092, 117.800003051757812 ], [ 369956.132164121954702, 5541793.250894160941243, 117.800003051757812 ], [ 369949.152091661468148, 5541798.01716339122504, 117.599998474121094 ], [ 369943.462716512847692, 5541806.202012420631945, 117.199996948242188 ], [ 369941.760713825933635, 5541807.86573629733175, 117.199996948242188 ], [ 369936.888715435867198, 5541815.070362304337323, 117.0 ], [ 369929.777778257790487, 5541821.620738600380719, 116.599998474121094 ], [ 369927.178108613938093, 5541824.173409723676741, 116.199996948242188 ], [ 369924.788310412899591, 5541829.182545456103981, 116.400001525878906 ], [ 369921.761166050448082, 5541832.193158420734107, 116.599998474121094 ], [ 369916.460539019433782, 5541833.869704379700124, 116.599998474121094 ], [ 369909.507585554150864, 5541840.490865242667496, 116.0 ], [ 369907.193897492077667, 5541842.943359263241291, 116.0 ], [ 369903.916371980158146, 5541846.528834955766797, 116.199996948242188 ], [ 369897.606598758371547, 5541854.644892132841051, 116.400001525878906 ], [ 369889.849649334326386, 5541860.567657048813999, 116.400001525878906 ], [ 369883.688368824543431, 5541866.880574140697718, 116.400001525878906 ], [ 369877.79254945111461, 5541873.485420188866556, 116.400001525878906 ], [ 369871.309754398942459, 5541880.412231037393212, 115.800003051757812 ], [ 369863.132427812903188, 5541886.587678602896631, 116.0 ], [ 369860.059016053506639, 5541889.42229587957263, 116.0 ], [ 369857.896417104348075, 5541890.425906342454255, 116.0 ], [ 369856.030647779582068, 5541891.776620169170201, 116.0 ], [ 369849.127338048769161, 5541899.692709607072175, 116.0 ], [ 369841.432493971893564, 5541904.457852179184556, 116.0 ], [ 369834.437825460452586, 5541909.355173984542489, 116.199996948242188 ], [ 369826.497062427923083, 5541912.158930925652385, 116.199996948242188 ], [ 369816.788237518048845, 5541913.411257405765355, 116.400001525878906 ], [ 369807.848353551351465, 5541913.917628390714526, 116.599998474121094 ], [ 369806.637117663747631, 5541913.769916083663702, 116.599998474121094 ], [ 369796.838343482115306, 5541914.782039023935795, 116.400001525878906 ], [ 369788.179426975082606, 5541918.936660862527788, 116.599998474121094 ], [ 369780.839953122835141, 5541927.441543615423143, 116.400001525878906 ], [ 369779.816107328282669, 5541937.965381332673132, 116.199996948242188 ], [ 369781.316462738497648, 5541951.980325849726796, 116.199996948242188 ], [ 369775.613353563123383, 5541960.324216220527887, 115.800003051757812 ], [ 369764.680264720635023, 5541964.347698796540499, 115.599998474121094 ], [ 369756.473618924675975, 5541970.542681493796408, 115.199996948242188 ], [ 369748.47998645453481, 5541977.096136928535998, 115.400001525878906 ], [ 369741.095089084003121, 5541982.245506480336189, 115.400001525878906 ], [ 369738.23128065012861, 5541985.541306185536087, 115.199996948242188 ], [ 369733.028198391897604, 5541989.490752560086548, 115.199996948242188 ], [ 369724.234045477292966, 5541991.783952818252146, 115.199996948242188 ], [ 369716.499653074482922, 5541994.666777188889682, 115.199996948242188 ], [ 369706.987636679899879, 5542001.285210100933909, 115.0 ], [ 369700.58065130840987, 5542006.867727816104889, 115.0 ], [ 369688.441959638614208, 5542012.449860683642328, 115.199996948242188 ], [ 369682.229886944172904, 5542012.955341176129878, 115.0 ], [ 369678.617538315244019, 5542012.894061346538365, 115.0 ], [ 369671.898880859778728, 5542016.283708902075887, 114.800003051757812 ], [ 369662.273687304812483, 5542018.988851288333535, 114.599998474121094 ], [ 369658.979139499831945, 5542019.395379998721182, 114.199996948242188 ], [ 369652.280661363503896, 5542017.936021723784506, 114.0 ], [ 369645.599593741702847, 5542015.217492198571563, 113.0 ], [ 369642.406587027653586, 5542016.833694519475102, 112.800003051757812 ], [ 369633.729204994277097, 5542023.180195247754455, 112.800003051757812 ], [ 369631.690008862700779, 5542025.793969360180199, 112.400001525878906 ], [ 369631.76659989944892, 5542033.876114539802074, 112.400001525878906 ], [ 369632.168369922728743, 5542035.078469082713127, 112.199996948242188 ], [ 369632.169050479424186, 5542035.106424867175519, 112.0 ] ], [ [ 369783.716603141336236, 5543005.634999690577388, 102.793978999782439 ], [ 369783.751434946083464, 5543005.629884849302471, 102.800003051757812 ], [ 369783.714507843658794, 5543005.593486548401415, 102.800003051757812 ], [ 369783.716603141336236, 5543005.634999690577388, 102.793978999782439 ] ], [ [ 370120.972148821980227, 5543326.890436857938766, 260.757608315804077 ], [ 370120.985715003742371, 5543326.91429996676743, 260.600006103515625 ], [ 370120.778321601857897, 5543327.031221147626638, 260.79998779296875 ], [ 370120.972148821980227, 5543326.890436857938766, 260.757608315804077 ] ], [ [ 370374.853002234827727, 5542302.667155599221587, 309.059656688963742 ], [ 370374.928981833159924, 5542302.607075748965144, 309.20001220703125 ], [ 370372.390408843231853, 5542300.980872269719839, 309.399993896484375 ], [ 370374.853002234827727, 5542302.667155599221587, 309.059656688963742 ] ], [ [ 370722.884318345051724, 5542866.034604763612151, 234.435484943689005 ], [ 370722.579533481039107, 5542865.794766820035875, 234.199996948242188 ], [ 370722.442873798252549, 5542866.105760468170047, 234.199996948242188 ], [ 370721.382567612803541, 5542866.476353628560901, 234.399993896484375 ], [ 370722.884318345051724, 5542866.034604763612151, 234.435484943689005 ] ], [ [ 370915.697830614633858, 5541983.472525944001973, 167.302108880095602 ], [ 370915.586936285253614, 5541983.42930749617517, 167.399993896484375 ], [ 370915.797544271219522, 5541983.442879046313465, 167.199996948242188 ], [ 370915.697830614633858, 5541983.472525944001973, 167.302108880095602 ] ] ] } }
]
}
