{
"type": "FeatureCollection",
"name": "traumschleifchen",
"crs": { "type": "name", "properties": { "name": "urn:ogc:def:crs:EPSG::25832" } },
"features": [
{ "type": "Feature", "properties": { "name": "Traumschleifchen Dolinenweg", "Nr": null, "darstell": "F1", "datum": null, "height": 113, "link": "https://www.saar-hunsrueck-steig.de/tour/traumschleifchen-dolinenweg-d913ab2fe9", "km": 6.9, "erlebnis": null }, "geometry": { "type": "MultiLineString", "coordinates": [ [ [ 310938.685133063117974, 5490173.841730341315269, 173.0 ], [ 310949.510654816054739, 5490158.107644256204367, 173.0 ], [ 310943.45865842490457, 5490146.520875935442746, 173.0 ], [ 310945.998308799345978, 5490129.961566369049251, 173.0 ], [ 310985.676264335750602, 5490108.662947794422507, 174.0 ], [ 310977.241724026040174, 5490099.384675707668066, 174.0 ], [ 310960.613726153853349, 5490083.602081623859704, 174.0 ], [ 310956.640470871934667, 5490079.733529672026634, 174.0 ], [ 310938.865413286432158, 5490062.210155000910163, 172.0 ], [ 310917.116932821343653, 5490040.818311525508761, 170.0 ], [ 310905.630052565364167, 5490027.083178052678704, 170.0 ], [ 310896.069457885343581, 5490012.502129845321178, 170.0 ], [ 310889.235837928601541, 5489999.273180139251053, 170.0 ], [ 310955.441000651975628, 5489988.850095665082335, 172.0 ], [ 310942.184035338519607, 5489976.289250941947103, 172.0 ], [ 310912.069865444675088, 5489947.62004385329783, 171.0 ], [ 310886.166144927730784, 5489925.482249855995178, 169.0 ], [ 310878.936068404233083, 5489919.612312658689916, 168.0 ], [ 310859.112365207169205, 5489903.607095142826438, 167.0 ], [ 310853.718975358293392, 5489900.566973622888327, 167.0 ], [ 310848.211771147034597, 5489898.421142471954226, 167.0 ], [ 310843.187641080003232, 5489887.243924314156175, 166.0 ], [ 310828.765471225138754, 5489859.922029240988195, 166.0 ], [ 310822.761100568168331, 5489845.55142377410084, 166.0 ], [ 310820.621301845181733, 5489838.169226752594113, 166.0 ], [ 310817.046452445909381, 5489808.244704187847674, 166.0 ], [ 310813.547790893819183, 5489778.42882810626179, 166.0 ], [ 310808.176517965039238, 5489742.668267231434584, 165.0 ], [ 310806.472593057900667, 5489731.153144901618361, 165.0 ], [ 310799.328821756527759, 5489683.991141746751964, 164.0 ], [ 310805.981269578565843, 5489683.648737153038383, 164.0 ], [ 310826.006092648778576, 5489680.393398582004011, 165.0 ], [ 310840.265999891562387, 5489678.006119715981185, 167.0 ], [ 310849.316625160514377, 5489675.799807254225016, 168.0 ], [ 310854.09080844942946, 5489673.519452943466604, 168.0 ], [ 310860.794320052606054, 5489668.389810665510595, 169.0 ], [ 310874.939344258629717, 5489656.435552925802767, 170.0 ], [ 310883.249082526890561, 5489649.580789798870683, 171.0 ], [ 310897.033429518924095, 5489639.75365677755326, 172.0 ], [ 310908.530561021529138, 5489632.89955141954124, 173.0 ], [ 310922.270630235550925, 5489625.967600258998573, 174.0 ], [ 310957.792568659409881, 5489610.043996001593769, 178.0 ], [ 310983.441964822821319, 5489597.690719001926482, 180.0 ], [ 311023.944066770898644, 5489579.146317764185369, 187.0 ], [ 311025.599661265383475, 5489568.404913120903075, 189.0 ], [ 311031.475796028913464, 5489560.299345212057233, 191.0 ], [ 311040.934881739201955, 5489551.067849232815206, 193.0 ], [ 311056.229434333508834, 5489545.083945378661156, 197.0 ], [ 311082.340229747409467, 5489541.841032367199659, 202.0 ], [ 311102.653941844590008, 5489544.809031722135842, 206.0 ], [ 311122.4478067473392, 5489543.232199218124151, 210.0 ], [ 311142.383730561472476, 5489535.306922067888081, 213.0 ], [ 311164.575094802421518, 5489529.751920971088111, 217.0 ], [ 311169.46042026556097, 5489528.580915248021483, 217.0 ], [ 311196.537169380229898, 5489521.855044701136649, 220.0 ], [ 311221.361613493296318, 5489510.755743574351072, 223.0 ], [ 311246.262359802145511, 5489499.765208045952022, 225.0 ], [ 311288.663145721307956, 5489473.255415124818683, 229.0 ], [ 311331.068186314543709, 5489446.857120805419981, 232.0 ], [ 311358.333085569087416, 5489422.541628294624388, 233.0 ], [ 311385.52587487292476, 5489398.228784787468612, 233.0 ], [ 311424.008614220656455, 5489369.407426130026579, 235.0 ], [ 311455.999690106487833, 5489353.943381218239665, 236.0 ], [ 311487.990940039977431, 5489338.479528965428472, 237.0 ], [ 311529.120085611473769, 5489317.023843974806368, 238.0 ], [ 311559.005726873874664, 5489301.410714969038963, 238.0 ], [ 311606.520232323207892, 5489286.5234494227916, 239.0 ], [ 311652.689600887941197, 5489268.344416855834424, 241.0 ], [ 311680.709935274266172, 5489253.241656926460564, 243.0 ], [ 311708.806619454349857, 5489238.24770135525614, 244.0 ], [ 311742.793827731045894, 5489232.287392322905362, 246.0 ], [ 311776.704899890464731, 5489226.218640125356615, 247.0 ], [ 311814.215296565438621, 5489221.583806575275958, 250.0 ], [ 311851.64954505150672, 5489216.840574786067009, 251.0 ], [ 311889.087682584533468, 5489212.208759288303554, 252.0 ], [ 311926.522030410647858, 5489207.466045082546771, 254.0 ], [ 311960.956306359148584, 5489191.364292710088193, 256.0 ], [ 311995.176999640651047, 5489173.266923028044403, 257.0 ], [ 312029.466434257163201, 5489155.056119725108147, 259.0 ], [ 312068.68973246042151, 5489128.66244238987565, 260.0 ], [ 312096.9432565306779, 5489109.770033934153616, 261.0 ], [ 312125.12078080693027, 5489090.769115555100143, 262.0 ], [ 312161.852651686815079, 5489074.033016031607985, 263.0 ], [ 312204.439524369197898, 5489063.216243895702064, 265.0 ], [ 312214.032157270470634, 5489059.880706092342734, 265.0 ], [ 312229.991951455769595, 5489054.211188532412052, 266.0 ], [ 312255.544457049865741, 5489045.206255181692541, 267.0 ], [ 312298.636961104231887, 5489028.029310203157365, 268.0 ], [ 312331.389549936458934, 5489009.317033061757684, 267.0 ], [ 312366.276428278186359, 5488997.87655178271234, 267.0 ], [ 312401.235801631235518, 5488986.433805556036532, 266.0 ], [ 312436.122950290096924, 5488974.993779011070728, 266.0 ], [ 312457.966616647318006, 5488965.561098896898329, 266.0 ], [ 312506.507011393783614, 5488976.131919427774847, 268.0 ], [ 312555.051019664562773, 5488986.814325340092182, 272.0 ], [ 312593.731554457452148, 5489001.397748420014977, 274.0 ], [ 312572.798846328340005, 5489016.251707433722913, 274.0 ], [ 312551.870076317805797, 5489031.216907585971057, 274.0 ], [ 312534.997354479157366, 5489046.153889277949929, 274.0 ], [ 312526.253535607305821, 5489072.051360873505473, 274.0 ], [ 312518.457114034332335, 5489091.79533173609525, 275.0 ], [ 312512.207738736644387, 5489116.494085775688291, 275.0 ], [ 312505.958430055412464, 5489141.192849209532142, 275.0 ], [ 312529.139717511483468, 5489141.173964873887599, 275.0 ], [ 312535.336041324597318, 5489142.296173056587577, 275.0 ], [ 312548.586149173730519, 5489148.40622543822974, 275.0 ], [ 312567.948055587010458, 5489151.078601433895528, 275.0 ], [ 312612.43776404298842, 5489157.671947535127401, 276.0 ], [ 312624.266167423862498, 5489156.152133774012327, 276.0 ], [ 312633.048202538164333, 5489156.62905434332788, 276.0 ], [ 312657.445031826384366, 5489162.467221926897764, 277.0 ], [ 312662.776830258546397, 5489163.730596313253045, 277.0 ], [ 312674.110472307656892, 5489164.676268239505589, 277.0 ], [ 312684.883815076434985, 5489161.968691254965961, 278.0 ], [ 312703.863613835186698, 5489155.640266536734998, 279.0 ], [ 312714.172525935864542, 5489154.172899276949465, 279.0 ], [ 312724.881707427557558, 5489155.919172462075949, 280.0 ], [ 312740.066088276100345, 5489161.4067248320207, 280.0 ], [ 312757.375058128731325, 5489163.371321003884077, 280.0 ], [ 312778.572684703511186, 5489168.874843111261725, 280.0 ], [ 312824.123892878880724, 5489170.536689813248813, 281.0 ], [ 312843.233655848132912, 5489167.988114514388144, 281.0 ], [ 312864.609630677616224, 5489168.143968963064253, 282.0 ], [ 312896.237816632550675, 5489171.508964983746409, 282.0 ], [ 312914.50640386599116, 5489173.997534221969545, 282.0 ], [ 312906.646347983391024, 5489219.339503388851881, 278.0 ], [ 312903.153006665525027, 5489248.394606145098805, 275.0 ], [ 312901.006778646551538, 5489266.051973709836602, 273.0 ], [ 312856.397688776021823, 5489270.700632208958268, 268.0 ], [ 312811.784833283396438, 5489275.238500085659325, 266.0 ], [ 312767.175851764623076, 5489279.887892736122012, 263.0 ], [ 312722.494569026574027, 5489284.540140367113054, 261.0 ], [ 312691.183874611393549, 5489288.28776840865612, 259.0 ], [ 312660.958549351897091, 5489291.998246358707547, 258.0 ], [ 312660.95472600084031, 5489291.887088692747056, 258.0 ], [ 312659.945568493101746, 5489292.033088687807322, 258.0 ], [ 312654.671534243156202, 5489294.551569385454059, 258.0 ], [ 312633.882854866911657, 5489324.090581203810871, 257.0 ], [ 312613.022055695822928, 5489353.632168479263783, 257.0 ], [ 312592.230022198869847, 5489383.060195058584213, 258.0 ], [ 312587.592637814464979, 5489389.340676962397993, 258.0 ], [ 312578.928576507372782, 5489385.966269913129508, 258.0 ], [ 312572.972226206155028, 5489383.389009579084814, 258.0 ], [ 312568.84003703633789, 5489381.194136341102421, 259.0 ], [ 312558.576165520062204, 5489375.537740015424788, 259.0 ], [ 312555.075697019114159, 5489370.650191987864673, 260.0 ], [ 312542.206680048780981, 5489362.968986463733017, 260.0 ], [ 312529.418315707123838, 5489359.736606980673969, 261.0 ], [ 312521.667654337652493, 5489353.437323135323822, 262.0 ], [ 312509.118231367028784, 5489344.521006578579545, 262.0 ], [ 312497.430788333818782, 5489343.810456005856395, 261.0 ], [ 312491.951997937518172, 5489350.899015511386096, 260.0 ], [ 312482.047860921360552, 5489378.839770758524537, 257.0 ], [ 312478.998929375491571, 5489387.068872018717229, 256.0 ], [ 312472.216191952233203, 5489406.778056299313903, 254.0 ], [ 312461.779751812457107, 5489438.187164390459657, 250.0 ], [ 312467.471728070755489, 5489475.161844288930297, 247.0 ], [ 312467.567046587355435, 5489475.826298842206597, 247.0 ], [ 312473.091297623701394, 5489512.139021347276866, 245.0 ], [ 312469.750968441367149, 5489551.873085062019527, 243.0 ], [ 312467.564984792785253, 5489572.536908023059368, 242.0 ], [ 312466.677447304362431, 5489614.078443270176649, 243.0 ], [ 312466.355842632590793, 5489625.774913023225963, 243.0 ], [ 312465.698463236505631, 5489655.066684381105006, 244.0 ], [ 312496.004790954408236, 5489647.457076331600547, 245.0 ], [ 312526.235016374790575, 5489639.738971967250109, 245.0 ], [ 312547.190426550863776, 5489640.353110288269818, 245.0 ], [ 312554.346225790330209, 5489644.113226898014545, 246.0 ], [ 312569.613659735128749, 5489652.045747490599751, 247.0 ], [ 312587.372571071609855, 5489667.126375056803226, 248.0 ], [ 312615.288843477494083, 5489693.209057109430432, 251.0 ], [ 312657.907219413027633, 5489719.231237998232245, 256.0 ], [ 312664.91139442299027, 5489729.117614875547588, 257.0 ], [ 312671.269121365039609, 5489745.481013340875506, 258.0 ], [ 312674.76252371375449, 5489756.489771137014031, 259.0 ], [ 312675.497789803077467, 5489758.91284292563796, 260.0 ], [ 312675.570139369112439, 5489758.910354233346879, 260.0 ], [ 312680.682574336184189, 5489774.871439762413502, 261.0 ], [ 312686.180855839222204, 5489799.94497559312731, 262.0 ], [ 312691.755269435467198, 5489825.127185803838074, 263.0 ], [ 312707.60102649545297, 5489862.531808936037123, 263.0 ], [ 312683.090589142520912, 5489865.934515111148357, 263.0 ], [ 312663.129842544090934, 5489864.729242583736777, 263.0 ], [ 312639.025479483883828, 5489858.881165404804051, 264.0 ], [ 312613.253222340368666, 5489852.979295330122113, 265.0 ], [ 312596.170697705412749, 5489849.115567706525326, 266.0 ], [ 312557.878919917042367, 5489847.762519117444754, 268.0 ], [ 312519.655628743872512, 5489846.296090655960143, 267.0 ], [ 312486.218784199212678, 5489844.998979180119932, 263.0 ], [ 312452.854260117164813, 5489843.699580818414688, 262.0 ], [ 312419.417359499493614, 5489842.402878493070602, 262.0 ], [ 312379.290391349582933, 5489823.530530889518559, 261.0 ], [ 312339.235483543656301, 5489804.655979189090431, 259.0 ], [ 312299.180287541239522, 5489785.781715519726276, 253.0 ], [ 312288.48746226564981, 5489784.480935419909656, 252.0 ], [ 312246.089342447347008, 5489779.599024515599012, 248.0 ], [ 312217.890797271160409, 5489774.78423451911658, 247.0 ], [ 312187.671216660237405, 5489774.379592115059495, 246.0 ], [ 312168.757815664052032, 5489776.256096628494561, 246.0 ], [ 312161.393502766673919, 5489776.955266362987459, 246.0 ], [ 312140.024066654033959, 5489779.027877364307642, 245.0 ], [ 312122.331931066582911, 5489776.410817965865135, 244.0 ], [ 312099.281549648905639, 5489771.752894541248679, 243.0 ], [ 312063.568860776955262, 5489763.303014986217022, 241.0 ], [ 312036.935947499470785, 5489761.885105532594025, 241.0 ], [ 312001.564600684097968, 5489763.328656978905201, 241.0 ], [ 311973.215591626940295, 5489766.755775169469416, 241.0 ], [ 311937.278743846574798, 5489774.896680299192667, 240.0 ], [ 311901.341990209650248, 5489783.037825208157301, 236.0 ], [ 311878.336675225291401, 5489790.176032345741987, 234.0 ], [ 311838.67311571049504, 5489801.562472466379404, 232.0 ], [ 311798.93735745298909, 5489812.951705979183316, 230.0 ], [ 311766.393731969641522, 5489820.753921552561224, 230.0 ], [ 311733.781682877393905, 5489828.669992687180638, 229.0 ], [ 311701.165874165017158, 5489836.475103913806379, 227.0 ], [ 311667.689651420572773, 5489844.532753188163042, 225.0 ], [ 311634.282019991311245, 5489852.476950591430068, 223.0 ], [ 311597.538028395152651, 5489858.199683505110443, 221.0 ], [ 311577.360459800460376, 5489859.120387505739927, 220.0 ], [ 311559.996061022509821, 5489857.606715586967766, 219.0 ], [ 311528.454413805680815, 5489854.58051900472492, 218.0 ], [ 311507.438669576775283, 5489854.306292799301445, 217.0 ], [ 311479.020262289210223, 5489853.620669326744974, 215.0 ], [ 311457.976786506478675, 5489850.454033617861569, 214.0 ], [ 311426.421886948402971, 5489842.86595715675503, 213.0 ], [ 311410.697501919523347, 5489838.513693664222956, 212.0 ], [ 311394.941493098041974, 5489831.157716998830438, 211.0 ], [ 311386.604352646623738, 5489826.77225676458329, 211.0 ], [ 311355.917987849446945, 5489810.807676950469613, 210.0 ], [ 311338.690906982752495, 5489800.720541049726307, 209.0 ], [ 311327.121050776389893, 5489797.114906758069992, 209.0 ], [ 311305.787839030381292, 5489793.958877895958722, 208.0 ], [ 311276.839470125618391, 5489792.624903960153461, 207.0 ], [ 311256.21983862639172, 5489793.339521231129766, 207.0 ], [ 311239.290893079596572, 5489796.040817474015057, 207.0 ], [ 311222.13806948508136, 5489800.641875490546227, 207.0 ], [ 311201.986004193197004, 5489808.574409931898117, 207.0 ], [ 311255.796212533372454, 5489979.655346585437655, 198.0 ], [ 311255.940906747244298, 5489979.650331319309771, 198.0 ], [ 311257.763711880310439, 5489986.264612565748394, 198.0 ], [ 311257.427663917653263, 5489993.287594904191792, 198.0 ], [ 311255.356151657237206, 5490002.485260447487235, 198.0 ], [ 311246.727665596758015, 5490021.036074575036764, 198.0 ], [ 311229.754302175831981, 5490062.134403114207089, 198.0 ], [ 311212.785074292565696, 5490103.343950685113668, 199.0 ], [ 311210.40977782261325, 5490114.221541239880025, 200.0 ], [ 311209.257533448806498, 5490126.948677616193891, 200.0 ], [ 311208.865525281056762, 5490136.533304994925857, 201.0 ], [ 311207.869219579617493, 5490157.935743529349566, 202.0 ], [ 311210.952407317701727, 5490173.743474578484893, 202.0 ], [ 311218.058671112405136, 5490194.864988427609205, 202.0 ], [ 311224.060801362269558, 5490207.12149971164763, 202.0 ], [ 311238.26525577052962, 5490230.334061124362051, 202.0 ], [ 311249.779589852667414, 5490249.076971672475338, 200.0 ], [ 311236.978282686672173, 5490257.97887109965086, 198.0 ], [ 311225.992427953111473, 5490264.925912442617118, 197.0 ], [ 311216.814298879471608, 5490269.69576916936785, 196.0 ], [ 311200.255992301390506, 5490280.95384681597352, 194.0 ], [ 311186.97067031840561, 5490288.42587117664516, 193.0 ], [ 311163.957639127853326, 5490297.348205011337996, 190.0 ], [ 311155.041091770282947, 5490299.215528673492372, 189.0 ], [ 311141.156025034259073, 5490301.922949162311852, 188.0 ], [ 311122.51378218998434, 5490301.122814843431115, 186.0 ], [ 311110.866578726912849, 5490301.526858990080655, 185.0 ], [ 311097.196701280307025, 5490299.997858803719282, 183.0 ], [ 311078.035527952597477, 5490296.767470447346568, 181.0 ], [ 311063.211994123645127, 5490295.389874276705086, 180.0 ], [ 311056.482206150074489, 5490291.394331175833941, 180.0 ], [ 311050.579041346500162, 5490288.260440834797919, 180.0 ], [ 311048.880433630547486, 5490287.317764461971819, 180.0 ], [ 311046.911740330862813, 5490286.940918051637709, 179.0 ], [ 311044.893848775187507, 5490287.233527769334614, 179.0 ], [ 311043.03607382485643, 5490287.965747023932636, 179.0 ], [ 311041.410758956568316, 5490289.135065078735352, 179.0 ], [ 311037.985583755071275, 5490284.357113423757255, 179.0 ], [ 311033.482970400596969, 5490279.839138993062079, 178.0 ], [ 311018.479023759893607, 5490267.00491027161479, 177.0 ], [ 311014.597567057004198, 5490263.689595968462527, 177.0 ], [ 311004.465631103201304, 5490255.583124446682632, 176.0 ], [ 310977.312603473896161, 5490237.049683703109622, 175.0 ], [ 310971.412214917247184, 5490231.912531008012593, 175.0 ], [ 310965.738467756833415, 5490222.872315627522767, 174.0 ], [ 310960.986800818704069, 5490207.011314963921905, 174.0 ], [ 310956.897850856592413, 5490199.80804081633687, 174.0 ], [ 310952.200243736966513, 5490193.850107113830745, 173.0 ], [ 310941.678363517508842, 5490182.863700709305704, 173.0 ], [ 310935.99877879495034, 5490177.830206255428493, 173.0 ], [ 310938.548162909282837, 5490174.069069059565663, 172.0 ] ] ] } },
{ "type": "Feature", "properties": { "name": "Traumschleifchen Karrenberg", "Nr": null, "darstell": "F1", "datum": null, "height": 166, "link": "https://www.saar-hunsrueck-steig.de/tour/traumschleifchen-karrenberg-c4ffa92c94", "km": 5.964, "erlebnis": null }, "geometry": { "type": "MultiLineString", "coordinates": [ [ [ 383805.723910259897821, 5532643.714895620010793, 387.0 ], [ 383825.830475051945541, 5532640.610497173853219, 390.0 ], [ 383846.640593740157783, 5532640.160425919108093, 393.0 ], [ 383877.689576282049529, 5532628.477518905885518, 396.0 ], [ 383902.021150005341042, 5532608.264229166321456, 397.0 ], [ 383908.293489377538208, 5532589.553631260059774, 397.0 ], [ 383903.070859433733858, 5532580.434615883976221, 396.0 ], [ 383886.550317461369559, 5532566.777036597020924, 393.0 ], [ 383879.339977994735818, 5532558.702061665244401, 392.0 ], [ 383862.446085002913605, 5532544.385257402434945, 390.0 ], [ 383835.56259533111006, 5532526.280339417047799, 386.0 ], [ 383829.287419187137857, 5532518.296430571936071, 385.0 ], [ 383833.015453206258826, 5532508.094078312627971, 384.0 ], [ 383830.703561693779193, 5532497.466216189786792, 383.0 ], [ 383824.358990554464981, 5532489.595040562562644, 382.0 ], [ 383804.245491154608317, 5532479.129787460900843, 381.0 ], [ 383794.418623745732475, 5532476.22799766715616, 380.0 ], [ 383788.312913762056269, 5532466.127139260992408, 380.0 ], [ 383780.291270336310845, 5532457.068791051395237, 379.0 ], [ 383753.629154384601861, 5532435.956319366581738, 378.0 ], [ 383738.686129654699471, 5532418.928194388747215, 378.0 ], [ 383719.677069522440434, 5532406.437238169834018, 377.0 ], [ 383708.563114098622464, 5532403.785917188040912, 376.0 ], [ 383688.602216218190733, 5532393.762685613706708, 374.0 ], [ 383682.278523600485642, 5532383.555430477485061, 373.0 ], [ 383685.178484020754695, 5532371.59125757124275, 371.0 ], [ 383704.830663096741773, 5532344.137393715791404, 370.0 ], [ 383709.124162540188991, 5532323.578527401201427, 369.0 ], [ 383706.245079567073844, 5532313.296672692522407, 369.0 ], [ 383689.352975124551449, 5532285.855453697033226, 368.0 ], [ 383675.727586060063913, 5532270.022461373358965, 368.0 ], [ 383663.759451064688619, 5532251.150458751246333, 367.0 ], [ 383656.46215910097817, 5532242.410275360569358, 367.0 ], [ 383624.062654066481628, 5532224.981951544061303, 366.0 ], [ 383615.688791461172514, 5532216.265143219381571, 366.0 ], [ 383613.744834795768838, 5532206.074299091473222, 365.0 ], [ 383616.347510263847653, 5532173.761837567202747, 363.0 ], [ 383628.511464679497294, 5532155.256953479722142, 363.0 ], [ 383643.465215429663658, 5532139.583596029318869, 362.0 ], [ 383659.930955211806577, 5532124.099994352087379, 362.0 ], [ 383676.172317257151008, 5532111.513227773830295, 363.0 ], [ 383706.357872621912975, 5532079.715914442203939, 365.0 ], [ 383725.517850447096862, 5532065.95384883787483, 366.0 ], [ 383746.448857983457856, 5532057.714915349148214, 368.0 ], [ 383778.00143445818685, 5532049.246265197172761, 369.0 ], [ 383798.940547846839763, 5532048.01470947638154, 370.0 ], [ 383817.648772978107445, 5532056.508288561366498, 372.0 ], [ 383826.550983800785616, 5532063.100654953159392, 373.0 ], [ 383856.790184440731537, 5532076.906398843973875, 376.0 ], [ 383865.529552297957707, 5532082.612526613287628, 376.0 ], [ 383895.751082852715626, 5532088.966614744625986, 378.0 ], [ 383918.084843032993376, 5532089.151334994472563, 378.0 ], [ 383938.176736038702074, 5532085.26916228979826, 376.0 ], [ 383940.479598545643967, 5532075.542611525394022, 376.0 ], [ 383925.507722438138444, 5532060.516682466492057, 374.0 ], [ 383891.322078502678778, 5532053.469505463726819, 371.0 ], [ 383835.796803762903437, 5532039.098003114573658, 368.0 ], [ 383816.179621354793198, 5532031.736294511705637, 367.0 ], [ 383810.676490137353539, 5532022.957101256586611, 366.0 ], [ 383809.383573091647122, 5532012.974575500003994, 365.0 ], [ 383813.1610075335484, 5531991.759623939171433, 363.0 ], [ 383801.828552518738434, 5531989.001580122858286, 362.0 ], [ 383792.133071385556832, 5531992.214443678036332, 361.0 ], [ 383772.326750422362238, 5532005.990237879566848, 358.0 ], [ 383762.265262272499967, 5532008.877392680384219, 357.0 ], [ 383751.346982054004911, 5532008.668731165118515, 355.0 ], [ 383744.185848623572383, 5531999.591796040534973, 354.0 ], [ 383745.746673493180424, 5531988.768932619132102, 353.0 ], [ 383742.740825078333728, 5531979.268397307954729, 351.0 ], [ 383678.819103397021536, 5531995.000447443686426, 345.0 ], [ 383665.757263397565112, 5532011.856220022775233, 344.0 ], [ 383644.273195721092634, 5532034.344600067473948, 343.0 ], [ 383625.352198410197161, 5532045.87722488399595, 342.0 ], [ 383602.540420882287435, 5532050.153183388523757, 342.0 ], [ 383570.228939373511821, 5532053.41161235049367, 343.0 ], [ 383559.160489721922204, 5532056.209750783629715, 343.0 ], [ 383549.711890623904765, 5532060.863672622479498, 344.0 ], [ 383541.806561295758002, 5532067.152573979459703, 344.0 ], [ 383522.445434131426737, 5532091.486322441138327, 346.0 ], [ 383504.538931060465984, 5532129.914547953754663, 348.0 ], [ 383499.000185469689313, 5532139.377807557582855, 348.0 ], [ 383484.771730167500209, 5532155.369534627534449, 349.0 ], [ 383478.695096126000863, 5532166.512903515249491, 349.0 ], [ 383475.113392433442641, 5532176.823565340600908, 350.0 ], [ 383460.481051672890317, 5532194.047632466070354, 350.0 ], [ 383456.397049364051782, 5532204.369206327013671, 351.0 ], [ 383449.025756634247955, 5532212.092634992673993, 351.0 ], [ 383439.146938841906376, 5532216.756100296974182, 351.0 ], [ 383437.856992685352452, 5532226.794608500786126, 352.0 ], [ 383429.224785299506038, 5532245.890682219527662, 353.0 ], [ 383427.135810519219376, 5532255.501621942035854, 354.0 ], [ 383433.270768963790033, 5532263.59936189930886, 356.0 ], [ 383440.465283436467871, 5532270.895521344617009, 358.0 ], [ 383445.672098369454034, 5532279.235869824886322, 359.0 ], [ 383453.876093637838494, 5532286.732598582282662, 361.0 ], [ 383464.229973467998207, 5532290.734631123021245, 363.0 ], [ 383470.522835324460175, 5532299.49635271821171, 363.0 ], [ 383480.737973460869398, 5532303.723881456069648, 363.0 ], [ 383492.250921012018807, 5532301.583287008106709, 363.0 ], [ 383512.552795130119193, 5532300.809309950098395, 363.0 ], [ 383517.632817964593414, 5532309.931068433448672, 364.0 ], [ 383540.019630200811662, 5532332.46984675899148, 364.0 ], [ 383566.634916874696501, 5532351.35776228364557, 364.0 ], [ 383576.521861673914827, 5532353.701706499792635, 365.0 ], [ 383585.574666269356385, 5532360.624089783988893, 365.0 ], [ 383613.392249245254789, 5532375.370738759636879, 367.0 ], [ 383611.121449317259248, 5532386.542728785425425, 367.0 ], [ 383612.711372030316852, 5532396.963699644431472, 368.0 ], [ 383616.387210879300255, 5532407.561931078322232, 368.0 ], [ 383621.404836642497685, 5532417.130042503587902, 368.0 ], [ 383628.4794554055552, 5532425.54131481423974, 368.0 ], [ 383645.144618441700004, 5532439.195005245506763, 368.0 ], [ 383660.28341873199679, 5532468.564931321889162, 366.0 ], [ 383667.44601483491715, 5532490.989054988138378, 365.0 ], [ 383670.020683346199803, 5532513.73500403854996, 363.0 ], [ 383679.786762748728506, 5532543.666251375339925, 363.0 ], [ 383680.515400550153572, 5532554.105890554375947, 363.0 ], [ 383671.958496785024181, 5532599.894630874507129, 359.0 ], [ 383664.233499502297491, 5532607.847894569858909, 357.0 ], [ 383655.324252340418752, 5532614.158403930254281, 356.0 ], [ 383652.163485754630528, 5532624.014924702234566, 354.0 ], [ 383636.220466410391964, 5532637.040282041765749, 354.0 ], [ 383634.038381415710319, 5532648.988943092525005, 355.0 ], [ 383634.259977013396565, 5532659.217110042460263, 355.0 ], [ 383629.543780086387414, 5532680.118910362944007, 357.0 ], [ 383628.90187680447707, 5532690.25455890968442, 360.0 ], [ 383633.400076900841668, 5532699.055334326811135, 362.0 ], [ 383629.306553055299446, 5532708.932082249782979, 365.0 ], [ 383634.450560995028354, 5532717.718865825794637, 368.0 ], [ 383642.285225722240284, 5532724.778943406417966, 371.0 ], [ 383663.832358100218698, 5532728.538845495320857, 371.0 ], [ 383670.466348959424067, 5532736.514792516827583, 370.0 ], [ 383657.609703587833792, 5532752.810089671984315, 368.0 ], [ 383665.783342830429319, 5532772.209154068492353, 367.0 ], [ 383663.572367469081655, 5532782.823696296662092, 366.0 ], [ 383655.773495503643062, 5532790.667357032187283, 365.0 ], [ 383660.998778689710889, 5532799.897313831374049, 364.0 ], [ 383668.472101497987751, 5532806.854024093598127, 363.0 ], [ 383656.752145800739527, 5532809.332448367029428, 362.0 ], [ 383625.09432529710466, 5532802.788499800488353, 359.0 ], [ 383618.075226463493891, 5532810.170410746708512, 358.0 ], [ 383611.613856675801799, 5532820.098488416522741, 358.0 ], [ 383603.965856339666061, 5532828.27264401409775, 358.0 ], [ 383598.813018189044669, 5532838.950976458378136, 359.0 ], [ 383596.723750460892916, 5532861.797993117012084, 360.0 ], [ 383589.4319412157638, 5532883.089355612173676, 360.0 ], [ 383584.850826072855853, 5532893.644085261970758, 359.0 ], [ 383569.847542050061747, 5532913.545447728596628, 358.0 ], [ 383567.545791998622008, 5532923.272184937261045, 357.0 ], [ 383561.424154405773152, 5532932.303143907338381, 356.0 ], [ 383558.945731147367042, 5532943.813364759087563, 355.0 ], [ 383549.836224909347948, 5532964.031923693604767, 353.0 ], [ 383543.229259668616578, 5532973.852026553824544, 352.0 ], [ 383525.778324514685664, 5532986.799237658269703, 351.0 ], [ 383494.166559219534975, 5532992.26772472448647, 351.0 ], [ 383496.208831443975214, 5533003.679913301020861, 351.0 ], [ 383500.357897007022984, 5533012.933066700585186, 352.0 ], [ 383517.792191830347292, 5533042.252794676460326, 355.0 ], [ 383526.344104571850039, 5533049.297138631343842, 356.0 ], [ 383533.492267808353063, 5533057.817902863025665, 357.0 ], [ 383542.981751640501898, 5533065.06439508497715, 358.0 ], [ 383552.317494061309844, 5533068.532483022660017, 359.0 ], [ 383576.494459317764267, 5533087.695662939921021, 362.0 ], [ 383597.378930647741072, 5533113.937675965949893, 362.0 ], [ 383619.78875038435217, 5533137.699691030196846, 364.0 ], [ 383636.353584887110628, 5533150.131956456229091, 367.0 ], [ 383658.688924438203685, 5533173.784509114921093, 369.0 ], [ 383675.895001916098408, 5533189.317381147295237, 369.0 ], [ 383693.36584448965732, 5533217.079647657461464, 369.0 ], [ 383720.047587752633262, 5533249.202857528813183, 371.0 ], [ 383735.746487299504224, 5533264.768543515354395, 372.0 ], [ 383741.392093382833991, 5533273.544551876373589, 373.0 ], [ 383767.641455783857964, 5533295.666827204637229, 374.0 ], [ 383784.376727168913931, 5533319.329852659255266, 375.0 ], [ 383795.278055764152668, 5533338.781280142255127, 375.0 ], [ 383799.23277659813175, 5533349.039897891692817, 374.0 ], [ 383824.551205000258051, 5533371.293804505839944, 374.0 ], [ 383834.72037050081417, 5533390.093777377158403, 374.0 ], [ 383867.283444992208388, 5533418.753599792718887, 381.0 ], [ 383887.311298314947635, 5533422.102240239270031, 385.0 ], [ 383892.418766208516899, 5533412.648661676794291, 387.0 ], [ 383892.405643672333099, 5533402.08229891769588, 390.0 ], [ 383887.836646988173015, 5533393.282864334993064, 392.0 ], [ 383893.611522466002498, 5533384.815907753072679, 394.0 ], [ 383894.751200433121994, 5533374.447075673379004, 396.0 ], [ 383898.925990000134334, 5533365.013672300614417, 397.0 ], [ 383908.142841548484284, 5533359.697923669591546, 397.0 ], [ 383918.142095177783631, 5533357.36842954531312, 398.0 ], [ 383918.423237641225569, 5533347.129391897469759, 398.0 ], [ 383903.10789814114105, 5533332.667184380814433, 399.0 ], [ 383876.828409505193122, 5533312.435798256658018, 399.0 ], [ 383869.487510093371384, 5533304.919825091958046, 399.0 ], [ 383851.338825873099267, 5533278.951332906261086, 398.0 ], [ 383842.823777746234555, 5533273.574118972755969, 397.0 ], [ 383834.834618216962554, 5533265.960984347388148, 396.0 ], [ 383799.649795280245598, 5533242.25208290386945, 397.0 ], [ 383792.138727751327679, 5533233.516384028829634, 398.0 ], [ 383790.898439522483386, 5533222.642889462411404, 399.0 ], [ 383795.26197436300572, 5533211.981814384460449, 400.0 ], [ 383811.18151579820551, 5533194.619487948715687, 400.0 ], [ 383811.765866868954618, 5533161.905849477276206, 399.0 ], [ 383799.499737278383691, 5533132.473405594006181, 396.0 ], [ 383793.191480468085501, 5533122.93308016564697, 396.0 ], [ 383788.932755501300562, 5533111.902447618544102, 395.0 ], [ 383786.920006258005742, 5533101.82426584046334, 395.0 ], [ 383789.86542549933074, 5533091.972474962472916, 395.0 ], [ 383779.285029403748922, 5533060.835174832493067, 395.0 ], [ 383762.273144011793192, 5533031.060598509386182, 392.0 ], [ 383756.268571771506686, 5533022.292333549819887, 391.0 ], [ 383740.207889648270793, 5533006.623174113221467, 390.0 ], [ 383735.841569839627482, 5532997.263326102867723, 390.0 ], [ 383734.373843454988673, 5532985.838626992888749, 391.0 ], [ 383736.305052474257536, 5532975.563852456398308, 392.0 ], [ 383743.737760298943613, 5532967.394543190486729, 392.0 ], [ 383754.132125836098567, 5532963.387798638083041, 393.0 ], [ 383766.330430165224243, 5532963.123779872432351, 394.0 ], [ 383777.031932203215547, 5532966.673927859403193, 394.0 ], [ 383787.465229787223507, 5532967.782887483015656, 394.0 ], [ 383797.128876315779053, 5532973.135178340598941, 394.0 ], [ 383807.57658768777037, 5532974.911231563426554, 394.0 ], [ 383817.459078656742349, 5532970.470773783512414, 395.0 ], [ 383848.965814908384345, 5532963.449286978691816, 396.0 ], [ 383859.410375908948481, 5532958.440613397397101, 396.0 ], [ 383890.965300544397905, 5532953.642890851013362, 399.0 ], [ 383922.906145763234235, 5532956.734184654429555, 402.0 ], [ 383959.259167951531708, 5532977.971678690053523, 407.0 ], [ 383974.293091408675537, 5532992.662604234181345, 409.0 ], [ 383987.808383495255839, 5533010.167066911235452, 409.0 ], [ 384001.701173661742359, 5533051.799819091334939, 407.0 ], [ 384004.221464484115131, 5533072.100052972324193, 405.0 ], [ 383995.086542370205279, 5533091.206079971045256, 403.0 ], [ 383994.673714020638727, 5533102.004086459055543, 402.0 ], [ 383956.919672449177597, 5533152.093647629953921, 400.0 ], [ 383943.504634791228455, 5533179.078209777362645, 400.0 ], [ 383927.816369196341839, 5533193.876888415776193, 400.0 ], [ 383930.393228146829642, 5533203.498009760864079, 400.0 ], [ 383937.375412569730543, 5533211.021819519810379, 400.0 ], [ 383947.518786327738781, 5533212.026109815575182, 400.0 ], [ 383957.172228614334017, 5533216.933978017419577, 400.0 ], [ 383967.545253157848492, 5533218.600709642283618, 400.0 ], [ 383975.527077837497927, 5533225.880511756055057, 401.0 ], [ 383987.079017565702088, 5533225.630937408655882, 401.0 ], [ 384008.141113693767693, 5533233.629272437654436, 401.0 ], [ 384016.744606972439215, 5533239.783427998423576, 401.0 ], [ 384046.042216317611746, 5533230.252520409412682, 400.0 ], [ 384055.872377633873839, 5533233.377102477476001, 399.0 ], [ 384062.354487612377852, 5533241.023091779090464, 399.0 ], [ 384072.175018875044771, 5533243.702999795787036, 399.0 ], [ 384080.060911268519703, 5533249.87274497654289, 399.0 ], [ 384089.979085091210436, 5533247.100420688278973, 399.0 ], [ 384096.928851911565289, 5533239.831847303546965, 399.0 ], [ 384105.94045279402053, 5533234.96579463686794, 399.0 ], [ 384116.683914480381645, 5533233.844125217758119, 399.0 ], [ 384134.643897722475231, 5533244.46812629327178, 399.0 ], [ 384154.225096572889015, 5533250.385650528594851, 399.0 ], [ 384174.812597963958979, 5533246.382282202132046, 400.0 ], [ 384183.422339398646727, 5533239.522932236082852, 400.0 ], [ 384195.045126627548598, 5533222.588136953301728, 402.0 ], [ 384213.995257989445236, 5533185.919326620176435, 407.0 ], [ 384216.209179707570001, 5533168.742547339759767, 407.0 ], [ 384215.338093736150768, 5533158.305937165394425, 407.0 ], [ 384217.978068087541033, 5533147.571172664873302, 407.0 ], [ 384232.578389681817498, 5533118.893385887145996, 406.0 ], [ 384273.895283129764721, 5533100.762611283920705, 405.0 ], [ 384282.347510026418604, 5533093.239463950507343, 405.0 ], [ 384287.312499040737748, 5533083.78937294986099, 405.0 ], [ 384302.052496718533803, 5533068.233631145209074, 405.0 ], [ 384356.073967868403997, 5532989.989466574043036, 408.0 ], [ 384363.234909893886652, 5532982.494263954460621, 408.0 ], [ 384374.689013918628916, 5532964.340036186389625, 408.0 ], [ 384369.969801369355991, 5532955.209765546023846, 408.0 ], [ 384345.859731720702257, 5532932.371158014982939, 409.0 ], [ 384332.362218626658432, 5532915.644042226485908, 410.0 ], [ 384317.108709880849347, 5532887.387127683497965, 410.0 ], [ 384316.03211830771761, 5532877.399847973138094, 410.0 ], [ 384319.942269980732817, 5532855.626276437193155, 411.0 ], [ 384330.669161746453028, 5532827.032249618321657, 411.0 ], [ 384335.603169019916095, 5532806.126463827677071, 410.0 ], [ 384328.9463311212603, 5532797.037952496670187, 410.0 ], [ 384319.569970735930838, 5532791.678527377545834, 410.0 ], [ 384244.98932469158899, 5532758.804891591891646, 406.0 ], [ 384222.505026272265241, 5532751.503601985983551, 405.0 ], [ 384201.69490611035144, 5532741.941758440807462, 404.0 ], [ 384139.065792933572084, 5532717.376402107067406, 406.0 ], [ 384095.056360057496931, 5532750.58193694986403, 408.0 ], [ 384071.074189480394125, 5532773.678730868734419, 409.0 ], [ 384059.904065526090562, 5532775.032122617587447, 409.0 ], [ 384049.020480180333834, 5532769.705694636330009, 410.0 ], [ 384015.378062698175199, 5532767.651408412493765, 410.0 ], [ 383994.603624523268081, 5532759.757999264635146, 408.0 ], [ 383977.308634912536945, 5532743.44742888212204, 406.0 ], [ 383965.788687611697242, 5532738.579821707680821, 406.0 ], [ 383943.110231533646584, 5532732.284927587024868, 404.0 ], [ 383933.671204829472117, 5532727.372422707267106, 403.0 ], [ 383911.15539926965721, 5532721.963967218063772, 401.0 ], [ 383891.380426395509858, 5532713.826887539587915, 398.0 ], [ 383885.502438091905788, 5532704.27714713755995, 397.0 ], [ 383883.324615226767492, 5532693.201456443406641, 396.0 ], [ 383878.719015004171524, 5532682.73439291678369, 394.0 ], [ 383869.425761820864864, 5532677.930072014220059, 392.0 ], [ 383858.812350797350518, 5532675.15641232766211, 391.0 ], [ 383826.841317046026234, 5532674.068190693855286, 387.0 ], [ 383816.71653045178391, 5532677.290344284847379, 387.0 ], [ 383798.581670545216184, 5532665.336372807621956, 387.0 ], [ 383796.276975640037563, 5532655.04205028899014, 387.0 ], [ 383800.088622835231945, 5532645.393996969796717, 386.0 ] ] ] } },
{ "type": "Feature", "properties": { "name": "Traumschleifchen Reckershäuser Busch", "Nr": null, "darstell": "F1", "datum": null, "height": 74, "link": "https://www.saar-hunsrueck-steig.de/tour/traumschleifchen-reckershaeuser-busch-613135b603", "km": 5.342, "erlebnis": null }, "geometry": { "type": "MultiLineString", "coordinates": [ [ [ 385411.926871849980671, 5538238.744601126760244, 0.0 ], [ 385418.614046501577832, 5538246.276391023769975, 0.0 ], [ 385429.020072928746231, 5538246.610151331871748, 0.0 ], [ 385435.095319506537635, 5538255.71222360804677, 0.0 ], [ 385438.100032482063398, 5538265.436049123294652, 0.0 ], [ 385438.903930698987097, 5538276.20794998947531, 0.0 ], [ 385446.85350897081662, 5538295.836607388220727, 0.0 ], [ 385462.51433328044368, 5538310.517744733951986, 0.0 ], [ 385469.714346133812796, 5538342.063798608258367, 0.0 ], [ 385443.448978927161079, 5538388.228274617344141, 0.0 ], [ 385436.280705925659277, 5538408.513648862950504, 0.0 ], [ 385433.726230313652195, 5538429.923942964524031, 0.0 ], [ 385433.126114479906391, 5538472.314501171931624, 0.0 ], [ 385444.494242800748907, 5538514.338083650916815, 0.0 ], [ 385449.672871858696453, 5538545.259943448938429, 0.0 ], [ 385449.777707498811651, 5538566.947096247226, 0.0 ], [ 385446.998750217899214, 5538587.917276567779481, 0.0 ], [ 385447.714311307412572, 5538597.912476216442883, 0.0 ], [ 385443.271363242529333, 5538608.129133019596338, 0.0 ], [ 385435.701102813356556, 5538616.299299446865916, 0.0 ], [ 385427.287750184827019, 5538621.929259258322418, 0.0 ], [ 385428.373620601661969, 5538632.472682241350412, 0.0 ], [ 385426.735706119216047, 5538643.074318191967905, 0.0 ], [ 385418.855046251323074, 5538650.138868564739823, 0.0 ], [ 385409.636668862425722, 5538655.007471514865756, 0.0 ], [ 385408.283136830665171, 5538665.491808556951582, 0.0 ], [ 385417.513031867623795, 5538684.648139949887991, 0.0 ], [ 385430.685531321796589, 5538700.383392029441893, 0.0 ], [ 385438.63620312261628, 5538706.664683084003627, 0.0 ], [ 385447.454867359541822, 5538726.719670595601201, 0.0 ], [ 385457.268017352151219, 5538800.03148543741554, 0.0 ], [ 385455.349317493208218, 5538820.983291368000209, 0.0 ], [ 385455.92219451040728, 5538864.572310581803322, 0.0 ], [ 385448.782352216367144, 5538872.73327723890543, 0.0 ], [ 385464.345248111989349, 5538913.110066740773618, 0.0 ], [ 385471.060066270292737, 5538921.976039308123291, 0.0 ], [ 385474.131334337755106, 5538931.476002695038915, 0.0 ], [ 385480.344393281382509, 5538940.352706061676145, 0.0 ], [ 385486.728017692337744, 5538960.570997942239046, 0.0 ], [ 385486.296709942864254, 5538970.590705596841872, 0.0 ], [ 385490.475442186347209, 5538988.297868267633021, 0.0 ], [ 385494.550076301442459, 5538997.776407202705741, 0.0 ], [ 385501.752211574290413, 5539005.964637511409819, 0.0 ], [ 385510.345690619607922, 5539025.579611550085247, 0.0 ], [ 385525.26682616310427, 5539052.734167493879795, 0.0 ], [ 385575.140819056890905, 5539108.284137128852308, 0.0 ], [ 385578.288231928425375, 5539118.004982402548194, 0.0 ], [ 385585.210516247199848, 5539126.532972972840071, 0.0 ], [ 385588.995829115447123, 5539135.906524194404483, 0.0 ], [ 385597.674273692362476, 5539142.728629170916975, 0.0 ], [ 385606.3891945432988, 5539161.340100031346083, 0.0 ], [ 385611.28453803533921, 5539192.490594702772796, 0.0 ], [ 385608.558107088145334, 5539212.569760257378221, 0.0 ], [ 385614.441657362040132, 5539232.910084626637399, 0.0 ], [ 385612.43341388826957, 5539242.963433045893908, 0.0 ], [ 385602.485947591543663, 5539240.506273935548961, 0.0 ], [ 385556.511505438713357, 5539243.267371374182403, 0.0 ], [ 385545.589113083842676, 5539242.16586622223258, 0.0 ], [ 385514.205872970575001, 5539233.159307634457946, 0.0 ], [ 385471.808992029633373, 5539225.500532501377165, 0.0 ], [ 385448.807459021394607, 5539226.214529680088162, 0.0 ], [ 385416.837957162526436, 5539223.338590591214597, 0.0 ], [ 385386.359585354104638, 5539216.426752836443484, 0.0 ], [ 385366.193595270626247, 5539218.971342918463051, 0.0 ], [ 385355.705881361034699, 5539218.083380220457911, 0.0 ], [ 385314.087780105182901, 5539206.627433582209051, 0.0 ], [ 385303.600029847933911, 5539205.739572345279157, 0.0 ], [ 385284.28779990383191, 5539197.922005639411509, 0.0 ], [ 385266.569212883652654, 5539187.512150987051427, 0.0 ], [ 385245.689348485553637, 5539183.510025323368609, 0.0 ], [ 385149.361180316249374, 5539178.788340144790709, 0.0 ], [ 385139.28410808253102, 5539180.339013506658375, 0.0 ], [ 385129.422246124304365, 5539178.548253295943141, 0.0 ], [ 385119.856223637412768, 5539183.869763650000095, 0.0 ], [ 385109.009848255896941, 5539186.32680746819824, 0.0 ], [ 385088.8274845132255, 5539181.42051244713366, 0.0 ], [ 385082.769278423395008, 5539173.097065597772598, 0.0 ], [ 385072.742583113198634, 5539170.308889945037663, 0.0 ], [ 385052.514389712421689, 5539173.300903986208141, 0.0 ], [ 385042.791191859927494, 5539167.948029250837862, 0.0 ], [ 385017.358073264244013, 5539148.917419943027198, 0.0 ], [ 385014.302905383869074, 5539136.859098059125245, 0.0 ], [ 385004.457495878217742, 5539139.183650054968894, 0.0 ], [ 384989.59320590266725, 5539124.820464197546244, 0.0 ], [ 384971.718504515243694, 5539113.858764103613794, 0.0 ], [ 384960.903239661944099, 5539111.087714603170753, 0.0 ], [ 384965.279475019662641, 5539131.237311521545053, 0.0 ], [ 384958.859838852426037, 5539139.494745209813118, 0.0 ], [ 384954.547340873396024, 5539149.04169759247452, 0.0 ], [ 384946.431565820239484, 5539155.110990696586668, 0.0 ], [ 384940.310607881459873, 5539163.918178556486964, 0.0 ], [ 384923.52726458577672, 5539177.069724323228002, 0.0 ], [ 384913.557717487623449, 5539180.286938037723303, 0.0 ], [ 384908.282843121909536, 5539171.724402603693306, 0.0 ], [ 384889.511945924255997, 5539182.471716772764921, 0.0 ], [ 384867.809851366793737, 5539183.605206935666502, 0.0 ], [ 384836.037960864661727, 5539176.613018793053925, 0.0 ], [ 384824.83571329433471, 5539175.852668474428356, 0.0 ], [ 384815.625935837393627, 5539181.055848768912256, 0.0 ], [ 384816.705795731511898, 5539191.265642050653696, 0.0 ], [ 384804.440510592132341, 5539207.768560836091638, 0.0 ], [ 384795.178254270344041, 5539213.862733314745128, 0.0 ], [ 384783.732408946962096, 5539215.109816370531917, 0.0 ], [ 384774.288605175446719, 5539219.428276217542589, 0.0 ], [ 384778.232980851666071, 5539229.46525629516691, 0.0 ], [ 384764.011287693167105, 5539245.009279240854084, 0.0 ], [ 384760.917623641493265, 5539254.530199894681573, 0.0 ], [ 384759.300531851826236, 5539276.032032650895417, 0.0 ], [ 384749.104247021779884, 5539275.361446665599942, 0.0 ], [ 384744.381397281191312, 5539289.144088019616902, 0.0 ], [ 384744.099656729376875, 5539299.383152751252055, 0.0 ], [ 384741.228301136288792, 5539312.569842538796365, 0.0 ], [ 384735.683613355504349, 5539321.476120893843472, 0.0 ], [ 384732.102711269806605, 5539331.674911401234567, 0.0 ], [ 384722.288853444799315, 5539335.445289482362568, 0.0 ], [ 384717.828826091252267, 5539344.773172850720584, 0.0 ], [ 384711.474329198652413, 5539352.695842579938471, 0.0 ], [ 384704.802402972942218, 5539372.526784862391651, 0.0 ], [ 384699.637711404182483, 5539382.425986817106605, 0.0 ], [ 384692.193907658336684, 5539389.704746522009373, 0.0 ], [ 384693.128255626361351, 5539399.806427825242281, 0.0 ], [ 384690.479183062154334, 5539409.985204747878015, 0.0 ], [ 384684.050747868721373, 5539417.798274514265358, 0.0 ], [ 384683.494431476166938, 5539428.59939894080162, 0.0 ], [ 384679.832473940041382, 5539438.355062832124531, 0.0 ], [ 384675.176749880309217, 5539448.577027214691043, 0.0 ], [ 384661.027630679192953, 5539464.119799436070025, 0.0 ], [ 384657.440141255734488, 5539483.99566600099206, 0.0 ], [ 384650.376413580670487, 5539492.267368353903294, 0.0 ], [ 384654.103459448320791, 5539502.19771212246269, 0.0 ], [ 384655.269622475199867, 5539513.073000545613468, 0.0 ], [ 384652.981769919744693, 5539533.36581658385694, 0.0 ], [ 384654.085836805053987, 5539544.687355415895581, 0.0 ], [ 384649.184157861513086, 5539553.468673124909401, 0.0 ], [ 384641.891182765888516, 5539561.077954927459359, 0.0 ], [ 384632.584261926996987, 5539565.06006139703095, 0.0 ], [ 384621.072316297155339, 5539566.531400848180056, 0.0 ], [ 384621.072733846958727, 5539576.541954517364502, 0.0 ], [ 384611.696582244709134, 5539580.63681782130152, 0.0 ], [ 384621.163827045937069, 5539584.103529719635844, 0.0 ], [ 384643.852241596090607, 5539618.874542980454862, 0.0 ], [ 384647.216112202324439, 5539628.590241764672101, 0.0 ], [ 384652.851725575514138, 5539637.255990117788315, 0.0 ], [ 384661.105435896839481, 5539644.308198374696076, 0.0 ], [ 384665.615903270314448, 5539653.999230506829917, 0.0 ], [ 384666.846514910226688, 5539664.539449820294976, 0.0 ], [ 384673.16326490661595, 5539684.869546555913985, 0.0 ], [ 384679.369705749733839, 5539693.411807286553085, 0.0 ], [ 384691.431585718295537, 5539717.511293085291982, 0.0 ], [ 384689.016941235400736, 5539731.911719149909914, 0.0 ], [ 384690.034898245125078, 5539742.567747074179351, 0.0 ], [ 384699.172192741534673, 5539747.376426292583346, 0.0 ], [ 384702.320903775398619, 5539757.096784435212612, 0.0 ], [ 384701.248628741654102, 5539767.241643411107361, 0.0 ], [ 384695.049980006879196, 5539775.717146643437445, 0.0 ], [ 384685.239368457812816, 5539779.598784602247179, 0.0 ], [ 384675.144283411791548, 5539776.924083093181252, 0.0 ], [ 384662.904430578404572, 5539784.52858076710254, 0.0 ], [ 384604.475642790377606, 5539801.358428192324936, 0.0 ], [ 384587.74528257874772, 5539813.508943790569901, 0.0 ], [ 384597.544935878715478, 5539832.429208962246776, 0.0 ], [ 384603.016206115949899, 5539853.444810160435736, 0.0 ], [ 384608.799790273827966, 5539862.329780174419284, 0.0 ], [ 384624.387012778082862, 5539877.010012188926339, 0.0 ], [ 384630.301893783034757, 5539885.336034014821053, 0.0 ], [ 384629.879538295906968, 5539895.689380130730569, 0.0 ], [ 384622.216805550211575, 5539902.750529158860445, 0.0 ], [ 384611.534411596774589, 5539902.758084498345852, 0.0 ], [ 384601.53511639800854, 5539901.193750965408981, 0.0 ], [ 384588.456236657511909, 5539889.796418759971857, 0.0 ], [ 384582.685840894584544, 5539904.825327325612307, 0.0 ], [ 384572.689115290297195, 5539906.709077838808298, 0.0 ], [ 384572.689115290297195, 5539906.709077838808298, 0.0 ], [ 384562.037672529462725, 5539904.825179448351264, 0.0 ], [ 384553.656878530513495, 5539885.207038036547601, 0.0 ], [ 384551.944640593254007, 5539852.320265563204885, 0.0 ], [ 384547.414948187943082, 5539841.739909864962101, 0.0 ], [ 384549.203537865658291, 5539831.57957530207932, 0.0 ], [ 384553.156392747128848, 5539822.039987459778786, 0.0 ], [ 384550.993572833016515, 5539804.846153255552053, 0.0 ], [ 384547.340569435909856, 5539795.025510098785162, 0.0 ], [ 384548.892058208060917, 5539773.85865668579936, 0.0 ], [ 384540.294545741286129, 5539687.619290606118739, 0.0 ], [ 384543.936894899932668, 5539676.97410583961755, 0.0 ], [ 384544.294647258589976, 5539666.955828830599785, 0.0 ], [ 384564.492013346054591, 5539662.627739354036748, 0.0 ], [ 384573.029383261338808, 5539656.215053322724998, 0.0 ], [ 384578.93893824913539, 5539647.634406574070454, 0.0 ], [ 384592.887334367842413, 5539596.16890246514231, 0.0 ], [ 384593.696017967653461, 5539520.516113381832838, 0.0 ], [ 384596.542629142408259, 5539499.543861881829798, 0.0 ], [ 384608.024837297853082, 5539470.043541489169002, 0.0 ], [ 384613.602101756609045, 5539449.346197722479701, 0.0 ], [ 384634.293207175796852, 5539401.294999497011304, 0.0 ], [ 384640.563898260938004, 5539392.817893135361373, 0.0 ], [ 384664.219518533267546, 5539322.568574499338865, 0.0 ], [ 384677.421952145465184, 5539269.673462882637978, 0.0 ], [ 384694.249450930161402, 5539241.949247844517231, 0.0 ], [ 384697.304265720129479, 5539210.628364065662026, 0.0 ], [ 384706.069217029318679, 5539191.419772083871067, 0.0 ], [ 384719.249239474884234, 5539174.118346825242043, 0.0 ], [ 384735.943497516564094, 5539146.842064838856459, 0.0 ], [ 384749.149725465744268, 5539107.405728416517377, 0.0 ], [ 384757.408708570059389, 5539101.333052876405418, 0.0 ], [ 384767.567048442957457, 5539096.887981658801436, 0.0 ], [ 384801.840792915900238, 5539073.460702574811876, 0.0 ], [ 384832.617138651548885, 5539064.123552918434143, 0.0 ], [ 384858.725393668282777, 5539041.094560910947621, 0.0 ], [ 384845.53761345113162, 5539024.693632276728749, 0.0 ], [ 384825.650718756020069, 5538983.521553222090006, 0.0 ], [ 384837.701668257708661, 5538953.675931887701154, 0.0 ], [ 384836.256288460630458, 5538943.140306625515223, 0.0 ], [ 384832.025144825514872, 5538933.109446313232183, 0.0 ], [ 384818.636343182064593, 5538917.380262309685349, 0.0 ], [ 384817.391633452731185, 5538896.162422140128911, 0.0 ], [ 384819.537138762767427, 5538885.883326861076057, 0.0 ], [ 384817.315226846840233, 5538875.920532380230725, 0.0 ], [ 384811.311223493015859, 5538866.817606383003294, 0.0 ], [ 384807.299794319900684, 5538846.993960357271135, 0.0 ], [ 384808.085850590723567, 5538836.855303066782653, 0.0 ], [ 384802.863061224285048, 5538827.401913010515273, 0.0 ], [ 384805.522253528237343, 5538817.667915277183056, 0.0 ], [ 384812.536985951825045, 5538810.398574335500598, 0.0 ], [ 384816.135166800639126, 5538800.978090846911073, 0.0 ], [ 384814.467524231236894, 5538790.113562405109406, 0.0 ], [ 384803.792488040751778, 5538787.228563006967306, 0.0 ], [ 384795.138721008435823, 5538781.630668329074979, 0.0 ], [ 384788.632844905485399, 5538772.538549680262804, 0.0 ], [ 384793.896309650619514, 5538763.860858462750912, 0.0 ], [ 384810.307981982943602, 5538750.049569427967072, 0.0 ], [ 384824.602877570141573, 5538734.504162333905697, 0.0 ], [ 384834.704633786575869, 5538730.727833006531, 0.0 ], [ 384844.933010377339087, 5538729.50705058965832, 0.0 ], [ 384845.066904952109326, 5538719.048728848807514, 0.0 ], [ 384851.823807473701891, 5538709.782879200764, 0.0 ], [ 384854.191671100212261, 5538699.832714345306158, 0.0 ], [ 384884.418911706074141, 5538658.14036532305181, 0.0 ], [ 384896.205788126564585, 5538629.301653823815286, 0.0 ], [ 384903.067994652315974, 5538621.590809603221714, 0.0 ], [ 384907.524239116115496, 5538612.040750469081104, 0.0 ], [ 384922.811122847837396, 5538605.928720906376839, 0.0 ], [ 384933.873562240274623, 5538606.803546815179288, 0.0 ], [ 384943.717357158951927, 5538611.041391336359084, 0.0 ], [ 384953.9531382501591, 5538610.154351398348808, 0.0 ], [ 384963.816104089200962, 5538611.94480387493968, 0.0 ], [ 384957.398712016642094, 5538603.629183698445559, 0.0 ], [ 384959.05003574071452, 5538593.694452354684472, 0.0 ], [ 384969.926306913606822, 5538589.234403121285141, 0.0 ], [ 384978.384937742957845, 5538575.705550400540233, 0.0 ], [ 384988.083381783391815, 5538569.824846783652902, 0.0 ], [ 385003.411419526557438, 5538555.592528622597456, 0.0 ], [ 385002.511532561155036, 5538533.699917656369507, 0.0 ], [ 385016.937214178149588, 5538504.137539892457426, 0.0 ], [ 385073.967121409834363, 5538441.405640145763755, 0.0 ], [ 385099.069464839471038, 5538408.055359449237585, 0.0 ], [ 385103.012565774843097, 5538397.960343416780233, 0.0 ], [ 385106.012520946038421, 5538377.318894057534635, 0.0 ], [ 385114.308487943839282, 5538302.618444641120732, 0.0 ], [ 385118.892741499119438, 5538282.276744722388685, 0.0 ], [ 385125.447557842358947, 5538273.571753130294383, 0.0 ], [ 385142.583218926854897, 5538259.968521220609546, 0.0 ], [ 385222.244948217296042, 5538205.651816481724381, 0.0 ], [ 385240.047056550742127, 5538199.709361777640879, 0.0 ], [ 385277.35832810390275, 5538203.916126861236989, 0.0 ], [ 385297.948392036254518, 5538204.254192353226244, 0.0 ], [ 385405.925240332493559, 5538212.956836031749845, 0.0 ], [ 385413.761775716440752, 5538220.575283189304173, 0.0 ], [ 385411.612424745108001, 5538230.74293268751353, 0.0 ] ] ] } },
{ "type": "Feature", "properties": { "name": "Traumschleifchen Baybachquellen", "Nr": null, "darstell": "F1", "datum": null, "height": 99, "link": "https://www.saar-hunsrueck-steig.de/tour/traumschleifchen-baybachquellen-5cc0d74bca", "km": 6.239, "erlebnis": null }, "geometry": { "type": "MultiLineString", "coordinates": [ [ [ 398339.975209071533754, 5551880.831962877884507, 0.0 ], [ 398323.597236968344077, 5551877.139933909289539, 0.0 ], [ 398294.298591629078146, 5551871.024805441498756, 0.0 ], [ 398265.073492321011145, 5551865.019654945470393, 0.0 ], [ 398219.382318798801862, 5551858.216375458054245, 0.0 ], [ 398192.247494095470756, 5551853.061533529311419, 0.0 ], [ 398165.181991200137418, 5551847.794284266419709, 0.0 ], [ 398161.516436863865238, 5551846.86322164721787, 0.0 ], [ 398158.643737183592748, 5551846.250698871910572, 0.0 ], [ 398162.143854789319448, 5551838.509670315310359, 0.0 ], [ 398186.423780111537781, 5551795.226424166932702, 0.0 ], [ 398210.704113347223029, 5551751.943296417593956, 0.0 ], [ 398234.984854492475279, 5551708.660287070088089, 0.0 ], [ 398259.337505288305692, 5551665.376033460721374, 0.0 ], [ 398277.723027095606085, 5551627.989092119038105, 0.0 ], [ 398301.375112092588097, 5551592.948757987469435, 0.0 ], [ 398314.545071714557707, 5551567.117077045142651, 0.0 ], [ 398327.715164063323755, 5551541.285431260243058, 0.0 ], [ 398287.283005101024173, 5551517.809415453113616, 0.0 ], [ 398249.233968299406115, 5551499.29321919567883, 0.0 ], [ 398211.1825426100404, 5551480.666110513731837, 0.0 ], [ 398200.417601290391758, 5551471.306356152519584, 0.0 ], [ 398197.377802279079333, 5551465.692047751508653, 0.0 ], [ 398177.525484271696769, 5551429.923803666606545, 0.0 ], [ 398154.630905226571485, 5551388.430166625417769, 0.0 ], [ 398131.664478074002545, 5551346.937989924103022, 0.0 ], [ 398108.066878953832202, 5551306.125274664722383, 0.0 ], [ 398084.538317042461131, 5551265.200115932151675, 0.0 ], [ 398060.937899919517804, 5551224.276423833332956, 0.0 ], [ 398058.695023734821007, 5551219.203077654354274, 0.0 ], [ 398058.201629924238659, 5551212.094350881874561, 0.0 ], [ 398059.882527801790275, 5551202.719690616242588, 0.0 ], [ 398055.672838197613601, 5551195.793139109387994, 0.0 ], [ 398050.743810648855288, 5551188.657883495092392, 0.0 ], [ 398042.832653550256509, 5551182.69178663007915, 0.0 ], [ 398034.968189036648255, 5551179.171672498807311, 0.0 ], [ 398019.596770131611265, 5551172.124649681150913, 0.0 ], [ 397997.455366715090349, 5551166.430429633706808, 0.0 ], [ 397979.460004296037368, 5551164.327375347726047, 0.0 ], [ 397946.839376072690357, 5551164.283435020595789, 0.0 ], [ 397914.149358021444641, 5551164.352241639047861, 0.0 ], [ 397904.516967256669886, 5551165.648626904934645, 0.0 ], [ 397877.420289891480934, 5551170.170777707360685, 0.0 ], [ 397860.402083532768302, 5551174.277819579467177, 0.0 ], [ 397834.26912672794424, 5551180.561295515857637, 0.0 ], [ 397814.487693798961118, 5551186.056013817898929, 0.0 ], [ 397784.735594959231094, 5551193.854876769706607, 0.0 ], [ 397765.565897342166863, 5551197.669750023633242, 0.0 ], [ 397748.502257683547214, 5551195.660855149850249, 0.0 ], [ 397736.971522224426735, 5551191.210394904948771, 0.0 ], [ 397719.818076003051829, 5551191.983842418529093, 0.0 ], [ 397699.159520723973401, 5551196.494803569279611, 0.0 ], [ 397683.592984475777484, 5551201.686815271154046, 0.0 ], [ 397666.655040129437111, 5551206.237829676829278, 0.0 ], [ 397645.698933531530201, 5551206.417072124779224, 0.0 ], [ 397631.000259587774053, 5551208.367184290662408, 0.0 ], [ 397618.686940203420818, 5551211.60625371336937, 0.0 ], [ 397591.751763316628058, 5551220.7980692749843, 0.0 ], [ 397564.888183179195039, 5551229.988650162704289, 0.0 ], [ 397564.76009890664136, 5551230.769657156430185, 0.0 ], [ 397575.992437009583227, 5551212.202647887170315, 0.0 ], [ 397580.388797471881844, 5551198.994193124584854, 0.0 ], [ 397580.105024795862846, 5551191.659026378765702, 0.0 ], [ 397577.958899269113317, 5551180.466836105100811, 0.0 ], [ 397574.236319167539477, 5551172.863971241749823, 0.0 ], [ 397550.24516091903206, 5551134.17432417254895, 0.0 ], [ 397532.753462227236014, 5551106.14851894043386, 0.0 ], [ 397523.298360288492404, 5551086.866232322528958, 0.0 ], [ 397523.470270022749901, 5551077.186672751791775, 0.0 ], [ 397523.588779724086635, 5551072.179436175152659, 0.0 ], [ 397524.085257213795558, 5551049.591968092136085, 0.0 ], [ 397527.84665335866157, 5551029.388713581487536, 0.0 ], [ 397537.327747421339154, 5551020.197841166518629, 0.0 ], [ 397554.163000593660399, 5550991.624593075364828, 0.0 ], [ 397568.535065293719526, 5550961.430335696786642, 0.0 ], [ 397581.693437739566434, 5550946.274280193261802, 0.0 ], [ 397598.39548922405811, 5550929.381981810554862, 0.0 ], [ 397612.467597722425126, 5550917.100239178165793, 0.0 ], [ 397631.838056696229614, 5550905.050624377094209, 0.0 ], [ 397661.792407619243022, 5550892.798232509754598, 0.0 ], [ 397680.429686294985004, 5550883.543383137322962, 0.0 ], [ 397686.408111943281256, 5550878.201433362439275, 0.0 ], [ 397708.145507608307526, 5550858.988597623072565, 0.0 ], [ 397722.572247001167852, 5550850.2594458097592, 0.0 ], [ 397756.55650657514343, 5550835.483552698977292, 0.0 ], [ 397790.469435988401528, 5550820.709247446618974, 0.0 ], [ 397824.451934008859098, 5550805.822611585259438, 0.0 ], [ 397831.123135161469691, 5550803.025662216357887, 0.0 ], [ 397833.570797790132929, 5550800.087083224207163, 0.0 ], [ 397833.357575612375513, 5550796.420865673571825, 0.0 ], [ 397832.271301109110937, 5550791.992803846485913, 0.0 ], [ 397831.345069488976151, 5550788.451449137181044, 0.0 ], [ 397829.949539848603308, 5550764.120724436827004, 0.0 ], [ 397839.753527431865223, 5550715.663197154179215, 0.0 ], [ 397837.331864841340575, 5550712.484113505110145, 0.0 ], [ 397833.216440336487722, 5550706.779349843040109, 0.0 ], [ 397829.888988592894748, 5550697.389216878451407, 0.0 ], [ 397826.628693971433677, 5550657.856882328167558, 0.0 ], [ 397823.368366218695883, 5550618.324551454745233, 0.0 ], [ 397821.316386916674674, 5550593.339066592045128, 0.0 ], [ 397819.262267191777937, 5550568.242402807809412, 0.0 ], [ 397814.880992426886223, 5550529.954958897083998, 0.0 ], [ 397810.501796401047613, 5550491.778700300492346, 0.0 ], [ 397807.09253057546448, 5550474.382227106019855, 0.0 ], [ 397815.971371380554046, 5550474.768441422842443, 0.0 ], [ 397851.265784131071996, 5550475.984008724801242, 0.0 ], [ 397895.438999355537817, 5550477.586155304685235, 0.0 ], [ 397884.939704330754466, 5550452.317283932119608, 0.0 ], [ 397882.313271521066781, 5550445.916683977469802, 0.0 ], [ 397865.197821660840418, 5550407.650277709588408, 0.0 ], [ 397847.366947406611871, 5550369.397604655474424, 0.0 ], [ 397846.026437842636369, 5550366.642718991264701, 0.0 ], [ 397845.991628399817273, 5550361.082333249971271, 0.0 ], [ 397848.202908351318911, 5550353.254566069692373, 0.0 ], [ 397863.905495648737997, 5550321.367481439374387, 0.0 ], [ 397879.608278637635522, 5550289.480446967296302, 0.0 ], [ 397889.457314829691313, 5550269.494802036322653, 0.0 ], [ 397895.382777981401887, 5550257.592095366679132, 0.0 ], [ 397920.784025166067295, 5550272.677485851570964, 0.0 ], [ 397963.529836118745152, 5550293.103868403472006, 0.0 ], [ 398006.273190125008114, 5550313.419408938847482, 0.0 ], [ 398019.465355113730766, 5550318.617319673299789, 0.0 ], [ 398035.177665903291199, 5550324.656915177591145, 0.0 ], [ 398040.491351801319979, 5550325.667680024169385, 0.0 ], [ 398065.915434249793179, 5550330.743423288688064, 0.0 ], [ 398096.250981106772088, 5550334.502142425626516, 0.0 ], [ 398126.514960307453293, 5550338.262397499755025, 0.0 ], [ 398167.974089056951925, 5550343.81132934242487, 0.0 ], [ 398174.861154537415132, 5550344.792227209545672, 0.0 ], [ 398176.663508455036208, 5550356.769711669534445, 0.0 ], [ 398185.127308155759238, 5550395.424414458684623, 0.0 ], [ 398196.155059711541981, 5550433.474150178954005, 0.0 ], [ 398209.164504786487669, 5550474.155434098094702, 0.0 ], [ 398212.451139696058817, 5550481.433365253731608, 0.0 ], [ 398220.297389685059898, 5550498.967934158630669, 0.0 ], [ 398233.338918480440043, 5550515.068861859850585, 0.0 ], [ 398238.467993119440507, 5550521.421932615339756, 0.0 ], [ 398265.57380664057564, 5550543.483325846493244, 0.0 ], [ 398292.679396660299972, 5550565.544854400679469, 0.0 ], [ 398319.713247008330654, 5550587.607879936695099, 0.0 ], [ 398423.255050976818893, 5550513.455236713401973, 0.0 ], [ 398427.195595058379695, 5550521.276956175453961, 0.0 ], [ 398435.930623213760555, 5550536.681721496395767, 0.0 ], [ 398446.014214314636774, 5550555.28625457547605, 0.0 ], [ 398448.656829503714107, 5550562.576566763222218, 0.0 ], [ 398592.338995361584239, 5550548.835457948967814, 0.0 ], [ 398630.992927715415135, 5550568.788632581941783, 0.0 ], [ 398669.71597279550042, 5550588.629546273499727, 0.0 ], [ 398673.716241516172886, 5550580.768208927474916, 0.0 ], [ 398911.247697423503269, 5550660.794143178500235, 0.0 ], [ 398916.680814811261371, 5550668.143063854426146, 0.0 ], [ 398925.694031131162774, 5550694.554131036624312, 0.0 ], [ 398934.709268738050014, 5550721.076393844559789, 0.0 ], [ 398941.423353642399888, 5550746.974895596504211, 0.0 ], [ 398942.655944901285693, 5550751.622825019992888, 0.0 ], [ 398960.39562060078606, 5550762.854061034508049, 0.0 ], [ 398995.407799476757646, 5550787.105064977891743, 0.0 ], [ 399027.256266544922255, 5550810.526347587816417, 0.0 ], [ 399059.175966376787983, 5550833.946465468965471, 0.0 ], [ 399090.878747339244001, 5550857.259644826874137, 0.0 ], [ 399110.050102440931369, 5550868.575524094514549, 0.0 ], [ 399143.838900112081319, 5550892.516914536245167, 0.0 ], [ 399177.627393689472228, 5550916.458515633828938, 0.0 ], [ 399211.413484626915306, 5550940.2891467763111, 0.0 ], [ 399245.201370698749088, 5550964.231169179081917, 0.0 ], [ 399279.060463305271696, 5550988.172053351998329, 0.0 ], [ 399302.110933747026138, 5551007.97938038315624, 0.0 ], [ 399312.16781971429009, 5551021.581033064052463, 0.0 ], [ 399323.521643004962243, 5551012.91421686206013, 0.0 ], [ 399108.50285364856245, 5551210.718433826230466, 0.0 ], [ 398995.426270669675432, 5551366.674184307456017, 0.0 ], [ 398917.028268780733924, 5551461.138246695511043, 0.0 ], [ 398909.02609571814537, 5551461.623422260396183, 0.0 ], [ 398901.48655796260573, 5551460.097879759967327, 0.0 ], [ 398892.271167570084799, 5551472.061769387684762, 0.0 ], [ 398889.129279708664399, 5551476.12521093338728, 0.0 ], [ 398855.656354447011836, 5551457.406871417537332, 0.0 ], [ 398822.185298271127976, 5551438.799919820390642, 0.0 ], [ 398788.71189790131757, 5551420.081994844600558, 0.0 ], [ 398786.907412875851151, 5551419.226438254117966, 0.0 ], [ 398788.71189790131757, 5551420.081994844600558, 0.0 ], [ 398765.278636028990149, 5551451.779266295954585, 0.0 ], [ 398741.845658502890728, 5551483.476645731367171, 0.0 ], [ 398718.41296532494016, 5551515.174133148044348, 0.0 ], [ 398694.980556497117504, 5551546.871728547848761, 0.0 ], [ 398658.503943184507079, 5551524.430107367224991, 0.0 ], [ 398622.024909101251978, 5551501.877551458775997, 0.0 ], [ 398622.279256789188366, 5551500.204410877078772, 0.0 ], [ 398622.024909101251978, 5551501.877551458775997, 0.0 ], [ 398616.084458145720419, 5551539.36052203271538, 0.0 ], [ 398610.144103845930658, 5551576.843502402305603, 0.0 ], [ 398605.864417427335866, 5551603.840203107334673, 0.0 ], [ 398604.20384620281402, 5551614.326492569409311, 0.0 ], [ 398595.517349386762362, 5551654.086073057726026, 0.0 ], [ 398591.154538239410613, 5551665.402243203483522, 0.0 ], [ 398566.221222057996783, 5551761.080928519368172, 0.0 ], [ 398540.13625197293004, 5551762.243954321369529, 0.0 ], [ 398534.630698638677131, 5551784.926422995515168, 0.0 ], [ 398533.22076601930894, 5551797.298734326846898, 0.0 ], [ 398531.693201247719117, 5551811.007932476699352, 0.0 ], [ 398528.825125076284166, 5551836.976905204355717, 0.0 ], [ 398525.832390536437742, 5551856.386220840737224, 0.0 ], [ 398523.633903402485885, 5551868.662306345999241, 0.0 ], [ 398520.588372207945213, 5551885.292109245434403, 0.0 ], [ 398515.537776732293423, 5551913.082120105624199, 0.0 ], [ 398509.76654613314895, 5551925.537358765490353, 0.0 ], [ 398509.621435884037055, 5551925.428896789439023, 0.0 ], [ 398482.278734522056766, 5551916.828705761581659, 0.0 ], [ 398454.935941323521547, 5551908.228653714992106, 0.0 ], [ 398440.694637391366996, 5551904.050742668099701, 0.0 ], [ 398429.115681185387075, 5551900.711978106759489, 0.0 ], [ 398397.297921415185556, 5551893.754457715898752, 0.0 ], [ 398360.807251053221989, 5551885.551443277858198, 0.0 ] ] ] } },
{ "type": "Feature", "properties": { "name": "Traumschleifchen Spitzer Stein", "Nr": null, "darstell": "F1", "datum": null, "height": 237, "link": "https://www.saar-hunsrueck-steig.de/tour/traumschleifchen-spitzer-stein-8563f83095", "km": 6.658, "erlebnis": null }, "geometry": { "type": "MultiLineString", "coordinates": [ [ [ 406562.333357388386503, 5553900.735706757754087, 0.0 ], [ 406561.480389332049526, 5553892.854306616820395, 0.0 ], [ 406562.252933056501206, 5553892.062262954190373, 0.0 ], [ 406583.053858781349845, 5553871.456652930006385, 0.0 ], [ 406583.826408860390075, 5553870.664612493477762, 0.0 ], [ 406601.535332691739313, 5553853.116057310253382, 0.0 ], [ 406604.698973682941869, 5553850.057838017120957, 0.0 ], [ 406604.116376730496995, 5553841.281971813179553, 0.0 ], [ 406605.657052848255262, 5553835.360550371930003, 0.0 ], [ 406613.406659607309848, 5553804.306834912858903, 0.0 ], [ 406622.421455652976874, 5553772.007613995112479, 0.0 ], [ 406623.093364045023918, 5553769.549101576209068, 0.0 ], [ 406632.708732226106804, 5553734.792640008963645, 0.0 ], [ 406642.324235808453523, 5553700.036199095658958, 0.0 ], [ 406654.481293907563668, 5553659.340866349637508, 0.0 ], [ 406656.371674862806685, 5553652.968482109718025, 0.0 ], [ 406664.902823192067444, 5553658.38002404384315, 0.0 ], [ 406664.976241878874134, 5553658.489955564960837, 0.0 ], [ 406679.065772483882029, 5553671.033317111432552, 0.0 ], [ 406694.120336578576826, 5553693.791702585294843, 0.0 ], [ 406708.566516072489321, 5553718.562653009779751, 0.0 ], [ 406713.82040146109648, 5553732.817637486383319, 0.0 ], [ 406713.824289680633228, 5553733.040001364424825, 0.0 ], [ 406713.82040146109648, 5553732.817637486383319, 0.0 ], [ 406697.609677138621919, 5553750.228375821374357, 0.0 ], [ 406693.119061315665022, 5553755.089199830777943, 0.0 ], [ 406702.702652274281718, 5553759.370230711996555, 0.0 ], [ 406712.503049910999835, 5553767.873692967928946, 0.0 ], [ 406720.83943995408481, 5553778.515872852876782, 0.0 ], [ 406720.988215895078611, 5553778.846919352188706, 0.0 ], [ 406725.52684558974579, 5553788.999430540949106, 0.0 ], [ 406734.025112502276897, 5553796.635969195514917, 0.0 ], [ 406743.483143922057934, 5553801.920208843424916, 0.0 ], [ 406754.376849246327765, 5553811.628007804043591, 0.0 ], [ 406761.984348127618432, 5553817.38948789704591, 0.0 ], [ 406768.032640519668348, 5553819.841749658808112, 0.0 ], [ 406774.024999104847666, 5553823.18472286965698, 0.0 ], [ 406775.396555505634751, 5553823.939266399480402, 0.0 ], [ 406799.715096303261817, 5553832.745279560796916, 0.0 ], [ 406818.985909844632261, 5553839.0816007591784, 0.0 ], [ 406858.767636423348449, 5553853.178602801635861, 0.0 ], [ 406864.61889794684248, 5553856.635354436002672, 0.0 ], [ 406870.300380583677907, 5553862.653040941804647, 0.0 ], [ 406873.153391386964358, 5553862.269588444381952, 0.0 ], [ 406886.339288096409291, 5553868.156294347718358, 0.0 ], [ 406919.236462375149131, 5553885.154301642440259, 0.0 ], [ 406959.945291635522153, 5553907.354618931189179, 0.0 ], [ 406984.409298138227314, 5553936.845056731253862, 0.0 ], [ 406993.882333971676417, 5553943.019191371276975, 0.0 ], [ 407020.415972338058054, 5553960.01753437705338, 0.0 ], [ 407053.917035512276925, 5553983.011470927856863, 0.0 ], [ 407069.157600193168037, 5553987.861873903311789, 0.0 ], [ 407081.236068029189482, 5553991.766455622389913, 0.0 ], [ 407097.090931341634132, 5553999.052983283996582, 0.0 ], [ 407118.165071682771668, 5554010.474876401945949, 0.0 ], [ 407143.942781791440211, 5554029.266427391208708, 0.0 ], [ 407169.722244664735626, 5554048.169283313676715, 0.0 ], [ 407205.377745813690126, 5554071.793941032141447, 0.0 ], [ 407205.864483192388434, 5554071.006964115425944, 0.0 ], [ 407209.324862919165753, 5554113.764812799170613, 0.0 ], [ 407210.383242636336945, 5554195.156298944726586, 0.0 ], [ 407200.396901231142692, 5554258.055693102069199, 0.0 ], [ 407205.928656997159123, 5554255.512710922397673, 0.0 ], [ 407246.294939065002836, 5554245.913375245407224, 0.0 ], [ 407286.732823862927034, 5554236.313104725442827, 0.0 ], [ 407327.101311627076939, 5554226.825566319748759, 0.0 ], [ 407334.599435935611837, 5554222.246676206588745, 0.0 ], [ 407353.617165712348651, 5554205.901279645040631, 0.0 ], [ 407372.565476601826958, 5554189.668375774286687, 0.0 ], [ 407383.544191644352395, 5554196.15067910309881, 0.0 ], [ 407412.217363477102481, 5554213.002539429813623, 0.0 ], [ 407413.300933264195919, 5554213.651024918071926, 0.0 ], [ 407413.229467220429797, 5554213.652265383861959, 0.0 ], [ 407440.892281498294324, 5554229.96573422010988, 0.0 ], [ 407472.759716565837152, 5554249.654087472707033, 0.0 ], [ 407504.628842325881124, 5554269.45381095726043, 0.0 ], [ 407536.49580219690688, 5554289.142540456727147, 0.0 ], [ 407568.787459951941855, 5554308.60166341625154, 0.0 ], [ 407601.152270316961221, 5554328.170923756435513, 0.0 ], [ 407633.516840964497533, 5554347.740378177724779, 0.0 ], [ 407647.675904298201203, 5554356.281228867359459, 0.0 ], [ 407665.809707949403673, 5554367.31126378942281, 0.0 ], [ 407675.879574084538035, 5554379.148224465548992, 0.0 ], [ 407706.545184435322881, 5554407.978396408259869, 0.0 ], [ 407737.283851861604489, 5554436.918687922880054, 0.0 ], [ 407759.028153088234831, 5554458.340824534185231, 0.0 ], [ 407780.772281201265287, 5554479.76304838154465, 0.0 ], [ 407768.514343451184686, 5554519.122832766734064, 0.0 ], [ 407756.258522145915776, 5554558.593831995502114, 0.0 ], [ 407783.972907204646617, 5554594.593245135620236, 0.0 ], [ 407811.686925554240588, 5554630.592799740843475, 0.0 ], [ 407822.437564275052864, 5554644.642559350468218, 0.0 ], [ 407822.510946047899779, 5554644.752506508491933, 0.0 ], [ 407839.402498423587531, 5554666.70367802772671, 0.0 ], [ 407867.044323373527732, 5554702.704750035889447, 0.0 ], [ 407881.272324801830109, 5554723.589905401691794, 0.0 ], [ 407871.90501910680905, 5554727.533034165389836, 0.0 ], [ 407866.494863610714674, 5554732.964833109639585, 0.0 ], [ 407862.309125199157279, 5554738.931561654433608, 0.0 ], [ 407885.309707401145715, 5554733.863203382119536, 0.0 ], [ 407919.01593936025165, 5554744.402680972591043, 0.0 ], [ 407925.467912485299166, 5554749.629626284353435, 0.0 ], [ 407912.877301257336512, 5554753.183471450582147, 0.0 ], [ 407883.238401034323033, 5554762.926199370995164, 0.0 ], [ 407869.859487809822895, 5554770.497518703341484, 0.0 ], [ 407868.453365930938162, 5554771.856394493952394, 0.0 ], [ 407860.231024953827728, 5554780.005953546613455, 0.0 ], [ 407843.878637560061179, 5554801.641858329065144, 0.0 ], [ 407842.089521167974453, 5554809.791501519270241, 0.0 ], [ 407838.310382634575944, 5554826.872770495712757, 0.0 ], [ 407826.923389005009085, 5554850.424808098934591, 0.0 ], [ 407814.801136119349394, 5554868.651240861974657, 0.0 ], [ 407800.546792407520115, 5554887.58185728918761, 0.0 ], [ 407786.157977876253426, 5554898.729756126180291, 0.0 ], [ 407775.128002330369782, 5554905.704635395668447, 0.0 ], [ 407756.320521201123483, 5554917.596326924860477, 0.0 ], [ 407726.485197457193863, 5554936.574249944649637, 0.0 ], [ 407701.633023119531572, 5554950.238967698998749, 0.0 ], [ 407679.774665736535098, 5554959.292138399556279, 0.0 ], [ 407661.696068873046897, 5554963.720114289782941, 0.0 ], [ 407636.326866530289408, 5554972.27818033657968, 0.0 ], [ 407630.824564300070051, 5554976.488459043204784, 0.0 ], [ 407630.223829456430394, 5554978.945607514120638, 0.0 ], [ 407629.294703694642521, 5554983.076678204350173, 0.0 ], [ 407630.397150120115839, 5554988.952009552158415, 0.0 ], [ 407640.454435110790655, 5555000.12180782109499, 0.0 ], [ 407649.550027614168357, 5555009.417612955905497, 0.0 ], [ 407670.320740190101787, 5555036.639421233907342, 0.0 ], [ 407691.091245000716299, 5555063.861308977007866, 0.0 ], [ 407711.859617893001996, 5555090.972093913704157, 0.0 ], [ 407731.426259686122648, 5555122.997232695110142, 0.0 ], [ 407750.99075015715789, 5555154.911259704269469, 0.0 ], [ 407785.794313059421256, 5555154.642942904494703, 0.0 ], [ 407814.238522663945332, 5555154.484786302782595, 0.0 ], [ 407820.526419418340083, 5555154.376088426448405, 0.0 ], [ 407827.802785086154472, 5555157.697993190959096, 0.0 ], [ 407861.349030963785481, 5555179.806215895339847, 0.0 ], [ 407894.893076574371662, 5555201.803464710712433, 0.0 ], [ 407901.73637021984905, 5555209.025489295832813, 0.0 ], [ 407927.248841152701061, 5555246.064527883194387, 0.0 ], [ 407934.529067350609694, 5555266.180041835643351, 0.0 ], [ 407937.105601353978273, 5555262.243016028776765, 0.0 ], [ 407934.529067350609694, 5555266.180041835643351, 0.0 ], [ 407930.497699714731425, 5555276.926332139410079, 0.0 ], [ 407913.315298044530209, 5555308.363372398540378, 0.0 ], [ 407912.415232801635284, 5555310.047148669138551, 0.0 ], [ 407875.420762741065118, 5555311.687106676399708, 0.0 ], [ 407838.495837507070974, 5555313.214904317632318, 0.0 ], [ 407801.499474708980415, 5555314.744193320162594, 0.0 ], [ 407784.951940710016061, 5555312.583595012314618, 0.0 ], [ 407784.56392007926479, 5555310.8108562938869, 0.0 ], [ 407784.951940710016061, 5555312.583595012314618, 0.0 ], [ 407793.49378987820819, 5555356.032382811419666, 0.0 ], [ 407802.037438569997903, 5555399.592367794364691, 0.0 ], [ 407805.503563669451978, 5555426.446604650467634, 0.0 ], [ 407808.898210774117615, 5555453.302079790271819, 0.0 ], [ 407808.381720971141476, 5555464.766214706003666, 0.0 ], [ 407803.016018134134356, 5555505.786328112706542, 0.0 ], [ 407802.843336258083582, 5555516.466010962612927, 0.0 ], [ 407805.767611274379306, 5555532.6529231518507, 0.0 ], [ 407809.563024106493685, 5555545.488306533545256, 0.0 ], [ 407810.40470254002139, 5555548.69900584500283, 0.0 ], [ 407821.939489410840906, 5555587.5362508604303, 0.0 ], [ 407833.545567911060061, 5555626.372286021709442, 0.0 ], [ 407838.708295721269678, 5555635.625153314322233, 0.0 ], [ 407840.285553504130803, 5555640.046513605862856, 0.0 ], [ 407841.262407518224791, 5555642.810018394142389, 0.0 ], [ 407841.477988805330824, 5555651.147461642511189, 0.0 ], [ 407842.031585159304086, 5555658.366906431503594, 0.0 ], [ 407840.561616108519956, 5555664.286741711199284, 0.0 ], [ 407828.776451907411683, 5555668.827873497270048, 0.0 ], [ 407829.766100952285342, 5555680.599619291722775, 0.0 ], [ 407829.25570695172064, 5555688.28231971245259, 0.0 ], [ 407827.604099235963076, 5555696.095965005457401, 0.0 ], [ 407823.842118809465319, 5555701.721783836372197, 0.0 ], [ 407806.59031765232794, 5555708.359362716786563, 0.0 ], [ 407784.566481505637057, 5555724.199216769076884, 0.0 ], [ 407753.71373345318716, 5555721.285253816284239, 0.0 ], [ 407736.304437123530079, 5555747.722179749049246, 0.0 ], [ 407719.264331390033476, 5555770.70509204082191, 0.0 ], [ 407696.271221979230177, 5555759.425472036004066, 0.0 ], [ 407695.782654380134773, 5555760.101224797777832, 0.0 ], [ 407696.271221979230177, 5555759.425472036004066, 0.0 ], [ 407685.139665454393253, 5555752.166750489734113, 0.0 ], [ 407659.840887945378199, 5555739.815049018710852, 0.0 ], [ 407647.060024884995073, 5555736.366304835304618, 0.0 ], [ 407642.327281229489017, 5555735.4473458789289, 0.0 ], [ 407594.634517726255581, 5555734.049419640563428, 0.0 ], [ 407568.6998774507083, 5555730.383993201889098, 0.0 ], [ 407557.30916787753813, 5555728.802029602229595, 0.0 ], [ 407542.836643694783561, 5555726.717453520745039, 0.0 ], [ 407527.195905560743995, 5555723.207372815348208, 0.0 ], [ 407501.523869077325799, 5555714.088140483945608, 0.0 ], [ 407484.378902442171238, 5555706.266863657161593, 0.0 ], [ 407459.845985519816168, 5555696.905629720538855, 0.0 ], [ 407428.587376604380552, 5555687.105198808945715, 0.0 ], [ 407412.237767367681954, 5555683.941405273973942, 0.0 ], [ 407387.814664464967791, 5555668.572931885719299, 0.0 ], [ 407363.31997288914863, 5555653.20581039134413, 0.0 ], [ 407324.657265355112031, 5555628.631693756207824, 0.0 ], [ 407285.994198745058384, 5555604.057854071259499, 0.0 ], [ 407262.879416688578203, 5555581.771795048378408, 0.0 ], [ 407260.699241320835426, 5555579.696612870320678, 0.0 ], [ 407235.473568341811188, 5555555.223064411431551, 0.0 ], [ 407210.17621729534585, 5555530.750876799225807, 0.0 ], [ 407201.275827037519775, 5555524.455249864608049, 0.0 ], [ 407200.028006724896841, 5555514.356314953416586, 0.0 ], [ 407200.400283818948083, 5555502.89459166675806, 0.0 ], [ 407202.601357923704199, 5555493.84779104962945, 0.0 ], [ 407205.289183134038467, 5555488.12899914290756, 0.0 ], [ 407226.247994865407236, 5555460.405163590796292, 0.0 ], [ 407228.680891883966979, 5555452.355286014266312, 0.0 ], [ 407225.002275134203956, 5555454.532393855974078, 0.0 ], [ 407228.680891883966979, 5555452.355286014266312, 0.0 ], [ 407263.43781882035546, 5555437.181383623741567, 0.0 ], [ 407248.772686772164889, 5555415.860576065257192, 0.0 ], [ 407246.49971645057667, 5555412.563637198880315, 0.0 ], [ 407229.559527166187763, 5555387.834761335514486, 0.0 ], [ 407216.313601498666685, 5555370.04825486894697, 0.0 ], [ 407197.957525853067636, 5555342.007632493041456, 0.0 ], [ 407179.601262368785683, 5555313.967072158120573, 0.0 ], [ 407161.244811047101393, 5555285.926573866046965, 0.0 ], [ 407154.298155030352063, 5555276.927816141396761, 0.0 ], [ 407135.329739986045752, 5555258.907492270693183, 0.0 ], [ 407120.886133725405671, 5555246.258000022731721, 0.0 ], [ 407112.176291112555191, 5555238.624597079120576, 0.0 ], [ 407107.060352093190886, 5555232.151974712498486, 0.0 ], [ 407083.759672785585281, 5555207.534338822588325, 0.0 ], [ 407057.532584692467935, 5555174.960253176279366, 0.0 ], [ 407039.911151557229459, 5555152.245702650398016, 0.0 ], [ 407022.36102508881595, 5555129.529963462613523, 0.0 ], [ 406990.644787483324762, 5555097.830409924499691, 0.0 ], [ 406958.858661532343831, 5555066.243470839224756, 0.0 ], [ 406927.070222052978352, 5555034.545535976998508, 0.0 ], [ 406919.323262791789602, 5555024.782522093504667, 0.0 ], [ 406923.218371993629262, 5555022.712647542357445, 0.0 ], [ 406952.965762064210139, 5555007.068147541955113, 0.0 ], [ 406980.258918740611989, 5554994.135811326093972, 0.0 ], [ 407007.478810443892144, 5554981.093680477701128, 0.0 ], [ 407050.295128902536817, 5554960.662008840590715, 0.0 ], [ 407093.10983175795991, 5554940.119503318332136, 0.0 ], [ 407101.16870171186747, 5554934.974395916797221, 0.0 ], [ 407103.18864617095096, 5554931.936379339545965, 0.0 ], [ 407101.16870171186747, 5554934.974395916797221, 0.0 ], [ 407089.976521466509439, 5554924.381430042907596, 0.0 ], [ 407058.794612284866162, 5554894.67403600178659, 0.0 ], [ 407016.619820352701936, 5554869.94075523968786, 0.0 ], [ 407018.614543987030629, 5554865.457338612526655, 0.0 ], [ 406992.086632149177603, 5554840.340246248990297, 0.0 ], [ 406937.727328952634707, 5554801.47321449406445, 0.0 ], [ 406887.414295178081375, 5554773.324023737572134, 0.0 ], [ 406831.403513448138256, 5554766.850739923305809, 0.0 ], [ 406808.506731773901265, 5554757.352555996738374, 0.0 ], [ 406825.466090809961315, 5554742.042071586474776, 0.0 ], [ 406830.114407841523644, 5554738.068303390406072, 0.0 ], [ 406837.249806801730301, 5554729.157588041387498, 0.0 ], [ 406840.563324779039249, 5554722.426745422184467, 0.0 ], [ 406842.49193412810564, 5554714.163070982322097, 0.0 ], [ 406853.759626886399928, 5554675.819171692244709, 0.0 ], [ 406852.353342784626875, 5554673.063331899233162, 0.0 ], [ 406841.053316698933486, 5554656.355864016339183, 0.0 ], [ 406832.95842915342655, 5554630.806362262926996, 0.0 ], [ 406817.692837795300875, 5554591.702576229348779, 0.0 ], [ 406806.703492793254554, 5554555.971806080080569, 0.0 ], [ 406795.123553281533532, 5554506.905453680083156, 0.0 ], [ 406784.214870749507099, 5554451.265647354535758, 0.0 ], [ 406770.315108931565192, 5554404.464207480661571, 0.0 ], [ 406752.107699576939922, 5554372.974700997583568, 0.0 ], [ 406730.764970651420299, 5554321.632405422627926, 0.0 ], [ 406727.322058840945829, 5554312.795326487161219, 0.0 ], [ 406724.880646567617077, 5554295.821966039016843, 0.0 ], [ 406728.389345260744449, 5554271.626733308658004, 0.0 ], [ 406732.836302503477782, 5554260.204941149801016, 0.0 ], [ 406732.357979812135454, 5554249.202918958850205, 0.0 ], [ 406729.762898738728836, 5554239.794933701865375, 0.0 ], [ 406727.393871881184168, 5554231.05029287841171, 0.0 ], [ 406719.20986688620178, 5554212.731545919552445, 0.0 ], [ 406711.411351051006932, 5554187.844323482364416, 0.0 ], [ 406703.539356227323879, 5554162.847180454991758, 0.0 ], [ 406696.317307377816178, 5554146.402312903665006, 0.0 ], [ 406692.227635261544492, 5554141.469127658754587, 0.0 ], [ 406687.117965805344284, 5554135.441627936437726, 0.0 ], [ 406661.294332176912576, 5554114.095082141458988, 0.0 ], [ 406649.223961660114583, 5554098.402406848967075, 0.0 ], [ 406632.970339101040736, 5554072.439882399514318, 0.0 ], [ 406612.969912542263046, 5554036.644767281599343, 0.0 ], [ 406605.31861612998182, 5554020.207527541555464, 0.0 ], [ 406604.350590780610219, 5554018.000154531560838, 0.0 ], [ 406605.31861612998182, 5554020.207527541555464, 0.0 ], [ 406578.957176250754856, 5554013.106430276297033, 0.0 ], [ 406552.665184144221712, 5554005.893028562888503, 0.0 ], [ 406553.412390374694951, 5554003.655617732554674, 0.0 ], [ 406563.205391109164339, 5553975.012763829901814, 0.0 ], [ 406573.745727865083609, 5553944.132522826083004, 0.0 ], [ 406573.596946792327799, 5553943.801480295136571, 0.0 ], [ 406563.970549100311473, 5553908.492155345156789, 0.0 ] ] ] } },
{ "type": "Feature", "properties": { "name": "Traumschleifchen Garten-Wellness-Runde", "Nr": null, "darstell": "F1", "datum": null, "height": 90, "link": "https://www.saar-hunsrueck-steig.de/tour/traumschleifchen-garten-wellness-runde-27c5620a96", "km": 5.951, "erlebnis": null }, "geometry": { "type": "MultiLineString", "coordinates": [ [ [ 336244.942925392475445, 5488043.827955071814358, 0.0 ], [ 336244.032250095508061, 5488044.85668624471873, 0.0 ], [ 336242.941387445083819, 5488061.578807380050421, 0.0 ], [ 336228.866162134858314, 5488082.474128628149629, 0.0 ], [ 336217.984984237817116, 5488096.375214024446905, 0.0 ], [ 336204.665451342065353, 5488094.216599820181727, 0.0 ], [ 336185.561265417316463, 5488094.790975412353873, 0.0 ], [ 336170.345694140880369, 5488089.79663282353431, 0.0 ], [ 336166.390225792652927, 5488093.1421820782125, 0.0 ], [ 336163.089384008198977, 5488096.579311265610158, 0.0 ], [ 336156.473358878050931, 5488107.793238463811576, 0.0 ], [ 336148.365437239641324, 5488115.157860868610442, 0.0 ], [ 336145.269312098331284, 5488113.359515424817801, 0.0 ], [ 336140.76817714003846, 5488110.602066795341671, 0.0 ], [ 336137.185781609558035, 5488116.71797747630626, 0.0 ], [ 336134.467457092017867, 5488127.480921385809779, 0.0 ], [ 336131.750103654107079, 5488133.459556660614908, 0.0 ], [ 336129.775261930131819, 5488137.635662632994354, 0.0 ], [ 336122.387715111719444, 5488144.86739849857986, 0.0 ], [ 336119.30187927139923, 5488150.634600250981748, 0.0 ], [ 336116.420965837780386, 5488158.398362862877548, 0.0 ], [ 336113.94080332107842, 5488165.037448659539223, 0.0 ], [ 336112.625148663064465, 5488171.864030718803406, 0.0 ], [ 336108.505255739670247, 5488181.779054748825729, 0.0 ], [ 336105.167722119309474, 5488183.993441559374332, 0.0 ], [ 336101.58421231165994, 5488187.661641623824835, 0.0 ], [ 336096.265203800459858, 5488193.829828668385744, 0.0 ], [ 336090.083623396756593, 5488205.030781475827098, 0.0 ], [ 336087.429907528683543, 5488213.121515657752752, 0.0 ], [ 336087.820907133398578, 5488218.895398003049195, 0.0 ], [ 336083.808126181538682, 5488232.367620908655226, 0.0 ], [ 336083.222845618380234, 5488239.394763677380979, 0.0 ], [ 336082.85040211933665, 5488251.088525273837149, 0.0 ], [ 336081.878684343653731, 5488254.900684845633805, 0.0 ], [ 336079.935253494186327, 5488262.52500465605408, 0.0 ], [ 336077.469472675176803, 5488264.824444944038987, 0.0 ], [ 336075.113171960343607, 5488275.576538447290659, 0.0 ], [ 336074.393222370650619, 5488282.941522993147373, 0.0 ], [ 336070.849046866642311, 5488292.727999958209693, 0.0 ], [ 336068.884687941754237, 5488304.469666563905776, 0.0 ], [ 336066.930035563185811, 5488309.312769573181868, 0.0 ], [ 336062.233571780845523, 5488316.908678480423987, 0.0 ], [ 336060.835636702366173, 5488323.403968743979931, 0.0 ], [ 336057.963719118677545, 5488329.053515904583037, 0.0 ], [ 336052.7595233664033, 5488334.216939230449498, 0.0 ], [ 336050.154884089715779, 5488341.527385250665247, 0.0 ], [ 336046.671884198556654, 5488348.530479764565825, 0.0 ], [ 336041.694838069495745, 5488354.02086674887687, 0.0 ], [ 336034.630231643444858, 5488355.123588209971786, 0.0 ], [ 336028.057919015176594, 5488360.550739753060043, 0.0 ], [ 336025.744868180947378, 5488365.515910780057311, 0.0 ], [ 336020.821394633967429, 5488372.784906812012196, 0.0 ], [ 336015.932235243788455, 5488376.381211555562913, 0.0 ], [ 336011.880038966890424, 5488376.503188216127455, 0.0 ], [ 336007.194585330900736, 5488379.648319215513766, 0.0 ], [ 336002.11387050698977, 5488381.692727808840573, 0.0 ], [ 335996.508640931046102, 5488380.748842645436525, 0.0 ], [ 335988.372868850710802, 5488377.544633466750383, 0.0 ], [ 335985.32784161134623, 5488372.629492663778365, 0.0 ], [ 335981.906807775725611, 5488372.06491394713521, 0.0 ], [ 335980.156763386679813, 5488371.672552884556353, 0.0 ], [ 335972.750466584169772, 5488373.453219228424132, 0.0 ], [ 335967.507025588885881, 5488372.498470120131969, 0.0 ], [ 335961.67337790527381, 5488368.779932846315205, 0.0 ], [ 335954.595412288443185, 5488369.438111613504589, 0.0 ], [ 335948.705346948932856, 5488371.061891386285424, 0.0 ], [ 335941.934852069127373, 5488374.714918358251452, 0.0 ], [ 335938.333555805147626, 5488375.379684075713158, 0.0 ], [ 335930.998344271094538, 5488374.71048959158361, 0.0 ], [ 335916.704407862271182, 5488376.253619023598731, 0.0 ], [ 335901.225919651682489, 5488376.942366078495979, 0.0 ], [ 335897.965034835331608, 5488374.481550457887352, 0.0 ], [ 335896.484335541259497, 5488373.413526616059244, 0.0 ], [ 335892.535365161253139, 5488369.749551895074546, 0.0 ], [ 335884.432995668146759, 5488367.657114178873599, 0.0 ], [ 335876.746006120112725, 5488367.332377098500729, 0.0 ], [ 335862.850613678107038, 5488382.103901327587664, 0.0 ], [ 335851.997848175815307, 5488384.878676224499941, 0.0 ], [ 335848.296717798046302, 5488389.440705344080925, 0.0 ], [ 335845.542338377854321, 5488386.964658205397427, 0.0 ], [ 335844.431463741813786, 5488388.555809635668993, 0.0 ], [ 335837.764896306558512, 5488395.654983558692038, 0.0 ], [ 335806.444186123437248, 5488387.364079060964286, 0.0 ], [ 335788.019048692309298, 5488388.809537637978792, 0.0 ], [ 335779.850999972783029, 5488386.941759800538421, 0.0 ], [ 335777.638610999332741, 5488383.225516657344997, 0.0 ], [ 335771.51402879122179, 5488377.068165137432516, 0.0 ], [ 335765.829679245594889, 5488375.904374083504081, 0.0 ], [ 335754.506521513918415, 5488372.685333861969411, 0.0 ], [ 335740.652696111006662, 5488367.206099861301482, 0.0 ], [ 335734.21987785998499, 5488362.83828626666218, 0.0 ], [ 335727.754911516560242, 5488359.80660315323621, 0.0 ], [ 335719.267182001145557, 5488356.947186722420156, 0.0 ], [ 335709.825340402894653, 5488353.671504660509527, 0.0 ], [ 335700.449142898491118, 5488350.171332897618413, 0.0 ], [ 335687.348987223464064, 5488345.67086493037641, 0.0 ], [ 335683.709411815274507, 5488342.665278763510287, 0.0 ], [ 335681.185426739335526, 5488340.627412127330899, 0.0 ], [ 335665.601474593044259, 5488335.423071070574224, 0.0 ], [ 335653.162563965364825, 5488331.236524344421923, 0.0 ], [ 335646.431541012367234, 5488328.9918, 0.0 ], [ 335638.251863233163022, 5488324.343004846945405, 0.0 ], [ 335611.88500978203956, 5488312.232049228623509, 0.0 ], [ 335592.426917539676651, 5488308.257440883666277, 0.0 ], [ 335570.027807438746095, 5488298.029675398953259, 0.0 ], [ 335552.245914206141606, 5488292.001881209202111, 0.0 ], [ 335543.051134779758286, 5488289.720386469736695, 0.0 ], [ 335532.81643266021274, 5488286.580196522176266, 0.0 ], [ 335526.692929628188722, 5488282.87085491605103, 0.0 ], [ 335519.55970504618017, 5488279.303267360664904, 0.0 ], [ 335491.807008129777387, 5488271.685230606235564, 0.0 ], [ 335488.448136784601957, 5488270.785289030522108, 0.0 ], [ 335483.977358104544692, 5488264.244509485550225, 0.0 ], [ 335479.089557535480708, 5488253.488329563289881, 0.0 ], [ 335473.74518197478028, 5488249.199200082570314, 0.0 ], [ 335466.63873416010756, 5488246.52097387984395, 0.0 ], [ 335438.003184686298482, 5488226.468392279930413, 0.0 ], [ 335409.364064870518632, 5488206.304795403033495, 0.0 ], [ 335392.217984489456285, 5488197.365448385477066, 0.0 ], [ 335386.675018994719721, 5488191.302187725901604, 0.0 ], [ 335383.76552260783501, 5488188.49725572578609, 0.0 ], [ 335376.03637505567167, 5488184.391535134986043, 0.0 ], [ 335375.858352157636546, 5488178.499966310337186, 0.0 ], [ 335376.667137539829127, 5488162.119841981679201, 0.0 ], [ 335376.660715160774998, 5488157.113193581812084, 0.0 ], [ 335370.689938834286295, 5488156.069716071709991, 0.0 ], [ 335367.701334594516084, 5488153.044655486010015, 0.0 ], [ 335362.499964138143696, 5488146.303514822386205, 0.0 ], [ 335361.859050129482057, 5488141.872355305589736, 0.0 ], [ 335347.973705403390341, 5488140.177970227785408, 0.0 ], [ 335333.023307467345148, 5488134.39907143637538, 0.0 ], [ 335321.140854662517086, 5488127.081057282164693, 0.0 ], [ 335300.857162460917607, 5488124.578821005299687, 0.0 ], [ 335273.791167073242832, 5488127.733616118319333, 0.0 ], [ 335217.947805918171071, 5488132.537687523290515, 0.0 ], [ 335173.347967997251544, 5488133.107951895333827, 0.0 ], [ 335169.876462886342779, 5488121.307795828208327, 0.0 ], [ 335158.826966341817752, 5488105.620168295688927, 0.0 ], [ 335169.994758442393504, 5488101.276809399016201, 0.0 ], [ 335149.539642257266678, 5488078.752902419306338, 0.0 ], [ 335135.012673171411734, 5488086.980904292315245, 0.0 ], [ 335110.398431805835571, 5488096.960648249834776, 0.0 ], [ 335081.370001334988046, 5488111.858452429994941, 0.0 ], [ 335064.571306788478978, 5488121.601843191310763, 0.0 ], [ 335054.79367207858013, 5488133.580518944188952, 0.0 ], [ 335040.704531312687322, 5488151.475458612665534, 0.0 ], [ 335022.452007477520965, 5488156.256149503402412, 0.0 ], [ 335005.803284237161279, 5488158.98558889515698, 0.0 ], [ 334991.155532178818248, 5488163.212166305631399, 0.0 ], [ 334976.088969173899386, 5488184.697327086701989, 0.0 ], [ 334962.188582712493371, 5488194.464530210010707, 0.0 ], [ 334945.657868104171939, 5488201.084813197143376, 0.0 ], [ 334934.366114069649484, 5488215.668662998825312, 0.0 ], [ 334925.243363515241072, 5488218.170343950390816, 0.0 ], [ 334916.872825830359943, 5488219.202819955535233, 0.0 ], [ 334900.841913730662782, 5488220.801235332153738, 0.0 ], [ 334886.205204694764689, 5488249.283260308206081, 0.0 ], [ 334878.828322853602003, 5488273.539799494668841, 0.0 ], [ 334873.288971433299594, 5488291.509888708591461, 0.0 ], [ 334871.448145644390024, 5488297.685189316980541, 0.0 ], [ 334872.302511691930704, 5488333.041160709224641, 0.0 ], [ 334873.156885683652945, 5488368.397133734077215, 0.0 ], [ 334880.5107189110131, 5488417.464076916687191, 0.0 ], [ 334890.352944607497193, 5488455.44049711804837, 0.0 ], [ 334900.126063941977918, 5488493.530288723297417, 0.0 ], [ 334906.524863707018085, 5488523.043782822787762, 0.0 ], [ 334912.920238390099257, 5488552.446122483350337, 0.0 ], [ 334920.111362425959669, 5488577.040012457408011, 0.0 ], [ 334929.406057681306265, 5488608.913572096265852, 0.0 ], [ 334936.225285328633618, 5488637.969296907074749, 0.0 ], [ 334942.972095688222907, 5488667.027222304604948, 0.0 ], [ 334949.392134815105237, 5488685.302473207935691, 0.0 ], [ 334951.300473803887144, 5488690.91910158097744, 0.0 ], [ 334963.837517262902111, 5488727.033750955015421, 0.0 ], [ 334968.507414782885462, 5488744.91698950342834, 0.0 ], [ 334966.752935901517048, 5488770.672065107151866, 0.0 ], [ 334964.926128255261574, 5488796.429334775544703, 0.0 ], [ 334968.854514271079097, 5488840.03696218226105, 0.0 ], [ 334979.964091234141961, 5488867.293785369955003, 0.0 ], [ 334991.076934912474826, 5488894.661791521124542, 0.0 ], [ 334986.335952684516087, 5488929.408438734710217, 0.0 ], [ 334981.598416750668548, 5488964.266254792921245, 0.0 ], [ 334981.424062539881561, 5488991.976211924105883, 0.0 ], [ 334988.165675589407329, 5489037.612634194083512, 0.0 ], [ 334977.632571497466415, 5489038.933128520846367, 0.0 ], [ 334950.254898446088191, 5489041.209112172015011, 0.0 ], [ 334940.721261390368454, 5489042.054336645640433, 0.0 ], [ 334922.949593206634745, 5489043.483041036874056, 0.0 ], [ 334918.518421944056172, 5489019.139299499802291, 0.0 ], [ 334912.53857392561622, 5488977.151550988666713, 0.0 ], [ 334906.631013947306201, 5488935.161616446450353, 0.0 ], [ 334905.162688747921493, 5488905.832472023554146, 0.0 ], [ 334903.69099153962452, 5488876.392167153768241, 0.0 ], [ 334892.676446483877953, 5488835.558413133956492, 0.0 ], [ 334878.629947673063725, 5488804.607801474630833, 0.0 ], [ 334864.507576585572679, 5488773.548255733214319, 0.0 ], [ 334863.730099491309375, 5488771.791604452766478, 0.0 ], [ 334858.195346835302189, 5488723.003311305306852, 0.0 ], [ 334855.534004489309154, 5488699.718590225093067, 0.0 ], [ 334851.102175605541561, 5488670.590563889592886, 0.0 ], [ 334846.742669623228721, 5488641.460347562097013, 0.0 ], [ 334834.304221820435487, 5488611.017388293519616, 0.0 ], [ 334821.793289641092997, 5488580.576649713329971, 0.0 ], [ 334814.369361964170821, 5488553.097065589390695, 0.0 ], [ 334806.869640606862959, 5488525.508523599244654, 0.0 ], [ 334798.149622072291095, 5488493.506441478617489, 0.0 ], [ 334789.138511788682081, 5488463.849738657474518, 0.0 ], [ 334780.123944880499039, 5488434.081888201646507, 0.0 ], [ 334757.455940251471475, 5488391.153977951966226, 0.0 ], [ 334753.316818606457673, 5488371.697085698135197, 0.0 ], [ 334755.033489463268779, 5488344.719158911146224, 0.0 ], [ 334756.750188333913684, 5488317.741234049201012, 0.0 ], [ 334737.774437891843263, 5488286.717889148741961, 0.0 ], [ 334718.726120387902483, 5488255.69680224917829, 0.0 ], [ 334729.749559359042905, 5488239.451652379706502, 0.0 ], [ 334737.294986610824708, 5488230.321653162129223, 0.0 ], [ 334747.550035969354212, 5488224.558655583299696, 0.0 ], [ 334783.591542643262073, 5488216.455934717319906, 0.0 ], [ 334827.835371347086038, 5488206.547085874713957, 0.0 ], [ 334872.003610715502873, 5488196.529631517827511, 0.0 ], [ 334876.34440210473258, 5488162.907693361863494, 0.0 ], [ 334880.757628223742358, 5488129.283568269573152, 0.0 ], [ 334880.041928781720344, 5488112.838233488611877, 0.0 ], [ 334874.798771823872812, 5488080.84193441644311, 0.0 ], [ 334865.311066361318808, 5488042.63225518912077, 0.0 ], [ 334858.851342544425279, 5488020.686571908183396, 0.0 ], [ 334857.938855897635221, 5488009.699124302715063, 0.0 ], [ 334857.908384235342965, 5488003.91433624830097, 0.0 ], [ 334873.00429575284943, 5488004.903229503892362, 0.0 ], [ 334876.397137454012409, 5488006.914412922225893, 0.0 ], [ 334877.760363574896473, 5488008.87584441062063, 0.0 ], [ 334882.033318337402306, 5488008.857612329535186, 0.0 ], [ 334884.623267685296014, 5488005.886268123984337, 0.0 ], [ 334889.215885659272317, 5488002.075390244834125, 0.0 ], [ 334899.384060501586646, 5487998.206825609318912, 0.0 ], [ 334911.918485264177434, 5487995.935537461191416, 0.0 ], [ 334925.700069276615977, 5487998.967146218754351, 0.0 ], [ 334935.498062587692402, 5487997.223874471150339, 0.0 ], [ 334939.964548999094404, 5487996.420979890972376, 0.0 ], [ 334956.835931492503732, 5487996.243682268075645, 0.0 ], [ 334965.56693897023797, 5487992.752569033764303, 0.0 ], [ 334970.250579078332521, 5487996.727455303072929, 0.0 ], [ 334975.688129580928944, 5487996.896549594588578, 0.0 ], [ 334979.435990291880444, 5487993.890182481147349, 0.0 ], [ 334991.362889629090205, 5487988.299573240801692, 0.0 ], [ 335000.605574468849227, 5487992.136414651758969, 0.0 ], [ 335010.829371733940206, 5487987.710060697980225, 0.0 ], [ 335019.255819616490044, 5487990.904069065116346, 0.0 ], [ 335039.105990932672285, 5487993.418416573666036, 0.0 ], [ 335051.88954844023101, 5487989.804748833179474, 0.0 ], [ 335070.443883301573806, 5487987.796638549305499, 0.0 ], [ 335091.756464758596849, 5487993.159758042544127, 0.0 ], [ 335110.288965999963693, 5487988.037068584933877, 0.0 ], [ 335135.760093653691001, 5487989.602815512567759, 0.0 ], [ 335155.016301761730574, 5487984.458382303826511, 0.0 ], [ 335158.651189354888629, 5487994.473375247791409, 0.0 ], [ 335160.646932871604804, 5488002.980274016968906, 0.0 ], [ 335166.900174770737067, 5488022.929757753387094, 0.0 ], [ 335188.75521947152447, 5488058.206671628169715, 0.0 ], [ 335225.60427857452305, 5488055.200646752491593, 0.0 ], [ 335262.453365364635829, 5488052.194871888495982, 0.0 ], [ 335290.96703935158439, 5488048.99627539422363, 0.0 ], [ 335293.782561606611125, 5488048.688633966259658, 0.0 ], [ 335322.10734374076128, 5488053.618125981651247, 0.0 ], [ 335340.991557774366811, 5488048.151799556799233, 0.0 ], [ 335359.750564867630601, 5488026.556166097521782, 0.0 ], [ 335389.052252876223065, 5487994.294605102390051, 0.0 ], [ 335408.89411622856278, 5487967.770870815962553, 0.0 ], [ 335435.481612128845882, 5487960.737036960199475, 0.0 ], [ 335465.53198160068132, 5487941.248567429371178, 0.0 ], [ 335490.04953193385154, 5487916.030386700294912, 0.0 ], [ 335506.157577673788182, 5487909.75838428363204, 0.0 ], [ 335531.403039678931236, 5487896.646093527786434, 0.0 ], [ 335537.14589349005837, 5487890.130759157240391, 0.0 ], [ 335553.943689053936396, 5487870.709060849621892, 0.0 ], [ 335580.663691950612701, 5487841.641918933950365, 0.0 ], [ 335592.785616801353171, 5487830.483646013773978, 0.0 ], [ 335614.437242926680483, 5487813.474747655913234, 0.0 ], [ 335639.674192675331142, 5487807.261547810398042, 0.0 ], [ 335646.978084539761767, 5487809.266489991918206, 0.0 ], [ 335656.738311749184504, 5487803.854009820148349, 0.0 ], [ 335665.101478566648439, 5487800.152624876238406, 0.0 ], [ 335683.998899802973028, 5487792.684422831051052, 0.0 ], [ 335709.561739073484205, 5487792.469915570691228, 0.0 ], [ 335730.356316082761623, 5487795.069583831354976, 0.0 ], [ 335735.662671483820304, 5487795.688450280576944, 0.0 ], [ 335758.83266431116499, 5487805.003638781607151, 0.0 ], [ 335772.502239666413516, 5487813.93768263142556, 0.0 ], [ 335779.835544148925692, 5487821.727571827359498, 0.0 ], [ 335785.050055471947417, 5487828.913749953731894, 0.0 ], [ 335793.836012667627074, 5487846.450989983044565, 0.0 ], [ 335805.315572469611652, 5487869.247677374631166, 0.0 ], [ 335807.903357509116177, 5487873.397676310501993, 0.0 ], [ 335809.986590128857642, 5487875.226364851929247, 0.0 ], [ 335828.529278925620019, 5487887.240308381617069, 0.0 ], [ 335848.3006703609135, 5487908.78587818145752, 0.0 ], [ 335859.23313545511337, 5487930.263994288630784, 0.0 ], [ 335864.301804362330586, 5487954.255285709165037, 0.0 ], [ 335870.839152107888367, 5487981.317691130563617, 0.0 ], [ 335843.766643496230245, 5488010.727784212678671, 0.0 ], [ 335844.315802471886855, 5488040.974677409976721, 0.0 ], [ 335855.197235224593896, 5488053.553304308094084, 0.0 ], [ 335862.25405841722386, 5488061.796665037050843, 0.0 ], [ 335880.116467917338014, 5488082.509727418422699, 0.0 ], [ 335883.738975074025802, 5488108.992372538894415, 0.0 ], [ 335887.361457571038045, 5488135.475020279176533, 0.0 ], [ 335875.026684075826779, 5488141.96603066008538, 0.0 ], [ 335889.177431441145018, 5488166.907641067169607, 0.0 ], [ 335916.89267581992317, 5488197.33765612076968, 0.0 ], [ 335939.543098645983264, 5488191.871239301748574, 0.0 ], [ 335950.833817425416782, 5488189.194736932404339, 0.0 ], [ 335970.606506557320245, 5488184.371417781338096, 0.0 ], [ 335978.870063107227907, 5488160.534972712397575, 0.0 ], [ 335974.497243711724877, 5488145.201129570603371, 0.0 ], [ 335963.689894918468781, 5488135.06783180590719, 0.0 ], [ 335966.75749625149183, 5488107.048576735891402, 0.0 ], [ 335984.170066200429574, 5488079.153779450803995, 0.0 ], [ 336001.655187882832251, 5488051.256864526309073, 0.0 ], [ 336021.849730140063912, 5488033.959667195565999, 0.0 ], [ 336023.487365145119838, 5488033.02028048876673, 0.0 ], [ 336035.658983467728831, 5488028.31473783031106, 0.0 ], [ 336060.617407199926674, 5488032.125453938730061, 0.0 ], [ 336076.573921353905462, 5488044.885579198598862, 0.0 ], [ 336093.607664000010118, 5488047.710988161154091, 0.0 ], [ 336129.472027865238488, 5488055.31063992716372, 0.0 ], [ 336139.118018443579786, 5488065.367922506295145, 0.0 ], [ 336159.58523705182597, 5488073.98717310000211, 0.0 ], [ 336161.856459357542917, 5488077.256743456237018, 0.0 ], [ 336170.345694140880369, 5488089.79663282353431, 0.0 ], [ 336185.561265417316463, 5488094.790975412353873, 0.0 ], [ 336204.665451342065353, 5488094.216599820181727, 0.0 ], [ 336217.984984237817116, 5488096.375214024446905, 0.0 ], [ 336228.866162134858314, 5488082.474128628149629, 0.0 ], [ 336242.941387445083819, 5488061.578807380050421, 0.0 ], [ 336244.032250095508061, 5488044.85668624471873, 0.0 ], [ 336244.380710746045224, 5488044.401164034381509, 0.0 ] ] ] } },
{ "type": "Feature", "properties": { "name": "Traumschleifchen Überblick", "Nr": null, "darstell": "F1", "datum": "2026-08-12", "height": 93, "link": "https://www.saar-hunsrueck-steig.de/tour/traumschleifchen-ueberblick-8b25e1c38b", "km": 2.708, "erlebnis": null }, "geometry": { "type": "MultiLineString", "coordinates": [ [ [ 321568.011609016219154, 5486500.499393554404378, 0.0 ], [ 321568.011609016219154, 5486500.499393554404378, 0.0 ], [ 321585.518394211074337, 5486535.772978641092777, 0.0 ], [ 321572.29310637305025, 5486559.017858016304672, 0.0 ], [ 321572.29310637305025, 5486559.017858016304672, 0.0 ], [ 321572.29310637305025, 5486559.017858016304672, 0.0 ], [ 321554.957251778803766, 5486567.374791666865349, 0.0 ], [ 321550.311742570600472, 5486578.209565094672143, 0.0 ], [ 321550.540995541377924, 5486585.212581612169743, 0.0 ], [ 321551.391856683883816, 5486586.853899367153645, 0.0 ], [ 321555.175434459000826, 5486593.963118162937462, 0.0 ], [ 321556.443983242497779, 5486603.936621936038136, 0.0 ], [ 321556.443983242497779, 5486603.936621936038136, 0.0 ], [ 321556.443983242497779, 5486603.936621936038136, 0.0 ], [ 321556.443983242497779, 5486603.936621936038136, 0.0 ], [ 321553.380137978936546, 5486614.385784308426082, 0.0 ], [ 321546.490249376918655, 5486623.06847474258393, 0.0 ], [ 321549.303261540655512, 5486627.093675311654806, 0.0 ], [ 321539.144614942953922, 5486633.323989823460579, 0.0 ], [ 321527.739631859178189, 5486632.473328922875226, 0.0 ], [ 321526.870170764857903, 5486628.050669820979238, 0.0 ], [ 321526.870170764857903, 5486628.050669820979238, 0.0 ], [ 321526.870170764857903, 5486628.050669820979238, 0.0 ], [ 321526.870170764857903, 5486628.050669820979238, 0.0 ], [ 321522.609375066473149, 5486624.072882816195488, 0.0 ], [ 321515.667373918695375, 5486624.522737592458725, 0.0 ], [ 321513.834626459865831, 5486637.157181027345359, 0.0 ], [ 321514.13026013772469, 5486650.612159805372357, 0.0 ], [ 321516.606010606570635, 5486650.976207850500941, 0.0 ], [ 321522.668807045090944, 5486652.446868105791509, 0.0 ], [ 321523.36033398413565, 5486653.648285877890885, 0.0 ], [ 321525.362525192205794, 5486657.254909796640277, 0.0 ], [ 321525.362525192205794, 5486657.254909796640277, 0.0 ], [ 321525.362525192205794, 5486657.254909796640277, 0.0 ], [ 321525.362525192205794, 5486657.254909796640277, 0.0 ], [ 321532.529726991080679, 5486661.471374345943332, 0.0 ], [ 321532.96041464334121, 5486661.345995308831334, 0.0 ], [ 321543.030394614965189, 5486665.689992007799447, 0.0 ], [ 321547.29075055179419, 5486667.442244182340801, 0.0 ], [ 321553.68959320615977, 5486665.897426437586546, 0.0 ], [ 321560.831431531871203, 5486649.41702588275075, 0.0 ], [ 321582.134193538571708, 5486642.710702122189105, 0.0 ], [ 321582.134193538571708, 5486642.710702122189105, 0.0 ], [ 321582.134193538571708, 5486642.710702122189105, 0.0 ], [ 321582.134193538571708, 5486642.710702122189105, 0.0 ], [ 321594.172068234765902, 5486640.758808981627226, 0.0 ], [ 321612.48225214832928, 5486637.822728187777102, 0.0 ], [ 321612.204685453965794, 5486622.697995961643755, 0.0 ], [ 321610.270900990173686, 5486594.607932382263243, 0.0 ], [ 321610.270900990173686, 5486594.607932382263243, 0.0 ], [ 321610.270900990173686, 5486594.607932382263243, 0.0 ], [ 321610.270900990173686, 5486594.607932382263243, 0.0 ], [ 321632.210244618006982, 5486560.84042829927057, 0.0 ], [ 321639.392839808831923, 5486547.80843947455287, 0.0 ], [ 321647.260406671324745, 5486540.206673206761479, 0.0 ], [ 321647.260406671324745, 5486540.206673206761479, 0.0 ], [ 321647.260406671324745, 5486540.206673206761479, 0.0 ], [ 321647.260406671324745, 5486540.206673206761479, 0.0 ], [ 321654.845711179601494, 5486532.836710261180997, 0.0 ], [ 321659.660332850704435, 5486513.873215437866747, 0.0 ], [ 321656.51401284057647, 5486484.153651853092015, 0.0 ], [ 321654.812328630825505, 5486480.870984866283834, 0.0 ], [ 321654.812328630825505, 5486480.870984866283834, 0.0 ], [ 321654.812328630825505, 5486480.870984866283834, 0.0 ], [ 321654.812328630825505, 5486480.870984866283834, 0.0 ], [ 321645.536332589632366, 5486463.147433853708208, 0.0 ], [ 321674.937050758046098, 5486433.698436650447547, 0.0 ], [ 321717.609229297260754, 5486442.206446342170238, 0.0 ], [ 321717.609229297260754, 5486442.206446342170238, 0.0 ], [ 321717.609229297260754, 5486442.206446342170238, 0.0 ], [ 321717.609229297260754, 5486442.206446342170238, 0.0 ], [ 321732.576548893295694, 5486445.611698246560991, 0.0 ], [ 321745.791934267850593, 5486448.629165083169937, 0.0 ], [ 321772.433443998685107, 5486461.11141677480191, 0.0 ], [ 321785.610977464006282, 5486451.889653839170933, 0.0 ], [ 321785.610977464006282, 5486451.889653839170933, 0.0 ], [ 321785.610977464006282, 5486451.889653839170933, 0.0 ], [ 321785.610977464006282, 5486451.889653839170933, 0.0 ], [ 321795.295919405878522, 5486444.451264077797532, 0.0 ], [ 321804.343905414396431, 5486437.478825201280415, 0.0 ], [ 321807.499749418057036, 5486434.259888888336718, 0.0 ], [ 321814.194926550495438, 5486426.251598595641553, 0.0 ], [ 321818.099850326310843, 5486421.561573471873999, 0.0 ], [ 321821.595320868305862, 5486413.21276803035289, 0.0 ], [ 321821.083037984208204, 5486397.539346434175968, 0.0 ], [ 321821.083037984208204, 5486397.539346434175968, 0.0 ], [ 321821.083037984208204, 5486397.539346434175968, 0.0 ], [ 321821.083037984208204, 5486397.539346434175968, 0.0 ], [ 321826.003478663624264, 5486379.574083477258682, 0.0 ], [ 321830.220498832466546, 5486351.171708663925529, 0.0 ], [ 321826.496763491362799, 5486328.147639487870038, 0.0 ], [ 321826.496763491362799, 5486328.147639487870038, 0.0 ], [ 321826.496763491362799, 5486328.147639487870038, 0.0 ], [ 321826.496763491362799, 5486328.147639487870038, 0.0 ], [ 321839.843667598848697, 5486339.618155490607023, 0.0 ], [ 321855.940606346703134, 5486375.368655940517783, 0.0 ], [ 321874.819143238011748, 5486396.450925058685243, 0.0 ], [ 321874.819143238011748, 5486396.450925058685243, 0.0 ], [ 321874.819143238011748, 5486396.450925058685243, 0.0 ], [ 321874.819143238011748, 5486396.450925058685243, 0.0 ], [ 321889.259406633442268, 5486412.559485774487257, 0.0 ], [ 321922.577764685731381, 5486449.750510298646986, 0.0 ], [ 321935.956401477335021, 5486457.770591885782778, 0.0 ], [ 321935.956401477335021, 5486457.770591885782778, 0.0 ], [ 321935.956401477335021, 5486457.770591885782778, 0.0 ], [ 321935.956401477335021, 5486457.770591885782778, 0.0 ], [ 321953.81934534793254, 5486463.307409441098571, 0.0 ], [ 321963.386631300440058, 5486472.230981930159032, 0.0 ], [ 321965.551293933065608, 5486474.163282766006887, 0.0 ], [ 321970.814855822362006, 5486482.22592555731535, 0.0 ], [ 321973.089490923914127, 5486498.620727281086147, 0.0 ], [ 321973.089490923914127, 5486498.620727281086147, 0.0 ], [ 321972.866925442242064, 5486512.047074881382287, 0.0 ], [ 321972.866925442242064, 5486512.047074881382287, 0.0 ], [ 321992.078158265794627, 5486528.308417934924364, 0.0 ], [ 321992.078158265794627, 5486528.308417934924364, 0.0 ], [ 322007.335077902884223, 5486553.143237655051053, 0.0 ], [ 322007.335077902884223, 5486553.143237655051053, 0.0 ], [ 322007.335077902884223, 5486553.143237655051053, 0.0 ], [ 322016.069817791634705, 5486561.302334797568619, 0.0 ], [ 322016.069817791634705, 5486561.302334797568619, 0.0 ], [ 322029.274843654013239, 5486569.067123561166227, 0.0 ], [ 322029.274843654013239, 5486569.067123561166227, 0.0 ], [ 322045.410255556809716, 5486582.673602419905365, 0.0 ], [ 322045.410255556809716, 5486582.673602419905365, 0.0 ], [ 322069.448390688397922, 5486609.48017917945981, 0.0 ], [ 322069.448390688397922, 5486609.48017917945981, 0.0 ], [ 322069.448390688397922, 5486609.48017917945981, 0.0 ], [ 322079.675736573291942, 5486617.590536583214998, 0.0 ], [ 322079.675736573291942, 5486617.590536583214998, 0.0 ], [ 322082.440455239848234, 5486603.095423760823905, 0.0 ], [ 322082.440455239848234, 5486603.095423760823905, 0.0 ], [ 322107.273456156603061, 5486577.945678096264601, 0.0 ], [ 322107.273456156603061, 5486577.945678096264601, 0.0 ], [ 322107.273456156603061, 5486577.945678096264601, 0.0 ], [ 322128.206966777914204, 5486553.090548650361598, 0.0 ], [ 322128.206966777914204, 5486553.090548650361598, 0.0 ], [ 322140.592310053878464, 5486546.23233681358397, 0.0 ], [ 322140.592310053878464, 5486546.23233681358397, 0.0 ], [ 322154.53063974250108, 5486542.550533370114863, 0.0 ], [ 322154.53063974250108, 5486542.550533370114863, 0.0 ], [ 322169.945645872503519, 5486537.48526503611356, 0.0 ], [ 322188.364516020694282, 5486526.758189731277525, 0.0 ], [ 322193.605182994971983, 5486520.800824981182814, 0.0 ], [ 322193.605182994971983, 5486520.800824981182814, 0.0 ], [ 322193.605182994971983, 5486520.800824981182814, 0.0 ], [ 322206.562182284193113, 5486507.024930075742304, 0.0 ], [ 322206.562182284193113, 5486507.024930075742304, 0.0 ], [ 322219.533749060996342, 5486493.693704169243574, 0.0 ], [ 322229.97151075740112, 5486475.994048799388111, 0.0 ], [ 322231.212474090280011, 5486465.159680968150496, 0.0 ], [ 322231.212474090280011, 5486465.159680968150496, 0.0 ], [ 322231.212474090280011, 5486465.159680968150496, 0.0 ], [ 322231.845645505236462, 5486460.131554117426276, 0.0 ], [ 322231.845645505236462, 5486460.131554117426276, 0.0 ], [ 322233.618512503802776, 5486445.607691129669547, 0.0 ], [ 322234.309687433065847, 5486442.358110388740897, 0.0 ], [ 322233.3106128241634, 5486440.610252909362316, 0.0 ], [ 322225.546698818856385, 5486440.307050377130508, 0.0 ], [ 322208.317629576893523, 5486438.643389320001006, 0.0 ], [ 322192.445840032596607, 5486436.379124553874135, 0.0 ], [ 322192.445840032596607, 5486436.379124553874135, 0.0 ], [ 322192.445840032596607, 5486436.379124553874135, 0.0 ], [ 322192.445840032596607, 5486436.379124553874135, 0.0 ], [ 322162.029684936744161, 5486417.007535022683442, 0.0 ], [ 322137.60001608915627, 5486396.773116081021726, 0.0 ], [ 322137.60001608915627, 5486396.773116081021726, 0.0 ], [ 322137.60001608915627, 5486396.773116081021726, 0.0 ], [ 322137.60001608915627, 5486396.773116081021726, 0.0 ], [ 322109.127903611399233, 5486388.132283232174814, 0.0 ], [ 322071.227523081703112, 5486390.370672836899757, 0.0 ], [ 322051.087878529215232, 5486386.131834705360234, 0.0 ], [ 322051.087878529215232, 5486386.131834705360234, 0.0 ], [ 322051.087878529215232, 5486386.131834705360234, 0.0 ], [ 322051.087878529215232, 5486386.131834705360234, 0.0 ], [ 322030.651001578662544, 5486377.2291165785864, 0.0 ], [ 322009.366351905162446, 5486360.119612642563879, 0.0 ], [ 321995.726076511782594, 5486341.870353269390762, 0.0 ], [ 321995.726076511782594, 5486341.870353269390762, 0.0 ], [ 321995.726076511782594, 5486341.870353269390762, 0.0 ], [ 321995.726076511782594, 5486341.870353269390762, 0.0 ], [ 321994.133253500098363, 5486339.696811503730714, 0.0 ], [ 321985.980778765748255, 5486327.499928595498204, 0.0 ], [ 321981.218999655800872, 5486305.956295367330313, 0.0 ], [ 321981.231886556488462, 5486288.596574719063938, 0.0 ], [ 321981.870500441291369, 5486265.986376986838877, 0.0 ], [ 321981.870500441291369, 5486265.986376986838877, 0.0 ], [ 321981.870500441291369, 5486265.986376986838877, 0.0 ], [ 321981.870500441291369, 5486265.986376986838877, 0.0 ], [ 321976.483155596069992, 5486251.9187699444592, 0.0 ], [ 321969.242599501274526, 5486238.801905621774495, 0.0 ], [ 321959.388374562840909, 5486223.32229830045253, 0.0 ], [ 321954.989673396106809, 5486215.120132926851511, 0.0 ], [ 321954.989673396106809, 5486215.120132926851511, 0.0 ], [ 321954.989673396106809, 5486215.120132926851511, 0.0 ], [ 321954.989673396106809, 5486215.120132926851511, 0.0 ], [ 321949.500996202579699, 5486202.391187408007681, 0.0 ], [ 321947.208521931665018, 5486189.89169168099761, 0.0 ], [ 321946.725252321688458, 5486170.656454074196517, 0.0 ], [ 321949.211855951114558, 5486169.128635231405497, 0.0 ], [ 321945.092002756427974, 5486162.809087300673127, 0.0 ], [ 321945.092002756427974, 5486162.809087300673127, 0.0 ], [ 321945.092002756427974, 5486162.809087300673127, 0.0 ], [ 321945.092002756427974, 5486162.809087300673127, 0.0 ], [ 321945.80505489395, 5486162.45196661632508, 0.0 ], [ 321947.187595061317552, 5486160.403817432932556, 0.0 ], [ 321947.741124871419743, 5486157.381245169788599, 0.0 ], [ 321946.919161015772261, 5486154.403595349751413, 0.0 ], [ 321944.819508529850282, 5486152.246617215685546, 0.0 ], [ 321941.887425010732841, 5486151.229602761566639, 0.0 ], [ 321939.418751431396231, 5486151.087675232440233, 0.0 ], [ 321938.854117609618697, 5486151.551226825453341, 0.0 ], [ 321937.717372713261284, 5486150.030467608012259, 0.0 ], [ 321929.539326770987827, 5486139.281094104982913, 0.0 ], [ 321923.711446649045683, 5486138.358672761358321, 0.0 ], [ 321917.959142009436619, 5486133.093962448649108, 0.0 ], [ 321907.331184349954128, 5486129.435133315622807, 0.0 ], [ 321907.331184349954128, 5486129.435133315622807, 0.0 ], [ 321907.331184349954128, 5486129.435133315622807, 0.0 ], [ 321907.331184349954128, 5486129.435133315622807, 0.0 ], [ 321891.418388256395701, 5486125.948972262442112, 0.0 ], [ 321875.360779663838912, 5486122.467587730847299, 0.0 ], [ 321843.394169712846633, 5486117.836932021193206, 0.0 ], [ 321829.27377904241439, 5486120.41264976747334, 0.0 ], [ 321829.27377904241439, 5486120.41264976747334, 0.0 ], [ 321829.27377904241439, 5486120.41264976747334, 0.0 ], [ 321829.27377904241439, 5486120.41264976747334, 0.0 ], [ 321811.97582359239459, 5486127.765922375023365, 0.0 ], [ 321802.474745571496896, 5486134.196735900826752, 0.0 ], [ 321794.631774625275284, 5486142.576367940753698, 0.0 ], [ 321778.766726342670154, 5486144.986693615093827, 0.0 ], [ 321741.998713163542561, 5486155.313541244715452, 0.0 ], [ 321741.998713163542561, 5486155.313541244715452, 0.0 ], [ 321741.998713163542561, 5486155.313541244715452, 0.0 ], [ 321741.998713163542561, 5486155.313541244715452, 0.0 ], [ 321718.406602246745024, 5486165.209760616533458, 0.0 ], [ 321710.121236713661347, 5486166.704764574766159, 0.0 ], [ 321706.457895676139742, 5486165.489232848398387, 0.0 ], [ 321693.628917248803191, 5486161.01257296372205, 0.0 ], [ 321681.137080785643775, 5486160.197084797546268, 0.0 ], [ 321681.137080785643775, 5486160.197084797546268, 0.0 ], [ 321681.137080785643775, 5486160.197084797546268, 0.0 ], [ 321681.137080785643775, 5486160.197084797546268, 0.0 ], [ 321663.969344463781454, 5486164.875915994867682, 0.0 ], [ 321659.74931263725739, 5486168.797408561222255, 0.0 ], [ 321651.171751696383581, 5486176.867458445951343, 0.0 ], [ 321629.240075691370293, 5486202.066115335561335, 0.0 ], [ 321629.240075691370293, 5486202.066115335561335, 0.0 ], [ 321629.240075691370293, 5486202.066115335561335, 0.0 ], [ 321629.240075691370293, 5486202.066115335561335, 0.0 ], [ 321624.702118897286709, 5486209.558934640139341, 0.0 ], [ 321623.755111529957503, 5486218.269600240513682, 0.0 ], [ 321620.750096437637694, 5486237.173898037523031, 0.0 ], [ 321614.194556020316668, 5486258.308657326735556, 0.0 ], [ 321597.74599169450812, 5486276.094989536330104, 0.0 ], [ 321597.74599169450812, 5486276.094989536330104, 0.0 ], [ 321597.74599169450812, 5486276.094989536330104, 0.0 ], [ 321597.74599169450812, 5486276.094989536330104, 0.0 ], [ 321585.125614363758359, 5486284.631294310092926, 0.0 ], [ 321568.983872171258554, 5486296.28739040158689, 0.0 ], [ 321560.200015916139819, 5486302.472629135474563, 0.0 ], [ 321542.831729149329476, 5486316.505795408971608, 0.0 ], [ 321542.831729149329476, 5486316.505795408971608, 0.0 ], [ 321542.831729149329476, 5486316.505795408971608, 0.0 ], [ 321542.831729149329476, 5486316.505795408971608, 0.0 ], [ 321527.657913527567871, 5486335.585971716791391, 0.0 ], [ 321522.603733972646296, 5486349.438643652945757, 0.0 ], [ 321523.380566050764173, 5486362.098914512433112, 0.0 ], [ 321523.689901005418506, 5486371.547425960190594, 0.0 ], [ 321523.689901005418506, 5486371.547425960190594, 0.0 ], [ 321523.689901005418506, 5486371.547425960190594, 0.0 ], [ 321523.689901005418506, 5486371.547425960190594, 0.0 ], [ 321522.207643560715951, 5486381.610983449965715, 0.0 ], [ 321516.783898175810464, 5486393.027646030299366, 0.0 ], [ 321510.961825646285433, 5486403.34457616135478, 0.0 ], [ 321507.773370687384158, 5486405.56325698364526, 0.0 ], [ 321502.46413773810491, 5486409.409274596720934, 0.0 ], [ 321511.064531687297858, 5486410.908125961199403, 0.0 ], [ 321513.968254691339098, 5486415.486734942533076, 0.0 ], [ 321513.968254691339098, 5486415.486734942533076, 0.0 ], [ 321513.968254691339098, 5486415.486734942533076, 0.0 ], [ 321513.968254691339098, 5486415.486734942533076, 0.0 ], [ 321524.089242522255518, 5486419.161382385529578, 0.0 ], [ 321510.834764191531576, 5486441.517134798690677, 0.0 ], [ 321513.412115420331247, 5486442.76808503549546, 0.0 ], [ 321515.62023279001005, 5486443.808569340035319, 0.0 ], [ 321519.160497595439665, 5486445.695663983933628, 0.0 ], [ 321521.524312103283592, 5486447.064887296408415, 0.0 ], [ 321524.778649291372858, 5486449.072624820284545, 0.0 ], [ 321524.778649291372858, 5486449.072624820284545, 0.0 ], [ 321534.777846824901644, 5486456.59526674170047, 0.0 ], [ 321534.777846824901644, 5486456.59526674170047, 0.0 ], [ 321541.526011409703642, 5486472.518243647180498, 0.0 ], [ 321541.526011409703642, 5486472.518243647180498, 0.0 ], [ 321541.039503414009232, 5486480.48198657296598, 0.0 ], [ 321541.039503414009232, 5486480.48198657296598, 0.0 ], [ 321535.568701434531249, 5486488.360419616103172, 0.0 ], [ 321535.568701434531249, 5486488.360419616103172, 0.0 ], [ 321568.011609016219154, 5486500.499393554404378, 0.0 ] ] ] } },
{ "type": "Feature", "properties": { "name": "Traumschleifchen Fischbacher Kupferspuren", "Nr": null, "darstell": "F1", "datum": null, "height": 112, "link": "https://www.saar-hunsrueck-steig.de/tour/traumschleifchen-fischbacher-kupferspuren-6485fecc33", "km": 3.776, "erlebnis": null }, "geometry": { "type": "MultiLineString", "coordinates": [ [ [ 383454.432489449041896, 5512571.225782129913568, 0.0 ], [ 383447.282534376601689, 5512573.826877084560692, 0.0 ], [ 383419.861679164750967, 5512582.092666138894856, 0.0 ], [ 383392.515328207518905, 5512590.468214428052306, 0.0 ], [ 383385.427858958893921, 5512592.623148121871054, 0.0 ], [ 383353.731173099018633, 5512603.094787979498506, 0.0 ], [ 383321.962577839090955, 5512613.568170418962836, 0.0 ], [ 383300.119320186204277, 5512623.160106246359646, 0.0 ], [ 383279.882317692739889, 5512633.718468161299825, 0.0 ], [ 383257.904769117885735, 5512647.095109797082841, 0.0 ], [ 383229.913234224368352, 5512668.943591618910432, 0.0 ], [ 383222.405698064947501, 5512661.653743527829647, 0.0 ], [ 383218.888415613386314, 5512658.949121586047113, 0.0 ], [ 383214.638861689949408, 5512655.704200679436326, 0.0 ], [ 383210.900689842703287, 5512652.78190722130239, 0.0 ], [ 383199.189257794991136, 5512651.032918892800808, 0.0 ], [ 383189.047972895146813, 5512648.582677563652396, 0.0 ], [ 383172.885157684970181, 5512637.587087722495198, 0.0 ], [ 383154.785257112642284, 5512650.324229378253222, 0.0 ], [ 383133.75177932967199, 5512670.688125313259661, 0.0 ], [ 383106.205324576527346, 5512703.093977763317525, 0.0 ], [ 383090.770949893281795, 5512722.447177328169346, 0.0 ], [ 383073.007602933095768, 5512734.065087200142443, 0.0 ], [ 383041.065951863245573, 5512766.455156208015978, 0.0 ], [ 383030.466937137476634, 5512779.475340121425688, 0.0 ], [ 383014.776565114909317, 5512806.95371369458735, 0.0 ], [ 383006.746652667177841, 5512822.142838737927377, 0.0 ], [ 382998.980816119874362, 5512836.214015098288655, 0.0 ], [ 382995.44032977137249, 5512849.081488752737641, 0.0 ], [ 382996.919822107825894, 5512860.839273252524436, 0.0 ], [ 383001.494406732032076, 5512882.429052333347499, 0.0 ], [ 383003.519635349861346, 5512909.412800831720233, 0.0 ], [ 383005.544851686048787, 5512936.396550851874053, 0.0 ], [ 383004.674055214738473, 5512949.428683902136981, 0.0 ], [ 383001.090327343088575, 5512960.295050864107907, 0.0 ], [ 382985.179801636666525, 5512987.55586008541286, 0.0 ], [ 382973.139518816547934, 5513017.17986408714205, 0.0 ], [ 382961.02735573676182, 5513046.805457836948335, 0.0 ], [ 382949.13338014530018, 5513069.864101619459689, 0.0 ], [ 382942.213063173694536, 5513083.027274562977254, 0.0 ], [ 382937.167490691470448, 5513092.924333853647113, 0.0 ], [ 382939.136766549781896, 5513104.00415267329663, 0.0 ], [ 382926.972625232534483, 5513104.60131006129086, 0.0 ], [ 382905.66677481343504, 5513105.61899840272963, 0.0 ], [ 382892.6600793901016, 5513107.235510694794357, 0.0 ], [ 382881.684401600505225, 5513109.475390274077654, 0.0 ], [ 382873.37509784969734, 5513101.758501632139087, 0.0 ], [ 382865.829077967267949, 5513092.690384888090193, 0.0 ], [ 382864.393759428407066, 5513096.280685774981976, 0.0 ], [ 382861.710273838834837, 5513102.122535243630409, 0.0 ], [ 382860.110037008707877, 5513114.72561979945749, 0.0 ], [ 382860.680036346369889, 5513127.726565985009074, 0.0 ], [ 382859.951543851522729, 5513143.981175368651748, 0.0 ], [ 382853.62456705927616, 5513157.910188127309084, 0.0 ], [ 382842.402179637458175, 5513165.383065783418715, 0.0 ], [ 382832.602472831495106, 5513162.036316913552582, 0.0 ], [ 382828.777937756443862, 5513158.448813647031784, 0.0 ], [ 382791.264637608663179, 5513149.696906911209226, 0.0 ], [ 382761.901464719965588, 5513141.324576980434358, 0.0 ], [ 382744.146086896711495, 5513139.930167729966342, 0.0 ], [ 382729.458937929826789, 5513140.471287519671023, 0.0 ], [ 382711.943370135617442, 5513136.847281881608069, 0.0 ], [ 382699.402321018162183, 5513136.674559812992811, 0.0 ], [ 382695.856473183492199, 5513135.972945962101221, 0.0 ], [ 382695.030476397252642, 5513134.433725208975375, 0.0 ], [ 382694.43260290613398, 5513133.445677746087313, 0.0 ], [ 382694.80439561343519, 5513130.656985034234822, 0.0 ], [ 382698.009084347635508, 5513128.919054788537323, 0.0 ], [ 382707.037716443359386, 5513126.609828942455351, 0.0 ], [ 382698.009084347635508, 5513128.919054788537323, 0.0 ], [ 382696.227897148288321, 5513129.847513836808503, 0.0 ], [ 382698.009084347635508, 5513128.919054788537323, 0.0 ], [ 382726.746631193323992, 5513121.733134246431291, 0.0 ], [ 382751.945965414692182, 5513117.515973560512066, 0.0 ], [ 382762.60456459003035, 5513113.948007926344872, 0.0 ], [ 382766.915782986383419, 5513110.072844401933253, 0.0 ], [ 382766.905487587966491, 5513102.954676761291921, 0.0 ], [ 382766.096387442492414, 5513102.193653303198516, 0.0 ], [ 382757.573253088863567, 5513094.592799252830446, 0.0 ], [ 382749.052506761567201, 5513087.103130901232362, 0.0 ], [ 382725.190368845011108, 5513069.936105613596737, 0.0 ], [ 382701.330491611501202, 5513052.880356290377676, 0.0 ], [ 382677.933583926118445, 5513033.923833708278835, 0.0 ], [ 382654.754989677574486, 5513015.073891842737794, 0.0 ], [ 382664.949358606303576, 5513023.305660192854702, 0.0 ], [ 382654.608533628343139, 5513014.965846702456474, 0.0 ], [ 382648.980833547189832, 5513011.306388019584119, 0.0 ], [ 382645.256663366686553, 5513005.714778975583613, 0.0 ], [ 382646.633538215479348, 5512996.11953875888139, 0.0 ], [ 382660.288355954631697, 5512971.242363907396793, 0.0 ], [ 382661.783533238223754, 5512967.094581754878163, 0.0 ], [ 382663.371689894935116, 5512957.272311179898679, 0.0 ], [ 382669.098518855811562, 5512945.580597487278283, 0.0 ], [ 382670.82425749785034, 5512942.095162833109498, 0.0 ], [ 382673.97279759356752, 5512931.126775173470378, 0.0 ], [ 382680.412293822970241, 5512915.749184491112828, 0.0 ], [ 382690.042907923168968, 5512904.64011191483587, 0.0 ], [ 382697.640754983760417, 5512899.470092599280179, 0.0 ], [ 382699.693222437403165, 5512897.757175672799349, 0.0 ], [ 382710.118573010724504, 5512886.742119126953185, 0.0 ], [ 382709.704984975978732, 5512857.721406251192093, 0.0 ], [ 382709.28898925712565, 5512828.589522078633308, 0.0 ], [ 382710.798026132397354, 5512818.435314827598631, 0.0 ], [ 382712.122359083441552, 5512809.731039330363274, 0.0 ], [ 382717.81880233460106, 5512780.021625800058246, 0.0 ], [ 382727.820249861106277, 5512752.776989152655005, 0.0 ], [ 382740.376444996334612, 5512727.034100814722478, 0.0 ], [ 382748.252406660001725, 5512714.739744717255235, 0.0 ], [ 382764.539965126023162, 5512691.585376433096826, 0.0 ], [ 382768.618276521796361, 5512683.599964345805347, 0.0 ], [ 382770.681986470182892, 5512672.432729207910597, 0.0 ], [ 382769.318012937146705, 5512669.348017163574696, 0.0 ], [ 382764.157441405579448, 5512657.336441134102643, 0.0 ], [ 382776.876793527160771, 5512652.389148340560496, 0.0 ], [ 382784.33856501604896, 5512650.892637243494391, 0.0 ], [ 382791.476369724376127, 5512651.071532681584358, 0.0 ], [ 382806.781749667890836, 5512649.071305744349957, 0.0 ], [ 382817.816466144751757, 5512652.836165158078074, 0.0 ], [ 382818.91957683430519, 5512637.240788696333766, 0.0 ], [ 382826.878603162185755, 5512638.736625318415463, 0.0 ], [ 382844.358490653452463, 5512627.346494382247329, 0.0 ], [ 382851.594340919400565, 5512622.073334748856723, 0.0 ], [ 382856.55160993791651, 5512614.736295778304338, 0.0 ], [ 382860.401993557112291, 5512606.199777152389288, 0.0 ], [ 382860.716352106770501, 5512604.07969565782696, 0.0 ], [ 382863.664131039520726, 5512597.119885660707951, 0.0 ], [ 382870.31202469492564, 5512594.640111610293388, 0.0 ], [ 382872.973642666358501, 5512581.124252143315971, 0.0 ], [ 382879.863901561300736, 5512576.525970413349569, 0.0 ], [ 382860.508847846242134, 5512557.925947066396475, 0.0 ], [ 382853.708625686587766, 5512546.728396130725741, 0.0 ], [ 382837.566297848592512, 5512503.478168253786862, 0.0 ], [ 382834.72536142001627, 5512495.420341455377638, 0.0 ], [ 382833.425924222974572, 5512488.663800279609859, 0.0 ], [ 382856.614167086430825, 5512487.93879931140691, 0.0 ], [ 382904.30578079278348, 5512477.340187986381352, 0.0 ], [ 382918.636791689728852, 5512473.581810334697366, 0.0 ], [ 382928.989407240820583, 5512469.131057878024876, 0.0 ], [ 382941.798034888284747, 5512461.624077015556395, 0.0 ], [ 382951.713331697159447, 5512450.286914824508131, 0.0 ], [ 382952.815239367482718, 5512447.927339227870107, 0.0 ], [ 382956.461855588015169, 5512439.951436414383352, 0.0 ], [ 382963.987166961014736, 5512408.08950053807348, 0.0 ], [ 382970.334667888702825, 5512395.0500299166888, 0.0 ], [ 382979.87075277348049, 5512382.831340361386538, 0.0 ], [ 382996.986685488489456, 5512367.89044313877821, 0.0 ], [ 383008.506033602461684, 5512354.071740436367691, 0.0 ], [ 383015.794913350255229, 5512341.234406999312341, 0.0 ], [ 383020.454795554163866, 5512330.122341325506568, 0.0 ], [ 383024.435426902608015, 5512324.252530536614358, 0.0 ], [ 383028.348847797955386, 5512318.606626349501312, 0.0 ], [ 383041.609271327208262, 5512308.643187265843153, 0.0 ], [ 383052.754638847953174, 5512304.175537088885903, 0.0 ], [ 383069.424957102164626, 5512305.260851939208806, 0.0 ], [ 383089.377512179431506, 5512308.166050286032259, 0.0 ], [ 383107.183467081631534, 5512308.448350139893591, 0.0 ], [ 383124.660361248883419, 5512303.510274299420416, 0.0 ], [ 383141.553766860801261, 5512294.914463249966502, 0.0 ], [ 383150.1180886446964, 5512287.72220126260072, 0.0 ], [ 383151.597093146992847, 5512286.133091213181615, 0.0 ], [ 383161.4699602779001, 5512276.13195482827723, 0.0 ], [ 383163.664326337981038, 5512264.29474291857332, 0.0 ], [ 383163.582438638317399, 5512247.167955845594406, 0.0 ], [ 383161.718790486687794, 5512217.622545246966183, 0.0 ], [ 383171.51484422251815, 5512197.390450909733772, 0.0 ], [ 383180.667525433236733, 5512180.731459735892713, 0.0 ], [ 383188.996742543182336, 5512169.317823864519596, 0.0 ], [ 383197.162765518412925, 5512163.691394471563399, 0.0 ], [ 383211.850153297185898, 5512159.703685305081308, 0.0 ], [ 383214.380895110953134, 5512160.093912676908076, 0.0 ], [ 383243.203482060285751, 5512153.242798795923591, 0.0 ], [ 383247.866382748470642, 5512155.589032188057899, 0.0 ], [ 383251.244699038099498, 5512158.519131826236844, 0.0 ], [ 383270.4939327109023, 5512198.922791056334972, 0.0 ], [ 383271.668027581938077, 5512203.235187915153801, 0.0 ], [ 383271.173387352144346, 5512207.027494452893734, 0.0 ], [ 383261.54750725987833, 5512215.132270648144186, 0.0 ], [ 383253.70324706484098, 5512218.972066095098853, 0.0 ], [ 383234.878983719216194, 5512224.939830390736461, 0.0 ], [ 383231.618359152111225, 5512227.457192311994731, 0.0 ], [ 383228.581044350808952, 5512233.640136090107262, 0.0 ], [ 383230.302657213527709, 5512259.963118751533329, 0.0 ], [ 383234.535732265620027, 5512285.786958822049201, 0.0 ], [ 383237.433780748920981, 5512293.176395042799413, 0.0 ], [ 383240.110924323205836, 5512297.01142474450171, 0.0 ], [ 383240.744796215440147, 5512299.667118493467569, 0.0 ], [ 383244.233478649228346, 5512304.374417074024677, 0.0 ], [ 383250.312850322923623, 5512308.914542932063341, 0.0 ], [ 383251.983956054667942, 5512309.545799184590578, 0.0 ], [ 383280.558355085435323, 5512321.274675699882209, 0.0 ], [ 383310.803717090340797, 5512333.634975754655898, 0.0 ], [ 383330.827984961972106, 5512339.876236394047737, 0.0 ], [ 383338.026023195474409, 5512349.50863101053983, 0.0 ], [ 383342.935877659125254, 5512359.968982234597206, 0.0 ], [ 383343.154136016091798, 5512373.422410145401955, 0.0 ], [ 383338.81540443765698, 5512382.747656406834722, 0.0 ], [ 383329.724912796926219, 5512408.970327837392688, 0.0 ], [ 383334.012968130409718, 5512413.994100170210004, 0.0 ], [ 383357.54234426288167, 5512419.047560420818627, 0.0 ], [ 383381.448526747582946, 5512428.208290233276784, 0.0 ], [ 383392.058262776874471, 5512432.317162058316171, 0.0 ], [ 383394.807259649038315, 5512436.150712655857205, 0.0 ], [ 383397.959648752817884, 5512438.640872284770012, 0.0 ], [ 383387.848923107550945, 5512450.982415366917849, 0.0 ], [ 383370.146342110005207, 5512468.826536621898413, 0.0 ], [ 383357.96371462236857, 5512481.991413393989205, 0.0 ], [ 383335.687637468741741, 5512494.929250134155154, 0.0 ], [ 383313.337237665022258, 5512507.757562809623778, 0.0 ], [ 383286.938976234872825, 5512523.342753037810326, 0.0 ], [ 383270.319790131412446, 5512534.601594598032534, 0.0 ], [ 383250.649120329064317, 5512548.039658552035689, 0.0 ], [ 383249.086130882438738, 5512549.074435820803046, 0.0 ], [ 383232.404752603324596, 5512574.126569259911776, 0.0 ], [ 383221.454309814085718, 5512580.925368123687804, 0.0 ], [ 383210.381523593561724, 5512595.40131878387183, 0.0 ], [ 383207.298825032776222, 5512599.472003357484937, 0.0 ], [ 383190.055916634912137, 5512618.530295196920633, 0.0 ], [ 383177.667602866073139, 5512632.144952574744821, 0.0 ], [ 383172.885157684970181, 5512637.587087722495198, 0.0 ], [ 383189.047972895146813, 5512648.582677563652396, 0.0 ], [ 383199.189257794991136, 5512651.032918892800808, 0.0 ], [ 383210.900689842703287, 5512652.78190722130239, 0.0 ], [ 383214.638861689949408, 5512655.704200679436326, 0.0 ], [ 383218.888415613386314, 5512658.949121586047113, 0.0 ], [ 383222.405698064947501, 5512661.653743527829647, 0.0 ], [ 383229.913234224368352, 5512668.943591618910432, 0.0 ], [ 383257.904769117885735, 5512647.095109797082841, 0.0 ], [ 383279.882317692739889, 5512633.718468161299825, 0.0 ], [ 383300.119320186204277, 5512623.160106246359646, 0.0 ], [ 383321.962577839090955, 5512613.568170418962836, 0.0 ], [ 383353.731173099018633, 5512603.094787979498506, 0.0 ], [ 383385.427858958893921, 5512592.623148121871054, 0.0 ], [ 383392.515328207518905, 5512590.468214428052306, 0.0 ], [ 383419.861679164750967, 5512582.092666138894856, 0.0 ], [ 383447.282534376601689, 5512573.826877084560692, 0.0 ], [ 383450.070009316783398, 5512572.765756441280246, 0.0 ], [ 383450.070009316783398, 5512572.765756441280246, 0.0 ] ] ] } },
{ "type": "Feature", "properties": { "name": "Traumschleifchen Forsthofrunde", "Nr": null, "darstell": "F1", "datum": null, "height": 104, "link": "https://www.saar-hunsrueck-steig.de/tour/traumschleifchen-forsthofrunde-82f3685430", "km": 6.49, "erlebnis": null }, "geometry": { "type": "MultiLineString", "coordinates": [ [ [ 342240.678603258682415, 5483950.171324146911502, 0.0 ], [ 342250.393338946858421, 5483920.185270838439465, 0.0 ], [ 342259.045923621044494, 5483893.567607441917062, 0.0 ], [ 342260.507348460610956, 5483888.963890523649752, 0.0 ], [ 342261.973496211809106, 5483887.030161063186824, 0.0 ], [ 342257.194073885097168, 5483882.161872305907309, 0.0 ], [ 342252.204009769833647, 5483872.515706600621343, 0.0 ], [ 342249.357372382539324, 5483866.812750917859375, 0.0 ], [ 342240.929934674699325, 5483853.594569452106953, 0.0 ], [ 342238.585113589128014, 5483855.219948028214276, 0.0 ], [ 342237.509990046382882, 5483858.143672487698495, 0.0 ], [ 342237.821985920658335, 5483863.919918739236891, 0.0 ], [ 342238.154967089474667, 5483867.9154755435884, 0.0 ], [ 342235.855158035759814, 5483871.09712637308985, 0.0 ], [ 342233.025918299681507, 5483873.515302653424442, 0.0 ], [ 342233.191562903113663, 5483876.736912366934121, 0.0 ], [ 342231.846061281859875, 5483880.335988500155509, 0.0 ], [ 342230.228655176353641, 5483882.051590420305729, 0.0 ], [ 342229.340343821444549, 5483881.409748937934637, 0.0 ], [ 342229.575367096695118, 5483879.511614161543548, 0.0 ], [ 342230.14998043444939, 5483876.824872412718832, 0.0 ], [ 342229.2537177746417, 5483873.401881474070251, 0.0 ], [ 342227.779625908588059, 5483872.554470385424793, 0.0 ], [ 342222.748729824495967, 5483879.041510828770697, 0.0 ], [ 342215.521097877412103, 5483887.260918468236923, 0.0 ], [ 342209.737109943351243, 5483892.76845686789602, 0.0 ], [ 342205.446514717070386, 5483899.79037952888757, 0.0 ], [ 342197.271069716720376, 5483907.814718729816377, 0.0 ], [ 342189.687990256235935, 5483911.260471795685589, 0.0 ], [ 342183.062307152664289, 5483920.241301371715963, 0.0 ], [ 342177.983272509416565, 5483925.060952436178923, 0.0 ], [ 342175.757489868090488, 5483930.799360824748874, 0.0 ], [ 342167.496965866244864, 5483933.374703568406403, 0.0 ], [ 342162.049542654072866, 5483932.976031867787242, 0.0 ], [ 342158.399701070273295, 5483932.080334596335888, 0.0 ], [ 342154.392543016001582, 5483933.865104543976486, 0.0 ], [ 342151.80635673092911, 5483937.166336219757795, 0.0 ], [ 342149.29580793553032, 5483940.576636006124318, 0.0 ], [ 342145.370726381894201, 5483942.692804004997015, 0.0 ], [ 342143.553759489266668, 5483947.529356211423874, 0.0 ], [ 342143.635738020413555, 5483952.867237406782806, 0.0 ], [ 342143.395880518713966, 5483957.101878522895277, 0.0 ], [ 342139.956785538350232, 5483960.984073176980019, 0.0 ], [ 342136.873349510948174, 5483964.633467850275338, 0.0 ], [ 342135.389534996764269, 5483968.459085546433926, 0.0 ], [ 342133.04479499720037, 5483970.084511419758201, 0.0 ], [ 342130.603550230618566, 5483968.375072237104177, 0.0 ], [ 342128.007818227924872, 5483966.336338884197176, 0.0 ], [ 342123.587135543930344, 5483966.353015461936593, 0.0 ], [ 342120.086935726576485, 5483968.123141237534583, 0.0 ], [ 342117.265809071599506, 5483973.32253085449338, 0.0 ], [ 342113.426049547502771, 5483975.881275659427047, 0.0 ], [ 342107.217461812309921, 5483976.728498496115208, 0.0 ], [ 342105.147950189944822, 5483975.342077359557152, 0.0 ], [ 342102.923950434254948, 5483973.626362432725728, 0.0 ], [ 342100.024037720344495, 5483973.599041940644383, 0.0 ], [ 342098.036593031021766, 5483972.544013979844749, 0.0 ], [ 342096.51424105791375, 5483970.029205380938947, 0.0 ], [ 342096.359753488679416, 5483969.699911006726325, 0.0 ], [ 342094.406112829805352, 5483967.308841840364039, 0.0 ], [ 342091.737948496767785, 5483965.272221583873034, 0.0 ], [ 342089.367477427935228, 5483966.008368880487978, 0.0 ], [ 342088.575693039223552, 5483968.701416068710387, 0.0 ], [ 342088.860517575754784, 5483971.029533559456468, 0.0 ], [ 342090.754612924240064, 5483973.867345749400556, 0.0 ], [ 342091.596251522540115, 5483975.400558536872268, 0.0 ], [ 342091.292082966887392, 5483977.411958979442716, 0.0 ], [ 342090.386052333749831, 5483978.661993563175201, 0.0 ], [ 342088.453308955882676, 5483979.496726463548839, 0.0 ], [ 342086.840821573452558, 5483978.875870291143656, 0.0 ], [ 342084.320712048735004, 5483976.946223409846425, 0.0 ], [ 342083.400218516646419, 5483975.192783593200147, 0.0 ], [ 342083.128263087186497, 5483973.309315112419426, 0.0 ], [ 342083.79773392167408, 5483971.398594968020916, 0.0 ], [ 342083.261851478135213, 5483970.412809168919921, 0.0 ], [ 342079.917778145696502, 5483970.064590451307595, 0.0 ], [ 342074.322327618196141, 5483969.559037385508418, 0.0 ], [ 342070.191315302043222, 5483969.567371672019362, 0.0 ], [ 342067.49416115146596, 5483971.536795010790229, 0.0 ], [ 342065.79797965218313, 5483973.03221963532269, 0.0 ], [ 342060.152640875952784, 5483973.306913018226624, 0.0 ], [ 342058.380826132721268, 5483974.693274402059615, 0.0 ], [ 342057.29938900785055, 5483977.394712979905307, 0.0 ], [ 342053.839448757353239, 5483978.051163301803172, 0.0 ], [ 342031.719988532247953, 5483982.585564892739058, 0.0 ], [ 342026.021556422987487, 5483983.529363948851824, 0.0 ], [ 342019.639179196965415, 5483983.380421272478998, 0.0 ], [ 342016.93079686013516, 5483987.464048881083727, 0.0 ], [ 342011.853525966522284, 5483984.82970118150115, 0.0 ], [ 341983.160013163345866, 5483970.084991040639579, 0.0 ], [ 341949.45820582495071, 5483952.592877862043679, 0.0 ], [ 341934.071679753717035, 5483944.360743281431496, 0.0 ], [ 341933.262200313911308, 5483943.939175497740507, 0.0 ], [ 341923.452368037658744, 5483960.577977754175663, 0.0 ], [ 341919.062450884841383, 5483969.160602264106274, 0.0 ], [ 341912.625533893238753, 5483977.135016738437116, 0.0 ], [ 341904.952908844104968, 5483992.488115420565009, 0.0 ], [ 341895.138497974199709, 5484011.463477713987231, 0.0 ], [ 341874.847014377999585, 5484004.041204234585166, 0.0 ], [ 341849.204752657213248, 5483999.555511431768537, 0.0 ], [ 341842.542378790676594, 5483999.748660252429545, 0.0 ], [ 341809.444538275944069, 5484000.59706456400454, 0.0 ], [ 341781.262877692701295, 5483998.521692999638617, 0.0 ], [ 341753.15360565012088, 5483996.444365839473903, 0.0 ], [ 341752.677074003499001, 5484022.492019893601537, 0.0 ], [ 341752.200556768104434, 5484048.539675037376583, 0.0 ], [ 341750.997789473854937, 5484094.523170542903244, 0.0 ], [ 341752.551266140304506, 5484133.08383646979928, 0.0 ], [ 341754.029102907516062, 5484171.535443007946014, 0.0 ], [ 341731.082190243527293, 5484207.469239021651447, 0.0 ], [ 341708.059953548130579, 5484243.294078854843974, 0.0 ], [ 341685.041258684766944, 5484279.230186140164733, 0.0 ], [ 341681.64463797013741, 5484284.557790754362941, 0.0 ], [ 341662.095293373567984, 5484315.164296733215451, 0.0 ], [ 341657.683367584249936, 5484362.9098702929914, 0.0 ], [ 341653.343963589461055, 5484410.653350129723549, 0.0 ], [ 341649.004668420297094, 5484458.396838216111064, 0.0 ], [ 341615.055493095540442, 5484444.808007157407701, 0.0 ], [ 341581.175323969568126, 5484431.10611876193434, 0.0 ], [ 341547.12481164757628, 5484421.52585191372782, 0.0 ], [ 341535.63347303669434, 5484417.631955370306969, 0.0 ], [ 341500.860015326994471, 5484405.625339058227837, 0.0 ], [ 341498.152518965536729, 5484397.248556020669639, 0.0 ], [ 341493.881293779006228, 5484377.457843536511064, 0.0 ], [ 341473.367039115226362, 5484357.3603809569031, 0.0 ], [ 341438.147710841265507, 5484335.020282050594687, 0.0 ], [ 341413.920032156165689, 5484309.356910474598408, 0.0 ], [ 341395.071425268775783, 5484281.757132693193853, 0.0 ], [ 341398.403902034158818, 5484254.291237092576921, 0.0 ], [ 341399.035619441070594, 5484248.598808783106506, 0.0 ], [ 341405.293808283342514, 5484222.049161796458066, 0.0 ], [ 341403.138338262215257, 5484202.753271083347499, 0.0 ], [ 341417.031903445255011, 5484172.087697576731443, 0.0 ], [ 341435.971910064632539, 5484152.957363637164235, 0.0 ], [ 341478.222013129387051, 5484135.374790837988257, 0.0 ], [ 341506.310011335590389, 5484139.231387484818697, 0.0 ], [ 341516.50119840039406, 5484138.267761469818652, 0.0 ], [ 341537.515944170765579, 5484135.654661757871509, 0.0 ], [ 341544.773589025367983, 5484118.532940798439085, 0.0 ], [ 341545.226514344569296, 5484109.174287304282188, 0.0 ], [ 341527.268295959103853, 5484102.241803113371134, 0.0 ], [ 341499.855330088059418, 5484091.690119175240397, 0.0 ], [ 341479.700017394148745, 5484081.483943751081824, 0.0 ], [ 341457.952810855116695, 5484068.876471625640988, 0.0 ], [ 341427.588516716845334, 5484061.526078655384481, 0.0 ], [ 341395.643897710193414, 5484054.666820750571787, 0.0 ], [ 341373.896320364146959, 5484054.520360540598631, 0.0 ], [ 341370.970674031064846, 5484028.682765860110521, 0.0 ], [ 341354.707314290688373, 5484002.788006232120097, 0.0 ], [ 341338.371390270069242, 5483976.895398939028382, 0.0 ], [ 341334.331518799008336, 5483972.562650864012539, 0.0 ], [ 341313.227483923896216, 5483949.701448935084045, 0.0 ], [ 341288.08333239145577, 5483922.507610538043082, 0.0 ], [ 341262.938935674261302, 5483895.313883746042848, 0.0 ], [ 341236.696027879021131, 5483885.174426072277129, 0.0 ], [ 341210.449782376876101, 5483874.923930636607111, 0.0 ], [ 341162.947020980645902, 5483861.509683215990663, 0.0 ], [ 341115.519665025058202, 5483848.204897503368556, 0.0 ], [ 341092.33845997590106, 5483836.196841388009489, 0.0 ], [ 341069.226331562036648, 5483824.075610070489347, 0.0 ], [ 341035.077873041678686, 5483788.912195842713118, 0.0 ], [ 341028.022607054852415, 5483763.195037562400103, 0.0 ], [ 341020.894863079651259, 5483737.479998252354562, 0.0 ], [ 341041.158310048223939, 5483746.346355069428682, 0.0 ], [ 341045.322718396433629, 5483725.086314879357815, 0.0 ], [ 341052.184117982920725, 5483701.856348579749465, 0.0 ], [ 341055.933230323949829, 5483688.730133350938559, 0.0 ], [ 341054.442700715269893, 5483687.327224595472217, 0.0 ], [ 341031.968972646747716, 5483667.288318640552461, 0.0 ], [ 340988.029951950418763, 5483651.880289762280881, 0.0 ], [ 340946.303350500646047, 5483635.295539805665612, 0.0 ], [ 340935.008986146072857, 5483620.827702790498734, 0.0 ], [ 340922.973013954237103, 5483608.272868789732456, 0.0 ], [ 340912.81035726738628, 5483587.875483743846416, 0.0 ], [ 340887.12742571067065, 5483572.158451383002102, 0.0 ], [ 340856.449261347646825, 5483566.600318318232894, 0.0 ], [ 340852.796817867434584, 5483548.238273658789694, 0.0 ], [ 340853.069290334591642, 5483527.759128138422966, 0.0 ], [ 340858.568326038308442, 5483480.203464184887707, 0.0 ], [ 340864.816470691701397, 5483450.872028976678848, 0.0 ], [ 340865.97664605663158, 5483411.119630236178637, 0.0 ], [ 340862.728503488353454, 5483386.737939787097275, 0.0 ], [ 340861.729713010659907, 5483382.316811269149184, 0.0 ], [ 340856.587646606727503, 5483360.104234209284186, 0.0 ], [ 340853.187015811272431, 5483337.952124944888055, 0.0 ], [ 340850.294399131904356, 5483320.791741059161723, 0.0 ], [ 340850.340934804524295, 5483312.44614867027849, 0.0 ], [ 340850.472867273027077, 5483304.543091512285173, 0.0 ], [ 340845.907975578214973, 5483279.754788707941771, 0.0 ], [ 340841.412236183416098, 5483254.853215246461332, 0.0 ], [ 340834.186984157538973, 5483215.901690607890487, 0.0 ], [ 340832.734199425089173, 5483195.917903866618872, 0.0 ], [ 340832.876981878885999, 5483178.446474924683571, 0.0 ], [ 340831.439431377220899, 5483139.103621994145215, 0.0 ], [ 340824.133978956495412, 5483109.833758226595819, 0.0 ], [ 340821.904950495692901, 5483095.546696906909347, 0.0 ], [ 340816.898794691078365, 5483063.094589086249471, 0.0 ], [ 340818.636151977814734, 5483035.674823509529233, 0.0 ], [ 340826.247899506997783, 5483020.76694271620363, 0.0 ], [ 340836.110484616074245, 5483001.009398801252246, 0.0 ], [ 340842.914763718610629, 5482988.238969930447638, 0.0 ], [ 340846.559236290748231, 5482966.548936564475298, 0.0 ], [ 340842.964954043156467, 5482942.733636991120875, 0.0 ], [ 340840.763061987701803, 5482919.434011774137616, 0.0 ], [ 340840.58490693452768, 5482898.411749116145074, 0.0 ], [ 340846.332037485321052, 5482886.673473013564944, 0.0 ], [ 340858.037884249119088, 5482890.337327591143548, 0.0 ], [ 340874.18488579581026, 5482887.196324517019093, 0.0 ], [ 340880.015111336950213, 5482888.250145455822349, 0.0 ], [ 340885.79784569167532, 5482885.188872457481921, 0.0 ], [ 340889.667049850337207, 5482883.62972860224545, 0.0 ], [ 340893.123218198074028, 5482885.309063473716378, 0.0 ], [ 340900.624727720278315, 5482888.984331729821861, 0.0 ], [ 340912.375895375444088, 5482894.204567749984562, 0.0 ], [ 340935.856839417130686, 5482893.965131496079266, 0.0 ], [ 340955.644222070695832, 5482878.925099162384868, 0.0 ], [ 340956.952402067836374, 5482876.550592406652868, 0.0 ], [ 340967.121676432841923, 5482857.34067022614181, 0.0 ], [ 340965.848722609574907, 5482841.023096707649529, 0.0 ], [ 340949.563627655734308, 5482829.482016540132463, 0.0 ], [ 340927.722857825341634, 5482813.8751783920452, 0.0 ], [ 340922.915404704632238, 5482808.11872598901391, 0.0 ], [ 340922.234544865204953, 5482799.683094455860555, 0.0 ], [ 340937.571187907131389, 5482791.114358374848962, 0.0 ], [ 340947.680626892135479, 5482787.259515267796814, 0.0 ], [ 340980.238271331763826, 5482775.07386221177876, 0.0 ], [ 341002.617332899011672, 5482766.856399200856686, 0.0 ], [ 341039.054258577525616, 5482753.445529958233237, 0.0 ], [ 341062.651915747788735, 5482744.747803178615868, 0.0 ], [ 341086.249643940362148, 5482736.050180084072053, 0.0 ], [ 341110.710180912690703, 5482727.105030750855803, 0.0 ], [ 341128.559362927800976, 5482725.139071200042963, 0.0 ], [ 341143.879827456315979, 5482723.469287543557584, 0.0 ], [ 341143.942554668174125, 5482723.13369355071336, 0.0 ], [ 341160.912303699995391, 5482728.313825190067291, 0.0 ], [ 341178.656707568559796, 5482725.23851931001991, 0.0 ], [ 341207.801737115019932, 5482717.826331014744937, 0.0 ], [ 341224.472656155878212, 5482727.688102973625064, 0.0 ], [ 341231.661754003551323, 5482730.594121359288692, 0.0 ], [ 341237.783735214150511, 5482734.19872763287276, 0.0 ], [ 341253.488336675218306, 5482740.751016033813357, 0.0 ], [ 341274.422997871064581, 5482750.15514324977994, 0.0 ], [ 341292.125242586655077, 5482758.095765510573983, 0.0 ], [ 341302.520610904204659, 5482774.036828180775046, 0.0 ], [ 341305.555627732072026, 5482781.180206063203514, 0.0 ], [ 341316.635723110754043, 5482803.220454734750092, 0.0 ], [ 341326.992734300089069, 5482822.834116699174047, 0.0 ], [ 341337.405949119653087, 5482841.889881853014231, 0.0 ], [ 341355.050514460599516, 5482870.303444653749466, 0.0 ], [ 341376.170825201668777, 5482906.070168100297451, 0.0 ], [ 341394.016142447653692, 5482933.921725028194487, 0.0 ], [ 341395.762833575950935, 5482936.652355371043086, 0.0 ], [ 341403.639497100026347, 5482945.768925753422081, 0.0 ], [ 341419.026859490491915, 5482958.894964410923421, 0.0 ], [ 341430.840563987672795, 5482968.787209480069578, 0.0 ], [ 341440.199412095826119, 5482976.525689724832773, 0.0 ], [ 341465.34582142799627, 5482993.707275713793933, 0.0 ], [ 341471.338640167494304, 5482997.872153936885297, 0.0 ], [ 341476.429992260877043, 5483000.950667735189199, 0.0 ], [ 341494.350252030009869, 5483011.444441918283701, 0.0 ], [ 341495.098553229181562, 5483009.753870397806168, 0.0 ], [ 341510.673326250631362, 5483016.866895363666117, 0.0 ], [ 341534.864017233776394, 5483023.61850275285542, 0.0 ], [ 341539.090789693116676, 5483024.385808857157826, 0.0 ], [ 341541.339979094685987, 5483011.971114072017372, 0.0 ], [ 341542.66191404912388, 5482997.580743401311338, 0.0 ], [ 341546.258648026094306, 5482989.132128280587494, 0.0 ], [ 341552.41989998385543, 5482986.616860746406019, 0.0 ], [ 341608.68916049139807, 5482989.656085568480194, 0.0 ], [ 341634.175048354431055, 5482988.582646735943854, 0.0 ], [ 341643.054978907399345, 5482987.323653912171721, 0.0 ], [ 341659.145720156026073, 5482984.742887277156115, 0.0 ], [ 341680.800735394121148, 5482981.555713751353323, 0.0 ], [ 341703.79450877814088, 5482969.540606341324747, 0.0 ], [ 341704.634136710898019, 5482990.98856755066663, 0.0 ], [ 341707.809388625086285, 5483015.483933844603598, 0.0 ], [ 341712.607098097796552, 5483040.933539261110127, 0.0 ], [ 341713.294674775446765, 5483047.143904791213572, 0.0 ], [ 341712.266508609463926, 5483054.182827009819448, 0.0 ], [ 341707.692765517742373, 5483066.44235229305923, 0.0 ], [ 341701.776619931333698, 5483077.405757582746446, 0.0 ], [ 341714.932204173528589, 5483093.601219524629414, 0.0 ], [ 341727.860753281798679, 5483109.46952813398093, 0.0 ], [ 341730.461291842861101, 5483099.158593269065022, 0.0 ], [ 341726.379237867833581, 5483093.380447070114315, 0.0 ], [ 341730.811586205207277, 5483086.242792718112469, 0.0 ], [ 341739.590144341171253, 5483088.992088281549513, 0.0 ], [ 341752.000238747801632, 5483101.982844075188041, 0.0 ], [ 341757.66280209296383, 5483107.270152491517365, 0.0 ], [ 341763.335025012376718, 5483112.890952654182911, 0.0 ], [ 341766.515645603998564, 5483117.582708224654198, 0.0 ], [ 341774.619900621357374, 5483124.579318291507661, 0.0 ], [ 341787.23404935724102, 5483132.112711692228913, 0.0 ], [ 341793.973307851410937, 5483137.035070966929197, 0.0 ], [ 341795.306027805199847, 5483137.997731361538172, 0.0 ], [ 341802.34465380187612, 5483143.24518729839474, 0.0 ], [ 341810.677310131082777, 5483148.121371728368104, 0.0 ], [ 341826.07585179846501, 5483156.686686340719461, 0.0 ], [ 341833.033871143416036, 5483159.155130008235574, 0.0 ], [ 341837.234845074824989, 5483164.039858125150204, 0.0 ], [ 341835.731778290937655, 5483172.205071060918272, 0.0 ], [ 341832.844460089341737, 5483177.629022352397442, 0.0 ], [ 341833.486924400203861, 5483187.289623042568564, 0.0 ], [ 341833.635141935083084, 5483192.403076997958124, 0.0 ], [ 341834.520665195188485, 5483202.946676156483591, 0.0 ], [ 341860.058995620755013, 5483216.224670867435634, 0.0 ], [ 341863.360113378847018, 5483217.57532193697989, 0.0 ], [ 341877.811939613020513, 5483223.498076375573874, 0.0 ], [ 341886.099311017198488, 5483226.818103772588074, 0.0 ], [ 341896.110476040863432, 5483232.090793452225626, 0.0 ], [ 341900.385337033716496, 5483234.525805921293795, 0.0 ], [ 341903.060433517734054, 5483241.791153327561915, 0.0 ], [ 341890.762912369740661, 5483275.190321986563504, 0.0 ], [ 341890.231908814283088, 5483281.88103234488517, 0.0 ], [ 341891.551786738098599, 5483287.405557302758098, 0.0 ], [ 341914.816812739474699, 5483287.287754798308015, 0.0 ], [ 341898.008308627991937, 5483337.617171609774232, 0.0 ], [ 341895.808200364932418, 5483339.238496632315218, 0.0 ], [ 341889.005151285091415, 5483347.112247943878174, 0.0 ], [ 341880.927452401898336, 5483356.024245095439255, 0.0 ], [ 341871.402939577412326, 5483367.53705982863903, 0.0 ], [ 341860.154822339536622, 5483382.103744929656386, 0.0 ], [ 341845.885927591472864, 5483399.98442287184298, 0.0 ], [ 341831.872914389998186, 5483414.186294721439481, 0.0 ], [ 341818.080643302004319, 5483433.499560141004622, 0.0 ], [ 341801.721201955806464, 5483446.76824417617172, 0.0 ], [ 341779.453776252339594, 5483463.76847671251744, 0.0 ], [ 341765.078983408981003, 5483477.981029279530048, 0.0 ], [ 341752.965526718297042, 5483492.684314892627299, 0.0 ], [ 341738.138730105129071, 5483508.80140120908618, 0.0 ], [ 341726.904173194081523, 5483523.813025683164597, 0.0 ], [ 341763.564484433853067, 5483548.227219445630908, 0.0 ], [ 341790.151043007499538, 5483567.704734531231225, 0.0 ], [ 341827.459351857891306, 5483591.989284167066216, 0.0 ], [ 341864.767325071035884, 5483616.27408267185092, 0.0 ], [ 341902.078183833044022, 5483640.670292166993022, 0.0 ], [ 341906.89667954709148, 5483641.86573232896626, 0.0 ], [ 341912.545583124272525, 5483641.702049694955349, 0.0 ], [ 341918.047985083889216, 5483638.983742512762547, 0.0 ], [ 341936.737389658810571, 5483621.086413403041661, 0.0 ], [ 341940.50813333503902, 5483618.64080926310271, 0.0 ], [ 341944.314303685212508, 5483617.417991151101887, 0.0 ], [ 341948.501907784841023, 5483616.851658586412668, 0.0 ], [ 341954.038193095009774, 5483617.803836622275412, 0.0 ], [ 341963.671974500408396, 5483620.083651065826416, 0.0 ], [ 342001.909285013796762, 5483631.43680626899004, 0.0 ], [ 342008.393466965295374, 5483632.584098802879453, 0.0 ], [ 342016.536912245850544, 5483633.460841741412878, 0.0 ], [ 342025.027981515566353, 5483631.323637276887894, 0.0 ], [ 342041.826674254611135, 5483625.719516213983297, 0.0 ], [ 342057.352355921757407, 5483623.712470046244562, 0.0 ], [ 342070.756868764641695, 5483623.546952717937529, 0.0 ], [ 342098.272382258437574, 5483625.086909464560449, 0.0 ], [ 342120.610528736840934, 5483625.553012542426586, 0.0 ], [ 342139.874780187266879, 5483624.995592823252082, 0.0 ], [ 342149.822323134751059, 5483625.597824526950717, 0.0 ], [ 342158.557985083898529, 5483626.902665310539305, 0.0 ], [ 342188.542058265011292, 5483633.600651685148478, 0.0 ], [ 342201.325198880396783, 5483637.013591623865068, 0.0 ], [ 342213.853998361097183, 5483641.657722868025303, 0.0 ], [ 342215.983162499789614, 5483642.597443537786603, 0.0 ], [ 342233.177363786031492, 5483650.666860749013722, 0.0 ], [ 342261.285945344716311, 5483665.207326030358672, 0.0 ], [ 342289.32195198565023, 5483679.750026696361601, 0.0 ], [ 342287.488687371136621, 5483684.030713745392859, 0.0 ], [ 342275.974071168224327, 5483711.954843758605421, 0.0 ], [ 342262.62957496359013, 5483744.270860413089395, 0.0 ], [ 342249.269178742018994, 5483776.031103499233723, 0.0 ], [ 342235.839745763805695, 5483807.904640373773873, 0.0 ], [ 342235.624002699332777, 5483810.469747762195766, 0.0 ], [ 342236.106738187139854, 5483812.124615448527038, 0.0 ], [ 342238.523811780847609, 5483815.503629375249147, 0.0 ], [ 342246.600556935300119, 5483826.618102229200304, 0.0 ], [ 342247.789705266419332, 5483830.14388167951256, 0.0 ], [ 342247.05567751970375, 5483834.837822965346277, 0.0 ], [ 342244.644666403590236, 5483841.694104506634176, 0.0 ], [ 342241.736372405313887, 5483848.898532910272479, 0.0 ], [ 342241.614035830018111, 5483849.680856632068753, 0.0 ], [ 342240.929934674699325, 5483853.594569452106953, 0.0 ], [ 342249.357372382539324, 5483866.812750917859375, 0.0 ], [ 342252.204009769833647, 5483872.515706600621343, 0.0 ], [ 342257.194073885097168, 5483882.161872305907309, 0.0 ], [ 342261.973496211809106, 5483887.030161063186824, 0.0 ], [ 342260.507348460610956, 5483888.963890523649752, 0.0 ], [ 342250.393338946858421, 5483920.185270838439465, 0.0 ], [ 342240.879783187585417, 5483949.609230495058, 0.0 ], [ 342240.546626407187432, 5483950.62016139831394, 0.0 ] ] ] } },
{ "type": "Feature", "properties": { "name": "Traumschleifchen Weiskircher Wildkatzenpfad", "Nr": null, "darstell": "F1", "datum": null, "height": 97, "link": "https://www.saar-hunsrueck-steig.de/tour/traumschleifchen-weiskircher-wildkatzenpfad-2681af887e", "km": 4.731, "erlebnis": null }, "geometry": { "type": "MultiLineString", "coordinates": [ [ [ 339794.347752080182545, 5492302.10336759313941, 0.0 ], [ 339793.703531844483223, 5492302.344855085015297, 0.0 ], [ 339791.70838363294024, 5492303.404936143197119, 0.0 ], [ 339791.530145517725032, 5492309.640710250474513, 0.0 ], [ 339785.40991811035201, 5492313.158705666661263, 0.0 ], [ 339778.820138334936928, 5492313.018975051119924, 0.0 ], [ 339771.313566644792445, 5492311.237359467893839, 0.0 ], [ 339766.107442784123123, 5492311.390675624832511, 0.0 ], [ 339754.064587431494147, 5492315.305648930370808, 0.0 ], [ 339753.992280204547569, 5492315.30777851678431, 0.0 ], [ 339730.192572152649518, 5492323.018123915418983, 0.0 ], [ 339730.192572152649518, 5492323.018123915418983, 0.0 ], [ 339692.259799509658478, 5492334.927789835259318, 0.0 ], [ 339680.930285126902163, 5492338.488134188577533, 0.0 ], [ 339683.226741157355718, 5492347.655007653869689, 0.0 ], [ 339683.226741157355718, 5492347.655007653869689, 0.0 ], [ 339681.351348214782774, 5492367.514460641890764, 0.0 ], [ 339671.786024124827236, 5492379.367309680208564, 0.0 ], [ 339666.598903546109796, 5492387.530850945971906, 0.0 ], [ 339642.788886181311682, 5492404.698967966251075, 0.0 ], [ 339642.788886181311682, 5492404.698967966251075, 0.0 ], [ 339629.825998298940249, 5492409.308905245736241, 0.0 ], [ 339596.879646688408684, 5492423.40875406190753, 0.0 ], [ 339572.264997865306213, 5492437.81943039689213, 0.0 ], [ 339572.264997865306213, 5492437.81943039689213, 0.0 ], [ 339549.415678784251213, 5492448.284075102768838, 0.0 ], [ 339526.49086000432726, 5492458.639787411317229, 0.0 ], [ 339516.492874816292897, 5492460.714843234047294, 0.0 ], [ 339516.492874816292897, 5492460.714843234047294, 0.0 ], [ 339516.489595849416219, 5492460.603680246509612, 0.0 ], [ 339500.809009085292928, 5492463.847725132480264, 0.0 ], [ 339492.81606999062933, 5492462.748404655605555, 0.0 ], [ 339466.208141479408368, 5492456.190294145606458, 0.0 ], [ 339450.889646795927547, 5492449.632939429953694, 0.0 ], [ 339450.889646795927547, 5492449.632939429953694, 0.0 ], [ 339439.728485522908159, 5492446.624510722234845, 0.0 ], [ 339390.018463199958205, 5492446.867867450229824, 0.0 ], [ 339357.346284715807997, 5492445.718512048944831, 0.0 ], [ 339357.346284715807997, 5492445.718512048944831, 0.0 ], [ 339356.679123187903315, 5492445.181911370716989, 0.0 ], [ 339346.062868282373529, 5492458.179005396552384, 0.0 ], [ 339344.182383374776691, 5492472.920838159509003, 0.0 ], [ 339329.743314528721385, 5492503.498658976517618, 0.0 ], [ 339315.301136396476068, 5492533.965359889902174, 0.0 ], [ 339315.301136396476068, 5492533.965359889902174, 0.0 ], [ 339303.466051862225868, 5492539.989174168556929, 0.0 ], [ 339289.536887616384774, 5492568.215605548582971, 0.0 ], [ 339280.781072074896656, 5492587.833491968922317, 0.0 ], [ 339280.781072074896656, 5492587.833491968922317, 0.0 ], [ 339248.493975484918337, 5492599.690876052714884, 0.0 ], [ 339220.788469696359243, 5492607.407697001472116, 0.0 ], [ 339182.674558181432076, 5492630.229913904331625, 0.0 ], [ 339182.674558181432076, 5492630.229913904331625, 0.0 ], [ 339167.244389328639954, 5492634.580152970738709, 0.0 ], [ 339148.86625297187129, 5492642.021619627252221, 0.0 ], [ 339102.487192632514052, 5492649.623638676479459, 0.0 ], [ 339102.487192632514052, 5492649.623638676479459, 0.0 ], [ 339082.268632198567502, 5492648.663992743939161, 0.0 ], [ 339070.400960950995795, 5492641.338078950531781, 0.0 ], [ 339051.634903525060508, 5492635.662649635225534, 0.0 ], [ 339039.083647238905542, 5492632.139871895313263, 0.0 ], [ 339039.083647238905542, 5492632.139871895313263, 0.0 ], [ 339028.238164416979998, 5492632.460759901441634, 0.0 ], [ 339014.349495200905949, 5492637.544650117866695, 0.0 ], [ 338997.447148938896134, 5492643.496584996581078, 0.0 ], [ 338983.492654578236397, 5492643.909572334960103, 0.0 ], [ 338983.492654578236397, 5492643.909572334960103, 0.0 ], [ 338965.817971240612678, 5492648.215561959892511, 0.0 ], [ 338949.546592997619882, 5492651.033683924004436, 0.0 ], [ 338934.073752491618507, 5492651.491746594198048, 0.0 ], [ 338909.13240072876215, 5492649.893742778338492, 0.0 ], [ 338909.13240072876215, 5492649.893742778338492, 0.0 ], [ 338880.223988746118266, 5492643.851661102846265, 0.0 ], [ 338862.124767501023598, 5492636.265698719769716, 0.0 ], [ 338848.077220844337717, 5492618.880118737928569, 0.0 ], [ 338848.077220844337717, 5492618.880118737928569, 0.0 ], [ 338833.977041865233332, 5492602.163692777045071, 0.0 ], [ 338821.983768382226117, 5492590.614121790975332, 0.0 ], [ 338818.667222756252158, 5492583.702969118952751, 0.0 ], [ 338802.851642246474512, 5492572.600460041314363, 0.0 ], [ 338802.851642246474512, 5492572.600460041314363, 0.0 ], [ 338785.146532741375268, 5492566.115664448589087, 0.0 ], [ 338774.924954068032093, 5492560.633016898296773, 0.0 ], [ 338769.009012219205033, 5492558.805644741281867, 0.0 ], [ 338755.474050709977746, 5492546.523073785007, 0.0 ], [ 338749.140553746954538, 5492542.816668587736785, 0.0 ], [ 338749.140553746954538, 5492542.816668587736785, 0.0 ], [ 338741.488726771087386, 5492533.697579694911838, 0.0 ], [ 338733.663167526712641, 5492530.925500485114753, 0.0 ], [ 338725.946340879425406, 5492531.821806880645454, 0.0 ], [ 338718.08141871081898, 5492530.163521842099726, 0.0 ], [ 338711.219262358616106, 5492533.037203188054264, 0.0 ], [ 338705.283492803457193, 5492530.542922085151076, 0.0 ], [ 338698.342244955594651, 5492530.748711091466248, 0.0 ], [ 338698.342244955594651, 5492530.748711091466248, 0.0 ], [ 338688.367909890366718, 5492536.051164562813938, 0.0 ], [ 338683.17599892790895, 5492546.441080305725336, 0.0 ], [ 338680.001827015425079, 5492554.10091851092875, 0.0 ], [ 338652.978267458849587, 5492575.040447796694934, 0.0 ], [ 338627.22270360973198, 5492587.486701539717615, 0.0 ], [ 338627.22270360973198, 5492587.486701539717615, 0.0 ], [ 338604.16607050888706, 5492605.527311398647726, 0.0 ], [ 338618.942644731432665, 5492608.426791065372527, 0.0 ], [ 338631.257581301615573, 5492611.288063389249146, 0.0 ], [ 338631.257581301615573, 5492611.288063389249146, 0.0 ], [ 338642.702023492311127, 5492618.959388551302254, 0.0 ], [ 338651.592510279850103, 5492623.479920728132129, 0.0 ], [ 338659.381057638674974, 5492617.68590700160712, 0.0 ], [ 338667.790904167224653, 5492613.319869157858193, 0.0 ], [ 338676.562710845319089, 5492613.838578788563609, 0.0 ], [ 338691.30892696272349, 5492608.394607095979154, 0.0 ], [ 338691.30892696272349, 5492608.394607095979154, 0.0 ], [ 338704.359430458047427, 5492604.336077149026096, 0.0 ], [ 338710.919093719101511, 5492601.026307516731322, 0.0 ], [ 338728.890341992257163, 5492606.724148103967309, 0.0 ], [ 338747.130995405139402, 5492611.746497765183449, 0.0 ], [ 338754.134737716172822, 5492613.652863522991538, 0.0 ], [ 338754.134737716172822, 5492613.652863522991538, 0.0 ], [ 338760.175644055823795, 5492617.256681715138257, 0.0 ], [ 338764.112977851531468, 5492618.25259618461132, 0.0 ], [ 338768.737974037067033, 5492630.242925172671676, 0.0 ], [ 338776.104396434384398, 5492649.272688270546496, 0.0 ], [ 338788.559320761123672, 5492683.728142345324159, 0.0 ], [ 338788.559320761123672, 5492683.728142345324159, 0.0 ], [ 338793.839721726602875, 5492717.839908102527261, 0.0 ], [ 338796.303104477818124, 5492744.803217452950776, 0.0 ], [ 338798.634881108184345, 5492769.767738437280059, 0.0 ], [ 338798.634881108184345, 5492769.767738437280059, 0.0 ], [ 338802.563693654956296, 5492792.459727758541703, 0.0 ], [ 338793.433815081836656, 5492789.614970116876066, 0.0 ], [ 338791.459132371237502, 5492796.237857145257294, 0.0 ], [ 338781.747549705498386, 5492793.299096371047199, 0.0 ], [ 338776.443210313969757, 5492792.566208967939019, 0.0 ], [ 338776.443210313969757, 5492792.566208967939019, 0.0 ], [ 338761.952960372087546, 5492787.098851991817355, 0.0 ], [ 338744.505106242431793, 5492784.389453766867518, 0.0 ], [ 338723.44276521721622, 5492789.130462572909892, 0.0 ], [ 338705.565420499071479, 5492798.783849446102977, 0.0 ], [ 338705.565420499071479, 5492798.783849446102977, 0.0 ], [ 338687.944595410721377, 5492809.764819589443505, 0.0 ], [ 338672.335524845286272, 5492825.136617094278336, 0.0 ], [ 338660.528112124535255, 5492832.051163722760975, 0.0 ], [ 338645.365464402770158, 5492840.511643556877971, 0.0 ], [ 338645.365464402770158, 5492840.511643556877971, 0.0 ], [ 338622.240662707888987, 5492856.217783786356449, 0.0 ], [ 338613.23305009433534, 5492859.934084167703986, 0.0 ], [ 338599.77529765595682, 5492859.999564902856946, 0.0 ], [ 338579.225782797089778, 5492862.500722617842257, 0.0 ], [ 338579.225782797089778, 5492862.500722617842257, 0.0 ], [ 338561.401427088363562, 5492871.485471905209124, 0.0 ], [ 338535.033099251333624, 5492885.174303847365081, 0.0 ], [ 338513.190984986838885, 5492905.070774065330625, 0.0 ], [ 338513.190984986838885, 5492905.070774065330625, 0.0 ], [ 338504.559127732354682, 5492916.564367431215942, 0.0 ], [ 338494.556303851306438, 5492923.314461971633136, 0.0 ], [ 338483.073884918820113, 5492924.100419644266367, 0.0 ], [ 338460.671987626003101, 5492908.076469455845654, 0.0 ], [ 338460.671987626003101, 5492908.076469455845654, 0.0 ], [ 338442.906728185946122, 5492889.800945813767612, 0.0 ], [ 338422.691438572015613, 5492884.059468392282724, 0.0 ], [ 338411.113181661115959, 5492881.62185313552618, 0.0 ], [ 338411.113181661115959, 5492881.62185313552618, 0.0 ], [ 338392.939090719562955, 5492878.823897573165596, 0.0 ], [ 338375.879923314088956, 5492881.889708609320223, 0.0 ], [ 338362.357600291376002, 5492889.523444496095181, 0.0 ], [ 338346.3991221440956, 5492890.665208522230387, 0.0 ], [ 338346.3991221440956, 5492890.665208522230387, 0.0 ], [ 338334.120204899925739, 5492884.131918702274561, 0.0 ], [ 338319.4505110635655, 5492867.76747811306268, 0.0 ], [ 338301.013320976751857, 5492843.949305041693151, 0.0 ], [ 338301.013320976751857, 5492843.949305041693151, 0.0 ], [ 338297.414025374571793, 5492839.717110112309456, 0.0 ], [ 338287.368854406755418, 5492827.999512177892029, 0.0 ], [ 338269.050371135119349, 5492808.183304955251515, 0.0 ], [ 338256.388198980363086, 5492791.203028773888946, 0.0 ], [ 338256.388198980363086, 5492791.203028773888946, 0.0 ], [ 338251.986087494413368, 5492781.876719612628222, 0.0 ], [ 338258.004896418889984, 5492770.126617632806301, 0.0 ], [ 338271.033699390362017, 5492758.056861290708184, 0.0 ], [ 338284.181124566530343, 5492747.541267806664109, 0.0 ], [ 338291.314706297998782, 5492739.207163479179144, 0.0 ], [ 338291.314706297998782, 5492739.207163479179144, 0.0 ], [ 338290.545033818809316, 5492735.224644380621612, 0.0 ], [ 338277.400591276062187, 5492723.932965254411101, 0.0 ], [ 338267.372107906558085, 5492715.218946053646505, 0.0 ], [ 338252.532378549687564, 5492707.760597812011838, 0.0 ], [ 338237.130298767529894, 5492698.427570551633835, 0.0 ], [ 338237.130298767529894, 5492698.427570551633835, 0.0 ], [ 338226.739770997141022, 5492687.276641814038157, 0.0 ], [ 338217.590727655566297, 5492671.638367941603065, 0.0 ], [ 338216.076861803303473, 5492659.667187815532088, 0.0 ], [ 338210.721426704898477, 5492649.92421053070575, 0.0 ], [ 338210.721426704898477, 5492649.92421053070575, 0.0 ], [ 338201.602036068099551, 5492635.286427181214094, 0.0 ], [ 338199.785692889767233, 5492622.879201321862638, 0.0 ], [ 338199.411255606741179, 5492605.42234315443784, 0.0 ], [ 338198.978596649714746, 5492593.30774998664856, 0.0 ], [ 338198.978596649714746, 5492593.30774998664856, 0.0 ], [ 338197.719981883303262, 5492575.320882710628211, 0.0 ], [ 338200.777767965919338, 5492563.770050975494087, 0.0 ], [ 338203.057598534098361, 5492557.694151056930423, 0.0 ], [ 338230.411817987100221, 5492557.659556023776531, 0.0 ], [ 338230.411817987100221, 5492557.659556023776531, 0.0 ], [ 338245.950663019728381, 5492556.97502214461565, 0.0 ], [ 338223.745729044545442, 5492513.575865651480854, 0.0 ], [ 338201.612770682782866, 5492470.174644530750811, 0.0 ], [ 338201.612770682782866, 5492470.174644530750811, 0.0 ], [ 338205.318929194589145, 5492463.388765509240329, 0.0 ], [ 338210.241491578402929, 5492458.569416550919414, 0.0 ], [ 338224.819578930037096, 5492449.902611350640655, 0.0 ], [ 338261.035451023373753, 5492431.46916692238301, 0.0 ], [ 338261.035451023373753, 5492431.46916692238301, 0.0 ], [ 338297.251560687262099, 5492413.035969187505543, 0.0 ], [ 338333.536911448463798, 5492394.489706876687706, 0.0 ], [ 338333.536911448463798, 5492394.489706876687706, 0.0 ], [ 338369.753497242811136, 5492376.057003010995686, 0.0 ], [ 338386.666352380416356, 5492372.884341550990939, 0.0 ], [ 338392.885074875783175, 5492375.147365057840943, 0.0 ], [ 338392.885074875783175, 5492375.147365057840943, 0.0 ], [ 338396.398725002829451, 5492376.489392912946641, 0.0 ], [ 338423.565853013191372, 5492396.933363066054881, 0.0 ], [ 338450.657169666665141, 5492417.268449172377586, 0.0 ], [ 338450.657169666665141, 5492417.268449172377586, 0.0 ], [ 338491.158469098270871, 5492443.213648825883865, 0.0 ], [ 338494.080403037194628, 5492444.128258483484387, 0.0 ], [ 338496.430199368856847, 5492442.834637792780995, 0.0 ], [ 338496.430199368856847, 5492442.834637792780995, 0.0 ], [ 338522.430880269152112, 5492414.247707930393517, 0.0 ], [ 338547.877798447210807, 5492398.694851815700531, 0.0 ], [ 338547.877798447210807, 5492398.694851815700531, 0.0 ], [ 338580.507552439696155, 5492395.946513911709189, 0.0 ], [ 338619.770906805526465, 5492404.572714597918093, 0.0 ], [ 338619.770906805526465, 5492404.572714597918093, 0.0 ], [ 338646.288224811782129, 5492410.461881167255342, 0.0 ], [ 338672.877785634947941, 5492416.349031758494675, 0.0 ], [ 338687.345818573376164, 5492418.59030551277101, 0.0 ], [ 338687.345818573376164, 5492418.59030551277101, 0.0 ], [ 338701.524613225483336, 5492420.840191900730133, 0.0 ], [ 338733.592471277224831, 5492421.113459343090653, 0.0 ], [ 338757.216632515192032, 5492417.297987595200539, 0.0 ], [ 338757.216632515192032, 5492417.297987595200539, 0.0 ], [ 338792.725233156466857, 5492411.572831194847822, 0.0 ], [ 338813.973092198604718, 5492405.714070532470942, 0.0 ], [ 338850.253489669994451, 5492386.948966052383184, 0.0 ], [ 338850.253489669994451, 5492386.948966052383184, 0.0 ], [ 338886.537421461194754, 5492368.295272093266249, 0.0 ], [ 338925.487641456827987, 5492363.91547686047852, 0.0 ], [ 338925.487641456827987, 5492363.91547686047852, 0.0 ], [ 338945.986666725540999, 5492364.532513118349016, 0.0 ], [ 338966.952349906554446, 5492363.80069143883884, 0.0 ], [ 338997.252315257792361, 5492367.91069854516536, 0.0 ], [ 338997.252315257792361, 5492367.91069854516536, 0.0 ], [ 339024.883457223069854, 5492372.322352440096438, 0.0 ], [ 339052.586854213965125, 5492376.732006742618978, 0.0 ], [ 339098.107196396333165, 5492381.616210183128715, 0.0 ], [ 339098.107196396333165, 5492381.616210183128715, 0.0 ], [ 339124.107966606679838, 5492379.846009297296405, 0.0 ], [ 339150.108747406979091, 5492378.075932980515063, 0.0 ], [ 339179.074128354841378, 5492373.770631825551391, 0.0 ], [ 339179.074128354841378, 5492373.770631825551391, 0.0 ], [ 339199.980625298223458, 5492371.038775254040956, 0.0 ], [ 339247.06882583105471, 5492362.860465283505619, 0.0 ], [ 339294.157147832622286, 5492354.682565775699914, 0.0 ], [ 339294.157147832622286, 5492354.682565775699914, 0.0 ], [ 339320.762864811986219, 5492351.33780615311116, 0.0 ], [ 339359.157814683159813, 5492350.20406730286777, 0.0 ], [ 339406.492571124283131, 5492347.916645808145404, 0.0 ], [ 339406.492571124283131, 5492347.916645808145404, 0.0 ], [ 339453.830626510200091, 5492345.740799758583307, 0.0 ], [ 339484.561063088651281, 5492344.83411241043359, 0.0 ], [ 339484.561063088651281, 5492344.83411241043359, 0.0 ], [ 339497.149024242651649, 5492344.685279997065663, 0.0 ], [ 339502.462193784536794, 5492463.465177531354129, 0.0 ], [ 339502.462193784536794, 5492463.465177531354129, 0.0 ], [ 339526.49086000432726, 5492458.639787411317229, 0.0 ], [ 339549.415678784251213, 5492448.284075102768838, 0.0 ], [ 339572.264997865306213, 5492437.81943039689213, 0.0 ], [ 339572.264997865306213, 5492437.81943039689213, 0.0 ], [ 339596.879646688408684, 5492423.40875406190753, 0.0 ], [ 339629.825998298940249, 5492409.308905245736241, 0.0 ], [ 339642.788886181311682, 5492404.698967966251075, 0.0 ], [ 339642.788886181311682, 5492404.698967966251075, 0.0 ], [ 339666.598903546109796, 5492387.530850945971906, 0.0 ], [ 339671.786024124827236, 5492379.367309680208564, 0.0 ], [ 339681.351348214782774, 5492367.514460641890764, 0.0 ], [ 339683.226741157355718, 5492347.655007653869689, 0.0 ], [ 339683.226741157355718, 5492347.655007653869689, 0.0 ], [ 339680.930285126902163, 5492338.488134188577533, 0.0 ], [ 339692.259799509658478, 5492334.927789835259318, 0.0 ], [ 339730.192572152649518, 5492323.018123915418983, 0.0 ], [ 339753.992280204547569, 5492315.30777851678431, 0.0 ], [ 339753.992280204547569, 5492315.30777851678431, 0.0 ], [ 339754.064587431494147, 5492315.305648930370808, 0.0 ], [ 339766.107442784123123, 5492311.390675624832511, 0.0 ], [ 339771.313566644792445, 5492311.237359467893839, 0.0 ], [ 339778.820138334936928, 5492313.018975051119924, 0.0 ], [ 339785.40991811035201, 5492313.158705666661263, 0.0 ], [ 339787.046798480267171, 5492312.220430920831859, 0.0 ] ] ] } },
{ "type": "Feature", "properties": { "name": "Traumschleifchen Pfalzblick", "Nr": null, "darstell": "F1", "datum": null, "height": 115, "link": "https://www.saar-hunsrueck-steig.de/tour/traumschleifchen-pfalzblick-635b801258", "km": 5.688, "erlebnis": null }, "geometry": { "type": "MultiLineString", "coordinates": [ [ [ 410223.607681989960838, 5548200.016971409320831, 0.0 ], [ 410234.741687342117075, 5548219.514613724313676, 0.0 ], [ 410233.32010726275621, 5548220.094555374234915, 0.0 ], [ 410234.741687342117075, 5548219.514613724313676, 0.0 ], [ 410276.238316083443351, 5548231.607248035259545, 0.0 ], [ 410317.734749205235858, 5548243.700202543288469, 0.0 ], [ 410349.444863956130575, 5548252.621250182390213, 0.0 ], [ 410381.153003789484501, 5548261.431303387507796, 0.0 ], [ 410381.874049942416605, 5548261.752850166521966, 0.0 ], [ 410381.153003789484501, 5548261.431303387507796, 0.0 ], [ 410367.762269870843738, 5548299.356987590901554, 0.0 ], [ 410354.302057905471884, 5548337.395091312006116, 0.0 ], [ 410340.911727188155055, 5548375.32085155043751, 0.0 ], [ 410350.825800628517754, 5548377.601208911277354, 0.0 ], [ 410352.550310766324401, 5548378.017130577005446, 0.0 ], [ 410377.726042332942598, 5548389.939475046470761, 0.0 ], [ 410418.170647149789147, 5548411.948742770589888, 0.0 ], [ 410425.68196386488853, 5548416.048918010666966, 0.0 ], [ 410458.614914441714063, 5548433.958313402719796, 0.0 ], [ 410466.350110940868035, 5548438.610856389626861, 0.0 ], [ 410491.074776204652153, 5548453.544020269066095, 0.0 ], [ 410498.303530770412181, 5548457.871452777646482, 0.0 ], [ 410521.507008409884293, 5548471.718103861436248, 0.0 ], [ 410523.604078675969504, 5548473.017542699351907, 0.0 ], [ 410530.919150163943414, 5548508.149482250213623, 0.0 ], [ 410538.232274393492844, 5548543.170251038856804, 0.0 ], [ 410545.53972935595084, 5548577.857486006803811, 0.0 ], [ 410545.618715181946754, 5548578.301014476455748, 0.0 ], [ 410549.42922516760882, 5548587.912729954347014, 0.0 ], [ 410556.752663487743121, 5548597.910497328266501, 0.0 ], [ 410569.341337119345553, 5548610.378044416196644, 0.0 ], [ 410574.277824814489577, 5548618.85880536492914, 0.0 ], [ 410577.528958312934265, 5548629.25838914886117, 0.0 ], [ 410578.760209656087682, 5548638.690861674025655, 0.0 ], [ 410578.218678600038402, 5548644.816620662808418, 0.0 ], [ 410577.913073898118455, 5548647.935689565725625, 0.0 ], [ 410574.975562092033215, 5548660.551880322396755, 0.0 ], [ 410566.73894968861714, 5548690.049875600263476, 0.0 ], [ 410563.80707440112019, 5548702.999618501402438, 0.0 ], [ 410558.681913179345429, 5548725.995218089781702, 0.0 ], [ 410550.900561229034793, 5548748.479225452058017, 0.0 ], [ 410546.360359004058409, 5548755.116780641488731, 0.0 ], [ 410540.144194052787498, 5548764.229078812524676, 0.0 ], [ 410521.256726561114192, 5548781.560877268202603, 0.0 ], [ 410507.091672253329307, 5548794.587566533125937, 0.0 ], [ 410495.0802756852936, 5548808.023070489987731, 0.0 ], [ 410481.824857989675365, 5548819.811253524385393, 0.0 ], [ 410447.514020960312337, 5548847.633318869397044, 0.0 ], [ 410444.477044191909954, 5548850.019687920808792, 0.0 ], [ 410407.129652711155359, 5548880.228389612399042, 0.0 ], [ 410401.349380260333419, 5548885.441104314289987, 0.0 ], [ 410397.755066066049039, 5548888.726549745537341, 0.0 ], [ 410376.752767646219581, 5548916.43714702501893, 0.0 ], [ 410360.37321799894562, 5548938.175996111705899, 0.0 ], [ 410343.993804128782358, 5548959.914897665381432, 0.0 ], [ 410343.494918151933234, 5548960.034481838345528, 0.0 ], [ 410334.949787102115806, 5548962.513346683233976, 0.0 ], [ 410299.650808261299971, 5548948.425737144425511, 0.0 ], [ 410296.765098312287591, 5548947.028416181914508, 0.0 ], [ 410294.745287097757682, 5548946.061410582624376, 0.0 ], [ 410291.973443110007793, 5548951.446166996844113, 0.0 ], [ 410288.55031387321651, 5548956.397008707746863, 0.0 ], [ 410280.94017584255198, 5548963.419990707188845, 0.0 ], [ 410276.473899683565833, 5548970.167763692326844, 0.0 ], [ 410273.786692816705909, 5548976.329599716700613, 0.0 ], [ 410275.511710876482539, 5548985.308877184055746, 0.0 ], [ 410285.712787564611062, 5549000.484962290152907, 0.0 ], [ 410289.263497594976798, 5549011.65784680005163, 0.0 ], [ 410289.491170881257858, 5549012.432514416985214, 0.0 ], [ 410287.483854541147593, 5549016.469883240759373, 0.0 ], [ 410284.01410113129532, 5549018.641189739108086, 0.0 ], [ 410273.612910569354426, 5549021.373748503625393, 0.0 ], [ 410263.802684189984575, 5549025.208531617186964, 0.0 ], [ 410259.58901083318051, 5549029.95024621207267, 0.0 ], [ 410258.818360173958354, 5549035.190197900868952, 0.0 ], [ 410260.447004642162938, 5549046.951413550414145, 0.0 ], [ 410281.234646267665084, 5549078.965263905934989, 0.0 ], [ 410283.880236855009571, 5549087.373021141625941, 0.0 ], [ 410280.479611987248063, 5549093.658049057237804, 0.0 ], [ 410273.080555652966723, 5549100.455079219304025, 0.0 ], [ 410260.60634029150242, 5549107.559787839651108, 0.0 ], [ 410257.236204797984101, 5549111.397634987719357, 0.0 ], [ 410258.512041345296893, 5549114.935019140131772, 0.0 ], [ 410266.382060403295327, 5549119.140138640999794, 0.0 ], [ 410277.179350019083358, 5549122.962471175007522, 0.0 ], [ 410292.297244249202777, 5549124.154380838386714, 0.0 ], [ 410331.360898648679722, 5549119.606173551641405, 0.0 ], [ 410356.918416683678515, 5549111.837247967720032, 0.0 ], [ 410367.693923777493183, 5549110.099483327008784, 0.0 ], [ 410373.220687396940775, 5549111.118896186351776, 0.0 ], [ 410377.500868907838594, 5549114.605908575467765, 0.0 ], [ 410384.483074012212455, 5549125.610077195800841, 0.0 ], [ 410369.185290910885669, 5549143.54954122658819, 0.0 ], [ 410357.900362345040776, 5549153.303180330432951, 0.0 ], [ 410342.946123138070107, 5549166.121167299337685, 0.0 ], [ 410317.47785575845046, 5549183.452981419861317, 0.0 ], [ 410302.870863473392092, 5549191.371888289228082, 0.0 ], [ 410300.672011695220135, 5549192.520934355445206, 0.0 ], [ 410265.055711985973176, 5549210.579460250213742, 0.0 ], [ 410252.614081675303169, 5549215.348176812753081, 0.0 ], [ 410236.970871907891706, 5549216.945536656305194, 0.0 ], [ 410226.367245087516494, 5549216.122785659506917, 0.0 ], [ 410215.432641489373054, 5549212.6365060582757, 0.0 ], [ 410207.773575199244078, 5549208.205492266453803, 0.0 ], [ 410201.801381313474849, 5549201.966728210449219, 0.0 ], [ 410193.477096437010914, 5549187.760171361267567, 0.0 ], [ 410188.078327981755137, 5549156.044006692245603, 0.0 ], [ 410177.970349456823897, 5549133.637694613076746, 0.0 ], [ 410159.522826756234281, 5549096.135444174520671, 0.0 ], [ 410141.076925331202801, 5549058.744438075460494, 0.0 ], [ 410135.114316532912198, 5549048.835552673786879, 0.0 ], [ 410134.864630741183646, 5549059.516200940124691, 0.0 ], [ 410139.134233788470738, 5549075.125423492863774, 0.0 ], [ 410148.652832366060466, 5549117.782347042113543, 0.0 ], [ 410151.439330608351156, 5549130.302556360140443, 0.0 ], [ 410158.171294085797854, 5549160.439288513734937, 0.0 ], [ 410159.841585822345223, 5549204.451555665582418, 0.0 ], [ 410164.513058767013717, 5549226.949246348813176, 0.0 ], [ 410166.264864352531731, 5549233.258932247757912, 0.0 ], [ 410169.501911401457619, 5549255.558320597745478, 0.0 ], [ 410171.556160423206165, 5549267.089934865944088, 0.0 ], [ 410179.786795179592445, 5549292.752973425202072, 0.0 ], [ 410187.447987506864592, 5549310.084619697183371, 0.0 ], [ 410191.545320443226956, 5549315.465178513899446, 0.0 ], [ 410197.287861389108002, 5549320.818085169419646, 0.0 ], [ 410214.478044831252191, 5549334.653209454379976, 0.0 ], [ 410235.174472449056339, 5549352.766779414378107, 0.0 ], [ 410246.994614347058814, 5549362.132503166794777, 0.0 ], [ 410249.757603919773828, 5549364.755196838639677, 0.0 ], [ 410272.21160533913644, 5549385.286063380539417, 0.0 ], [ 410284.011072292283643, 5549393.428870054893196, 0.0 ], [ 410307.640959087002557, 5549403.04126098100096, 0.0 ], [ 410321.221722207264975, 5549406.483296811580658, 0.0 ], [ 410328.681367206154391, 5549407.581422450020909, 0.0 ], [ 410334.923133856384084, 5549408.588786252774298, 0.0 ], [ 410347.659194497857243, 5549408.597464659251273, 0.0 ], [ 410379.58271728240652, 5549405.059081166051328, 0.0 ], [ 410411.577807009336539, 5549401.519689384847879, 0.0 ], [ 410459.237589710915927, 5549389.154524209909141, 0.0 ], [ 410463.981663810205646, 5549386.183477709069848, 0.0 ], [ 410471.07878868887201, 5549382.728150152601302, 0.0 ], [ 410504.994250190153252, 5549357.136997709982097, 0.0 ], [ 410538.062835406279191, 5549332.227529053576291, 0.0 ], [ 410538.838504882762209, 5549331.547263128682971, 0.0 ], [ 410546.835866299574263, 5549326.297560084611177, 0.0 ], [ 410550.556271115143318, 5549322.009180311113596, 0.0 ], [ 410560.830453331698664, 5549281.800559046678245, 0.0 ], [ 410567.705493763030972, 5549269.34084792342037, 0.0 ], [ 410592.720330312091392, 5549233.445290284231305, 0.0 ], [ 410609.195561105036177, 5549213.151308558881283, 0.0 ], [ 410612.150546762102749, 5549205.873038555495441, 0.0 ], [ 410614.222966568253469, 5549197.16377058532089, 0.0 ], [ 410619.793915080779698, 5549183.725038476288319, 0.0 ], [ 410645.004653068375774, 5549150.940430757589638, 0.0 ], [ 410670.213847046485171, 5549118.04476557020098, 0.0 ], [ 410692.786828420765232, 5549090.086652460508049, 0.0 ], [ 410701.970118776021991, 5549078.70067778788507, 0.0 ], [ 410715.358191830688156, 5549062.017457006499171, 0.0 ], [ 410737.931653673411347, 5549034.059542443603277, 0.0 ], [ 410748.896086673485115, 5549022.199047835543752, 0.0 ], [ 410757.494258655002341, 5549018.607834848575294, 0.0 ], [ 410767.949523339164443, 5549019.100487748160958, 0.0 ], [ 410780.375220760353841, 5549021.895722204819322, 0.0 ], [ 410789.537275808455888, 5549022.076374218799174, 0.0 ], [ 410801.853441909421235, 5549018.311943109147251, 0.0 ], [ 410814.108380896330345, 5549010.878547159954906, 0.0 ], [ 410842.754641078645363, 5548986.600961558520794, 0.0 ], [ 410878.468888633535244, 5548974.216595098376274, 0.0 ], [ 410884.495643360132817, 5548970.890908225439489, 0.0 ], [ 410887.787357955123298, 5548966.609930389560759, 0.0 ], [ 410887.917449328873772, 5548965.829272872768342, 0.0 ], [ 410890.076015880913474, 5548953.671105015091598, 0.0 ], [ 410891.231828698888421, 5548924.29171837773174, 0.0 ], [ 410892.419657306978479, 5548909.70306661259383, 0.0 ], [ 410898.52065701095853, 5548910.824661202728748, 0.0 ], [ 410905.480091948760673, 5548911.931948528625071, 0.0 ], [ 410920.489781523123384, 5548910.90320104546845, 0.0 ], [ 410929.231316391495056, 5548907.309883117675781, 0.0 ], [ 410937.759366638434585, 5548899.494063104502857, 0.0 ], [ 410939.955880530935246, 5548893.896825766190886, 0.0 ], [ 410939.948846440471243, 5548884.888730364851654, 0.0 ], [ 410937.749749892973341, 5548864.573497852310538, 0.0 ], [ 410936.833854240656365, 5548861.141176925040781, 0.0 ], [ 410932.929332296072971, 5548854.422298320569098, 0.0 ], [ 410927.594053746550344, 5548847.727273096330464, 0.0 ], [ 410905.927397596940864, 5548827.180551054887474, 0.0 ], [ 410899.818121702701319, 5548821.276945448480546, 0.0 ], [ 410892.447109908680432, 5548816.951362983323634, 0.0 ], [ 410883.163401265861467, 5548805.206451644189656, 0.0 ], [ 410878.101183859980665, 5548797.728431394323707, 0.0 ], [ 410869.387071813922375, 5548781.525541239418089, 0.0 ], [ 410866.81621477851877, 5548756.100757818669081, 0.0 ], [ 410864.315022997267079, 5548730.563601379282773, 0.0 ], [ 410863.304472262097988, 5548721.46103245113045, 0.0 ], [ 410859.234689388307743, 5548704.847046562470496, 0.0 ], [ 410858.388404786237516, 5548701.302363999187946, 0.0 ], [ 410858.31606891512638, 5548696.966282647103071, 0.0 ], [ 410858.343093973293435, 5548694.296731465496123, 0.0 ], [ 410859.919875674298964, 5548690.155564395710826, 0.0 ], [ 410863.892702679790091, 5548688.087466104887426, 0.0 ], [ 410871.353210297878832, 5548689.186358513310552, 0.0 ], [ 410883.583529775438365, 5548693.097235332243145, 0.0 ], [ 410899.175090932287276, 5548701.178165670484304, 0.0 ], [ 410900.902066229551565, 5548706.042718769051135, 0.0 ], [ 410907.892181836883537, 5548713.266191627830267, 0.0 ], [ 410928.480260220356286, 5548720.596624729223549, 0.0 ], [ 410954.934474706300534, 5548727.829376775771379, 0.0 ], [ 410981.462005435838364, 5548735.172248819842935, 0.0 ], [ 411007.103219575830735, 5548740.861825254745781, 0.0 ], [ 411021.53805496415589, 5548743.95780969876796, 0.0 ], [ 411032.742524769739248, 5548746.44034253526479, 0.0 ], [ 411040.259640725562349, 5548746.648825597949326, 0.0 ], [ 411050.237890707328916, 5548718.457184840925038, 0.0 ], [ 411054.964383479557, 5548714.374860823154449, 0.0 ], [ 411084.66854263615096, 5548706.206845215521753, 0.0 ], [ 411095.092316610680427, 5548700.472784916870296, 0.0 ], [ 411102.872855119756423, 5548695.00514399446547, 0.0 ], [ 411108.956214984587859, 5548686.451801576651633, 0.0 ], [ 411116.347064338042401, 5548674.762771842069924, 0.0 ], [ 411120.346570453373715, 5548665.688045093789697, 0.0 ], [ 411128.289699831861071, 5548626.96524768229574, 0.0 ], [ 411134.281302703311667, 5548617.190128688700497, 0.0 ], [ 411159.334337158419657, 5548596.088057479821146, 0.0 ], [ 411168.125907333451323, 5548591.159771418198943, 0.0 ], [ 411190.433444037451409, 5548572.772590085864067, 0.0 ], [ 411199.703182385186665, 5548562.164584338665009, 0.0 ], [ 411206.835956873896066, 5548552.148165361024439, 0.0 ], [ 411215.126853353402112, 5548547.228279570117593, 0.0 ], [ 411232.523350997129455, 5548539.043198476545513, 0.0 ], [ 411241.193678892741445, 5548531.114320546388626, 0.0 ], [ 411255.582268867408857, 5548509.856233382597566, 0.0 ], [ 411271.551832925702911, 5548484.679510175250471, 0.0 ], [ 411272.418663595395628, 5548476.54662456177175, 0.0 ], [ 411272.198498708428815, 5548476.2166434135288, 0.0 ], [ 411250.465292654465884, 5548451.665996978990734, 0.0 ], [ 411228.583263034524862, 5548426.78426970820874, 0.0 ], [ 411204.387631421384867, 5548400.49531021527946, 0.0 ], [ 411180.263308296212927, 5548374.205269473604858, 0.0 ], [ 411169.360671206319239, 5548355.480400211177766, 0.0 ], [ 411150.266804819286335, 5548334.778697580099106, 0.0 ], [ 411132.046116658719257, 5548314.952237737365067, 0.0 ], [ 411131.170943422825076, 5548313.965880561619997, 0.0 ], [ 411117.227300951315556, 5548301.741994081065059, 0.0 ], [ 411114.688103977416176, 5548299.671192481182516, 0.0 ], [ 411104.181552544701844, 5548296.175944410264492, 0.0 ], [ 411092.990983265568502, 5548294.582705221138895, 0.0 ], [ 411080.167826631397475, 5548293.795139249414206, 0.0 ], [ 411076.586889304744545, 5548293.632297825068235, 0.0 ], [ 411068.757042605546303, 5548304.772606465034187, 0.0 ], [ 411034.099410357826855, 5548337.934667855501175, 0.0 ], [ 410999.444062492926605, 5548371.208142132498324, 0.0 ], [ 410964.789148858515546, 5548404.481847765855491, 0.0 ], [ 410964.256855290499516, 5548402.600105470046401, 0.0 ], [ 410954.092046287434641, 5548368.071201051585376, 0.0 ], [ 410946.039665124495514, 5548340.068643799051642, 0.0 ], [ 410938.056897557864431, 5548311.953725048340857, 0.0 ], [ 410935.627784028591122, 5548299.315994299016893, 0.0 ], [ 410935.048428587382659, 5548290.317445646040142, 0.0 ], [ 410934.920991444261745, 5548274.082560017704964, 0.0 ], [ 410929.20109483221313, 5548274.400314128026366, 0.0 ], [ 410929.955143363971729, 5548263.822569156996906, 0.0 ], [ 410928.839752496569417, 5548252.719919768162072, 0.0 ], [ 410926.097343092085794, 5548242.756512209773064, 0.0 ], [ 410913.573215253534727, 5548221.278851808048785, 0.0 ], [ 410907.170803173969034, 5548210.70919010322541, 0.0 ], [ 410895.913969508255832, 5548187.987105288542807, 0.0 ], [ 410884.658897781511769, 5548165.376225339248776, 0.0 ], [ 410876.568149486323819, 5548152.276864875108004, 0.0 ], [ 410865.76785374735482, 5548139.778766869567335, 0.0 ], [ 410857.294878248067107, 5548133.803402801044285, 0.0 ], [ 410832.075377772329375, 5548123.547718311659992, 0.0 ], [ 410827.521536055253819, 5548120.843386648222804, 0.0 ], [ 410826.429778659250587, 5548119.749478465877473, 0.0 ], [ 410821.47738093364751, 5548114.605128334835172, 0.0 ], [ 410819.548510782537051, 5548110.522454095073044, 0.0 ], [ 410818.36293947591912, 5548108.095563727430999, 0.0 ], [ 410816.549330228823237, 5548102.34278070833534, 0.0 ], [ 410816.289352671476081, 5548095.340735872276127, 0.0 ], [ 410817.658271006657742, 5548087.310598153620958, 0.0 ], [ 410820.124526409897953, 5548080.70791205111891, 0.0 ], [ 410824.375771256512962, 5548073.853019015863538, 0.0 ], [ 410835.259779258281924, 5548061.326848798431456, 0.0 ], [ 410837.102540809020866, 5548055.957910181954503, 0.0 ], [ 410837.072073456307407, 5548049.841735961847007, 0.0 ], [ 410834.172261505911592, 5548043.328581692650914, 0.0 ], [ 410827.502646984881721, 5548038.212874007411301, 0.0 ], [ 410828.26159103930695, 5548045.095380962826312, 0.0 ], [ 410827.859867662598845, 5548055.333625612780452, 0.0 ], [ 410823.764684165187646, 5548062.964398110285401, 0.0 ], [ 410795.029036709456705, 5548077.901558146812022, 0.0 ], [ 410784.896082378108986, 5548083.964955070056021, 0.0 ], [ 410775.264825178659521, 5548094.357281890697777, 0.0 ], [ 410772.785638294066302, 5548100.181719277985394, 0.0 ], [ 410769.67806618171744, 5548119.806994361802936, 0.0 ], [ 410766.888421279611066, 5548132.754216325469315, 0.0 ], [ 410759.439681849093176, 5548158.123819867148995, 0.0 ], [ 410758.815044230315834, 5548172.147022008895874, 0.0 ], [ 410758.89216022263281, 5548172.479371748864651, 0.0 ], [ 410760.265394628164358, 5548177.572215411812067, 0.0 ], [ 410775.075323976459913, 5548185.888301428407431, 0.0 ], [ 410801.991139443824068, 5548203.455422990955412, 0.0 ], [ 410810.265096182352863, 5548214.661005448549986, 0.0 ], [ 410813.300524002755992, 5548220.727033785544336, 0.0 ], [ 410827.396157633396797, 5548246.293109513819218, 0.0 ], [ 410836.367699170485139, 5548260.712251055985689, 0.0 ], [ 410841.410576269438025, 5548279.867870802991092, 0.0 ], [ 410841.301669219392352, 5548286.208797310478985, 0.0 ], [ 410841.261657247319818, 5548288.100076486356556, 0.0 ], [ 410839.711522892583162, 5548298.135058754123747, 0.0 ], [ 410838.140192199382, 5548302.609772702679038, 0.0 ], [ 410825.709497339790687, 5548321.05602471716702, 0.0 ], [ 410821.350623996113427, 5548330.025757921859622, 0.0 ], [ 410806.672916522249579, 5548368.19416515622288, 0.0 ], [ 410804.863709338067565, 5548375.564385646954179, 0.0 ], [ 410798.066682249656878, 5548392.804560332559049, 0.0 ], [ 410787.971118473273236, 5548418.218322768807411, 0.0 ], [ 410780.063937472761609, 5548433.252807487733662, 0.0 ], [ 410773.996638565324247, 5548438.469883575104177, 0.0 ], [ 410773.996638565324247, 5548438.469883575104177, 0.0 ], [ 410766.75681912060827, 5548442.038357830606401, 0.0 ], [ 410755.772647667618003, 5548444.223609277978539, 0.0 ], [ 410716.492847196641378, 5548448.99459679890424, 0.0 ], [ 410677.28465147287352, 5548453.76467802375555, 0.0 ], [ 410666.682410785462707, 5548457.389493900351226, 0.0 ], [ 410657.657838230952621, 5548461.210379773750901, 0.0 ], [ 410615.366005940944888, 5548465.587623748928308, 0.0 ], [ 410573.002691060828511, 5548469.966400440782309, 0.0 ], [ 410538.044482871657237, 5548472.108499780297279, 0.0 ], [ 410530.564978213922586, 5548469.898253709077835, 0.0 ], [ 410518.931215103017166, 5548463.197858133353293, 0.0 ], [ 410489.440156886877958, 5548445.675299206748605, 0.0 ], [ 410460.827911541680805, 5548429.361512846313417, 0.0 ] ] ] } },
{ "type": "Feature", "properties": { "name": "Traumschleifchen Werlauer Pilz", "Nr": null, "darstell": "F1", "datum": null, "height": 107, "link": "https://www.saar-hunsrueck-steig.de/tour/traumschleifchen-werlauer-pilz-4bb064ce6b", "km": 5.607, "erlebnis": null }, "geometry": { "type": "MultiLineString", "coordinates": [ [ [ 406712.652427400345914, 5556620.01060598064214, 0.0 ], [ 406723.631842860020697, 5556590.012443777173758, 0.0 ], [ 406747.398538720211945, 5556547.556769224815071, 0.0 ], [ 406744.173829813022166, 5556514.359474812634289, 0.0 ], [ 406742.183367060846649, 5556514.950381757691503, 0.0 ], [ 406735.928185553348158, 5556516.839289152063429, 0.0 ], [ 406724.840703247231431, 5556520.258577417582273, 0.0 ], [ 406716.380770694464445, 5556522.742172440513968, 0.0 ], [ 406714.297474481572863, 5556522.111333747394383, 0.0 ], [ 406679.500920010323171, 5556510.041754966601729, 0.0 ], [ 406658.872409525793046, 5556503.173882779665291, 0.0 ], [ 406634.538309945724905, 5556492.812067415565252, 0.0 ], [ 406612.652409017668106, 5556483.519632117822766, 0.0 ], [ 406610.275549251644406, 5556482.449110548943281, 0.0 ], [ 406567.016517601150554, 5556460.51903809607029, 0.0 ], [ 406523.755174344114494, 5556438.478130729869008, 0.0 ], [ 406480.495418108999729, 5556416.548753174953163, 0.0 ], [ 406472.810172821744345, 5556389.880398760549724, 0.0 ], [ 406465.959440943785012, 5556365.977825319394469, 0.0 ], [ 406465.124856696638744, 5556363.212055562064052, 0.0 ], [ 406421.63705365464557, 5556344.623632206581533, 0.0 ], [ 406378.148940053186379, 5556326.035560434684157, 0.0 ], [ 406343.959474107832648, 5556299.832938959822059, 0.0 ], [ 406325.343892880016938, 5556285.590657887049019, 0.0 ], [ 406309.841110502253287, 5556273.629278105683625, 0.0 ], [ 406275.650972356670536, 5556247.427088594995439, 0.0 ], [ 406241.460497936001047, 5556221.225115297362208, 0.0 ], [ 406229.704408986959606, 5556215.092546622268856, 0.0 ], [ 406228.424366811290383, 5556215.448713397607207, 0.0 ], [ 406184.968598936451599, 5556227.223763905465603, 0.0 ], [ 406181.812534883560147, 5556230.615809859707952, 0.0 ], [ 406181.405424018506892, 5556231.846358788199723, 0.0 ], [ 406165.529238618561067, 5556275.833974839188159, 0.0 ], [ 406165.187702617025934, 5556276.729720785282552, 0.0 ], [ 406151.514617303037085, 5556311.892484907992184, 0.0 ], [ 406150.433258002682123, 5556311.355439306236804, 0.0 ], [ 406151.514617303037085, 5556311.892484907992184, 0.0 ], [ 406181.154524968587793, 5556331.278532763943076, 0.0 ], [ 406210.867609474691562, 5556350.774668726138771, 0.0 ], [ 406240.580475245602429, 5556370.270968222059309, 0.0 ], [ 406268.030596791184507, 5556391.141815992072225, 0.0 ], [ 406272.792361275351141, 5556393.727286637760699, 0.0 ], [ 406268.030596791184507, 5556391.141815992072225, 0.0 ], [ 406240.122657308995258, 5556429.557531115598977, 0.0 ], [ 406212.215128590469249, 5556467.973399423994124, 0.0 ], [ 406204.984385214804206, 5556475.329719401896, 0.0 ], [ 406210.184505723475013, 5556478.463503387756646, 0.0 ], [ 406204.984385214804206, 5556475.329719401896, 0.0 ], [ 406185.334535761852749, 5556503.813367813825607, 0.0 ], [ 406165.682943955820519, 5556532.185910088941455, 0.0 ], [ 406146.103001026553102, 5556560.557270719669759, 0.0 ], [ 406147.261619319499005, 5556561.426604219712317, 0.0 ], [ 406146.103001026553102, 5556560.557270719669759, 0.0 ], [ 406135.971125390846282, 5556577.640638927929103, 0.0 ], [ 406108.819594339292962, 5556614.264320308342576, 0.0 ], [ 406105.986767304246314, 5556619.763847585767508, 0.0 ], [ 406104.241124427004252, 5556626.133959050290287, 0.0 ], [ 406104.44770332245389, 5556633.80428209900856, 0.0 ], [ 406106.444967057090253, 5556637.66168755479157, 0.0 ], [ 406108.662404801056255, 5556641.848865728825331, 0.0 ], [ 406123.416999359382316, 5556651.93214114010334, 0.0 ], [ 406144.823684374685399, 5556666.45820551738143, 0.0 ], [ 406166.299727933946997, 5556680.871914820745587, 0.0 ], [ 406175.7768624718301, 5556687.489303836598992, 0.0 ], [ 406183.442707106703892, 5556692.692772311158478, 0.0 ], [ 406184.962370419467334, 5556693.778191722929478, 0.0 ], [ 406203.6542711466318, 5556708.352268569171429, 0.0 ], [ 406209.812144948868081, 5556713.137443969026208, 0.0 ], [ 406207.21309811034007, 5556727.863797159865499, 0.0 ], [ 406205.143510800902732, 5556728.011434068903327, 0.0 ], [ 406207.21309811034007, 5556727.863797159865499, 0.0 ], [ 406221.267645066254772, 5556734.734364366158843, 0.0 ], [ 406227.790459543757606, 5556739.958005387336016, 0.0 ], [ 406235.382789961062372, 5556745.051621827296913, 0.0 ], [ 406246.694423767505214, 5556754.417278105393052, 0.0 ], [ 406247.999760170758236, 5556755.506484765559435, 0.0 ], [ 406228.144318288308568, 5556784.438496138900518, 0.0 ], [ 406227.130580166121945, 5556783.677814332768321, 0.0 ], [ 406228.144318288308568, 5556784.438496138900518, 0.0 ], [ 406259.1140904877102, 5556806.470711141824722, 0.0 ], [ 406272.865953551605344, 5556816.460800419561565, 0.0 ], [ 406274.323908489954192, 5556818.103412980213761, 0.0 ], [ 406278.701678206271026, 5556823.253617785871029, 0.0 ], [ 406282.574461201380473, 5556832.194075817242265, 0.0 ], [ 406286.122408504248597, 5556838.915912723168731, 0.0 ], [ 406288.190900083282031, 5556842.77212892472744, 0.0 ], [ 406290.980462022882421, 5556851.064338306896389, 0.0 ], [ 406291.73386795190163, 5556853.275426932610571, 0.0 ], [ 406293.80578221171163, 5556881.710491143167019, 0.0 ], [ 406294.57075309753418, 5556892.707501858472824, 0.0 ], [ 406295.243845788645558, 5556898.478939766995609, 0.0 ], [ 406287.585022212355398, 5556905.84269349835813, 0.0 ], [ 406288.068342159444001, 5556908.94826492946595, 0.0 ], [ 406294.153585205262061, 5556909.619786483235657, 0.0 ], [ 406297.335604999796487, 5556911.788175787776709, 0.0 ], [ 406296.621304319705814, 5556911.800734451040626, 0.0 ], [ 406296.925514684466179, 5556916.911357604898512, 0.0 ], [ 406303.966361045720987, 5556935.360772816464305, 0.0 ], [ 406314.665701614925638, 5556954.635617877356708, 0.0 ], [ 406325.039966807118617, 5556979.810685350559652, 0.0 ], [ 406328.1003677676199, 5556991.323438046500087, 0.0 ], [ 406328.375234309874941, 5556994.766326813958585, 0.0 ], [ 406329.561760060081724, 5557009.426086132414639, 0.0 ], [ 406330.020520006830338, 5557015.201295146718621, 0.0 ], [ 406319.90765895228833, 5557029.281147577799857, 0.0 ], [ 406300.654727084562182, 5557055.866776934824884, 0.0 ], [ 406298.543007921660319, 5557065.802200760692358, 0.0 ], [ 406298.686765198537614, 5557069.914694909006357, 0.0 ], [ 406298.482255605107639, 5557070.474374688230455, 0.0 ], [ 406298.686765198537614, 5557069.914694909006357, 0.0 ], [ 406308.117042849073187, 5557077.97894016187638, 0.0 ], [ 406336.990849669557065, 5557102.828826270997524, 0.0 ], [ 406365.93581542809261, 5557127.677611477673054, 0.0 ], [ 406372.047038365039043, 5557133.909596476703882, 0.0 ], [ 406373.9393021161668, 5557135.878253630362451, 0.0 ], [ 406381.974014925654046, 5557145.857826882041991, 0.0 ], [ 406391.803012293647043, 5557160.365781262516975, 0.0 ], [ 406400.697554352984298, 5557174.55651472043246, 0.0 ], [ 406418.994293226627633, 5557203.373975248076022, 0.0 ], [ 406424.935994575615041, 5557212.166979405097663, 0.0 ], [ 406425.41645381343551, 5557211.046375319361687, 0.0 ], [ 406424.935994575615041, 5557212.166979405097663, 0.0 ], [ 406406.976208267442416, 5557226.940552771091461, 0.0 ], [ 406384.087041731690988, 5557245.80458758212626, 0.0 ], [ 406375.214387722895481, 5557253.189554767683148, 0.0 ], [ 406382.339090717025101, 5557260.182260009460151, 0.0 ], [ 406398.988435944542289, 5557276.572312148287892, 0.0 ], [ 406422.835654647904448, 5557300.06510210968554, 0.0 ], [ 406422.078129888628609, 5557305.750459834933281, 0.0 ], [ 406421.982138502178714, 5557308.421348003670573, 0.0 ], [ 406421.707832340965979, 5557317.212290002033114, 0.0 ], [ 406422.078129888628609, 5557305.750459834933281, 0.0 ], [ 406422.835654647904448, 5557300.06510210968554, 0.0 ], [ 406427.040769600716885, 5557303.550197149626911, 0.0 ], [ 406428.529786354862154, 5557306.971770666539669, 0.0 ], [ 406427.795834992895834, 5557334.343983853235841, 0.0 ], [ 406429.136287634144537, 5557357.787185557186604, 0.0 ], [ 406431.037405777198728, 5557356.196768436580896, 0.0 ], [ 406434.079358621092979, 5557354.475103772245347, 0.0 ], [ 406435.531266897451133, 5557355.784211875870824, 0.0 ], [ 406435.927430626645219, 5557358.001591386273503, 0.0 ], [ 406433.348827753448859, 5557369.835845727473497, 0.0 ], [ 406432.113955988432281, 5557372.749164859764278, 0.0 ], [ 406428.611906462232582, 5557380.818266615271568, 0.0 ], [ 406423.62168599240249, 5557389.580804876983166, 0.0 ], [ 406419.810536989360116, 5557396.320739893242717, 0.0 ], [ 406418.977705427561887, 5557401.784988383762538, 0.0 ], [ 406418.528507496113889, 5557404.684513612650335, 0.0 ], [ 406417.755386876466218, 5557409.480413063429296, 0.0 ], [ 406411.454209074436221, 5557416.82016918528825, 0.0 ], [ 406404.479827148141339, 5557426.507310665212572, 0.0 ], [ 406401.525807275553234, 5557433.232205681502819, 0.0 ], [ 406399.467093282146379, 5557438.050690306350589, 0.0 ], [ 406397.635484522674233, 5557439.528682243078947, 0.0 ], [ 406393.055490513856057, 5557443.168073651380837, 0.0 ], [ 406392.210134130844381, 5557443.850224738009274, 0.0 ], [ 406392.788219334208407, 5557448.288742219097912, 0.0 ], [ 406393.609868743631523, 5557454.391233388334513, 0.0 ], [ 406381.064355499809608, 5557472.295106274075806, 0.0 ], [ 406380.925417181861121, 5557472.519980954937637, 0.0 ], [ 406369.074677780852653, 5557489.299510128796101, 0.0 ], [ 406363.428187339683063, 5557497.29512601532042, 0.0 ], [ 406360.272802845865954, 5557500.687080516479909, 0.0 ], [ 406351.717573975911364, 5557509.845994942821562, 0.0 ], [ 406345.897022114600986, 5557516.065220485441387, 0.0 ], [ 406345.406839145929553, 5557516.629920233972371, 0.0 ], [ 406341.419820006121881, 5557521.482322809286416, 0.0 ], [ 406340.657630275702104, 5557522.830322082154453, 0.0 ], [ 406314.239838518784381, 5557552.211121716536582, 0.0 ], [ 406309.779383576533291, 5557554.513885512948036, 0.0 ], [ 406294.534297961858101, 5557557.006298967637122, 0.0 ], [ 406282.243947336508427, 5557556.888798498548567, 0.0 ], [ 406276.764053827500902, 5557558.097351518459618, 0.0 ], [ 406270.400666636880487, 5557561.879440136253834, 0.0 ], [ 406296.840255987190176, 5557562.192941350862384, 0.0 ], [ 406305.96850381657714, 5557561.2539067780599, 0.0 ], [ 406322.199798424378969, 5557557.965669352561235, 0.0 ], [ 406312.162613534135744, 5557560.032826079986989, 0.0 ], [ 406305.96850381657714, 5557561.2539067780599, 0.0 ], [ 406298.695255934959278, 5557562.049103807657957, 0.0 ], [ 406305.96850381657714, 5557561.2539067780599, 0.0 ], [ 406314.013704825076275, 5557559.666628855280578, 0.0 ], [ 406322.199798424378969, 5557557.965669352561235, 0.0 ], [ 406323.908947995281778, 5557561.716995541937649, 0.0 ], [ 406325.247306554520037, 5557564.696322616189718, 0.0 ], [ 406325.915508005011361, 5557566.130395018495619, 0.0 ], [ 406324.117038859112654, 5557577.617351110093296, 0.0 ], [ 406323.926231093821116, 5557578.955308173783123, 0.0 ], [ 406321.369656142487656, 5557583.893797403201461, 0.0 ], [ 406313.070993169676512, 5557591.380017003044486, 0.0 ], [ 406291.254258401575498, 5557597.991802162490785, 0.0 ], [ 406289.27989386592526, 5557599.472344837151468, 0.0 ], [ 406288.390530657256022, 5557601.712324354797602, 0.0 ], [ 406288.381682483770419, 5557605.271421045996249, 0.0 ], [ 406288.027270787046291, 5557625.741565819829702, 0.0 ], [ 406287.925398573162965, 5557636.197747402824461, 0.0 ], [ 406286.356014094431885, 5557644.455401043407619, 0.0 ], [ 406285.980290339910425, 5557647.464866016991436, 0.0 ], [ 406288.686341805674601, 5557655.091240105219185, 0.0 ], [ 406287.93396307178773, 5557656.995160220190883, 0.0 ], [ 406269.601333292550407, 5557678.893704162910581, 0.0 ], [ 406269.987769638246391, 5557680.55516031011939, 0.0 ], [ 406275.162226401327644, 5557686.358635641634464, 0.0 ], [ 406291.996500147390179, 5557705.191854922100902, 0.0 ], [ 406314.076449089508969, 5557729.82738309726119, 0.0 ], [ 406322.005784461740404, 5557737.918017895892262, 0.0 ], [ 406322.442117476952262, 5557738.355214091017842, 0.0 ], [ 406331.071934313280508, 5557745.655027794651687, 0.0 ], [ 406364.87199731398141, 5557770.529596500098705, 0.0 ], [ 406367.225775757106021, 5557774.380823294632137, 0.0 ], [ 406367.888080638018437, 5557775.481353290379047, 0.0 ], [ 406368.466163340606727, 5557779.919870146550238, 0.0 ], [ 406367.599167683569249, 5557787.497854813933372, 0.0 ], [ 406365.148173455381766, 5557798.440183514729142, 0.0 ], [ 406363.952527721179649, 5557803.577173163183033, 0.0 ], [ 406364.479809505748563, 5557805.124943217262626, 0.0 ], [ 406374.619009326212108, 5557812.95438187289983, 0.0 ], [ 406374.619009326212108, 5557812.95438187289983, 0.0 ], [ 406383.06845695344964, 5557826.263156512752175, 0.0 ], [ 406386.614812623360194, 5557828.870050977915525, 0.0 ], [ 406387.826961090497207, 5557828.737536685541272, 0.0 ], [ 406386.614812623360194, 5557828.870050977915525, 0.0 ], [ 406392.900057939928956, 5557812.521957405842841, 0.0 ], [ 406394.207312030892354, 5557805.603544059209526, 0.0 ], [ 406394.652791527390946, 5557794.362812890671194, 0.0 ], [ 406397.737447695340961, 5557795.087139518000185, 0.0 ], [ 406397.808865906845313, 5557795.08588485699147, 0.0 ], [ 406401.227174263331108, 5557794.469749470241368, 0.0 ], [ 406413.760789896827191, 5557788.132656805217266, 0.0 ], [ 406420.973205283982679, 5557783.890953560359776, 0.0 ], [ 406440.983511974220164, 5557772.084207422100008, 0.0 ], [ 406449.50688224285841, 5557769.265343491919339, 0.0 ], [ 406452.844033389352262, 5557768.094582661055028, 0.0 ], [ 406477.82724506710656, 5557758.758657649159431, 0.0 ], [ 406499.689575902884826, 5557750.701002885587513, 0.0 ], [ 406506.149666939978488, 5557748.363306398503482, 0.0 ], [ 406519.372657983680256, 5557752.802401700988412, 0.0 ], [ 406526.619111420121044, 5557754.5659549087286, 0.0 ], [ 406528.622736914840061, 5557754.753238479606807, 0.0 ], [ 406534.490774977311958, 5557755.317599346861243, 0.0 ], [ 406543.551201900001615, 5557754.602585916407406, 0.0 ], [ 406550.580705841770396, 5557752.143739321269095, 0.0 ], [ 406554.344450914184563, 5557750.854344300925732, 0.0 ], [ 406566.449829605466221, 5557744.525129966437817, 0.0 ], [ 406580.512788853025995, 5557739.829872348345816, 0.0 ], [ 406601.319647458847612, 5557732.680881230160594, 0.0 ], [ 406607.426604002481326, 5557730.571933150291443, 0.0 ], [ 406630.799445136799477, 5557727.15945172868669, 0.0 ], [ 406644.256743091740645, 5557724.588096346706152, 0.0 ], [ 406657.164125422132201, 5557723.249792834743857, 0.0 ], [ 406661.879735816037282, 5557723.278400183655322, 0.0 ], [ 406670.739603052847087, 5557723.345635280013084, 0.0 ], [ 406698.494387601269409, 5557721.302516625262797, 0.0 ], [ 406698.708645055012312, 5557721.298764777369797, 0.0 ], [ 406704.236509454029147, 5557718.755202914588153, 0.0 ], [ 406725.421674760757014, 5557696.474614308215678, 0.0 ], [ 406732.504647912224755, 5557688.899110634811223, 0.0 ], [ 406736.502198302710894, 5557688.717920820228755, 0.0 ], [ 406742.001506116881501, 5557688.621665781363845, 0.0 ], [ 406779.595439863624051, 5557689.520839453674853, 0.0 ], [ 406780.738152888137847, 5557689.500847179442644, 0.0 ], [ 406815.252722204837482, 5557685.894266776740551, 0.0 ], [ 406823.363448856864125, 5557683.972960252314806, 0.0 ], [ 406826.696840959601104, 5557682.580070151016116, 0.0 ], [ 406832.871468791097868, 5557680.247768289409578, 0.0 ], [ 406840.223302299913485, 5557675.781776180490851, 0.0 ], [ 406846.393555350601673, 5557669.112120429985225, 0.0 ], [ 406847.304519121069461, 5557668.095245039090514, 0.0 ], [ 406853.383438985503744, 5557656.200015967711806, 0.0 ], [ 406863.908413006865885, 5557632.994205798022449, 0.0 ], [ 406874.433482796885073, 5557609.788418329320848, 0.0 ], [ 406876.857422722212505, 5557605.408609644509852, 0.0 ], [ 406877.063912289100699, 5557604.960134683176875, 0.0 ], [ 406883.688548912701663, 5557603.843412538059056, 0.0 ], [ 406891.407812498277053, 5557604.042169419117272, 0.0 ], [ 406898.940010338730644, 5557605.801237438805401, 0.0 ], [ 406903.399172756355256, 5557607.502790201455355, 0.0 ], [ 406912.029864025476854, 5557610.799715179018676, 0.0 ], [ 406928.92979206412565, 5557613.062475627288222, 0.0 ], [ 406956.455418167985044, 5557610.134990817867219, 0.0 ], [ 406960.122696117730811, 5557607.401758483611047, 0.0 ], [ 406960.937033699592575, 5557604.940776358358562, 0.0 ], [ 406970.174660661723465, 5557577.531446798704565, 0.0 ], [ 406974.19091121875681, 5557570.232256752438843, 0.0 ], [ 406981.571734530385584, 5557563.319199803285301, 0.0 ], [ 407000.58999297209084, 5557551.865586945787072, 0.0 ], [ 407006.245864176657051, 5557552.545391423627734, 0.0 ], [ 407023.181207629910205, 5557560.924741137772799, 0.0 ], [ 407026.101718889491167, 5557560.428915780037642, 0.0 ], [ 407027.57828586793039, 5557559.068554660305381, 0.0 ], [ 407030.178195338696241, 5557556.576429585926235, 0.0 ], [ 407040.531305682554375, 5557543.939560086466372, 0.0 ], [ 407068.360142497112975, 5557513.3144890666008, 0.0 ], [ 407070.915818029665388, 5557512.380186440423131, 0.0 ], [ 407076.596608123567421, 5557510.390438160859048, 0.0 ], [ 407099.213795354939066, 5557504.546465884894133, 0.0 ], [ 407102.130466861301102, 5557503.828317505307496, 0.0 ], [ 407101.834789702203125, 5557499.162384063005447, 0.0 ], [ 407095.456127864483278, 5557461.126372644677758, 0.0 ], [ 407089.004025943926536, 5557422.980432690121233, 0.0 ], [ 407087.244978112285025, 5557416.338120858184993, 0.0 ], [ 407083.50158435490448, 5557410.62014121748507, 0.0 ], [ 407083.394956569245551, 5557404.505099485628307, 0.0 ], [ 407084.020011068205349, 5557399.378246973268688, 0.0 ], [ 407084.39426899101818, 5557396.257662497460842, 0.0 ], [ 407089.385247285012156, 5557383.38075539842248, 0.0 ], [ 407097.462093605892733, 5557358.994768007658422, 0.0 ], [ 407107.531145651417319, 5557334.12920200638473, 0.0 ], [ 407113.960423308133613, 5557321.783332133665681, 0.0 ], [ 407123.959024238574784, 5557309.264044508337975, 0.0 ], [ 407127.219095166074112, 5557303.646409500390291, 0.0 ], [ 407137.556036373309325, 5557298.23909802082926, 0.0 ], [ 407148.194195619551465, 5557293.716289329342544, 0.0 ], [ 407164.031134086020757, 5557292.32820398081094, 0.0 ], [ 407169.345385913155042, 5557289.788867179304361, 0.0 ], [ 407173.951203957840335, 5557287.595525132492185, 0.0 ], [ 407185.503933173138648, 5557274.048341477289796, 0.0 ], [ 407195.789998086343985, 5557253.405401538126171, 0.0 ], [ 407196.187354927649722, 5557247.504018536768854, 0.0 ], [ 407194.209812114422675, 5557232.413043188862503, 0.0 ], [ 407187.616690963390283, 5557218.959481186233461, 0.0 ], [ 407202.837296458368655, 5557202.679271947592497, 0.0 ], [ 407210.076288591721095, 5557199.884030803106725, 0.0 ], [ 407217.548923970083706, 5557198.196894446387887, 0.0 ], [ 407223.025504287448712, 5557196.766951381228864, 0.0 ], [ 407228.830185137630906, 5557193.663058477453887, 0.0 ], [ 407235.368305286334362, 5557187.543566186912358, 0.0 ], [ 407243.892654519237112, 5557176.495995905250311, 0.0 ], [ 407253.140979849966243, 5557165.991921683773398, 0.0 ], [ 407254.370542788412422, 5557162.745252042077482, 0.0 ], [ 407243.216573539189994, 5557121.233294187113643, 0.0 ], [ 407244.737483048113063, 5557114.200199909508228, 0.0 ], [ 407251.351951377582736, 5557083.723050097003579, 0.0 ], [ 407255.560212070005946, 5557079.2011639457196, 0.0 ], [ 407262.330204418860376, 5557074.078621568158269, 0.0 ], [ 407267.661980531120207, 5557068.425032705999911, 0.0 ], [ 407271.424289162794594, 5557062.909973927773535, 0.0 ], [ 407283.558307630941272, 5557033.448999707587063, 0.0 ], [ 407289.822450103005394, 5557023.886648175306618, 0.0 ], [ 407305.360476865898818, 5557005.265700899995863, 0.0 ], [ 407312.506975991709623, 5556997.133841938339174, 0.0 ], [ 407314.657458424335346, 5556993.426308383233845, 0.0 ], [ 407316.493225021287799, 5556988.056006571277976, 0.0 ], [ 407318.701386342581827, 5556975.338962945155799, 0.0 ], [ 407318.288058012374677, 5556968.005884525366127, 0.0 ], [ 407318.085260635474697, 5556964.56171041354537, 0.0 ], [ 407316.218097269127611, 5556951.693107492290437, 0.0 ], [ 407307.051340446108952, 5556929.942949031479657, 0.0 ], [ 407299.186094066186342, 5556921.404889533296227, 0.0 ], [ 407283.075301938923076, 5556907.11582359764725, 0.0 ], [ 407280.607997714658268, 5556904.9344238396734, 0.0 ], [ 407268.964614785276353, 5556896.907001744955778, 0.0 ], [ 407253.720821445982438, 5556891.389013792388141, 0.0 ], [ 407245.506350206909701, 5556891.531969637610018, 0.0 ], [ 407241.577690072532278, 5556891.600344302132726, 0.0 ], [ 407226.583157663815655, 5556892.194985374808311, 0.0 ], [ 407224.299327381304465, 5556892.345957274548709, 0.0 ], [ 407204.132787485898007, 5556891.362453588284552, 0.0 ], [ 407194.304257857729681, 5556889.086834889836609, 0.0 ], [ 407193.004961239465047, 5556888.330946544185281, 0.0 ], [ 407174.749148443457671, 5556878.083334180526435, 0.0 ], [ 407159.329410768346861, 5556870.678000130690634, 0.0 ], [ 407153.205523925134912, 5556867.781841749325395, 0.0 ], [ 407128.437747849267907, 5556856.980534191243351, 0.0 ], [ 407103.600376188929658, 5556846.291768218390644, 0.0 ], [ 407090.545416779350489, 5556839.290275278501213, 0.0 ], [ 407086.350090658525005, 5556836.360572435893118, 0.0 ], [ 407082.923055723775178, 5556832.416531934402883, 0.0 ], [ 407072.417639492196031, 5556815.917250170372427, 0.0 ], [ 407059.07174205838237, 5556792.238461175002158, 0.0 ], [ 407053.024339754367247, 5556781.444723887369037, 0.0 ], [ 407045.725730101403315, 5556768.559705005027354, 0.0 ], [ 407040.733925181557424, 5556752.742837551049888, 0.0 ], [ 407036.92217477678787, 5556743.133503810502589, 0.0 ], [ 407035.093384277424775, 5556736.603640861809254, 0.0 ], [ 407029.522954277927056, 5556728.582015720196068, 0.0 ], [ 407002.13317055196967, 5556702.701590486802161, 0.0 ], [ 406996.659310550021473, 5556696.124124591238797, 0.0 ], [ 406994.210841803695075, 5556690.939682858996093, 0.0 ], [ 406993.308672610146459, 5556684.282447252422571, 0.0 ], [ 406993.460887997294776, 5556680.720869396813214, 0.0 ], [ 406993.688417010533158, 5556677.3804099727422, 0.0 ], [ 406996.813316418847535, 5556668.094929280690849, 0.0 ], [ 407005.838438142905943, 5556661.153262697160244, 0.0 ], [ 407008.938828760525212, 5556658.652411522343755, 0.0 ], [ 407024.898192495107651, 5556643.693447050638497, 0.0 ], [ 407048.359514530457091, 5556620.484912799671292, 0.0 ], [ 407054.843580550863408, 5556607.13710580766201, 0.0 ], [ 407057.916286961000878, 5556594.849737776443362, 0.0 ], [ 407057.84037898882525, 5556586.398626607842743, 0.0 ], [ 407055.273960580583662, 5556578.547024837695062, 0.0 ], [ 407047.170237858954351, 5556568.678878297097981, 0.0 ], [ 407041.65589495562017, 5556563.881531277671456, 0.0 ], [ 407034.529886719654314, 5556565.006760801188648, 0.0 ], [ 407010.052702775748912, 5556562.764544425532222, 0.0 ], [ 407005.973169798497111, 5556562.390852600336075, 0.0 ], [ 406996.682443092460744, 5556558.215519315563142, 0.0 ], [ 406996.537633734988049, 5556558.106829748488963, 0.0 ], [ 406973.982820574950892, 5556571.846381632611156, 0.0 ], [ 406927.718944329186343, 5556598.678639823570848, 0.0 ], [ 406870.775868065829854, 5556631.814796391874552, 0.0 ], [ 406812.743992849485949, 5556643.505852559581399, 0.0 ], [ 406743.939523397071753, 5556656.164534635841846, 0.0 ], [ 406717.327118418528698, 5556666.639706890098751, 0.0 ], [ 406709.26398588437587, 5556646.873081304132938, 0.0 ] ] ] } },
{ "type": "Feature", "properties": { "name": "Traumschleifchen Fischerberg", "Nr": null, "darstell": "F1", "datum": null, "height": 56, "link": "https://www.saar-hunsrueck-steig.de/tour/traumschleifchen-fischerberg-d300ccb9b5", "km": 4.688, "erlebnis": null }, "geometry": { "type": "MultiLineString", "coordinates": [ [ [ 331986.588430830510333, 5474322.390429825522006, 0.0 ], [ 331984.558044778066687, 5474310.658792178146541, 0.0 ], [ 331981.343768621212803, 5474305.305549146607518, 0.0 ], [ 331966.564332801150158, 5474306.426938292570412, 0.0 ], [ 331954.959970972849987, 5474306.894544513896108, 0.0 ], [ 331936.110992527683266, 5474307.918460126034915, 0.0 ], [ 331926.149641030584462, 5474302.772467746399343, 0.0 ], [ 331913.778784246183932, 5474292.471094307489693, 0.0 ], [ 331910.72575165797025, 5474290.005800076760352, 0.0 ], [ 331901.057208842248656, 5474306.213548284024, 0.0 ], [ 331868.462713352404535, 5474334.919651083648205, 0.0 ], [ 331849.523677087738179, 5474356.641757415607572, 0.0 ], [ 331833.491737649659626, 5474373.712769118137658, 0.0 ], [ 331814.744473609607667, 5474370.951009208336473, 0.0 ], [ 331807.009992189472541, 5474369.742299501784146, 0.0 ], [ 331785.997161714942195, 5474354.69995051715523, 0.0 ], [ 331764.168607989791781, 5474350.920436749234796, 0.0 ], [ 331736.186332053563092, 5474350.111831058748066, 0.0 ], [ 331705.503030800551642, 5474337.036105399020016, 0.0 ], [ 331669.823249735694844, 5474326.784580644220114, 0.0 ], [ 331667.98560357070528, 5474326.062258752062917, 0.0 ], [ 331639.167004400631413, 5474314.598493558354676, 0.0 ], [ 331614.265911063004751, 5474303.01432718988508, 0.0 ], [ 331592.957234813831747, 5474292.543619871139526, 0.0 ], [ 331574.477184141171165, 5474284.322483024559915, 0.0 ], [ 331558.081108660320751, 5474284.827145261690021, 0.0 ], [ 331538.956234834739007, 5474283.969423250295222, 0.0 ], [ 331520.578735785209574, 5474279.083238149061799, 0.0 ], [ 331511.604535906866658, 5474275.354021186940372, 0.0 ], [ 331487.53809216467198, 5474279.099204817786813, 0.0 ], [ 331471.335020070895553, 5474281.155885435640812, 0.0 ], [ 331464.836414113058709, 5474282.357405713759363, 0.0 ], [ 331448.591621871455573, 5474285.416819968260825, 0.0 ], [ 331423.025054618250579, 5474292.32390393782407, 0.0 ], [ 331397.389422107604332, 5474299.344503120519221, 0.0 ], [ 331365.016477301949635, 5474309.243191929534078, 0.0 ], [ 331332.571092002152, 5474319.144311058335006, 0.0 ], [ 331292.892630463524256, 5474339.393704610876739, 0.0 ], [ 331271.144688419648446, 5474357.087736153975129, 0.0 ], [ 331249.396886900009122, 5474374.781857682392001, 0.0 ], [ 331231.999322666204534, 5474404.024703909642994, 0.0 ], [ 331235.701119006378576, 5474425.16210538521409, 0.0 ], [ 331240.320797544613015, 5474436.034842285327613, 0.0 ], [ 331215.17651841888437, 5474473.082684468477964, 0.0 ], [ 331187.636202232330106, 5474505.420193919911981, 0.0 ], [ 331160.023673758492805, 5474537.760089159943163, 0.0 ], [ 331136.738164185895585, 5474578.534003804437816, 0.0 ], [ 331113.380476511258166, 5474619.31026672385633, 0.0 ], [ 331092.422965812496841, 5474648.44100084528327, 0.0 ], [ 331071.538230504491366, 5474677.569581693969667, 0.0 ], [ 331047.514032852603123, 5474687.323816475458443, 0.0 ], [ 331023.559027296782006, 5474696.96475937590003, 0.0 ], [ 331008.492494598729536, 5474724.02242617867887, 0.0 ], [ 330982.343343746557366, 5474756.651942224241793, 0.0 ], [ 330956.121971320360899, 5474789.283832935616374, 0.0 ], [ 330941.806760108331218, 5474810.087656882591546, 0.0 ], [ 330927.491662190295756, 5474830.891521314159036, 0.0 ], [ 330893.340309619787149, 5474860.653383353725076, 0.0 ], [ 330892.987908910668921, 5474860.998071054928005, 0.0 ], [ 330858.55364155699499, 5474890.99144646152854, 0.0 ], [ 330824.996756556676701, 5474923.517032475210726, 0.0 ], [ 330791.516253155423328, 5474956.151750193908811, 0.0 ], [ 330758.036153732507955, 5474988.78668316360563, 0.0 ], [ 330754.065780374105088, 5474998.923390623182058, 0.0 ], [ 330762.11359570606146, 5475003.236320191994309, 0.0 ], [ 330802.730662290239707, 5475013.551644626073539, 0.0 ], [ 330843.347561561386101, 5475023.867267161607742, 0.0 ], [ 330877.766393409285229, 5475040.383102425374091, 0.0 ], [ 330902.792414647294208, 5475039.609539744444191, 0.0 ], [ 330943.484871000400744, 5475050.034814133308828, 0.0 ], [ 330958.05065555049805, 5475053.812817895784974, 0.0 ], [ 330984.249697002349421, 5475060.458146740682423, 0.0 ], [ 331023.530565035180189, 5475062.805253743194044, 0.0 ], [ 331048.755743031506427, 5475049.675775756128132, 0.0 ], [ 331069.16440326848533, 5475026.347489402629435, 0.0 ], [ 331105.1351398655097, 5475034.360653368756175, 0.0 ], [ 331146.433469105628319, 5475036.201307342387736, 0.0 ], [ 331195.683105937670916, 5475039.243375565856695, 0.0 ], [ 331227.166663461190183, 5475031.262367097660899, 0.0 ], [ 331273.608898007718381, 5475030.386206130497158, 0.0 ], [ 331301.659885864704847, 5475033.526713387109339, 0.0 ], [ 331329.634867916116491, 5475036.558440938591957, 0.0 ], [ 331361.633723606530111, 5475040.578922950662673, 0.0 ], [ 331393.635948377603199, 5475044.710750146768987, 0.0 ], [ 331386.570649959030561, 5475091.103361392393708, 0.0 ], [ 331384.995697448961437, 5475117.7441759807989, 0.0 ], [ 331377.086700681073125, 5475127.334182227030396, 0.0 ], [ 331365.684474696405232, 5475141.371203357353806, 0.0 ], [ 331401.626527905231342, 5475148.497017234563828, 0.0 ], [ 331437.568475876119919, 5475155.623065108433366, 0.0 ], [ 331484.267923109000549, 5475170.20649532508105, 0.0 ], [ 331531.039641033858061, 5475184.788084953092039, 0.0 ], [ 331574.87264265131671, 5475195.900067803449929, 0.0 ], [ 331593.956018063938245, 5475197.871669767424464, 0.0 ], [ 331619.722341989574488, 5475202.307989657856524, 0.0 ], [ 331643.498639206285588, 5475208.140843728557229, 0.0 ], [ 331658.369975634908769, 5475214.804134236648679, 0.0 ], [ 331670.454102677467745, 5475220.551843621768057, 0.0 ], [ 331707.341330377617851, 5475239.555824855342507, 0.0 ], [ 331744.228294707019813, 5475258.560049461200833, 0.0 ], [ 331781.114995664218441, 5475277.564517440274358, 0.0 ], [ 331823.029976329475176, 5475287.73602063395083, 0.0 ], [ 331864.944785976374988, 5475297.907841488718987, 0.0 ], [ 331890.240186931099743, 5475303.583777396008372, 0.0 ], [ 331903.036352020630147, 5475306.528490317054093, 0.0 ], [ 331915.462994472414721, 5475309.262057781219482, 0.0 ], [ 331942.077573082409799, 5475315.342751680873334, 0.0 ], [ 331968.764621475711465, 5475321.421345740556717, 0.0 ], [ 332012.897564173908904, 5475328.188215008936822, 0.0 ], [ 332039.447073361719958, 5475332.157351753674448, 0.0 ], [ 332065.927415004000068, 5475336.24000246450305, 0.0 ], [ 332108.298038453096524, 5475335.273247158154845, 0.0 ], [ 332150.741194310656283, 5475334.304594629444182, 0.0 ], [ 332193.944723745225929, 5475332.089043878950179, 0.0 ], [ 332217.352110632811673, 5475333.040030863136053, 0.0 ], [ 332221.873139617731795, 5475333.680216695182025, 0.0 ], [ 332231.443189382087439, 5475319.033672264777124, 0.0 ], [ 332236.36042580450885, 5475313.65347065962851, 0.0 ], [ 332239.648979036079254, 5475278.838296186178923, 0.0 ], [ 332243.010128620662726, 5475244.020901975221932, 0.0 ], [ 332246.298802858334966, 5475209.205736742354929, 0.0 ], [ 332242.897765958798118, 5475197.738588637672365, 0.0 ], [ 332225.58573977946071, 5475189.590904145501554, 0.0 ], [ 332213.064867530192714, 5475171.95015995297581, 0.0 ], [ 332218.148310011951253, 5475131.739265252836049, 0.0 ], [ 332223.74302733829245, 5475091.623966665007174, 0.0 ], [ 332223.988863550068345, 5475090.169997676275671, 0.0 ], [ 332232.407379483804107, 5475054.529936135746539, 0.0 ], [ 332240.940522689023055, 5475034.463313608430326, 0.0 ], [ 332249.616367828857619, 5475011.944529476575553, 0.0 ], [ 332252.275435468996875, 5474996.84238707460463, 0.0 ], [ 332216.747480731923133, 5474974.788952779956162, 0.0 ], [ 332216.64616351557197, 5474969.117605072446167, 0.0 ], [ 332230.522975497297011, 5474940.987371392548084, 0.0 ], [ 332244.323991320270579, 5474912.748242118395865, 0.0 ], [ 332262.362714897026308, 5474878.259728328324854, 0.0 ], [ 332280.32913908775663, 5474843.773504428565502, 0.0 ], [ 332298.368346192524768, 5474809.285122741013765, 0.0 ], [ 332316.331846281362232, 5474774.687871182337403, 0.0 ], [ 332335.564898926531896, 5474736.491352593526244, 0.0 ], [ 332354.725694994442165, 5474698.297132285311818, 0.0 ], [ 332365.794902635621838, 5474663.800063830800354, 0.0 ], [ 332376.864266599528491, 5474629.303022526204586, 0.0 ], [ 332388.006331531680189, 5474594.803786156699061, 0.0 ], [ 332388.144320618826896, 5474587.456164453178644, 0.0 ], [ 332383.331199312116951, 5474582.040425391867757, 0.0 ], [ 332351.679195259814151, 5474563.316460310481489, 0.0 ], [ 332326.129984005005099, 5474547.075981450267136, 0.0 ], [ 332317.38127427524887, 5474543.561113828793168, 0.0 ], [ 332310.248991050233599, 5474540.664304056204855, 0.0 ], [ 332293.215452620992437, 5474539.294859287329018, 0.0 ], [ 332279.866103124513756, 5474542.040558744221926, 0.0 ], [ 332268.033402743632905, 5474544.517272794619203, 0.0 ], [ 332261.24920181138441, 5474543.501338033005595, 0.0 ], [ 332259.732736975187436, 5474510.613775658421218, 0.0 ], [ 332259.732736975187436, 5474510.613775658421218, 0.0 ], [ 332259.332076454535127, 5474502.281282056123018, 0.0 ], [ 332257.342401872738265, 5474461.063452372327447, 0.0 ], [ 332252.963338496803772, 5474457.971047481521964, 0.0 ], [ 332222.46848213771591, 5474436.764496687799692, 0.0 ], [ 332190.055523392860778, 5474416.95209033228457, 0.0 ], [ 332162.076044338173233, 5474402.010748855769634, 0.0 ], [ 332132.923208693857305, 5474400.902247417718172, 0.0 ], [ 332123.571428277413361, 5474401.411668382585049, 0.0 ], [ 332111.611356927314773, 5474402.112393526360393, 0.0 ], [ 332088.289569552987814, 5474401.715340387076139, 0.0 ], [ 332073.168587315012701, 5474384.599663250148296, 0.0 ], [ 332035.912003554753028, 5474363.156544409692287, 0.0 ], [ 331998.655122065218166, 5474341.713673227466643, 0.0 ], [ 331991.667491248459555, 5474338.812815090641379, 0.0 ], [ 331988.728900343412533, 5474335.34259142819792, 0.0 ], [ 331996.611114809755236, 5474329.537394928745925, 0.0 ] ] ] } },
{ "type": "Feature", "properties": { "name": "Traumschleifchen Villa Borg Trail", "Nr": null, "darstell": "F1", "datum": null, "height": 37, "link": "https://www.saar-hunsrueck-steig.de/tour/traumschleifchen-villa-borg-trail-c16b79d7c7", "km": 7.478, "erlebnis": null }, "geometry": { "type": "MultiLineString", "coordinates": [ [ [ 315955.313308837241493, 5485900.898516739718616, 0.0 ], [ 315939.785992765566334, 5485900.421100867912173, 0.0 ], [ 315927.024416471307632, 5485893.8409917447716, 0.0 ], [ 315906.855153562384658, 5485865.365389316342771, 0.0 ], [ 315886.685689958627336, 5485836.889857407659292, 0.0 ], [ 315867.701797107700258, 5485807.03893739823252, 0.0 ], [ 315842.62634007120505, 5485781.400053340010345, 0.0 ], [ 315827.915413952898234, 5485770.768460952676833, 0.0 ], [ 315810.120039996807463, 5485748.222355146892369, 0.0 ], [ 315803.251960857654922, 5485735.879196737892926, 0.0 ], [ 315793.306006365164649, 5485728.98168705124408, 0.0 ], [ 315781.084467068663798, 5485723.385205416940153, 0.0 ], [ 315773.801704408135265, 5485709.498103472404182, 0.0 ], [ 315794.90129019075539, 5485701.106630659662187, 0.0 ], [ 315815.997182450373657, 5485692.604083332233131, 0.0 ], [ 315860.054448513314128, 5485679.319922653026879, 0.0 ], [ 315877.527110912953503, 5485677.283200341276824, 0.0 ], [ 315900.205275701824576, 5485674.848212021403015, 0.0 ], [ 315911.437861302867532, 5485676.917241947725415, 0.0 ], [ 315911.055532158818096, 5485672.03363124281168, 0.0 ], [ 315909.072834269085433, 5485666.98148113116622, 0.0 ], [ 315900.910710602824111, 5485659.244562211446464, 0.0 ], [ 315901.026590289664455, 5485656.235967913642526, 0.0 ], [ 315905.768759635160677, 5485652.848613080568612, 0.0 ], [ 315907.029180575511418, 5485647.241834399290383, 0.0 ], [ 315906.294537287962157, 5485638.363876207731664, 0.0 ], [ 315905.349088620976545, 5485631.83000976126641, 0.0 ], [ 315899.361849787994288, 5485611.221945691853762, 0.0 ], [ 315892.678830119897611, 5485602.210967348888516, 0.0 ], [ 315875.34382720652502, 5485595.451500163413584, 0.0 ], [ 315866.656454703654163, 5485593.630440887995064, 0.0 ], [ 315867.3585651780013, 5485584.370115241967142, 0.0 ], [ 315866.12453663587803, 5485575.731591377407312, 0.0 ], [ 315858.389224336715415, 5485552.734330630861223, 0.0 ], [ 315858.229400822194293, 5485552.294589521363378, 0.0 ], [ 315850.796500031137839, 5485533.961075702682137, 0.0 ], [ 315848.944074748200364, 5485519.890494763851166, 0.0 ], [ 315846.193324865598697, 5485496.391064651310444, 0.0 ], [ 315843.995463846484199, 5485487.117386001162231, 0.0 ], [ 315841.666209397779312, 5485473.953186104074121, 0.0 ], [ 315842.092623878736049, 5485467.261712855659425, 0.0 ], [ 315846.166681278904434, 5485459.111642595380545, 0.0 ], [ 315848.861789363902062, 5485457.351361025124788, 0.0 ], [ 315855.718892955221236, 5485454.337690265849233, 0.0 ], [ 315856.784632042283192, 5485449.40518303681165, 0.0 ], [ 315848.953048198367469, 5485442.881289886310697, 0.0 ], [ 315847.03621082904283, 5485435.489957054145634, 0.0 ], [ 315849.363468030234799, 5485422.836214956827462, 0.0 ], [ 315850.183048466104083, 5485414.907337158918381, 0.0 ], [ 315849.863492114178371, 5485399.004441425204277, 0.0 ], [ 315849.67798272811342, 5485389.217668040655553, 0.0 ], [ 315852.99220806802623, 5485369.297108355909586, 0.0 ], [ 315854.499433049059007, 5485358.117761838249862, 0.0 ], [ 315854.673309892416, 5485346.093163821846247, 0.0 ], [ 315853.479567294707522, 5485325.768409323878586, 0.0 ], [ 315853.228693466808181, 5485309.75191265810281, 0.0 ], [ 315855.016026784549467, 5485287.545945314690471, 0.0 ], [ 315857.507603802834637, 5485266.874183589592576, 0.0 ], [ 315857.831642217002809, 5485259.295897268690169, 0.0 ], [ 315857.674002061830834, 5485254.627271890640259, 0.0 ], [ 315855.764171437593177, 5485241.003767968155444, 0.0 ], [ 315851.956694043183234, 5485226.999203349463642, 0.0 ], [ 315847.272786381829064, 5485212.801666275598109, 0.0 ], [ 315845.041553985211067, 5485208.982052399776876, 0.0 ], [ 315838.575237992685288, 5485199.963795756921172, 0.0 ], [ 315830.461172171169892, 5485193.672018203884363, 0.0 ], [ 315803.630172088625841, 5485152.623905008658767, 0.0 ], [ 315784.000668850727379, 5485120.903118019923568, 0.0 ], [ 315773.784358768549282, 5485103.887823418714106, 0.0 ], [ 315739.924453162937425, 5485071.535042813047767, 0.0 ], [ 315730.001920660841279, 5485061.075683766044676, 0.0 ], [ 315704.512216595700011, 5485025.435613776557148, 0.0 ], [ 315701.416677989414893, 5485019.642132727429271, 0.0 ], [ 315701.850520868785679, 5485013.172964656725526, 0.0 ], [ 315705.580453323374968, 5485007.70526348054409, 0.0 ], [ 315726.977673707646318, 5484988.731599065475166, 0.0 ], [ 315728.948873178800568, 5484986.995729947462678, 0.0 ], [ 315748.44745591818355, 5484969.755576389841735, 0.0 ], [ 315784.863341554184444, 5484938.256082182750106, 0.0 ], [ 315815.842738942184951, 5484911.057968122884631, 0.0 ], [ 315846.746280284947716, 5484883.751325738616288, 0.0 ], [ 315877.726298688736279, 5484856.553580091334879, 0.0 ], [ 315882.159263223933522, 5484848.280175536870956, 0.0 ], [ 315902.796440613863524, 5484834.674581877887249, 0.0 ], [ 315917.122438463557046, 5484820.948220114223659, 0.0 ], [ 315940.3277422451647, 5484801.803175756707788, 0.0 ], [ 315947.857375380641315, 5484797.209000267088413, 0.0 ], [ 315984.739433291833848, 5484781.608895550481975, 0.0 ], [ 315995.736114343861118, 5484772.335168903693557, 0.0 ], [ 316014.140010985429399, 5484752.68474087677896, 0.0 ], [ 316028.264256518450566, 5484739.410643351264298, 0.0 ], [ 316046.55610704049468, 5484722.880074131302536, 0.0 ], [ 316065.788276446925011, 5484708.432261930778623, 0.0 ], [ 316086.887023647665046, 5484689.13637054618448, 0.0 ], [ 316108.381729238666594, 5484670.828777265734971, 0.0 ], [ 316110.23456597852055, 5484669.876039222814143, 0.0 ], [ 316115.858001265092753, 5484666.793072224594653, 0.0 ], [ 316133.281444590480532, 5484656.746574345044792, 0.0 ], [ 316148.759720113303047, 5484649.213947530835867, 0.0 ], [ 316169.563133688876405, 5484640.500340181402862, 0.0 ], [ 316199.084061323897913, 5484630.157650955021381, 0.0 ], [ 316218.320669611333869, 5484622.276021807454526, 0.0 ], [ 316229.210641503799707, 5484620.573710081167519, 0.0 ], [ 316248.332383214263245, 5484620.040797334164381, 0.0 ], [ 316240.596354566630907, 5484612.066402086988091, 0.0 ], [ 316232.359657205990516, 5484599.991379981860518, 0.0 ], [ 316214.024577711184975, 5484565.77725734654814, 0.0 ], [ 316195.757957301975694, 5484531.449594361707568, 0.0 ], [ 316181.290593038662337, 5484504.449974781833589, 0.0 ], [ 316181.218174826411996, 5484504.452415169216692, 0.0 ], [ 316177.422451587743126, 5484497.235586645081639, 0.0 ], [ 316157.718241008813493, 5484456.835856231860816, 0.0 ], [ 316138.086182217928581, 5484416.43375111091882, 0.0 ], [ 316118.450109932105988, 5484375.92055403906852, 0.0 ], [ 316113.199558621330652, 5484366.415838482789695, 0.0 ], [ 316089.421057074447162, 5484383.68748695962131, 0.0 ], [ 316069.040138462674804, 5484398.507722445763648, 0.0 ], [ 316065.711376224586274, 5484400.845643544569612, 0.0 ], [ 316025.293254838441499, 5484429.918377131223679, 0.0 ], [ 316004.699172004882712, 5484444.857347270473838, 0.0 ], [ 315984.105200893303845, 5484459.796398174017668, 0.0 ], [ 315981.572883552056737, 5484455.653026143088937, 0.0 ], [ 315970.50803685199935, 5484462.925924436189234, 0.0 ], [ 315954.502582564717159, 5484472.034802321344614, 0.0 ], [ 315938.780507344636135, 5484478.797199718654156, 0.0 ], [ 315925.0163723124424, 5484487.71925784368068, 0.0 ], [ 315879.796382812783122, 5484518.401892541907728, 0.0 ], [ 315807.944637733860873, 5484567.678371111862361, 0.0 ], [ 315772.978648980439175, 5484590.670950624160469, 0.0 ], [ 315761.400487625855021, 5484589.17017098236829, 0.0 ], [ 315760.588370181503706, 5484582.29796530213207, 0.0 ], [ 315733.046204896061681, 5484599.698415190912783, 0.0 ], [ 315705.504211842082441, 5484617.099008777178824, 0.0 ], [ 315689.898219467373565, 5484629.422471050173044, 0.0 ], [ 315674.313789296429604, 5484644.527367804199457, 0.0 ], [ 315652.000815513078123, 5484670.76560668181628, 0.0 ], [ 315645.703331096330658, 5484673.204140326008201, 0.0 ], [ 315638.69126749120187, 5484671.660587924532592, 0.0 ], [ 315616.634042539051734, 5484658.273011354729533, 0.0 ], [ 315581.994578594109043, 5484630.843898735009134, 0.0 ], [ 315547.28235005721217, 5484603.417447308078408, 0.0 ], [ 315512.642190766287968, 5484575.988759846426547, 0.0 ], [ 315477.925505912979133, 5484548.451576900668442, 0.0 ], [ 315441.655761582194827, 5484515.736755307763815, 0.0 ], [ 315413.988330075284466, 5484490.854845229536295, 0.0 ], [ 315405.313168741646223, 5484483.024616223759949, 0.0 ], [ 315369.042564450355712, 5484450.310258755460382, 0.0 ], [ 315357.415927277645096, 5484436.681897542439401, 0.0 ], [ 315348.776271902956069, 5484417.054347275756299, 0.0 ], [ 315308.843280694098212, 5484443.222775275819004, 0.0 ], [ 315268.983085023821332, 5484469.389053264632821, 0.0 ], [ 315252.376759379520081, 5484477.852694052271545, 0.0 ], [ 315211.241371374751907, 5484492.043825077824295, 0.0 ], [ 315215.373489632387646, 5484536.974306184798479, 0.0 ], [ 315219.509339643409476, 5484582.015949010848999, 0.0 ], [ 315223.641390326898545, 5484626.946438490413129, 0.0 ], [ 315227.700990936078597, 5484671.879385258071125, 0.0 ], [ 315231.836740107741207, 5484716.921040621586144, 0.0 ], [ 315235.77872609620681, 5484732.701278418302536, 0.0 ], [ 315252.430638437974267, 5484768.416173490695655, 0.0 ], [ 315269.013702271389775, 5484804.244725922122598, 0.0 ], [ 315275.654578724876046, 5484818.37558585125953, 0.0 ], [ 315285.665217274450697, 5484839.959715166129172, 0.0 ], [ 315302.316533514298499, 5484875.674751592800021, 0.0 ], [ 315320.005816587479785, 5484907.793560630641878, 0.0 ], [ 315326.548599289148115, 5484919.034380625933409, 0.0 ], [ 315294.582996707060374, 5484940.593271151185036, 0.0 ], [ 315262.617643041361589, 5484962.152355740778148, 0.0 ], [ 315230.652538293739781, 5484983.711634388193488, 0.0 ], [ 315198.687682465417311, 5485005.271107097156346, 0.0 ], [ 315182.199041375715751, 5485038.547690901905298, 0.0 ], [ 315165.638205805327743, 5485071.826785014010966, 0.0 ], [ 315161.132821716484614, 5485073.648756593465805, 0.0 ], [ 315143.098829825641587, 5485093.401056988164783, 0.0 ], [ 315121.275696074357256, 5485106.159612319432199, 0.0 ], [ 315110.008983297972009, 5485109.546260762959719, 0.0 ], [ 315103.107907160650939, 5485117.681480339728296, 0.0 ], [ 315097.944699757674243, 5485125.757789502851665, 0.0 ], [ 315095.757864492596127, 5485133.955763003788888, 0.0 ], [ 315089.432354645163286, 5485141.96020376868546, 0.0 ], [ 315084.009134781081229, 5485142.366653827019036, 0.0 ], [ 315085.034751323924866, 5485151.234709020704031, 0.0 ], [ 315076.929768381407484, 5485168.758760569617152, 0.0 ], [ 315057.225477968750056, 5485203.368981908075511, 0.0 ], [ 315044.647173540026415, 5485219.375513151288033, 0.0 ], [ 315027.825433607562445, 5485240.645135508850217, 0.0 ], [ 315019.198159397928976, 5485249.172885549254715, 0.0 ], [ 315015.455529732455034, 5485249.967547684907913, 0.0 ], [ 315013.408464966400061, 5485251.594981586560607, 0.0 ], [ 315012.29440462886123, 5485255.082621285691857, 0.0 ], [ 315005.487228276906535, 5485257.427954696118832, 0.0 ], [ 314982.480896250985097, 5485267.333838308230042, 0.0 ], [ 314966.434887575451285, 5485272.997379962354898, 0.0 ], [ 314961.782609312329441, 5485259.800965050235391, 0.0 ], [ 314942.594825618900359, 5485215.603959308005869, 0.0 ], [ 314932.154215845279396, 5485200.600843066349626, 0.0 ], [ 314917.594484269735403, 5485183.845679617486894, 0.0 ], [ 314905.009448610479012, 5485176.148948572576046, 0.0 ], [ 314885.361613706918433, 5485182.491390268318355, 0.0 ], [ 314877.524663674994372, 5485175.857698502019048, 0.0 ], [ 314868.184524709417019, 5485174.060326903127134, 0.0 ], [ 314864.304585952835623, 5485175.08232309576124, 0.0 ], [ 314859.487095635384321, 5485176.247435643337667, 0.0 ], [ 314850.645561830198858, 5485176.325023353099823, 0.0 ], [ 314837.930938751669601, 5485179.761407349258661, 0.0 ], [ 314831.6581483289483, 5485167.955530440434813, 0.0 ], [ 314825.550700096646324, 5485163.155043733306229, 0.0 ], [ 314813.728017447283491, 5485154.431056581437588, 0.0 ], [ 314811.281174563162494, 5485154.959285164251924, 0.0 ], [ 314803.338720221538097, 5485155.896703544072807, 0.0 ], [ 314784.352196782128885, 5485156.096338249742985, 0.0 ], [ 314773.124189796450082, 5485158.480813191272318, 0.0 ], [ 314761.017023726250045, 5485169.130319751799107, 0.0 ], [ 314744.679934479179792, 5485179.033254494890571, 0.0 ], [ 314722.614509395207278, 5485178.224838418886065, 0.0 ], [ 314714.170316606527194, 5485175.061859342269599, 0.0 ], [ 314695.676254388992675, 5485172.685500486753881, 0.0 ], [ 314681.098655560286716, 5485161.829678584821522, 0.0 ], [ 314674.570359008852392, 5485174.515534549951553, 0.0 ], [ 314667.887218331045005, 5485182.643941347487271, 0.0 ], [ 314654.704859070247039, 5485195.778527405112982, 0.0 ], [ 314635.236190743278712, 5485215.915254982188344, 0.0 ], [ 314606.650576409942005, 5485253.611308267340064, 0.0 ], [ 314578.137779830140062, 5485291.305061001330614, 0.0 ], [ 314555.432300509652123, 5485318.563189343549311, 0.0 ], [ 314532.727054630871862, 5485345.821418750099838, 0.0 ], [ 314510.022042195138056, 5485373.079749222844839, 0.0 ], [ 314530.200205792265479, 5485416.462736301124096, 0.0 ], [ 314540.05683732352918, 5485437.717013197019696, 0.0 ], [ 314550.305670914938673, 5485459.848254999145865, 0.0 ], [ 314566.355292882537469, 5485492.688288053497672, 0.0 ], [ 314582.332332535763271, 5485525.530826975591481, 0.0 ], [ 314583.844096756889485, 5485529.485721409320831, 0.0 ], [ 314617.723955276887864, 5485521.767959997989237, 0.0 ], [ 314618.35670773498714, 5485521.190018936060369, 0.0 ], [ 314623.442143149091862, 5485527.91687005572021, 0.0 ], [ 314640.534334337338805, 5485550.928477872163057, 0.0 ], [ 314650.141580727184191, 5485562.732087871059775, 0.0 ], [ 314663.912380318855867, 5485579.735926412045956, 0.0 ], [ 314674.778097492875531, 5485588.046936588361859, 0.0 ], [ 314681.502887238981202, 5485591.824684753082693, 0.0 ], [ 314718.97101711970754, 5485612.919925667345524, 0.0 ], [ 314728.134816747857258, 5485615.947139179334044, 0.0 ], [ 314749.260351941979025, 5485619.013122889213264, 0.0 ], [ 314779.062991528306156, 5485621.450583041645586, 0.0 ], [ 314801.739820883667562, 5485623.239929320290685, 0.0 ], [ 314840.177317938127089, 5485625.940886899828911, 0.0 ], [ 314845.626471787691116, 5485626.312285210937262, 0.0 ], [ 314876.701372501731385, 5485629.931215920485556, 0.0 ], [ 314909.0636803843081, 5485635.175906620919704, 0.0 ], [ 314931.622703565109987, 5485635.634356716647744, 0.0 ], [ 314952.031281424919143, 5485617.581175182014704, 0.0 ], [ 314972.512399166589603, 5485599.525616941973567, 0.0 ], [ 315004.23444682569243, 5485615.809872720390558, 0.0 ], [ 315016.758797510934528, 5485619.613835386000574, 0.0 ], [ 315030.427230322849937, 5485631.502861459739506, 0.0 ], [ 315037.40432183095254, 5485642.728602821007371, 0.0 ], [ 315046.219395465508569, 5485650.442157634533942, 0.0 ], [ 315052.635364719317295, 5485653.674390497617424, 0.0 ], [ 315065.538134881586302, 5485664.365324626676738, 0.0 ], [ 315071.038448231294751, 5485670.522055645473301, 0.0 ], [ 315078.194266468752176, 5485672.059942360967398, 0.0 ], [ 315081.650765505270101, 5485671.38629506714642, 0.0 ], [ 315094.405799877655227, 5485669.173186567611992, 0.0 ], [ 315100.440854814718477, 5485671.861962252296507, 0.0 ], [ 315102.450700173620135, 5485677.691940374672413, 0.0 ], [ 315110.325784640037455, 5485691.89202128816396, 0.0 ], [ 315125.29431916057365, 5485690.828068756498396, 0.0 ], [ 315134.407936057425104, 5485694.525356980971992, 0.0 ], [ 315153.18313691241201, 5485713.80894036963582, 0.0 ], [ 315160.384087306796573, 5485716.680825061164796, 0.0 ], [ 315156.839076875825413, 5485759.645882836543024, 0.0 ], [ 315166.397996258339845, 5485774.345377143472433, 0.0 ], [ 315171.498403602861799, 5485779.402899447828531, 0.0 ], [ 315166.397996258339845, 5485774.345377143472433, 0.0 ], [ 315156.839076875825413, 5485759.645882836543024, 0.0 ], [ 315160.384087306796573, 5485716.680825061164796, 0.0 ], [ 315162.645819837460294, 5485691.453654827550054, 0.0 ], [ 315164.97621917934157, 5485666.112874967977405, 0.0 ], [ 315166.278744905022904, 5485638.247376187704504, 0.0 ], [ 315180.62642899772618, 5485646.663885614834726, 0.0 ], [ 315198.608009855495766, 5485648.947864000685513, 0.0 ], [ 315243.504768321756274, 5485649.763449793681502, 0.0 ], [ 315264.494196530431509, 5485648.829742127098143, 0.0 ], [ 315292.500397401629016, 5485653.890400513075292, 0.0 ], [ 315298.390551863238215, 5485656.584298264235258, 0.0 ], [ 315305.447547925752588, 5485657.346830549649894, 0.0 ], [ 315310.390658437856473, 5485655.621409757062793, 0.0 ], [ 315324.160919390327763, 5485640.576661033555865, 0.0 ], [ 315348.788695055234712, 5485614.369611113332212, 0.0 ], [ 315373.489116011362057, 5485588.16022761259228, 0.0 ], [ 315401.588031128980219, 5485617.367183618247509, 0.0 ], [ 315429.682889588468242, 5485646.463120399974287, 0.0 ], [ 315452.894449049490504, 5485670.494059221819043, 0.0 ], [ 315476.181972797843628, 5485694.633800162933767, 0.0 ], [ 315499.393131520599127, 5485718.664928344078362, 0.0 ], [ 315527.913859907304868, 5485747.524334859102964, 0.0 ], [ 315511.031044271192513, 5485751.990508264862001, 0.0 ], [ 315518.759216801088769, 5485759.741552539169788, 0.0 ], [ 315520.221348962571938, 5485762.251638627611101, 0.0 ], [ 315524.503385060990695, 5485764.555035245604813, 0.0 ], [ 315528.227819039544556, 5485769.659424187615514, 0.0 ], [ 315533.304361691873055, 5485776.164776827208698, 0.0 ], [ 315534.899053376924712, 5485780.450941294431686, 0.0 ], [ 315536.330137433193158, 5485784.186216147616506, 0.0 ], [ 315538.181490172981285, 5485793.916662194766104, 0.0 ], [ 315542.094867570209317, 5485802.464501117356122, 0.0 ], [ 315544.445493372273631, 5485811.955488502047956, 0.0 ], [ 315545.038734623463824, 5485823.063916915096343, 0.0 ], [ 315544.821478772209957, 5485831.640209609642625, 0.0 ], [ 315543.847326809191145, 5485837.126128568314016, 0.0 ], [ 315546.786572747630998, 5485842.590944568626583, 0.0 ], [ 315547.108111426176038, 5485847.810461086221039, 0.0 ], [ 315545.805802694289014, 5485854.309046007692814, 0.0 ], [ 315546.101019826135598, 5485858.750458180904388, 0.0 ], [ 315552.109241750789806, 5485869.230564262717962, 0.0 ], [ 315553.033435740508139, 5485881.551932595670223, 0.0 ], [ 315554.736181267653592, 5485891.176124598830938, 0.0 ], [ 315561.558530719368719, 5485912.868480388075113, 0.0 ], [ 315566.246451802900992, 5485935.745892116799951, 0.0 ], [ 315571.021707054926082, 5485967.634435244835913, 0.0 ], [ 315555.228213755472098, 5485999.996198427863419, 0.0 ], [ 315553.673958920990117, 5486007.6161581389606, 0.0 ], [ 315548.904035406070761, 5486031.592517521232367, 0.0 ], [ 315533.706994432490319, 5486077.288391517475247, 0.0 ], [ 315527.404658996267244, 5486085.959292561747134, 0.0 ], [ 315555.993997598066926, 5486119.04525497276336, 0.0 ], [ 315584.655396532441955, 5486152.128911360166967, 0.0 ], [ 315611.732230016030371, 5486183.374446601606905, 0.0 ], [ 315628.096274576382712, 5486202.184606682509184, 0.0 ], [ 315638.881158402422443, 5486214.617661820724607, 0.0 ], [ 315642.823228095425293, 5486226.169276239350438, 0.0 ], [ 315651.589301571541, 5486245.347716568037868, 0.0 ], [ 315662.350242491054814, 5486227.066981432959437, 0.0 ], [ 315669.121785444207489, 5486217.267523244023323, 0.0 ], [ 315685.540004443260841, 5486201.243836268782616, 0.0 ], [ 315702.796011310419999, 5486186.416017397306859, 0.0 ], [ 315728.152975043631159, 5486171.091875551268458, 0.0 ], [ 315753.513834547367878, 5486155.879013222642243, 0.0 ], [ 315778.488622199452948, 5486135.671508149243891, 0.0 ], [ 315803.535991642973386, 5486115.46167656313628, 0.0 ], [ 315814.264533863635734, 5486102.63533516228199, 0.0 ], [ 315823.037350127880927, 5486091.989493723027408, 0.0 ], [ 315842.538881314219907, 5486068.517385446466506, 0.0 ], [ 315872.36988165252842, 5486031.119779758155346, 0.0 ], [ 315902.273702755803242, 5485993.719904500059783, 0.0 ], [ 315932.17794707021676, 5485956.320205075666308, 0.0 ], [ 315962.082614591927268, 5485918.920681480318308, 0.0 ], [ 315963.743221029639244, 5485905.844343828968704, 0.0 ] ] ] } },
{ "type": "Feature", "properties": { "name": "Traumschleifchen Junge Wald", "Nr": null, "darstell": "F1", "datum": null, "height": 71, "link": "https://www.saar-hunsrueck-steig.de/tour/traumschleifchen-junge-wald-26daac4bd2", "km": 4.599, "erlebnis": null }, "geometry": { "type": "MultiLineString", "coordinates": [ [ [ 385631.813231422915123, 5548038.498194457031786, 0.0 ], [ 385646.522359963040799, 5548033.400610082782805, 0.0 ], [ 385665.713388239557389, 5548023.646790034137666, 0.0 ], [ 385679.196674899547361, 5548018.130603824742138, 0.0 ], [ 385694.824425648839679, 5548009.120483718812466, 0.0 ], [ 385705.481542320281733, 5548001.99636841006577, 0.0 ], [ 385714.492725490476005, 5547998.244346108287573, 0.0 ], [ 385732.210147902544122, 5547986.520157096907496, 0.0 ], [ 385750.082636781793553, 5547975.348861266858876, 0.0 ], [ 385767.740538424463011, 5547964.182214206084609, 0.0 ], [ 385785.38901008781977, 5547952.57091308105737, 0.0 ], [ 385802.186035983148031, 5547941.311552069149911, 0.0 ], [ 385818.930577995372005, 5547930.943200960755348, 0.0 ], [ 385835.722991852671839, 5547919.461590910330415, 0.0 ], [ 385852.956675218127202, 5547908.52675839792937, 0.0 ], [ 385869.904210087843239, 5547897.59809410199523, 0.0 ], [ 385886.362798551912419, 5547887.23607028927654, 0.0 ], [ 385904.083331670728512, 5547875.623642262071371, 0.0 ], [ 385922.664973716600798, 5547864.104126867838204, 0.0 ], [ 385939.39337857539067, 5547852.957912385463715, 0.0 ], [ 385947.966148290783167, 5547848.770738483406603, 0.0 ], [ 385934.36230883555254, 5547838.605496799573302, 0.0 ], [ 385920.040860602690373, 5547825.007502799853683, 0.0 ], [ 385900.283480396959931, 5547811.636807325296104, 0.0 ], [ 385882.686918634164613, 5547798.887423516251147, 0.0 ], [ 385867.766332986939233, 5547787.415705626830459, 0.0 ], [ 385849.799961294280365, 5547774.118175502866507, 0.0 ], [ 385840.093352707452141, 5547762.090270503424108, 0.0 ], [ 385856.120939074608032, 5547748.289272158406675, 0.0 ], [ 385873.333869652706198, 5547736.353911400772631, 0.0 ], [ 385891.26956525380956, 5547724.736867128871381, 0.0 ], [ 385907.84812775044702, 5547713.260081633925438, 0.0 ], [ 385924.765565621084534, 5547700.88628617208451, 0.0 ], [ 385940.628699790395331, 5547689.424875799566507, 0.0 ], [ 385958.416837669385131, 5547677.588759052567184, 0.0 ], [ 385976.011724614945706, 5547666.757887622341514, 0.0 ], [ 385993.745055133011192, 5547655.701666210778058, 0.0 ], [ 386011.991217387432698, 5547645.190715487115085, 0.0 ], [ 386029.292973261093721, 5547634.03259156178683, 0.0 ], [ 386046.513762216432951, 5547622.431336718611419, 0.0 ], [ 386063.527059276588261, 5547611.168249481357634, 0.0 ], [ 386080.053733892855234, 5547600.58296293951571, 0.0 ], [ 386096.928790470061358, 5547589.545391188003123, 0.0 ], [ 386113.658429874456488, 5547578.399744575843215, 0.0 ], [ 386131.979012286523357, 5547567.998865782283247, 0.0 ], [ 386140.18327317625517, 5547559.926864022389054, 0.0 ], [ 386156.455326476716436, 5547547.456358816474676, 0.0 ], [ 386161.553664224164095, 5547541.452657205983996, 0.0 ], [ 386141.717250477930065, 5547527.749057210981846, 0.0 ], [ 386120.428225943935104, 5547513.075412476435304, 0.0 ], [ 386105.54817892157007, 5547500.156188005581498, 0.0 ], [ 386087.197643857216462, 5547485.642521047964692, 0.0 ], [ 386069.054105260816868, 5547474.127681930549443, 0.0 ], [ 386051.070662726298906, 5547460.051224730908871, 0.0 ], [ 386033.89325315982569, 5547446.847472471185029, 0.0 ], [ 386038.658374656108208, 5547435.28931228723377, 0.0 ], [ 386039.844024835678283, 5547417.022498867474496, 0.0 ], [ 386025.348303786129691, 5547398.645074091851711, 0.0 ], [ 386013.075186820467934, 5547383.779619368724525, 0.0 ], [ 385989.384703402523883, 5547394.184177933260798, 0.0 ], [ 385970.453467963961884, 5547382.686455045826733, 0.0 ], [ 385952.442963505163789, 5547370.724238227121532, 0.0 ], [ 385932.774596525530796, 5547358.241308108903468, 0.0 ], [ 385918.869825718982611, 5547340.741377296857536, 0.0 ], [ 385894.456064844736829, 5547334.03252587467432, 0.0 ], [ 385875.272469268820714, 5547314.087108574807644, 0.0 ], [ 385853.721025144564919, 5547307.31733466219157, 0.0 ], [ 385832.122038669418544, 5547298.324080463498831, 0.0 ], [ 385811.892490020953119, 5547286.40970582421869, 0.0 ], [ 385795.029307181481272, 5547267.860976938158274, 0.0 ], [ 385783.550185906351544, 5547246.639000738039613, 0.0 ], [ 385767.691940365766641, 5547244.975698909722269, 0.0 ], [ 385748.092145084985532, 5547229.043851462192833, 0.0 ], [ 385728.496712708147243, 5547216.671309489756823, 0.0 ], [ 385714.357208837056533, 5547198.287061262875795, 0.0 ], [ 385696.409937121847179, 5547185.990627699531615, 0.0 ], [ 385679.45070691825822, 5547166.332002572715282, 0.0 ], [ 385663.359640725539066, 5547147.09977725148201, 0.0 ], [ 385642.542131736059673, 5547137.868084853515029, 0.0 ], [ 385627.152477944444399, 5547151.433556827716529, 0.0 ], [ 385621.286977793264668, 5547144.996519081294537, 0.0 ], [ 385603.129570670251269, 5547129.59046421200037, 0.0 ], [ 385586.78735817654524, 5547115.369142938405275, 0.0 ], [ 385594.78201083507156, 5547100.849500595591962, 0.0 ], [ 385587.201608374831267, 5547087.886672835797071, 0.0 ], [ 385577.481708626903128, 5547068.62957997713238, 0.0 ], [ 385560.888855049677659, 5547052.74525638576597, 0.0 ], [ 385558.345798484107945, 5547054.356898302212358, 0.0 ], [ 385552.360780090501066, 5547049.034780445508659, 0.0 ], [ 385530.258795722853392, 5547050.064087829552591, 0.0 ], [ 385512.064953659370076, 5547036.327541519887745, 0.0 ], [ 385494.968323701410554, 5547023.679847604595125, 0.0 ], [ 385487.623185450502206, 5547025.060681976377964, 0.0 ], [ 385470.758070753188804, 5547006.51295390445739, 0.0 ], [ 385456.173228452971671, 5546994.145261115394533, 0.0 ], [ 385439.047846083180048, 5546976.826724152080715, 0.0 ], [ 385432.048966623784509, 5546964.296555817127228, 0.0 ], [ 385422.261589583940804, 5546941.926746974699199, 0.0 ], [ 385411.305052318493836, 5546925.143474133685231, 0.0 ], [ 385397.264036325155757, 5546901.418889313936234, 0.0 ], [ 385383.854747456731275, 5546893.809041855856776, 0.0 ], [ 385380.875584238732699, 5546871.738277760334313, 0.0 ], [ 385378.826385758002289, 5546869.668850182555616, 0.0 ], [ 385373.647242069069762, 5546868.55635713879019, 0.0 ], [ 385363.529757116863038, 5546874.223503009416163, 0.0 ], [ 385343.989075677003711, 5546884.541902533732355, 0.0 ], [ 385324.038267342257313, 5546882.411487733013928, 0.0 ], [ 385303.937169899698347, 5546876.613802339881659, 0.0 ], [ 385281.574468882696237, 5546868.862585715018213, 0.0 ], [ 385263.994864538253751, 5546860.452672417275608, 0.0 ], [ 385243.860206678858958, 5546853.098716306500137, 0.0 ], [ 385225.333388449624181, 5546843.930649909190834, 0.0 ], [ 385205.305945083207916, 5546834.906092287041247, 0.0 ], [ 385178.266943143447861, 5546819.469635917805135, 0.0 ], [ 385167.505372005922254, 5546821.814104408957064, 0.0 ], [ 385164.664290829736274, 5546832.886835813522339, 0.0 ], [ 385155.362786014680751, 5546836.534725592471659, 0.0 ], [ 385140.076182792836335, 5546858.219141871668398, 0.0 ], [ 385121.969785212073475, 5546875.292552509345114, 0.0 ], [ 385108.391613890533336, 5546899.832330326549709, 0.0 ], [ 385098.36556876078248, 5546919.735401794314384, 0.0 ], [ 385099.888256046571769, 5546940.613826588727534, 0.0 ], [ 385091.226998683356214, 5546964.04693219345063, 0.0 ], [ 385083.877802121161949, 5546985.227264370769262, 0.0 ], [ 385079.408185641630553, 5547010.461207406595349, 0.0 ], [ 385076.023933751217555, 5547032.891088160686195, 0.0 ], [ 385082.945094595139381, 5547051.762573768384755, 0.0 ], [ 385069.362813455692958, 5547076.080110030248761, 0.0 ], [ 385083.309314262703992, 5547095.356727349571884, 0.0 ], [ 385080.717116663348861, 5547117.992044332437217, 0.0 ], [ 385064.389276626054198, 5547141.1450932668522, 0.0 ], [ 385041.958861183607951, 5547150.192025824449956, 0.0 ], [ 385047.119140909635462, 5547160.425422911532223, 0.0 ], [ 385064.533931849582586, 5547177.847743740305305, 0.0 ], [ 385076.621665499464143, 5547190.601753668859601, 0.0 ], [ 385092.924572464311495, 5547206.268388931639493, 0.0 ], [ 385111.429248575353995, 5547224.446034795604646, 0.0 ], [ 385122.951321320433635, 5547234.209100663661957, 0.0 ], [ 385103.147912371670827, 5547252.208935912698507, 0.0 ], [ 385086.28828391013667, 5547270.590491701848805, 0.0 ], [ 385069.774496756843291, 5547285.071634640917182, 0.0 ], [ 385050.837228834978305, 5547300.049858587794006, 0.0 ], [ 385036.248644881008659, 5547314.15602897759527, 0.0 ], [ 385028.20528381416807, 5547319.668024736456573, 0.0 ], [ 385015.937717444321606, 5547331.833435818552971, 0.0 ], [ 384999.188286732533015, 5547348.655703124590218, 0.0 ], [ 384987.164242383674718, 5547362.15070313308388, 0.0 ], [ 384961.612281221197918, 5547369.151807814836502, 0.0 ], [ 384936.083859314850997, 5547370.591044657863677, 0.0 ], [ 384925.405333072529174, 5547383.389853014610708, 0.0 ], [ 384944.432486817473546, 5547402.556746086105704, 0.0 ], [ 384933.922996414243244, 5547409.901645266450942, 0.0 ], [ 384951.94839444803074, 5547432.42701492831111, 0.0 ], [ 384968.997483844868839, 5547446.186302035115659, 0.0 ], [ 384981.230800850666128, 5547465.721967401914299, 0.0 ], [ 384992.724706007633358, 5547487.498159396462142, 0.0 ], [ 385011.786949434492271, 5547504.996072919107974, 0.0 ], [ 385017.43906364205759, 5547528.121500697918236, 0.0 ], [ 385025.672053966787644, 5547551.413882948458195, 0.0 ], [ 385038.713779721059836, 5547575.270236958749592, 0.0 ], [ 385056.048597330751363, 5547592.36052518337965, 0.0 ], [ 385069.841383895720355, 5547614.532353473827243, 0.0 ], [ 385074.767416302929632, 5547623.880966173484921, 0.0 ], [ 385085.465750179660972, 5547631.993194224312901, 0.0 ], [ 385104.403060767974239, 5547647.047045857645571, 0.0 ], [ 385113.601228271028958, 5547661.976579527370632, 0.0 ], [ 385117.510751085239463, 5547664.005919452756643, 0.0 ], [ 385134.958916653122287, 5547663.074811724945903, 0.0 ], [ 385154.72550009668339, 5547660.091817527078092, 0.0 ], [ 385156.836209506378509, 5547651.704250222072005, 0.0 ], [ 385167.944323845556937, 5547648.907333210110664, 0.0 ], [ 385180.016305981203914, 5547654.320725059136748, 0.0 ], [ 385192.090961119509302, 5547673.192864595912397, 0.0 ], [ 385200.332545883255079, 5547696.930219230242074, 0.0 ], [ 385195.944127855938859, 5547715.933496668934822, 0.0 ], [ 385197.034428562386893, 5547726.699349657632411, 0.0 ], [ 385208.765345594729297, 5547742.909393698908389, 0.0 ], [ 385206.32300863286946, 5547749.190699998289347, 0.0 ], [ 385197.879707751679234, 5547766.056469307281077, 0.0 ], [ 385184.76867798040621, 5547785.580795024521649, 0.0 ], [ 385172.678636714059394, 5547805.973060762509704, 0.0 ], [ 385163.357763121253811, 5547821.967908653430641, 0.0 ], [ 385152.899225912988186, 5547838.320908017456532, 0.0 ], [ 385142.54575633717468, 5547856.228887986391783, 0.0 ], [ 385134.770607725076843, 5547870.855822846293449, 0.0 ], [ 385150.634552634030115, 5547876.187646367587149, 0.0 ], [ 385168.919588780379854, 5547887.585131869651377, 0.0 ], [ 385189.92123556410661, 5547898.813095183111727, 0.0 ], [ 385207.376030132989399, 5547908.226407092995942, 0.0 ], [ 385222.462304343935102, 5547917.35694532468915, 0.0 ], [ 385240.747042957867961, 5547928.754672794602811, 0.0 ], [ 385261.765078412485309, 5547940.761162692680955, 0.0 ], [ 385298.815524109173566, 5547895.91905019339174, 0.0 ], [ 385384.605989377829246, 5547787.075998318381608, 0.0 ], [ 385535.296276183915325, 5547900.526545180939138, 0.0 ], [ 385551.756763998884708, 5547886.937776483595371, 0.0 ], [ 385564.007642562733963, 5547870.658452260307968, 0.0 ], [ 385576.110727133695036, 5547854.159864435903728, 0.0 ], [ 385589.816663798701484, 5547838.961750534363091, 0.0 ], [ 385606.986880160460714, 5547851.830546148121357, 0.0 ], [ 385623.775448324624449, 5547863.595267854630947, 0.0 ], [ 385641.062447846110445, 5547875.238146527670324, 0.0 ], [ 385657.230657550680917, 5547888.128533660434186, 0.0 ], [ 385662.879856615094468, 5547907.917726570740342, 0.0 ], [ 385669.428306838555727, 5547926.241708987392485, 0.0 ], [ 385676.13409144122852, 5547945.229708721861243, 0.0 ], [ 385682.41526562825311, 5547964.449255796149373, 0.0 ], [ 385689.910429093404673, 5547983.531616654247046, 0.0 ], [ 385699.265698892006185, 5548005.911085622385144, 0.0 ], [ 385681.946816209121607, 5548016.180884381756186, 0.0 ], [ 385664.10810260148719, 5548025.572027578949928, 0.0 ], [ 385629.592718304484151, 5548038.43447994068265, 0.0 ] ] ] } },
{ "type": "Feature", "properties": { "name": "Traumschleifchen Schönwies", "Nr": null, "darstell": "F1", "datum": null, "height": 52, "link": "https://www.saar-hunsrueck-steig.de/tour/traumschleifchen-schoenwies-d05efe4392", "km": 3.326, "erlebnis": null }, "geometry": { "type": "MultiLineString", "coordinates": [ [ [ 338131.911124503589235, 5491048.774629400111735, 0.0 ], [ 338131.07298210891895, 5491049.800901857204735, 0.0 ], [ 338135.347644200199284, 5491035.321132912300527, 0.0 ], [ 338145.980311774997972, 5491020.429787382483482, 0.0 ], [ 338158.31695609446615, 5491011.718407916836441, 0.0 ], [ 338171.235162787023, 5491000.653291479684412, 0.0 ], [ 338173.129852324142121, 5490986.466839981265366, 0.0 ], [ 338181.617600019322708, 5490982.209118856117129, 0.0 ], [ 338200.03451072529424, 5490983.219298944808543, 0.0 ], [ 338219.906030714861117, 5490972.281407444737852, 0.0 ], [ 338235.786151143198367, 5490958.569428861141205, 0.0 ], [ 338238.961524166632444, 5490955.804806427098811, 0.0 ], [ 338252.335727861500345, 5490935.714229814708233, 0.0 ], [ 338262.833160518319346, 5490913.817735783755779, 0.0 ], [ 338270.031756137963384, 5490905.148039004765451, 0.0 ], [ 338275.446660048153717, 5490907.101111022755504, 0.0 ], [ 338281.660452137060929, 5490909.141714544966817, 0.0 ], [ 338312.704645553021692, 5490906.328075443394482, 0.0 ], [ 338319.546559678856283, 5490910.018973619677126, 0.0 ], [ 338336.214626684377436, 5490910.63652693387121, 0.0 ], [ 338348.627143491874449, 5490899.586881970055401, 0.0 ], [ 338353.81395084108226, 5490891.422090131789446, 0.0 ], [ 338360.243237887625583, 5490881.217718658968806, 0.0 ], [ 338376.673169148853049, 5490868.93624531570822, 0.0 ], [ 338404.748366914805956, 5490861.204574557952583, 0.0 ], [ 338432.751310697, 5490853.475197061896324, 0.0 ], [ 338444.376677653111983, 5490857.358057008124888, 0.0 ], [ 338451.961867914185859, 5490864.142353663221002, 0.0 ], [ 338475.165845968294889, 5490865.456456357613206, 0.0 ], [ 338478.588058186986018, 5490863.68600251711905, 0.0 ], [ 338505.018985915114172, 5490849.328020821325481, 0.0 ], [ 338530.359407932148315, 5490844.57091645617038, 0.0 ], [ 338552.270201740320772, 5490831.571121499873698, 0.0 ], [ 338599.553028543945402, 5490836.84459787979722, 0.0 ], [ 338625.501846477971412, 5490833.071246602572501, 0.0 ], [ 338655.57021408143919, 5490831.512382310815156, 0.0 ], [ 338662.408825360063929, 5490837.540266430005431, 0.0 ], [ 338671.397619862633292, 5490845.284597140736878, 0.0 ], [ 338675.238147460040636, 5490855.184199460782111, 0.0 ], [ 338682.592435411177576, 5490854.187428273260593, 0.0 ], [ 338708.005410298937932, 5490851.876730675809085, 0.0 ], [ 338717.857557372772135, 5490837.454771087504923, 0.0 ], [ 338733.351664348621853, 5490830.208856373094022, 0.0 ], [ 338754.954350564628839, 5490826.34236479178071, 0.0 ], [ 338776.116409818001557, 5490819.818767261691391, 0.0 ], [ 338799.343375754891895, 5490819.464672094210982, 0.0 ], [ 338818.339230802725069, 5490820.459817592985928, 0.0 ], [ 338828.534341225749813, 5490827.389857879839838, 0.0 ], [ 338839.498389940010384, 5490823.616183414123952, 0.0 ], [ 338842.31826162408106, 5490794.16004098020494, 0.0 ], [ 338844.424912389018573, 5490769.954240378923714, 0.0 ], [ 338845.776037250761874, 5490766.687699496746063, 0.0 ], [ 338845.848365319659933, 5490766.685558279976249, 0.0 ], [ 338857.035523099824786, 5490741.09835307393223, 0.0 ], [ 338859.497277625021525, 5490714.211812591180205, 0.0 ], [ 338863.185250502487179, 5490682.282278236933053, 0.0 ], [ 338866.873281571897678, 5490650.352748730219901, 0.0 ], [ 338863.920169339166023, 5490619.064836327917874, 0.0 ], [ 338863.738969464902766, 5490603.160018826834857, 0.0 ], [ 338871.123234068276361, 5490603.163974079303443, 0.0 ], [ 338881.617648855259176, 5490600.628170397132635, 0.0 ], [ 338888.410068015393335, 5490597.756906126625836, 0.0 ], [ 338901.350532619631849, 5490592.255992543883622, 0.0 ], [ 338924.443537719198503, 5490582.449349517002702, 0.0 ], [ 338947.533333658182528, 5490572.531643691472709, 0.0 ], [ 338985.388543191249482, 5490557.615653569810092, 0.0 ], [ 339023.174905611202121, 5490542.813232725486159, 0.0 ], [ 339052.548011259292252, 5490529.928704600781202, 0.0 ], [ 339081.848918698960915, 5490517.046476097777486, 0.0 ], [ 339091.89306721574394, 5490518.863530289381742, 0.0 ], [ 339118.849464090890251, 5490524.631178348325193, 0.0 ], [ 339145.805797657347284, 5490530.398958660662174, 0.0 ], [ 339157.516794124210719, 5490532.278141098096967, 0.0 ], [ 339167.843638824182563, 5490533.864460946060717, 0.0 ], [ 339171.442944676266052, 5490557.678958002477884, 0.0 ], [ 339174.328857785789296, 5490579.400598120875657, 0.0 ], [ 339175.466025713540148, 5490590.938010320067406, 0.0 ], [ 339175.40970198251307, 5490603.734537439420819, 0.0 ], [ 339175.514133597200271, 5490626.873466490767896, 0.0 ], [ 339176.911141958611552, 5490634.954152761958539, 0.0 ], [ 339179.04137783520855, 5490640.899244313128293, 0.0 ], [ 339192.247004455071874, 5490671.328071502037346, 0.0 ], [ 339205.528108169091865, 5490701.865955132059753, 0.0 ], [ 339219.881064435525332, 5490727.031744026578963, 0.0 ], [ 339229.763190726749599, 5490740.536079587414861, 0.0 ], [ 339234.829247049870901, 5490745.393147867172956, 0.0 ], [ 339248.830722060753033, 5490758.664601234719157, 0.0 ], [ 339264.699641695711762, 5490768.988196191377938, 0.0 ], [ 339274.690257733804174, 5490778.817833984270692, 0.0 ], [ 339283.566261508094613, 5490790.126771067269146, 0.0 ], [ 339290.377804993942846, 5490797.713842980563641, 0.0 ], [ 339306.473626759951003, 5490803.46920857578516, 0.0 ], [ 339319.298554059467278, 5490803.869449130259454, 0.0 ], [ 339336.568702967604622, 5490797.90798456594348, 0.0 ], [ 339353.250891601259355, 5490784.287020211108029, 0.0 ], [ 339366.83537637302652, 5490783.441104527562857, 0.0 ], [ 339374.951653011376038, 5490795.996453681960702, 0.0 ], [ 339380.212828085990623, 5490829.552845017984509, 0.0 ], [ 339380.827192546450533, 5490835.653990527614951, 0.0 ], [ 339350.482050802092999, 5490847.452893727459013, 0.0 ], [ 339352.943221302586608, 5490867.073199640959501, 0.0 ], [ 339355.762271932151634, 5490893.914815745316446, 0.0 ], [ 339358.860613995697349, 5490922.862122481688857, 0.0 ], [ 339343.441939060343429, 5490925.31984452996403, 0.0 ], [ 339328.54282062331913, 5490925.759602473117411, 0.0 ], [ 339309.991445610532537, 5490922.635649355128407, 0.0 ], [ 339290.904104488028679, 5490920.973957215435803, 0.0 ], [ 339274.045607433887199, 5490921.249193302355707, 0.0 ], [ 339254.494531491247471, 5490923.495408771559596, 0.0 ], [ 339216.796070160751697, 5490931.395641460083425, 0.0 ], [ 339194.042849840712734, 5490937.964531298726797, 0.0 ], [ 339181.872355124098249, 5490940.104240169748664, 0.0 ], [ 339167.640621145663317, 5490941.081021932885051, 0.0 ], [ 339137.014016760105733, 5490940.873427304439247, 0.0 ], [ 339106.390687004313804, 5490940.777167576365173, 0.0 ], [ 339075.744317310280167, 5490942.350658695213497, 0.0 ], [ 339041.438921878812835, 5490947.481575565412641, 0.0 ], [ 339026.638471015612595, 5490948.809324259869754, 0.0 ], [ 338996.478697817306966, 5490949.701314683072269, 0.0 ], [ 338966.318925964471418, 5490950.593472355976701, 0.0 ], [ 338930.649253475130536, 5490951.203794563189149, 0.0 ], [ 338904.713975169812329, 5490952.972631402313709, 0.0 ], [ 338892.484429867181461, 5490955.55978140514344, 0.0 ], [ 338853.162596216308884, 5490964.845735191367567, 0.0 ], [ 338845.542175701004453, 5490966.628982434980571, 0.0 ], [ 338813.840883205644786, 5490974.131975898519158, 0.0 ], [ 338785.581543235806748, 5490978.084150685928762, 0.0 ], [ 338755.178344778600149, 5490973.199165328405797, 0.0 ], [ 338724.775083545071539, 5490968.31434858776629, 0.0 ], [ 338698.898908093106002, 5490967.189654126763344, 0.0 ], [ 338709.786554061807692, 5490955.96352712996304, 0.0 ], [ 338712.136652579763904, 5490947.326853908598423, 0.0 ], [ 338708.338786426582374, 5490933.976899279281497, 0.0 ], [ 338706.92093731922796, 5490917.886177873238921, 0.0 ], [ 338687.714990055072121, 5490917.120183038525283, 0.0 ], [ 338681.649329129548278, 5490915.185995362699032, 0.0 ], [ 338663.376697824453004, 5490909.274453407153487, 0.0 ], [ 338639.222864706767723, 5490907.653937727212906, 0.0 ], [ 338625.108657206874341, 5490897.947661707177758, 0.0 ], [ 338603.126734403718729, 5490881.687810993753374, 0.0 ], [ 338583.676504416682292, 5490870.248424493707716, 0.0 ], [ 338571.920009171939455, 5490869.261932097375393, 0.0 ], [ 338563.490743004367687, 5490870.624516294337809, 0.0 ], [ 338539.923171833681408, 5490883.895936787128448, 0.0 ], [ 338525.096878242969979, 5490891.678914454765618, 0.0 ], [ 338514.238459564105142, 5490896.562710137106478, 0.0 ], [ 338502.801218438253272, 5490899.015971514396369, 0.0 ], [ 338469.193020851351321, 5490905.687462952919304, 0.0 ], [ 338456.921139773272444, 5490911.725926078855991, 0.0 ], [ 338450.356200471054763, 5490914.924791199155152, 0.0 ], [ 338439.939481506007724, 5490929.809077992103994, 0.0 ], [ 338419.705501667805947, 5490938.309163950383663, 0.0 ], [ 338403.494321652106009, 5490936.00888831820339, 0.0 ], [ 338389.087692396482453, 5490931.096090353094041, 0.0 ], [ 338374.816362926445436, 5490930.740995610132813, 0.0 ], [ 338369.960617051343434, 5490930.551394063979387, 0.0 ], [ 338361.925531769578811, 5490928.119732690043747, 0.0 ], [ 338347.315065675415099, 5490923.65813744161278, 0.0 ], [ 338313.77948937844485, 5490930.328447691164911, 0.0 ], [ 338297.70361702167429, 5490932.58615105971694, 0.0 ], [ 338271.098556355689652, 5490941.053545230068266, 0.0 ], [ 338259.845781423384324, 5490944.83697435259819, 0.0 ], [ 338250.381347331800498, 5490947.899721902795136, 0.0 ], [ 338238.961524166632444, 5490955.804806427098811, 0.0 ], [ 338235.786151143198367, 5490958.569428861141205, 0.0 ], [ 338238.877387496584561, 5490965.153207979165018, 0.0 ], [ 338223.963941215770319, 5490979.72653425950557, 0.0 ], [ 338212.998726846766658, 5490993.181205900385976, 0.0 ], [ 338207.890799848828465, 5490999.118588924407959, 0.0 ], [ 338206.842268259380944, 5491000.373623584397137, 0.0 ], [ 338202.503496695659123, 5491005.398064033128321, 0.0 ], [ 338201.83715692430269, 5491012.204778180457652, 0.0 ], [ 338178.822425601072609, 5491019.675843881443143, 0.0 ], [ 338166.560628598905168, 5491023.600735853426158, 0.0 ], [ 338144.864755803777371, 5491034.036781257018447, 0.0 ], [ 338131.842105729389004, 5491048.887942737899721, 0.0 ] ] ] } },
{ "type": "Feature", "properties": { "name": "Traumschleifchen Kuckucksnack", "Nr": null, "darstell": "F1", "datum": null, "height": 186, "link": "https://www.saar-hunsrueck-steig.de/tour/traumschleifchen-kuckucksnack-ab55b6d55b", "km": 6.814, "erlebnis": null }, "geometry": { "type": "MultiLineString", "coordinates": [ [ [ 405305.752337637357414, 5550989.222237809561193, 0.0 ], [ 405286.649931639258284, 5550985.001169613562524, 0.0 ], [ 405222.963292608445045, 5550963.554290115833282, 0.0 ], [ 405182.382720992784016, 5550970.391633463092148, 0.0 ], [ 405121.431446917296853, 5550982.151082866825163, 0.0 ], [ 405047.020472972828429, 5550997.264629803597927, 0.0 ], [ 405001.557622665830422, 5551007.081812866032124, 0.0 ], [ 404978.229449573671445, 5551010.610964518040419, 0.0 ], [ 404941.258860801463015, 5551015.272804632782936, 0.0 ], [ 404944.18110176193295, 5551010.660904006101191, 0.0 ], [ 404942.25430768483784, 5551010.917638322338462, 0.0 ], [ 404950.60611440660432, 5550993.864050393924117, 0.0 ], [ 404951.641155450488441, 5550991.732512010261416, 0.0 ], [ 404933.704369181301445, 5550988.715330807492137, 0.0 ], [ 404912.996735455584712, 5550982.744704300537705, 0.0 ], [ 404900.69156973331701, 5550974.622604114934802, 0.0 ], [ 404893.123846266244072, 5550967.417097829282284, 0.0 ], [ 404879.566665256221313, 5550969.326835530810058, 0.0 ], [ 404856.410551808425225, 5550986.533090780489147, 0.0 ], [ 404840.100039237877354, 5550994.497687213122845, 0.0 ], [ 404834.249427263916004, 5551011.395663450472057, 0.0 ], [ 404824.9424687702558, 5551031.024452826939523, 0.0 ], [ 404789.565008401987143, 5551040.774919649586082, 0.0 ], [ 404750.272533684270456, 5551051.596411635167897, 0.0 ], [ 404729.952026123239193, 5551055.295439967885613, 0.0 ], [ 404700.549861478037201, 5551063.160428736358881, 0.0 ], [ 404680.334676952916197, 5551068.748452454805374, 0.0 ], [ 404644.796817702357657, 5551077.501806738786399, 0.0 ], [ 404609.332563070929609, 5551086.365302833728492, 0.0 ], [ 404605.131444725673646, 5551087.441309099085629, 0.0 ], [ 404583.41079384990735, 5551092.83416888397187, 0.0 ], [ 404541.892386488907505, 5551103.140912569127977, 0.0 ], [ 404501.998930472764187, 5551112.306752380914986, 0.0 ], [ 404488.664708596421406, 5551114.658377329818904, 0.0 ], [ 404487.326124353916384, 5551123.802102886140347, 0.0 ], [ 404486.370939665706828, 5551134.384789562784135, 0.0 ], [ 404484.88962963904487, 5551155.54248892236501, 0.0 ], [ 404483.842967472970486, 5551161.010838255286217, 0.0 ], [ 404482.472583415801637, 5551168.375665571540594, 0.0 ], [ 404481.457944102992769, 5551183.63052596244961, 0.0 ], [ 404482.844713121186942, 5551197.174173676408827, 0.0 ], [ 404481.818050647038035, 5551207.758141831494868, 0.0 ], [ 404476.67991330428049, 5551224.42137713637203, 0.0 ], [ 404455.958115900750272, 5551265.608743221499026, 0.0 ], [ 404438.686557046603411, 5551299.72778232395649, 0.0 ], [ 404435.234660854679532, 5551306.685014930553734, 0.0 ], [ 404434.132501433603466, 5551313.044106430374086, 0.0 ], [ 404434.248199862078764, 5551327.500233858823776, 0.0 ], [ 404437.632327301427722, 5551372.70494513399899, 0.0 ], [ 404438.383465900958981, 5551382.701023228466511, 0.0 ], [ 404437.698545949649997, 5551392.389154669828713, 0.0 ], [ 404435.408974077145103, 5551408.334156566299498, 0.0 ], [ 404429.133401615079492, 5551433.359083249233663, 0.0 ], [ 404425.262838793743867, 5551448.88752568140626, 0.0 ], [ 404422.859883790602908, 5551458.495200285688043, 0.0 ], [ 404422.907955075264908, 5551469.17116632591933, 0.0 ], [ 404425.909550605574623, 5551481.017644790001214, 0.0 ], [ 404426.581092415959574, 5551486.566470300778747, 0.0 ], [ 404433.666731466422789, 5551510.796140728518367, 0.0 ], [ 404440.823813714785501, 5551535.024540795013309, 0.0 ], [ 404443.583110688021407, 5551549.322137976996601, 0.0 ], [ 404442.699771004728973, 5551563.907369097694755, 0.0 ], [ 404439.02786643547006, 5551578.542515129782259, 0.0 ], [ 404438.559195879555773, 5551580.330375586636364, 0.0 ], [ 404432.96657567267539, 5551591.552182346582413, 0.0 ], [ 404419.781519723590463, 5551618.146647940389812, 0.0 ], [ 404415.406654753838666, 5551633.461702143773437, 0.0 ], [ 404412.0587091165944, 5551650.204194449819624, 0.0 ], [ 404411.314672131848056, 5551668.568319659680128, 0.0 ], [ 404411.905428772675805, 5551689.57775307726115, 0.0 ], [ 404417.08462677715579, 5551723.1837676493451, 0.0 ], [ 404428.553416805923916, 5551748.558341187424958, 0.0 ], [ 404430.253638632595539, 5551751.641978478990495, 0.0 ], [ 404451.755374080094043, 5551758.152539362199605, 0.0 ], [ 404478.818207801319659, 5551767.677749902941287, 0.0 ], [ 404503.793951120926067, 5551792.477152545936406, 0.0 ], [ 404525.726752821879927, 5551815.106749241240323, 0.0 ], [ 404538.253244770457968, 5551831.676485261879861, 0.0 ], [ 404565.587856025900692, 5551856.433979201130569, 0.0 ], [ 404589.529902984679211, 5551867.46134459413588, 0.0 ], [ 404618.107285722566303, 5551877.738686684519053, 0.0 ], [ 404655.270215701952111, 5551896.204089627601206, 0.0 ], [ 404660.922458490356803, 5551908.336993055418134, 0.0 ], [ 404707.743274650420062, 5551910.948691395111382, 0.0 ], [ 404738.491029855504166, 5551914.626127465628088, 0.0 ], [ 404767.355916599102784, 5551921.00653338804841, 0.0 ], [ 404786.314467243500985, 5551925.339445665478706, 0.0 ], [ 404787.664874718349893, 5551928.874296461232007, 0.0 ], [ 404788.862371064606123, 5551931.855790944769979, 0.0 ], [ 404793.239445139188319, 5551936.671260704286397, 0.0 ], [ 404800.323479998449329, 5551940.88237249199301, 0.0 ], [ 404806.019322270236444, 5551943.449997280724347, 0.0 ], [ 404807.532653061440215, 5551944.090310667641461, 0.0 ], [ 404825.803736668138299, 5551953.996458441950381, 0.0 ], [ 404830.363533773575909, 5551957.029230911284685, 0.0 ], [ 404841.580298246757593, 5551964.392002388834953, 0.0 ], [ 404853.188204004603904, 5551973.638509683310986, 0.0 ], [ 404865.204909202642739, 5551989.773194584995508, 0.0 ], [ 404885.728516695322469, 5552029.779135522432625, 0.0 ], [ 404887.358873985591345, 5552032.975370718166232, 0.0 ], [ 404897.780475360865239, 5552051.918964922428131, 0.0 ], [ 404920.5940340461093, 5552079.984038324095309, 0.0 ], [ 404943.478851844905876, 5552108.047934229485691, 0.0 ], [ 404957.077771611162461, 5552124.710719083435833, 0.0 ], [ 404963.329000480356626, 5552134.386485571973026, 0.0 ], [ 404964.605769504443742, 5552137.811471595428884, 0.0 ], [ 404966.557656999735627, 5552143.003905486315489, 0.0 ], [ 404968.646357507619541, 5552151.864056210033596, 0.0 ], [ 404968.441772670834325, 5552152.423782270401716, 0.0 ], [ 404949.718905787798576, 5552141.190616007894278, 0.0 ], [ 404937.666716693609487, 5552131.06209094915539, 0.0 ], [ 404923.960407726583071, 5552116.403168306685984, 0.0 ], [ 404904.583963781420607, 5552104.625712094828486, 0.0 ], [ 404885.471793308213819, 5552087.616426566615701, 0.0 ], [ 404868.718681261816528, 5552074.56896601524204, 0.0 ], [ 404849.230975967715494, 5552056.565546097233891, 0.0 ], [ 404840.618825634592213, 5552026.801755424588919, 0.0 ], [ 404822.403649992949795, 5552016.004832896403968, 0.0 ], [ 404803.046445750514977, 5552005.339554227888584, 0.0 ], [ 404781.379468606144655, 5551993.492160120047629, 0.0 ], [ 404745.611590346437879, 5551989.014337348751724, 0.0 ], [ 404736.359133283200208, 5551967.4921695291996, 0.0 ], [ 404726.333854198688641, 5551958.773746595717967, 0.0 ], [ 404716.248850981530268, 5551958.731321969069541, 0.0 ], [ 404707.05559306073701, 5551956.559876737184823, 0.0 ], [ 404681.644525669980794, 5551947.337703699246049, 0.0 ], [ 404671.992468451266177, 5551943.50625728443265, 0.0 ], [ 404635.538933785108384, 5551924.694424135610461, 0.0 ], [ 404599.156635463994462, 5551905.881559459492564, 0.0 ], [ 404597.438710216083564, 5551905.801045166328549, 0.0 ], [ 404564.355218659387901, 5551903.500778205692768, 0.0 ], [ 404529.553763996169437, 5551901.120223430916667, 0.0 ], [ 404513.369474696170073, 5551899.963879670016468, 0.0 ], [ 404500.692534341942519, 5551898.967270494438708, 0.0 ], [ 404484.728570207837038, 5551894.136910985223949, 0.0 ], [ 404464.91166100819828, 5551889.820420364849269, 0.0 ], [ 404426.741699241159949, 5551887.055949908681214, 0.0 ], [ 404411.613874427101109, 5551884.991261499933898, 0.0 ], [ 404410.602951516455505, 5551884.453278810717165, 0.0 ], [ 404404.259382757300045, 5551881.675233714282513, 0.0 ], [ 404400.370443889987655, 5551876.184027001261711, 0.0 ], [ 404390.01264055602951, 5551864.914178024046123, 0.0 ], [ 404367.667211051215418, 5551859.197509196586907, 0.0 ], [ 404340.730136136524379, 5551856.677290043793619, 0.0 ], [ 404315.419799246825278, 5551857.130908343940973, 0.0 ], [ 404288.524277819378767, 5551852.941950048319995, 0.0 ], [ 404270.686776961607393, 5551843.363476946018636, 0.0 ], [ 404256.612416952440981, 5551828.267927728593349, 0.0 ], [ 404247.08797126589343, 5551811.644976465031505, 0.0 ], [ 404237.631280162080657, 5551798.802207566797733, 0.0 ], [ 404260.102451813232619, 5551807.518950580619276, 0.0 ], [ 404277.788845007424243, 5551812.651417542248964, 0.0 ], [ 404248.853443777246866, 5551782.47442495636642, 0.0 ], [ 404244.679089828510769, 5551761.084397709928453, 0.0 ], [ 404232.798693945282139, 5551740.722346833907068, 0.0 ], [ 404247.330788550898433, 5551737.458807186223567, 0.0 ], [ 404250.593273083854001, 5551727.946836287155747, 0.0 ], [ 404250.010433942370582, 5551715.389757755212486, 0.0 ], [ 404241.332115875207819, 5551702.088150148279965, 0.0 ], [ 404233.384715606691316, 5551689.66318045463413, 0.0 ], [ 404218.515377793170046, 5551674.137112643569708, 0.0 ], [ 404209.858862271008547, 5551662.05854974873364, 0.0 ], [ 404209.295877215045039, 5551650.613288793712854, 0.0 ], [ 404202.432172385742888, 5551630.828587136231363, 0.0 ], [ 404197.4414238067111, 5551611.788802077062428, 0.0 ], [ 404198.539233820571098, 5551605.207292003557086, 0.0 ], [ 404195.205289942678064, 5551590.808896295726299, 0.0 ], [ 404185.235287499264814, 5551573.304302052594721, 0.0 ], [ 404174.567820447962731, 5551552.809381709434092, 0.0 ], [ 404162.720657630998176, 5551534.337566085159779, 0.0 ], [ 404149.2704133822117, 5551514.226299067959189, 0.0 ], [ 404128.648179257637821, 5551497.02427832968533, 0.0 ], [ 404098.134822242893279, 5551462.761342021636665, 0.0 ], [ 404078.239249033795204, 5551446.213756298646331, 0.0 ], [ 404047.502073836163618, 5551423.410483437590301, 0.0 ], [ 404012.988900429045316, 5551401.453786678612232, 0.0 ], [ 403980.115007089276332, 5551387.141810268163681, 0.0 ], [ 403948.377007254166529, 5551372.364726675674319, 0.0 ], [ 403905.112534064392094, 5551357.016753981821239, 0.0 ], [ 403869.524313039088156, 5551338.972909341566265, 0.0 ], [ 403812.52788875636179, 5551307.857643113471568, 0.0 ], [ 403776.164475412282627, 5551290.495671808719635, 0.0 ], [ 403731.27155486663105, 5551272.175553859211504, 0.0 ], [ 403711.887373411795124, 5551260.291189659386873, 0.0 ], [ 403703.836566656886134, 5551258.100821325555444, 0.0 ], [ 403697.091545691713691, 5551248.991435725241899, 0.0 ], [ 403690.943867293652147, 5551225.413025723770261, 0.0 ], [ 403691.158387371455319, 5551225.409156223759055, 0.0 ], [ 403690.625061955302954, 5551219.635473446920514, 0.0 ], [ 403678.502915514342021, 5551209.844583106227219, 0.0 ], [ 403675.192838192800991, 5551204.788299569860101, 0.0 ], [ 403650.75577391916886, 5551174.533221977762878, 0.0 ], [ 403646.512039994238876, 5551169.271368345245719, 0.0 ], [ 403643.876131770666689, 5551157.974763525649905, 0.0 ], [ 403643.633915714803152, 5551136.625397861935198, 0.0 ], [ 403646.161743580363691, 5551110.221263062208891, 0.0 ], [ 403646.221213790238835, 5551109.552885659970343, 0.0 ], [ 403647.550344749237411, 5551099.964207048527896, 0.0 ], [ 403651.222357844468206, 5551073.539430426433682, 0.0 ], [ 403651.875831047887914, 5551062.183468209579587, 0.0 ], [ 403651.633795939269476, 5551052.734360193833709, 0.0 ], [ 403646.346567122265697, 5551033.255512285977602, 0.0 ], [ 403639.117228883202188, 5551017.148237619549036, 0.0 ], [ 403638.821158754290082, 5551016.597493859007955, 0.0 ], [ 403624.108612352632917, 5550998.067289629951119, 0.0 ], [ 403599.999305184232071, 5550974.145891491323709, 0.0 ], [ 403579.528304680716246, 5550957.610462198965251, 0.0 ], [ 403563.58041212259559, 5550941.994374397210777, 0.0 ], [ 403535.106415503250901, 5550918.040866139344871, 0.0 ], [ 403514.730618526635226, 5550902.838563029654324, 0.0 ], [ 403499.599137596494984, 5550888.876166461035609, 0.0 ], [ 403480.027005167503376, 5550870.656595666892827, 0.0 ], [ 403478.864734475559089, 5550869.676647425629199, 0.0 ], [ 403489.709539858507924, 5550864.142195351421833, 0.0 ], [ 403508.83766308252234, 5550857.790775969624519, 0.0 ], [ 403510.917527833022177, 5550858.086845556274056, 0.0 ], [ 403512.999401279608719, 5550858.494097058661282, 0.0 ], [ 403517.669755091366824, 5550859.633101138286293, 0.0 ], [ 403518.846468128089327, 5550833.698185154236853, 0.0 ], [ 403512.86231419746764, 5550799.440132822841406, 0.0 ], [ 403533.898174430418294, 5550815.520253432914615, 0.0 ], [ 403552.00950175622711, 5550839.994578178972006, 0.0 ], [ 403576.000194754917175, 5550873.148963161744177, 0.0 ], [ 403577.579469065531157, 5550873.454097824171185, 0.0 ], [ 403602.560523436171934, 5550882.234109711833298, 0.0 ], [ 403635.546166190528311, 5550898.543772188946605, 0.0 ], [ 403659.35945793701103, 5550910.014333445578814, 0.0 ], [ 403663.83325202652486, 5550912.157965292222798, 0.0 ], [ 403681.633501776901539, 5550923.403456919826567, 0.0 ], [ 403715.262896980915684, 5550943.705808104947209, 0.0 ], [ 403746.28960906190332, 5550962.498237487860024, 0.0 ], [ 403773.845554776955396, 5550979.240258588455617, 0.0 ], [ 403777.387610580015462, 5550981.289556291885674, 0.0 ], [ 403795.321598576905672, 5550999.984559662640095, 0.0 ], [ 403808.448525096406229, 5551005.976232237182558, 0.0 ], [ 403849.887753242568579, 5551015.128210720606148, 0.0 ], [ 403878.214600028470159, 5551023.07071228325367, 0.0 ], [ 403891.44436687452253, 5551026.836389117874205, 0.0 ], [ 403907.15092738129897, 5551029.111700855195522, 0.0 ], [ 403929.354813137091696, 5551030.71406732685864, 0.0 ], [ 403929.569340917165391, 5551030.710207504220307, 0.0 ], [ 403943.058589749503881, 5551029.021700645796955, 0.0 ], [ 403952.839361978054512, 5551027.956019897013903, 0.0 ], [ 403966.650176875817124, 5551024.259880063124001, 0.0 ], [ 403976.190440813545138, 5551021.75274517852813, 0.0 ], [ 404015.789326357713435, 5551008.139584558084607, 0.0 ], [ 404032.818163477873895, 5551004.385772993788123, 0.0 ], [ 404053.676989815663546, 5551002.787536806426942, 0.0 ], [ 404061.857052400941029, 5551004.197596702724695, 0.0 ], [ 404071.399787026341073, 5551005.805621959269047, 0.0 ], [ 404086.675648081465624, 5551011.981796156615019, 0.0 ], [ 404104.299302547529805, 5551017.448545228689909, 0.0 ], [ 404130.907144818629604, 5551021.308216385543346, 0.0 ], [ 404160.130854905582964, 5551023.452810727059841, 0.0 ], [ 404202.931627220881637, 5551028.801688713021576, 0.0 ], [ 404226.963002326898277, 5551032.596842369064689, 0.0 ], [ 404243.821494820644148, 5551035.297345322556794, 0.0 ], [ 404284.639744797896128, 5551041.79459569323808, 0.0 ], [ 404310.750730986474082, 5551045.886495349928737, 0.0 ], [ 404342.337788135511801, 5551044.208352105692029, 0.0 ], [ 404373.998359630699269, 5551042.640296525321901, 0.0 ], [ 404390.11958332604263, 5551040.127268017269671, 0.0 ], [ 404399.036318565835245, 5551038.744226940907538, 0.0 ], [ 404405.15211191365961, 5551032.740237023681402, 0.0 ], [ 404499.391237066825852, 5551030.497810746543109, 0.0 ], [ 404519.938038652879186, 5551019.453548355959356, 0.0 ], [ 404538.526340789860114, 5551006.887346433475614, 0.0 ], [ 404563.37785691692261, 5551004.552423883229494, 0.0 ], [ 404587.498402587370947, 5551001.340945057570934, 0.0 ], [ 404616.6345750951441, 5550998.596061589196324, 0.0 ], [ 404642.272758658975363, 5550996.247455783188343, 0.0 ], [ 404661.238729125005193, 5550992.794717732816935, 0.0 ], [ 404663.362182485405356, 5550991.533420267514884, 0.0 ], [ 404671.361392505641561, 5550986.830719408579171, 0.0 ], [ 404705.253268080588896, 5550973.991920621134341, 0.0 ], [ 404736.557054653647356, 5550960.420997994020581, 0.0 ], [ 404742.752645984117407, 5550958.864651769399643, 0.0 ], [ 404752.934957813879009, 5550956.23624818213284, 0.0 ], [ 404768.885807093582116, 5550952.170382297597826, 0.0 ], [ 404793.493381035455968, 5550948.172642312943935, 0.0 ], [ 404822.246435270935763, 5550947.993704915046692, 0.0 ], [ 404838.735574586316943, 5550946.031570353545249, 0.0 ], [ 404840.66238836676348, 5550945.774798942729831, 0.0 ], [ 404826.692812418041285, 5550928.562765003181994, 0.0 ], [ 404817.621384491969366, 5550917.269148771651089, 0.0 ], [ 404811.193675690505188, 5550909.82099933270365, 0.0 ], [ 404801.502219035872258, 5550903.876858626492321, 0.0 ], [ 404796.174887383065652, 5550897.966141168959439, 0.0 ], [ 404790.23368114233017, 5550893.734623312950134, 0.0 ], [ 404787.589901565341279, 5550889.889181830920279, 0.0 ], [ 404788.658745841123164, 5550885.643892618827522, 0.0 ], [ 404793.46599308878649, 5550882.444114402867854, 0.0 ], [ 404798.28315710456809, 5550879.800246899016201, 0.0 ], [ 404794.046307962969877, 5550874.871038717217743, 0.0 ], [ 404787.574759961396921, 5550868.980729770846665, 0.0 ], [ 404800.446944457478821, 5550864.747429341077805, 0.0 ], [ 404807.937796823389363, 5550863.612937288358808, 0.0 ], [ 404810.671245165285654, 5550860.450145041570067, 0.0 ], [ 404808.520117473963182, 5550856.151044923812151, 0.0 ], [ 404805.244622811675072, 5550852.984155669808388, 0.0 ], [ 404799.931276523740962, 5550843.847903052344918, 0.0 ], [ 404805.280931708577555, 5550838.970218128524721, 0.0 ], [ 404812.372643150272779, 5550835.507300751283765, 0.0 ], [ 404814.075051608146168, 5550834.698438250459731, 0.0 ], [ 404800.599441384198144, 5550825.151603824459016, 0.0 ], [ 404798.787858747178689, 5550823.849301756359637, 0.0 ], [ 404832.531382257002406, 5550826.695535007864237, 0.0 ], [ 404866.276844198757317, 5550829.653162283822894, 0.0 ], [ 404900.093774158332963, 5550832.609728757292032, 0.0 ], [ 404901.168430450663436, 5550832.701806512661278, 0.0 ], [ 404904.253335526562296, 5550833.202950638718903, 0.0 ], [ 404943.493638741143513, 5550859.529892983846366, 0.0 ], [ 404982.805063882027753, 5550885.855847434140742, 0.0 ], [ 404997.800018732203171, 5550892.37325156852603, 0.0 ], [ 405000.026747766183689, 5550892.88971790112555, 0.0 ], [ 405035.602612313930877, 5550902.266389526426792, 0.0 ], [ 405081.630760510975961, 5550912.12478546705097, 0.0 ], [ 405127.587217254040297, 5550921.984846699982882, 0.0 ], [ 405127.658727769274265, 5550921.983576158061624, 0.0 ], [ 405134.279175310046412, 5550924.201497798785567, 0.0 ], [ 405151.070633814204484, 5550939.25106921326369, 0.0 ], [ 405165.881861051428132, 5550951.555450337938964, 0.0 ], [ 405179.7385937772342, 5550954.42342833429575, 0.0 ], [ 405198.889475860167295, 5550953.304873863235116, 0.0 ], [ 405220.730119081097655, 5550950.581615613773465, 0.0 ], [ 405242.252209841622971, 5550954.092215054668486, 0.0 ], [ 405262.331737527041696, 5550960.964984092861414, 0.0 ], [ 405280.433111612568609, 5550965.203725388273597, 0.0 ], [ 405302.941380493692122, 5550975.926132390275598, 0.0 ] ] ] } },
{ "type": "Feature", "properties": { "name": "Traumschleifchen Der kleine Märker", "Nr": null, "darstell": "F1", "datum": null, "height": 107, "link": "https://www.saar-hunsrueck-steig.de/tour/traumschleifchen-der-kleine-maerker-8bedca5c64", "km": 5.694, "erlebnis": null }, "geometry": { "type": "MultiLineString", "coordinates": [ [ [ 355948.194307382684201, 5512915.918707978911698, 0.0 ], [ 355942.331278888974339, 5512912.292544574476779, 0.0 ], [ 355937.494422529591247, 5512909.30652288813144, 0.0 ], [ 355929.576053183991462, 5512904.288933588191867, 0.0 ], [ 355922.332597895350773, 5512900.254594014026225, 0.0 ], [ 355915.127655263757333, 5512897.665456405840814, 0.0 ], [ 355909.191649720887654, 5512896.711215942166746, 0.0 ], [ 355889.535749277216382, 5512900.238916375674307, 0.0 ], [ 355883.803078664350323, 5512901.504235965199769, 0.0 ], [ 355871.872078173677437, 5512905.493530172854662, 0.0 ], [ 355865.493238228140399, 5512909.557291706092656, 0.0 ], [ 355860.647762183099985, 5512914.358905208297074, 0.0 ], [ 355856.294636967591941, 5512918.702402886003256, 0.0 ], [ 355841.237004018155858, 5512948.695866405032575, 0.0 ], [ 355821.737721869663801, 5512941.87360708322376, 0.0 ], [ 355814.13402002537623, 5512956.761136836372316, 0.0 ], [ 355814.89153609261848, 5512971.64812810625881, 0.0 ], [ 355818.611478576203808, 5512994.910925129428506, 0.0 ], [ 355818.384720475529321, 5513018.83524117898196, 0.0 ], [ 355817.389454207732342, 5513024.757921554148197, 0.0 ], [ 355818.384720475529321, 5513018.83524117898196, 0.0 ], [ 355818.611478576203808, 5512994.910925129428506, 0.0 ], [ 355814.89153609261848, 5512971.64812810625881, 0.0 ], [ 355814.13402002537623, 5512956.761136836372316, 0.0 ], [ 355821.737721869663801, 5512941.87360708322376, 0.0 ], [ 355841.237004018155858, 5512948.695866405032575, 0.0 ], [ 355856.294636967591941, 5512918.702402886003256, 0.0 ], [ 355865.493238228140399, 5512909.557291706092656, 0.0 ], [ 355871.872078173677437, 5512905.493530172854662, 0.0 ], [ 355883.803078664350323, 5512901.504235965199769, 0.0 ], [ 355889.535749277216382, 5512900.238916375674307, 0.0 ], [ 355879.945253111072816, 5512878.467579565942287, 0.0 ], [ 355880.760106567759067, 5512873.884698892943561, 0.0 ], [ 355883.117216863727663, 5512870.37317505851388, 0.0 ], [ 355888.541056489339098, 5512868.3373564472422, 0.0 ], [ 355900.547144426032901, 5512864.457349440082908, 0.0 ], [ 355910.566966729587875, 5512859.072850373573601, 0.0 ], [ 355920.858972889953293, 5512847.673743858933449, 0.0 ], [ 355926.591492950043175, 5512838.287394341081381, 0.0 ], [ 355930.873629926354624, 5512831.275908632203937, 0.0 ], [ 355939.135927878145594, 5512814.034816705621779, 0.0 ], [ 355944.688906337425578, 5512803.318303835578263, 0.0 ], [ 355949.249401653476525, 5512798.635616554878652, 0.0 ], [ 355952.410774250340182, 5512795.547684297896922, 0.0 ], [ 355953.868985386216082, 5512788.055236911401153, 0.0 ], [ 355956.629674405092373, 5512780.750577071681619, 0.0 ], [ 355961.693322793638799, 5512770.603362815454602, 0.0 ], [ 355961.098213265882805, 5512764.500604049302638, 0.0 ], [ 355960.476442235347349, 5512757.397327649407089, 0.0 ], [ 355958.331107713922393, 5512747.219717799685895, 0.0 ], [ 355965.20460407983046, 5512745.479097025468946, 0.0 ], [ 355970.289179115730803, 5512744.231140810996294, 0.0 ], [ 356000.469095220149029, 5512737.975954216904938, 0.0 ], [ 356021.787503188475966, 5512761.660046628676355, 0.0 ], [ 356026.531621883041225, 5512755.748815927654505, 0.0 ], [ 356049.834027895762119, 5512737.551112422719598, 0.0 ], [ 356083.715340874390677, 5512713.286989144980907, 0.0 ], [ 356096.107741966552567, 5512704.947256496176124, 0.0 ], [ 356114.178836394683458, 5512696.011406421661377, 0.0 ], [ 356145.655854305368848, 5512681.601464561186731, 0.0 ], [ 356157.098102580581326, 5512678.182049445807934, 0.0 ], [ 356161.819660871638916, 5512676.832690607756376, 0.0 ], [ 356189.587588961527217, 5512669.307798963040113, 0.0 ], [ 356198.342948473873548, 5512667.85116005782038, 0.0 ], [ 356209.309540299756918, 5512668.226920591667295, 0.0 ], [ 356215.623626641114242, 5512669.83892607036978, 0.0 ], [ 356210.362572457757778, 5512661.746565406210721, 0.0 ], [ 356185.051208106684498, 5512642.395381604321301, 0.0 ], [ 356180.334668511466589, 5512638.51595982350409, 0.0 ], [ 356246.539114024373703, 5512531.292571615427732, 0.0 ], [ 356246.539114024373703, 5512531.292571615427732, 0.0 ], [ 356263.875267521827482, 5512538.062666470184922, 0.0 ], [ 356277.457392493030056, 5512506.663573039695621, 0.0 ], [ 356290.967652169289067, 5512475.26643302757293, 0.0 ], [ 356304.475125236378517, 5512443.758162495680153, 0.0 ], [ 356330.232933016086463, 5512444.63102637976408, 0.0 ], [ 356355.918692078907043, 5512445.505926835350692, 0.0 ], [ 356381.445600928273052, 5512445.828933262266219, 0.0 ], [ 356408.950473100703675, 5512439.202202696353197, 0.0 ], [ 356436.455406793742441, 5512432.575613358989358, 0.0 ], [ 356431.156692095682956, 5512401.344657049514353, 0.0 ], [ 356425.929964909679256, 5512370.111793077550828, 0.0 ], [ 356419.58719928143546, 5512324.001467493362725, 0.0 ], [ 356416.880494343175087, 5512308.94375382643193, 0.0 ], [ 356409.83854820067063, 5512282.65398286934942, 0.0 ], [ 356402.724505186546594, 5512256.366134147159755, 0.0 ], [ 356399.690025724703446, 5512242.540850806050003, 0.0 ], [ 356397.655761087313294, 5512220.234225108288229, 0.0 ], [ 356397.468563937174622, 5512215.900562156923115, 0.0 ], [ 356394.90985711599933, 5512171.135963184759021, 0.0 ], [ 356393.659135221154429, 5512148.474786656908691, 0.0 ], [ 356400.277783076802734, 5512120.82097066193819, 0.0 ], [ 356401.967738605628256, 5512113.878769473172724, 0.0 ], [ 356403.053633953095414, 5512108.621318046934903, 0.0 ], [ 356407.901517100923229, 5512087.578122462145984, 0.0 ], [ 356409.459226120496169, 5512081.084425264969468, 0.0 ], [ 356415.792853189283051, 5512053.549455533735454, 0.0 ], [ 356424.464940495206974, 5512019.055085943080485, 0.0 ], [ 356433.206242644693702, 5511984.447652555070817, 0.0 ], [ 356473.218823088973295, 5512003.521046466194093, 0.0 ], [ 356513.306103757349774, 5512022.70398835837841, 0.0 ], [ 356521.522134621511213, 5512028.048299182206392, 0.0 ], [ 356526.422587316483259, 5512030.699430786073208, 0.0 ], [ 356536.7151735634543, 5512043.664695754647255, 0.0 ], [ 356542.586273685272317, 5512050.294973650947213, 0.0 ], [ 356547.510292390245013, 5512053.83547284360975, 0.0 ], [ 356552.384163661685307, 5512055.486109779216349, 0.0 ], [ 356559.267558564548381, 5512054.079771932214499, 0.0 ], [ 356571.422935793932993, 5512050.308648426085711, 0.0 ], [ 356614.38751975633204, 5512039.379338444210589, 0.0 ], [ 356614.880388361169025, 5512044.372374473139644, 0.0 ], [ 356623.079508502269164, 5512040.928783927112818, 0.0 ], [ 356647.947751414729282, 5512035.374519449658692, 0.0 ], [ 356690.642100938945077, 5512025.120472513139248, 0.0 ], [ 356720.926624609855935, 5512017.198056400753558, 0.0 ], [ 356727.657184484764002, 5512015.462246896699071, 0.0 ], [ 356751.925744738662615, 5512009.034387712366879, 0.0 ], [ 356761.805492089362815, 5512006.436460661701858, 0.0 ], [ 356750.986904960824177, 5511989.924832120537758, 0.0 ], [ 356733.754748218518216, 5511965.350905565544963, 0.0 ], [ 356717.044406755827367, 5511941.430679885670543, 0.0 ], [ 356700.264827510574833, 5511917.623581816442311, 0.0 ], [ 356698.690077349892817, 5511915.329136588610709, 0.0 ], [ 356695.787491268594749, 5511909.17624915856868, 0.0 ], [ 356694.278595905285329, 5511901.206477091647685, 0.0 ], [ 356696.505616574198939, 5511865.54850528948009, 0.0 ], [ 356697.87974937731633, 5511854.832402842119336, 0.0 ], [ 356667.869459313165862, 5511840.498290142044425, 0.0 ], [ 356637.931048584985547, 5511826.162431116215885, 0.0 ], [ 356613.707471739209723, 5511812.56515550147742, 0.0 ], [ 356594.753448380972259, 5511801.943134216591716, 0.0 ], [ 356594.753448380972259, 5511801.943134216591716, 0.0 ], [ 356590.635817671194673, 5511769.012044918723404, 0.0 ], [ 356559.106787993106991, 5511746.375271766446531, 0.0 ], [ 356524.783761344384402, 5511721.699115767143667, 0.0 ], [ 356511.556625873199664, 5511717.711470485664904, 0.0 ], [ 356507.625701710581779, 5511708.137307398952544, 0.0 ], [ 356480.192445579101332, 5511687.728462115861475, 0.0 ], [ 356452.758981955179479, 5511667.319752655923367, 0.0 ], [ 356433.802386807510629, 5511653.917155522853136, 0.0 ], [ 356408.574225087999366, 5511635.118809355422854, 0.0 ], [ 356383.345887630770449, 5511616.320578045211732, 0.0 ], [ 356373.94094809575472, 5511609.673060848377645, 0.0 ], [ 356368.519187863566913, 5511603.698486449196935, 0.0 ], [ 356367.224714742857032, 5511598.393015785142779, 0.0 ], [ 356360.48070304596331, 5511588.782420366071165, 0.0 ], [ 356325.354916469252203, 5511555.674000875093043, 0.0 ], [ 356304.944861275784206, 5511541.865454666316509, 0.0 ], [ 356291.310080016730353, 5511527.988168871030211, 0.0 ], [ 356280.666221117367968, 5511504.575426483526826, 0.0 ], [ 356272.795778149971738, 5511495.996090085245669, 0.0 ], [ 356242.923884241026826, 5511473.428239582106471, 0.0 ], [ 356212.976736742304638, 5511450.751297269016504, 0.0 ], [ 356189.492669463274069, 5511435.244939977303147, 0.0 ], [ 356166.005509500391781, 5511419.627513963729143, 0.0 ], [ 356135.95397440250963, 5511401.181139179505408, 0.0 ], [ 356105.902231583138928, 5511382.734927948564291, 0.0 ], [ 356082.90710839163512, 5511366.659761486575007, 0.0 ], [ 356052.655562569038011, 5511351.556563278660178, 0.0 ], [ 356022.475893086520955, 5511336.451613164506853, 0.0 ], [ 355992.224000773625448, 5511321.348747156560421, 0.0 ], [ 355982.580192570050713, 5511316.599432168528438, 0.0 ], [ 355956.554358095279895, 5511303.164172192104161, 0.0 ], [ 355930.456340893288143, 5511289.730954652652144, 0.0 ], [ 355903.532091530738398, 5511277.766087354160845, 0.0 ], [ 355886.440253354492597, 5511272.214167263358831, 0.0 ], [ 355875.633613734040409, 5511269.832216539420187, 0.0 ], [ 355846.100819052371662, 5511273.623024075292051, 0.0 ], [ 355816.643072894075885, 5511277.523241095244884, 0.0 ], [ 355795.486896645510569, 5511279.088552485220134, 0.0 ], [ 355763.180691671557724, 5511281.618800859898329, 0.0 ], [ 355740.189775695442222, 5511284.679481381550431, 0.0 ], [ 355691.643859207164496, 5511291.982033899053931, 0.0 ], [ 355682.189576787000988, 5511294.348024923354387, 0.0 ], [ 355669.214582298067398, 5511294.471794977784157, 0.0 ], [ 355660.45791928912513, 5511293.259284324944019, 0.0 ], [ 355653.854698801529594, 5511288.985625069588423, 0.0 ], [ 355644.837360288423952, 5511286.111383205279708, 0.0 ], [ 355612.118066895171069, 5511294.772182649932802, 0.0 ], [ 355580.456674718530849, 5511299.845009065233171, 0.0 ], [ 355569.994537958176807, 5511299.568169859237969, 0.0 ], [ 355567.27301945630461, 5511375.845499540679157, 0.0 ], [ 355575.775787775753997, 5511402.651597200892866, 0.0 ], [ 355589.301334290299565, 5511417.753817758522928, 0.0 ], [ 355676.89739867602475, 5511463.474303863942623, 0.0 ], [ 355676.89739867602475, 5511463.474303863942623, 0.0 ], [ 355682.807481696596369, 5511485.009854461997747, 0.0 ], [ 355694.537677786429413, 5511527.415886484086514, 0.0 ], [ 355697.011432639788836, 5511536.360927014611661, 0.0 ], [ 355697.011432639788836, 5511536.360927014611661, 0.0 ], [ 355663.280350287095644, 5511685.331740020774305, 0.0 ], [ 355659.191582577885129, 5511686.108367772772908, 0.0 ], [ 355654.601467677974142, 5511687.009629424661398, 0.0 ], [ 355651.626022687007207, 5511688.98026783298701, 0.0 ], [ 355650.291135690291412, 5511695.690761760808527, 0.0 ], [ 355651.254933144198731, 5511704.787340523675084, 0.0 ], [ 355649.985028634779155, 5511724.734571338631213, 0.0 ], [ 355645.207374267862178, 5511740.214293041266501, 0.0 ], [ 355637.934915002260823, 5511756.761855460703373, 0.0 ], [ 355635.675366476876661, 5511763.94203282147646, 0.0 ], [ 355632.222916524624452, 5511775.047729816287756, 0.0 ], [ 355626.55709623376606, 5511789.661205704323947, 0.0 ], [ 355612.500803923932835, 5511805.944954819977283, 0.0 ], [ 355595.089040225546341, 5511820.760888395830989, 0.0 ], [ 355584.309389035450295, 5511862.544193802401423, 0.0 ], [ 355578.766178687219508, 5511889.836701506748796, 0.0 ], [ 355579.550858546048403, 5511916.515204985626042, 0.0 ], [ 355595.003759837360121, 5511947.140599943697453, 0.0 ], [ 355614.472201746655628, 5511979.661258623935282, 0.0 ], [ 355623.202796277357265, 5512004.236366889439523, 0.0 ], [ 355641.18177984340582, 5512037.686862993054092, 0.0 ], [ 355659.232593642140273, 5512071.135493003763258, 0.0 ], [ 355678.632816564873792, 5512098.429530623368919, 0.0 ], [ 355692.933239368663635, 5512115.624958341941237, 0.0 ], [ 355716.728815858135931, 5512148.252940715290606, 0.0 ], [ 355736.700987685471773, 5512178.090597034431994, 0.0 ], [ 355757.064909186214209, 5512211.811534615233541, 0.0 ], [ 355744.420097152120434, 5512237.735874928534031, 0.0 ], [ 355749.3279782992322, 5512246.059745790436864, 0.0 ], [ 355755.183344547636807, 5512257.473275629803538, 0.0 ], [ 355768.505985181662254, 5512270.467554648406804, 0.0 ], [ 355771.826018284540623, 5512278.722557013854384, 0.0 ], [ 355785.209480009565596, 5512307.512416471727192, 0.0 ], [ 355796.907189063203987, 5512332.564848917536438, 0.0 ], [ 355808.535726073663682, 5512357.730395375750959, 0.0 ], [ 355827.942575111985207, 5512396.149486253038049, 0.0 ], [ 355852.779983819753397, 5512421.964101327583194, 0.0 ], [ 355877.620123179396614, 5512447.889995511621237, 0.0 ], [ 355908.143912803963758, 5512476.11194465495646, 0.0 ], [ 355918.269681348581798, 5512496.311610925011337, 0.0 ], [ 355924.716646759770811, 5512513.716901051811874, 0.0 ], [ 355934.571932638646103, 5512534.59128724783659, 0.0 ], [ 355950.075530415400863, 5512564.548720782622695, 0.0 ], [ 355958.64495083282236, 5512588.572340155020356, 0.0 ], [ 355967.289297061623074, 5512612.705221837386489, 0.0 ], [ 355971.812793871271424, 5512628.270600290037692, 0.0 ], [ 355977.671470310655423, 5512653.367696723900735, 0.0 ], [ 355983.455107046640478, 5512678.355549816042185, 0.0 ], [ 355990.698259831173345, 5512717.544209257699549, 0.0 ], [ 355991.684061744250357, 5512722.079095607623458, 0.0 ], [ 355992.990564545849338, 5512727.82916131708771, 0.0 ], [ 355996.437266626628116, 5512732.743479190394282, 0.0 ], [ 356000.469095220149029, 5512737.975954216904938, 0.0 ], [ 355970.289179115730803, 5512744.231140810996294, 0.0 ], [ 355965.20460407983046, 5512745.479097025468946, 0.0 ], [ 355958.331107713922393, 5512747.219717799685895, 0.0 ], [ 355960.476442235347349, 5512757.397327649407089, 0.0 ], [ 355961.098213265882805, 5512764.500604049302638, 0.0 ], [ 355961.693322793638799, 5512770.603362815454602, 0.0 ], [ 355956.629674405092373, 5512780.750577071681619, 0.0 ], [ 355953.868985386216082, 5512788.055236911401153, 0.0 ], [ 355952.410774250340182, 5512795.547684297896922, 0.0 ], [ 355958.62704692047555, 5512793.49082356505096, 0.0 ], [ 355962.777207651117351, 5512795.048947370611131, 0.0 ], [ 355979.490512031130493, 5512813.626951249316335, 0.0 ], [ 355982.772384649491869, 5512817.766917997971177, 0.0 ], [ 355986.876199468271807, 5512822.997463461011648, 0.0 ], [ 355990.755031911889091, 5512827.90026299469173, 0.0 ], [ 356009.360685095423833, 5512849.876609398052096, 0.0 ], [ 356011.090440603904426, 5512855.281661028973758, 0.0 ], [ 356015.138980672811158, 5512863.851124397478998, 0.0 ], [ 356019.792314914753661, 5512868.06582647562027, 0.0 ], [ 356024.588737300829962, 5512874.946661797352135, 0.0 ], [ 356025.988899849180598, 5512878.803030948154628, 0.0 ], [ 356030.189376626047306, 5512890.372140477411449, 0.0 ], [ 356027.696044944343157, 5512896.890908264555037, 0.0 ], [ 356025.608242783113383, 5512902.39764797128737, 0.0 ], [ 356025.207679701736197, 5512906.301981317810714, 0.0 ], [ 356024.626564716047142, 5512911.546094483695924, 0.0 ], [ 356024.081946201855317, 5512915.454265150241554, 0.0 ], [ 356018.412498030578718, 5512924.505086013115942, 0.0 ], [ 356017.66268799721729, 5512931.533654964528978, 0.0 ], [ 355983.984221946913749, 5512947.115560222417116, 0.0 ], [ 355977.127817174012307, 5512952.1931416047737, 0.0 ], [ 355977.4641105288174, 5512943.173125839792192, 0.0 ], [ 355976.444802841288038, 5512940.085353068076074, 0.0 ], [ 355968.621146347315516, 5512930.504034857265651, 0.0 ], [ 355962.266728228656575, 5512924.665993019007146, 0.0 ], [ 355949.220484683755785, 5512916.558845646679401, 0.0 ], [ 355946.802061041118577, 5512915.065831255167723, 0.0 ] ] ] } },
{ "type": "Feature", "properties": { "name": "Traumschleifchen Beruser Europablick", "Nr": null, "darstell": "F1", "datum": null, "height": 68, "link": "https://www.saar-hunsrueck-steig.de/tour/traumschleifchen-beruser-europablick-cff13436ad", "km": 6.232, "erlebnis": null }, "geometry": { "type": "MultiLineString", "coordinates": [ [ [ 331569.839008236827794, 5459481.83416482526809, 0.0 ], [ 331569.839008236827794, 5459481.83416482526809, 0.0 ], [ 331560.950483840540983, 5459481.661423613317311, 0.0 ], [ 331551.518686074530706, 5459480.39272818993777, 0.0 ], [ 331528.893734037817921, 5459483.422445856034756, 0.0 ], [ 331518.687770042219199, 5459485.404108129441738, 0.0 ], [ 331503.745364592643455, 5459489.64491034951061, 0.0 ], [ 331503.745364592643455, 5459489.64491034951061, 0.0 ], [ 331495.693311750306748, 5459493.00700443610549, 0.0 ], [ 331491.625205543648917, 5459495.690698370337486, 0.0 ], [ 331485.470151423476636, 5459501.553679731674492, 0.0 ], [ 331476.17328100791201, 5459514.188655566424131, 0.0 ], [ 331463.15507308638189, 5459528.940429903566837, 0.0 ], [ 331450.181374991952907, 5459538.01654059253633, 0.0 ], [ 331450.181374991952907, 5459538.01654059253633, 0.0 ], [ 331447.43517326831352, 5459543.441281234845519, 0.0 ], [ 331442.921489377564285, 5459550.589133349247277, 0.0 ], [ 331418.237053117132746, 5459571.929349588230252, 0.0 ], [ 331399.500814142287709, 5459585.410228077322245, 0.0 ], [ 331399.500814142287709, 5459585.410228077322245, 0.0 ], [ 331387.568424732773565, 5459604.690627178177238, 0.0 ], [ 331379.44838395959232, 5459612.950497537851334, 0.0 ], [ 331374.552939468296245, 5459621.890307940542698, 0.0 ], [ 331371.938707775203511, 5459626.86599931679666, 0.0 ], [ 331369.091469493461773, 5459633.740285612642765, 0.0 ], [ 331369.091469493461773, 5459633.740285612642765, 0.0 ], [ 331358.582349394564517, 5459640.070762724615633, 0.0 ], [ 331355.698777089943178, 5459629.144320304505527, 0.0 ], [ 331360.061101131315809, 5459626.562753226608038, 0.0 ], [ 331356.0431809425354, 5459619.008952925913036, 0.0 ], [ 331350.723823623382486, 5459616.501848255284131, 0.0 ], [ 331344.295125846285373, 5459615.808964818716049, 0.0 ], [ 331341.197849888645578, 5459616.905334956943989, 0.0 ], [ 331341.197849888645578, 5459616.905334956943989, 0.0 ], [ 331335.865991351776756, 5459618.737829665653408, 0.0 ], [ 331304.359120182693005, 5459631.275713299401104, 0.0 ], [ 331272.852385150443297, 5459643.81378087028861, 0.0 ], [ 331272.852385150443297, 5459643.81378087028861, 0.0 ], [ 331237.479088933672756, 5459658.473436826840043, 0.0 ], [ 331202.033229374501389, 5459673.135558278299868, 0.0 ], [ 331202.033229374501389, 5459673.135558278299868, 0.0 ], [ 331172.107856556540355, 5459682.621606942266226, 0.0 ], [ 331142.109836991759948, 5459692.110055123455822, 0.0 ], [ 331095.800893416104373, 5459708.664218385703862, 0.0 ], [ 331095.800893416104373, 5459708.664218385703862, 0.0 ], [ 331080.816349245840684, 5459716.24537019431591, 0.0 ], [ 331051.444992384174839, 5459727.161480969749391, 0.0 ], [ 331022.07716192753287, 5459738.18890833016485, 0.0 ], [ 331022.07716192753287, 5459738.18890833016485, 0.0 ], [ 331019.63623328472022, 5459727.471525517292321, 0.0 ], [ 331015.184859047061764, 5459720.04253647569567, 0.0 ], [ 331008.14991042483598, 5459711.469084843061864, 0.0 ], [ 331002.432581545202993, 5459707.861925928853452, 0.0 ], [ 330997.060887537896633, 5459706.024338975548744, 0.0 ], [ 330996.871964767808095, 5459702.247239583171904, 0.0 ], [ 331001.689586487133056, 5459695.534687338396907, 0.0 ], [ 331001.689586487133056, 5459695.534687338396907, 0.0 ], [ 331003.855762423714623, 5459692.57528842613101, 0.0 ], [ 331009.339325107634068, 5459683.839558028616011, 0.0 ], [ 331018.255480051564518, 5459675.44337391294539, 0.0 ], [ 331008.599317057232838, 5459664.502724894322455, 0.0 ], [ 331002.692036760854535, 5459659.454996809363365, 0.0 ], [ 330987.898358349339105, 5459666.140437422320247, 0.0 ], [ 330987.898358349339105, 5459666.140437422320247, 0.0 ], [ 330948.490844165848102, 5459679.813400404527783, 0.0 ], [ 330903.675690885982476, 5459695.210649620741606, 0.0 ], [ 330903.675690885982476, 5459695.210649620741606, 0.0 ], [ 330871.060330917593092, 5459702.444602595642209, 0.0 ], [ 330847.912728059338406, 5459707.384721675887704, 0.0 ], [ 330844.53921933384845, 5459706.598422064445913, 0.0 ], [ 330844.53921933384845, 5459706.598422064445913, 0.0 ], [ 330798.046774036076386, 5459698.238058803603053, 0.0 ], [ 330769.756037638289854, 5459692.210580470040441, 0.0 ], [ 330769.756037638289854, 5459692.210580470040441, 0.0 ], [ 330744.726629989454523, 5459690.422065215185285, 0.0 ], [ 330732.763493329868652, 5459687.341253797523677, 0.0 ], [ 330711.958267744048499, 5459680.861076311208308, 0.0 ], [ 330669.866694266325794, 5459666.469357885420322, 0.0 ], [ 330669.866694266325794, 5459666.469357885420322, 0.0 ], [ 330641.538790736347437, 5459656.883271753787994, 0.0 ], [ 330613.138039039855357, 5459647.299570640549064, 0.0 ], [ 330589.14288532116916, 5459638.915401693433523, 0.0 ], [ 330589.14288532116916, 5459638.915401693433523, 0.0 ], [ 330565.074910617200658, 5459630.533577729947865, 0.0 ], [ 330530.138019301462919, 5459619.149005434475839, 0.0 ], [ 330509.253446755581535, 5459610.112976562231779, 0.0 ], [ 330509.253446755581535, 5459610.112976562231779, 0.0 ], [ 330476.620874444488436, 5459595.542342134751379, 0.0 ], [ 330443.918806432688143, 5459581.085297955200076, 0.0 ], [ 330443.918806432688143, 5459581.085297955200076, 0.0 ], [ 330425.611587597581092, 5459570.63493515830487, 0.0 ], [ 330393.258004160190467, 5459548.601572508923709, 0.0 ], [ 330360.831414405081887, 5459526.57063949201256, 0.0 ], [ 330360.831414405081887, 5459526.57063949201256, 0.0 ], [ 330340.651055776630528, 5459512.061619827523828, 0.0 ], [ 330323.407844757777639, 5459498.352124740369618, 0.0 ], [ 330306.375922721461393, 5459484.413632716983557, 0.0 ], [ 330306.375922721461393, 5459484.413632716983557, 0.0 ], [ 330277.611972366168629, 5459456.03939903061837, 0.0 ], [ 330248.778415831038728, 5459427.7787128938362, 0.0 ], [ 330248.778415831038728, 5459427.7787128938362, 0.0 ], [ 330223.854388493404258, 5459403.514162871055305, 0.0 ], [ 330192.24282861611573, 5459372.557957274839282, 0.0 ], [ 330192.24282861611573, 5459372.557957274839282, 0.0 ], [ 330160.630918647046201, 5459341.601926593109965, 0.0 ], [ 330129.018658588291146, 5459310.646070824936032, 0.0 ], [ 330129.018658588291146, 5459310.646070824936032, 0.0 ], [ 330127.491584140690975, 5459308.356730441562831, 0.0 ], [ 330121.151293071568944, 5459298.761488929390907, 0.0 ], [ 330101.292565926152747, 5459254.647418215870857, 0.0 ], [ 330081.436982105893549, 5459210.644571362994611, 0.0 ], [ 330081.436982105893549, 5459210.644571362994611, 0.0 ], [ 330065.109666721546091, 5459172.429671990685165, 0.0 ], [ 330048.858330643794034, 5459134.323726096190512, 0.0 ], [ 330048.858330643794034, 5459134.323726096190512, 0.0 ], [ 330030.03422059956938, 5459090.734200155362487, 0.0 ], [ 330019.290802494506352, 5459065.920882554724813, 0.0 ], [ 330019.290802494506352, 5459065.920882554724813, 0.0 ], [ 330007.405068204156123, 5459037.137431184761226, 0.0 ], [ 329995.446469348622486, 5459008.356253027915955, 0.0 ], [ 329992.331366104655899, 5458997.103744055144489, 0.0 ], [ 329992.331366104655899, 5458997.103744055144489, 0.0 ], [ 329990.591669542132877, 5458985.586187092587352, 0.0 ], [ 329990.351106354733929, 5458977.805220811627805, 0.0 ], [ 329991.441289426875301, 5458968.314168720506132, 0.0 ], [ 329993.296219371608458, 5458962.359887042082846, 0.0 ], [ 329997.965035016241018, 5458953.203252404928207, 0.0 ], [ 330024.331072233850136, 5458918.007978346198797, 0.0 ], [ 330024.331072233850136, 5458918.007978346198797, 0.0 ], [ 330050.700893770146649, 5458882.923996696248651, 0.0 ], [ 330071.261998336645775, 5458857.810779037885368, 0.0 ], [ 330071.261998336645775, 5458857.810779037885368, 0.0 ], [ 330102.98533566785045, 5458821.560293817892671, 0.0 ], [ 330116.140547552728094, 5458806.578462275676429, 0.0 ], [ 330116.140547552728094, 5458806.578462275676429, 0.0 ], [ 330101.917066146212164, 5458775.196730460040271, 0.0 ], [ 330087.762756944925059, 5458743.701628539711237, 0.0 ], [ 330087.762756944925059, 5458743.701628539711237, 0.0 ], [ 330074.006424425751902, 5458713.306886665523052, 0.0 ], [ 330073.538978261291049, 5458712.319965451955795, 0.0 ], [ 330057.482407129660714, 5458680.549917309544981, 0.0 ], [ 330057.482407129660714, 5458680.549917309544981, 0.0 ], [ 330051.997261036769487, 5458670.371982072480023, 0.0 ], [ 330030.579898425959982, 5458641.883023474365473, 0.0 ], [ 330015.834144098043907, 5458617.193384286016226, 0.0 ], [ 330015.834144098043907, 5458617.193384286016226, 0.0 ], [ 330001.088264973601326, 5458592.503782452084124, 0.0 ], [ 329989.348781520850025, 5458570.836635640822351, 0.0 ], [ 329973.067291703308001, 5458548.308562100864947, 0.0 ], [ 329973.067291703308001, 5458548.308562100864947, 0.0 ], [ 329953.086764929350466, 5458589.871046810410917, 0.0 ], [ 329933.109999605629127, 5458631.544769945554435, 0.0 ], [ 329933.109999605629127, 5458631.544769945554435, 0.0 ], [ 329919.147653092979454, 5458660.459864590317011, 0.0 ], [ 329913.130121399124619, 5458673.107418302446604, 0.0 ], [ 329906.831908814492635, 5458686.097450409084558, 0.0 ], [ 329906.831908814492635, 5458686.097450409084558, 0.0 ], [ 329904.845749779720791, 5458690.164346976205707, 0.0 ], [ 329875.467653502942994, 5458729.236279604025185, 0.0 ], [ 329856.694801718113013, 5458753.293549834750593, 0.0 ], [ 329856.694801718113013, 5458753.293549834750593, 0.0 ], [ 329843.968187550315633, 5458775.049813392572105, 0.0 ], [ 329842.972109278431162, 5458782.869045613333583, 0.0 ], [ 329842.641673442907631, 5458788.664947454817593, 0.0 ], [ 329841.956729488214478, 5458799.478655110113323, 0.0 ], [ 329840.197431072592735, 5458827.348851417191327, 0.0 ], [ 329840.197431072592735, 5458827.348851417191327, 0.0 ], [ 329839.439224644098431, 5458840.501351567916572, 0.0 ], [ 329836.91189867106732, 5458848.256705416366458, 0.0 ], [ 329835.185395718435757, 5458853.650756191462278, 0.0 ], [ 329833.191958702052943, 5458859.83190920483321, 0.0 ], [ 329827.932852530037053, 5458875.794005912728608, 0.0 ], [ 329829.59360426326748, 5458901.221855618990958, 0.0 ], [ 329829.59360426326748, 5458901.221855618990958, 0.0 ], [ 329826.448183025000617, 5458931.360222854651511, 0.0 ], [ 329826.761046702042222, 5458957.942417155951262, 0.0 ], [ 329822.910354314022698, 5458981.760621731169522, 0.0 ], [ 329822.910354314022698, 5458981.760621731169522, 0.0 ], [ 329822.010177527088672, 5458995.028788150288165, 0.0 ], [ 329821.561811801977456, 5459001.718449862673879, 0.0 ], [ 329825.913535979692824, 5459015.269136036746204, 0.0 ], [ 329819.77180680190213, 5459028.588254582136869, 0.0 ], [ 329799.864764307742007, 5459065.364898665808141, 0.0 ], [ 329799.864764307742007, 5459065.364898665808141, 0.0 ], [ 329788.461484305094928, 5459092.198498447425663, 0.0 ], [ 329777.05832519417163, 5459119.032125402241945, 0.0 ], [ 329786.142792163882405, 5459130.211010586470366, 0.0 ], [ 329786.142792163882405, 5459130.211010586470366, 0.0 ], [ 329794.51643136201892, 5459144.304754033684731, 0.0 ], [ 329800.799968837411143, 5459147.336887792684138, 0.0 ], [ 329803.023260161397047, 5459150.93975465465337, 0.0 ], [ 329802.67571824521292, 5459156.179880048148334, 0.0 ], [ 329809.222213627654128, 5459160.650304116308689, 0.0 ], [ 329816.238595379982144, 5459170.891875453293324, 0.0 ], [ 329827.89513908920344, 5459189.89089738111943, 0.0 ], [ 329827.89513908920344, 5459189.89089738111943, 0.0 ], [ 329833.565141466853675, 5459194.277210501022637, 0.0 ], [ 329846.468122528633103, 5459215.908007254824042, 0.0 ], [ 329850.409304591594264, 5459220.904150541871786, 0.0 ], [ 329854.039362497278489, 5459222.905819808132946, 0.0 ], [ 329862.779566940444056, 5459222.969158794730902, 0.0 ], [ 329873.039572533336468, 5459227.436011420562863, 0.0 ], [ 329873.039572533336468, 5459227.436011420562863, 0.0 ], [ 329887.460535780875944, 5459229.882676522247493, 0.0 ], [ 329904.743300018482842, 5459230.683165587484837, 0.0 ], [ 329910.15079057298135, 5459231.294729403220117, 0.0 ], [ 329911.408153173804749, 5459231.92341267503798, 0.0 ], [ 329916.880970646510832, 5459234.646959999576211, 0.0 ], [ 329925.367428803700022, 5459238.278663386590779, 0.0 ], [ 329932.135958444210701, 5459240.517095225863159, 0.0 ], [ 329932.135958444210701, 5459240.517095225863159, 0.0 ], [ 329938.304199117701501, 5459246.890833156183362, 0.0 ], [ 329944.920339359086938, 5459248.911467105150223, 0.0 ], [ 329956.494897304102778, 5459260.569908387959003, 0.0 ], [ 329968.803201953240205, 5459274.764730297960341, 0.0 ], [ 329978.970814195228741, 5459288.024403827264905, 0.0 ], [ 329978.970814195228741, 5459288.024403827264905, 0.0 ], [ 329985.076512532890774, 5459294.733911796472967, 0.0 ], [ 329990.576725618797354, 5459298.346784040331841, 0.0 ], [ 329992.685272643226199, 5459302.954633174464107, 0.0 ], [ 330004.327200645406265, 5459321.509385379031301, 0.0 ], [ 330009.881781549192965, 5459329.237323599867523, 0.0 ], [ 330019.706665584351867, 5459340.838714733719826, 0.0 ], [ 330019.706665584351867, 5459340.838714733719826, 0.0 ], [ 330025.167841679416597, 5459347.901976368390024, 0.0 ], [ 330039.400391546078026, 5459367.823124701157212, 0.0 ], [ 330055.434334132471122, 5459387.132310763001442, 0.0 ], [ 330065.304887191043235, 5459395.50573761947453, 0.0 ], [ 330065.304887191043235, 5459395.50573761947453, 0.0 ], [ 330083.815476889023557, 5459414.849714522249997, 0.0 ], [ 330087.225863908417523, 5459421.531357129104435, 0.0 ], [ 330092.131168998312205, 5459434.175000430084765, 0.0 ], [ 330103.077807765221223, 5459446.743223715573549, 0.0 ], [ 330103.077807765221223, 5459446.743223715573549, 0.0 ], [ 330108.754198524635285, 5459451.352124509401619, 0.0 ], [ 330119.950535608571954, 5459462.577507713809609, 0.0 ], [ 330140.006802539341152, 5459477.757169421762228, 0.0 ], [ 330153.49933862616308, 5459490.246829319745302, 0.0 ], [ 330153.49933862616308, 5459490.246829319745302, 0.0 ], [ 330147.549490308272652, 5459497.996510175988078, 0.0 ], [ 330140.895618198963348, 5459508.883308991789818, 0.0 ], [ 330130.169617580249906, 5459527.016755315475166, 0.0 ], [ 330117.875804525450803, 5459553.320861903019249, 0.0 ], [ 330117.875804525450803, 5459553.320861903019249, 0.0 ], [ 330103.968004563008435, 5459579.229827221482992, 0.0 ], [ 330102.268406076356769, 5459587.849593056365848, 0.0 ], [ 330095.19688220997341, 5459620.55689983163029, 0.0 ], [ 330095.19688220997341, 5459620.55689983163029, 0.0 ], [ 330093.786479509610217, 5459636.177297841757536, 0.0 ], [ 330095.780262922053225, 5459641.790090882219374, 0.0 ], [ 330116.570667480584234, 5459668.963347788900137, 0.0 ], [ 330143.543381563737057, 5459698.282181858085096, 0.0 ], [ 330143.543381563737057, 5459698.282181858085096, 0.0 ], [ 330149.413996037910692, 5459713.900136261247098, 0.0 ], [ 330158.529882371076383, 5459730.864253819920123, 0.0 ], [ 330178.96562271687435, 5459760.718981869518757, 0.0 ], [ 330178.96562271687435, 5459760.718981869518757, 0.0 ], [ 330199.328409881680273, 5459790.57602879870683, 0.0 ], [ 330219.763727130368352, 5459820.430900840088725, 0.0 ], [ 330219.763727130368352, 5459820.430900840088725, 0.0 ], [ 330233.842124761256855, 5459840.134700915776193, 0.0 ], [ 330236.892491224338301, 5459844.60227897297591, 0.0 ], [ 330240.42114484810736, 5459848.053723618388176, 0.0 ], [ 330246.425086955307052, 5459856.213036661967635, 0.0 ], [ 330251.352296537836082, 5459862.51413497980684, 0.0 ], [ 330255.9392707250081, 5459883.734959077090025, 0.0 ], [ 330255.9392707250081, 5459883.734959077090025, 0.0 ], [ 330258.488721433328465, 5459895.561359654180706, 0.0 ], [ 330261.269338196609169, 5459898.368335946463048, 0.0 ], [ 330266.538936853874475, 5459906.327815630473197, 0.0 ], [ 330270.584336467378307, 5459919.443185633048415, 0.0 ], [ 330274.114347889088094, 5459930.015425878576934, 0.0 ], [ 330292.852446503704414, 5459956.807571036741138, 0.0 ], [ 330292.852446503704414, 5459956.807571036741138, 0.0 ], [ 330297.229168868274428, 5459961.790544921532273, 0.0 ], [ 330301.772629675804637, 5459965.099433032795787, 0.0 ], [ 330319.062571422196925, 5459980.365033166483045, 0.0 ], [ 330321.97006422112463, 5459987.284842431545258, 0.0 ], [ 330321.261888528650161, 5459992.647313908673823, 0.0 ], [ 330318.699566289316863, 5460001.62742605432868, 0.0 ], [ 330318.699566289316863, 5460001.62742605432868, 0.0 ], [ 330318.778486621682532, 5460015.977887096814811, 0.0 ], [ 330344.142127192695625, 5460042.788198754191399, 0.0 ], [ 330358.975857268786058, 5460046.892177808098495, 0.0 ], [ 330358.975857268786058, 5460046.892177808098495, 0.0 ], [ 330373.476142361410893, 5460042.550518513657153, 0.0 ], [ 330406.754067370668054, 5460023.832975476980209, 0.0 ], [ 330430.706268061767332, 5460021.425128998234868, 0.0 ], [ 330430.706268061767332, 5460021.425128998234868, 0.0 ], [ 330443.108279325882904, 5460015.14565818849951, 0.0 ], [ 330446.098417368601076, 5460001.145600292831659, 0.0 ], [ 330438.159398770192638, 5459979.805526102893054, 0.0 ], [ 330437.716364472056739, 5459967.802827353589237, 0.0 ], [ 330437.716364472056739, 5459967.802827353589237, 0.0 ], [ 330447.088207457098179, 5459960.059163213707507, 0.0 ], [ 330484.687835611286573, 5459946.883231582120061, 0.0 ], [ 330518.079025930725038, 5459934.171099848113954, 0.0 ], [ 330518.079025930725038, 5459934.171099848113954, 0.0 ], [ 330530.671357639832422, 5459929.332388211973011, 0.0 ], [ 330551.47036192228552, 5459921.459174567833543, 0.0 ], [ 330596.221134311752394, 5459904.058162664994597, 0.0 ], [ 330596.221134311752394, 5459904.058162664994597, 0.0 ], [ 330608.737431096902583, 5459899.110717741772532, 0.0 ], [ 330605.515697673254181, 5459910.336235079914331, 0.0 ], [ 330603.569848298095167, 5459918.073303521610796, 0.0 ], [ 330598.136132870044094, 5459935.486423477530479, 0.0 ], [ 330595.648691616021097, 5459946.9118467643857, 0.0 ], [ 330595.648691616021097, 5459946.9118467643857, 0.0 ], [ 330590.042956304445397, 5459961.103668060153723, 0.0 ], [ 330587.418746026407462, 5459977.540123191662133, 0.0 ], [ 330582.816909644869156, 5459993.592479294165969, 0.0 ], [ 330584.4012951485347, 5460009.565447225235403, 0.0 ], [ 330584.4012951485347, 5460009.565447225235403, 0.0 ], [ 330591.593144881073385, 5460016.13081750459969, 0.0 ], [ 330600.681206045788713, 5460018.076001020148396, 0.0 ], [ 330604.562731987913139, 5460011.725691184401512, 0.0 ], [ 330616.831543158274144, 5460010.568800467066467, 0.0 ], [ 330621.25407179526519, 5460012.323992051184177, 0.0 ], [ 330632.209349446580745, 5460013.432857408188283, 0.0 ], [ 330651.205158784694504, 5460010.844900197349489, 0.0 ], [ 330651.205158784694504, 5460010.844900197349489, 0.0 ], [ 330676.405127552105114, 5460006.396968365646899, 0.0 ], [ 330697.961360117536969, 5460001.838848763145506, 0.0 ], [ 330719.249774785013869, 5459990.947109788656235, 0.0 ], [ 330719.249774785013869, 5459990.947109788656235, 0.0 ], [ 330743.929612908337731, 5459979.060937545262277, 0.0 ], [ 330773.984510549809784, 5459969.123396046459675, 0.0 ], [ 330799.284851669799536, 5459965.563050230033696, 0.0 ], [ 330799.284851669799536, 5459965.563050230033696, 0.0 ], [ 330823.717391513404436, 5459966.925066264346242, 0.0 ], [ 330846.357205203035846, 5459964.448176952078938, 0.0 ], [ 330867.581714178668335, 5459958.56579917576164, 0.0 ], [ 330867.581714178668335, 5459958.56579917576164, 0.0 ], [ 330880.378790703369305, 5459953.276552161201835, 0.0 ], [ 330897.311763511388563, 5459947.526322067715228, 0.0 ], [ 330923.602666204154957, 5459935.925214689224958, 0.0 ], [ 330941.739068990689702, 5459926.688988998532295, 0.0 ], [ 330941.739068990689702, 5459926.688988998532295, 0.0 ], [ 330944.389406524715014, 5459925.27233843319118, 0.0 ], [ 330966.18774273514282, 5459914.365915751084685, 0.0 ], [ 330987.73768564790953, 5459909.586632234044373, 0.0 ], [ 331002.982251168519724, 5459908.11660651024431, 0.0 ], [ 331002.982251168519724, 5459908.11660651024431, 0.0 ], [ 331020.88743831764441, 5459905.563481106422842, 0.0 ], [ 331040.653123348718509, 5459901.951874451711774, 0.0 ], [ 331052.285643906448968, 5459899.035336870700121, 0.0 ], [ 331056.442057272477541, 5459899.241386030800641, 0.0 ], [ 331056.442057272477541, 5459899.241386030800641, 0.0 ], [ 331061.528414557222277, 5459903.646813861094415, 0.0 ], [ 331064.923667745664716, 5459909.884405439719558, 0.0 ], [ 331095.619118859642185, 5459918.398463383316994, 0.0 ], [ 331129.58535515028052, 5459924.364449869841337, 0.0 ], [ 331129.58535515028052, 5459924.364449869841337, 0.0 ], [ 331163.627660457277671, 5459930.439567470923066, 0.0 ], [ 331188.876320738985669, 5459934.670948259532452, 0.0 ], [ 331188.857811074063648, 5459891.390672977082431, 0.0 ], [ 331188.857811074063648, 5459891.390672977082431, 0.0 ], [ 331189.453146046376787, 5459884.696683332324028, 0.0 ], [ 331191.34898784419056, 5459851.593712964095175, 0.0 ], [ 331192.758739699842408, 5459828.741756926290691, 0.0 ], [ 331192.758739699842408, 5459828.741756926290691, 0.0 ], [ 331194.73315205250401, 5459798.195401553995907, 0.0 ], [ 331195.9838151083095, 5459774.903287936933339, 0.0 ], [ 331197.214444011275191, 5459765.185727013275027, 0.0 ], [ 331197.214444011275191, 5459765.185727013275027, 0.0 ], [ 331208.991538154310547, 5459757.480846253223717, 0.0 ], [ 331223.851114961726125, 5459750.571452856995165, 0.0 ], [ 331251.286993314279243, 5459738.269279472529888, 0.0 ], [ 331255.091130686167162, 5459736.48358703777194, 0.0 ], [ 331255.091130686167162, 5459736.48358703777194, 0.0 ], [ 331279.203789062332362, 5459727.398891970515251, 0.0 ], [ 331300.434053316887002, 5459712.172102745622396, 0.0 ], [ 331310.376906719873659, 5459701.630936155095696, 0.0 ], [ 331310.376906719873659, 5459701.630936155095696, 0.0 ], [ 331331.318702464224771, 5459695.981626311317086, 0.0 ], [ 331341.042286009236705, 5459687.783740853890777, 0.0 ], [ 331345.237464586971328, 5459679.755468593910336, 0.0 ], [ 331344.119019137113355, 5459664.658203211612999, 0.0 ], [ 331344.119019137113355, 5459664.658203211612999, 0.0 ], [ 331346.109200686682016, 5459653.582252716645598, 0.0 ], [ 331358.582349394564517, 5459640.070762724615633, 0.0 ], [ 331369.091469493461773, 5459633.740285612642765, 0.0 ], [ 331371.938707775203511, 5459626.86599931679666, 0.0 ], [ 331374.552939468296245, 5459621.890307940542698, 0.0 ], [ 331374.552939468296245, 5459621.890307940542698, 0.0 ], [ 331379.44838395959232, 5459612.950497537851334, 0.0 ], [ 331387.568424732773565, 5459604.690627178177238, 0.0 ], [ 331399.500814142287709, 5459585.410228077322245, 0.0 ], [ 331418.237053117132746, 5459571.929349588230252, 0.0 ], [ 331418.237053117132746, 5459571.929349588230252, 0.0 ], [ 331442.921489377564285, 5459550.589133349247277, 0.0 ], [ 331447.43517326831352, 5459543.441281234845519, 0.0 ], [ 331450.181374991952907, 5459538.01654059253633, 0.0 ], [ 331463.15507308638189, 5459528.940429903566837, 0.0 ], [ 331463.15507308638189, 5459528.940429903566837, 0.0 ], [ 331476.17328100791201, 5459514.188655566424131, 0.0 ], [ 331485.470151423476636, 5459501.553679731674492, 0.0 ], [ 331491.625205543648917, 5459495.690698370337486, 0.0 ], [ 331495.693311750306748, 5459493.00700443610549, 0.0 ], [ 331503.745364592643455, 5459489.64491034951061, 0.0 ], [ 331503.745364592643455, 5459489.64491034951061, 0.0 ], [ 331518.687770042219199, 5459485.404108129441738, 0.0 ], [ 331528.893734037817921, 5459483.422445856034756, 0.0 ], [ 331551.518686074530706, 5459480.39272818993777, 0.0 ], [ 331560.950483840540983, 5459481.661423613317311, 0.0 ], [ 331560.950483840540983, 5459481.661423613317311, 0.0 ], [ 331572.024766577756964, 5459481.878466615453362, 0.0 ] ] ] } },
{ "type": "Feature", "properties": { "name": "Traumschleifchen Sonnenrunde", "Nr": null, "darstell": "F1", "datum": null, "height": 64, "link": "https://www.saar-hunsrueck-steig.de/tour/traumschleifchen-sonnenrunde-7fb9a7d4d5", "km": 4.634, "erlebnis": null }, "geometry": { "type": "MultiLineString", "coordinates": [ [ [ 336443.878804610460065, 5487762.924050797708333, 0.0 ], [ 336447.508285381423775, 5487765.596656018868089, 0.0 ], [ 336460.304979015490972, 5487774.447306604124606, 0.0 ], [ 336473.759618570329621, 5487783.500763156451285, 0.0 ], [ 336468.345084130822215, 5487791.340336824767292, 0.0 ], [ 336505.373704364348669, 5487803.914357904344797, 0.0 ], [ 336542.474511351436377, 5487816.486456061713398, 0.0 ], [ 336550.698771987808868, 5487817.797408182173967, 0.0 ], [ 336566.331227352493443, 5487819.776255562901497, 0.0 ], [ 336606.7891760848579, 5487821.121902785263956, 0.0 ], [ 336632.960632156464271, 5487821.894819131121039, 0.0 ], [ 336647.243756723997649, 5487822.356688014231622, 0.0 ], [ 336650.247495692456141, 5487823.49051633104682, 0.0 ], [ 336651.700080299109686, 5487828.45374771207571, 0.0 ], [ 336653.319288240862079, 5487838.975071707740426, 0.0 ], [ 336649.301422795164399, 5487886.15924886148423, 0.0 ], [ 336652.516512858623173, 5487889.511975625529885, 0.0 ], [ 336655.16837780829519, 5487890.990139146335423, 0.0 ], [ 336692.960029017180204, 5487897.645631414838135, 0.0 ], [ 336730.675877484842204, 5487904.192390384152532, 0.0 ], [ 336768.394952895003371, 5487910.850570291280746, 0.0 ], [ 336808.143515324569307, 5487917.559481623582542, 0.0 ], [ 336847.88863712339662, 5487924.157518865540624, 0.0 ], [ 336857.832473349175416, 5487895.821858611889184, 0.0 ], [ 336867.845462888246402, 5487867.372891307808459, 0.0 ], [ 336887.879325018380769, 5487822.824822856113315, 0.0 ], [ 336899.55793586326763, 5487796.773824229836464, 0.0 ], [ 336899.55793586326763, 5487796.773824229836464, 0.0 ], [ 336907.841171678621322, 5487778.279003986157477, 0.0 ], [ 336927.806696834333707, 5487733.844429917633533, 0.0 ], [ 336947.841615920653567, 5487689.296611343510449, 0.0 ], [ 336975.735812559141777, 5487665.319624618627131, 0.0 ], [ 337003.633580548281316, 5487641.453948612324893, 0.0 ], [ 337040.720080222352408, 5487619.65011225361377, 0.0 ], [ 337077.806870124884881, 5487597.846535271964967, 0.0 ], [ 337114.800513514201157, 5487582.610422175377607, 0.0 ], [ 337151.866724894789513, 5487567.372402107343078, 0.0 ], [ 337188.933133583166637, 5487552.134638858959079, 0.0 ], [ 337225.99641905981116, 5487536.785970534197986, 0.0 ], [ 337241.755448901676573, 5487530.863462768495083, 0.0 ], [ 337244.722681409330107, 5487530.774838083423674, 0.0 ], [ 337244.842916199238971, 5487549.351845276542008, 0.0 ], [ 337245.694137717597187, 5487558.449829046614468, 0.0 ], [ 337249.430272685713135, 5487579.255321863107383, 0.0 ], [ 337257.511987561360002, 5487624.297204635106027, 0.0 ], [ 337256.99348261061823, 5487640.890590379014611, 0.0 ], [ 337254.943915581912734, 5487652.300433829426765, 0.0 ], [ 337257.693400280899368, 5487686.152945840731263, 0.0 ], [ 337258.94173520419281, 5487727.949831223115325, 0.0 ], [ 337260.674044361454435, 5487759.273721184581518, 0.0 ], [ 337262.33398025581846, 5487790.599774037487805, 0.0 ], [ 337262.727814859827049, 5487823.187514870427549, 0.0 ], [ 337263.118340580025688, 5487855.664095161482692, 0.0 ], [ 337264.646825205069035, 5487887.439122653566301, 0.0 ], [ 337266.175307153607719, 5487919.214151599444449, 0.0 ], [ 337268.888878015102819, 5487954.291620466858149, 0.0 ], [ 337271.53338703175541, 5487989.482414958998561, 0.0 ], [ 337275.244110345258377, 5488026.421545121818781, 0.0 ], [ 337278.954803776519839, 5488063.360678632743657, 0.0 ], [ 337286.028081588447094, 5488103.759745300747454, 0.0 ], [ 337294.863215012475848, 5488140.100801181979477, 0.0 ], [ 337303.698249887558632, 5488176.441870688460767, 0.0 ], [ 337306.021837925014552, 5488181.490494479425251, 0.0 ], [ 337310.349009772122372, 5488188.148205283097923, 0.0 ], [ 337318.162195028504357, 5488192.699124139733613, 0.0 ], [ 337289.626079526497051, 5488197.556698150932789, 0.0 ], [ 337261.090007442748174, 5488202.414422694593668, 0.0 ], [ 337219.443780938570853, 5488209.666698195971549, 0.0 ], [ 337177.127907763817348, 5488221.167239089496434, 0.0 ], [ 337174.467111447942443, 5488221.803067949600518, 0.0 ], [ 337142.87356959306635, 5488230.980732009746134, 0.0 ], [ 337138.788797616725788, 5488232.437974854372442, 0.0 ], [ 337129.037261183082592, 5488235.733548166230321, 0.0 ], [ 337133.051662106940057, 5488273.108606141991913, 0.0 ], [ 337137.138390076579526, 5488310.481504624709487, 0.0 ], [ 337141.225082898221444, 5488347.85440690908581, 0.0 ], [ 337145.311740571691189, 5488385.227313001640141, 0.0 ], [ 337141.57322381332051, 5488432.180103152059019, 0.0 ], [ 337137.83480429899646, 5488479.132900334894657, 0.0 ], [ 337134.09648202941753, 5488526.085704549215734, 0.0 ], [ 337120.042811475228518, 5488569.564052822068334, 0.0 ], [ 337106.061748440260999, 5488613.040281100198627, 0.0 ], [ 337092.084259026916698, 5488656.627714735455811, 0.0 ], [ 337078.103694699471816, 5488700.104029658250511, 0.0 ], [ 337057.532381829572842, 5488743.555019859224558, 0.0 ], [ 337036.9614207475679, 5488787.006097433157265, 0.0 ], [ 337016.466491942410357, 5488830.566259454935789, 0.0 ], [ 336995.896234340267256, 5488874.017511484213173, 0.0 ], [ 336964.840077127912082, 5488913.109726584516466, 0.0 ], [ 336933.787706485250965, 5488952.31329248379916, 0.0 ], [ 336905.339420621050522, 5488979.311556896194816, 0.0 ], [ 336876.960442259092815, 5489006.196648015640676, 0.0 ], [ 336867.031817168579437, 5489015.617474348284304, 0.0 ], [ 336848.512724770698696, 5489033.195223300717771, 0.0 ], [ 336820.065291952574626, 5489060.193954211659729, 0.0 ], [ 336780.825981997651979, 5489082.28693528752774, 0.0 ], [ 336741.586982381006237, 5489104.380206500180066, 0.0 ], [ 336708.147906371275894, 5489080.793747200630605, 0.0 ], [ 336703.607843482634053, 5489076.701909142546356, 0.0 ], [ 336677.413578201725613, 5489053.232204235158861, 0.0 ], [ 336663.659889471775386, 5489036.510294651612639, 0.0 ], [ 336648.417726762010716, 5489023.282178580760956, 0.0 ], [ 336620.664888972125482, 5488993.740054811351001, 0.0 ], [ 336605.508196198265068, 5488980.954532473348081, 0.0 ], [ 336583.136730071972124, 5488954.589010955765843, 0.0 ], [ 336560.765053556766361, 5488928.223577570170164, 0.0 ], [ 336548.561889915668871, 5488893.208421103656292, 0.0 ], [ 336548.782523053640034, 5488886.08102740906179, 0.0 ], [ 336550.089671609573998, 5488842.760857329703867, 0.0 ], [ 336556.472487255989108, 5488809.301974618807435, 0.0 ], [ 336549.524087892961688, 5488780.471075639128685, 0.0 ], [ 336548.850820035906509, 5488774.928175718523562, 0.0 ], [ 336545.372083406080492, 5488745.881905294023454, 0.0 ], [ 336541.820966379251331, 5488716.837808704935014, 0.0 ], [ 336546.966956132557243, 5488690.425550072453916, 0.0 ], [ 336552.043984716990963, 5488664.126631386578083, 0.0 ], [ 336546.736042257631198, 5488641.699708666652441, 0.0 ], [ 336524.805344165477436, 5488603.527353910729289, 0.0 ], [ 336526.032801654655486, 5488581.683158568106592, 0.0 ], [ 336547.577507273759693, 5488553.888727557845414, 0.0 ], [ 336569.050080974702723, 5488526.096558377146721, 0.0 ], [ 336578.578323244582862, 5488493.656002033501863, 0.0 ], [ 336582.519701836048625, 5488480.186331529170275, 0.0 ], [ 336595.989579232176766, 5488434.27614582516253, 0.0 ], [ 336606.032728505146224, 5488397.258476411923766, 0.0 ], [ 336613.457333859638311, 5488367.106343640014529, 0.0 ], [ 336623.045613240101375, 5488326.987031885422766, 0.0 ], [ 336630.133758982061408, 5488285.607576890848577, 0.0 ], [ 336630.513739174581133, 5488240.312604565173388, 0.0 ], [ 336630.526100195012987, 5488238.309520473703742, 0.0 ], [ 336634.508141852566041, 5488202.030011954717338, 0.0 ], [ 336620.222671326482669, 5488201.457035823725164, 0.0 ], [ 336622.417709358269349, 5488187.706002154387534, 0.0 ], [ 336624.168581893783994, 5488173.634504121728241, 0.0 ], [ 336621.21528742776718, 5488150.024292544461787, 0.0 ], [ 336619.366047324612737, 5488131.832804343663156, 0.0 ], [ 336619.125474562635645, 5488114.14938529022038, 0.0 ], [ 336610.319095863844268, 5488078.920946815051138, 0.0 ], [ 336604.323472039424814, 5488048.058697846718132, 0.0 ], [ 336602.852261549851391, 5488037.644206034950912, 0.0 ], [ 336598.232279192190617, 5488033.332287698052824, 0.0 ], [ 336593.606402638892177, 5488014.333985376171768, 0.0 ], [ 336602.626607518235687, 5487991.477309810929, 0.0 ], [ 336606.650875474093482, 5487978.338990692049265, 0.0 ], [ 336616.092496349068824, 5487947.792642036452889, 0.0 ], [ 336621.477499017608352, 5487931.720727615989745, 0.0 ], [ 336628.935913860681467, 5487909.912299389950931, 0.0 ], [ 336631.016921752423514, 5487906.845834388397634, 0.0 ], [ 336649.301422795164399, 5487886.15924886148423, 0.0 ], [ 336653.319288240862079, 5487838.975071707740426, 0.0 ], [ 336651.700080299109686, 5487828.45374771207571, 0.0 ], [ 336650.247495692456141, 5487823.49051633104682, 0.0 ], [ 336647.243756723997649, 5487822.356688014231622, 0.0 ], [ 336606.7891760848579, 5487821.121902785263956, 0.0 ], [ 336566.331227352493443, 5487819.776255562901497, 0.0 ], [ 336550.698771987808868, 5487817.797408182173967, 0.0 ], [ 336542.474511351436377, 5487816.486456061713398, 0.0 ], [ 336505.373704364348669, 5487803.914357904344797, 0.0 ], [ 336468.345084130822215, 5487791.340336824767292, 0.0 ], [ 336473.759618570329621, 5487783.500763156451285, 0.0 ], [ 336460.304979015490972, 5487774.447306604124606, 0.0 ], [ 336447.508285381423775, 5487765.596656018868089, 0.0 ], [ 336443.062728892546147, 5487762.280974966473877, 0.0 ] ] ] } },
{ "type": "Feature", "properties": { "name": "Traumschleifchen Odilienweg", "Nr": null, "darstell": "F1", "datum": null, "height": 154, "link": "https://www.saar-hunsrueck-steig.de/tour/traumschleifchen-odilienweg-a60d5e9a67", "km": 7.252, "erlebnis": null }, "geometry": { "type": "MultiLineString", "coordinates": [ [ [ 339147.824823709728662, 5480818.567181687802076, 0.0 ], [ 339147.824823709728662, 5480818.567181687802076, 0.0 ], [ 339147.195178501773626, 5480821.812201919034123, 0.0 ], [ 339147.915655069751665, 5480826.575061353854835, 0.0 ], [ 339151.469042775745038, 5480829.029322393238544, 0.0 ], [ 339158.530829630792141, 5480827.486229352653027, 0.0 ], [ 339166.40277582721319, 5480826.364315307699144, 0.0 ], [ 339171.790570650540758, 5480829.543365735560656, 0.0 ], [ 339172.010353672434576, 5480834.543488779105246, 0.0 ], [ 339169.819319370551966, 5480838.947068032808602, 0.0 ], [ 339163.366258761030622, 5480843.921206953935325, 0.0 ], [ 339157.828992706956342, 5480847.978318536654115, 0.0 ], [ 339156.076435380673502, 5480850.032577466219664, 0.0 ], [ 339156.076435380673502, 5480850.032577466219664, 0.0 ], [ 339156.227475540130399, 5480852.698313659988344, 0.0 ], [ 339158.219901598640718, 5480853.863463100977242, 0.0 ], [ 339165.584591880207881, 5480852.7564866412431, 0.0 ], [ 339170.347718798788264, 5480849.500986477360129, 0.0 ], [ 339177.904043258691672, 5480845.05065253842622, 0.0 ], [ 339183.40160273318179, 5480842.107308310456574, 0.0 ], [ 339183.611554673756473, 5480846.773947853595018, 0.0 ], [ 339182.423813691595569, 5480858.157209604978561, 0.0 ], [ 339180.419821519346442, 5480866.449295523576438, 0.0 ], [ 339178.874819618300535, 5480868.163661500439048, 0.0 ], [ 339178.874819618300535, 5480868.163661500439048, 0.0 ], [ 339179.546159571618773, 5480871.259105568751693, 0.0 ], [ 339181.663850408163853, 5480871.753027790226042, 0.0 ], [ 339186.641073427163064, 5480868.379978565499187, 0.0 ], [ 339193.232495247968473, 5480863.179276715964079, 0.0 ], [ 339197.206611364614218, 5480870.071482653729618, 0.0 ], [ 339201.407469038735144, 5480879.738456005230546, 0.0 ], [ 339206.614717203541659, 5480879.251350945793092, 0.0 ], [ 339211.219380110502243, 5480878.003190121613443, 0.0 ], [ 339214.052291171334218, 5480875.694623974151909, 0.0 ], [ 339216.546272506122477, 5480871.727173962630332, 0.0 ], [ 339219.280546360532753, 5480868.531453885138035, 0.0 ], [ 339219.280546360532753, 5480868.531453885138035, 0.0 ], [ 339224.049776634259615, 5480867.946004984900355, 0.0 ], [ 339237.875973082263954, 5480869.541587308049202, 0.0 ], [ 339243.982197120494675, 5480870.029371656477451, 0.0 ], [ 339250.928012577118352, 5480871.938796443864703, 0.0 ], [ 339258.631609986128751, 5480872.490832530893385, 0.0 ], [ 339266.700773973600008, 5480873.143376756459475, 0.0 ], [ 339273.640032523195259, 5480874.830507600679994, 0.0 ], [ 339287.656911024416331, 5480877.978207845240831, 0.0 ], [ 339287.656911024416331, 5480877.978207845240831, 0.0 ], [ 339298.591228362987749, 5480879.881566974334419, 0.0 ], [ 339308.639670863049105, 5480881.254728148691356, 0.0 ], [ 339320.858612598036416, 5480882.45278362557292, 0.0 ], [ 339326.964810199744534, 5480882.940660268999636, 0.0 ], [ 339334.516919521323871, 5480883.274744279682636, 0.0 ], [ 339343.524751854711212, 5480883.788525572046638, 0.0 ], [ 339353.533929301309399, 5480883.827833337709308, 0.0 ], [ 339353.533929301309399, 5480883.827833337709308, 0.0 ], [ 339359.952847811277024, 5480885.085349311120808, 0.0 ], [ 339368.340718274412211, 5480889.177648765034974, 0.0 ], [ 339376.649577249540016, 5480893.049769572913647, 0.0 ], [ 339383.370865419972688, 5480897.191112738102674, 0.0 ], [ 339390.11176013253862, 5480901.999431865289807, 0.0 ], [ 339395.133779056719504, 5480905.078193048946559, 0.0 ], [ 339397.178974460461177, 5480905.574329242110252, 0.0 ], [ 339456.282282556290738, 5480947.449281170964241, 0.0 ], [ 339456.282282556290738, 5480947.449281170964241, 0.0 ], [ 339462.450481433770619, 5480950.049372747540474, 0.0 ], [ 339473.416690849582665, 5480955.512370359152555, 0.0 ], [ 339482.22604203352239, 5480959.147415190935135, 0.0 ], [ 339490.199131928151473, 5480961.471966250799596, 0.0 ], [ 339501.558140327804722, 5480963.02946366649121, 0.0 ], [ 339524.661880306899548, 5480964.464332372881472, 0.0 ], [ 339524.661880306899548, 5480964.464332372881472, 0.0 ], [ 339570.725001895450987, 5480964.890941163524985, 0.0 ], [ 339598.58807273209095, 5480965.407494807615876, 0.0 ], [ 339598.58807273209095, 5480965.407494807615876, 0.0 ], [ 339628.891850553744007, 5480965.07370790373534, 0.0 ], [ 339651.981819165288471, 5480968.512146554887295, 0.0 ], [ 339658.683857099851593, 5480969.539176542311907, 0.0 ], [ 339688.577636302623432, 5480975.003131782636046, 0.0 ], [ 339688.577636302623432, 5480975.003131782636046, 0.0 ], [ 339706.470129068358801, 5480979.261929966509342, 0.0 ], [ 339722.328483966703061, 5480990.812205722555518, 0.0 ], [ 339734.383774325717241, 5480998.802657068707049, 0.0 ], [ 339748.422164972987957, 5481005.17733427323401, 0.0 ], [ 339748.422164972987957, 5481005.17733427323401, 0.0 ], [ 339763.039487445028499, 5481013.982713772915304, 0.0 ], [ 339770.908455899800174, 5481022.652374630793929, 0.0 ], [ 339776.348571796552278, 5481025.162916021421552, 0.0 ], [ 339785.885421356768347, 5481028.888344896025956, 0.0 ], [ 339789.948134439182468, 5481033.88696944154799, 0.0 ], [ 339791.146584921050817, 5481035.186892027035356, 0.0 ], [ 339795.255654708016664, 5481039.2941032955423, 0.0 ], [ 339796.175906657415908, 5481045.942529151216149, 0.0 ], [ 339796.175906657415908, 5481045.942529151216149, 0.0 ], [ 339797.425827559549361, 5481051.468712130561471, 0.0 ], [ 339797.674397268332541, 5481057.469302101060748, 0.0 ], [ 339799.096026384388097, 5481061.43284841068089, 0.0 ], [ 339801.996846553054638, 5481063.906655962578952, 0.0 ], [ 339802.835557088488713, 5481067.776047767139971, 0.0 ], [ 339801.135734049021266, 5481069.161002531647682, 0.0 ], [ 339797.723751678073313, 5481069.038591369055212, 0.0 ], [ 339795.102268746355549, 5481068.670475257560611, 0.0 ], [ 339787.481981971417554, 5481066.001371025107801, 0.0 ], [ 339782.051695862784982, 5481063.824303583241999, 0.0 ], [ 339779.923660007305443, 5481065.444343906827271, 0.0 ], [ 339781.190602331073023, 5481069.078653704375029, 0.0 ], [ 339787.161852178745903, 5481079.806644552387297, 0.0 ], [ 339787.161852178745903, 5481079.806644552387297, 0.0 ], [ 339790.079428073368035, 5481092.738121603615582, 0.0 ], [ 339776.493748218286783, 5481082.01103890221566, 0.0 ], [ 339750.081310394976754, 5481066.653837248682976, 0.0 ], [ 339720.750869950978085, 5481050.714864110574126, 0.0 ], [ 339720.750869950978085, 5481050.714864110574126, 0.0 ], [ 339702.994408990605734, 5481043.670608126558363, 0.0 ], [ 339687.141364971525036, 5481037.238068140111864, 0.0 ], [ 339657.422855987097137, 5481030.322646637447178, 0.0 ], [ 339637.180559972999617, 5481032.474686546251178, 0.0 ], [ 339637.180559972999617, 5481032.474686546251178, 0.0 ], [ 339617.395246561267413, 5481037.839840619824827, 0.0 ], [ 339599.726929350988939, 5481046.146827943623066, 0.0 ], [ 339590.27179780282313, 5481057.550310786813498, 0.0 ], [ 339580.31033915001899, 5481078.870588526129723, 0.0 ], [ 339580.31033915001899, 5481078.870588526129723, 0.0 ], [ 339571.412341285729781, 5481101.828503802418709, 0.0 ], [ 339560.15664070402272, 5481123.520625988952816, 0.0 ], [ 339554.850717385124881, 5481137.91747359931469, 0.0 ], [ 339548.843727107509039, 5481150.666068726219237, 0.0 ], [ 339548.843727107509039, 5481150.666068726219237, 0.0 ], [ 339546.89367893722374, 5481165.743116377852857, 0.0 ], [ 339548.734771216113586, 5481179.039898890070617, 0.0 ], [ 339552.28003144543618, 5481186.167449318803847, 0.0 ], [ 339551.622608276782557, 5481208.215727025642991, 0.0 ], [ 339555.31097992946161, 5481222.682059739716351, 0.0 ], [ 339555.31097992946161, 5481222.682059739716351, 0.0 ], [ 339557.137792080582585, 5481240.429558994248509, 0.0 ], [ 339556.924897456192411, 5481262.798547356389463, 0.0 ], [ 339549.608861675078515, 5481282.817347996868193, 0.0 ], [ 339522.764637942658737, 5481311.976911150850356, 0.0 ], [ 339522.764637942658737, 5481311.976911150850356, 0.0 ], [ 339515.392847875365987, 5481317.756456254981458, 0.0 ], [ 339491.458026973181404, 5481342.269120840355754, 0.0 ], [ 339467.520155651553068, 5481366.670734331011772, 0.0 ], [ 339467.520155651553068, 5481366.670734331011772, 0.0 ], [ 339456.532402721233666, 5481372.779199717566371, 0.0 ], [ 339430.447853111603763, 5481380.889256368391216, 0.0 ], [ 339404.294192698900588, 5481389.112731833942235, 0.0 ], [ 339372.061148587265052, 5481397.737703527323902, 0.0 ], [ 339372.061148587265052, 5481397.737703527323902, 0.0 ], [ 339347.552136261831038, 5481400.238934927619994, 0.0 ], [ 339317.233871120552067, 5481402.466210208833218, 0.0 ], [ 339286.839897775556892, 5481404.5846256185323, 0.0 ], [ 339286.839897775556892, 5481404.5846256185323, 0.0 ], [ 339253.504851681704167, 5481407.791120159439743, 0.0 ], [ 339241.379141712444834, 5481407.258074110373855, 0.0 ], [ 339214.957849483529571, 5481403.919549050740898, 0.0 ], [ 339214.957849483529571, 5481403.919549050740898, 0.0 ], [ 339183.398949205526151, 5481400.954989014193416, 0.0 ], [ 339158.889994529192336, 5481403.457069128751755, 0.0 ], [ 339151.473252110183239, 5481405.233173914253712, 0.0 ], [ 339151.473252110183239, 5481405.233173914253712, 0.0 ], [ 339140.272619413794018, 5481406.564481342211366, 0.0 ], [ 339136.057285381481051, 5481406.2436458254233, 0.0 ], [ 339140.272619413794018, 5481406.564481342211366, 0.0 ], [ 339151.473252110183239, 5481405.233173914253712, 0.0 ], [ 339172.586345539370086, 5481405.612534334883094, 0.0 ], [ 339192.394867021474056, 5481408.478070665150881, 0.0 ], [ 339192.394867021474056, 5481408.478070665150881, 0.0 ], [ 339237.487857109983452, 5481417.942135572433472, 0.0 ], [ 339282.583945768186823, 5481427.517730914987624, 0.0 ], [ 339282.583945768186823, 5481427.517730914987624, 0.0 ], [ 339312.541648848564364, 5481432.755130962468684, 0.0 ], [ 339342.499286610982381, 5481437.99269412830472, 0.0 ], [ 339364.059496861998923, 5481441.252327701076865, 0.0 ], [ 339364.059496861998923, 5481441.252327701076865, 0.0 ], [ 339389.630682591814548, 5481445.284112573601305, 0.0 ], [ 339409.248229774355423, 5481446.598433274775743, 0.0 ], [ 339424.591641647042707, 5481445.590861862525344, 0.0 ], [ 339442.718176969676279, 5481443.055140517652035, 0.0 ], [ 339442.718176969676279, 5481443.055140517652035, 0.0 ], [ 339466.447480980074033, 5481436.238210767507553, 0.0 ], [ 339504.800177203956991, 5481423.651140471920371, 0.0 ], [ 339520.704809399088845, 5481417.064472928643227, 0.0 ], [ 339520.704809399088845, 5481417.064472928643227, 0.0 ], [ 339542.746201934001874, 5481404.623369415290654, 0.0 ], [ 339559.62012010399485, 5481394.003067895770073, 0.0 ], [ 339581.405139702023007, 5481380.234575002454221, 0.0 ], [ 339581.405139702023007, 5481380.234575002454221, 0.0 ], [ 339613.922252999152988, 5481356.582773540169001, 0.0 ], [ 339631.783900472335517, 5481335.141735696233809, 0.0 ], [ 339638.863329199550208, 5481326.812021031044424, 0.0 ], [ 339638.863329199550208, 5481326.812021031044424, 0.0 ], [ 339644.757408997567836, 5481317.627071101218462, 0.0 ], [ 339651.5495985840098, 5481299.515169837512076, 0.0 ], [ 339653.635697468824219, 5481294.002298946492374, 0.0 ], [ 339653.733633314201143, 5481297.337141368538141, 0.0 ], [ 339654.136000595870428, 5481333.261429074220359, 0.0 ], [ 339654.636319236073177, 5481372.520561258308589, 0.0 ], [ 339654.636319236073177, 5481372.520561258308589, 0.0 ], [ 339656.812632317654788, 5481387.36512579023838, 0.0 ], [ 339665.462752219522372, 5481417.706854204647243, 0.0 ], [ 339674.109524773608427, 5481447.937434123829007, 0.0 ], [ 339674.109524773608427, 5481447.937434123829007, 0.0 ], [ 339680.486032837419771, 5481470.001648949459195, 0.0 ], [ 339687.387368853320368, 5481512.410543399862945, 0.0 ], [ 339694.285359949222766, 5481554.708285351283848, 0.0 ], [ 339694.285359949222766, 5481554.708285351283848, 0.0 ], [ 339695.24036829022225, 5481579.824393318966031, 0.0 ], [ 339696.264562665834092, 5481604.827213385142386, 0.0 ], [ 339696.552435086283367, 5481612.161742834374309, 0.0 ], [ 339696.832614698680118, 5481648.868427981622517, 0.0 ], [ 339696.832614698680118, 5481648.868427981622517, 0.0 ], [ 339698.623091960849706, 5481677.742756327614188, 0.0 ], [ 339698.136240850901231, 5481688.326496889814734, 0.0 ], [ 339693.189605646766722, 5481702.601427469402552, 0.0 ], [ 339685.792190410080366, 5481719.841022842563689, 0.0 ], [ 339685.792190410080366, 5481719.841022842563689, 0.0 ], [ 339677.612460363423452, 5481757.352443619631231, 0.0 ], [ 339674.330990725255106, 5481776.473821320571005, 0.0 ], [ 339674.75802934798412, 5481793.48365656286478, 0.0 ], [ 339674.75802934798412, 5481793.48365656286478, 0.0 ], [ 339676.10305581940338, 5481839.282191363163292, 0.0 ], [ 339672.178666144667659, 5481848.854323021136224, 0.0 ], [ 339666.492110467748716, 5481860.14707432501018, 0.0 ], [ 339666.492110467748716, 5481860.14707432501018, 0.0 ], [ 339681.544370159681421, 5481898.645085988566279, 0.0 ], [ 339696.599702042876743, 5481937.254298212006688, 0.0 ], [ 339696.599702042876743, 5481937.254298212006688, 0.0 ], [ 339696.734169243485667, 5481939.364239571616054, 0.0 ], [ 339697.379015995771624, 5481941.570450745522976, 0.0 ], [ 339698.889938121545129, 5481943.639972044155002, 0.0 ], [ 339699.189510993252043, 5481943.964947140775621, 0.0 ], [ 339712.336305953504052, 5481989.19442334305495, 0.0 ], [ 339797.298360865097493, 5482102.296653078868985, 0.0 ], [ 339797.298360865097493, 5482102.296653078868985, 0.0 ], [ 339850.613263439445291, 5482088.271380354650319, 0.0 ], [ 339850.589841806679033, 5482008.38937225099653, 0.0 ], [ 339850.589841806679033, 5482008.38937225099653, 0.0 ], [ 339859.273351540265139, 5482007.800850310362875, 0.0 ], [ 339871.252717043273151, 5482008.339489067904651, 0.0 ], [ 339889.125828115036711, 5482021.944886889308691, 0.0 ], [ 339907.161857236991636, 5482041.108419679105282, 0.0 ], [ 339919.87280993629247, 5482061.651994814164937, 0.0 ], [ 339919.87280993629247, 5482061.651994814164937, 0.0 ], [ 339916.571576796239242, 5482090.00812934525311, 0.0 ], [ 339913.27038960380014, 5482118.364267726428807, 0.0 ], [ 339914.740317829884589, 5482158.596260556951165, 0.0 ], [ 339914.740317829884589, 5482158.596260556951165, 0.0 ], [ 339925.990949781262316, 5482205.995649590156972, 0.0 ], [ 339939.922456865780987, 5482250.868783393874764, 0.0 ], [ 339939.922456865780987, 5482250.868783393874764, 0.0 ], [ 339948.02346791990567, 5482269.989984912797809, 0.0 ], [ 339960.46432956343051, 5482288.761433420702815, 0.0 ], [ 339976.176916741067544, 5482300.427784688770771, 0.0 ], [ 340003.039438935753424, 5482309.097157882526517, 0.0 ], [ 340003.039438935753424, 5482309.097157882526517, 0.0 ], [ 340025.440475591109134, 5482306.54919311311096, 0.0 ], [ 340050.261370323598385, 5482304.931722299195826, 0.0 ], [ 340070.34851431241259, 5482310.017230998724699, 0.0 ], [ 340081.109614784247242, 5482318.491241989657283, 0.0 ], [ 340081.109614784247242, 5482318.491241989657283, 0.0 ], [ 340084.563242144766264, 5482329.960789563134313, 0.0 ], [ 340109.56382692232728, 5482312.206050183624029, 0.0 ], [ 340113.885783842531964, 5482306.294081944040954, 0.0 ], [ 340106.636863781954162, 5482301.388603360392153, 0.0 ], [ 340080.060108690173365, 5482285.144875884056091, 0.0 ], [ 340080.060108690173365, 5482285.144875884056091, 0.0 ], [ 340072.798101425752975, 5482279.794794614426792, 0.0 ], [ 340064.485174285597168, 5482265.797464847564697, 0.0 ], [ 340058.043555495794863, 5482258.754506987519562, 0.0 ], [ 340049.342448702314869, 5482253.780394651927054, 0.0 ], [ 340041.236367919074837, 5482251.792799095623195, 0.0 ], [ 340031.70426846673945, 5482250.625807220116258, 0.0 ], [ 340017.695388259075116, 5482245.139758796431124, 0.0 ], [ 340017.695388259075116, 5482245.139758796431124, 0.0 ], [ 340010.328242324059829, 5482238.680265573784709, 0.0 ], [ 340003.783767533372156, 5482223.184840925969183, 0.0 ], [ 339997.052015615452547, 5482206.248569814488292, 0.0 ], [ 339995.454803647648077, 5482196.28224862460047, 0.0 ], [ 339997.525290977675468, 5482187.766015622764826, 0.0 ], [ 339997.525290977675468, 5482187.766015622764826, 0.0 ], [ 340000.697190235252492, 5482184.669097322039306, 0.0 ], [ 340001.933473461424001, 5482179.848803671076894, 0.0 ], [ 340001.159194689011201, 5482170.748416581191123, 0.0 ], [ 339991.812949018320069, 5482153.666271868161857, 0.0 ], [ 339988.907747005403508, 5482146.074693514965475, 0.0 ], [ 339986.588593696709722, 5482138.688450963236392, 0.0 ], [ 339986.987155797833111, 5482127.55105612333864, 0.0 ], [ 339986.987155797833111, 5482127.55105612333864, 0.0 ], [ 339990.296460872865282, 5482116.773365304805338, 0.0 ], [ 339998.226585118449293, 5482102.85628876183182, 0.0 ], [ 340008.985086650412995, 5482079.065703202970326, 0.0 ], [ 340183.885593034385238, 5482074.721025495789945, 0.0 ], [ 340183.885593034385238, 5482074.721025495789945, 0.0 ], [ 340186.320460688497405, 5482118.26244374550879, 0.0 ], [ 340187.11081972415559, 5482118.016790188848972, 0.0 ], [ 340189.193814947269857, 5482112.392960765399039, 0.0 ], [ 340193.525793117762078, 5482106.814547251909971, 0.0 ], [ 340214.612612089957111, 5482089.063688701018691, 0.0 ], [ 340214.612612089957111, 5482089.063688701018691, 0.0 ], [ 340236.472802185337059, 5482072.959136546589434, 0.0 ], [ 340242.24071198888123, 5482066.893712132237852, 0.0 ], [ 340244.298630732810125, 5482057.932936988770962, 0.0 ], [ 340242.309483810211532, 5482049.424376331269741, 0.0 ], [ 340237.635798112140037, 5482043.330778790637851, 0.0 ], [ 340246.917457843315788, 5482045.840556437149644, 0.0 ], [ 340246.917457843315788, 5482045.840556437149644, 0.0 ], [ 340283.049026455380954, 5482039.22041670884937, 0.0 ], [ 340311.272754186880775, 5482037.393376874737442, 0.0 ], [ 340325.979331459267996, 5482044.417373076081276, 0.0 ], [ 340325.979331459267996, 5482044.417373076081276, 0.0 ], [ 340336.556596076698042, 5482051.562185600399971, 0.0 ], [ 340346.320700363372453, 5482058.174516678787768, 0.0 ], [ 340361.527774740650784, 5482064.961451808921993, 0.0 ], [ 340374.095279331086203, 5482068.265400640666485, 0.0 ], [ 340382.415559634275269, 5482070.135976376011968, 0.0 ], [ 340382.415559634275269, 5482070.135976376011968, 0.0 ], [ 340367.767139072879218, 5482022.946464762091637, 0.0 ], [ 340365.507907334598713, 5482015.113307300023735, 0.0 ], [ 340363.242168322030921, 5482007.057827454060316, 0.0 ], [ 340363.242168322030921, 5482007.057827454060316, 0.0 ], [ 340372.719338265131228, 5481988.979613659903407, 0.0 ], [ 340389.325888957129791, 5481961.792425899766386, 0.0 ], [ 340391.920463725691661, 5481953.817340935580432, 0.0 ], [ 340391.52855987806106, 5481945.373293477110565, 0.0 ], [ 340391.52855987806106, 5481945.373293477110565, 0.0 ], [ 340387.513978316215798, 5481929.580972382798791, 0.0 ], [ 340383.150654765195213, 5481904.342034523375332, 0.0 ], [ 340379.495068061049096, 5481871.071925738826394, 0.0 ], [ 340379.495068061049096, 5481871.071925738826394, 0.0 ], [ 340367.719908891420346, 5481835.369083941914141, 0.0 ], [ 340351.282943545083981, 5481796.464891823008657, 0.0 ], [ 340351.282943545083981, 5481796.464891823008657, 0.0 ], [ 340346.052825418650173, 5481781.264425039291382, 0.0 ], [ 340344.535141619504429, 5481771.518223063088953, 0.0 ], [ 340347.323881856282242, 5481755.304449267685413, 0.0 ], [ 340351.818875550292432, 5481737.928214099258184, 0.0 ], [ 340371.443508170661516, 5481699.860866213217378, 0.0 ], [ 340371.443508170661516, 5481699.860866213217378, 0.0 ], [ 340372.827463004505262, 5481697.595267268829048, 0.0 ], [ 340382.704220846644603, 5481678.28160325717181, 0.0 ], [ 340387.306657789391465, 5481664.573735190555453, 0.0 ], [ 340386.957558284513652, 5481647.672937822528183, 0.0 ], [ 340385.019185574899893, 5481635.936409405432642, 0.0 ], [ 340385.019185574899893, 5481635.936409405432642, 0.0 ], [ 340378.835563291446306, 5481625.325310862623155, 0.0 ], [ 340370.174701945157722, 5481616.789269391447306, 0.0 ], [ 340349.190039437671658, 5481593.482709877192974, 0.0 ], [ 340344.132990317360964, 5481581.726135097444057, 0.0 ], [ 340344.132990317360964, 5481581.726135097444057, 0.0 ], [ 340336.653037533978932, 5481559.026014269329607, 0.0 ], [ 340329.728012392180972, 5481523.070132245309651, 0.0 ], [ 340322.872114525351208, 5481487.000978381372988, 0.0 ], [ 340322.872114525351208, 5481487.000978381372988, 0.0 ], [ 340316.730934553779662, 5481467.933192512951791, 0.0 ], [ 340313.945720353280194, 5481457.00024691503495, 0.0 ], [ 340316.233022571424954, 5481443.47129537537694, 0.0 ], [ 340321.776484055561014, 5481432.18350294418633, 0.0 ], [ 340333.124480312108062, 5481416.053187605924904, 0.0 ], [ 340333.124480312108062, 5481416.053187605924904, 0.0 ], [ 340336.310535687429365, 5481403.499275059439242, 0.0 ], [ 340338.825595501053613, 5481363.039581421762705, 0.0 ], [ 340334.608967324951664, 5481357.711315152235329, 0.0 ], [ 340334.025212478591129, 5481342.708745650947094, 0.0 ], [ 340334.025212478591129, 5481342.708745650947094, 0.0 ], [ 340326.819875914370641, 5481341.806892511434853, 0.0 ], [ 340321.088670316035859, 5481344.199634801596403, 0.0 ], [ 340312.558292286295909, 5481355.018497285433114, 0.0 ], [ 340311.40370035986416, 5481360.170070770196617, 0.0 ], [ 340309.155820767628029, 5481365.13110788911581, 0.0 ], [ 340304.592718523461372, 5481370.271120234392583, 0.0 ], [ 340297.281099729530979, 5481380.609336737543344, 0.0 ], [ 340291.699523007962853, 5481388.115541741251945, 0.0 ], [ 340291.699523007962853, 5481388.115541741251945, 0.0 ], [ 340287.265102931880392, 5481392.695523137226701, 0.0 ], [ 340281.8497909323778, 5481395.969122965820134, 0.0 ], [ 340275.796333146630786, 5481397.258777134120464, 0.0 ], [ 340269.26588798314333, 5481397.116055993363261, 0.0 ], [ 340263.381006582349073, 5481396.731942119076848, 0.0 ], [ 340257.331705703574698, 5481395.685104992240667, 0.0 ], [ 340249.191944516263902, 5481392.585562409833074, 0.0 ], [ 340209.980200576887, 5481380.827232145704329, 0.0 ], [ 340209.980200576887, 5481380.827232145704329, 0.0 ], [ 340203.822629160422366, 5481378.559797414578497, 0.0 ], [ 340188.260996071447153, 5481372.117351330816746, 0.0 ], [ 340180.49318071489688, 5481369.340790688991547, 0.0 ], [ 340177.380320597381797, 5481362.088964096270502, 0.0 ], [ 340176.179642984643579, 5481358.230124090798199, 0.0 ], [ 340183.302131448232103, 5481351.346231405623257, 0.0 ], [ 340190.88125807303004, 5481347.675428896211088, 0.0 ], [ 340206.696363989438396, 5481345.432442468591034, 0.0 ], [ 340206.696363989438396, 5481345.432442468591034, 0.0 ], [ 340248.392505996511318, 5481345.436117787845433, 0.0 ], [ 340261.697802584501915, 5481344.156780392862856, 0.0 ], [ 340270.044699732097797, 5481339.4623185666278, 0.0 ], [ 340270.044699732097797, 5481339.4623185666278, 0.0 ], [ 340273.011492178309709, 5481331.810073182918131, 0.0 ], [ 340271.6905547240749, 5481323.838237380608916, 0.0 ], [ 340250.801452135841828, 5481296.412697536870837, 0.0 ], [ 340242.967061104020104, 5481286.406308582983911, 0.0 ], [ 340229.21688411408104, 5481270.008889006450772, 0.0 ], [ 340229.21688411408104, 5481270.008889006450772, 0.0 ], [ 340214.589786099968478, 5481255.862296789884567, 0.0 ], [ 340190.262888118915725, 5481234.879202243871987, 0.0 ], [ 340171.91287166858092, 5481214.945073853246868, 0.0 ], [ 340171.91287166858092, 5481214.945073853246868, 0.0 ], [ 340152.892827381263487, 5481189.46777859237045, 0.0 ], [ 340143.475580249214545, 5481174.946328602731228, 0.0 ], [ 340136.881976729899179, 5481137.979613742791116, 0.0 ], [ 340136.881976729899179, 5481137.979613742791116, 0.0 ], [ 340126.401713581755757, 5481102.016755446791649, 0.0 ], [ 340115.918075758672785, 5481065.942754685878754, 0.0 ], [ 340112.941122559306677, 5481046.003705371171236, 0.0 ], [ 340112.941122559306677, 5481046.003705371171236, 0.0 ], [ 340110.978414919693023, 5481035.936810514889657, 0.0 ], [ 340109.566911113332026, 5481022.404816516675055, 0.0 ], [ 340106.058958090434317, 5481014.052021658048034, 0.0 ], [ 340105.108941310551018, 5481008.850772326812148, 0.0 ], [ 340104.302991783828475, 5481006.09295326191932, 0.0 ], [ 340102.933657968533225, 5481003.907915371470153, 0.0 ], [ 340106.896028219140135, 5481003.013091389089823, 0.0 ], [ 340109.26433705422096, 5481002.164946340955794, 0.0 ], [ 340106.896028219140135, 5481003.013091389089823, 0.0 ], [ 340102.933657968533225, 5481003.907915371470153, 0.0 ], [ 340089.45910632063169, 5480996.959553361870348, 0.0 ], [ 340089.45910632063169, 5480996.959553361870348, 0.0 ], [ 340078.672795536811464, 5480987.707356528379023, 0.0 ], [ 340069.416996354062576, 5480981.191772638820112, 0.0 ], [ 340057.394755832618102, 5480974.312206089496613, 0.0 ], [ 340046.580653267097659, 5480969.066127233207226, 0.0 ], [ 340046.502475072280504, 5480976.300110220909119, 0.0 ], [ 340043.636727678822353, 5480977.496624275110662, 0.0 ], [ 340043.636727678822353, 5480977.496624275110662, 0.0 ], [ 340030.221463178400882, 5480980.003495416603982, 0.0 ], [ 340021.766708564769942, 5480981.029986880719662, 0.0 ], [ 340015.528833124553785, 5480980.990228702314198, 0.0 ], [ 340008.8399261579616, 5480980.407408340834081, 0.0 ], [ 340002.639480346580967, 5480976.695091737434268, 0.0 ], [ 339998.163327189802658, 5480967.48067098390311, 0.0 ], [ 339989.005837379139848, 5480951.950529700145125, 0.0 ], [ 339989.005837379139848, 5480951.950529700145125, 0.0 ], [ 339975.37920284899883, 5480905.176929637789726, 0.0 ], [ 339972.387871469545644, 5480887.240977426990867, 0.0 ], [ 339962.760604095412418, 5480887.856886661611497, 0.0 ], [ 339962.760604095412418, 5480887.856886661611497, 0.0 ], [ 339954.641943914582953, 5480887.983570045791566, 0.0 ], [ 339950.656701716827229, 5480888.1003732457757, 0.0 ], [ 339936.237371045979671, 5480888.52301278244704, 0.0 ], [ 339922.234011391410604, 5480885.818302531726658, 0.0 ], [ 339909.474711958435364, 5480885.969835818745196, 0.0 ], [ 339873.587208509910852, 5480888.802172875963151, 0.0 ], [ 339873.587208509910852, 5480888.802172875963151, 0.0 ], [ 339865.740594992414117, 5480893.260033402591944, 0.0 ], [ 339857.828055054123979, 5480897.942353238351643, 0.0 ], [ 339852.530564802582376, 5480902.770506017841399, 0.0 ], [ 339846.265038978483062, 5480906.73699941765517, 0.0 ], [ 339838.612689019995742, 5480900.508530514314771, 0.0 ], [ 339829.472744479775429, 5480890.540966010652483, 0.0 ], [ 339809.20557256101165, 5480874.558171277865767, 0.0 ], [ 339809.20557256101165, 5480874.558171277865767, 0.0 ], [ 339794.041626559745055, 5480864.433607635088265, 0.0 ], [ 339784.278051541768946, 5480857.933376901783049, 0.0 ], [ 339773.26633364323061, 5480850.913499294780195, 0.0 ], [ 339752.811587914824486, 5480868.091016006655991, 0.0 ], [ 339742.65750325366389, 5480868.055229090154171, 0.0 ], [ 339742.65750325366389, 5480868.055229090154171, 0.0 ], [ 339726.729513507685624, 5480868.967722526751459, 0.0 ], [ 339710.324353056843393, 5480868.447926220484078, 0.0 ], [ 339691.459500858851243, 5480865.663986147381365, 0.0 ], [ 339684.075840301462449, 5480863.655606530606747, 0.0 ], [ 339679.60620552545879, 5480864.565627507865429, 0.0 ], [ 339679.60620552545879, 5480864.565627507865429, 0.0 ], [ 339671.700295127928257, 5480869.470541970804334, 0.0 ], [ 339668.685723543341737, 5480873.008023864589632, 0.0 ], [ 339662.703593348443974, 5480876.743897187523544, 0.0 ], [ 339653.039111818477977, 5480881.032932543195784, 0.0 ], [ 339635.235676014213823, 5480874.880303436890244, 0.0 ], [ 339624.246000563842244, 5480871.086529886350036, 0.0 ], [ 339600.583709806436673, 5480862.992193494923413, 0.0 ], [ 339600.583709806436673, 5480862.992193494923413, 0.0 ], [ 339584.478134285891429, 5480862.797745086252689, 0.0 ], [ 339576.52984600153286, 5480866.257701547816396, 0.0 ], [ 339567.05012447736226, 5480869.428890520706773, 0.0 ], [ 339558.105576339992695, 5480866.131449336186051, 0.0 ], [ 339550.198311708634719, 5480863.582345427945256, 0.0 ], [ 339544.389096241386142, 5480860.860347026959062, 0.0 ], [ 339543.144220698217396, 5480860.451896619983017, 0.0 ], [ 339543.144220698217396, 5480860.451896619983017, 0.0 ], [ 339531.643960864807013, 5480856.562049976550043, 0.0 ], [ 339515.193566653644666, 5480852.0389010226354, 0.0 ], [ 339500.86138964863494, 5480845.562167749740183, 0.0 ], [ 339493.514138721977361, 5480842.329139398410916, 0.0 ], [ 339483.716892452444881, 5480837.165503275580704, 0.0 ], [ 339483.716892452444881, 5480837.165503275580704, 0.0 ], [ 339463.535562049481086, 5480829.080680472776294, 0.0 ], [ 339455.246286265610252, 5480825.875394988805056, 0.0 ], [ 339447.154770743683912, 5480821.99676285777241, 0.0 ], [ 339444.016671368270181, 5480818.862561821937561, 0.0 ], [ 339440.546239504823461, 5480814.29178736358881, 0.0 ], [ 339432.117485471069813, 5480801.411241140216589, 0.0 ], [ 339428.205734347691759, 5480796.6309350496158, 0.0 ], [ 339428.205734347691759, 5480796.6309350496158, 0.0 ], [ 339423.203253150568344, 5480794.219110027886927, 0.0 ], [ 339417.765458462876268, 5480794.2677535219118, 0.0 ], [ 339411.73817403416615, 5480793.999965263530612, 0.0 ], [ 339404.644138550036587, 5480791.983435890637338, 0.0 ], [ 339399.213417662424035, 5480789.806740799918771, 0.0 ], [ 339390.413549061748199, 5480786.505307585932314, 0.0 ], [ 339376.726119283877779, 5480782.23507084697485, 0.0 ], [ 339372.559902953740675, 5480781.133782725781202, 0.0 ], [ 339362.51784050220158, 5480779.982823169790208, 0.0 ], [ 339362.51784050220158, 5480779.982823169790208, 0.0 ], [ 339328.626434035948478, 5480779.19975608587265, 0.0 ], [ 339280.552360805915669, 5480779.501834629103541, 0.0 ], [ 339236.720255334046669, 5480781.014546345919371, 0.0 ], [ 339236.720255334046669, 5480781.014546345919371, 0.0 ], [ 339233.963480997656006, 5480780.984446065500379, 0.0 ], [ 339214.313573684485164, 5480781.117934155277908, 0.0 ], [ 339182.36827982403338, 5480782.392368764616549, 0.0 ], [ 339177.974374371115118, 5480783.411827790550888, 0.0 ], [ 339174.205987285356969, 5480785.970476052723825, 0.0 ], [ 339174.205987285356969, 5480785.970476052723825, 0.0 ], [ 339171.336157400044613, 5480791.951651669107378, 0.0 ], [ 339169.247028974466957, 5480797.353547878563404, 0.0 ], [ 339164.532531223143451, 5480804.72414867207408, 0.0 ], [ 339158.151892448426224, 5480809.696158618666232, 0.0 ], [ 339153.434574538259767, 5480814.507926328107715, 0.0 ] ] ] } },
{ "type": "Feature", "properties": { "name": "Traumschleifchen Zauberwald - Willy Wurzels Naturerlebnisweg", "Nr": null, "darstell": "F1", "datum": null, "height": 136, "link": "https://www.saar-hunsrueck-steig.de/tour/traumschleifchen-zauberwald-willy-wurzels-naturerlebnisweg-cad1f987f8", "km": 4.565, "erlebnis": null }, "geometry": { "type": "MultiLineString", "coordinates": [ [ [ 366131.99679982138332, 5505488.965556154027581, 0.0 ], [ 366116.015853539633099, 5505511.051656796596944, 0.0 ], [ 366103.987446187471505, 5505547.055987248197198, 0.0 ], [ 366068.007796052726917, 5505562.962314606644213, 0.0 ], [ 366064.034289078670554, 5505591.982174511067569, 0.0 ], [ 366026.000987397157587, 5505589.029267737641931, 0.0 ], [ 366012.031799002550542, 5505599.052355341613293, 0.0 ], [ 366000.036151498090476, 5505718.039034162648022, 0.0 ], [ 366008.014010796381626, 5505742.981297698803246, 0.0 ], [ 366046.001396172097884, 5505784.979387308470905, 0.0 ], [ 366020.009828906622715, 5505837.013687213882804, 0.0 ], [ 366048.014925056486391, 5505810.959079409018159, 0.0 ], [ 366052.003183671215083, 5505838.0023158993572, 0.0 ], [ 366082.026393860287499, 5505806.002426160499454, 0.0 ], [ 366120.021754679793958, 5505787.042903693392873, 0.0 ], [ 366197.973893486778252, 5505772.992193947546184, 0.0 ], [ 366212.010405380977318, 5505792.000758185051382, 0.0 ], [ 366306.011898971337359, 5505820.04775963164866, 0.0 ], [ 366403.988486482296139, 5505863.015285561792552, 0.0 ], [ 366446.024845312233083, 5505885.004785841330886, 0.0 ], [ 366280.011394667555578, 5505865.962909193709493, 0.0 ], [ 366258.005028696439695, 5505871.956773638725281, 0.0 ], [ 366323.983302040374838, 5505902.03078942373395, 0.0 ], [ 366448.000069192843512, 5505968.049957642331719, 0.0 ], [ 366514.020782253122889, 5505997.012782452628016, 0.0 ], [ 366566.032598598627374, 5506010.970778695307672, 0.0 ], [ 366606.014222753467038, 5506016.993984409607947, 0.0 ], [ 366668.037051652674563, 5506036.045782533474267, 0.0 ], [ 366796.021240242873318, 5506116.991890923120081, 0.0 ], [ 366840.028450574493036, 5506140.048203918151557, 0.0 ], [ 366854.024843300576322, 5506183.97626162879169, 0.0 ], [ 366880.017738694208674, 5506211.035274187102914, 0.0 ], [ 366917.965601833828259, 5506243.028773964382708, 0.0 ], [ 366911.989302915520966, 5506314.03322297334671, 0.0 ], [ 366877.987142208556179, 5506330.998089688830078, 0.0 ], [ 366845.980827036313713, 5506344.020835886709392, 0.0 ], [ 366833.998416238231584, 5506337.974937541410327, 0.0 ], [ 366834.006828087265603, 5506352.9916607812047, 0.0 ], [ 366815.977697044261731, 5506371.010324512608349, 0.0 ], [ 366795.984529610839672, 5506405.985312601551414, 0.0 ], [ 366762.02663203375414, 5506410.046415037475526, 0.0 ], [ 366764.020701733999886, 5506450.042536720633507, 0.0 ], [ 366748.030683347024024, 5506460.002255385741591, 0.0 ], [ 366729.98980287683662, 5506498.044119033962488, 0.0 ], [ 366699.98103090422228, 5506471.974566717632115, 0.0 ], [ 366691.991441496706102, 5506461.047541666775942, 0.0 ], [ 366668.009904316975735, 5506416.030810059048235, 0.0 ], [ 366547.964578596700449, 5506293.957162029109895, 0.0 ], [ 366508.007229260867462, 5506323.974587520584464, 0.0 ], [ 366477.998066245869268, 5506338.952582560479641, 0.0 ], [ 366464.033891502360348, 5506354.981231473386288, 0.0 ], [ 366450.016670057666488, 5506363.002174651250243, 0.0 ], [ 366448.006136794108897, 5506380.960882416926324, 0.0 ], [ 366343.984572976245545, 5506347.041051335632801, 0.0 ], [ 366331.991762786521576, 5506325.979506912641227, 0.0 ], [ 366315.969425439485349, 5506281.991387134417892, 0.0 ], [ 366300.004140479839407, 5506252.017756008543074, 0.0 ], [ 366269.989929500268772, 5506222.947184977121651, 0.0 ], [ 366240.018926676770207, 5506143.040392462164164, 0.0 ], [ 366211.986995238927193, 5506092.007468592375517, 0.0 ], [ 366213.98080103949178, 5506050.021874913014472, 0.0 ], [ 366237.993859063251875, 5505949.983007746748626, 0.0 ], [ 366247.967257716110907, 5505933.051205129362643, 0.0 ], [ 366283.987564805080183, 5505913.0292101604864, 0.0 ], [ 366321.985901177336928, 5505902.969973474740982, 0.0 ], [ 366258.005028696439695, 5505871.956773638725281, 0.0 ], [ 366280.011394667555578, 5505865.962909193709493, 0.0 ], [ 366446.024845312233083, 5505885.004785841330886, 0.0 ], [ 366403.988486482296139, 5505863.015285561792552, 0.0 ], [ 366306.011898971337359, 5505820.04775963164866, 0.0 ], [ 366212.010405380977318, 5505792.000758185051382, 0.0 ], [ 366197.973893486778252, 5505772.992193947546184, 0.0 ], [ 366120.021754679793958, 5505787.042903693392873, 0.0 ], [ 366080.007009208784439, 5505806.052346341311932, 0.0 ], [ 366053.970983993145637, 5505832.947990940883756, 0.0 ], [ 366048.014925056486391, 5505810.959079409018159, 0.0 ], [ 366020.032459609676152, 5505835.010859261266887, 0.0 ], [ 366046.001396172097884, 5505784.979387308470905, 0.0 ], [ 366008.014010796381626, 5505742.981297698803246, 0.0 ], [ 366000.036151498090476, 5505718.039034162648022, 0.0 ], [ 366012.031799002550542, 5505599.052355341613293, 0.0 ], [ 366026.000987397157587, 5505589.029267737641931, 0.0 ], [ 366064.034289078670554, 5505591.982174511067569, 0.0 ], [ 366068.007796052726917, 5505562.962314606644213, 0.0 ], [ 366103.987446187471505, 5505547.055987248197198, 0.0 ], [ 366116.015853539633099, 5505511.051656796596944, 0.0 ], [ 366131.99679982138332, 5505488.965556154027581, 0.0 ] ] ] } },
{ "type": "Feature", "properties": { "name": "Traumschleifchen Murscher Aussichten", "Nr": null, "darstell": "F1", "datum": null, "height": 63, "link": "https://www.saar-hunsrueck-steig.de/tour/traumschleifchen-murscher-aussichten-d33f8413af", "km": 3.226, "erlebnis": null }, "geometry": { "type": "MultiLineString", "coordinates": [ [ [ 388330.08717056363821, 5560891.290612457320094, 0.0 ], [ 388329.918753682170063, 5560890.070618644356728, 0.0 ], [ 388317.818213907536119, 5560871.526663273572922, 0.0 ], [ 388317.918985955591779, 5560869.522413761354983, 0.0 ], [ 388317.818213907536119, 5560871.526663273572922, 0.0 ], [ 388302.63517689256696, 5560855.828158125281334, 0.0 ], [ 388284.641585978330113, 5560835.51702849753201, 0.0 ], [ 388266.719241112470627, 5560815.204459995962679, 0.0 ], [ 388264.321660904446617, 5560813.252650701440871, 0.0 ], [ 388235.843089929840062, 5560790.158569265156984, 0.0 ], [ 388204.076046963862609, 5560766.911235184408724, 0.0 ], [ 388183.49101985397283, 5560745.65378288179636, 0.0 ], [ 388180.867554832075257, 5560743.150604936294258, 0.0 ], [ 388165.126713379984722, 5560728.13156386371702, 0.0 ], [ 388162.59096422343282, 5560726.405160328373313, 0.0 ], [ 388200.492875481490046, 5560671.106408420018852, 0.0 ], [ 388191.608013163961004, 5560659.502656005322933, 0.0 ], [ 388183.273161010874901, 5560646.886296240612864, 0.0 ], [ 388181.780105739657301, 5560643.803223649971187, 0.0 ], [ 388180.137275967223104, 5560640.389608121477067, 0.0 ], [ 388178.290861886343919, 5560610.285119751468301, 0.0 ], [ 388175.988203177286778, 5560602.658633361570537, 0.0 ], [ 388175.531874543405138, 5560601.333461514674127, 0.0 ], [ 388171.047985251818318, 5560591.861889894120395, 0.0 ], [ 388161.607188070134725, 5560577.600345413200557, 0.0 ], [ 388158.755466724163853, 5560574.434592304751277, 0.0 ], [ 388146.90388935856754, 5560561.002328932285309, 0.0 ], [ 388117.997765721054748, 5560531.244015543721616, 0.0 ], [ 388113.448061739676632, 5560525.444455023854971, 0.0 ], [ 388094.452226253924891, 5560501.706853421404958, 0.0 ], [ 388092.943788175296504, 5560501.293642497621477, 0.0 ], [ 388085.249474485754035, 5560498.785872796550393, 0.0 ], [ 388074.576747649814934, 5560500.678695898503065, 0.0 ], [ 388053.514361291832756, 5560511.132246309891343, 0.0 ], [ 388050.827445366303436, 5560512.412276746705174, 0.0 ], [ 388034.957544597331434, 5560521.866875374689698, 0.0 ], [ 388022.211150103714317, 5560527.029085953719914, 0.0 ], [ 388020.705051386903506, 5560526.727076200768352, 0.0 ], [ 388015.61567482346436, 5560525.83306239452213, 0.0 ], [ 388015.149945326033048, 5560524.063180987723172, 0.0 ], [ 388014.53676810557954, 5560522.073941492475569, 0.0 ], [ 388015.149945326033048, 5560524.063180987723172, 0.0 ], [ 387992.048089140211232, 5560529.220848433673382, 0.0 ], [ 387989.356517650419846, 5560530.278548881411552, 0.0 ], [ 387987.797747401113156, 5560530.867495940066874, 0.0 ], [ 387964.835265461239032, 5560525.677967265248299, 0.0 ], [ 387963.831196865299717, 5560525.47663816716522, 0.0 ], [ 387931.744257480022497, 5560524.483562694862485, 0.0 ], [ 387927.032850959338248, 5560524.582745784893632, 0.0 ], [ 387926.385705227032304, 5560524.373909708112478, 0.0 ], [ 387897.67835567065049, 5560514.300263687036932, 0.0 ], [ 387892.303402111283503, 5560513.412380087189376, 0.0 ], [ 387890.152483593148645, 5560513.012755887582898, 0.0 ], [ 387851.047599941957742, 5560521.288819671608508, 0.0 ], [ 387846.504724534228444, 5560522.608053768053651, 0.0 ], [ 387843.996880617458373, 5560522.215967649593949, 0.0 ], [ 387808.711449867289048, 5560515.173364941030741, 0.0 ], [ 387808.073670134181157, 5560515.409265827387571, 0.0 ], [ 387805.596279945923015, 5560516.4625463783741, 0.0 ], [ 387801.556703244859818, 5560521.33057370223105, 0.0 ], [ 387801.027801089920104, 5560523.343861623667181, 0.0 ], [ 387800.768036631983705, 5560524.572866940870881, 0.0 ], [ 387800.402243077929597, 5560544.490756032988429, 0.0 ], [ 387766.551829853910021, 5560544.536916325800121, 0.0 ], [ 387732.632369472587015, 5560544.69597790017724, 0.0 ], [ 387730.98817631660495, 5560544.619422076269984, 0.0 ], [ 387721.655537605169229, 5560545.706088036298752, 0.0 ], [ 387710.974942402215675, 5560550.603026758879423, 0.0 ], [ 387707.271293287514709, 5560554.462973013520241, 0.0 ], [ 387687.137091516749933, 5560575.020370176061988, 0.0 ], [ 387667.342200745362788, 5560591.34394349064678, 0.0 ], [ 387632.444971918303054, 5560575.618368973955512, 0.0 ], [ 387632.246651435096283, 5560586.523113496601582, 0.0 ], [ 387633.676085069775581, 5560596.72611869033426, 0.0 ], [ 387635.658793563779909, 5560602.690698808059096, 0.0 ], [ 387645.443459358299151, 5560609.49168061837554, 0.0 ], [ 387646.863108427554835, 5560612.464933205395937, 0.0 ], [ 387659.418693241372239, 5560638.895200311206281, 0.0 ], [ 387670.101090789714362, 5560651.016327694058418, 0.0 ], [ 387671.24791567621287, 5560651.214588734321296, 0.0 ], [ 387717.447264313523192, 5560657.692354904487729, 0.0 ], [ 387726.046077173668891, 5560659.068214167840779, 0.0 ], [ 387734.71626828040462, 5560660.442581847310066, 0.0 ], [ 387748.590390614059288, 5560661.373537516221404, 0.0 ], [ 387767.006180870113894, 5560664.322146651335061, 0.0 ], [ 387767.869810182077345, 5560664.637629019096494, 0.0 ], [ 387805.67273447487969, 5560675.964843653142452, 0.0 ], [ 387844.336768104694784, 5560687.496638506650925, 0.0 ], [ 387852.889875360007863, 5560690.097193104214966, 0.0 ], [ 387852.889875360007863, 5560690.097193104214966, 0.0 ], [ 387865.70627164223697, 5560708.625079490244389, 0.0 ], [ 387881.472670167509932, 5560728.203160496428609, 0.0 ], [ 387899.553615318262018, 5560749.178532887250185, 0.0 ], [ 387916.082752257410903, 5560771.076476818881929, 0.0 ], [ 387935.646045391156804, 5560791.242141088470817, 0.0 ], [ 387957.558912057545967, 5560814.472857211716473, 0.0 ], [ 387974.156657886691391, 5560836.258293953724205, 0.0 ], [ 387986.540576194587629, 5560844.451162121258676, 0.0 ], [ 387983.59512657992309, 5560863.97839055582881, 0.0 ], [ 387983.668846627231687, 5560864.088069186545908, 0.0 ], [ 387984.759375888912473, 5560875.188118482939899, 0.0 ], [ 387985.248445844976231, 5560884.85483512096107, 0.0 ], [ 387982.829653710708953, 5560895.472584456205368, 0.0 ], [ 387975.251622695126571, 5560908.645972290076315, 0.0 ], [ 387959.546882728172932, 5560925.88347327709198, 0.0 ], [ 387952.212346408341546, 5560937.049632559530437, 0.0 ], [ 387951.808651440311223, 5560948.403592325747013, 0.0 ], [ 387953.624729315575678, 5560953.259484429843724, 0.0 ], [ 387970.321584278426599, 5560962.807512214407325, 0.0 ], [ 387980.456226189970039, 5560965.931118645705283, 0.0 ], [ 387994.685191785334609, 5560970.192117840982974, 0.0 ], [ 388029.009207689203322, 5560962.240020448341966, 0.0 ], [ 388068.348563565465156, 5560955.072520082816482, 0.0 ], [ 388097.835343816666864, 5560948.001204678788781, 0.0 ], [ 388120.214643969200552, 5560942.525428807362914, 0.0 ], [ 388127.248480993148405, 5560940.820373219437897, 0.0 ], [ 388130.735664631589316, 5560936.85403711348772, 0.0 ], [ 388138.140661127050407, 5560929.023552485741675, 0.0 ], [ 388141.500407430576161, 5560922.39038520026952, 0.0 ], [ 388169.377603337808978, 5560937.265582083724439, 0.0 ], [ 388189.552697804116178, 5560952.636391653679311, 0.0 ], [ 388176.53301787521923, 5560995.733390397392213, 0.0 ], [ 388176.238637455564458, 5561012.312824584543705, 0.0 ], [ 388180.622799835517071, 5561020.451731128618121, 0.0 ], [ 388196.873084905557334, 5561032.568116208538413, 0.0 ], [ 388210.196801329148002, 5561044.746012752875686, 0.0 ], [ 388226.897559969685972, 5561054.517197280190885, 0.0 ], [ 388239.963656169478782, 5561068.035332170315087, 0.0 ], [ 388259.46826104063075, 5561092.318848937749863, 0.0 ], [ 388263.501374484971166, 5561097.350752841681242, 0.0 ], [ 388269.020370211976115, 5561105.132213404402137, 0.0 ], [ 388275.473282990162261, 5561109.779640928842127, 0.0 ], [ 388308.83151089475723, 5561100.069923327304423, 0.0 ], [ 388322.152923273446504, 5561105.35188845731318, 0.0 ], [ 388350.936544736905489, 5561105.637871746905148, 0.0 ], [ 388365.121927034284454, 5561104.450494323857129, 0.0 ], [ 388398.072497651504818, 5561102.535972859710455, 0.0 ], [ 388406.916265550651588, 5561102.01685906201601, 0.0 ], [ 388441.417042998771649, 5561102.517158656381071, 0.0 ], [ 388462.702244734624401, 5561106.186574148014188, 0.0 ], [ 388482.187519098923076, 5561112.563296834006906, 0.0 ], [ 388497.099141033773776, 5561115.365322506055236, 0.0 ], [ 388503.51840517326491, 5561115.00838980358094, 0.0 ], [ 388505.426950261287857, 5561114.078573173843324, 0.0 ], [ 388508.039949802681804, 5561112.689082480035722, 0.0 ], [ 388510.490748775599059, 5561106.965034824796021, 0.0 ], [ 388517.759346764767542, 5561085.79038866981864, 0.0 ], [ 388541.992157980275806, 5561121.09882412943989, 0.0 ], [ 388566.224657378159463, 5561156.407367095351219, 0.0 ], [ 388567.035401919274591, 5561157.613918799906969, 0.0 ], [ 388590.385469086060766, 5561191.717511609196663, 0.0 ], [ 388614.617345320060849, 5561227.02626927010715, 0.0 ], [ 388622.894484510528855, 5561236.974945780821145, 0.0 ], [ 388629.822537338593975, 5561237.052431611344218, 0.0 ], [ 388637.834436673438177, 5561234.326509427279234, 0.0 ], [ 388636.258787353290245, 5561230.688901858404279, 0.0 ], [ 388633.570834802812897, 5561204.606196293607354, 0.0 ], [ 388630.882863115868531, 5561178.523492709733546, 0.0 ], [ 388630.92166981252376, 5561176.965466860681772, 0.0 ], [ 388631.379739148309454, 5561144.25439237523824, 0.0 ], [ 388646.195947241794784, 5561132.265296954661608, 0.0 ], [ 388654.831073672045022, 5561125.188416316173971, 0.0 ], [ 388653.955945785390213, 5561124.316887320019305, 0.0 ], [ 388654.831073672045022, 5561125.188416316173971, 0.0 ], [ 388668.4808496661135, 5561139.362726072780788, 0.0 ], [ 388674.485070100694429, 5561136.233942198567092, 0.0 ], [ 388681.193762641341891, 5561132.645513529889286, 0.0 ], [ 388678.612065968685783, 5561118.462131212465465, 0.0 ], [ 388667.802146268601064, 5561086.431670533493161, 0.0 ], [ 388661.0262969598989, 5561066.329631187953055, 0.0 ], [ 388656.992106722726021, 5561054.401231443509459, 0.0 ], [ 388646.181947331759147, 5561022.370813941583037, 0.0 ], [ 388641.082402659580112, 5561014.135286660864949, 0.0 ], [ 388607.817140468396246, 5561001.038879511877894, 0.0 ], [ 388603.637635966995731, 5560999.2354452656582, 0.0 ], [ 388596.204211746982764, 5560995.497984568588436, 0.0 ], [ 388588.887935659033246, 5560990.534556755796075, 0.0 ], [ 388570.553740048839245, 5560974.345134728588164, 0.0 ], [ 388547.288050447241403, 5560951.140335186384618, 0.0 ], [ 388543.787356437940616, 5560947.654288993217051, 0.0 ], [ 388537.611498825426679, 5560946.003936293534935, 0.0 ], [ 388528.208074517780915, 5560947.090691678225994, 0.0 ], [ 388516.823144759109709, 5560952.445689341984689, 0.0 ], [ 388502.369756319560111, 5560961.313104283064604, 0.0 ], [ 388497.609146160015371, 5560965.862011659890413, 0.0 ], [ 388493.454511538846418, 5560972.066673501394689, 0.0 ], [ 388490.743766063125804, 5560979.019697715528309, 0.0 ], [ 388489.050136269303039, 5560983.393133847042918, 0.0 ], [ 388456.18777094676625, 5560972.513806618750095, 0.0 ], [ 388429.691978025017306, 5560962.168604218401015, 0.0 ], [ 388403.122368582698982, 5560951.713848043233156, 0.0 ], [ 388388.147290245629847, 5560945.910196993499994, 0.0 ], [ 388352.520750056195538, 5560932.642401277087629, 0.0 ], [ 388333.746120327734388, 5560926.139987979084253, 0.0 ], [ 388333.566042925813235, 5560924.364090004935861, 0.0 ], [ 388331.869297836557962, 5560908.160144494846463, 0.0 ] ] ] } },
{ "type": "Feature", "properties": { "name": "Traumschleifchen \"Dä hohle Wää\"", "Nr": null, "darstell": "F1", "datum": null, "height": 112, "link": "https://www.saar-hunsrueck-steig.de/tour/traumschleifchen-dae-hohle-waeae-55a44b569f", "km": 5.799, "erlebnis": null }, "geometry": { "type": "MultiLineString", "coordinates": [ [ [ 352872.258615894359536, 5502352.97317469958216, 0.0 ], [ 352843.657905594911426, 5502350.300432290881872, 0.0 ], [ 352848.897043576813303, 5502359.725645313039422, 0.0 ], [ 352856.797187660704367, 5502366.074958151206374, 0.0 ], [ 352863.016507326508872, 5502374.361105565913022, 0.0 ], [ 352870.501690156466793, 5502381.389185251668096, 0.0 ], [ 352878.36881170689594, 5502389.185652399435639, 0.0 ], [ 352885.423952846089378, 5502396.336665295995772, 0.0 ], [ 352894.295174905622844, 5502401.213457806967199, 0.0 ], [ 352902.907854662218597, 5502407.20976054109633, 0.0 ], [ 352911.776027673855424, 5502411.975414442829788, 0.0 ], [ 352920.184222176205367, 5502418.422282471321523, 0.0 ], [ 352929.196699522435665, 5502423.184049836359918, 0.0 ], [ 352939.228571740910411, 5502428.251934116706252, 0.0 ], [ 352949.034874841105193, 5502432.992207242175937, 0.0 ], [ 352959.767133320681751, 5502434.592438173480332, 0.0 ], [ 352962.291886835359037, 5502415.834263357333839, 0.0 ], [ 352955.991555039596278, 5502407.216462367214262, 0.0 ], [ 352950.963127567898482, 5502397.562946112826467, 0.0 ], [ 352949.395812502712943, 5502387.704339036718011, 0.0 ], [ 352948.393794530187733, 5502377.385411240160465, 0.0 ], [ 352949.986877566028852, 5502366.884871284477413, 0.0 ], [ 352951.883719108300284, 5502356.932338044047356, 0.0 ], [ 352952.472463092766702, 5502346.681527622975409, 0.0 ], [ 352954.134723646682687, 5502336.06786628626287, 0.0 ], [ 352956.602923476486467, 5502325.877348328009248, 0.0 ], [ 352959.212461227318272, 5502315.571751853451133, 0.0 ], [ 352964.155584795749746, 5502306.092878017574549, 0.0 ], [ 352968.951371191826183, 5502296.506755609996617, 0.0 ], [ 352975.067348424694501, 5502287.663587838411331, 0.0 ], [ 352983.017757773108315, 5502279.883184600621462, 0.0 ], [ 352991.762219267315231, 5502274.751229953952134, 0.0 ], [ 353000.71417153213406, 5502269.279921577312052, 0.0 ], [ 353009.308160890999716, 5502261.259620149619877, 0.0 ], [ 353015.947521903552115, 5502253.0698087150231, 0.0 ], [ 353021.492280070669949, 5502244.464676718227565, 0.0 ], [ 353023.63883463293314, 5502233.05918440874666, 0.0 ], [ 353027.538611306634266, 5502222.38492154981941, 0.0 ], [ 353030.307752051623538, 5502212.631285948678851, 0.0 ], [ 353031.684547854179982, 5502202.136643559671938, 0.0 ], [ 353034.375512185913976, 5502192.162633121013641, 0.0 ], [ 353034.744922899524681, 5502181.806537716649473, 0.0 ], [ 353042.620395185309462, 5502173.91701668780297, 0.0 ], [ 353051.91882317996351, 5502178.56000333558768, 0.0 ], [ 353062.218612654483877, 5502182.842131949961185, 0.0 ], [ 353067.49374667624943, 5502196.271502909250557, 0.0 ], [ 353075.408901144634001, 5502203.17696532048285, 0.0 ], [ 353081.417550513171591, 5502211.691556853242218, 0.0 ], [ 353088.764323900220916, 5502218.946178185753524, 0.0 ], [ 353094.769924978143536, 5502227.349617332220078, 0.0 ], [ 353110.269132735207677, 5502236.942162496969104, 0.0 ], [ 353117.775230224244297, 5502244.74874581117183, 0.0 ], [ 353121.017254108621273, 5502255.118273683823645, 0.0 ], [ 353128.890189435565844, 5502263.137432530522346, 0.0 ], [ 353135.247507539228536, 5502271.19764294475317, 0.0 ], [ 353140.892127332510427, 5502279.61090287566185, 0.0 ], [ 353148.38909437332768, 5502287.084027107805014, 0.0 ], [ 353156.520529334084131, 5502293.983741733245552, 0.0 ], [ 353164.125742835458368, 5502302.788932729512453, 0.0 ], [ 353177.155878871097229, 5502317.232171743176877, 0.0 ], [ 353183.867898849712219, 5502325.060334967449307, 0.0 ], [ 353189.169595033570658, 5502334.150411595590413, 0.0 ], [ 353195.475638716248795, 5502342.990810252726078, 0.0 ], [ 353205.762921094254125, 5502344.158584277145565, 0.0 ], [ 353207.573364232550375, 5502355.011895822361112, 0.0 ], [ 353216.540576812578365, 5502360.776590552181005, 0.0 ], [ 353222.215069890604354, 5502370.301598546095192, 0.0 ], [ 353229.311945181048941, 5502384.349289727397263, 0.0 ], [ 353235.247996577760205, 5502392.865998355671763, 0.0 ], [ 353246.37115136848297, 5502395.568697642534971, 0.0 ], [ 353251.95536446699407, 5502407.098641362972558, 0.0 ], [ 353256.640438199741766, 5502417.429189932532609, 0.0 ], [ 353265.99841978144832, 5502424.295866967178881, 0.0 ], [ 353274.917348504299298, 5502430.951941383071244, 0.0 ], [ 353278.823540507641155, 5502441.859819242730737, 0.0 ], [ 353284.326443196216132, 5502450.388294297270477, 0.0 ], [ 353295.620858502108604, 5502456.757640213705599, 0.0 ], [ 353298.41439479473047, 5502466.58314816839993, 0.0 ], [ 353307.161813169543166, 5502477.582583600655198, 0.0 ], [ 353315.031156317912973, 5502485.490836828947067, 0.0 ], [ 353321.336830958724022, 5502494.331376310437918, 0.0 ], [ 353324.527216393034905, 5502508.151090578176081, 0.0 ], [ 353332.360414433991536, 5502514.72536753769964, 0.0 ], [ 353328.649745613103732, 5502524.393052387982607, 0.0 ], [ 353317.587029386719223, 5502526.583476736210287, 0.0 ], [ 353310.556688256678171, 5502533.671013099141419, 0.0 ], [ 353304.933635452645831, 5502544.725421814247966, 0.0 ], [ 353294.213769485300872, 5502548.909087126143277, 0.0 ], [ 353285.785242054029368, 5502555.033250062726438, 0.0 ], [ 353277.807782908319496, 5502561.812711726874113, 0.0 ], [ 353269.622865684272256, 5502568.931543502025306, 0.0 ], [ 353262.971526175038889, 5502576.676381435245275, 0.0 ], [ 353251.355756862903945, 5502587.781759992241859, 0.0 ], [ 353242.049302572384477, 5502593.48476086370647, 0.0 ], [ 353233.052594709210098, 5502599.958132618106902, 0.0 ], [ 353225.688706182758324, 5502608.056049570441246, 0.0 ], [ 353218.706735054496676, 5502616.922377441078424, 0.0 ], [ 353208.964356733078603, 5502622.52599005587399, 0.0 ], [ 353201.302842431236058, 5502630.29825528152287, 0.0 ], [ 353193.908949423697777, 5502637.284550385549664, 0.0 ], [ 353186.668436731793918, 5502644.600448640994728, 0.0 ], [ 353176.469065537676215, 5502649.326510215178132, 0.0 ], [ 353165.403868205670733, 5502659.415949094109237, 0.0 ], [ 353158.394972404465079, 5502667.281858091242611, 0.0 ], [ 353148.577736455481499, 5502678.116279989480972, 0.0 ], [ 353138.799411814892665, 5502682.386022178456187, 0.0 ], [ 353129.436124456697144, 5502688.647010342217982, 0.0 ], [ 353121.25761653855443, 5502695.988408130593598, 0.0 ], [ 353115.782373160764109, 5502704.480328181758523, 0.0 ], [ 353106.000792381470092, 5502700.629097719676793, 0.0 ], [ 353095.590898589696735, 5502700.243601725436747, 0.0 ], [ 353097.137038389861118, 5502714.66399297118187, 0.0 ], [ 353107.856539201340638, 5502713.149883517064154, 0.0 ], [ 353111.435105113079771, 5502722.620299937203526, 0.0 ], [ 353117.17258836387191, 5502731.809744356200099, 0.0 ], [ 353124.311197936476674, 5502739.403768782503903, 0.0 ], [ 353129.462292142619845, 5502748.27536229044199, 0.0 ], [ 353131.032233319885563, 5502758.245184794068336, 0.0 ], [ 353134.977578501799144, 5502767.928176897577941, 0.0 ], [ 353138.210298699792475, 5502777.964215943589807, 0.0 ], [ 353138.132483587134629, 5502788.423659096471965, 0.0 ], [ 353141.716977220203262, 5502798.116427952423692, 0.0 ], [ 353144.231132107088342, 5502810.95313651394099, 0.0 ], [ 353149.923406724468805, 5502821.14506864733994, 0.0 ], [ 353160.66084979014704, 5502822.968015293590724, 0.0 ], [ 353167.38745451788418, 5502834.02194117102772, 0.0 ], [ 353170.908737747347914, 5502844.050182568840683, 0.0 ], [ 353174.411949038330931, 5502853.411425764672458, 0.0 ], [ 353176.85377019335283, 5502863.58014693018049, 0.0 ], [ 353182.500785885553341, 5502872.104610797017813, 0.0 ], [ 353181.704280114849098, 5502882.694758382625878, 0.0 ], [ 353181.56326462229481, 5502893.48965495172888, 0.0 ], [ 353186.242104340635706, 5502903.597810870036483, 0.0 ], [ 353190.322558760177344, 5502912.943433444947004, 0.0 ], [ 353194.177553902147338, 5502924.631375363096595, 0.0 ], [ 353194.310121582238935, 5502934.862623236142099, 0.0 ], [ 353200.744808196206577, 5502943.143280767835677, 0.0 ], [ 353199.722841290873475, 5502956.07574253436178, 0.0 ], [ 353195.231021778075956, 5502966.209692264907062, 0.0 ], [ 353191.956940770149231, 5502975.976932072080672, 0.0 ], [ 353195.114287397998851, 5502985.903790565207601, 0.0 ], [ 353198.767725210636854, 5502995.483474883250892, 0.0 ], [ 353201.149333244888112, 5503006.098827607929707, 0.0 ], [ 353206.444400404987391, 5503014.966582979075611, 0.0 ], [ 353210.043697824468836, 5503025.215228642337024, 0.0 ], [ 353217.037494684569538, 5503032.813275321386755, 0.0 ], [ 353223.745637960091699, 5503040.530310846865177, 0.0 ], [ 353226.211380838358309, 5503051.58838764578104, 0.0 ], [ 353226.635554350912571, 5503061.922990445047617, 0.0 ], [ 353225.0302068607416, 5503071.978786041028798, 0.0 ], [ 353234.423216849798337, 5503077.509439396671951, 0.0 ], [ 353240.995990010444075, 5503085.56390193477273, 0.0 ], [ 353246.299948823696468, 5503094.765194774605334, 0.0 ], [ 353253.618354510283098, 5503103.689475732855499, 0.0 ], [ 353263.489281525369734, 5503105.536050765775144, 0.0 ], [ 353271.871954541944433, 5503111.094107086770236, 0.0 ], [ 353280.32376197288977, 5503116.539056678302586, 0.0 ], [ 353291.114655587472953, 5503115.023341507650912, 0.0 ], [ 353300.288034629193135, 5503120.448797133751214, 0.0 ], [ 353310.555760323768482, 5503118.27978631388396, 0.0 ], [ 353320.507788298418745, 5503115.118102255277336, 0.0 ], [ 353330.992020154371858, 5503115.613229241222143, 0.0 ], [ 353339.612103552208282, 5503108.593925989232957, 0.0 ], [ 353347.339238209940959, 5503116.617285006679595, 0.0 ], [ 353357.336388652794994, 5503112.453216168098152, 0.0 ], [ 353369.877171341562644, 5503114.227775925770402, 0.0 ], [ 353381.266378313244786, 5503118.814705944620073, 0.0 ], [ 353390.541949031176046, 5503114.6702114129439, 0.0 ], [ 353402.430268074618652, 5503116.351239650510252, 0.0 ], [ 353414.913920473540202, 5503116.013733894564211, 0.0 ], [ 353425.217679574619979, 5503120.518850984051824, 0.0 ], [ 353434.442030179663561, 5503125.164412443526089, 0.0 ], [ 353444.421058776322752, 5503128.343365984968841, 0.0 ], [ 353454.661773197469302, 5503125.174127485603094, 0.0 ], [ 353464.364166982588358, 5503128.805585904978216, 0.0 ], [ 353475.392517713247798, 5503130.732508697547019, 0.0 ], [ 353486.408778228214942, 5503134.884740047156811, 0.0 ], [ 353496.168201879889239, 5503140.628424193710089, 0.0 ], [ 353500.437916802358814, 5503130.278244646266103, 0.0 ], [ 353509.476045694202185, 5503125.361636141315103, 0.0 ], [ 353518.841625669621862, 5503129.892273673787713, 0.0 ], [ 353518.65859222819563, 5503117.771190977655351, 0.0 ], [ 353529.918522672844119, 5503117.57825736515224, 0.0 ], [ 353540.483880009676795, 5503118.405340000987053, 0.0 ], [ 353548.772955985856242, 5503125.857552800327539, 0.0 ], [ 353558.643616493209265, 5503130.374615160748363, 0.0 ], [ 353568.977345831459388, 5503133.321718107908964, 0.0 ], [ 353578.99262752966024, 5503129.825061379931867, 0.0 ], [ 353587.976210324559361, 5503136.257345023564994, 0.0 ], [ 353597.191378187853843, 5503140.569679659791291, 0.0 ], [ 353608.445128230843693, 5503142.824526955373585, 0.0 ], [ 353619.21776170458179, 5503145.982368893921375, 0.0 ], [ 353629.485266384202987, 5503149.153867760673165, 0.0 ], [ 353639.746756737818941, 5503152.103052154183388, 0.0 ], [ 353650.098397882306017, 5503155.717309154570103, 0.0 ], [ 353660.477027821470983, 5503160.332087332382798, 0.0 ], [ 353670.251364963361993, 5503163.961962789297104, 0.0 ], [ 353680.639120644074865, 5503166.24032767675817, 0.0 ], [ 353691.321502527105622, 5503168.733257399871945, 0.0 ], [ 353701.901549080153927, 5503172.786438044160604, 0.0 ], [ 353712.072620001621544, 5503177.740655194967985, 0.0 ], [ 353721.985207405465189, 5503181.144395224750042, 0.0 ], [ 353731.058866055449471, 5503185.572014403529465, 0.0 ], [ 353748.225709590362385, 5503198.236167065799236, 0.0 ], [ 353757.891578143229708, 5503203.204093425534666, 0.0 ], [ 353766.905003612511791, 5503208.078385194763541, 0.0 ], [ 353775.569612488441635, 5503213.407089370302856, 0.0 ], [ 353783.840226501924917, 5503220.192652123980224, 0.0 ], [ 353791.596718793967739, 5503226.658347310498357, 0.0 ], [ 353800.817339260014705, 5503233.863307069987059, 0.0 ], [ 353809.863645260571502, 5503239.96050441917032, 0.0 ], [ 353818.618301525828429, 5503245.954331525601447, 0.0 ], [ 353827.369941265555099, 5503251.837005554698408, 0.0 ], [ 353836.488344799843617, 5503257.932300948537886, 0.0 ], [ 353845.937549797585234, 5503262.906216766685247, 0.0 ], [ 353856.402937848586589, 5503268.075252729468048, 0.0 ], [ 353865.900293547427282, 5503272.157922560349107, 0.0 ], [ 353874.63086576864589, 5503277.262502976693213, 0.0 ], [ 353883.9838756932877, 5503281.349093436263502, 0.0 ], [ 353893.859947489458136, 5503286.089089793153107, 0.0 ], [ 353903.432394400937483, 5503290.281046717427671, 0.0 ], [ 353913.669488535029814, 5503292.341406675055623, 0.0 ], [ 353919.71736258151941, 5503305.083177892491221, 0.0 ], [ 353927.515500917099416, 5503313.105399546213448, 0.0 ], [ 353933.804309921804816, 5503321.390788917429745, 0.0 ], [ 353939.882619359763339, 5503329.904350803233683, 0.0 ], [ 353946.463012931984849, 5503338.293145692907274, 0.0 ], [ 353953.446381129440852, 5503345.558616753667593, 0.0 ], [ 353961.966270654345863, 5503350.891499406658113, 0.0 ], [ 353971.240940290153958, 5503354.757846803404391, 0.0 ], [ 353981.128775763034355, 5503359.942666229791939, 0.0 ], [ 353989.576458194642328, 5503365.277534749358892, 0.0 ], [ 353998.68849870946724, 5503371.150762774050236, 0.0 ], [ 354007.917577339103445, 5503378.689566865563393, 0.0 ], [ 354016.398129903653171, 5503385.247312536463141, 0.0 ], [ 354025.353822927107103, 5503390.67980233579874, 0.0 ], [ 354033.675058913300745, 5503396.68562519364059, 0.0 ], [ 354041.524106070690323, 5503403.927894775755703, 0.0 ], [ 354046.883593601873145, 5503412.572165069170296, 0.0 ], [ 354050.757723169401288, 5503422.368900839239359, 0.0 ], [ 354057.407000740757212, 5503430.644716597162187, 0.0 ], [ 354063.349666749127209, 5503439.495797644369304, 0.0 ], [ 354070.128254643059336, 5503447.211909109726548, 0.0 ], [ 354078.807139751384966, 5503453.096921215765178, 0.0 ], [ 354085.507550268666819, 5503460.592659453861415, 0.0 ], [ 354099.498232289042789, 5503470.673395368270576, 0.0 ], [ 354104.754649861715734, 5503462.077132104896009, 0.0 ], [ 354096.590223563602194, 5503453.842038298025727, 0.0 ], [ 354106.676630529866088, 5503455.684305425733328, 0.0 ], [ 354112.181266015511937, 5503434.844150742515922, 0.0 ], [ 354113.135695541102905, 5503424.694949735887349, 0.0 ], [ 354105.993375725054648, 5503416.877326910383999, 0.0 ], [ 354107.750487390323542, 5503407.040267358534038, 0.0 ], [ 354104.664185733883642, 5503396.999800093472004, 0.0 ], [ 354104.382985695381649, 5503386.550106231123209, 0.0 ], [ 354101.519120528129861, 5503376.726149498485029, 0.0 ], [ 354097.648049306357279, 5503367.040546194650233, 0.0 ], [ 354089.641176567645743, 5503348.566450633108616, 0.0 ], [ 354082.991858658264391, 5503340.29059533495456, 0.0 ], [ 354076.994924182654358, 5503332.108436258509755, 0.0 ], [ 354072.34501673525665, 5503323.000047583132982, 0.0 ], [ 354069.027180509408936, 5503312.40959127433598, 0.0 ], [ 354062.735583392030094, 5503304.012882055714726, 0.0 ], [ 354055.433765463065356, 5503295.643372497521341, 0.0 ], [ 354051.186813906300813, 5503285.411677796393633, 0.0 ], [ 354044.30892192927422, 5503276.697027491405606, 0.0 ], [ 354038.793025831924751, 5503267.611976144835353, 0.0 ], [ 354034.046905313036405, 5503257.616225973702967, 0.0 ], [ 354033.558086365344934, 5503247.505863710306585, 0.0 ], [ 354038.150258585345, 5503238.371189748868346, 0.0 ], [ 354045.872181402926799, 5503230.153496231883764, 0.0 ], [ 354054.69112189556472, 5503225.132462318986654, 0.0 ], [ 354063.952004566090181, 5503220.433290620334446, 0.0 ], [ 354074.327837650373112, 5503219.597788431681693, 0.0 ], [ 354085.824939728947356, 5503220.178347396664321, 0.0 ], [ 354096.687571234826464, 5503221.33224122133106, 0.0 ], [ 354106.741867563454434, 5503219.281732013449073, 0.0 ], [ 354116.888893921568524, 5503220.6774164987728, 0.0 ], [ 354127.938459220225923, 5503218.043931209482253, 0.0 ], [ 354137.504841074929573, 5503222.013965813443065, 0.0 ], [ 354146.510443443781696, 5503215.875590153038502, 0.0 ], [ 354157.054136915015988, 5503218.595647381618619, 0.0 ], [ 354167.616156633128412, 5503219.312779157422483, 0.0 ], [ 354177.956523512606509, 5503214.473525048233569, 0.0 ], [ 354187.316586902365088, 5503210.773128215223551, 0.0 ], [ 354199.487851749756373, 5503206.885904627852142, 0.0 ], [ 354207.242937497445382, 5503199.891283127479255, 0.0 ], [ 354215.190606945659965, 5503192.001517061144114, 0.0 ], [ 354222.80739484593505, 5503185.233133008703589, 0.0 ], [ 354227.399938259623013, 5503176.098627240397036, 0.0 ], [ 354234.372051910148002, 5503158.779101233929396, 0.0 ], [ 354239.623038044897839, 5503149.960648556239903, 0.0 ], [ 354253.088690912467428, 5503137.80645910743624, 0.0 ], [ 354258.844845519808587, 5503128.974448655731976, 0.0 ], [ 354264.802558586932719, 5503119.580791558139026, 0.0 ], [ 354271.16292094119126, 5503111.733781589195132, 0.0 ], [ 354277.950285511440597, 5503103.652809662744403, 0.0 ], [ 354282.545986109646037, 5503094.629521701484919, 0.0 ], [ 354287.415405728854239, 5503085.042646557092667, 0.0 ], [ 354292.585433529864531, 5503075.892687495797873, 0.0 ], [ 354293.3631300983252, 5503064.52457305137068, 0.0 ], [ 354290.857299169816542, 5503054.57966170180589, 0.0 ], [ 354285.0350618333905, 5503044.835121365264058, 0.0 ], [ 354280.60477058799006, 5503035.831909157335758, 0.0 ], [ 354273.516466521308757, 5503027.345123987644911, 0.0 ], [ 354266.855130717856809, 5503018.624377176165581, 0.0 ], [ 354259.264644593407866, 5503010.262353094294667, 0.0 ], [ 354252.747588460915722, 5503001.537743881344795, 0.0 ], [ 354244.561838237917982, 5502992.524255258031189, 0.0 ], [ 354239.487966238870285, 5502983.760866730473936, 0.0 ], [ 354230.417862086382229, 5502976.773620825260878, 0.0 ], [ 354226.017752309562638, 5502966.212174539454281, 0.0 ], [ 354219.720067222020589, 5502957.592950490303338, 0.0 ], [ 354211.948807951062918, 5502950.570813440717757, 0.0 ], [ 354206.225390121806413, 5502941.82491629011929, 0.0 ], [ 354199.191080867545679, 5502932.669283110648394, 0.0 ], [ 354194.330582282331306, 5502923.78894720133394, 0.0 ], [ 354189.394917058176361, 5502914.799389011226594, 0.0 ], [ 354185.09076209156774, 5502905.125369095243514, 0.0 ], [ 354179.935589320084546, 5502896.030473762191832, 0.0 ], [ 354171.971622789395042, 5502889.903548823669553, 0.0 ], [ 354164.507748259289656, 5502897.001613768748939, 0.0 ], [ 354154.194079475244507, 5502900.171435633674264, 0.0 ], [ 354144.152928996714763, 5502910.787517959252, 0.0 ], [ 354143.730328742705751, 5502921.923617761582136, 0.0 ], [ 354142.796616750652902, 5502932.85097156278789, 0.0 ], [ 354149.271669358713552, 5502942.689062765799463, 0.0 ], [ 354154.565199863049202, 5502951.557714036665857, 0.0 ], [ 354163.334840717492625, 5502958.10793118365109, 0.0 ], [ 354169.921264294942375, 5502966.719328562729061, 0.0 ], [ 354175.915427347645164, 5502974.790424292907119, 0.0 ], [ 354170.667341296561062, 5502983.720102080143988, 0.0 ], [ 354160.926760156871751, 5502975.972268846817315, 0.0 ], [ 354151.337851328367833, 5502979.233857861720026, 0.0 ], [ 354143.512308208853938, 5502972.880759943276644, 0.0 ], [ 354135.250786490389146, 5502966.428153247572482, 0.0 ], [ 354127.975584622472525, 5502959.059045563451946, 0.0 ], [ 354125.965574168250896, 5502948.767115484923124, 0.0 ], [ 354115.316287310619373, 5502944.826214991509914, 0.0 ], [ 354107.316419006208889, 5502937.365381801500916, 0.0 ], [ 354099.319520089833532, 5502930.015726953744888, 0.0 ], [ 354082.420453864848241, 5502916.564531678333879, 0.0 ], [ 354076.910285089863464, 5502907.701774179935455, 0.0 ], [ 354066.700197813101113, 5502901.301702058874071, 0.0 ], [ 354058.772362346528098, 5502893.838996320031583, 0.0 ], [ 354052.230910502723418, 5502884.225285575725138, 0.0 ], [ 354047.69802869297564, 5502874.112529259175062, 0.0 ], [ 354044.951253795647062, 5502863.284215903840959, 0.0 ], [ 354040.800105407717638, 5502853.939921336248517, 0.0 ], [ 354035.632672920823097, 5502844.400490754283965, 0.0 ], [ 354033.61048983677756, 5502833.663924941793084, 0.0 ], [ 354028.24149959551869, 5502824.68616290204227, 0.0 ], [ 354026.507952116546221, 5502813.941829320043325, 0.0 ], [ 354023.980597005225718, 5502803.218865187838674, 0.0 ], [ 354023.762481101148296, 5502792.433737577870488, 0.0 ], [ 354018.030984974233434, 5502772.674742801114917, 0.0 ], [ 354018.699781795963645, 5502762.644471258856356, 0.0 ], [ 354014.981510233948939, 5502753.288539334200323, 0.0 ], [ 354011.308456544880755, 5502742.930165446363389, 0.0 ], [ 354007.930035031225998, 5502732.786356307566166, 0.0 ], [ 354002.164173809578642, 5502722.48433062247932, 0.0 ], [ 353995.694599648879375, 5502712.868741602636874, 0.0 ], [ 353989.880476519698277, 5502703.458006106317043, 0.0 ], [ 353984.62569695833372, 5502693.364730550907552, 0.0 ], [ 353977.196631834143773, 5502685.66620272025466, 0.0 ], [ 353972.104105598642491, 5502676.236053322441876, 0.0 ], [ 353967.450543941929936, 5502667.016582049429417, 0.0 ], [ 353960.196004987810738, 5502657.755910991691053, 0.0 ], [ 353950.725879155565053, 5502643.993772503919899, 0.0 ], [ 353945.702444170776289, 5502634.450536428950727, 0.0 ], [ 353938.769428055267781, 5502626.404953435063362, 0.0 ], [ 353936.984460790525191, 5502616.440758297219872, 0.0 ], [ 353931.876835568982642, 5502606.454810916446149, 0.0 ], [ 353927.292325238988269, 5502597.122261927463114, 0.0 ], [ 353924.984197447891347, 5502586.504676748067141, 0.0 ], [ 353923.460914740455337, 5502575.532209071330726, 0.0 ], [ 353920.347257660003379, 5502561.821394407190382, 0.0 ], [ 353917.305455865513068, 5502550.778584742918611, 0.0 ], [ 353913.442553588072769, 5502541.426607044413686, 0.0 ], [ 353905.396919694030657, 5502532.298557108268142, 0.0 ], [ 353907.686790742212906, 5502518.108441477641463, 0.0 ], [ 353905.763398865179624, 5502508.370478158816695, 0.0 ], [ 353901.798335729865357, 5502497.908784533850849, 0.0 ], [ 353901.594983307353687, 5502487.679495571181178, 0.0 ], [ 353898.156041284324601, 5502477.982362813316286, 0.0 ], [ 353893.769914987205993, 5502467.977007273584604, 0.0 ], [ 353889.732636115746573, 5502457.517266328446567, 0.0 ], [ 353884.567600935464725, 5502448.089139442890882, 0.0 ], [ 353879.564857415505685, 5502439.324129018001258, 0.0 ], [ 353874.276418489753269, 5502430.678067875094712, 0.0 ], [ 353865.352278526930604, 5502423.79868880379945, 0.0 ], [ 353857.555859866086394, 5502415.887707062996924, 0.0 ], [ 353851.620838133851066, 5502407.370336665771902, 0.0 ], [ 353843.132643067103345, 5502400.590490957722068, 0.0 ], [ 353834.22938720730599, 5502394.489329057745636, 0.0 ], [ 353826.336483050137758, 5502388.360949210822582, 0.0 ], [ 353808.420487654977478, 5502388.176375956274569, 0.0 ], [ 353797.916470611235127, 5502392.353195355273783, 0.0 ], [ 353786.288210373022594, 5502392.332938114181161, 0.0 ], [ 353775.553191721439362, 5502390.619908595457673, 0.0 ], [ 353768.285758165176958, 5502383.584765379317105, 0.0 ], [ 353761.785193662159145, 5502375.527724692597985, 0.0 ], [ 353753.032136074150912, 5502369.645135204307735, 0.0 ], [ 353744.059552148391958, 5502363.65723149292171, 0.0 ], [ 353735.417816863046028, 5502356.547943057492375, 0.0 ], [ 353727.828626345959492, 5502348.2978036981076, 0.0 ], [ 353720.482908672187477, 5502341.042335615493357, 0.0 ], [ 353711.603401342290454, 5502335.830704874359071, 0.0 ], [ 353703.875803342671134, 5502327.806824816390872, 0.0 ], [ 353694.32873193314299, 5502321.945742215961218, 0.0 ], [ 353685.518339031201322, 5502316.621039595454931, 0.0 ], [ 353675.279515167232603, 5502311.891127298586071, 0.0 ], [ 353665.717202765867114, 5502308.144209092482924, 0.0 ], [ 353656.166875133640133, 5502304.841974399983883, 0.0 ], [ 353645.774486585287377, 5502302.452460424974561, 0.0 ], [ 353640.157865562185179, 5502292.369242160581052, 0.0 ], [ 353634.291542127146386, 5502283.738987506367266, 0.0 ], [ 353623.005885118909646, 5502283.042337006889284, 0.0 ], [ 353612.793944748234935, 5502279.313041063956916, 0.0 ], [ 353603.222526380035561, 5502275.232731084339321, 0.0 ], [ 353592.968394395080395, 5502272.617087202146649, 0.0 ], [ 353582.130881024873815, 5502269.794716044329107, 0.0 ], [ 353572.433086536766496, 5502266.385356678627431, 0.0 ], [ 353561.550391087483149, 5502264.565475099720061, 0.0 ], [ 353551.624181934690569, 5502258.047382018528879, 0.0 ], [ 353541.655671870277729, 5502255.312872278504074, 0.0 ], [ 353531.178949752706103, 5502252.48085726890713, 0.0 ], [ 353522.229938935488462, 5502247.382646566256881, 0.0 ], [ 353511.957804734294768, 5502241.430204007774591, 0.0 ], [ 353503.011759682209231, 5502236.443191080354154, 0.0 ], [ 353492.78462665900588, 5502232.158284514211118, 0.0 ], [ 353485.013924786064308, 5502238.598075448535383, 0.0 ], [ 353483.338578391470946, 5502248.766885166987777, 0.0 ], [ 353481.359443841793109, 5502261.057611335068941, 0.0 ], [ 353476.616890003555454, 5502269.97431221883744, 0.0 ], [ 353473.365825731307268, 5502280.630688100121915, 0.0 ], [ 353471.07702345144935, 5502292.151051683351398, 0.0 ], [ 353467.961317200446501, 5502302.470031801611185, 0.0 ], [ 353464.313398341648281, 5502311.802163461223245, 0.0 ], [ 353455.174614434887189, 5502318.390216689556837, 0.0 ], [ 353445.007668445119634, 5502316.328735913150012, 0.0 ], [ 353435.156503853504546, 5502312.590021972544491, 0.0 ], [ 353424.88131471152883, 5502309.196528575383127, 0.0 ], [ 353414.569996426813304, 5502307.139005260542035, 0.0 ], [ 353405.422470087767579, 5502302.713838429190218, 0.0 ], [ 353385.401236158271786, 5502296.802658586762846, 0.0 ], [ 353376.431109818455297, 5502290.926520031876862, 0.0 ], [ 353366.769310200819746, 5502286.181575120426714, 0.0 ], [ 353355.850496616447344, 5502283.028105367906392, 0.0 ], [ 353346.209705521934666, 5502279.061363244429231, 0.0 ], [ 353336.04566538927611, 5502274.441299498081207, 0.0 ], [ 353326.143216248252429, 5502271.482899158261716, 0.0 ], [ 353316.586578541202471, 5502267.958923827856779, 0.0 ], [ 353307.369736636115704, 5502263.647038319148123, 0.0 ], [ 353297.052264386089519, 5502261.367402615956962, 0.0 ], [ 353285.754455463727936, 5502257.556833129376173, 0.0 ], [ 353276.083489837008528, 5502252.47854726947844, 0.0 ], [ 353265.729889837908559, 5502248.864970576018095, 0.0 ], [ 353255.517610481823795, 5502245.136341311968863, 0.0 ], [ 353245.819541037199087, 5502241.727561061270535, 0.0 ], [ 353234.644962543970905, 5502239.80497691500932, 0.0 ], [ 353225.003998575441074, 5502235.83844721596688, 0.0 ], [ 353214.343626063840929, 5502234.235732686705887, 0.0 ], [ 353204.056099676410668, 5502230.39798575732857, 0.0 ], [ 353194.604528725147247, 5502225.425149387679994, 0.0 ], [ 353185.516808344982564, 5502220.553727621212602, 0.0 ], [ 353175.328490370651707, 5502217.71458048094064, 0.0 ], [ 353165.774660085095093, 5502214.302033980377018, 0.0 ], [ 353156.019287219562102, 5502208.78124613314867, 0.0 ], [ 353145.888051677320618, 5502205.38436639495194, 0.0 ], [ 353135.335811102064326, 5502202.443897643126547, 0.0 ], [ 353124.016837428789586, 5502203.195401201955974, 0.0 ], [ 353114.24944014713401, 5502199.899974367581308, 0.0 ], [ 353104.160310509614646, 5502198.059504548087716, 0.0 ], [ 353093.875641010934487, 5502194.333130521699786, 0.0 ], [ 353084.802828681247775, 5502190.017708019353449, 0.0 ], [ 353075.309013307210989, 5502186.158697453327477, 0.0 ], [ 353065.252863127563614, 5502182.87117812409997, 0.0 ], [ 353055.464306893991306, 5502178.797689494676888, 0.0 ], [ 353046.418428470613435, 5502172.812875610776246, 0.0 ], [ 353038.139916777610779, 5502179.155836380086839, 0.0 ], [ 353034.306230052141473, 5502189.605801094323397, 0.0 ], [ 353032.054321707808413, 5502199.790410665795207, 0.0 ], [ 353029.393490268092137, 5502210.876088638789952, 0.0 ], [ 353026.504105947096832, 5502221.522969106212258, 0.0 ], [ 353024.706347538973205, 5502232.474014515988529, 0.0 ], [ 353021.507212604687084, 5502242.35055519733578, 0.0 ], [ 353016.076801264076494, 5502252.510063830763102, 0.0 ], [ 353008.941278564801905, 5502261.047066897153854, 0.0 ], [ 353000.816331583657302, 5502267.719676735810935, 0.0 ], [ 352991.807271455298178, 5502273.748774185776711, 0.0 ], [ 352982.572677628952079, 5502279.450256247073412, 0.0 ], [ 352974.333584260661155, 5502287.238485986366868, 0.0 ], [ 352969.369327887543477, 5502295.939183312468231, 0.0 ], [ 352964.997523280850146, 5502305.180065887980163, 0.0 ], [ 352959.994282341329381, 5502315.105562030337751, 0.0 ], [ 352957.303530431061517, 5502325.079614938236773, 0.0 ], [ 352955.701373060932383, 5502335.246651749126613, 0.0 ], [ 352953.666201767744496, 5502345.425429815426469, 0.0 ], [ 352951.77236552676186, 5502355.489128751680255, 0.0 ], [ 352950.831817742320709, 5502366.083223273046315, 0.0 ], [ 352950.237053324352019, 5502376.111701007932425, 0.0 ], [ 352950.318947150488384, 5502387.123067281208932, 0.0 ], [ 352951.618681609455962, 5502397.767668158747256, 0.0 ], [ 352955.766004603239708, 5502406.888832706026733, 0.0 ], [ 352959.137536760827061, 5502416.698523719795048, 0.0 ], [ 352961.66111221909523, 5502427.198696509003639, 0.0 ], [ 352953.461300373659469, 5502433.762174832634628, 0.0 ], [ 352943.492753973114304, 5502431.028763893991709, 0.0 ], [ 352933.978133289376274, 5502426.391839100979269, 0.0 ], [ 352924.448422182700597, 5502421.19909758027643, 0.0 ], [ 352915.047956391179468, 5502415.44662478286773, 0.0 ], [ 352904.591872130229603, 5502408.05407247133553, 0.0 ], [ 352895.27559275040403, 5502402.744342266581953, 0.0 ], [ 352886.545697624911554, 5502397.752466264180839, 0.0 ], [ 352877.785629471647553, 5502391.648937881924212, 0.0 ], [ 352869.380358348425943, 5502385.313300639390945, 0.0 ], [ 352863.028784206602722, 5502377.475728615187109, 0.0 ], [ 352857.798734369920567, 5502368.384002342820168, 0.0 ], [ 352853.768413794692606, 5502358.258493787609041, 0.0 ], [ 352849.106644855812192, 5502348.817610999569297, 0.0 ], [ 352843.233046816138085, 5502339.965854714624584, 0.0 ], [ 352838.793789963121526, 5502330.741438916884363, 0.0 ] ] ] } },
{ "type": "Feature", "properties": { "name": "Traumschleifchen Bardenbacher Fels", "Nr": null, "darstell": "F1", "datum": null, "height": 56, "link": "https://www.saar-hunsrueck-steig.de/tour/traumschleifchen-bardenbacher-fels-9f86438876", "km": 3.185, "erlebnis": null }, "geometry": { "type": "MultiLineString", "coordinates": [ [ [ 346284.461763027356938, 5486365.701059417799115, 0.0 ], [ 346293.877428846957628, 5486370.775633660145104, 0.0 ], [ 346316.918624801270198, 5486388.927503699436784, 0.0 ], [ 346339.887283631949686, 5486407.081508866511285, 0.0 ], [ 346364.752785394026432, 5486430.855970501899719, 0.0 ], [ 346384.583234500489198, 5486450.767372644506395, 0.0 ], [ 346396.731878366088495, 5486468.002762603573501, 0.0 ], [ 346424.822419183328748, 5486493.13286576140672, 0.0 ], [ 346446.671446139051113, 5486523.000235655345023, 0.0 ], [ 346465.213322202209383, 5486548.62202834058553, 0.0 ], [ 346478.053276574704796, 5486569.843159576877952, 0.0 ], [ 346477.980894882639404, 5486569.845198219642043, 0.0 ], [ 346478.814664515783079, 5486571.156732558272779, 0.0 ], [ 346493.271577515231911, 5486595.781148577108979, 0.0 ], [ 346507.725236476107966, 5486620.294437835924327, 0.0 ], [ 346527.698093608021736, 5486647.878646195866168, 0.0 ], [ 346547.595246284792665, 5486675.35379911866039, 0.0 ], [ 346567.56771503854543, 5486702.938147461973131, 0.0 ], [ 346593.18475589400623, 5486735.48125184699893, 0.0 ], [ 346618.732249796856195, 5486768.137672023847699, 0.0 ], [ 346644.351825984194875, 5486800.792170689441264, 0.0 ], [ 346669.895599569892511, 5486833.337657822296023, 0.0 ], [ 346680.028026638668962, 5486853.634112284518778, 0.0 ], [ 346696.2369745306205, 5486873.648408342152834, 0.0 ], [ 346702.242458763415925, 5486883.714610114693642, 0.0 ], [ 346715.087030467519071, 5486905.158601470291615, 0.0 ], [ 346727.945997862610966, 5486950.298739014193416, 0.0 ], [ 346737.311710597656202, 5486979.405697206035256, 0.0 ], [ 346747.008679787395522, 5487020.295989714562893, 0.0 ], [ 346754.475617327378131, 5487038.553738443180919, 0.0 ], [ 346763.042792354011908, 5487062.454375094734132, 0.0 ], [ 346766.197421323275194, 5487087.063460542820394, 0.0 ], [ 346764.043208238319494, 5487113.49058598652482, 0.0 ], [ 346761.606263577821665, 5487137.589387219399214, 0.0 ], [ 346753.692994860874023, 5487167.849753374233842, 0.0 ], [ 346754.697845734364819, 5487195.856828007847071, 0.0 ], [ 346753.051809027674608, 5487214.593336518853903, 0.0 ], [ 346735.064233628450893, 5487239.463229572400451, 0.0 ], [ 346726.489751756482292, 5487256.503339692950249, 0.0 ], [ 346726.249262678902596, 5487281.430407997220755, 0.0 ], [ 346718.17790419847006, 5487300.903916295617819, 0.0 ], [ 346719.913916205056012, 5487305.972649725154042, 0.0 ], [ 346717.570724780904129, 5487317.942455319687724, 0.0 ], [ 346717.258895199978724, 5487319.731248490512371, 0.0 ], [ 346724.056795614829753, 5487347.686639017425478, 0.0 ], [ 346734.954666058823932, 5487392.659433323889971, 0.0 ], [ 346744.7875719408039, 5487410.0718551306054, 0.0 ], [ 346744.983601978863589, 5487422.192741357721388, 0.0 ], [ 346762.593293498153798, 5487463.750531202182174, 0.0 ], [ 346774.959473062830511, 5487512.019638339988887, 0.0 ], [ 346797.883336544153281, 5487551.981826961040497, 0.0 ], [ 346807.969907357241027, 5487573.28100894857198, 0.0 ], [ 346809.684766771970317, 5487605.940692572854459, 0.0 ], [ 346813.555994776310399, 5487632.865936198271811, 0.0 ], [ 346813.492513897363096, 5487635.760255848057568, 0.0 ], [ 346811.902981979772449, 5487671.961632189340889, 0.0 ], [ 346805.691924701095559, 5487672.581257482990623, 0.0 ], [ 346788.820571350865066, 5487675.280648049898446, 0.0 ], [ 346775.006149352062494, 5487668.215256866067648, 0.0 ], [ 346764.509933952533174, 5487650.376447829417884, 0.0 ], [ 346744.81405799521599, 5487629.903858955949545, 0.0 ], [ 346742.337081733276136, 5487616.512105111964047, 0.0 ], [ 346740.548470503068529, 5487606.994790385477245, 0.0 ], [ 346736.20735962910112, 5487583.976597190834582, 0.0 ], [ 346720.720142909092829, 5487550.925547577440739, 0.0 ], [ 346699.842602460004855, 5487519.361195133067667, 0.0 ], [ 346685.376694626756944, 5487491.732818775810301, 0.0 ], [ 346679.20232686412055, 5487460.199878083541989, 0.0 ], [ 346672.955531253595836, 5487428.668980628252029, 0.0 ], [ 346662.612555601226632, 5487393.137044785544276, 0.0 ], [ 346663.792548525205348, 5487355.27835129853338, 0.0 ], [ 346664.900206329999492, 5487317.42169679235667, 0.0 ], [ 346666.080271935788915, 5487279.563008512370288, 0.0 ], [ 346667.26037413359154, 5487241.704322849400342, 0.0 ], [ 346668.722004712093621, 5487213.850346092134714, 0.0 ], [ 346693.311895748833194, 5487184.233183471485972, 0.0 ], [ 346697.442147901805583, 5487155.970400242134929, 0.0 ], [ 346701.572453935106751, 5487127.707622144371271, 0.0 ], [ 346691.507109970436431, 5487104.627975045703351, 0.0 ], [ 346681.517189674486872, 5487081.65747285913676, 0.0 ], [ 346677.739391263457946, 5487055.508430367335677, 0.0 ], [ 346675.841099945479073, 5487042.100420049391687, 0.0 ], [ 346655.299304648069665, 5487004.519140389747918, 0.0 ], [ 346636.428585715009831, 5486964.554623955860734, 0.0 ], [ 346617.554481509840116, 5486924.479006117209792, 0.0 ], [ 346598.114669734146446, 5486897.769534459337592, 0.0 ], [ 346578.674674503447022, 5486871.060129249468446, 0.0 ], [ 346566.169866949436255, 5486846.269322426058352, 0.0 ], [ 346553.589445176359732, 5486821.369417217560112, 0.0 ], [ 346527.755000859964639, 5486791.391406826674938, 0.0 ], [ 346501.844769877614453, 5486761.304389404132962, 0.0 ], [ 346488.05571583105484, 5486734.658629509620368, 0.0 ], [ 346474.335784278344363, 5486707.899700718931854, 0.0 ], [ 346451.151345119113103, 5486669.169752362184227, 0.0 ], [ 346428.042106447916012, 5486630.549021956510842, 0.0 ], [ 346404.233467984013259, 5486595.396882235072553, 0.0 ], [ 346391.91527614282677, 5486577.276252158917487, 0.0 ], [ 346380.427668361575343, 5486560.356005232781172, 0.0 ], [ 346356.618442206410691, 5486525.204064412973821, 0.0 ], [ 346330.958003803971224, 5486493.775705336593091, 0.0 ], [ 346305.224895006336737, 5486462.349503295496106, 0.0 ], [ 346285.595373329299036, 5486444.43524019792676, 0.0 ], [ 346265.965723982313648, 5486426.521045588888228, 0.0 ], [ 346251.40308970969636, 5486405.905208811163902, 0.0 ], [ 346236.909598168625962, 5486385.176204269751906, 0.0 ], [ 346234.720836997497827, 5486369.217704951763153, 0.0 ], [ 346228.955691378796473, 5486365.152767817489803, 0.0 ], [ 346222.387519485782832, 5486366.005563525483012, 0.0 ], [ 346219.123690089269076, 5486368.433923138305545, 0.0 ], [ 346215.06626291613793, 5486376.11350261233747, 0.0 ], [ 346210.842377890192438, 5486380.460231263190508, 0.0 ], [ 346207.336319573340006, 5486382.005418999120593, 0.0 ], [ 346206.216806156211533, 5486373.136868629604578, 0.0 ], [ 346207.165078145568259, 5486363.097462720237672, 0.0 ], [ 346208.629960087244399, 5486348.259659895673394, 0.0 ], [ 346209.092998727574013, 5486344.130284078419209, 0.0 ], [ 346210.541960626316722, 5486331.295462151058018, 0.0 ], [ 346232.653330714907497, 5486337.013043508864939, 0.0 ], [ 346240.690917374100536, 5486339.456364098004997, 0.0 ], [ 346248.627622138243169, 5486343.46006459183991, 0.0 ], [ 346267.081204560061451, 5486355.622294041328132, 0.0 ], [ 346282.768708160030656, 5486364.747537340968847, 0.0 ] ] ] } },
{ "type": "Feature", "properties": { "name": "Traumschleifchen Butzel-Kewes-Weg", "Nr": null, "darstell": "F1", "datum": null, "height": 73, "link": "https://www.saar-hunsrueck-steig.de/tour/traumschleifchen-butzel-kewes-weg-29ed99f1e5", "km": 5.31, "erlebnis": null }, "geometry": { "type": "MultiLineString", "coordinates": [ [ [ 364549.043133807601407, 5524280.067530918866396, 0.0 ], [ 364548.908593640022445, 5524283.29693325702101, 0.0 ], [ 364554.947929827088956, 5524260.340431570075452, 0.0 ], [ 364558.625914037926123, 5524255.019560105167329, 0.0 ], [ 364566.624814463430084, 5524249.923757884651423, 0.0 ], [ 364568.615769793919753, 5524251.876047726720572, 0.0 ], [ 364576.711718059959821, 5524247.778998580761254, 0.0 ], [ 364585.706115201930515, 5524233.647593902423978, 0.0 ], [ 364585.397445871436503, 5524227.092078170739114, 0.0 ], [ 364598.958793385419995, 5524222.968891548924148, 0.0 ], [ 364607.203360601852182, 5524216.19834790378809, 0.0 ], [ 364614.079954869288485, 5524200.785333602689207, 0.0 ], [ 364614.694531782181002, 5524193.761641980148852, 0.0 ], [ 364609.864951384835877, 5524173.303287908434868, 0.0 ], [ 364611.12764324125601, 5524160.589964626356959, 0.0 ], [ 364616.940281496150419, 5524125.736366665922105, 0.0 ], [ 364623.308775182813406, 5524101.548032929189503, 0.0 ], [ 364622.57013441278832, 5524089.329987842589617, 0.0 ], [ 364628.225517491344362, 5524065.382072354666889, 0.0 ], [ 364633.066966004204005, 5524057.695939943194389, 0.0 ], [ 364641.475153942708857, 5524051.700044295750558, 0.0 ], [ 364645.696398456813768, 5524050.815266604535282, 0.0 ], [ 364650.800494994386099, 5524053.579288578592241, 0.0 ], [ 364657.286272926372476, 5524054.083757697604597, 0.0 ], [ 364672.386229477706365, 5524053.926822390407324, 0.0 ], [ 364679.992812954296824, 5524058.964074010960758, 0.0 ], [ 364673.895112670725212, 5524062.454534449614584, 0.0 ], [ 364676.717900621530134, 5524063.162304147146642, 0.0 ], [ 364678.912595479050651, 5524061.772260472178459, 0.0 ], [ 364682.188819606089965, 5524051.900664070621133, 0.0 ], [ 364687.179861758952029, 5524055.891220397315919, 0.0 ], [ 364690.525927449110895, 5524048.798921566456556, 0.0 ], [ 364696.071705688664224, 5524049.104568809270859, 0.0 ], [ 364697.339641568367369, 5524045.179252219386399, 0.0 ], [ 364694.183915238594636, 5524039.807677923701704, 0.0 ], [ 364692.367997606983408, 5524030.508981991559267, 0.0 ], [ 364691.048901860311162, 5524018.083033742383122, 0.0 ], [ 364692.142364898812957, 5524012.938439154066145, 0.0 ], [ 364698.779722836334258, 5524022.338499000295997, 0.0 ], [ 364701.059551429119892, 5524018.610248258337379, 0.0 ], [ 364699.314788624760695, 5524006.417475445196033, 0.0 ], [ 364703.184210958483163, 5523991.525112270377576, 0.0 ], [ 364706.870915974956006, 5523986.537864954210818, 0.0 ], [ 364708.225335561612155, 5523974.600968909449875, 0.0 ], [ 364715.830457531497814, 5523962.395829590968788, 0.0 ], [ 364726.179627160716336, 5523956.351326186209917, 0.0 ], [ 364728.372300769435242, 5523957.742401017807424, 0.0 ], [ 364731.592905876168516, 5523957.105308798141778, 0.0 ], [ 364741.233097831951454, 5523957.196939037181437, 0.0 ], [ 364737.385121865139809, 5523958.62847307138145, 0.0 ], [ 364731.733872370561585, 5523956.990526772104204, 0.0 ], [ 364720.74408823880367, 5523966.165879562497139, 0.0 ], [ 364719.10068343608873, 5523972.32545518130064, 0.0 ], [ 364722.62419049302116, 5523978.021532339975238, 0.0 ], [ 364724.442859152564779, 5523987.431408836506307, 0.0 ], [ 364732.627302400476765, 5523992.565464567393064, 0.0 ], [ 364735.391486999811605, 5523990.938660117797554, 0.0 ], [ 364737.79698902531527, 5523992.213151490315795, 0.0 ], [ 364741.588436423335224, 5523997.123818447813392, 0.0 ], [ 364747.515989252191503, 5523998.309867738746107, 0.0 ], [ 364748.236863257596269, 5523995.510720944032073, 0.0 ], [ 364762.219019046518952, 5523990.932442732155323, 0.0 ], [ 364774.411188999656588, 5523992.406196658499539, 0.0 ], [ 364781.904743235732894, 5523987.212187142111361, 0.0 ], [ 364792.849178123928141, 5523984.823846142739058, 0.0 ], [ 364804.80059963662643, 5523985.302536837756634, 0.0 ], [ 364813.15182689379435, 5523982.756845914758742, 0.0 ], [ 364815.424715914297849, 5523984.479666627943516, 0.0 ], [ 364841.908953456324525, 5523982.257629182189703, 0.0 ], [ 364849.901455389452167, 5523982.613281968981028, 0.0 ], [ 364856.000646926113404, 5523984.907560227438807, 0.0 ], [ 364876.994842839543708, 5523984.603316454216838, 0.0 ], [ 364882.820448527461849, 5523987.460696320980787, 0.0 ], [ 364891.125550911703613, 5523988.809742758050561, 0.0 ], [ 364894.969214590557385, 5523992.940510200336576, 0.0 ], [ 364919.148955850512721, 5523996.338739793747663, 0.0 ], [ 364937.015702481032349, 5524006.124909669160843, 0.0 ], [ 364945.829484025831334, 5524007.683766056783497, 0.0 ], [ 364951.71077543287538, 5524012.764653753489256, 0.0 ], [ 364962.322091535141226, 5524017.170747788622975, 0.0 ], [ 364971.567116252845153, 5524018.718833213672042, 0.0 ], [ 364984.006594296661206, 5524027.1950757605955, 0.0 ], [ 364995.637508045358118, 5524029.239601092413068, 0.0 ], [ 365013.802093758713454, 5524036.57123542483896, 0.0 ], [ 365018.497020259033889, 5524040.235785013996065, 0.0 ], [ 365021.651296313910279, 5524039.823010670021176, 0.0 ], [ 365036.296022590133362, 5524044.461891178041697, 0.0 ], [ 365049.321500883554108, 5524053.36855991743505, 0.0 ], [ 365051.865624454803765, 5524057.309510631486773, 0.0 ], [ 365051.274977601715364, 5524062.441420057788491, 0.0 ], [ 365047.748489587393124, 5524068.091856010258198, 0.0 ], [ 365034.792668661102653, 5524076.314645329490304, 0.0 ], [ 365030.953624450950883, 5524080.971751794219017, 0.0 ], [ 365014.061320381239057, 5524089.960690644569695, 0.0 ], [ 364984.422998437134083, 5524118.402745136991143, 0.0 ], [ 364975.019432611414231, 5524124.86801559664309, 0.0 ], [ 364970.495743362698704, 5524133.769514909014106, 0.0 ], [ 364969.930271770921536, 5524139.901981015689671, 0.0 ], [ 364975.151321696001105, 5524161.685684236697853, 0.0 ], [ 364974.13229459017748, 5524166.939587992615998, 0.0 ], [ 364975.446756929741241, 5524173.469889401458204, 0.0 ], [ 364981.541862677666359, 5524184.218764299526811, 0.0 ], [ 364984.646023199427873, 5524196.155040388926864, 0.0 ], [ 364988.448255302151665, 5524201.510562995448709, 0.0 ], [ 364992.317484503437299, 5524223.884375748224556, 0.0 ], [ 365003.709189641289413, 5524262.310904211364686, 0.0 ], [ 365003.54151436581742, 5524267.098496611230075, 0.0 ], [ 365007.069539294112474, 5524270.124829484149814, 0.0 ], [ 365030.681879703188315, 5524276.76373296789825, 0.0 ], [ 365032.899419192341156, 5524279.155474620871246, 0.0 ], [ 365040.72876490507042, 5524281.629069959744811, 0.0 ], [ 365044.071778552606702, 5524285.883719481527805, 0.0 ], [ 365060.498769480094779, 5524289.921769624575973, 0.0 ], [ 365069.118163845792878, 5524289.483329284004867, 0.0 ], [ 365075.639806023216806, 5524291.433529598638415, 0.0 ], [ 365079.126534908427857, 5524295.684599014930427, 0.0 ], [ 365090.693843649933115, 5524300.956902278587222, 0.0 ], [ 365099.789022858953103, 5524302.286456476897001, 0.0 ], [ 365112.598876209638547, 5524299.740774768404663, 0.0 ], [ 365118.373899981030263, 5524300.597310257144272, 0.0 ], [ 365120.867751070531085, 5524302.537199817597866, 0.0 ], [ 365122.856724396930076, 5524310.163052114658058, 0.0 ], [ 365125.273126883083023, 5524311.882400091737509, 0.0 ], [ 365129.054629241116345, 5524310.675283269025385, 0.0 ], [ 365144.281373676960357, 5524312.741293820552528, 0.0 ], [ 365176.469965565018356, 5524311.49041439127177, 0.0 ], [ 365178.842305553087499, 5524314.323303397744894, 0.0 ], [ 365182.391978725790977, 5524315.346857331693172, 0.0 ], [ 365194.23454835586017, 5524314.382964462041855, 0.0 ], [ 365224.928138632327318, 5524316.618280198425055, 0.0 ], [ 365234.432694798568264, 5524319.940159808844328, 0.0 ], [ 365241.329842546547297, 5524319.65633165743202, 0.0 ], [ 365284.132042471086606, 5524325.816183242946863, 0.0 ], [ 365285.578725369879976, 5524331.89827143587172, 0.0 ], [ 365289.081517044338398, 5524333.924239365383983, 0.0 ], [ 365305.604628863977268, 5524336.06951486505568, 0.0 ], [ 365305.331453198916279, 5524339.524829403497279, 0.0 ], [ 365308.536447967286222, 5524346.897842933423817, 0.0 ], [ 365327.960704213706776, 5524358.648625225760043, 0.0 ], [ 365334.674373220361304, 5524371.162257174029946, 0.0 ], [ 365345.461762185674161, 5524376.899557623080909, 0.0 ], [ 365347.826041832624469, 5524382.291268513537943, 0.0 ], [ 365356.595774682355113, 5524390.748829615302384, 0.0 ], [ 365358.9628172746161, 5524396.25171703658998, 0.0 ], [ 365367.757523828244302, 5524405.709842310287058, 0.0 ], [ 365382.931338869035244, 5524428.691201415844262, 0.0 ], [ 365393.683186656446196, 5524438.767891136929393, 0.0 ], [ 365399.289624187978916, 5524441.520035330206156, 0.0 ], [ 365408.272388865123503, 5524452.753381678834558, 0.0 ], [ 365423.670839465979952, 5524461.71282815746963, 0.0 ], [ 365432.304207375273108, 5524464.723088094033301, 0.0 ], [ 365433.808323426288553, 5524467.355294111184776, 0.0 ], [ 365442.043776092585176, 5524471.710407296195626, 0.0 ], [ 365449.842772882897407, 5524478.746227610856295, 0.0 ], [ 365466.444472638715524, 5524495.573856513015926, 0.0 ], [ 365471.893183212552685, 5524497.773806440643966, 0.0 ], [ 365475.304151907737833, 5524496.131221057847142, 0.0 ], [ 365479.221664183074608, 5524500.371770526282489, 0.0 ], [ 365481.002457101247273, 5524505.444384531117976, 0.0 ], [ 365490.465509689878672, 5524512.883657996542752, 0.0 ], [ 365493.105322745162994, 5524512.039033922366798, 0.0 ], [ 365501.967747018439695, 5524512.707613684237003, 0.0 ], [ 365505.428056968026794, 5524507.281613454222679, 0.0 ], [ 365507.755024841288105, 5524476.632164156995714, 0.0 ], [ 365518.023790200939402, 5524444.338255340233445, 0.0 ], [ 365533.430957760894671, 5524378.766201040707529, 0.0 ], [ 365540.188073710014578, 5524361.355109739117324, 0.0 ], [ 365542.973035829723813, 5524346.156780467368662, 0.0 ], [ 365545.993934154394083, 5524340.408061270602047, 0.0 ], [ 365562.443033306160942, 5524264.687174531631172, 0.0 ], [ 365571.344204818364233, 5524232.316307303495705, 0.0 ], [ 365575.022913369932212, 5524224.103886133059859, 0.0 ], [ 365577.635134844924323, 5524222.147588104009628, 0.0 ], [ 365579.569157049700152, 5524210.307760561816394, 0.0 ], [ 365585.299260324332863, 5524203.60152371879667, 0.0 ], [ 365589.133122734725475, 5524198.722474692389369, 0.0 ], [ 365594.958352596324403, 5524204.472876414656639, 0.0 ], [ 365607.928769860998727, 5524199.699563156813383, 0.0 ], [ 365631.714344863314182, 5524201.775873063132167, 0.0 ], [ 365665.442602504452225, 5524190.144117915071547, 0.0 ], [ 365704.714364903280511, 5524187.384868831373751, 0.0 ], [ 365712.969202516891528, 5524189.626340565271676, 0.0 ], [ 365718.268615779175889, 5524188.715522433631122, 0.0 ], [ 365721.81289839243982, 5524192.409348011948168, 0.0 ], [ 365736.589201494469307, 5524196.601843673735857, 0.0 ], [ 365743.265336308279075, 5524196.101693172007799, 0.0 ], [ 365764.83949269761797, 5524201.79342551343143, 0.0 ], [ 365770.611552347312681, 5524199.647228159941733, 0.0 ], [ 365779.261576748685911, 5524200.432818219065666, 0.0 ], [ 365797.037343366187997, 5524206.664303639903665, 0.0 ], [ 365824.980621120485011, 5524211.085159963928163, 0.0 ], [ 365866.525157575611956, 5524221.619366471655667, 0.0 ], [ 365873.063052881043404, 5524221.345300427637994, 0.0 ], [ 365938.724363225279376, 5524232.836869605816901, 0.0 ], [ 365947.482216742704622, 5524237.958432554267347, 0.0 ], [ 365963.200810944254044, 5524239.569544952362776, 0.0 ], [ 365969.647442467394285, 5524238.519181284122169, 0.0 ], [ 365984.177344577969052, 5524241.494825910776854, 0.0 ], [ 365998.145972508005798, 5524239.25615952257067, 0.0 ], [ 366003.215957548527513, 5524240.687385103665292, 0.0 ], [ 366005.640272929216735, 5524234.063865103758872, 0.0 ], [ 366007.624711747455876, 5524201.087238897569478, 0.0 ], [ 366003.834547409904189, 5524193.283444710075855, 0.0 ], [ 365994.109102202113718, 5524186.850976124405861, 0.0 ], [ 365986.498417985159904, 5524178.697291451506317, 0.0 ], [ 365990.150081981788389, 5524166.481189322657883, 0.0 ], [ 365989.138193437829614, 5524160.499367889948189, 0.0 ], [ 365991.167280505120289, 5524158.224065585061908, 0.0 ], [ 365996.953297846193891, 5524156.633972764015198, 0.0 ], [ 365999.836529370280914, 5524148.219182810746133, 0.0 ], [ 365998.896486976300366, 5524139.343313881196082, 0.0 ], [ 365996.267442658485379, 5524137.740114945918322, 0.0 ], [ 365987.315937565290369, 5524130.620954180136323, 0.0 ], [ 365978.231770593556575, 5524126.842330455780029, 0.0 ], [ 365941.378203836735338, 5524119.861424987204373, 0.0 ], [ 365911.302929623168893, 5524107.817414288409054, 0.0 ], [ 365894.397447769530118, 5524090.328554789535701, 0.0 ], [ 365888.793700231821276, 5524087.687066625803709, 0.0 ], [ 365872.604089676227886, 5524070.069204237312078, 0.0 ], [ 365868.050892823375762, 5524069.181427584029734, 0.0 ], [ 365810.674755934393033, 5523983.286551446653903, 0.0 ], [ 365808.227571535622701, 5523971.667231527157128, 0.0 ], [ 365805.225008470413741, 5523966.624959845095873, 0.0 ], [ 365806.383107665926218, 5523961.145304474048316, 0.0 ], [ 365795.415114122792147, 5523942.396391469985247, 0.0 ], [ 365780.341609733644873, 5523923.416079533286393, 0.0 ], [ 365778.28421257721493, 5523913.010706919245422, 0.0 ], [ 365768.925554412417114, 5523904.010934538207948, 0.0 ], [ 365763.346018552780151, 5523893.693342952989042, 0.0 ], [ 365757.567606131313369, 5523886.940421114675701, 0.0 ], [ 365740.829661564319395, 5523870.448991652578115, 0.0 ], [ 365739.908403444569558, 5523859.459106924012303, 0.0 ], [ 365741.403700782102533, 5523853.081104702316225, 0.0 ], [ 365746.705895675811917, 5523846.496975069865584, 0.0 ], [ 365752.873761533177458, 5523845.787041964009404, 0.0 ], [ 365757.001110269862693, 5523841.123299636878073, 0.0 ], [ 365760.08596371114254, 5523832.147148157469928, 0.0 ], [ 365767.193532835401129, 5523825.851769982837141, 0.0 ], [ 365778.126405486022122, 5523799.882690357044339, 0.0 ], [ 365784.421186152962036, 5523792.717664749361575, 0.0 ], [ 365783.923416530014947, 5523790.060287757776678, 0.0 ], [ 365791.310011661727913, 5523777.639747252687812, 0.0 ], [ 365802.73018684796989, 5523762.56018705945462, 0.0 ], [ 365806.255282078753226, 5523765.475867155008018, 0.0 ], [ 365808.494560354622081, 5523762.972782630473375, 0.0 ], [ 365816.290387069457211, 5523749.652159547433257, 0.0 ], [ 365819.309057155158371, 5523740.900180080905557, 0.0 ], [ 365831.619554464938119, 5523724.018658051267266, 0.0 ], [ 365835.310126797645353, 5523716.251120953820646, 0.0 ], [ 365842.586625310708769, 5523710.952813006006181, 0.0 ], [ 365856.804674666025676, 5523686.904438555240631, 0.0 ], [ 365858.941577431745827, 5523680.288019420579076, 0.0 ], [ 365861.999310807441361, 5523678.876985936425626, 0.0 ], [ 365864.044962493004277, 5523671.484156450256705, 0.0 ], [ 365869.621185725089163, 5523664.337136303074658, 0.0 ], [ 365870.223749441327527, 5523659.650021322071552, 0.0 ], [ 365869.855939431814477, 5523656.433198591694236, 0.0 ], [ 365863.723740217741579, 5523655.695970055647194, 0.0 ], [ 365861.680659534526058, 5523657.415457310155034, 0.0 ], [ 365838.476308338867966, 5523658.549542943947017, 0.0 ], [ 365826.269710635591764, 5523650.733000183477998, 0.0 ], [ 365806.5597813653294, 5523647.775514448061585, 0.0 ], [ 365801.032710179046262, 5523639.57014836370945, 0.0 ], [ 365814.375774065149017, 5523649.694382768124342, 0.0 ], [ 365808.514472471084446, 5523648.28302342351526, 0.0 ], [ 365800.36360419500852, 5523638.696891494095325, 0.0 ], [ 365748.844726588926278, 5523626.409251160919666, 0.0 ], [ 365691.940424724016339, 5523623.155636130832136, 0.0 ], [ 365685.534481121227145, 5523622.981637324206531, 0.0 ], [ 365682.559728608292062, 5523624.835665775462985, 0.0 ], [ 365651.860707663116045, 5523674.43599506188184, 0.0 ], [ 365640.520724018337205, 5523686.955340448766947, 0.0 ], [ 365626.751325115095824, 5523708.768314841203392, 0.0 ], [ 365616.501717824488878, 5523733.274541503749788, 0.0 ], [ 365611.323671970283613, 5523736.184750190004706, 0.0 ], [ 365605.977845379849896, 5523749.667043667286634, 0.0 ], [ 365586.16615383233875, 5523782.977479605004191, 0.0 ], [ 365584.372639763634652, 5523791.810275124385953, 0.0 ], [ 365578.479386854101904, 5523803.526406859979033, 0.0 ], [ 365560.447922592924442, 5523830.340548877604306, 0.0 ], [ 365555.29022320418153, 5523842.705798219889402, 0.0 ], [ 365540.678737800801173, 5523868.211003910750151, 0.0 ], [ 365511.521652364986949, 5523910.320622046478093, 0.0 ], [ 365500.06711411307333, 5523929.740112160332501, 0.0 ], [ 365495.649758523213677, 5523934.300065095536411, 0.0 ], [ 365492.3824791633524, 5523938.831301433034241, 0.0 ], [ 365484.517711098655127, 5523943.588597522117198, 0.0 ], [ 365473.711150503484532, 5523945.749592320993543, 0.0 ], [ 365466.380107045639306, 5523951.717238269746304, 0.0 ], [ 365453.586272257787641, 5523957.821352676488459, 0.0 ], [ 365411.809269346413203, 5523969.766741546802223, 0.0 ], [ 365390.157410538522527, 5523972.532642762176692, 0.0 ], [ 365357.733355028089136, 5523964.443779102526605, 0.0 ], [ 365338.258550089667551, 5523956.476306557655334, 0.0 ], [ 365313.652862023212947, 5523950.417062365449965, 0.0 ], [ 365307.769889674033038, 5523951.009139805100858, 0.0 ], [ 365299.993851916049607, 5523956.431941646151245, 0.0 ], [ 365281.439046248036902, 5524002.50494045112282, 0.0 ], [ 365276.206241861800663, 5524006.084308541379869, 0.0 ], [ 365262.436172240995802, 5524007.652415797114372, 0.0 ], [ 365251.535682963440195, 5524008.92628419958055, 0.0 ], [ 365243.364235058368649, 5524012.912928964942694, 0.0 ], [ 365227.683177443686873, 5524009.968042251653969, 0.0 ], [ 365225.236979046603665, 5524012.810286680236459, 0.0 ], [ 365216.14646662492305, 5524008.810592212714255, 0.0 ], [ 365204.43306608160492, 5524009.214968022890389, 0.0 ], [ 365190.453883249661885, 5524016.795529392547905, 0.0 ], [ 365185.401040125754662, 5524004.574204913340509, 0.0 ], [ 365177.049221650289837, 5524004.227051569148898, 0.0 ], [ 365166.722325455048122, 5523996.809903199784458, 0.0 ], [ 365156.69780211627949, 5523995.72596481628716, 0.0 ], [ 365148.88432168320287, 5523991.026961011812091, 0.0 ], [ 365138.144274500082247, 5523992.964489963836968, 0.0 ], [ 365130.310500426101498, 5523998.945199616253376, 0.0 ], [ 365124.399753928650171, 5523998.425761142745614, 0.0 ], [ 365106.783873118285555, 5523967.05185641720891, 0.0 ], [ 365091.625946359825321, 5523953.415073279291391, 0.0 ], [ 365075.725139669026248, 5523944.580322885885835, 0.0 ], [ 365056.794739426753949, 5523938.268831351771951, 0.0 ], [ 365025.200145442271605, 5523920.260660170577466, 0.0 ], [ 365007.10150327719748, 5523912.70483706984669, 0.0 ], [ 364992.917189484986011, 5523903.493576497770846, 0.0 ], [ 364927.355720074498095, 5523884.780063738115132, 0.0 ], [ 364909.828117330733221, 5523885.664599973708391, 0.0 ], [ 364902.60323711700039, 5523881.50738375261426, 0.0 ], [ 364894.062814540578984, 5523879.385524078272283, 0.0 ], [ 364887.236981705354992, 5523879.667983928695321, 0.0 ], [ 364864.797920294455253, 5523874.001370071433485, 0.0 ], [ 364858.098464547889307, 5523870.720962601713836, 0.0 ], [ 364846.362440770666581, 5523870.236738474108279, 0.0 ], [ 364828.190659301646519, 5523871.248943996615708, 0.0 ], [ 364823.062704087351449, 5523873.268743302673101, 0.0 ], [ 364803.484022043121513, 5523875.539999837987125, 0.0 ], [ 364798.349054236430675, 5523883.010843583382666, 0.0 ], [ 364769.989868558361195, 5523885.057663621380925, 0.0 ], [ 364761.059267874108627, 5523893.180050000548363, 0.0 ], [ 364746.576485390891321, 5523897.88213247526437, 0.0 ], [ 364741.134555724624079, 5523904.582050903700292, 0.0 ], [ 364735.359742970671505, 5523906.618180275894701, 0.0 ], [ 364729.902454404393211, 5523906.977714930661023, 0.0 ], [ 364717.756186921382323, 5523913.067342423833907, 0.0 ], [ 364705.852061575977132, 5523914.478760238736868, 0.0 ], [ 364695.456813884782605, 5523924.417920951731503, 0.0 ], [ 364691.765951791137923, 5523934.967369867488742, 0.0 ], [ 364687.896362950501498, 5523938.401834918186069, 0.0 ], [ 364674.834589727281127, 5523942.400968880392611, 0.0 ], [ 364671.115667622536421, 5523940.380810838192701, 0.0 ], [ 364665.675174714648165, 5523941.407441256567836, 0.0 ], [ 364656.642753632739186, 5523939.743286818265915, 0.0 ], [ 364665.110013168887235, 5523947.539943430572748, 0.0 ], [ 364666.410174991819076, 5523950.62204721942544, 0.0 ], [ 364665.841473925043829, 5523953.751108325086534, 0.0 ], [ 364662.557373744726647, 5523954.7235610447824, 0.0 ], [ 364661.980295285000466, 5523957.519107620231807, 0.0 ], [ 364663.748247049399652, 5523973.493512115441263, 0.0 ], [ 364667.516326696029864, 5523994.646028666757047, 0.0 ], [ 364671.472640270541888, 5524006.115776146762073, 0.0 ], [ 364670.990535538760014, 5524012.691158998757601, 0.0 ], [ 364676.183472844772041, 5524027.578336006961763, 0.0 ], [ 364680.265615871583577, 5524055.508722343482077, 0.0 ], [ 364675.895773742115125, 5524059.067011173814535, 0.0 ], [ 364672.451222028699704, 5524059.376040888018906, 0.0 ], [ 364649.413223262527026, 5524055.616504532285035, 0.0 ], [ 364641.110176174202934, 5524051.486732951365411, 0.0 ], [ 364636.215623907395639, 5524057.060595870949328, 0.0 ], [ 364627.339673667331226, 5524081.645656157284975, 0.0 ], [ 364627.065182755002752, 5524099.340019600465894, 0.0 ], [ 364624.548230162588879, 5524105.076620454899967, 0.0 ], [ 364617.898919794883113, 5524143.84470449667424, 0.0 ], [ 364613.898523531504907, 5524153.512068876996636, 0.0 ], [ 364609.762333635357209, 5524172.082206149585545, 0.0 ], [ 364617.341090255184099, 5524207.489115583710372, 0.0 ], [ 364615.0426282529952, 5524213.331474272534251, 0.0 ], [ 364589.892467230558395, 5524237.10208008531481, 0.0 ], [ 364572.969414612045512, 5524250.54290818143636, 0.0 ], [ 364564.20702578232158, 5524253.878028491511941, 0.0 ], [ 364557.467174835153855, 5524263.280609381385148, 0.0 ], [ 364548.425863544456661, 5524286.980060894973576, 0.0 ] ] ] } },
{ "type": "Feature", "properties": { "name": "Traumschleifchen Weitblick", "Nr": null, "darstell": "F2", "datum": "2026-08-12", "height": 102, "link": "https://www.saar-hunsrueck-steig.de/tour/traumschleifchen-weitblick-7089490fb5", "km": 4.029, "erlebnis": null }, "geometry": { "type": "MultiLineString", "coordinates": [ [ [ 321568.257700000016484, 5486500.415020000189543, -1.79769313486231571e+308 ], [ 321568.295319999975618, 5486500.38984000030905, -1.79769313486231571e+308 ], [ 321568.310470000025816, 5486500.378290000371635, -1.79769313486231571e+308 ] ], [ [ 321568.358439999981783, 5486500.341710000298917, -1.79769313486231571e+308 ], [ 321568.39317, 5486500.315240000374615, -1.79769313486231571e+308 ], [ 321568.408430000010412, 5486500.30205, -1.79769313486231571e+308 ] ], [ [ 321568.454039999982342, 5486500.262609999626875, -1.79769313486231571e+308 ], [ 321568.486250000016298, 5486500.23477, -1.79769313486231571e+308 ], [ 321568.501700000022538, 5486500.219650000333786, -1.79769313486231571e+308 ] ], [ [ 321568.54459, 5486500.177690000273287, -1.79769313486231571e+308 ], [ 321568.574199999973644, 5486500.14872, -1.79769313486231571e+308 ], [ 321579.50685, 5486488.77434999961406, -1.79769313486231571e+308 ], [ 321579.5513, 5486488.726579999551177, -1.79769313486231571e+308 ], [ 321590.386059999989811, 5486476.691770000383258, -1.79769313486231571e+308 ], [ 321604.58283000002848, 5486461.097319999709725, -1.79769313486231571e+308 ], [ 321604.5846, 5486461.095379999838769, -1.79769313486231571e+308 ], [ 321618.434140000026673, 5486445.842190000228584, -1.79769313486231571e+308 ], [ 321618.4374, 5486445.838580000214279, -1.79769313486231571e+308 ], [ 321646.41018, 5486414.879929999820888, -1.79769313486231571e+308 ], [ 321668.791949999984354, 5486390.224620000459254, -1.79769313486231571e+308 ], [ 321668.797459999972489, 5486390.218530000187457, -1.79769313486231571e+308 ], [ 321670.963899999973364, 5486387.81226, -1.79769313486231571e+308 ], [ 321691.17471, 5486365.45337999984622, -1.79769313486231571e+308 ], [ 321713.553260000015143, 5486340.68712, -1.79769313486231571e+308 ], [ 321743.33463, 5486307.90711999963969, -1.79769313486231571e+308 ], [ 321757.11822, 5486293.45553, -1.79769313486231571e+308 ], [ 321775.333410000021104, 5486274.526030000299215, -1.79769313486231571e+308 ], [ 321799.09151, 5486267.098349999636412, -1.79769313486231571e+308 ], [ 321799.245820000011008, 5486267.043069999665022, -1.79769313486231571e+308 ], [ 321819.55838, 5486258.812250000424683, -1.79769313486231571e+308 ], [ 321819.57937, 5486258.803609999828041, -1.79769313486231571e+308 ], [ 321827.944009999977425, 5486255.303170000202954, -1.79769313486231571e+308 ], [ 321828.05816999997478, 5486255.251129999756813, -1.79769313486231571e+308 ], [ 321828.168850000016391, 5486255.192040000110865, -1.79769313486231571e+308 ], [ 321828.2756, 5486255.126120000146329, -1.79769313486231571e+308 ], [ 321828.378009999985807, 5486255.05363, -1.79769313486231571e+308 ], [ 321828.475670000014361, 5486254.97487, -1.79769313486231571e+308 ], [ 321828.568199999979697, 5486254.89013999979943, -1.79769313486231571e+308 ], [ 321828.65524, 5486254.799770000390708, -1.79769313486231571e+308 ], [ 321831.25107, 5486251.929650000296533, -1.79769313486231571e+308 ], [ 321835.903240000014193, 5486250.791249999776483, -1.79769313486231571e+308 ], [ 321836.01846, 5486250.759370000101626, -1.79769313486231571e+308 ], [ 321836.13157999998657, 5486250.720669999718666, -1.79769313486231571e+308 ], [ 321836.242169999983162, 5486250.67528, -1.79769313486231571e+308 ], [ 321836.349860000016633, 5486250.623359999619424, -1.79769313486231571e+308 ], [ 321836.454260000027716, 5486250.565100000239909, -1.79769313486231571e+308 ], [ 321836.554980000015348, 5486250.500710000284016, -1.79769313486231571e+308 ], [ 321840.666610000014771, 5486247.695679999887943, -1.79769313486231571e+308 ], [ 321840.816400000010617, 5486247.582840000279248, -1.79769313486231571e+308 ], [ 321846.55409, 5486242.823219999670982, -1.79769313486231571e+308 ], [ 321857.257080000010319, 5486247.702379999682307, -1.79769313486231571e+308 ], [ 321857.38993, 5486247.75726000033319, -1.79769313486231571e+308 ], [ 321857.52636999997776, 5486247.80246, -1.79769313486231571e+308 ], [ 321857.665700000012293, 5486247.837740000337362, -1.79769313486231571e+308 ], [ 321869.34492, 5486250.352470000274479, -1.79769313486231571e+308 ], [ 321883.48407, 5486261.123639999888837, -1.79769313486231571e+308 ], [ 321887.749850000021979, 5486265.037510000169277, -1.79769313486231571e+308 ], [ 321887.75519, 5486265.04239, -1.79769313486231571e+308 ], [ 321894.477560000028461, 5486271.165590000338852, -1.79769313486231571e+308 ], [ 321894.572779999987688, 5486271.247019999660552, -1.79769313486231571e+308 ], [ 321894.672919999982696, 5486271.322329999879003, -1.79769313486231571e+308 ], [ 321907.20872, 5486280.148850000463426, -1.79769313486231571e+308 ], [ 321907.315070000011474, 5486280.218779999762774, -1.79769313486231571e+308 ], [ 321907.42566, 5486280.2818, -1.79769313486231571e+308 ], [ 321907.540029999974649, 5486280.337659999728203, -1.79769313486231571e+308 ], [ 321907.657720000017434, 5486280.386130000464618, -1.79769313486231571e+308 ], [ 321907.77826, 5486280.427020000293851, -1.79769313486231571e+308 ], [ 321919.343409999972209, 5486283.943950000219047, -1.79769313486231571e+308 ], [ 321919.466109999979381, 5486283.977040000259876, -1.79769313486231571e+308 ], [ 321919.59065999998711, 5486284.00227, -1.79769313486231571e+308 ], [ 321937.49134, 5486287.040160000324249, -1.79769313486231571e+308 ], [ 321948.07275, 5486291.705679999664426, -1.79769313486231571e+308 ], [ 321948.084749999979977, 5486291.710920000448823, -1.79769313486231571e+308 ], [ 321952.596759999985807, 5486293.665160000324249, -1.79769313486231571e+308 ], [ 321962.273050000017975, 5486301.761490000411868, -1.79769313486231571e+308 ], [ 321975.927009999984875, 5486316.032890000380576, -1.79769313486231571e+308 ], [ 321976.015420000010636, 5486316.119749999605119, -1.79769313486231571e+308 ], [ 321976.109040000010282, 5486316.20096, -1.79769313486231571e+308 ], [ 321976.207509999978356, 5486316.276220000348985, -1.79769313486231571e+308 ], [ 321976.31046, 5486316.34523, -1.79769313486231571e+308 ], [ 321976.41748, 5486316.407739999704063, -1.79769313486231571e+308 ], [ 321976.52815999998711, 5486316.46349, -1.79769313486231571e+308 ], [ 321976.642089999979362, 5486316.51229, -1.79769313486231571e+308 ], [ 321976.758819999988191, 5486316.553930000402033, -1.79769313486231571e+308 ], [ 321976.877909999981057, 5486316.588259999640286, -1.79769313486231571e+308 ], [ 321976.9989, 5486316.61515, -1.79769313486231571e+308 ], [ 321977.12131000001682, 5486316.634499999694526, -1.79769313486231571e+308 ], [ 321977.244699999981094, 5486316.646220000460744, -1.79769313486231571e+308 ], [ 321977.36857, 5486316.650279999710619, -1.79769313486231571e+308 ], [ 321977.492450000019744, 5486316.64666, -1.79769313486231571e+308 ], [ 321977.615869999979623, 5486316.635379999876022, -1.79769313486231571e+308 ], [ 321977.738360000017565, 5486316.61646999977529, -1.79769313486231571e+308 ], [ 321977.859439999971073, 5486316.590010000392795, -1.79769313486231571e+308 ], [ 321977.97865, 5486316.556110000237823, -1.79769313486231571e+308 ], [ 321978.09553, 5486316.514879999682307, -1.79769313486231571e+308 ], [ 321978.20963, 5486316.466489999555051, -1.79769313486231571e+308 ], [ 321978.32051, 5486316.41113, -1.79769313486231571e+308 ], [ 321978.42776, 5486316.34901, -1.79769313486231571e+308 ], [ 321978.530949999985751, 5486316.28036000020802, -1.79769313486231571e+308 ], [ 321978.62968999997247, 5486316.205459999851882, -1.79769313486231571e+308 ], [ 321978.723600000026636, 5486316.124579999595881, -1.79769313486231571e+308 ], [ 321978.812320000026375, 5486316.03804, -1.79769313486231571e+308 ], [ 321978.89551, 5486315.94618, -1.79769313486231571e+308 ], [ 321978.972850000020117, 5486315.849329999648035, -1.79769313486231571e+308 ], [ 321979.044050000025891, 5486315.747879999689758, -1.79769313486231571e+308 ], [ 321979.108820000023115, 5486315.642219999805093, -1.79769313486231571e+308 ], [ 321979.16691999998875, 5486315.532750000245869, -1.79769313486231571e+308 ], [ 321979.218140000011772, 5486315.419889999553561, -1.79769313486231571e+308 ], [ 321979.262259999988601, 5486315.304069999605417, -1.79769313486231571e+308 ], [ 321979.29913, 5486315.185739999637008, -1.79769313486231571e+308 ], [ 321979.32859, 5486315.065360000357032, -1.79769313486231571e+308 ], [ 321979.350540000014007, 5486314.94338, -1.79769313486231571e+308 ], [ 321983.210290000017267, 5486288.88967000041157, -1.79769313486231571e+308 ], [ 321983.224210000014864, 5486288.77166, -1.79769313486231571e+308 ], [ 321983.231090000015683, 5486288.653040000237525, -1.79769313486231571e+308 ], [ 321983.869699999981094, 5486266.042840000241995, -1.79769313486231571e+308 ], [ 321983.869100000010803, 5486265.911550000309944, -1.79769313486231571e+308 ], [ 321983.85988, 5486265.78057000041008, -1.79769313486231571e+308 ], [ 321983.84209, 5486265.650480000302196, -1.79769313486231571e+308 ], [ 321983.815799999982119, 5486265.521839999593794, -1.79769313486231571e+308 ], [ 321983.781130000017583, 5486265.395200000144541, -1.79769313486231571e+308 ], [ 321983.738230000017211, 5486265.27111, -1.79769313486231571e+308 ], [ 321978.35087999998359, 5486251.203499999828637, -1.79769313486231571e+308 ], [ 321978.29806, 5486251.078460000455379, -1.79769313486231571e+308 ], [ 321978.236879999982193, 5486250.957279999740422, -1.79769313486231571e+308 ], [ 321976.079190000018571, 5486247.021750000305474, -1.79769313486231571e+308 ], [ 321976.075230000016745, 5486247.014550000429153, -1.79769313486231571e+308 ], [ 321970.992359999974724, 5486237.833220000378788, -1.79769313486231571e+308 ], [ 321970.929750000010245, 5486237.727880000136793, -1.79769313486231571e+308 ], [ 321961.11562, 5486222.311259999871254, -1.79769313486231571e+308 ], [ 321956.79248, 5486214.249990000389516, -1.79769313486231571e+308 ], [ 321951.427290000021458, 5486201.80743, -1.79769313486231571e+308 ], [ 321949.203960000013467, 5486189.68492, -1.79769313486231571e+308 ], [ 321948.753550000023097, 5486171.75758, -1.79769313486231571e+308 ], [ 321950.25886, 5486170.832689999602735, -1.79769313486231571e+308 ], [ 321950.365540000027977, 5486170.762350000441074, -1.79769313486231571e+308 ], [ 321950.467509999987669, 5486170.685340000316501, -1.79769313486231571e+308 ], [ 321950.564360000018496, 5486170.601979999803007, -1.79769313486231571e+308 ], [ 321950.655689999985043, 5486170.5126, -1.79769313486231571e+308 ], [ 321950.741120000020601, 5486170.417569999583066, -1.79769313486231571e+308 ], [ 321950.820309999980964, 5486170.31728, -1.79769313486231571e+308 ], [ 321950.892929999972694, 5486170.212140000425279, -1.79769313486231571e+308 ], [ 321950.95869, 5486170.10257999971509, -1.79769313486231571e+308 ], [ 321951.017319999984466, 5486169.989040000364184, -1.79769313486231571e+308 ], [ 321951.068580000021029, 5486169.871989999897778, -1.79769313486231571e+308 ], [ 321951.112260000023525, 5486169.751899999566376, -1.79769313486231571e+308 ], [ 321951.148180000018328, 5486169.629270000383258, -1.79769313486231571e+308 ], [ 321951.176199999987148, 5486169.504599999636412, -1.79769313486231571e+308 ], [ 321951.1962, 5486169.378390000201762, -1.79769313486231571e+308 ], [ 321951.208099999988917, 5486169.251160000450909, -1.79769313486231571e+308 ], [ 321951.211850000021514, 5486169.123429999686778, -1.79769313486231571e+308 ], [ 321951.20743, 5486168.995729999616742, -1.79769313486231571e+308 ], [ 321951.19487, 5486168.868560000322759, -1.79769313486231571e+308 ], [ 321951.174219999986235, 5486168.74246000032872, -1.79769313486231571e+308 ], [ 321951.145550000015646, 5486168.61792999971658, -1.79769313486231571e+308 ], [ 321951.108989999978803, 5486168.495489999651909, -1.79769313486231571e+308 ], [ 321951.064690000028349, 5486168.375629999674857, -1.79769313486231571e+308 ], [ 321951.01282, 5486168.25884999986738, -1.79769313486231571e+308 ], [ 321950.9536, 5486168.145619999617338, -1.79769313486231571e+308 ], [ 321950.88727, 5486168.036399999633431, -1.79769313486231571e+308 ], [ 321947.72391, 5486163.184030000120401, -1.79769313486231571e+308 ], [ 321948.84528, 5486161.522789999842644, -1.79769313486231571e+308 ], [ 321948.908319999987725, 5486161.42318, -1.79769313486231571e+308 ], [ 321948.965390000026673, 5486161.32003, -1.79769313486231571e+308 ], [ 321949.016279999981634, 5486161.213709999807179, -1.79769313486231571e+308 ], [ 321949.060820000013337, 5486161.104559999890625, -1.79769313486231571e+308 ], [ 321949.09885, 5486160.99299000017345, -1.79769313486231571e+308 ], [ 321949.130240000027698, 5486160.879370000213385, -1.79769313486231571e+308 ], [ 321949.154879999987315, 5486160.764089999720454, -1.79769313486231571e+308 ], [ 321949.708410000021104, 5486157.741519999690354, -1.79769313486231571e+308 ], [ 321949.727499999979045, 5486157.614260000176728, -1.79769313486231571e+308 ], [ 321949.73838, 5486157.486039999872446, -1.79769313486231571e+308 ], [ 321949.74098, 5486157.357389999553561, -1.79769313486231571e+308 ], [ 321949.735310000018217, 5486157.228830000385642, -1.79769313486231571e+308 ], [ 321949.72138, 5486157.1009, -1.79769313486231571e+308 ], [ 321949.69925, 5486156.974139999598265, -1.79769313486231571e+308 ], [ 321949.669019999972079, 5486156.84906, -1.79769313486231571e+308 ], [ 321948.84706, 5486153.871410000137985, -1.79769313486231571e+308 ], [ 321948.80984, 5486153.75141999963671, -1.79769313486231571e+308 ], [ 321948.765170000027865, 5486153.634010000154376, -1.79769313486231571e+308 ], [ 321948.713210000016261, 5486153.51963, -1.79769313486231571e+308 ], [ 321948.65417, 5486153.408730000257492, -1.79769313486231571e+308 ], [ 321948.588289999985136, 5486153.301769999787211, -1.79769313486231571e+308 ], [ 321948.515819999971427, 5486153.199149999767542, -1.79769313486231571e+308 ], [ 321948.43705, 5486153.10128, -1.79769313486231571e+308 ], [ 321948.35229, 5486153.008550000376999, -1.79769313486231571e+308 ], [ 321946.252640000020619, 5486150.851579999551177, -1.79769313486231571e+308 ], [ 321946.156880000024103, 5486150.759519999846816, -1.79769313486231571e+308 ], [ 321946.055219999980181, 5486150.674030000343919, -1.79769313486231571e+308 ], [ 321945.948099999979604, 5486150.59547, -1.79769313486231571e+308 ], [ 321945.836010000028182, 5486150.52419999986887, -1.79769313486231571e+308 ], [ 321945.719440000015311, 5486150.460529999807477, -1.79769313486231571e+308 ], [ 321945.598899999982677, 5486150.404729999601841, -1.79769313486231571e+308 ], [ 321945.47492, 5486150.357060000300407, -1.79769313486231571e+308 ], [ 321942.54283, 5486149.340040000155568, -1.79769313486231571e+308 ], [ 321942.410779999976512, 5486149.299290000461042, -1.79769313486231571e+308 ], [ 321942.276230000017677, 5486149.267760000191629, -1.79769313486231571e+308 ], [ 321942.13983, 5486149.245590000413358, -1.79769313486231571e+308 ], [ 321942.002220000023954, 5486149.232900000177324, -1.79769313486231571e+308 ], [ 321941.890130000014324, 5486149.22645999956876, -1.79769313486231571e+308 ], [ 321941.901590000023134, 5486149.2089, -1.79769313486231571e+308 ], [ 321941.96388, 5486149.098849999718368, -1.79769313486231571e+308 ], [ 321942.019090000016149, 5486148.98508, -1.79769313486231571e+308 ], [ 321942.06701, 5486148.868049999698997, -1.79769313486231571e+308 ], [ 321942.107429999974556, 5486148.74823, -1.79769313486231571e+308 ], [ 321942.140200000023469, 5486148.626090000383556, -1.79769313486231571e+308 ], [ 321942.165180000010878, 5486148.50213, -1.79769313486231571e+308 ], [ 321942.18228, 5486148.376830000430346, -1.79769313486231571e+308 ], [ 321942.19143, 5486148.25069999974221, -1.79769313486231571e+308 ], [ 321942.19259, 5486148.124250000342727, -1.79769313486231571e+308 ], [ 321942.18575, 5486147.997980000451207, -1.79769313486231571e+308 ], [ 321942.17095, 5486147.872390000149608, -1.79769313486231571e+308 ], [ 321942.14824, 5486147.74799, -1.79769313486231571e+308 ], [ 321942.117719999980181, 5486147.625269999727607, -1.79769313486231571e+308 ], [ 321942.0795, 5486147.504730000160635, -1.79769313486231571e+308 ], [ 321942.033730000024661, 5486147.386839999817312, -1.79769313486231571e+308 ], [ 321941.980610000027809, 5486147.272079999558628, -1.79769313486231571e+308 ], [ 321941.920349999971222, 5486147.16091, -1.79769313486231571e+308 ], [ 321941.853170000016689, 5486147.053759999573231, -1.79769313486231571e+308 ], [ 321941.77937, 5486146.95108, -1.79769313486231571e+308 ], [ 321941.69922, 5486146.853269999846816, -1.79769313486231571e+308 ], [ 321941.613040000025649, 5486146.76071, -1.79769313486231571e+308 ], [ 321941.52119, 5486146.673790000379086, -1.79769313486231571e+308 ], [ 321941.42404000001261, 5486146.592849999666214, -1.79769313486231571e+308 ], [ 321941.321959999972023, 5486146.518210000358522, -1.79769313486231571e+308 ], [ 321941.215359999972861, 5486146.45017, -1.79769313486231571e+308 ], [ 321941.104679999989457, 5486146.389000000432134, -1.79769313486231571e+308 ], [ 321940.99036, 5486146.33495, -1.79769313486231571e+308 ], [ 321940.872849999985192, 5486146.28823, -1.79769313486231571e+308 ], [ 321940.752619999984745, 5486146.249029999598861, -1.79769313486231571e+308 ], [ 321940.630149999982677, 5486146.217509999871254, -1.79769313486231571e+308 ], [ 321940.50594, 5486146.19379, -1.79769313486231571e+308 ], [ 321940.38048, 5486146.177969999611378, -1.79769313486231571e+308 ], [ 321940.254260000016075, 5486146.170099999755621, -1.79769313486231571e+308 ], [ 321940.127809999976307, 5486146.170230000279844, -1.79769313486231571e+308 ], [ 321940.055409999971744, 5486146.172600000165403, -1.79769313486231571e+308 ], [ 321939.930029999988619, 5486146.18064, -1.79769313486231571e+308 ], [ 321939.80539, 5486146.19654, -1.79769313486231571e+308 ], [ 321939.682009999989532, 5486146.220239999704063, -1.79769313486231571e+308 ], [ 321939.560349999985192, 5486146.251629999838769, -1.79769313486231571e+308 ], [ 321939.440899999986868, 5486146.29060999955982, -1.79769313486231571e+308 ], [ 321939.324139999982435, 5486146.337000000290573, -1.79769313486231571e+308 ], [ 321939.21052000002237, 5486146.390639999881387, -1.79769313486231571e+308 ], [ 321939.100489999982528, 5486146.451299999840558, -1.79769313486231571e+308 ], [ 321938.994490000011865, 5486146.518760000355542, -1.79769313486231571e+308 ], [ 321938.89294, 5486146.592729999683797, -1.79769313486231571e+308 ], [ 321938.796229999978095, 5486146.67294, -1.79769313486231571e+308 ], [ 321938.70474000001559, 5486146.75906, -1.79769313486231571e+308 ], [ 321938.61958, 5486146.849980000406504, -1.79769313486231571e+308 ], [ 321938.61956999998074, 5486146.84999, -1.79769313486231571e+308 ], [ 321938.10501, 5486147.236840000376105, -1.79769313486231571e+308 ], [ 321931.13104, 5486138.070129999890924, -1.79769313486231571e+308 ], [ 321931.050830000021961, 5486137.97138, -1.79769313486231571e+308 ], [ 321930.9645100000198, 5486137.877930000424385, -1.79769313486231571e+308 ], [ 321930.872410000010859, 5486137.790160000324249, -1.79769313486231571e+308 ], [ 321930.774930000014137, 5486137.70842, -1.79769313486231571e+308 ], [ 321930.67244, 5486137.633050000295043, -1.79769313486231571e+308 ], [ 321930.565370000025723, 5486137.56434, -1.79769313486231571e+308 ], [ 321930.454139999987092, 5486137.50258, -1.79769313486231571e+308 ], [ 321930.339220000023488, 5486137.44802, -1.79769313486231571e+308 ], [ 321930.221060000010766, 5486137.40087, -1.79769313486231571e+308 ], [ 321930.10014, 5486137.361329999752343, -1.79769313486231571e+308 ], [ 321929.976949999982025, 5486137.329560000449419, -1.79769313486231571e+308 ], [ 321929.85199, 5486137.305680000223219, -1.79769313486231571e+308 ], [ 321924.618109999981243, 5486136.47728000022471, -1.79769313486231571e+308 ], [ 321919.309439999982715, 5486131.618599999696016, -1.79769313486231571e+308 ], [ 321919.220849999983329, 5486131.542159999720752, -1.79769313486231571e+308 ], [ 321919.127939999976661, 5486131.471029999665916, -1.79769313486231571e+308 ], [ 321919.03102, 5486131.405450000427663, -1.79769313486231571e+308 ], [ 321918.930440000025555, 5486131.345649999566376, -1.79769313486231571e+308 ], [ 321918.826530000020284, 5486131.29184, -1.79769313486231571e+308 ], [ 321918.71964999998454, 5486131.244199999608099, -1.79769313486231571e+308 ], [ 321918.61017, 5486131.20289000030607, -1.79769313486231571e+308 ], [ 321907.98220999998739, 5486127.544060000218451, -1.79769313486231571e+308 ], [ 321907.8705600000103, 5486127.509239999577403, -1.79769313486231571e+308 ], [ 321907.757059999974445, 5486127.480999999679625, -1.79769313486231571e+308 ], [ 321875.786659999983385, 5486120.51346, -1.79769313486231571e+308 ], [ 321875.648960000020452, 5486120.488459999673069, -1.79769313486231571e+308 ], [ 321853.803369999979623, 5486117.307520000264049, -1.79769313486231571e+308 ], [ 321853.79877, 5486117.306859999895096, -1.79769313486231571e+308 ], [ 321844.285120000015013, 5486115.944140000268817, -1.79769313486231571e+308 ], [ 321831.14557, 5486104.004060000181198, -1.79769313486231571e+308 ], [ 321831.049560000014026, 5486103.9222, -1.79769313486231571e+308 ], [ 321830.948580000025686, 5486103.84655, -1.79769313486231571e+308 ], [ 321801.239599999971688, 5486083.019840000197291, -1.79769313486231571e+308 ], [ 321800.538, 5486073.64095, -1.79769313486231571e+308 ], [ 321800.522950000013225, 5486073.503739999607205, -1.79769313486231571e+308 ], [ 321800.49848, 5486073.367890000343323, -1.79769313486231571e+308 ], [ 321800.464700000011362, 5486073.23405, -1.79769313486231571e+308 ], [ 321800.421770000015385, 5486073.102869999594986, -1.79769313486231571e+308 ], [ 321796.8406, 5486063.316200000233948, -1.79769313486231571e+308 ], [ 321796.79126000002725, 5486063.193989999592304, -1.79769313486231571e+308 ], [ 321796.73397, 5486063.07529, -1.79769313486231571e+308 ], [ 321796.668989999976475, 5486062.960629999637604, -1.79769313486231571e+308 ], [ 321796.596599999989849, 5486062.85049, -1.79769313486231571e+308 ], [ 321796.517110000015236, 5486062.74536, -1.79769313486231571e+308 ], [ 321796.430869999981951, 5486062.645689999684691, -1.79769313486231571e+308 ], [ 321796.338259999989532, 5486062.551920000463724, -1.79769313486231571e+308 ], [ 321796.239660000021104, 5486062.464460000395775, -1.79769313486231571e+308 ], [ 321785.661520000023302, 5486053.685449999757111, -1.79769313486231571e+308 ], [ 321785.55228, 5486053.600979999639094, -1.79769313486231571e+308 ], [ 321785.43747, 5486053.524249999783933, -1.79769313486231571e+308 ], [ 321785.31763, 5486053.455629999749362, -1.79769313486231571e+308 ], [ 321785.193350000015926, 5486053.395440000109375, -1.79769313486231571e+308 ], [ 321785.065200000011828, 5486053.34396000020206, -1.79769313486231571e+308 ], [ 321770.961430000024848, 5486048.236879999749362, -1.79769313486231571e+308 ], [ 321746.985800000024028, 5486030.615690000355244, -1.79769313486231571e+308 ], [ 321746.841569999989588, 5486030.519050000235438, -1.79769313486231571e+308 ], [ 321708.437329999986105, 5486007.13281000033021, -1.79769313486231571e+308 ], [ 321690.939339999982622, 5485986.80817, -1.79769313486231571e+308 ], [ 321690.85840000002645, 5485986.71966, -1.79769313486231571e+308 ], [ 321690.772300000011455, 5485986.636169999837875, -1.79769313486231571e+308 ], [ 321690.681350000028033, 5485986.557989999651909, -1.79769313486231571e+308 ], [ 321690.585880000027828, 5485986.485399999655783, -1.79769313486231571e+308 ], [ 321690.486229999980424, 5485986.41866, -1.79769313486231571e+308 ], [ 321690.38276, 5485986.35802000015974, -1.79769313486231571e+308 ], [ 321690.27583, 5485986.303679999895394, -1.79769313486231571e+308 ], [ 321690.16585, 5485986.25586, -1.79769313486231571e+308 ], [ 321690.05319, 5485986.21471, -1.79769313486231571e+308 ], [ 321689.938269999984186, 5485986.180390000343323, -1.79769313486231571e+308 ], [ 321681.749859999981709, 5485984.000079999677837, -1.79769313486231571e+308 ], [ 321681.63581, 5485983.97327, -1.79769313486231571e+308 ], [ 321681.520390000019688, 5485983.953180000185966, -1.79769313486231571e+308 ], [ 321681.403999999980442, 5485983.939880000427365, -1.79769313486231571e+308 ], [ 321681.287019999988843, 5485983.933419999666512, -1.79769313486231571e+308 ], [ 321681.169869999983348, 5485983.933810000307858, -1.79769313486231571e+308 ], [ 321666.29238, 5485984.420420000329614, -1.79769313486231571e+308 ], [ 321661.084320000023581, 5485982.033420000225306, -1.79769313486231571e+308 ], [ 321658.387259999988601, 5485980.690360000357032, -1.79769313486231571e+308 ], [ 321658.33317, 5485980.664440000429749, -1.79769313486231571e+308 ], [ 321654.79352, 5485979.03235, -1.79769313486231571e+308 ], [ 321650.294820000010077, 5485976.54746999964118, -1.79769313486231571e+308 ], [ 321640.69558, 5485963.534760000184178, -1.79769313486231571e+308 ], [ 321640.61468, 5485963.432280000299215, -1.79769313486231571e+308 ], [ 321640.527279999980237, 5485963.33530000038445, -1.79769313486231571e+308 ], [ 321640.43374, 5485963.244230000302196, -1.79769313486231571e+308 ], [ 321640.334450000023935, 5485963.159450000151992, -1.79769313486231571e+308 ], [ 321640.229839999985415, 5485963.08134, -1.79769313486231571e+308 ], [ 321640.12036, 5485963.01021, -1.79769313486231571e+308 ], [ 321640.006470000022091, 5485962.946379999630153, -1.79769313486231571e+308 ], [ 321621.6361, 5485953.424580000340939, -1.79769313486231571e+308 ], [ 321611.533270000014454, 5485944.71062, -1.79769313486231571e+308 ], [ 321600.980419999978039, 5485930.763140000402927, -1.79769313486231571e+308 ], [ 321600.90732, 5485930.672179999761283, -1.79769313486231571e+308 ], [ 321600.82905, 5485930.585629999637604, -1.79769313486231571e+308 ], [ 321600.74586000002455, 5485930.5038, -1.79769313486231571e+308 ], [ 321600.65804, 5485930.426950000226498, -1.79769313486231571e+308 ], [ 321577.52422000002116, 5485911.347219999879599, -1.79769313486231571e+308 ], [ 321588.009940000018105, 5485904.105980000458658, -1.79769313486231571e+308 ], [ 321593.02554, 5485900.840180000290275, -1.79769313486231571e+308 ], [ 321593.031490000023041, 5485900.836280000396073, -1.79769313486231571e+308 ], [ 321610.338990000018384, 5485889.47903, -1.79769313486231571e+308 ], [ 321632.76101999997627, 5485874.949989999644458, -1.79769313486231571e+308 ], [ 321632.764199999975972, 5485874.947929999791086, -1.79769313486231571e+308 ], [ 321673.388150000013411, 5485848.514879999682307, -1.79769313486231571e+308 ], [ 321700.75363, 5485840.698300000280142, -1.79769313486231571e+308 ], [ 321725.446669999975711, 5485835.340099999681115, -1.79769313486231571e+308 ], [ 321725.5011, 5485835.32749, -1.79769313486231571e+308 ], [ 321740.599449999979697, 5485831.606800000183284, -1.79769313486231571e+308 ], [ 321740.60271, 5485831.60599, -1.79769313486231571e+308 ], [ 321768.819889999984298, 5485824.602169999852777, -1.79769313486231571e+308 ], [ 321812.76121000002604, 5485822.057880000211298, -1.79769313486231571e+308 ], [ 321812.85884, 5485822.049820000305772, -1.79769313486231571e+308 ], [ 321844.203700000012759, 5485818.68872, -1.79769313486231571e+308 ], [ 321844.310049999970943, 5485818.674429999664426, -1.79769313486231571e+308 ], [ 321844.41547, 5485818.654450000263751, -1.79769313486231571e+308 ], [ 321844.51967, 5485818.628840000368655, -1.79769313486231571e+308 ], [ 321864.77638, 5485813.07077999971807, -1.79769313486231571e+308 ], [ 321864.90067, 5485813.03228999953717, -1.79769313486231571e+308 ], [ 321865.022189999988768, 5485812.9858, -1.79769313486231571e+308 ], [ 321865.140430000028573, 5485812.93150999955833, -1.79769313486231571e+308 ], [ 321865.25488999998197, 5485812.869640000164509, -1.79769313486231571e+308 ], [ 321881.8261, 5485803.203510000370443, -1.79769313486231571e+308 ], [ 321881.94075, 5485803.13133000023663, -1.79769313486231571e+308 ], [ 321882.050249999971129, 5485803.051540000364184, -1.79769313486231571e+308 ], [ 321882.154090000025462, 5485802.96452, -1.79769313486231571e+308 ], [ 321882.251809999987017, 5485802.870679999701679, -1.79769313486231571e+308 ], [ 321899.347629999974743, 5485785.300730000250041, -1.79769313486231571e+308 ], [ 321930.227009999973234, 5485754.817289999686182, -1.79769313486231571e+308 ], [ 321930.317319999972824, 5485754.722090000286698, -1.79769313486231571e+308 ], [ 321930.40119, 5485754.621179999783635, -1.79769313486231571e+308 ], [ 321952.936760000011418, 5485725.62077, -1.79769313486231571e+308 ], [ 321953.021530000027269, 5485725.503100000321865, -1.79769313486231571e+308 ], [ 321953.097560000023805, 5485725.379599999636412, -1.79769313486231571e+308 ], [ 321956.181340000010096, 5485719.937579999677837, -1.79769313486231571e+308 ], [ 321956.243810000014491, 5485719.818140000104904, -1.79769313486231571e+308 ], [ 321956.298079999978654, 5485719.69476000033319, -1.79769313486231571e+308 ], [ 321956.343929999973625, 5485719.568, -1.79769313486231571e+308 ], [ 321956.38113, 5485719.438450000248849, -1.79769313486231571e+308 ], [ 321956.409519999986514, 5485719.306680000387132, -1.79769313486231571e+308 ], [ 321956.42897, 5485719.1733, -1.79769313486231571e+308 ], [ 321957.10177, 5485713.142350000329316, -1.79769313486231571e+308 ], [ 321957.11351, 5485712.96918, -1.79769313486231571e+308 ], [ 321957.32993, 5485704.05992, -1.79769313486231571e+308 ], [ 321957.32895, 5485703.93193, -1.79769313486231571e+308 ], [ 321957.31977, 5485703.804259999655187, -1.79769313486231571e+308 ], [ 321957.302450000017416, 5485703.677450000308454, -1.79769313486231571e+308 ], [ 321957.27706, 5485703.552000000141561, -1.79769313486231571e+308 ], [ 321957.243689999973867, 5485703.428430000320077, -1.79769313486231571e+308 ], [ 321957.20249, 5485703.307249999605119, -1.79769313486231571e+308 ], [ 321957.15362, 5485703.18896, -1.79769313486231571e+308 ], [ 321957.097279999987222, 5485703.074029999785125, -1.79769313486231571e+308 ], [ 321957.033709999988787, 5485702.96294, -1.79769313486231571e+308 ], [ 321956.963159999984782, 5485702.856139999814332, -1.79769313486231571e+308 ], [ 321956.885929999989457, 5485702.754080000333488, -1.79769313486231571e+308 ], [ 321956.802320000017062, 5485702.65716, -1.79769313486231571e+308 ], [ 321956.712690000014845, 5485702.5658, -1.79769313486231571e+308 ], [ 321956.617399999988265, 5485702.480349999852479, -1.79769313486231571e+308 ], [ 321956.516829999978654, 5485702.401170000433922, -1.79769313486231571e+308 ], [ 321956.41141, 5485702.32859, -1.79769313486231571e+308 ], [ 321956.30156, 5485702.262889999896288, -1.79769313486231571e+308 ], [ 321956.187740000023041, 5485702.204359999857843, -1.79769313486231571e+308 ], [ 321956.070400000025984, 5485702.153230000287294, -1.79769313486231571e+308 ], [ 321941.09018, 5485696.188310000114143, -1.79769313486231571e+308 ], [ 321940.984379999979865, 5485696.149600000120699, -1.79769313486231571e+308 ], [ 321940.876570000022184, 5485696.116899999789894, -1.79769313486231571e+308 ], [ 321940.767089999979362, 5485696.09033, -1.79769313486231571e+308 ], [ 321920.842019999981858, 5485691.844820000231266, -1.79769313486231571e+308 ], [ 321920.714159999974072, 5485691.821899999864399, -1.79769313486231571e+308 ], [ 321920.58509, 5485691.80731, -1.79769313486231571e+308 ], [ 321920.455339999985881, 5485691.801140000112355, -1.79769313486231571e+308 ], [ 321920.325469999981578, 5485691.803399999625981, -1.79769313486231571e+308 ], [ 321901.005409999983385, 5485692.768249999731779, -1.79769313486231571e+308 ], [ 321900.87983, 5485692.778490000404418, -1.79769313486231571e+308 ], [ 321900.755140000022948, 5485692.796629999764264, -1.79769313486231571e+308 ], [ 321900.631839999987278, 5485692.822580000385642, -1.79769313486231571e+308 ], [ 321900.510409999988042, 5485692.856239999644458, -1.79769313486231571e+308 ], [ 321900.39135, 5485692.897479999810457, -1.79769313486231571e+308 ], [ 321884.78595, 5485698.85981999989599, -1.79769313486231571e+308 ], [ 321884.69472999998834, 5485698.897269999608397, -1.79769313486231571e+308 ], [ 321884.60547, 5485698.939179999753833, -1.79769313486231571e+308 ], [ 321871.983049999980722, 5485705.249219999648631, -1.79769313486231571e+308 ], [ 321871.959220000018831, 5485705.261339999735355, -1.79769313486231571e+308 ], [ 321855.786009999981616, 5485713.618470000103116, -1.79769313486231571e+308 ], [ 321845.22697999997763, 5485717.00105999968946, -1.79769313486231571e+308 ], [ 321822.696829999971669, 5485721.384139999747276, -1.79769313486231571e+308 ], [ 321805.08045, 5485724.067800000309944, -1.79769313486231571e+308 ], [ 321799.914310000021942, 5485724.789970000274479, -1.79769313486231571e+308 ], [ 321781.51298, 5485727.053449999541044, -1.79769313486231571e+308 ], [ 321761.032109999970999, 5485728.277599999681115, -1.79769313486231571e+308 ], [ 321760.909089999971911, 5485728.28878, -1.79769313486231571e+308 ], [ 321760.786979999975301, 5485728.307529999874532, -1.79769313486231571e+308 ], [ 321760.66626999998698, 5485728.33378, -1.79769313486231571e+308 ], [ 321743.77216, 5485732.55822, -1.79769313486231571e+308 ], [ 321743.663699999975506, 5485732.58861, -1.79769313486231571e+308 ], [ 321743.557129999971949, 5485732.62506000045687, -1.79769313486231571e+308 ], [ 321743.452769999974407, 5485732.667449999600649, -1.79769313486231571e+308 ], [ 321743.35097000002861, 5485732.715649999678135, -1.79769313486231571e+308 ], [ 321728.717140000022482, 5485740.155260000377893, -1.79769313486231571e+308 ], [ 321720.725410000013653, 5485740.925180000253022, -1.79769313486231571e+308 ], [ 321708.358119999989867, 5485737.437219999730587, -1.79769313486231571e+308 ], [ 321708.233040000020992, 5485737.406259999610484, -1.79769313486231571e+308 ], [ 321708.106229999975767, 5485737.383410000242293, -1.79769313486231571e+308 ], [ 321693.24938, 5485735.19857, -1.79769313486231571e+308 ], [ 321693.12919, 5485735.184589999727905, -1.79769313486231571e+308 ], [ 321693.00837, 5485735.17791, -1.79769313486231571e+308 ], [ 321692.887370000011288, 5485735.178550000302494, -1.79769313486231571e+308 ], [ 321692.76662, 5485735.186499999836087, -1.79769313486231571e+308 ], [ 321692.64658, 5485735.201740000396967, -1.79769313486231571e+308 ], [ 321679.307099999976344, 5485737.307140000164509, -1.79769313486231571e+308 ], [ 321679.177420000021812, 5485737.332030000165105, -1.79769313486231571e+308 ], [ 321679.049660000018775, 5485737.36541, -1.79769313486231571e+308 ], [ 321678.924379999982193, 5485737.407150000333786, -1.79769313486231571e+308 ], [ 321678.8021300000255, 5485737.457069999538362, -1.79769313486231571e+308 ], [ 321678.68344, 5485737.51494999974966, -1.79769313486231571e+308 ], [ 321678.568819999985863, 5485737.580540000461042, -1.79769313486231571e+308 ], [ 321678.45879, 5485737.653540000319481, -1.79769313486231571e+308 ], [ 321670.993970000010449, 5485742.96923, -1.79769313486231571e+308 ], [ 321665.77719, 5485743.707849999889731, -1.79769313486231571e+308 ], [ 321643.872580000024755, 5485737.17977000027895, -1.79769313486231571e+308 ], [ 321612.462379999982659, 5485719.298530000261962, -1.79769313486231571e+308 ], [ 321612.353639999986626, 5485719.24098000023514, -1.79769313486231571e+308 ], [ 321612.24156, 5485719.190229999832809, -1.79769313486231571e+308 ], [ 321612.126570000022184, 5485719.146460000425577, -1.79769313486231571e+308 ], [ 321583.1854099999764, 5485709.138129999861121, -1.79769313486231571e+308 ], [ 321562.37351, 5485697.666179999709129, -1.79769313486231571e+308 ], [ 321562.21974999998929, 5485697.58983, -1.79769313486231571e+308 ], [ 321532.58025, 5485684.427570000290871, -1.79769313486231571e+308 ], [ 321532.465359999972861, 5485684.38076, -1.79769313486231571e+308 ], [ 321503.850610000023153, 5485673.7445, -1.79769313486231571e+308 ], [ 321503.722360000014305, 5485673.7017, -1.79769313486231571e+308 ], [ 321481.05148999998346, 5485666.979229999706149, -1.79769313486231571e+308 ], [ 321467.00154999998631, 5485657.173159999772906, -1.79769313486231571e+308 ], [ 321466.892449999984819, 5485657.102180000394583, -1.79769313486231571e+308 ], [ 321466.778969999984838, 5485657.038440000265837, -1.79769313486231571e+308 ], [ 321466.66158000001451, 5485656.982230000197887, -1.79769313486231571e+308 ], [ 321466.54079, 5485656.93377, -1.79769313486231571e+308 ], [ 321466.417100000020582, 5485656.893260000273585, -1.79769313486231571e+308 ], [ 321454.415909999981523, 5485653.391490000300109, -1.79769313486231571e+308 ], [ 321454.297000000020489, 5485653.360720000229776, -1.79769313486231571e+308 ], [ 321454.176419999974314, 5485653.337310000322759, -1.79769313486231571e+308 ], [ 321454.054630000027828, 5485653.32134999986738, -1.79769313486231571e+308 ], [ 321453.932090000016615, 5485653.312889999710023, -1.79769313486231571e+308 ], [ 321453.80926, 5485653.31197000015527, -1.79769313486231571e+308 ], [ 321453.68660999997519, 5485653.318590000271797, -1.79769313486231571e+308 ], [ 321453.564599999983329, 5485653.33273, -1.79769313486231571e+308 ], [ 321453.443680000025779, 5485653.354329999536276, -1.79769313486231571e+308 ], [ 321439.047160000016447, 5485656.385150000452995, -1.79769313486231571e+308 ], [ 321438.928290000010747, 5485656.41399999987334, -1.79769313486231571e+308 ], [ 321438.8114, 5485656.450059999711812, -1.79769313486231571e+308 ], [ 321438.696929999976419, 5485656.493200000375509, -1.79769313486231571e+308 ], [ 321438.585320000012871, 5485656.543259999714792, -1.79769313486231571e+308 ], [ 321438.4769700000179, 5485656.600049999542534, -1.79769313486231571e+308 ], [ 321438.372299999988172, 5485656.66335, -1.79769313486231571e+308 ], [ 321438.271690000023227, 5485656.732939999550581, -1.79769313486231571e+308 ], [ 321438.17553, 5485656.808539999648929, -1.79769313486231571e+308 ], [ 321438.084169999987353, 5485656.889890000224113, -1.79769313486231571e+308 ], [ 321437.997949999989942, 5485656.976660000160336, -1.79769313486231571e+308 ], [ 321437.917200000025332, 5485657.06855, -1.79769313486231571e+308 ], [ 321437.84222, 5485657.165199999697506, -1.79769313486231571e+308 ], [ 321437.773289999982808, 5485657.266250000335276, -1.79769313486231571e+308 ], [ 321437.710659999982454, 5485657.371330000460148, -1.79769313486231571e+308 ], [ 321437.654570000013337, 5485657.480039999820292, -1.79769313486231571e+308 ], [ 321437.60524, 5485657.59198, -1.79769313486231571e+308 ], [ 321428.899710000026971, 5485679.103570000268519, -1.79769313486231571e+308 ], [ 321423.30455, 5485691.81243, -1.79769313486231571e+308 ], [ 321406.43529, 5485718.615760000422597, -1.79769313486231571e+308 ], [ 321406.400710000016261, 5485718.672790000215173, -1.79769313486231571e+308 ], [ 321393.155659999989439, 5485741.362250000238419, -1.79769313486231571e+308 ], [ 321393.096139999979641, 5485741.471939999610186, -1.79769313486231571e+308 ], [ 321393.043569999979809, 5485741.585129999555647, -1.79769313486231571e+308 ], [ 321392.998169999977108, 5485741.70137, -1.79769313486231571e+308 ], [ 321392.960109999985434, 5485741.820220000110567, -1.79769313486231571e+308 ], [ 321392.929530000023078, 5485741.941220000386238, -1.79769313486231571e+308 ], [ 321392.906550000014249, 5485742.063880000263453, -1.79769313486231571e+308 ], [ 321392.891279999981634, 5485742.18774, -1.79769313486231571e+308 ], [ 321391.395680000016, 5485758.483339999802411, -1.79769313486231571e+308 ], [ 321391.388199999986682, 5485758.606479999609292, -1.79769313486231571e+308 ], [ 321391.388329999987036, 5485758.729849999770522, -1.79769313486231571e+308 ], [ 321391.39606, 5485758.852970000356436, -1.79769313486231571e+308 ], [ 321391.411369999987073, 5485758.975390000268817, -1.79769313486231571e+308 ], [ 321391.434200000017881, 5485759.096629999577999, -1.79769313486231571e+308 ], [ 321391.464450000028592, 5485759.216230000369251, -1.79769313486231571e+308 ], [ 321391.502029999974184, 5485759.33373, -1.79769313486231571e+308 ], [ 321391.546779999975115, 5485759.448699999600649, -1.79769313486231571e+308 ], [ 321391.59853000001749, 5485759.560689999721944, -1.79769313486231571e+308 ], [ 321391.657079999975394, 5485759.669270000420511, -1.79769313486231571e+308 ], [ 321391.72222, 5485759.774039999581873, -1.79769313486231571e+308 ], [ 321391.793699999980163, 5485759.87459999974817, -1.79769313486231571e+308 ], [ 321391.87124, 5485759.970549999736249, -1.79769313486231571e+308 ], [ 321391.954550000024028, 5485760.061540000140667, -1.79769313486231571e+308 ], [ 321392.043309999979101, 5485760.147219999693334, -1.79769313486231571e+308 ], [ 321392.137180000019725, 5485760.227269999682903, -1.79769313486231571e+308 ], [ 321400.547750000027008, 5485766.962299999780953, -1.79769313486231571e+308 ], [ 321400.632600000011735, 5485767.02661, -1.79769313486231571e+308 ], [ 321427.141630000027362, 5485786.030860000289977, -1.79769313486231571e+308 ], [ 321446.178100000019185, 5485801.997109999880195, -1.79769313486231571e+308 ], [ 321445.07642, 5485802.90166, -1.79769313486231571e+308 ], [ 321444.974029999983031, 5485802.99175, -1.79769313486231571e+308 ], [ 321444.87802, 5485803.08861, -1.79769313486231571e+308 ], [ 321444.78882999997586, 5485803.19178, -1.79769313486231571e+308 ], [ 321444.70687, 5485803.300800000317395, -1.79769313486231571e+308 ], [ 321440.562900000018999, 5485809.223290000110865, -1.79769313486231571e+308 ], [ 321436.53902000002563, 5485813.552299999631941, -1.79769313486231571e+308 ], [ 321431.948749999981374, 5485814.980499999597669, -1.79769313486231571e+308 ], [ 321426.98501, 5485813.932110000401735, -1.79769313486231571e+308 ], [ 321426.864500000025146, 5485813.910489999689162, -1.79769313486231571e+308 ], [ 321426.74289, 5485813.89628, -1.79769313486231571e+308 ], [ 321426.620639999979176, 5485813.889539999887347, -1.79769313486231571e+308 ], [ 321426.49821, 5485813.890289999544621, -1.79769313486231571e+308 ], [ 321426.376050000020768, 5485813.89854000043124, -1.79769313486231571e+308 ], [ 321426.254620000021532, 5485813.914239999838173, -1.79769313486231571e+308 ], [ 321426.13438, 5485813.937339999713004, -1.79769313486231571e+308 ], [ 321419.302269999985583, 5485815.468329999595881, -1.79769313486231571e+308 ], [ 321404.628849999979138, 5485816.499699999578297, -1.79769313486231571e+308 ], [ 321404.509979999973439, 5485816.511629999615252, -1.79769313486231571e+308 ], [ 321404.39204, 5485816.530639999546111, -1.79769313486231571e+308 ], [ 321404.27544, 5485816.556649999693036, -1.79769313486231571e+308 ], [ 321404.1606, 5485816.589580000378191, -1.79769313486231571e+308 ], [ 321404.04793, 5485816.629309999756515, -1.79769313486231571e+308 ], [ 321403.937840000027791, 5485816.675699999555945, -1.79769313486231571e+308 ], [ 321403.83071, 5485816.728570000268519, -1.79769313486231571e+308 ], [ 321400.48257, 5485818.50741, -1.79769313486231571e+308 ], [ 321400.375140000018291, 5485818.56883000023663, -1.79769313486231571e+308 ], [ 321400.27171, 5485818.636769999749959, -1.79769313486231571e+308 ], [ 321400.172680000017863, 5485818.71098, -1.79769313486231571e+308 ], [ 321400.07843, 5485818.79117, -1.79769313486231571e+308 ], [ 321399.989309999975376, 5485818.87703, -1.79769313486231571e+308 ], [ 321399.905680000025313, 5485818.96824000030756, -1.79769313486231571e+308 ], [ 321399.82785, 5485819.064450000412762, -1.79769313486231571e+308 ], [ 321399.756119999976363, 5485819.16529, -1.79769313486231571e+308 ], [ 321399.690769999986514, 5485819.27037, -1.79769313486231571e+308 ], [ 321399.63202999997884, 5485819.379300000146031, -1.79769313486231571e+308 ], [ 321399.58015, 5485819.491639999672771, -1.79769313486231571e+308 ], [ 321399.53531, 5485819.606979999691248, -1.79769313486231571e+308 ], [ 321399.497689999989234, 5485819.724879999645054, -1.79769313486231571e+308 ], [ 321399.467439999978524, 5485819.844870000146329, -1.79769313486231571e+308 ], [ 321399.444659999979194, 5485819.9665, -1.79769313486231571e+308 ], [ 321399.42945, 5485820.089309999719262, -1.79769313486231571e+308 ], [ 321399.42186, 5485820.212829999625683, -1.79769313486231571e+308 ], [ 321399.421930000011344, 5485820.336579999886453, -1.79769313486231571e+308 ], [ 321399.42965, 5485820.46009000018239, -1.79769313486231571e+308 ], [ 321399.445, 5485820.582879999652505, -1.79769313486231571e+308 ], [ 321399.46791, 5485820.704490000382066, -1.79769313486231571e+308 ], [ 321399.498290000017732, 5485820.824450000189245, -1.79769313486231571e+308 ], [ 321401.23682, 5485826.892640000209212, -1.79769313486231571e+308 ], [ 321401.515910000016447, 5485831.907739999704063, -1.79769313486231571e+308 ], [ 321398.75298, 5485833.902820000424981, -1.79769313486231571e+308 ], [ 321385.163560000015423, 5485836.068889999762177, -1.79769313486231571e+308 ], [ 321385.038869999989402, 5485836.092849999666214, -1.79769313486231571e+308 ], [ 321384.915960000013001, 5485836.124669999815524, -1.79769313486231571e+308 ], [ 321384.795310000015888, 5485836.164219999685884, -1.79769313486231571e+308 ], [ 321384.67741, 5485836.21136, -1.79769313486231571e+308 ], [ 321384.562740000023041, 5485836.265870000235736, -1.79769313486231571e+308 ], [ 321384.451760000025388, 5485836.327549999579787, -1.79769313486231571e+308 ], [ 321384.34492, 5485836.39616, -1.79769313486231571e+308 ], [ 321384.242640000011306, 5485836.471400000154972, -1.79769313486231571e+308 ], [ 321384.14535, 5485836.552980000153184, -1.79769313486231571e+308 ], [ 321384.053430000029039, 5485836.640569999814034, -1.79769313486231571e+308 ], [ 321383.967249999986961, 5485836.733810000121593, -1.79769313486231571e+308 ], [ 321383.887159999983851, 5485836.832340000197291, -1.79769313486231571e+308 ], [ 321383.813489999971353, 5485836.935739999637008, -1.79769313486231571e+308 ], [ 321383.746519999986049, 5485837.043619999662042, -1.79769313486231571e+308 ], [ 321374.96745, 5485852.24249, -1.79769313486231571e+308 ], [ 321374.912789999973029, 5485852.343740000389516, -1.79769313486231571e+308 ], [ 321374.864049999974668, 5485852.44797, -1.79769313486231571e+308 ], [ 321374.82137000001967, 5485852.554820000194013, -1.79769313486231571e+308 ], [ 321371.56153, 5485861.452589999884367, -1.79769313486231571e+308 ], [ 321371.521499999973457, 5485861.573680000379682, -1.79769313486231571e+308 ], [ 321371.489270000020042, 5485861.697080000303686, -1.79769313486231571e+308 ], [ 321371.4649699999718, 5485861.822270000353456, -1.79769313486231571e+308 ], [ 321371.44869, 5485861.948769999668002, -1.79769313486231571e+308 ], [ 321371.440509999985807, 5485862.076039999723434, -1.79769313486231571e+308 ], [ 321371.157620000012685, 5485870.83420000039041, -1.79769313486231571e+308 ], [ 321369.43448, 5485880.01222, -1.79769313486231571e+308 ], [ 321358.387029999983497, 5485886.943900000303984, -1.79769313486231571e+308 ], [ 321358.27732, 5485887.017900000326335, -1.79769313486231571e+308 ], [ 321358.172750000027008, 5485887.099000000394881, -1.79769313486231571e+308 ], [ 321358.073770000017248, 5485887.18683, -1.79769313486231571e+308 ], [ 321357.98082, 5485887.28101999964565, -1.79769313486231571e+308 ], [ 321350.820660000026692, 5485895.033069999888539, -1.79769313486231571e+308 ], [ 321342.959290000027977, 5485898.808799999766052, -1.79769313486231571e+308 ], [ 321342.83841999998549, 5485898.872019999660552, -1.79769313486231571e+308 ], [ 321342.72213, 5485898.943319999612868, -1.79769313486231571e+308 ], [ 321342.61098, 5485899.022389999590814, -1.79769313486231571e+308 ], [ 321342.505469999974594, 5485899.108850000426173, -1.79769313486231571e+308 ], [ 321337.528530000010505, 5485903.47946, -1.79769313486231571e+308 ], [ 321336.142609999980778, 5485904.61746000032872, -1.79769313486231571e+308 ], [ 321336.047369999985676, 5485904.700849999673665, -1.79769313486231571e+308 ], [ 321335.95759, 5485904.790090000256896, -1.79769313486231571e+308 ], [ 321335.87364, 5485904.884840000420809, -1.79769313486231571e+308 ], [ 321335.79585, 5485904.984710000455379, -1.79769313486231571e+308 ], [ 321335.724540000024717, 5485905.089289999566972, -1.79769313486231571e+308 ], [ 321335.659990000014659, 5485905.198180000297725, -1.79769313486231571e+308 ], [ 321335.60245, 5485905.310940000228584, -1.79769313486231571e+308 ], [ 321335.552160000021104, 5485905.427109999582171, -1.79769313486231571e+308 ], [ 321326.98041000001831, 5485927.083920000120997, -1.79769313486231571e+308 ], [ 321320.941419999988284, 5485933.891990000382066, -1.79769313486231571e+308 ], [ 321308.558130000019446, 5485936.519120000302792, -1.79769313486231571e+308 ], [ 321308.4214, 5485936.553209999576211, -1.79769313486231571e+308 ], [ 321308.287399999971967, 5485936.596830000169575, -1.79769313486231571e+308 ], [ 321296.900069999974221, 5485940.753510000184178, -1.79769313486231571e+308 ], [ 321296.778549999988172, 5485940.802439999766648, -1.79769313486231571e+308 ], [ 321296.6604899999802, 5485940.85922, -1.79769313486231571e+308 ], [ 321296.5464, 5485940.923600000329316, -1.79769313486231571e+308 ], [ 321296.436769999971148, 5485940.995319999754429, -1.79769313486231571e+308 ], [ 321296.33207, 5485941.074059999547899, -1.79769313486231571e+308 ], [ 321296.23275000002468, 5485941.15948, -1.79769313486231571e+308 ], [ 321296.139229999971576, 5485941.25122, -1.79769313486231571e+308 ], [ 321296.05192, 5485941.34889, -1.79769313486231571e+308 ], [ 321291.790310000011232, 5485946.442579999566078, -1.79769313486231571e+308 ], [ 321275.85541000001831, 5485946.02066, -1.79769313486231571e+308 ], [ 321275.734089999983553, 5485946.021130000241101, -1.79769313486231571e+308 ], [ 321275.613019999989774, 5485946.028959999792278, -1.79769313486231571e+308 ], [ 321275.492649999971036, 5485946.044110000133514, -1.79769313486231571e+308 ], [ 321275.373420000018086, 5485946.066530000418425, -1.79769313486231571e+308 ], [ 321275.255769999988843, 5485946.096130000427365, -1.79769313486231571e+308 ], [ 321275.140130000014324, 5485946.13282, -1.79769313486231571e+308 ], [ 321275.02693, 5485946.176450000144541, -1.79769313486231571e+308 ], [ 321274.916580000019167, 5485946.22685999982059, -1.79769313486231571e+308 ], [ 321274.809499999973923, 5485946.28388, -1.79769313486231571e+308 ], [ 321274.70606, 5485946.347280000336468, -1.79769313486231571e+308 ], [ 321274.60666, 5485946.416829999536276, -1.79769313486231571e+308 ], [ 321274.51166000001831, 5485946.492279999889433, -1.79769313486231571e+308 ], [ 321269.716170000028796, 5485950.544219999574125, -1.79769313486231571e+308 ], [ 321269.624469999980647, 5485950.626679999753833, -1.79769313486231571e+308 ], [ 321269.53803, 5485950.71464, -1.79769313486231571e+308 ], [ 321269.45717, 5485950.807760000228882, -1.79769313486231571e+308 ], [ 321269.3822, 5485950.90567999985069, -1.79769313486231571e+308 ], [ 321269.31341, 5485951.008039999753237, -1.79769313486231571e+308 ], [ 321269.251059999980498, 5485951.114439999684691, -1.79769313486231571e+308 ], [ 321269.19539, 5485951.22449, -1.79769313486231571e+308 ], [ 321269.146599999978207, 5485951.33775, -1.79769313486231571e+308 ], [ 321269.104890000016894, 5485951.453809999860823, -1.79769313486231571e+308 ], [ 321269.070409999985714, 5485951.572220000438392, -1.79769313486231571e+308 ], [ 321269.043300000019372, 5485951.692529999651015, -1.79769313486231571e+308 ], [ 321269.023649999988265, 5485951.81427999958396, -1.79769313486231571e+308 ], [ 321269.011539999977686, 5485951.93701000045985, -1.79769313486231571e+308 ], [ 321269.007020000019111, 5485952.06025, -1.79769313486231571e+308 ], [ 321269.010100000014063, 5485952.18353, -1.79769313486231571e+308 ], [ 321269.02078000002075, 5485952.306400000117719, -1.79769313486231571e+308 ], [ 321269.987819999980275, 5485960.497399999760091, -1.79769313486231571e+308 ], [ 321255.63155, 5485962.039939999580383, -1.79769313486231571e+308 ], [ 321231.44331, 5485963.94446, -1.79769313486231571e+308 ], [ 321231.288850000011735, 5485963.962690000422299, -1.79769313486231571e+308 ], [ 321199.203350000025239, 5485969.020840000361204, -1.79769313486231571e+308 ], [ 321199.18659, 5485969.02355, -1.79769313486231571e+308 ], [ 321170.886959999974351, 5485973.73135, -1.79769313486231571e+308 ], [ 321146.373740000010002, 5485977.085439999587834, -1.79769313486231571e+308 ], [ 321124.87588, 5485978.673050000332296, -1.79769313486231571e+308 ], [ 321110.048430000024382, 5485977.835799999535084, -1.79769313486231571e+308 ], [ 321109.922620000026654, 5485977.832659999839962, -1.79769313486231571e+308 ], [ 321109.79686, 5485977.83744, -1.79769313486231571e+308 ], [ 321109.67166, 5485977.850119999609888, -1.79769313486231571e+308 ], [ 321109.54749999998603, 5485977.87065, -1.79769313486231571e+308 ], [ 321109.424869999988005, 5485977.898950000293553, -1.79769313486231571e+308 ], [ 321109.30427000002237, 5485977.934899999760091, -1.79769313486231571e+308 ], [ 321109.18617, 5485977.978369999676943, -1.79769313486231571e+308 ], [ 321109.07103, 5485978.029179999604821, -1.79769313486231571e+308 ], [ 321108.959320000023581, 5485978.087129999883473, -1.79769313486231571e+308 ], [ 321108.851480000012089, 5485978.151990000158548, -1.79769313486231571e+308 ], [ 321108.74792, 5485978.22351, -1.79769313486231571e+308 ], [ 321108.64908, 5485978.301389999687672, -1.79769313486231571e+308 ], [ 321108.555319999984931, 5485978.385339999571443, -1.79769313486231571e+308 ], [ 321108.46703, 5485978.475019999779761, -1.79769313486231571e+308 ], [ 321108.384550000017043, 5485978.570070000365376, -1.79769313486231571e+308 ], [ 321108.30822, 5485978.670130000449717, -1.79769313486231571e+308 ], [ 321108.238330000021961, 5485978.774779999628663, -1.79769313486231571e+308 ], [ 321108.175159999984317, 5485978.88363, -1.79769313486231571e+308 ], [ 321108.11896, 5485978.996229999698699, -1.79769313486231571e+308 ], [ 321108.06996, 5485979.112139999866486, -1.79769313486231571e+308 ], [ 321108.028340000018943, 5485979.230910000391304, -1.79769313486231571e+308 ], [ 321107.994270000024699, 5485979.352060000412166, -1.79769313486231571e+308 ], [ 321107.967890000029001, 5485979.47511, -1.79769313486231571e+308 ], [ 321107.949299999978393, 5485979.599569999612868, -1.79769313486231571e+308 ], [ 321107.93857, 5485979.724960000254214, -1.79769313486231571e+308 ], [ 321107.935760000022128, 5485979.85078, -1.79769313486231571e+308 ], [ 321107.940859999973327, 5485979.97652, -1.79769313486231571e+308 ], [ 321108.57811, 5485988.810340000316501, -1.79769313486231571e+308 ], [ 321105.1731499999878, 5485999.628390000201762, -1.79769313486231571e+308 ], [ 321085.48887, 5486028.185689999721944, -1.79769313486231571e+308 ], [ 321085.48673, 5486028.188810000196099, -1.79769313486231571e+308 ], [ 321065.635599999979604, 5486057.105019999668002, -1.79769313486231571e+308 ], [ 321065.573640000016894, 5486057.201059999875724, -1.79769313486231571e+308 ], [ 321065.51726, 5486057.300470000132918, -1.79769313486231571e+308 ], [ 321065.466650000016671, 5486057.40295, -1.79769313486231571e+308 ], [ 321065.421979999984615, 5486057.508139999583364, -1.79769313486231571e+308 ], [ 321065.383389999973588, 5486057.615720000118017, -1.79769313486231571e+308 ], [ 321062.450460000021849, 5486066.590710000135005, -1.79769313486231571e+308 ], [ 321039.345879999978933, 5486080.77274, -1.79769313486231571e+308 ], [ 321038.00308, 5486081.19556, -1.79769313486231571e+308 ], [ 321037.98913, 5486081.200009999796748, -1.79769313486231571e+308 ], [ 321012.674309999973048, 5486089.375420000404119, -1.79769313486231571e+308 ], [ 321012.636179999972228, 5486089.388159999623895, -1.79769313486231571e+308 ], [ 321000.883740000019316, 5486093.44620000012219, -1.79769313486231571e+308 ], [ 321000.77473, 5486093.487429999746382, -1.79769313486231571e+308 ], [ 321000.668300000019372, 5486093.534950000233948, -1.79769313486231571e+308 ], [ 321000.564810000010766, 5486093.588580000214279, -1.79769313486231571e+308 ], [ 320980.7783, 5486104.587159999646246, -1.79769313486231571e+308 ], [ 320980.66024, 5486104.658219999633729, -1.79769313486231571e+308 ], [ 320980.54735, 5486104.737239999696612, -1.79769313486231571e+308 ], [ 320980.440170000016224, 5486104.823850000277162, -1.79769313486231571e+308 ], [ 320980.33921, 5486104.917620000429451, -1.79769313486231571e+308 ], [ 320980.24494, 5486105.018129999749362, -1.79769313486231571e+308 ], [ 320965.67394, 5486121.6683, -1.79769313486231571e+308 ], [ 320953.1959, 5486130.176060000434518, -1.79769313486231571e+308 ], [ 320953.094410000019707, 5486130.25002000015229, -1.79769313486231571e+308 ], [ 320952.997770000016317, 5486130.330210000276566, -1.79769313486231571e+308 ], [ 320952.90635, 5486130.416310000233352, -1.79769313486231571e+308 ], [ 320952.82051, 5486130.507969999685884, -1.79769313486231571e+308 ], [ 320952.740600000019185, 5486130.604840000160038, -1.79769313486231571e+308 ], [ 320952.66691999998875, 5486130.706539999693632, -1.79769313486231571e+308 ], [ 320952.599769999971613, 5486130.812660000286996, -1.79769313486231571e+308 ], [ 320942.14544, 5486148.54232, -1.79769313486231571e+308 ], [ 320935.45233, 5486155.535939999856055, -1.79769313486231571e+308 ], [ 320926.691999999980908, 5486159.125199999660254, -1.79769313486231571e+308 ], [ 320926.5795, 5486159.175390000455081, -1.79769313486231571e+308 ], [ 320926.47031, 5486159.232420000247657, -1.79769313486231571e+308 ], [ 320926.364829999976791, 5486159.29605, -1.79769313486231571e+308 ], [ 320926.26347, 5486159.36606, -1.79769313486231571e+308 ], [ 320926.1666199999745, 5486159.442180000245571, -1.79769313486231571e+308 ], [ 320926.074629999988247, 5486159.524109999649227, -1.79769313486231571e+308 ], [ 320925.98786, 5486159.611560000106692, -1.79769313486231571e+308 ], [ 320925.90664, 5486159.704180000349879, -1.79769313486231571e+308 ], [ 320925.831279999983963, 5486159.80162, -1.79769313486231571e+308 ], [ 320925.762059999979101, 5486159.903520000167191, -1.79769313486231571e+308 ], [ 320925.699239999987185, 5486160.009479999542236, -1.79769313486231571e+308 ], [ 320925.64307, 5486160.11912, -1.79769313486231571e+308 ], [ 320925.59375, 5486160.231999999843538, -1.79769313486231571e+308 ], [ 320925.55147, 5486160.347699999809265, -1.79769313486231571e+308 ], [ 320925.516400000022259, 5486160.465789999812841, -1.79769313486231571e+308 ], [ 320925.48867, 5486160.58581, -1.79769313486231571e+308 ], [ 320925.468370000016876, 5486160.70732, -1.79769313486231571e+308 ], [ 320925.455599999986589, 5486160.829839999787509, -1.79769313486231571e+308 ], [ 320925.450390000012703, 5486160.95292, -1.79769313486231571e+308 ], [ 320925.452769999974407, 5486161.07608, -1.79769313486231571e+308 ], [ 320925.462730000028387, 5486161.198859999887645, -1.79769313486231571e+308 ], [ 320925.480220000026748, 5486161.32079999987036, -1.79769313486231571e+308 ], [ 320928.87016, 5486180.683229999616742, -1.79769313486231571e+308 ], [ 320928.894459999981336, 5486180.801040000282228, -1.79769313486231571e+308 ], [ 320928.92579, 5486180.917170000262558, -1.79769313486231571e+308 ], [ 320928.96405, 5486181.03120999969542, -1.79769313486231571e+308 ], [ 320929.009100000024773, 5486181.14274, -1.79769313486231571e+308 ], [ 320929.060769999981858, 5486181.251360000111163, -1.79769313486231571e+308 ], [ 320929.11887, 5486181.356680000200868, -1.79769313486231571e+308 ], [ 320929.183209999988321, 5486181.458320000208914, -1.79769313486231571e+308 ], [ 320929.253529999987222, 5486181.5559, -1.79769313486231571e+308 ], [ 320929.3296, 5486181.649079999886453, -1.79769313486231571e+308 ], [ 320935.807429999986198, 5486189.11455, -1.79769313486231571e+308 ], [ 320935.884290000016335, 5486189.198200000450015, -1.79769313486231571e+308 ], [ 320935.96577, 5486189.277359999716282, -1.79769313486231571e+308 ], [ 320936.051619999983814, 5486189.35176, -1.79769313486231571e+308 ], [ 320936.14155, 5486189.421160000376403, -1.79769313486231571e+308 ], [ 320941.26454, 5486193.147660000249743, -1.79769313486231571e+308 ], [ 320941.365660000010394, 5486193.216579999774694, -1.79769313486231571e+308 ], [ 320941.470810000027996, 5486193.279199999757111, -1.79769313486231571e+308 ], [ 320941.579589999979362, 5486193.33526, -1.79769313486231571e+308 ], [ 320947.469700000016019, 5486196.146340000443161, -1.79769313486231571e+308 ], [ 320947.582690000010189, 5486196.196039999835193, -1.79769313486231571e+308 ], [ 320947.69853, 5486196.238680000416934, -1.79769313486231571e+308 ], [ 320947.81678, 5486196.274090000428259, -1.79769313486231571e+308 ], [ 320951.701170000014827, 5486197.307850000448525, -1.79769313486231571e+308 ], [ 320954.698679999972228, 5486198.854709999635816, -1.79769313486231571e+308 ], [ 320965.98459, 5486205.563590000383556, -1.79769313486231571e+308 ], [ 320975.32227, 5486214.444009999744594, -1.79769313486231571e+308 ], [ 320975.417039999971166, 5486214.52857, -1.79769313486231571e+308 ], [ 320975.51697, 5486214.606940000317991, -1.79769313486231571e+308 ], [ 320975.621679999982007, 5486214.678810000419617, -1.79769313486231571e+308 ], [ 320975.730740000028163, 5486214.743889999575913, -1.79769313486231571e+308 ], [ 320975.843709999986459, 5486214.801920000463724, -1.79769313486231571e+308 ], [ 320975.960139999981038, 5486214.852660000324249, -1.79769313486231571e+308 ], [ 320976.079550000024028, 5486214.895899999886751, -1.79769313486231571e+308 ], [ 320976.201470000029076, 5486214.931490000337362, -1.79769313486231571e+308 ], [ 320976.325399999972433, 5486214.95926, -1.79769313486231571e+308 ], [ 320976.45084, 5486214.979109999723732, -1.79769313486231571e+308 ], [ 320976.577289999986533, 5486214.99096, -1.79769313486231571e+308 ], [ 320987.66612, 5486215.675730000250041, -1.79769313486231571e+308 ], [ 320991.57422, 5486219.063889999873936, -1.79769313486231571e+308 ], [ 321001.31286, 5486237.32022999972105, -1.79769313486231571e+308 ], [ 320992.24964, 5486243.87488, -1.79769313486231571e+308 ], [ 320992.184880000015255, 5486243.923740000464022, -1.79769313486231571e+308 ], [ 320985.544140000012703, 5486249.149330000393093, -1.79769313486231571e+308 ], [ 320985.53847000002861, 5486249.15381, -1.79769313486231571e+308 ], [ 320973.53090000001248, 5486258.672960000112653, -1.79769313486231571e+308 ], [ 320973.42949, 5486258.75899999961257, -1.79769313486231571e+308 ], [ 320973.33402, 5486258.85159, -1.79769313486231571e+308 ], [ 320973.24491, 5486258.950330000370741, -1.79769313486231571e+308 ], [ 320969.47803, 5486263.4139, -1.79769313486231571e+308 ], [ 320969.401889999979176, 5486263.509949999861419, -1.79769313486231571e+308 ], [ 320969.331769999989774, 5486263.610489999875426, -1.79769313486231571e+308 ], [ 320969.26794, 5486263.715130000375211, -1.79769313486231571e+308 ], [ 320965.97923, 5486269.49835, -1.79769313486231571e+308 ], [ 320965.916160000022501, 5486269.618579999543726, -1.79769313486231571e+308 ], [ 320962.59158, 5486276.515759999863803, -1.79769313486231571e+308 ], [ 320962.55147, 5486276.604430000297725, -1.79769313486231571e+308 ], [ 320962.515720000024885, 5486276.69493000023067, -1.79769313486231571e+308 ], [ 320960.98575, 5486280.862490000203252, -1.79769313486231571e+308 ], [ 320960.94837, 5486280.974399999715388, -1.79769313486231571e+308 ], [ 320960.917659999977332, 5486281.08832, -1.79769313486231571e+308 ], [ 320960.89372, 5486281.203850000165403, -1.79769313486231571e+308 ], [ 320960.22151, 5486285.009399999864399, -1.79769313486231571e+308 ], [ 320960.20334, 5486285.135719999670982, -1.79769313486231571e+308 ], [ 320960.193250000011176, 5486285.262950000353158, -1.79769313486231571e+308 ], [ 320960.1913, 5486285.390549999661744, -1.79769313486231571e+308 ], [ 320960.19749, 5486285.518020000308752, -1.79769313486231571e+308 ], [ 320960.2118, 5486285.644840000197291, -1.79769313486231571e+308 ], [ 320960.234170000010636, 5486285.770480000413954, -1.79769313486231571e+308 ], [ 320960.26451, 5486285.894449999555945, -1.79769313486231571e+308 ], [ 320960.302689999982249, 5486286.01621999964118, -1.79769313486231571e+308 ], [ 320960.348560000013094, 5486286.135309999808669, -1.79769313486231571e+308 ], [ 320960.40193, 5486286.251240000128746, -1.79769313486231571e+308 ], [ 320960.46258, 5486286.363520000129938, -1.79769313486231571e+308 ], [ 320960.53028, 5486286.471710000187159, -1.79769313486231571e+308 ], [ 320960.604730000020936, 5486286.575360000133514, -1.79769313486231571e+308 ], [ 320960.68565, 5486286.674049999564886, -1.79769313486231571e+308 ], [ 320960.772690000012517, 5486286.76738, -1.79769313486231571e+308 ], [ 320960.865509999974165, 5486286.854969999752939, -1.79769313486231571e+308 ], [ 320960.963730000017677, 5486286.93646000046283, -1.79769313486231571e+308 ], [ 320961.0669399999897, 5486287.011509999632835, -1.79769313486231571e+308 ], [ 320961.174739999987651, 5486287.079839999787509, -1.79769313486231571e+308 ], [ 320961.286659999983385, 5486287.141149999573827, -1.79769313486231571e+308 ], [ 320961.402279999980237, 5486287.195190000347793, -1.79769313486231571e+308 ], [ 320961.521100000012666, 5486287.241759999655187, -1.79769313486231571e+308 ], [ 320961.64265, 5486287.28065, -1.79769313486231571e+308 ], [ 320961.766430000017863, 5486287.31171, -1.79769313486231571e+308 ], [ 320961.891950000019278, 5486287.33481, -1.79769313486231571e+308 ], [ 320967.937069999985397, 5486288.24907, -1.79769313486231571e+308 ], [ 320968.000929999980144, 5486288.257679999805987, -1.79769313486231571e+308 ], [ 320974.621549999981653, 5486289.04177, -1.79769313486231571e+308 ], [ 320974.751509999972768, 5486289.052880000323057, -1.79769313486231571e+308 ], [ 320974.881929999974091, 5486289.05549000017345, -1.79769313486231571e+308 ], [ 320975.01223, 5486289.049599999561906, -1.79769313486231571e+308 ], [ 320975.141880000010133, 5486289.03522, -1.79769313486231571e+308 ], [ 320983.1483, 5486287.882079999893904, -1.79769313486231571e+308 ], [ 320983.20184, 5486287.873619999736547, -1.79769313486231571e+308 ], [ 320990.17695, 5486286.675230000168085, -1.79769313486231571e+308 ], [ 321000.327739999978803, 5486287.32084000017494, -1.79769313486231571e+308 ], [ 321000.45866, 5486287.324869999662042, -1.79769313486231571e+308 ], [ 321000.58956, 5486287.32032, -1.79769313486231571e+308 ], [ 321000.719879999989644, 5486287.307210000231862, -1.79769313486231571e+308 ], [ 321000.849059999978635, 5486287.285609999671578, -1.79769313486231571e+308 ], [ 321000.976559999980964, 5486287.255590000189841, -1.79769313486231571e+308 ], [ 321001.101810000021942, 5486287.21729, -1.79769313486231571e+308 ], [ 321001.224289999983739, 5486287.170869999565184, -1.79769313486231571e+308 ], [ 321012.194390000018757, 5486282.59736, -1.79769313486231571e+308 ], [ 321028.97401, 5486276.435279999859631, -1.79769313486231571e+308 ], [ 321042.474210000014864, 5486273.819059999659657, -1.79769313486231571e+308 ], [ 321051.09586, 5486273.643749999813735, -1.79769313486231571e+308 ], [ 321066.52807, 5486275.105739999562502, -1.79769313486231571e+308 ], [ 321087.903370000014547, 5486280.582349999807775, -1.79769313486231571e+308 ], [ 321088.79945, 5486280.844940000213683, -1.79769313486231571e+308 ], [ 321119.83862, 5486293.404780000448227, -1.79769313486231571e+308 ], [ 321151.87131000001682, 5486313.180680000223219, -1.79769313486231571e+308 ], [ 321182.56844, 5486332.09356, -1.79769313486231571e+308 ], [ 321182.677199999976438, 5486332.155949999578297, -1.79769313486231571e+308 ], [ 321182.78965, 5486332.211400000378489, -1.79769313486231571e+308 ], [ 321182.90535000001546, 5486332.259700000286102, -1.79769313486231571e+308 ], [ 321183.02385, 5486332.300649999640882, -1.79769313486231571e+308 ], [ 321183.14468999998644, 5486332.334099999628961, -1.79769313486231571e+308 ], [ 321183.267379999975674, 5486332.359910000115633, -1.79769313486231571e+308 ], [ 321183.39145, 5486332.377980000339448, -1.79769313486231571e+308 ], [ 321183.516409999981988, 5486332.388240000233054, -1.79769313486231571e+308 ], [ 321183.641760000027716, 5486332.390650000423193, -1.79769313486231571e+308 ], [ 321183.767020000028424, 5486332.385200000368059, -1.79769313486231571e+308 ], [ 321183.891690000018571, 5486332.371919999830425, -1.79769313486231571e+308 ], [ 321184.015290000010282, 5486332.35085, -1.79769313486231571e+308 ], [ 321184.137319999979809, 5486332.322069999761879, -1.79769313486231571e+308 ], [ 321184.257310000015423, 5486332.285710000433028, -1.79769313486231571e+308 ], [ 321184.374789999972563, 5486332.241899999789894, -1.79769313486231571e+308 ], [ 321184.489279999979772, 5486332.190809999592602, -1.79769313486231571e+308 ], [ 321184.600359999982174, 5486332.13265, -1.79769313486231571e+308 ], [ 321184.707570000027772, 5486332.067649999633431, -1.79769313486231571e+308 ], [ 321184.81050000002142, 5486331.996059999801219, -1.79769313486231571e+308 ], [ 321199.67394, 5486320.950190000236034, -1.79769313486231571e+308 ], [ 321241.755850000015926, 5486318.91199, -1.79769313486231571e+308 ], [ 321241.933759999985341, 5486318.895379999652505, -1.79769313486231571e+308 ], [ 321256.44636, 5486316.88327999971807, -1.79769313486231571e+308 ], [ 321267.152049999975134, 5486317.61135, -1.79769313486231571e+308 ], [ 321294.380630000028759, 5486323.03228999953717, -1.79769313486231571e+308 ], [ 321321.751150000025518, 5486328.4649, -1.79769313486231571e+308 ], [ 321351.66271, 5486336.25884999986738, -1.79769313486231571e+308 ], [ 321351.79699, 5486336.28895, -1.79769313486231571e+308 ], [ 321351.93302, 5486336.309740000404418, -1.79769313486231571e+308 ], [ 321352.07016, 5486336.32113, -1.79769313486231571e+308 ], [ 321352.20775, 5486336.323060000315309, -1.79769313486231571e+308 ], [ 321361.188030000019353, 5486336.140060000121593, -1.79769313486231571e+308 ], [ 321361.243780000018887, 5486336.13815, -1.79769313486231571e+308 ], [ 321368.406970000010915, 5486335.792150000110269, -1.79769313486231571e+308 ], [ 321368.410060000023805, 5486335.792000000365078, -1.79769313486231571e+308 ], [ 321374.54835, 5486335.485969999805093, -1.79769313486231571e+308 ], [ 321381.20337, 5486337.689620000310242, -1.79769313486231571e+308 ], [ 321390.247290000028443, 5486340.93492, -1.79769313486231571e+308 ], [ 321392.716170000028796, 5486341.89845999982208, -1.79769313486231571e+308 ], [ 321394.596079999988433, 5486345.21325, -1.79769313486231571e+308 ], [ 321394.662859999982174, 5486345.322680000215769, -1.79769313486231571e+308 ], [ 321394.736519999976736, 5486345.427609999664128, -1.79769313486231571e+308 ], [ 321394.8167399999802, 5486345.527599999681115, -1.79769313486231571e+308 ], [ 321394.903210000018589, 5486345.622240000404418, -1.79769313486231571e+308 ], [ 321394.9955600000103, 5486345.71114999987185, -1.79769313486231571e+308 ], [ 321395.09342, 5486345.793960000388324, -1.79769313486231571e+308 ], [ 321395.19639, 5486345.870330000296235, -1.79769313486231571e+308 ], [ 321395.30403, 5486345.939949999563396, -1.79769313486231571e+308 ], [ 321395.41592, 5486346.002530000172555, -1.79769313486231571e+308 ], [ 321395.53158, 5486346.057819999754429, -1.79769313486231571e+308 ], [ 321402.36965, 5486349.060859999619424, -1.79769313486231571e+308 ], [ 321402.476789999986067, 5486349.104260000400245, -1.79769313486231571e+308 ], [ 321402.586260000010952, 5486349.1414, -1.79769313486231571e+308 ], [ 321402.697679999982938, 5486349.172159999608994, -1.79769313486231571e+308 ], [ 321402.810699999972712, 5486349.19642, -1.79769313486231571e+308 ], [ 321402.924929999979213, 5486349.214119999669492, -1.79769313486231571e+308 ], [ 321411.36611, 5486350.272920000366867, -1.79769313486231571e+308 ], [ 321411.488699999987148, 5486350.28448, -1.79769313486231571e+308 ], [ 321411.611770000017714, 5486350.28847, -1.79769313486231571e+308 ], [ 321411.734860000025947, 5486350.284880000166595, -1.79769313486231571e+308 ], [ 321411.857490000023972, 5486350.27372, -1.79769313486231571e+308 ], [ 321421.73027, 5486349.067959999665618, -1.79769313486231571e+308 ], [ 321429.242640000011306, 5486348.82187999971211, -1.79769313486231571e+308 ], [ 321429.363000000012107, 5486348.814299999736249, -1.79769313486231571e+308 ], [ 321429.482680000015534, 5486348.799479999579489, -1.79769313486231571e+308 ], [ 321429.60125, 5486348.77747, -1.79769313486231571e+308 ], [ 321429.718279999971855, 5486348.748359999619424, -1.79769313486231571e+308 ], [ 321429.833340000011958, 5486348.712240000255406, -1.79769313486231571e+308 ], [ 321429.946019999973942, 5486348.669259999878705, -1.79769313486231571e+308 ], [ 321430.055899999977555, 5486348.619559999555349, -1.79769313486231571e+308 ], [ 321430.162590000021737, 5486348.563339999876916, -1.79769313486231571e+308 ], [ 321439.308100000023842, 5486343.385060000233352, -1.79769313486231571e+308 ], [ 321444.97573, 5486340.45280999969691, -1.79769313486231571e+308 ], [ 321455.958180000016, 5486341.22162, -1.79769313486231571e+308 ], [ 321463.11062, 5486344.558319999836385, -1.79769313486231571e+308 ], [ 321483.64392, 5486364.790199999697506, -1.79769313486231571e+308 ], [ 321479.178989999985788, 5486379.399550000205636, -1.79769313486231571e+308 ], [ 321475.190859999973327, 5486389.356580000370741, -1.79769313486231571e+308 ], [ 321475.149410000012722, 5486389.46985, -1.79769313486231571e+308 ], [ 321475.114859999972396, 5486389.58540999982506, -1.79769313486231571e+308 ], [ 321475.087340000027325, 5486389.70285, -1.79769313486231571e+308 ], [ 321475.06695, 5486389.821739999577403, -1.79769313486231571e+308 ], [ 321475.05377, 5486389.941630000248551, -1.79769313486231571e+308 ], [ 321475.04783, 5486390.06209999974817, -1.79769313486231571e+308 ], [ 321475.049170000012964, 5486390.18272, -1.79769313486231571e+308 ], [ 321475.057779999973718, 5486390.30303, -1.79769313486231571e+308 ], [ 321476.01872, 5486399.730200000107288, -1.79769313486231571e+308 ], [ 321476.03582, 5486399.857350000180304, -1.79769313486231571e+308 ], [ 321476.061029999982566, 5486399.983129999600351, -1.79769313486231571e+308 ], [ 321476.094250000023749, 5486400.107049999758601, -1.79769313486231571e+308 ], [ 321476.13535, 5486400.228570000268519, -1.79769313486231571e+308 ], [ 321476.18416, 5486400.347219999879599, -1.79769313486231571e+308 ], [ 321476.240479999978561, 5486400.462480000220239, -1.79769313486231571e+308 ], [ 321476.30406, 5486400.573909999802709, -1.79769313486231571e+308 ], [ 321476.374659999972209, 5486400.68102, -1.79769313486231571e+308 ], [ 321476.451989999972284, 5486400.783390000462532, -1.79769313486231571e+308 ], [ 321476.535710000025574, 5486400.880590000189841, -1.79769313486231571e+308 ], [ 321476.625500000023749, 5486400.972219999879599, -1.79769313486231571e+308 ], [ 321476.720970000023954, 5486401.05791, -1.79769313486231571e+308 ], [ 321476.82175, 5486401.137299999594688, -1.79769313486231571e+308 ], [ 321476.927399999985937, 5486401.21007, -1.79769313486231571e+308 ], [ 321494.03816, 5486412.202569999732077, -1.79769313486231571e+308 ], [ 321499.144810000027064, 5486420.01597, -1.79769313486231571e+308 ], [ 321499.1998, 5486420.095809999853373, -1.79769313486231571e+308 ], [ 321503.244230000011157, 5486425.67368, -1.79769313486231571e+308 ], [ 321505.842539999983273, 5486430.052640000358224, -1.79769313486231571e+308 ], [ 321506.040610000025481, 5486440.3119, -1.79769313486231571e+308 ], [ 321506.047000000020489, 5486440.437579999677837, -1.79769313486231571e+308 ], [ 321506.06127, 5486440.562599999830127, -1.79769313486231571e+308 ], [ 321506.083389999985229, 5486440.686479999683797, -1.79769313486231571e+308 ], [ 321506.11323999997694, 5486440.808729999698699, -1.79769313486231571e+308 ], [ 321506.15073, 5486440.928849999792874, -1.79769313486231571e+308 ], [ 321506.195690000022296, 5486441.046380000188947, -1.79769313486231571e+308 ], [ 321506.24796, 5486441.160849999636412, -1.79769313486231571e+308 ], [ 321506.307329999981448, 5486441.271800000220537, -1.79769313486231571e+308 ], [ 321506.37355000001844, 5486441.3788, -1.79769313486231571e+308 ], [ 321506.44637000001967, 5486441.481429999694228, -1.79769313486231571e+308 ], [ 321506.525499999988824, 5486441.5792699996382, -1.79769313486231571e+308 ], [ 321506.610630000010133, 5486441.671950000338256, -1.79769313486231571e+308 ], [ 321506.70142, 5486441.759080000221729, -1.79769313486231571e+308 ], [ 321506.79751, 5486441.840339999645948, -1.79769313486231571e+308 ], [ 321506.898510000028182, 5486441.915389999747276, -1.79769313486231571e+308 ], [ 321507.004040000028908, 5486441.983939999714494, -1.79769313486231571e+308 ], [ 321507.11367, 5486442.04571000020951, -1.79769313486231571e+308 ], [ 321507.22696, 5486442.100479999557137, -1.79769313486231571e+308 ], [ 321509.996089999971446, 5486443.333010000176728, -1.79769313486231571e+308 ], [ 321514.71755, 5486445.5938, -1.79769313486231571e+308 ], [ 321518.188580000016373, 5486447.44398, -1.79769313486231571e+308 ], [ 321520.49783, 5486448.781600000336766, -1.79769313486231571e+308 ], [ 321523.728530000022147, 5486450.774760000407696, -1.79769313486231571e+308 ], [ 321523.854969999985769, 5486450.84655, -1.79769313486231571e+308 ], [ 321525.97462, 5486451.950240000151098, -1.79769313486231571e+308 ], [ 321528.66093000001274, 5486453.724940000101924, -1.79769313486231571e+308 ], [ 321530.8127, 5486455.621179999783635, -1.79769313486231571e+308 ], [ 321533.270719999971334, 5486458.146060000173748, -1.79769313486231571e+308 ], [ 321533.55786, 5486458.556909999810159, -1.79769313486231571e+308 ], [ 321533.6078, 5486458.625249999575317, -1.79769313486231571e+308 ], [ 321535.280489999975543, 5486460.815120000392199, -1.79769313486231571e+308 ], [ 321536.91267, 5486463.542879999615252, -1.79769313486231571e+308 ], [ 321538.161750000028405, 5486466.518699999898672, -1.79769313486231571e+308 ], [ 321539.070209999976214, 5486469.311769999563694, -1.79769313486231571e+308 ], [ 321539.793049999978393, 5486472.728260000236332, -1.79769313486231571e+308 ], [ 321540.015520000015385, 5486475.531000000424683, -1.79769313486231571e+308 ], [ 321539.77691999997478, 5486477.988319999538362, -1.79769313486231571e+308 ], [ 321539.21174, 5486480.155840000137687, -1.79769313486231571e+308 ], [ 321537.90473, 5486483.180119999684393, -1.79769313486231571e+308 ], [ 321536.317700000014156, 5486485.913730000145733, -1.79769313486231571e+308 ], [ 321536.259710000013001, 5486486.021019999869168, -1.79769313486231571e+308 ], [ 321536.20837, 5486486.131640000268817, -1.79769313486231571e+308 ], [ 321536.163869999989402, 5486486.245179999619722, -1.79769313486231571e+308 ], [ 321536.162850000022445, 5486486.248329999856651, -1.79769313486231571e+308 ], [ 321534.969730000011623, 5486487.915930000133812, -1.79769313486231571e+308 ], [ 321534.899879999982659, 5486488.020349999889731, -1.79769313486231571e+308 ], [ 321534.83672000002116, 5486488.128949999809265, -1.79769313486231571e+308 ], [ 321534.7805, 5486488.24129999987781, -1.79769313486231571e+308 ], [ 321534.73144, 5486488.35695, -1.79769313486231571e+308 ], [ 321534.68974, 5486488.47546000033617, -1.79769313486231571e+308 ], [ 321534.65557, 5486488.596350000239909, -1.79769313486231571e+308 ], [ 321534.629049999988638, 5486488.71915000025183, -1.79769313486231571e+308 ], [ 321534.6103, 5486488.843380000442266, -1.79769313486231571e+308 ], [ 321534.599380000028759, 5486488.968530000187457, -1.79769313486231571e+308 ], [ 321534.596339999989141, 5486489.094119999557734, -1.79769313486231571e+308 ], [ 321534.601190000015777, 5486489.21966, -1.79769313486231571e+308 ], [ 321534.613919999974314, 5486489.34463999979198, -1.79769313486231571e+308 ], [ 321534.634459999972023, 5486489.46858000010252, -1.79769313486231571e+308 ], [ 321534.662750000017695, 5486489.590979999862611, -1.79769313486231571e+308 ], [ 321534.698670000012498, 5486489.711369999684393, -1.79769313486231571e+308 ], [ 321534.742069999978412, 5486489.82926, -1.79769313486231571e+308 ], [ 321534.792789999977686, 5486489.944199999794364, -1.79769313486231571e+308 ], [ 321534.850619999982882, 5486490.055730000138283, -1.79769313486231571e+308 ], [ 321534.915350000024773, 5486490.1634, -1.79769313486231571e+308 ], [ 321534.9867, 5486490.266800000332296, -1.79769313486231571e+308 ], [ 321535.06441, 5486490.36551, -1.79769313486231571e+308 ], [ 321535.148159999982454, 5486490.459149999544024, -1.79769313486231571e+308 ], [ 321535.237629999988712, 5486490.547349999658763, -1.79769313486231571e+308 ], [ 321535.332449999987148, 5486490.62976, -1.79769313486231571e+308 ], [ 321535.43227, 5486490.706050000153482, -1.79769313486231571e+308 ], [ 321535.53667, 5486490.77592, -1.79769313486231571e+308 ], [ 321535.645260000019334, 5486490.839100000448525, -1.79769313486231571e+308 ], [ 321535.757600000011735, 5486490.895340000279248, -1.79769313486231571e+308 ], [ 321535.87325, 5486490.94441, -1.79769313486231571e+308 ], [ 321535.991749999986496, 5486490.98613, -1.79769313486231571e+308 ], [ 321568.39317, 5486500.315240000374615, -1.79769313486231571e+308 ] ] ] } }
]
}
