{
"type": "FeatureCollection",
"name": "vulkaneifelpfade",
"crs": { "type": "name", "properties": { "name": "urn:ogc:def:crs:EPSG::25832" } },
"features": [
{ "type": "Feature", "properties": { "name": "Hochkelberg Panorama-Pfad", "km": 39.445, "darstell": "F1" }, "geometry": { "type": "MultiLineString", "coordinates": [ [ [ 340176.168851260561496, 5575739.178013548254967, 407.3 ], [ 340183.583926994120702, 5575746.40984190441668, 406.8 ], [ 340186.732368038152345, 5575749.208053039386868, 406.7 ], [ 340189.736629476305097, 5575777.937935696914792, 404.3 ], [ 340191.110423687088769, 5575785.685822998173535, 403.7 ], [ 340193.691114117507823, 5575793.286032197996974, 403.3 ], [ 340200.398561323818285, 5575807.772166585549712, 402.6 ], [ 340213.174198579159565, 5575832.09014149568975, 401.3 ], [ 340218.10335040895734, 5575841.956331603229046, 400.7 ], [ 340221.3657119597774, 5575848.534509720280766, 400.3 ], [ 340228.990221563959494, 5575867.444059719331563, 399.8 ], [ 340232.272671285783872, 5575874.689293789677322, 400.3 ], [ 340236.438777270028368, 5575885.246164083480835, 401.7 ], [ 340238.135702911415137, 5575889.534759351983666, 402.3 ], [ 340272.640881375817116, 5575873.583407882601023, 402.2 ], [ 340307.146259615430608, 5575857.632285668514669, 402.4 ], [ 340341.723028266220354, 5575841.679247427731752, 402.7 ], [ 340383.050585504039191, 5575822.741167650558054, 402.9 ], [ 340411.28000304417219, 5575811.319589307531714, 402.5 ], [ 340418.481213982449844, 5575809.099722256883979, 402.8 ], [ 340442.630138630222064, 5575804.143942430615425, 405.0 ], [ 340466.762365554226562, 5575798.632398723624647, 405.2 ], [ 340487.008340238360688, 5575796.576239593327045, 404.7 ], [ 340524.946559930918738, 5575795.211637186817825, 402.5 ], [ 340543.459620840032585, 5575794.765714549459517, 400.3 ], [ 340563.000403850339353, 5575792.953622195869684, 399.4 ], [ 340586.956506189075299, 5575795.793606800027192, 398.8 ], [ 340598.859794832300395, 5575810.123861390165985, 399.7 ], [ 340616.737317368155345, 5575821.715078665874898, 401.9 ], [ 340616.850558129081037, 5575818.373403728939593, 401.4 ], [ 340617.349386153975502, 5575808.899970926344395, 399.9 ], [ 340617.602625476953108, 5575803.106021279469132, 399.0 ], [ 340657.374057989567518, 5575803.467627461068332, 398.9 ], [ 340683.975126471312251, 5575804.225540050305426, 398.7 ], [ 340710.579523001564667, 5575805.09476101025939, 398.2 ], [ 340726.96014331211336, 5575804.824863803572953, 398.0 ], [ 340744.129532257677056, 5575807.090644242241979, 397.6 ], [ 340761.180933914904017, 5575807.802169163711369, 397.1 ], [ 340781.113376036111731, 5575809.53992369864136, 396.5 ], [ 340819.489881482440978, 5575813.28292266651988, 395.7 ], [ 340832.812596786941867, 5575813.216498823836446, 395.6 ], [ 340873.14336690295022, 5575813.229087698273361, 395.3 ], [ 340897.908948654774576, 5575816.936353443190455, 395.1 ], [ 340916.565437464334536, 5575821.27226039301604, 395.3 ], [ 340923.666729238932021, 5575822.83944855351001, 395.5 ], [ 340936.217463468783535, 5575827.91512406244874, 395.4 ], [ 340964.703745176433586, 5575841.637041553854942, 395.4 ], [ 340972.221010332577862, 5575845.194760796613991, 395.4 ], [ 340995.694880230817944, 5575855.729031716473401, 395.5 ], [ 341007.386714219814166, 5575863.056149192154408, 395.0 ], [ 341019.801558240666054, 5575868.35864216927439, 395.2 ], [ 341034.483309370581992, 5575875.596099602989852, 395.9 ], [ 341053.633195474802051, 5575889.264782561920583, 395.1 ], [ 341066.162474060722161, 5575896.010522677563131, 394.6 ], [ 341082.345733212016057, 5575903.425613677129149, 394.0 ], [ 341113.215960196801461, 5575920.637587249279022, 392.9 ], [ 341135.526834516320378, 5575930.428399341180921, 392.8 ], [ 341154.568640630110167, 5575935.755035419948399, 393.0 ], [ 341173.043026816449128, 5575943.546799348667264, 393.1 ], [ 341200.343273598584346, 5575960.532453515566885, 392.7 ], [ 341216.826332619530149, 5575970.832100152038038, 392.4 ], [ 341227.646674751536921, 5575977.629420271143317, 392.2 ], [ 341248.536645544809289, 5575987.574543281458318, 392.1 ], [ 341261.292320580687374, 5575994.759036948904395, 391.9 ], [ 341270.463993287179619, 5576003.608786876313388, 391.6 ], [ 341282.8724057743093, 5576013.474332154728472, 391.3 ], [ 341291.159781277994625, 5576021.349132534116507, 391.1 ], [ 341298.904272201471031, 5576030.130406574346125, 390.8 ], [ 341305.004760216164868, 5576038.738385915756226, 390.6 ], [ 341323.613360576913692, 5576060.547264805994928, 390.3 ], [ 341328.489469211257529, 5576063.962018916383386, 390.3 ], [ 341363.40867532172706, 5576068.92513666767627, 390.2 ], [ 341406.108650408685207, 5576083.892836473882198, 390.2 ], [ 341452.34179171838332, 5576102.649746410548687, 389.9 ], [ 341469.616257454676088, 5576108.475458348169923, 390.1 ], [ 341483.944088297663257, 5576115.835963243618608, 390.3 ], [ 341511.455977436620742, 5576132.816795407794416, 390.6 ], [ 341542.52564179210458, 5576152.02811371255666, 391.3 ], [ 341550.014096999308094, 5576157.034044300206006, 391.5 ], [ 341557.105952321784571, 5576167.838130137883127, 390.8 ], [ 341563.166567802778445, 5576179.89708705432713, 390.1 ], [ 341564.22301673295442, 5576181.86843613255769, 390.0 ], [ 341578.241527352831326, 5576207.487477260641754, 389.2 ], [ 341592.90859818336321, 5576230.972937881015241, 388.7 ], [ 341604.358367172186263, 5576249.324721199460328, 388.3 ], [ 341607.646730330539867, 5576254.456308817490935, 388.2 ], [ 341610.5558959369082, 5576258.820313232950866, 388.1 ], [ 341623.485742404009216, 5576279.01954878307879, 387.7 ], [ 341629.93331840634346, 5576289.731705904938281, 387.6 ], [ 341637.499874515924603, 5576299.742770783603191, 387.4 ], [ 341645.735575178172439, 5576313.072081320919096, 387.4 ], [ 341653.616185190039687, 5576319.290441413410008, 387.3 ], [ 341663.204666346660815, 5576320.672956232912838, 387.4 ], [ 341671.114122078579385, 5576318.322334348224103, 387.5 ], [ 341676.338024344178848, 5576311.934827296063304, 387.8 ], [ 341677.807207423495129, 5576303.879147452302277, 388.0 ], [ 341675.010076255886815, 5576293.725482697598636, 387.8 ], [ 341657.96209125459427, 5576262.076664093881845, 387.5 ], [ 341639.265295285615139, 5576232.480123001150787, 388.5 ], [ 341635.413579217216466, 5576222.803098308853805, 388.9 ], [ 341632.320232508762274, 5576214.661249500699341, 389.3 ], [ 341642.611322196084075, 5576220.473716991022229, 388.9 ], [ 341665.967731143697165, 5576229.567750172689557, 388.2 ], [ 341670.013903694809414, 5576231.449761398136616, 388.3 ], [ 341679.47536719875643, 5576235.729248313233256, 388.4 ], [ 341694.229658499942161, 5576243.077545553445816, 390.1 ], [ 341704.994238938437775, 5576250.433822495862842, 391.5 ], [ 341715.456015114439651, 5576259.57956004422158, 393.1 ], [ 341721.696046169963665, 5576265.735765410587192, 394.1 ], [ 341723.062806505477056, 5576259.018457462079823, 395.3 ], [ 341723.097452877671458, 5576257.793402447365224, 395.5 ], [ 341723.062806505477056, 5576259.018457462079823, 395.3 ], [ 341721.696046169963665, 5576265.735765410587192, 394.1 ], [ 341727.822616211837158, 5576280.018408114090562, 394.4 ], [ 341738.224962617154233, 5576291.947824803180993, 395.6 ], [ 341749.113151606055908, 5576312.987256366759539, 396.3 ], [ 341756.424598984187469, 5576324.007569812238216, 397.2 ], [ 341762.318554765661247, 5576330.507978990674019, 398.0 ], [ 341771.693850567680784, 5576336.681858827359974, 399.2 ], [ 341787.920797722414136, 5576340.870724813081324, 400.9 ], [ 341818.358234860759694, 5576348.529892907477915, 402.2 ], [ 341829.473179208463989, 5576353.316630128771067, 402.8 ], [ 341844.073124680202454, 5576362.67286685667932, 403.2 ], [ 341864.50373666343512, 5576376.417331212200224, 405.0 ], [ 341867.559798985836096, 5576378.551590202376246, 405.3 ], [ 341893.3392716787057, 5576397.255111458711326, 406.4 ], [ 341919.193061916274019, 5576416.067806011065841, 408.4 ], [ 341940.732610130216926, 5576433.562779471278191, 410.6 ], [ 341962.272016615024768, 5576451.057838006876409, 412.5 ], [ 342000.373645778454375, 5576472.064818147569895, 414.4 ], [ 342011.383817015623208, 5576475.742298563010991, 414.8 ], [ 342025.062401635805145, 5576478.116203937679529, 415.6 ], [ 342063.16462763666641, 5576482.432462561875582, 418.3 ], [ 342068.491725984145887, 5576484.276570171117783, 418.5 ], [ 342088.920822865504306, 5576483.667522819712758, 419.0 ], [ 342117.474432560265996, 5576478.36542712431401, 420.9 ], [ 342146.028091976651922, 5576473.063486483879387, 422.9 ], [ 342179.042996689619031, 5576462.065078967250884, 425.1 ], [ 342201.241734004754107, 5576456.285138044506311, 426.3 ], [ 342232.576645236695185, 5576453.460125449113548, 428.3 ], [ 342255.15619847131893, 5576460.465584365651011, 428.9 ], [ 342260.378953993786126, 5576461.200249429792166, 429.4 ], [ 342269.091247224831022, 5576469.063821862451732, 429.7 ], [ 342276.480857782065868, 5576477.968256552703679, 429.8 ], [ 342282.201812147453893, 5576488.257671248167753, 429.5 ], [ 342299.847864761482924, 5576525.788000398315489, 429.2 ], [ 342315.151303362217732, 5576568.395443537272513, 428.8 ], [ 342321.042455477989279, 5576591.587607110850513, 429.3 ], [ 342321.990908537292853, 5576597.12307217810303, 429.4 ], [ 342324.046716805023607, 5576608.745642410591245, 429.6 ], [ 342324.746795856626704, 5576620.297295898199081, 429.9 ], [ 342325.471667791367508, 5576635.07515684235841, 430.3 ], [ 342324.044563936186023, 5576654.145488973706961, 430.8 ], [ 342321.880794252385385, 5576679.580369487404823, 431.6 ], [ 342320.834332412807271, 5576711.435883440077305, 432.9 ], [ 342318.99178241181653, 5576733.300439124926925, 434.0 ], [ 342319.511361296987161, 5576755.539772308431566, 435.0 ], [ 342320.828887765412219, 5576766.294128500856459, 435.6 ], [ 342323.90599086752627, 5576776.328459355980158, 436.0 ], [ 342328.464570849959273, 5576785.873594058677554, 436.2 ], [ 342335.966198287380394, 5576798.558071010746062, 436.5 ], [ 342355.160614848369732, 5576816.346948851831257, 436.8 ], [ 342365.540758735616691, 5576822.825719531625509, 436.6 ], [ 342376.53830815514084, 5576828.507217680104077, 436.5 ], [ 342373.734082893177401, 5576839.606794246472418, 436.8 ], [ 342368.445007301401347, 5576870.14199747890234, 437.7 ], [ 342366.232970778131858, 5576910.711562611162663, 437.3 ], [ 342366.775625243899412, 5576928.944346340373158, 436.7 ], [ 342368.842740208026953, 5576948.133224695920944, 436.4 ], [ 342375.306448901072145, 5576947.495757239870727, 436.7 ], [ 342392.721125872281846, 5576950.983367647975683, 436.9 ], [ 342431.057826134143397, 5576958.522052807733417, 436.6 ], [ 342469.397711188648827, 5576966.17218875233084, 435.2 ], [ 342507.80534154176712, 5576973.70930793415755, 434.8 ], [ 342546.144980159006082, 5576981.359994919039309, 434.4 ], [ 342546.335595854034182, 5576975.790637351572514, 434.5 ], [ 342549.575279174314346, 5576967.34878958016634, 434.6 ], [ 342557.24659960437566, 5576947.425276223570108, 434.9 ], [ 342568.154426373075694, 5576918.948765500448644, 434.9 ], [ 342584.950965533033013, 5576875.275305681861937, 435.0 ], [ 342601.74780725792516, 5576831.601907365955412, 435.0 ], [ 342616.889247528859414, 5576794.542916400358081, 435.3 ], [ 342632.027614682679996, 5576757.372799361124635, 436.5 ], [ 342647.166212558222469, 5576720.20273179281503, 437.5 ], [ 342662.305041153798811, 5576683.032713692635298, 437.0 ], [ 342701.581693199579604, 5576690.990600798279047, 435.4 ], [ 342740.854913062998094, 5576698.837601178325713, 433.9 ], [ 342780.060124789713882, 5576706.798178680241108, 431.4 ], [ 342819.333084413607139, 5576714.645756158977747, 429.0 ], [ 342847.497959562577307, 5576715.479135549627244, 428.1 ], [ 342872.662062162067741, 5576713.619845934212208, 427.1 ], [ 342883.319007942103781, 5576712.636076987721026, 426.3 ], [ 342904.204030942986719, 5576684.198258859105408, 426.0 ], [ 342925.089285797555931, 5576655.760528704151511, 426.4 ], [ 342933.448097340122331, 5576646.944610382430255, 426.2 ], [ 342940.915916988276877, 5576641.715872534550726, 425.8 ], [ 342971.794434015639126, 5576628.337758034467697, 425.2 ], [ 343002.669805176090449, 5576614.848651279695332, 424.7 ], [ 343023.488538558245637, 5576605.774866724386811, 424.0 ], [ 343067.111606389167719, 5576616.165935883298516, 422.8 ], [ 343110.663307781447656, 5576626.559469138272107, 421.8 ], [ 343154.282709483406506, 5576636.840073709376156, 419.0 ], [ 343158.487620689207688, 5576634.490100782364607, 418.4 ], [ 343161.297335521259811, 5576630.734892456792295, 418.1 ], [ 343167.746223593130708, 5576612.740251352079213, 417.9 ], [ 343168.246533299330622, 5576610.388703131116927, 417.9 ], [ 343171.237709151173476, 5576600.730655041523278, 417.5 ], [ 343172.671996787539683, 5576596.237266076728702, 417.4 ], [ 343181.197154536028393, 5576556.928018812090158, 415.7 ], [ 343183.914817859767936, 5576530.809666470624506, 414.6 ], [ 343181.004661390208639, 5576521.548884524963796, 414.9 ], [ 343177.499948425916955, 5576513.86352884862572, 415.2 ], [ 343168.190894640982151, 5576500.230004465207458, 415.7 ], [ 343168.566138488589786, 5576493.653783713467419, 415.2 ], [ 343170.620108353497926, 5576486.026403741911054, 414.5 ], [ 343175.62749367475044, 5576477.087582648731768, 414.2 ], [ 343181.781609335448593, 5576470.785371925681829, 414.7 ], [ 343205.815811322594527, 5576471.631729269400239, 414.2 ], [ 343216.134688915393781, 5576466.43028886988759, 414.7 ], [ 343222.04328920179978, 5576454.237925679422915, 414.6 ], [ 343224.658918588946108, 5576417.440424480475485, 412.6 ], [ 343223.651520596817136, 5576395.438187662512064, 412.6 ], [ 343215.51444024569355, 5576363.632396128028631, 415.3 ], [ 343214.416417620726861, 5576348.197949194349349, 416.0 ], [ 343219.038169729989022, 5576331.036394664086401, 415.2 ], [ 343225.51428119384218, 5576294.681016504764557, 416.8 ], [ 343227.601333011640236, 5576288.165419837459922, 417.0 ], [ 343230.680477892048657, 5576279.061186804436147, 417.4 ], [ 343239.091571291792206, 5576262.343884649686515, 417.7 ], [ 343244.962200654787011, 5576251.265418441966176, 418.1 ], [ 343264.794379666331224, 5576225.642207206226885, 418.6 ], [ 343269.716923625033814, 5576221.045652626082301, 418.6 ], [ 343280.096509886905551, 5576213.060748006217182, 418.3 ], [ 343292.136401775409468, 5576205.805661519058049, 417.8 ], [ 343312.008809670922346, 5576195.982203578576446, 416.6 ], [ 343332.933621580828913, 5576180.786604984663427, 415.7 ], [ 343370.637468440574594, 5576161.979342786595225, 414.8 ], [ 343378.870853241183795, 5576158.509011185728014, 414.8 ], [ 343408.077659422415309, 5576146.295792478136718, 415.1 ], [ 343432.308168387156911, 5576141.685080622322857, 415.5 ], [ 343445.653856865828857, 5576137.618678729049861, 416.4 ], [ 343462.735193985281512, 5576129.769929663278162, 417.5 ], [ 343465.841093883209396, 5576128.787975307554007, 417.6 ], [ 343509.491197426745202, 5576127.943488710559905, 416.4 ], [ 343526.772956308908761, 5576126.876661293208599, 415.3 ], [ 343539.660892053507268, 5576126.607290023006499, 414.8 ], [ 343551.014524911995977, 5576125.0479891365394, 414.5 ], [ 343561.040854377148207, 5576121.970091368071735, 414.5 ], [ 343569.661100500321481, 5576114.705374100245535, 414.8 ], [ 343583.227463672694284, 5576096.389924269169569, 415.6 ], [ 343587.620499395590741, 5576085.911874290555716, 415.8 ], [ 343593.058805686538108, 5576060.158632074482739, 415.7 ], [ 343593.567393000354059, 5576046.012005692347884, 415.4 ], [ 343598.64577474782709, 5576010.477418879978359, 415.2 ], [ 343606.33599539170973, 5575983.767541527748108, 415.3 ], [ 343614.774283792299684, 5575958.259596399962902, 415.5 ], [ 343621.140627936285455, 5575930.142286556772888, 416.5 ], [ 343626.31980900245253, 5575902.83893565274775, 417.8 ], [ 343631.570243546331767, 5575875.533490840345621, 419.2 ], [ 343634.453202889068052, 5575866.991697755642235, 419.6 ], [ 343638.276053225970827, 5575854.082542853429914, 420.2 ], [ 343642.380096809472889, 5575848.286529449746013, 420.3 ], [ 343657.875818333006464, 5575813.223525258712471, 422.3 ], [ 343660.829716575797647, 5575811.912364668212831, 422.3 ], [ 343665.039775065495633, 5575812.121953759342432, 422.0 ], [ 343676.146408311207779, 5575814.242233975790441, 421.2 ], [ 343711.120671193231829, 5575789.731966967694461, 422.8 ], [ 343722.405247755115852, 5575783.390398277901113, 423.4 ], [ 343734.641559833893552, 5575777.910963415168226, 424.0 ], [ 343739.68297392653767, 5575777.317187018692493, 424.0 ], [ 343743.462631365109701, 5575777.428260874003172, 423.9 ], [ 343766.098884123028256, 5575779.09744041506201, 423.5 ], [ 343807.56401234655641, 5575786.220311054959893, 421.5 ], [ 343813.780520607368089, 5575786.815958199091256, 421.2 ], [ 343828.974476002855226, 5575789.817520161159337, 420.3 ], [ 343866.610633081756532, 5575795.162080616690218, 421.0 ], [ 343891.875109060900286, 5575798.979784114286304, 422.5 ], [ 343917.214008277398534, 5575802.906685762107372, 423.4 ], [ 343932.400438835378736, 5575803.238229293376207, 423.9 ], [ 343938.289573983522132, 5575802.397126304917037, 424.2 ], [ 343945.300530238309875, 5575798.51864055544138, 424.8 ], [ 343970.744747798540629, 5575779.409372272901237, 425.8 ], [ 343978.198435365688056, 5575773.626269568689167, 425.8 ], [ 344000.436854065279476, 5575756.948272773064673, 426.1 ], [ 344013.161183414398693, 5575748.6733278920874, 426.6 ], [ 344019.829400700400583, 5575745.25012578908354, 426.7 ], [ 344023.621344274666626, 5575743.358141900971532, 426.8 ], [ 344054.234328391845338, 5575735.22434276714921, 426.2 ], [ 344084.850670078070834, 5575727.201898099854589, 425.4 ], [ 344099.01288267300697, 5575721.77792751789093, 425.2 ], [ 344114.821565791382454, 5575714.191388160921633, 425.2 ], [ 344122.308205106877722, 5575709.52025044709444, 425.5 ], [ 344114.917386372631881, 5575710.182779913768172, 426.1 ], [ 344113.351176385651343, 5575710.228859969414771, 426.2 ], [ 344098.617835710872896, 5575710.773629785515368, 427.3 ], [ 344095.050946926348843, 5575708.208057694137096, 428.0 ], [ 344092.819092134886887, 5575680.789561617188156, 432.9 ], [ 344090.583954120520502, 5575653.259891392663121, 438.8 ], [ 344089.76377949968446, 5575618.122095577418804, 444.5 ], [ 344088.940341156325303, 5575582.87312572542578, 448.6 ], [ 344088.191375337075442, 5575547.733238309621811, 452.2 ], [ 344087.410479607060552, 5575513.929555177688599, 456.0 ], [ 344086.63286230515223, 5575480.237049194984138, 459.2 ], [ 344085.855252115637995, 5575446.544544703327119, 462.0 ], [ 344084.402817986381706, 5575397.182561785914004, 466.5 ], [ 344083.574425496743061, 5575366.60716831497848, 470.8 ], [ 344082.820505056064576, 5575336.140856839716434, 473.5 ], [ 344088.231478416826576, 5575294.811057924292982, 475.0 ], [ 344093.642561285989359, 5575253.48126860242337, 476.5 ], [ 344099.053753662505187, 5575212.151488871313632, 478.4 ], [ 344099.864095801895019, 5575205.78515459317714, 478.8 ], [ 344104.673119099636097, 5575163.360386037267745, 481.6 ], [ 344109.160186161287129, 5575136.634424527175725, 482.7 ], [ 344113.647308881336357, 5575109.908468716777861, 484.6 ], [ 344123.291933273954783, 5575110.737490669824183, 484.4 ], [ 344160.222998756798916, 5575113.768382889218628, 483.6 ], [ 344206.86653175461106, 5575117.515436148270965, 483.7 ], [ 344228.787503533123527, 5575121.433180549181998, 484.1 ], [ 344235.836920557834674, 5575123.673949891701341, 484.1 ], [ 344238.35880798927974, 5575114.92063457891345, 485.3 ], [ 344252.900341708678752, 5575105.368968965485692, 487.3 ], [ 344282.901366879348643, 5575093.248904366977513, 490.5 ], [ 344312.899256641219836, 5575081.017836867831647, 494.2 ], [ 344351.229024847852997, 5575061.309576594270766, 499.8 ], [ 344389.559069595416076, 5575041.60159970074892, 505.1 ], [ 344427.814926709572319, 5575021.784820683300495, 509.3 ], [ 344466.145525103085674, 5575002.077410023659468, 512.4 ], [ 344503.126842341211159, 5574982.52115155570209, 514.9 ], [ 344540.111686086747795, 5574963.076332708820701, 511.7 ], [ 344577.093533083796501, 5574943.520602164790034, 508.7 ], [ 344614.075645355682354, 5574923.965135584585369, 506.7 ], [ 344611.95486768707633, 5574919.687738102860749, 507.3 ], [ 344602.335236858518329, 5574900.27478366997093, 510.1 ], [ 344590.662673059152439, 5574876.471192857250571, 513.5 ], [ 344581.547313366900198, 5574854.818057717755437, 516.2 ], [ 344574.203756336704828, 5574840.123064253479242, 518.0 ], [ 344567.851540274918079, 5574830.072399011813104, 519.2 ], [ 344558.955550081678666, 5574820.763974103145301, 520.5 ], [ 344544.942135020741262, 5574809.491508476436138, 522.1 ], [ 344530.750923819141462, 5574799.448276965878904, 523.3 ], [ 344519.106681726116221, 5574788.774004943668842, 524.1 ], [ 344506.49163424980361, 5574779.018408952280879, 524.6 ], [ 344499.250009666429833, 5574772.665864853188396, 524.8 ], [ 344491.960559024126269, 5574769.541601871140301, 525.0 ], [ 344498.871073773130774, 5574757.321539523079991, 524.4 ], [ 344499.68311834539054, 5574755.851187064312398, 524.4 ], [ 344518.008608102682047, 5574727.050643129274249, 522.9 ], [ 344537.900812471983954, 5574698.204218730330467, 521.1 ], [ 344557.793241629144177, 5574669.357874454930425, 519.5 ], [ 344577.68589557276573, 5574640.511610305868089, 518.2 ], [ 344581.258186339749955, 5574635.956009260378778, 518.1 ], [ 344588.697389577573631, 5574627.169990198686719, 517.7 ], [ 344608.13004948804155, 5574594.776668334379792, 516.5 ], [ 344627.562958544294816, 5574562.383423904888332, 515.4 ], [ 344646.992858207784593, 5574529.879081290215254, 514.5 ], [ 344666.426265991525725, 5574497.485991730354726, 513.8 ], [ 344670.321256580995396, 5574486.912364203482866, 513.6 ], [ 344670.538137530442327, 5574487.017279604449868, 513.6 ], [ 344672.797701887902804, 5574488.731401087716222, 513.6 ], [ 344708.364588593249209, 5574515.618284076452255, 513.2 ], [ 344743.856650790316053, 5574542.396309549920261, 512.8 ], [ 344767.299722748575732, 5574559.290494018234313, 512.6 ], [ 344790.66818271111697, 5574576.075689034536481, 512.5 ], [ 344813.5441547674709, 5574590.649980295449495, 512.3 ], [ 344836.419999566627666, 5574605.224368029274046, 511.7 ], [ 344861.480318391870242, 5574618.956011602655053, 510.7 ], [ 344886.54375821450958, 5574632.798946968279779, 509.3 ], [ 344913.558526768290903, 5574645.138375699520111, 507.5 ], [ 344937.235923064232338, 5574655.461427756585181, 505.9 ], [ 344960.84201851580292, 5574665.786666738800704, 504.4 ], [ 344995.171691591734998, 5574682.140814458951354, 502.4 ], [ 345028.002596627513412, 5574698.427726501598954, 500.9 ], [ 345048.854085336497519, 5574709.612779084593058, 500.0 ], [ 345087.501794399577193, 5574734.742915141396224, 498.3 ], [ 345114.617083639197517, 5574757.873639358207583, 496.8 ], [ 345144.444630872574635, 5574783.595738996751606, 495.1 ], [ 345157.77395826135762, 5574795.891149066388607, 494.4 ], [ 345165.872408504190389, 5574802.33079001866281, 494.0 ], [ 345177.185218959813938, 5574813.906262151896954, 493.3 ], [ 345191.138985316851176, 5574825.627154627814889, 492.7 ], [ 345207.222279983689077, 5574837.063342166133225, 492.0 ], [ 345230.176895246375352, 5574851.97083851415664, 491.1 ], [ 345243.96531494386727, 5574862.917794522829354, 490.6 ], [ 345260.323452384560369, 5574874.012295329011977, 490.2 ], [ 345281.096254640608095, 5574887.425913894549012, 489.8 ], [ 345316.38820947392378, 5574907.537131005898118, 489.6 ], [ 345349.278332877845969, 5574925.938330040313303, 489.0 ], [ 345382.093778464768548, 5574944.230630511417985, 488.0 ], [ 345414.980194010480773, 5574962.521053185686469, 487.4 ], [ 345447.798419362981804, 5574980.92492806725204, 487.3 ], [ 345483.017894291435368, 5575001.039308425970376, 487.5 ], [ 345517.508890498371329, 5575020.61879366543144, 486.7 ], [ 345531.736433282494545, 5575031.998730490915477, 485.9 ], [ 345537.626333753229119, 5575023.815594850108027, 486.1 ], [ 345541.807273918646388, 5575010.78638178948313, 486.4 ], [ 345545.007714152161498, 5575000.790047732181847, 486.7 ], [ 345550.725787728792056, 5574981.818719690665603, 487.0 ], [ 345583.197102979233023, 5575000.567324256524444, 485.6 ], [ 345617.483816114254296, 5575020.48720402829349, 484.2 ], [ 345651.699067057808861, 5575040.409374670125544, 483.1 ], [ 345685.985255979583599, 5575060.32968832179904, 481.8 ], [ 345727.229310179187451, 5575084.27591994497925, 480.0 ], [ 345768.476220766373444, 5575108.333641745150089, 478.0 ], [ 345809.719515642442275, 5575132.280501895584166, 476.2 ], [ 345832.08861852879636, 5575144.31447842810303, 475.1 ], [ 345875.826881472137757, 5575153.612873767502606, 472.1 ], [ 345902.205613686179277, 5575161.413531480357051, 470.4 ], [ 345928.584262856747955, 5575169.214318992570043, 468.4 ], [ 345962.962759035639465, 5575180.120788388885558, 465.4 ], [ 345997.341104814782739, 5575191.027478084899485, 461.6 ], [ 346028.800327407021541, 5575199.571262826211751, 457.9 ], [ 346041.512141619576141, 5575202.985105141997337, 456.3 ], [ 346043.605081530637108, 5575162.199544487521052, 456.6 ], [ 346042.473910296801478, 5575135.527651842683554, 456.9 ], [ 346072.833717102417722, 5575133.199211149476469, 454.6 ], [ 346103.264740693499334, 5575130.868877194821835, 455.4 ], [ 346107.973534550284967, 5575131.065941684879363, 456.0 ], [ 346111.614348826871719, 5575131.294023463502526, 456.4 ], [ 346119.932025100046303, 5575125.711544457823038, 458.2 ], [ 346119.276154850609601, 5575110.486636188812554, 459.6 ], [ 346119.282788253505714, 5575108.26104898378253, 459.8 ], [ 346119.276154850609601, 5575110.486636188812554, 459.6 ], [ 346119.932025100046303, 5575125.711544457823038, 458.2 ], [ 346127.314449907862581, 5575163.996508121490479, 458.0 ], [ 346134.767987048602663, 5575202.279414736665785, 459.1 ], [ 346142.147012791130692, 5575240.453222896903753, 460.8 ], [ 346146.249517505872063, 5575254.131557140499353, 461.6 ], [ 346153.589684180158656, 5575290.971268719062209, 459.1 ], [ 346154.4400685102446, 5575300.627046423964202, 458.4 ], [ 346154.785622349882033, 5575310.074941374361515, 458.0 ], [ 346160.872646942734718, 5575355.296272929757833, 459.2 ], [ 346171.232248337648343, 5575388.153903005644679, 461.9 ], [ 346177.486384957330301, 5575404.774076176807284, 463.5 ], [ 346181.937833636940923, 5575423.115630410611629, 464.6 ], [ 346184.839310555835254, 5575439.610594787634909, 465.2 ], [ 346193.474440639081877, 5575464.618166577070951, 465.0 ], [ 346207.823952158913016, 5575495.023376205936074, 464.9 ], [ 346222.170084534911439, 5575525.317446636036038, 465.9 ], [ 346228.70590013457695, 5575536.922357002273202, 466.7 ], [ 346243.369283523177728, 5575563.42409909889102, 468.1 ], [ 346263.9410459016799, 5575594.650308724492788, 469.6 ], [ 346269.752326626330614, 5575600.935340345837176, 469.9 ], [ 346272.839168009464629, 5575604.1838707793504, 470.1 ], [ 346283.291051608859561, 5575608.331425740383565, 470.9 ], [ 346307.214837619569153, 5575607.748691818676889, 472.1 ], [ 346333.730817282805219, 5575605.644382468424737, 472.7 ], [ 346341.325810331036337, 5575604.645233335904777, 472.7 ], [ 346372.609568662941456, 5575592.499863671138883, 473.4 ], [ 346403.893463251879439, 5575580.354681685566902, 474.4 ], [ 346435.174271972035058, 5575568.098511265590787, 475.5 ], [ 346452.475026964326389, 5575560.253340418450534, 476.0 ], [ 346467.245424387743697, 5575551.146313983947039, 476.4 ], [ 346481.679890200961381, 5575537.820825318805873, 476.9 ], [ 346493.098547246889211, 5575523.692593967542052, 477.3 ], [ 346503.313420054502785, 5575509.821801358833909, 477.6 ], [ 346506.864111175120343, 5575504.489280946552753, 477.8 ], [ 346515.939960891613737, 5575490.651511937379837, 478.6 ], [ 346532.521965239197016, 5575465.35814796667546, 480.1 ], [ 346548.5313183151884, 5575462.112761558964849, 480.3 ], [ 346588.002927283523604, 5575454.627467375248671, 480.0 ], [ 346628.019667150103487, 5575458.587429256178439, 479.5 ], [ 346668.03954992769286, 5575462.658868217840791, 479.0 ], [ 346682.397796442674007, 5575463.912437692284584, 478.8 ], [ 346706.746137596317567, 5575463.207984975539148, 478.3 ], [ 346736.793663036543876, 5575460.002143775112927, 477.2 ], [ 346745.616196195362136, 5575454.628584466874599, 477.2 ], [ 346752.127924062253442, 5575450.657101498916745, 477.1 ], [ 346762.649042078061029, 5575447.348560857586563, 476.9 ], [ 346752.127924062253442, 5575450.657101498916745, 477.1 ], [ 346745.616196195362136, 5575454.628584466874599, 477.2 ], [ 346736.793663036543876, 5575460.002143775112927, 477.2 ], [ 346741.79885119915707, 5575465.53210211545229, 476.8 ], [ 346744.969066311896313, 5575471.671482835896313, 476.3 ], [ 346754.757102233706973, 5575494.754916762001812, 474.7 ], [ 346765.115065729361959, 5575515.373962200246751, 473.2 ], [ 346774.609428534924518, 5575550.482987243682146, 470.8 ], [ 346778.591151136672124, 5575560.048261077143252, 470.1 ], [ 346783.806570612126961, 5575565.460904853418469, 469.7 ], [ 346792.002421231940389, 5575570.453566246666014, 469.3 ], [ 346821.942642085370608, 5575583.274033249355853, 468.8 ], [ 346837.604465587472077, 5575585.269203409552574, 468.7 ], [ 346848.481556437502149, 5575596.749319623224437, 467.8 ], [ 346872.777710564667359, 5575626.312292732298374, 465.2 ], [ 346876.8571158790146, 5575631.869120962917805, 465.0 ], [ 346883.524092722625937, 5575643.137166017666459, 464.8 ], [ 346886.172198856656905, 5575653.4086630679667, 464.6 ], [ 346886.116050041979179, 5575658.862469414249063, 464.5 ], [ 346886.020328062586486, 5575667.878029275685549, 464.4 ], [ 346884.778775144950487, 5575693.950868548825383, 464.4 ], [ 346882.614474367292132, 5575722.609565181657672, 466.0 ], [ 346883.28124109248165, 5575753.078022987581789, 468.2 ], [ 346881.440628265379928, 5575765.815891153179109, 468.9 ], [ 346877.309104034851771, 5575778.174892763607204, 469.5 ], [ 346869.986924875061959, 5575791.071191157214344, 469.9 ], [ 346869.807207762962207, 5575799.644106172956526, 469.9 ], [ 346869.558521453931462, 5575813.226124439388514, 469.9 ], [ 346888.775895914295688, 5575815.007380363531411, 469.8 ], [ 346904.020023601595312, 5575814.900671469047666, 469.8 ], [ 346942.805824303533882, 5575810.887064590118825, 470.2 ], [ 346979.892759945534635, 5575807.256616669707, 470.5 ], [ 347016.97652368049603, 5575803.51525301951915, 470.8 ], [ 347056.208845567773096, 5575800.157203518785536, 471.3 ], [ 347093.800638480053749, 5575796.735523014329374, 471.9 ], [ 347116.963469034410082, 5575794.509330079890788, 472.5 ], [ 347138.990490664727986, 5575792.427277620881796, 473.4 ], [ 347168.974710313254036, 5575789.559435922652483, 474.3 ], [ 347198.894177383044735, 5575786.916170200332999, 474.1 ], [ 347228.81046041828813, 5575784.161897670477629, 474.0 ], [ 347250.307167150545865, 5575780.982915669679642, 473.8 ], [ 347265.403922352183145, 5575775.763138650916517, 473.7 ], [ 347297.300637600128539, 5575750.253360128030181, 474.0 ], [ 347325.042282658978365, 5575726.421279825270176, 472.8 ], [ 347352.780975012399722, 5575702.478174110874534, 472.1 ], [ 347380.523121308884583, 5575678.646395605057478, 472.7 ], [ 347394.713569744257256, 5575654.314924812875688, 474.1 ], [ 347408.836165288696066, 5575630.096721957437694, 474.5 ], [ 347411.187747818534262, 5575622.68527708761394, 474.5 ], [ 347414.632297407486476, 5575586.423815124668181, 474.6 ], [ 347418.080114692216739, 5575550.273534464649856, 473.7 ], [ 347421.453603462432511, 5575514.014132546260953, 473.7 ], [ 347427.765168642567005, 5575468.434854529798031, 476.5 ], [ 347428.060314404545352, 5575466.312255247496068, 476.6 ], [ 347389.866403510095552, 5575483.546078939922154, 477.9 ], [ 347351.669528687081765, 5575500.669006851501763, 479.8 ], [ 347313.472891138051637, 5575517.792215269058943, 482.1 ], [ 347275.276490864460357, 5575534.915704196318984, 483.9 ], [ 347268.188811075990088, 5575526.329777066595852, 484.4 ], [ 347232.724258093396202, 5575494.86169570684433, 486.4 ], [ 347197.259287706227042, 5575463.393844720907509, 488.8 ], [ 347164.952101712638978, 5575432.725280222482979, 486.9 ], [ 347173.251068481011316, 5575426.477406815625727, 487.0 ], [ 347191.756138136435766, 5575386.220799001865089, 487.5 ], [ 347199.001560441916808, 5575363.201782652176917, 487.8 ], [ 347201.446767238434404, 5575344.215598207898438, 486.9 ], [ 347201.008506583166309, 5575301.834873116575181, 481.9 ], [ 347205.300992060045246, 5575285.132069984450936, 480.8 ], [ 347215.325838538934477, 5575264.592127091251314, 480.3 ], [ 347225.015857312828302, 5575249.736560841090977, 480.2 ], [ 347235.937116687884554, 5575218.266497557982802, 478.6 ], [ 347243.373918283148669, 5575206.81398665998131, 478.6 ], [ 347254.693172533938196, 5575199.032710214145482, 479.0 ], [ 347270.642091393063311, 5575196.125111340545118, 479.9 ], [ 347301.183300277334638, 5575192.685790780931711, 481.7 ], [ 347321.161685787199531, 5575188.660820416174829, 482.5 ], [ 347353.270788621157408, 5575180.28081676363945, 483.1 ], [ 347400.720273262471892, 5575170.124021631665528, 485.5 ], [ 347448.095521952142008, 5575159.858528271317482, 487.4 ], [ 347497.301264685578644, 5575153.768985211849213, 488.1 ], [ 347515.84069873939734, 5575156.68480780813843, 488.9 ], [ 347542.695095622562803, 5575156.357226754538715, 490.7 ], [ 347563.731292466633022, 5575154.416849572211504, 491.3 ], [ 347583.502776483539492, 5575150.621371498331428, 490.6 ], [ 347602.551235321094282, 5575141.505886459723115, 490.0 ], [ 347612.013320246827789, 5575143.45914835203439, 490.9 ], [ 347632.190261199662928, 5575146.328287564218044, 493.0 ], [ 347638.245856724912301, 5575153.72041452024132, 494.1 ], [ 347646.201962032995652, 5575167.733998763374984, 495.6 ], [ 347652.742232262622565, 5575177.115033228881657, 496.2 ], [ 347694.879234425956383, 5575155.653008753433824, 496.9 ], [ 347737.090960190747865, 5575134.300457142293453, 497.8 ], [ 347759.920543933287263, 5575122.851551651954651, 498.6 ], [ 347782.750223265145905, 5575111.402746592648327, 499.7 ], [ 347820.547353027388453, 5575092.625594935379922, 501.2 ], [ 347858.344742177636363, 5575073.848718505352736, 502.6 ], [ 347871.717137576080859, 5575065.564801810309291, 503.2 ], [ 347895.150788665050641, 5575050.316058123484254, 504.2 ], [ 347916.102164905401878, 5575035.472463957034051, 505.1 ], [ 347943.124635990185197, 5575013.667420082725585, 506.2 ], [ 347970.147329258383252, 5574991.862518968991935, 507.6 ], [ 347990.739954295684583, 5574976.918265976943076, 508.9 ], [ 348007.686616532155313, 5574966.529374758712947, 510.0 ], [ 348046.788387503358535, 5574950.943274661898613, 511.2 ], [ 348085.822363742510788, 5574935.470685108564794, 511.7 ], [ 348124.924571892363019, 5574919.885170961730182, 513.5 ], [ 348137.303014321485534, 5574914.189604170620441, 513.9 ], [ 348147.406234309426509, 5574908.670526930131018, 514.3 ], [ 348160.750813883729279, 5574899.386771144345403, 514.3 ], [ 348171.529008241486736, 5574890.065305914729834, 514.3 ], [ 348182.337039828358684, 5574879.296531237661839, 514.5 ], [ 348193.966547605348751, 5574869.839461322873831, 514.7 ], [ 348207.155017177166883, 5574862.563119051977992, 514.8 ], [ 348221.041648938087747, 5574857.269632562063634, 514.8 ], [ 348238.13557106629014, 5574851.995608016848564, 515.0 ], [ 348255.129673996008933, 5574845.723090716637671, 515.5 ], [ 348271.555378169461619, 5574837.019017848186195, 516.3 ], [ 348275.676725322031416, 5574834.119342212565243, 516.5 ], [ 348305.317856915178709, 5574816.580734496004879, 517.9 ], [ 348317.136648944171611, 5574811.235429896973073, 518.4 ], [ 348340.773089865688235, 5574802.992818906903267, 519.2 ], [ 348364.406419173115864, 5574794.639138448983431, 520.2 ], [ 348376.251988644886296, 5574787.735461579635739, 520.9 ], [ 348413.200216652418021, 5574766.539157624356449, 522.4 ], [ 348429.378498733509332, 5574761.625763777643442, 523.1 ], [ 348448.008239147020504, 5574760.202873921953142, 523.4 ], [ 348472.992848576221149, 5574761.713841712102294, 523.3 ], [ 348500.369735089247115, 5574762.155136954970658, 523.6 ], [ 348513.442473731352948, 5574760.780061156488955, 523.9 ], [ 348520.284311080700718, 5574760.807041647844017, 524.0 ], [ 348522.637185533880256, 5574760.851060854271054, 524.1 ], [ 348536.419352934753988, 5574764.35152284335345, 524.1 ], [ 348547.366095335688442, 5574768.378113987855613, 524.2 ], [ 348578.940451843896881, 5574781.050520518794656, 524.4 ], [ 348603.055604092078283, 5574792.044641784392297, 524.7 ], [ 348627.1706529565854, 5574803.038870953954756, 525.0 ], [ 348653.719172151118983, 5574814.408780883066356, 525.4 ], [ 348680.196371108526364, 5574825.780854662880301, 525.5 ], [ 348721.430293828889262, 5574844.854309303686023, 524.9 ], [ 348751.563848681107629, 5574857.012494325637817, 524.0 ], [ 348781.768460854538716, 5574869.168816534802318, 522.8 ], [ 348805.352311659255065, 5574874.059296269901097, 521.7 ], [ 348828.747577493835706, 5574874.838381542824209, 520.5 ], [ 348844.305787490098737, 5574873.170681385323405, 519.4 ], [ 348837.675107793183997, 5574855.55709432810545, 519.9 ], [ 348836.906013309257105, 5574853.576226303353906, 519.9 ], [ 348822.303762042487506, 5574808.818367193453014, 521.1 ], [ 348807.633260497357696, 5574764.173753974959254, 522.6 ], [ 348792.962539245956577, 5574719.529179329052567, 524.9 ], [ 348791.132148380333092, 5574700.332220247015357, 525.7 ], [ 348791.468486177269369, 5574689.640999160706997, 526.0 ], [ 348792.044914834899828, 5574672.378179995343089, 526.6 ], [ 348793.743015726329759, 5574651.967887633480132, 527.3 ], [ 348798.445531120407395, 5574624.462071618065238, 528.2 ], [ 348805.865976552013308, 5574587.30977778788656, 529.5 ], [ 348813.961134443175979, 5574558.817072891630232, 530.3 ], [ 348822.901632204127964, 5574534.973483338020742, 530.8 ], [ 348828.554325350676663, 5574515.785625424236059, 531.2 ], [ 348831.371491407393478, 5574497.123713057488203, 531.8 ], [ 348830.966807940742001, 5574475.438219064846635, 532.6 ], [ 348826.238701271475293, 5574447.088754422962666, 534.0 ], [ 348821.4393481258885, 5574418.741325081326067, 535.2 ], [ 348820.967433731246274, 5574412.190040924586356, 535.5 ], [ 348820.345037965918891, 5574402.861377701163292, 535.9 ], [ 348820.746716059977189, 5574369.469869227148592, 537.0 ], [ 348821.145244530984201, 5574335.967186047695577, 538.0 ], [ 348817.763646438892465, 5574307.356790964491665, 538.8 ], [ 348814.382023682584986, 5574278.746398473158479, 539.6 ], [ 348813.260697731398977, 5574231.935048886574805, 541.0 ], [ 348812.142554661259055, 5574185.234878591261804, 542.6 ], [ 348811.021252691571135, 5574138.42353483568877, 544.5 ], [ 348810.598342448705807, 5574131.091987884603441, 544.9 ], [ 348808.970114817551803, 5574103.989328110590577, 546.1 ], [ 348805.162845877464861, 5574077.950219553895295, 547.2 ], [ 348790.286806040850934, 5574038.652278098277748, 549.1 ], [ 348779.300473229726776, 5574000.80114792753011, 550.8 ], [ 348771.945317262434401, 5573952.832436545751989, 552.8 ], [ 348764.586889748112299, 5573904.752559670247138, 554.5 ], [ 348762.881744163925759, 5573864.9676902461797, 554.9 ], [ 348761.173424389737193, 5573825.071646775119007, 554.6 ], [ 348759.468273591948673, 5573785.286781886592507, 553.8 ], [ 348757.376763667038176, 5573741.952404253184795, 552.0 ], [ 348755.21402967069298, 5573698.62006105016917, 551.0 ], [ 348753.125676890602335, 5573655.396865288726985, 550.4 ], [ 348750.962927297980059, 5573612.064527702517807, 549.1 ], [ 348748.871388508880045, 5573568.730161240324378, 547.5 ], [ 348748.758691481780261, 5573534.797019254416227, 546.0 ], [ 348748.577961425879039, 5573500.977086794562638, 544.4 ], [ 348748.412551134708337, 5573457.699047537520528, 542.4 ], [ 348748.25033674784936, 5573414.532187102362514, 540.3 ], [ 348748.088146749476437, 5573371.365329226478934, 538.3 ], [ 348747.922809785814025, 5573328.087297677993774, 536.4 ], [ 348747.760668604809325, 5573284.920444932766259, 534.5 ], [ 348747.595380539016332, 5573241.642418525181711, 532.7 ], [ 348747.433288175088819, 5573198.475570907816291, 531.3 ], [ 348750.378836140735075, 5573199.281685174442828, 531.4 ], [ 348761.882464999333024, 5573202.736636551097035, 531.5 ], [ 348779.427643276168965, 5573210.58124568592757, 531.9 ], [ 348819.215803305618465, 5573236.039417224936187, 532.5 ], [ 348834.51817641989328, 5573247.731209381483495, 533.0 ], [ 348870.844535005278885, 5573279.29683022107929, 533.9 ], [ 348875.228802383411676, 5573283.06620199419558, 534.0 ], [ 348896.111745417991187, 5573300.496237268671393, 534.8 ], [ 348916.991384077584371, 5573317.815176245756447, 535.4 ], [ 348937.582831688749138, 5573335.031135288067162, 536.0 ], [ 348958.17097932548495, 5573352.135995797812939, 536.6 ], [ 348979.778210708755068, 5573364.98377847764641, 537.1 ], [ 349007.195426105230581, 5573379.112653871998191, 537.7 ], [ 349041.283540209988132, 5573394.720730748958886, 538.3 ], [ 349087.312808195129037, 5573411.658127599395812, 540.1 ], [ 349133.412988312775269, 5573428.593892078846693, 541.4 ], [ 349179.509696978377178, 5573445.418875573202968, 542.2 ], [ 349225.609259996912442, 5573462.35543073900044, 543.1 ], [ 349242.619538857601583, 5573468.992781857959926, 543.5 ], [ 349259.358810251578689, 5573483.64905792940408, 544.4 ], [ 349275.915717055555433, 5573504.430208118632436, 545.7 ], [ 349298.88176233676495, 5573535.043188078328967, 547.5 ], [ 349327.455141448415816, 5573559.822327760979533, 548.7 ], [ 349342.964226990763564, 5573573.846208021044731, 549.4 ], [ 349359.812342232326046, 5573557.233897717669606, 548.2 ], [ 349368.545870376750827, 5573548.529541052877903, 547.5 ], [ 349394.127760916482657, 5573523.213003110140562, 545.9 ], [ 349419.709898608387448, 5573497.896594192832708, 544.5 ], [ 349439.936389401322231, 5573474.735187851823866, 543.5 ], [ 349442.194084756774828, 5573463.878273049369454, 543.1 ], [ 349442.555867201415822, 5573451.517470798455179, 542.7 ], [ 349440.114800267445389, 5573438.346129612065852, 542.4 ], [ 349430.48396594094811, 5573420.483251537196338, 542.6 ], [ 349409.398781324620359, 5573385.810724503360689, 544.2 ], [ 349386.753442660497967, 5573341.391173049807549, 546.3 ], [ 349366.461246153456159, 5573297.016119737178087, 548.7 ], [ 349346.168735388666391, 5573252.641140223480761, 551.1 ], [ 349336.757866506231949, 5573224.980741465464234, 552.5 ], [ 349327.346909886342473, 5573197.320358569733799, 554.4 ], [ 349320.947670291760005, 5573172.801123924553394, 556.3 ], [ 349317.645780416729394, 5573149.41780573874712, 558.2 ], [ 349312.835233326768503, 5573130.639270479790866, 559.7 ], [ 349301.269757656904403, 5573104.931673476472497, 561.7 ], [ 349289.071442250860855, 5573072.009786669164896, 564.0 ], [ 349285.406155540433247, 5573063.435203128494322, 564.6 ], [ 349279.824339634971693, 5573050.130651564337313, 565.4 ], [ 349270.53899835201446, 5573031.924398466013372, 566.2 ], [ 349258.067379890067969, 5573014.476329457946122, 566.6 ], [ 349266.711768426815979, 5573000.099810793064535, 567.0 ], [ 349281.965003213030286, 5572974.965191324241459, 567.6 ], [ 349299.573481282684952, 5572952.434077468700707, 567.8 ], [ 349325.051866517111193, 5572930.903342567384243, 568.0 ], [ 349350.601686644251458, 5572909.370711265131831, 568.1 ], [ 349378.167159258504398, 5572880.993738697841763, 568.1 ], [ 349405.319961612171028, 5572850.625856403261423, 567.9 ], [ 349427.415428207721561, 5572825.408684958703816, 567.6 ], [ 349449.436724129016511, 5572800.082456298172474, 567.2 ], [ 349468.221804587636143, 5572786.30857224855572, 567.1 ], [ 349489.830443226150237, 5572776.571460897102952, 567.2 ], [ 349521.827870891545899, 5572763.646743657998741, 567.3 ], [ 349553.896677037235349, 5572750.720201996155083, 567.5 ], [ 349596.66644864983391, 5572733.039741138927639, 567.9 ], [ 349639.436492854962125, 5572715.359631045721471, 568.6 ], [ 349657.73886023653904, 5572707.163425938226283, 568.9 ], [ 349684.93254977761535, 5572685.697192477062345, 569.4 ], [ 349712.055228196200915, 5572664.233121831901371, 570.0 ], [ 349726.49128537112847, 5572652.92002965696156, 570.5 ], [ 349736.918346088554244, 5572638.493862992152572, 571.8 ], [ 349750.573651565646287, 5572619.748171493411064, 573.4 ], [ 349774.724411762261298, 5572586.463236044161022, 577.9 ], [ 349783.929824355524033, 5572581.751878573559225, 579.1 ], [ 349795.019957064592745, 5572580.65892131999135, 580.1 ], [ 349815.266733294411097, 5572583.200978218577802, 581.5 ], [ 349854.995880857633892, 5572596.540603744797409, 583.5 ], [ 349894.796048762160353, 5572609.878507107496262, 585.3 ], [ 349934.524773871758953, 5572623.218720930628479, 586.8 ], [ 349974.324518940993585, 5572636.557213651016355, 587.6 ], [ 349999.326761903241277, 5572643.416049639694393, 588.0 ], [ 350024.25770447292598, 5572650.277016586624086, 588.1 ], [ 350057.2429288784042, 5572662.139843068085611, 587.8 ], [ 350082.804306428297423, 5572673.656392871402204, 587.3 ], [ 350105.272280843812041, 5572686.706938712857664, 586.5 ], [ 350130.856451247353107, 5572701.561021071858704, 585.3 ], [ 350142.645011756336316, 5572705.010916099883616, 584.8 ], [ 350151.821133315796033, 5572704.306574548594654, 584.5 ], [ 350159.456431330065243, 5572699.528971835970879, 584.5 ], [ 350159.634553464828059, 5572695.74092383030802, 584.7 ], [ 350160.597611224395223, 5572664.225675367750227, 586.4 ], [ 350161.670734050741885, 5572629.035570055246353, 587.5 ], [ 350162.815120483341161, 5572593.843454527668655, 587.9 ], [ 350162.171558810339775, 5572548.354198011569679, 587.8 ], [ 350161.602389576029964, 5572502.97410820890218, 587.2 ], [ 350160.11022663640324, 5572465.297390151768923, 586.6 ], [ 350157.683607168670278, 5572429.872375992126763, 586.6 ], [ 350154.392620525846723, 5572401.704015360213816, 587.1 ], [ 350151.172844873741269, 5572373.533644665032625, 587.9 ], [ 350148.532349117333069, 5572345.680704856291413, 589.0 ], [ 350145.888695718138479, 5572317.716590562835336, 590.3 ], [ 350150.295601318706758, 5572269.303037249483168, 591.4 ], [ 350159.203661060193554, 5572246.464568957686424, 590.8 ], [ 350173.249432547832839, 5572213.689669463783503, 589.9 ], [ 350192.57616453920491, 5572188.665482301265001, 587.8 ], [ 350219.447000622632913, 5572160.646718021482229, 584.4 ], [ 350242.468828793556895, 5572142.750618674792349, 581.5 ], [ 350261.729649269836955, 5572130.524043210782111, 579.1 ], [ 350269.849188999156468, 5572117.610638152807951, 578.6 ], [ 350272.824871567543596, 5572106.845209362916648, 578.6 ], [ 350276.394966413034126, 5572086.828016572631896, 578.5 ], [ 350276.193519352236763, 5572069.58764033857733, 578.7 ], [ 350272.408489704190288, 5572044.103546949103475, 578.9 ], [ 350265.017531657475047, 5572017.163532571867108, 579.1 ], [ 350257.926540866261348, 5572005.903412263840437, 579.8 ], [ 350265.017531657475047, 5572017.163532571867108, 579.1 ], [ 350275.125039040285628, 5572019.103529170155525, 577.3 ], [ 350305.251323844713625, 5572030.603678930550814, 572.3 ], [ 350309.99167460994795, 5572034.364178087562323, 571.6 ], [ 350330.828999878140166, 5572055.250321096740663, 568.7 ], [ 350351.737402254191693, 5572076.134533602744341, 565.7 ], [ 350369.285358413704671, 5572089.102546533569694, 563.0 ], [ 350389.426024070824496, 5572102.998869018629193, 560.0 ], [ 350412.819677475141361, 5572128.597593537531793, 557.1 ], [ 350444.987555691273883, 5572144.268980802968144, 553.4 ], [ 350455.98663149488857, 5572155.085349973291159, 552.5 ], [ 350463.88596580538433, 5572177.338130003772676, 552.2 ], [ 350497.924561418010853, 5572203.74975750874728, 549.2 ], [ 350505.756002016249113, 5572208.424678205512464, 548.5 ], [ 350536.90877736825496, 5572238.700872494839132, 545.6 ], [ 350560.574980516219512, 5572248.715457699261606, 543.5 ], [ 350581.068327199202031, 5572254.92526073474437, 541.5 ], [ 350591.534556776634417, 5572256.96699245646596, 540.5 ], [ 350619.366690137656406, 5572268.088396110571921, 537.0 ], [ 350647.127466118196025, 5572279.211949536576867, 533.3 ], [ 350678.899972214130685, 5572293.560639369301498, 528.8 ], [ 350710.672300637525041, 5572307.909516436979175, 524.8 ], [ 350756.87148364528548, 5572323.187791546806693, 521.9 ], [ 350793.791085851262324, 5572338.059904188849032, 521.0 ], [ 350820.961090225959197, 5572343.415201280266047, 518.1 ], [ 350848.203611803124659, 5572353.886758144013584, 515.3 ], [ 350864.625760514172725, 5572357.319233763031662, 512.9 ], [ 350884.677068334131036, 5572357.979383024387062, 510.2 ], [ 350911.587005442997906, 5572376.916696265339851, 507.8 ], [ 350950.196632224135101, 5572403.758899887092412, 504.4 ], [ 350981.721283257007599, 5572424.569623651914299, 502.9 ], [ 351013.320041068363935, 5572445.489706129767001, 501.7 ], [ 351044.918547408422455, 5572466.409972625784576, 500.7 ], [ 351069.612323557026684, 5572482.628672711551189, 499.5 ], [ 351083.179476182674989, 5572491.037593524903059, 498.6 ], [ 351118.447736845351756, 5572513.190405583940446, 496.1 ], [ 351153.786931486276444, 5572535.341448003426194, 493.9 ], [ 351184.718294838792644, 5572555.391108451411128, 492.0 ], [ 351221.370280835079029, 5572578.618380697444081, 489.8 ], [ 351249.429565369850025, 5572595.411043941043317, 488.3 ], [ 351277.485551915015094, 5572612.092675969004631, 486.8 ], [ 351310.109943998395465, 5572631.539229857735336, 485.4 ], [ 351334.504734835703857, 5572647.322418031282723, 484.3 ], [ 351340.152433041948825, 5572658.067976062186062, 484.3 ], [ 351340.27219364233315, 5572669.969864934682846, 484.5 ], [ 351372.978397655882873, 5572682.182329157367349, 482.4 ], [ 351400.713505517109297, 5572692.531523432582617, 480.8 ], [ 351411.138226054608822, 5572675.327321634627879, 480.3 ], [ 351413.729724518023431, 5572671.137950208038092, 480.1 ], [ 351426.746053335955366, 5572649.744411570951343, 479.6 ], [ 351442.085477072861977, 5572629.84353141207248, 478.8 ], [ 351457.425019247806631, 5572609.942698367871344, 478.8 ], [ 351462.627615458564833, 5572607.34918072912842, 479.0 ], [ 351494.846080991439521, 5572630.146121888421476, 477.8 ], [ 351527.06738066545222, 5572653.05443078931421, 476.6 ], [ 351559.285288935934659, 5572675.851754122413695, 475.4 ], [ 351587.172469894518144, 5572691.649573029950261, 474.8 ], [ 351594.159225442796014, 5572691.676584183238447, 475.0 ], [ 351599.987635906552896, 5572691.068434942513704, 475.3 ], [ 351610.01550333108753, 5572690.23152516875416, 475.7 ], [ 351609.54984296252951, 5572681.232193277217448, 476.6 ], [ 351610.348610670189373, 5572679.207096763886511, 476.8 ], [ 351614.733141388162039, 5572672.853651454672217, 477.6 ], [ 351622.127395969582722, 5572661.965456280857325, 478.8 ], [ 351636.204905285558198, 5572650.445250680670142, 480.3 ], [ 351680.248241990746465, 5572632.189988999627531, 480.2 ], [ 351705.644369366345927, 5572609.894670315086842, 478.9 ], [ 351714.924534484860487, 5572564.462172226980329, 480.4 ], [ 351715.817893334198743, 5572547.970183683559299, 480.9 ], [ 351715.904406096669845, 5572545.965020338073373, 481.0 ], [ 351702.200179485836998, 5572547.90588416904211, 481.7 ], [ 351684.016579277580604, 5572540.069585707038641, 482.9 ], [ 351658.442295458633453, 5572522.871383897028863, 484.2 ], [ 351632.793501977575943, 5572505.564118624664843, 485.5 ], [ 351628.646169340820052, 5572502.564756204374135, 485.7 ], [ 351688.706334900343791, 5572460.496226752176881, 485.06222 ], [ 351749.724577310611494, 5572452.670811729505658, 482.41385 ], [ 351806.757565614068881, 5572414.471264850348234, 481.2552 ], [ 351836.21325082849944, 5572320.520844207145274, 479.3 ], [ 351828.007430472120177, 5572302.391608515754342, 479.2 ], [ 351820.944831536151469, 5572289.459826564416289, 479.1 ], [ 351809.916630285326391, 5572262.17459865193814, 479.0 ], [ 351806.188979251659475, 5572241.027429174631834, 479.3 ], [ 351805.590103955590166, 5572227.247495460323989, 480.0 ], [ 351807.499006648431532, 5572201.158520345576108, 482.1 ], [ 351809.339806960197166, 5572175.182714092545211, 484.6 ], [ 351808.422640934237279, 5572170.424010959453881, 485.1 ], [ 351806.811740777920932, 5572166.352270256727934, 485.4 ], [ 351800.95085108326748, 5572155.612201977521181, 486.1 ], [ 351789.093586524773855, 5572144.594630308449268, 486.5 ], [ 351771.459612788166851, 5572130.956922654993832, 486.8 ], [ 351767.937689886894077, 5572127.383649308234453, 487.0 ], [ 351765.332529221661389, 5572123.450967947021127, 487.3 ], [ 351762.937747845309786, 5572116.842085515148938, 487.9 ], [ 351758.658365141833201, 5572093.818881388753653, 490.9 ], [ 351855.789633359236177, 5572089.770097588188946, 498.76382 ], [ 351800.728573141619563, 5572048.137955797836185, 500.87096 ], [ 351742.486117892316543, 5571976.887922788970172, 506.85541 ], [ 351716.395506465923972, 5571895.393491146154702, 512.3 ], [ 351716.968302174587734, 5571892.929683814756572, 512.5 ], [ 351730.907418441958725, 5571866.170628592371941, 515.2 ], [ 351739.856458909809589, 5571836.880756728351116, 517.7 ], [ 351748.876851249951869, 5571807.588912115432322, 520.3 ], [ 351749.757324018864892, 5571780.416036517359316, 522.1 ], [ 351750.709058766951784, 5571753.241171381436288, 524.0 ], [ 351750.647022560820915, 5571715.302089639008045, 526.9 ], [ 351749.720220431685448, 5571707.650815671309829, 527.5 ], [ 351750.444437575933989, 5571700.398457550443709, 528.1 ], [ 351752.835002061212435, 5571691.54184711817652, 528.9 ], [ 351744.705754806112964, 5571676.192146296612918, 529.9 ], [ 351736.858331254159566, 5571660.723316572606564, 530.8 ], [ 351733.026043649530038, 5571653.709562338888645, 531.2 ], [ 351726.334221109515056, 5571641.323824444785714, 532.1 ], [ 351722.563380250590853, 5571628.856452957727015, 533.0 ], [ 351715.283970285439864, 5571592.899309491738677, 535.2 ], [ 351714.623896724020597, 5571589.691120509058237, 535.4 ], [ 351708.253543244150933, 5571570.954402090981603, 536.5 ], [ 351706.716540726949461, 5571564.432823655195534, 536.8 ], [ 351695.047480790293775, 5571527.040714856237173, 538.6 ], [ 351688.255030526430346, 5571500.861166850663722, 539.8 ], [ 351681.462522684421856, 5571474.681627223268151, 540.4 ], [ 351674.737373433308676, 5571440.711772877722979, 540.0 ], [ 351667.148349617258646, 5571411.550403613597155, 540.4 ], [ 351651.226155483396724, 5571380.174242898821831, 541.2 ], [ 351638.140758562018164, 5571343.155625839717686, 543.5 ], [ 351628.372788588749245, 5571304.931629809550941, 545.9 ], [ 351625.696179536986165, 5571272.962614635936916, 547.0 ], [ 351626.64368927362375, 5571237.999405876733363, 548.4 ], [ 351628.737392732640728, 5571233.824111637659371, 548.7 ], [ 351635.521135557559319, 5571229.072618184611201, 549.2 ], [ 351629.236448602634482, 5571205.771778248250484, 550.3 ], [ 351635.521135557559319, 5571229.072618184611201, 549.2 ], [ 351663.278816866572015, 5571242.538232711143792, 549.1 ], [ 351692.801145044970326, 5571245.162115788087249, 548.8 ], [ 351713.803734185930807, 5571238.900669640861452, 548.3 ], [ 351732.842245802981779, 5571231.24776984192431, 547.5 ], [ 351749.30379231373081, 5571228.340001018717885, 546.6 ], [ 351752.342867879313417, 5571229.92403663508594, 546.3 ], [ 351753.718352799711283, 5571230.664448271505535, 546.2 ], [ 351760.975719692069106, 5571219.891670496203005, 546.3 ], [ 351765.191684506717138, 5571217.659881736151874, 546.2 ], [ 351772.065447801025584, 5571213.573634026572108, 546.0 ], [ 351781.092062654206529, 5571207.424517378211021, 545.8 ], [ 351816.813389787857886, 5571212.434985755942762, 544.4 ], [ 351815.403097779140808, 5571200.23541861679405, 545.3 ], [ 351815.359300246345811, 5571193.560848806984723, 545.8 ], [ 351815.31860818475252, 5571186.997455558739603, 546.2 ], [ 351823.668640505289659, 5571159.170987078920007, 547.5 ], [ 351831.950624327990226, 5571131.457700632512569, 548.4 ], [ 351834.534806476265658, 5571088.660478104837239, 550.7 ], [ 351845.387101242667995, 5571040.625558161176741, 552.4 ], [ 351852.381655852310359, 5571030.639109871350229, 551.6 ], [ 351872.464028346119449, 5571001.595093777403235, 553.1 ], [ 351883.498121740296483, 5570985.598982647061348, 554.4 ], [ 351895.833338988479227, 5570967.675109626725316, 555.3 ], [ 351902.620651344303042, 5570960.476099130697548, 555.6 ], [ 351912.4100333674578, 5570956.086156345903873, 555.3 ], [ 351941.192830300773494, 5570944.935508194379508, 553.9 ], [ 351969.904488926345948, 5570933.787006336264312, 552.4 ], [ 351980.068846422422212, 5570930.054310742765665, 552.0 ], [ 351997.014640503330156, 5570924.018489479087293, 551.3 ], [ 352013.319246936182026, 5570920.559653996489942, 550.5 ], [ 352028.232901790412143, 5570918.363549333997071, 549.8 ], [ 352063.184343851753511, 5570916.165130503475666, 547.9 ], [ 352082.066537756356411, 5570913.07970086298883, 548.3 ], [ 352083.841681986348704, 5570912.807692491449416, 548.3 ], [ 352116.035969207063317, 5570914.024366465397179, 549.3 ], [ 352148.158978866646066, 5570915.243220755830407, 550.0 ], [ 352154.051348518463783, 5570914.30020525958389, 550.3 ], [ 352192.742142139875796, 5570908.104260631836951, 551.8 ], [ 352225.961950599798001, 5570902.617270019836724, 553.6 ], [ 352259.256167494226247, 5570897.239681348204613, 555.3 ], [ 352280.4744143828284, 5570893.533612109720707, 556.4 ], [ 352312.573054689739365, 5570883.627875844947994, 559.0 ], [ 352339.25339751271531, 5570873.761846681125462, 559.8 ], [ 352365.930741326999851, 5570863.7847770890221, 560.6 ], [ 352411.466268456773832, 5570844.716096127405763, 559.9 ], [ 352456.930854224250652, 5570825.649793685413897, 559.3 ], [ 352487.227533016470261, 5570809.89833849389106, 558.6 ], [ 352517.598731736419722, 5570794.256256211549044, 558.1 ], [ 352547.898849077173509, 5570778.616331376135349, 557.6 ], [ 352544.695446309284307, 5570778.816606, 557.7 ], [ 352547.898849077173509, 5570778.616331376135349, 557.6 ], [ 352555.197995491675101, 5570776.967107649892569, 557.5 ], [ 352598.211780947749503, 5570772.323007612489164, 556.8 ], [ 352608.314615321694873, 5570771.486079734750092, 556.6 ], [ 352642.75520164007321, 5570776.53776881005615, 556.4 ], [ 352669.264243015553802, 5570786.149110082536936, 556.7 ], [ 352696.717742080450989, 5570798.960968206636608, 556.7 ], [ 352724.17110448598396, 5570811.772966024465859, 556.8 ], [ 352758.936105515633244, 5570820.821826940402389, 557.7 ], [ 352793.769149200408719, 5570829.757760122418404, 558.8 ], [ 352826.258177261101082, 5570828.745332348160446, 559.6 ], [ 352844.551775518804789, 5570830.129456874914467, 560.6 ], [ 352875.320360449026339, 5570836.508338069543242, 561.9 ], [ 352923.97912246407941, 5570847.732095157727599, 563.4 ], [ 352962.591620074934326, 5570854.116598299704492, 565.6 ], [ 353001.047362046316266, 5570852.272333206608891, 568.2 ], [ 353028.174118348746561, 5570848.183085193857551, 569.2 ], [ 353055.229655756149441, 5570844.095949756912887, 570.3 ], [ 353072.300375438062474, 5570839.95162074547261, 571.1 ], [ 353083.658909112156834, 5570832.961421303451061, 571.8 ], [ 353092.685001625795849, 5570824.144366890192032, 572.4 ], [ 353126.133810679311864, 5570793.400290840305388, 575.6 ], [ 353161.789351977291517, 5570759.925099371001124, 579.0 ], [ 353205.487931113922969, 5570756.824661045335233, 580.3 ], [ 353249.183470031130128, 5570753.613406718708575, 581.3 ], [ 353289.291677554836497, 5570749.611596763134003, 581.8 ], [ 353329.399931516381912, 5570745.610091011971235, 581.9 ], [ 353369.508231915067881, 5570741.60888946428895, 580.9 ], [ 353405.813585832365789, 5570757.406344084069133, 580.3 ], [ 353429.803517913504038, 5570724.92288304399699, 573.1 ], [ 353405.813585832365789, 5570757.406344084069133, 580.3 ], [ 353415.125308132148348, 5570761.488319939002395, 580.3 ], [ 353422.337975491886027, 5570785.099062961526215, 582.0 ], [ 353424.518512554932386, 5570812.409176875837147, 580.9 ], [ 353426.695966781233437, 5570839.608115567825735, 578.3 ], [ 353429.170192401739769, 5570843.990237003192306, 578.1 ], [ 353450.60206114477478, 5570881.561020873486996, 577.0 ], [ 353472.036712740780786, 5570919.243064291775227, 577.2 ], [ 353475.508412540890276, 5570923.59766064491123, 577.5 ], [ 353480.862092005321756, 5570934.130939204245806, 577.6 ], [ 353484.47126597748138, 5570946.047528864815831, 577.2 ], [ 353485.8341055175988, 5570959.250021205283701, 576.3 ], [ 353487.176101496326737, 5570969.115243401378393, 575.8 ], [ 353488.97565615415806, 5570982.639462847262621, 575.1 ], [ 353491.467538968077861, 5570990.24770584423095, 575.0 ], [ 353499.816134822787717, 5571003.368586014024913, 575.9 ], [ 353504.922833100892603, 5571010.125811466015875, 576.5 ], [ 353510.726691732765175, 5571016.307487023063004, 577.3 ], [ 353516.083950070315041, 5571024.39294305909425, 577.8 ], [ 353519.068402227479964, 5571031.765075821429491, 577.8 ], [ 353521.197164518525824, 5571041.719846406951547, 577.5 ], [ 353522.210449400707148, 5571052.595502780750394, 576.9 ], [ 353522.885227063205093, 5571066.707087965682149, 576.0 ], [ 353522.082807819009759, 5571078.968006280250847, 574.9 ], [ 353522.79177147342125, 5571104.649846805259585, 572.9 ], [ 353527.799896305659786, 5571120.755778716877103, 572.0 ], [ 353533.212940301978961, 5571128.2833998715505, 571.9 ], [ 353543.111001592187677, 5571138.134981260634959, 572.1 ], [ 353538.314287070941646, 5571119.35292546171695, 573.6 ], [ 353538.955147671513259, 5571108.987915293313563, 574.7 ], [ 353539.817241595708765, 5571093.721292603760958, 576.5 ], [ 353550.819830390217248, 5571073.835583375766873, 580.2 ], [ 353561.130788217822555, 5571057.306833420880139, 583.6 ], [ 353569.796890256169718, 5571040.600975635461509, 586.8 ], [ 353571.960038725519553, 5571025.966029528528452, 588.4 ], [ 353571.134374372428283, 5571008.965810843743384, 589.6 ], [ 353564.523306743474677, 5570986.450913657434285, 589.9 ], [ 353563.825834820512682, 5570953.425508419983089, 591.9 ], [ 353568.396281205874402, 5570938.167824361473322, 593.6 ], [ 353580.184801977244206, 5570923.489800693467259, 596.2 ], [ 353599.068757686123718, 5570904.944415094330907, 599.6 ], [ 353608.672179452085402, 5570883.428542220965028, 601.1 ], [ 353614.065354833379388, 5570851.459003043361008, 601.3 ], [ 353633.609386181458831, 5570833.563119268044829, 601.5 ], [ 353661.803800731198862, 5570824.218401117250323, 601.5 ], [ 353688.778595627634786, 5570822.361971906386316, 602.1 ], [ 353723.908592566498555, 5570826.622766240499914, 605.0 ], [ 353772.106435319001321, 5570828.966015301644802, 610.4 ], [ 353792.558047130820341, 5570823.284468579106033, 612.3 ], [ 353804.997114953235723, 5570811.481854158453643, 612.7 ], [ 353813.872687905619387, 5570802.336445409804583, 613.0 ], [ 353819.280489731754642, 5570796.73567536752671, 613.2 ], [ 353841.273969981411938, 5570784.892487395554781, 615.3 ], [ 353855.141400985885412, 5570773.161920582875609, 616.2 ], [ 353865.069260683143511, 5570758.202046518214047, 616.6 ], [ 353876.734018475050107, 5570746.754722282290459, 617.5 ], [ 353898.550794400449377, 5570736.251786639913917, 618.8 ], [ 353891.385440957616083, 5570735.002671341411769, 618.1 ], [ 353898.550794400449377, 5570736.251786639913917, 618.8 ], [ 353918.530840282444842, 5570752.279639703221619, 622.0 ], [ 353938.510765791521408, 5570768.307566055096686, 625.2 ], [ 353964.047976114088669, 5570794.529900554567575, 629.6 ], [ 353994.341894689714536, 5570825.183168849907815, 632.8 ], [ 354024.564215068006888, 5570855.83856488764286, 634.9 ], [ 354054.857445591129363, 5570886.492168017663062, 637.0 ], [ 354063.493753418209963, 5570897.15821991674602, 637.8 ], [ 354071.724583173112478, 5570898.266993438825011, 637.6 ], [ 354108.285788029024843, 5570900.154453407973051, 637.2 ], [ 354140.151473642094061, 5570907.623013571836054, 641.3 ], [ 354147.955864232964814, 5570913.972886846400797, 642.6 ], [ 354140.151473642094061, 5570907.623013571836054, 641.3 ], [ 354108.285788029024843, 5570900.154453407973051, 637.2 ], [ 354071.724583173112478, 5570898.266993438825011, 637.6 ], [ 354063.493753418209963, 5570897.15821991674602, 637.8 ], [ 354054.857445591129363, 5570886.492168017663062, 637.0 ], [ 354024.564215068006888, 5570855.83856488764286, 634.9 ], [ 353994.341894689714536, 5570825.183168849907815, 632.8 ], [ 353964.047976114088669, 5570794.529900554567575, 629.6 ], [ 353938.510765791521408, 5570768.307566055096686, 625.2 ], [ 353918.530840282444842, 5570752.279639703221619, 622.0 ], [ 353898.550794400449377, 5570736.251786639913917, 618.8 ], [ 353891.385440957616083, 5570735.002671341411769, 618.1 ], [ 353898.550794400449377, 5570736.251786639913917, 618.8 ], [ 353917.524810129310936, 5570713.143438073806465, 617.5 ], [ 353938.160616223758552, 5570695.997522952035069, 616.0 ], [ 353974.948169303475879, 5570674.958135265856981, 612.8 ], [ 354011.7390662994585, 5570654.030185453593731, 608.9 ], [ 354048.598446504562162, 5570632.989360127598047, 604.7 ], [ 354073.161410678294487, 5570621.187784843146801, 602.3 ], [ 354116.976968647912145, 5570598.95483572781086, 598.3 ], [ 354160.792883157264441, 5570576.722255850210786, 595.3 ], [ 354194.773546678188723, 5570559.878257338888943, 593.9 ], [ 354228.825677472574171, 5570543.032523486763239, 593.1 ], [ 354260.586576126981527, 5570523.245900017209351, 592.8 ], [ 354274.806757737707812, 5570516.513551534153521, 593.0 ], [ 354290.356466879835352, 5570508.854654050432146, 593.1 ], [ 354323.98760729841888, 5570500.03188418596983, 592.8 ], [ 354357.547591753304005, 5570491.211285140365362, 591.6 ], [ 354391.178937682765536, 5570482.388945345766842, 590.1 ], [ 354419.905714683060069, 5570474.146401457488537, 588.9 ], [ 354448.700784479209688, 5570465.790883577428758, 587.5 ], [ 354481.226949851377867, 5570455.664313066750765, 586.1 ], [ 354513.750183592899702, 5570445.426767422817647, 585.0 ], [ 354546.273534802312497, 5570435.189423521980643, 584.0 ], [ 354586.200061712879688, 5570421.856667528860271, 582.5 ], [ 354626.123732095002197, 5570408.413038919679821, 581.3 ], [ 354656.838598704372998, 5570397.224587730132043, 580.4 ], [ 354663.048584389151074, 5570394.829320031218231, 580.2 ], [ 354656.838598704372998, 5570397.224587730132043, 580.4 ], [ 354660.099443063430954, 5570406.926192560233176, 579.9 ], [ 354691.265282617299818, 5570430.438793406821787, 577.2 ], [ 354710.933965125586838, 5570440.358770566061139, 575.7 ], [ 354740.77742723620031, 5570449.444017597474158, 573.9 ], [ 354773.057045840541832, 5570456.348819355480373, 572.4 ], [ 354773.184948589536361, 5570479.264917719177902, 568.8 ], [ 354812.390337929362431, 5570489.095715494826436, 566.7 ], [ 354851.595570240169764, 5570498.926800210960209, 565.1 ], [ 354878.340880631585605, 5570506.873669009655714, 563.2 ], [ 354905.014847402810119, 5570514.822619346901774, 561.2 ], [ 354929.664467872702517, 5570519.155454720370471, 560.5 ], [ 354954.314043138176203, 5570523.488403818570077, 560.0 ], [ 354956.160678995074704, 5570523.215413833968341, 560.0 ], [ 354963.915668528294191, 5570522.558431138284504, 560.0 ], [ 354999.306693481572438, 5570520.701264300383627, 559.6 ], [ 355032.061177764786407, 5570518.916353963315487, 559.5 ], [ 355034.697732307075057, 5570518.844333862885833, 559.4 ], [ 355046.009571275149938, 5570517.867795054800808, 559.4 ], [ 355074.198726470000111, 5570508.197130206972361, 559.7 ], [ 355100.86119561677333, 5570497.455704022198915, 559.9 ], [ 355116.266487908549607, 5570489.691963477991521, 559.7 ], [ 355128.071013977169059, 5570483.250419969670475, 559.4 ], [ 355148.56139928183984, 5570468.449858506210148, 558.4 ], [ 355156.742376713780686, 5570459.882088222540915, 557.9 ], [ 355184.954426033422351, 5570422.285204787738621, 554.8 ], [ 355211.030795816273894, 5570413.563031162135303, 553.8 ], [ 355209.675328273209743, 5570410.929776568897069, 553.6 ], [ 355203.786454871238675, 5570398.963125470094383, 552.6 ], [ 355209.675328273209743, 5570410.929776568897069, 553.6 ], [ 355211.030795816273894, 5570413.563031162135303, 553.8 ], [ 355249.893060361442622, 5570400.375639490783215, 553.1 ], [ 355288.826766908285208, 5570387.186593119986355, 553.1 ], [ 355327.689395753550343, 5570373.999778629280627, 553.1 ], [ 355369.408676877734251, 5570360.957928290590644, 555.1 ], [ 355398.420845743792597, 5570355.271966962143779, 556.3 ], [ 355420.65727413771674, 5570349.548225301317871, 556.3 ], [ 355447.44694788090419, 5570340.80781530495733, 556.2 ], [ 355481.023232468985952, 5570329.880069835111499, 556.8 ], [ 355514.599646946182474, 5570318.952539457939565, 558.1 ], [ 355513.100380358693656, 5570284.836706810630858, 559.8 ], [ 355504.79110709921224, 5570265.147481258027256, 560.2 ], [ 355490.083602658531163, 5570240.959574178792536, 559.9 ], [ 355508.019022621796466, 5570237.022224527783692, 559.8 ], [ 355528.465423786197789, 5570231.013917081058025, 559.8 ], [ 355542.16149083833443, 5570228.527196031063795, 560.0 ], [ 355561.453666194458492, 5570229.893553209491074, 560.1 ], [ 355577.501056163746398, 5570232.572125839069486, 560.4 ], [ 355617.197928826906718, 5570239.502753892913461, 560.7 ], [ 355656.891661423956975, 5570246.322499833069742, 560.6 ], [ 355703.95545342436526, 5570254.054752390831709, 560.8 ], [ 355751.087330056121573, 5570261.674305807799101, 561.6 ], [ 355792.406373462756164, 5570265.335618352517486, 560.9 ], [ 355833.793586850049905, 5570268.884138647466898, 559.5 ], [ 355875.112488070386462, 5570272.546092784963548, 557.4 ], [ 355885.194817554496694, 5570263.037810248322785, 557.3 ], [ 355902.160027422709391, 5570247.000907406210899, 557.2 ], [ 355929.204811478033662, 5570221.344688476063311, 556.4 ], [ 355962.9723676397698, 5570209.524805499240756, 554.9 ], [ 355996.814344728772994, 5570197.814383923076093, 553.5 ], [ 356030.757882394362241, 5570187.214019214734435, 552.1 ], [ 356064.704561980674043, 5570176.725051313638687, 550.5 ], [ 356089.4403924344806, 5570165.818488474935293, 549.3 ], [ 356114.105057873181067, 5570154.913974817842245, 548.1 ], [ 356123.914154326776043, 5570151.087783992290497, 547.6 ], [ 356153.059485551842954, 5570139.728224501013756, 546.5 ], [ 356190.264732630283106, 5570131.043171312659979, 545.5 ], [ 356227.470090341055766, 5570122.358381204307079, 544.8 ], [ 356265.965314401662908, 5570116.531652770936489, 544.1 ], [ 356303.867398671689443, 5570112.50140346493572, 543.2 ], [ 356324.566996869107243, 5570105.26552268769592, 542.3 ], [ 356357.103529792628251, 5570092.702732241712511, 540.9 ], [ 356397.55372615903616, 5570072.137937823310494, 539.1 ], [ 356438.078498323739041, 5570051.682707643136382, 537.7 ], [ 356469.268824318423867, 5570034.150412166491151, 537.3 ], [ 356460.684121270722244, 5570006.790458479896188, 537.0 ], [ 356456.128945901291445, 5569988.667254433967173, 536.7 ], [ 356446.151885459432378, 5569962.568817252293229, 536.0 ], [ 356445.556810304522514, 5569959.024639766663313, 535.9 ], [ 356448.105855674832128, 5569945.159650000743568, 535.7 ], [ 356454.051620798069052, 5569930.312735020183027, 535.6 ], [ 356466.22496745234821, 5569908.399401652626693, 535.6 ], [ 356484.228983349748887, 5569891.112565598450601, 535.9 ], [ 356502.721693498257082, 5569878.70795516576618, 536.3 ], [ 356508.661268604511861, 5569871.538110415451229, 536.2 ], [ 356524.435657385853119, 5569864.102434071712196, 536.5 ], [ 356541.59467118466273, 5569849.842624914832413, 536.2 ], [ 356556.755788447451778, 5569827.626263678073883, 534.7 ], [ 356566.219988368218765, 5569800.446002937853336, 531.9 ], [ 356612.233727038721554, 5569785.073059734888375, 531.2 ], [ 356644.505979959270917, 5569783.75637816824019, 531.8 ], [ 356671.657417067559436, 5569777.682796117849648, 531.9 ], [ 356686.220745895290747, 5569770.280324011109769, 531.6 ], [ 356711.776603637903463, 5569750.008982394821942, 530.4 ], [ 356737.33265623828629, 5569729.737767962738872, 529.4 ], [ 356757.702023521764204, 5569712.833127977326512, 528.6 ], [ 356765.761465500283521, 5569702.26865048147738, 528.0 ], [ 356771.92450487788301, 5569684.857350958511233, 527.1 ], [ 356771.049829962546937, 5569678.873012728057802, 526.8 ], [ 356768.190265094162896, 5569657.477352540940046, 525.9 ], [ 356785.464855533617083, 5569626.304047452285886, 524.4 ], [ 356802.739659253275022, 5569595.130803682841361, 522.8 ], [ 356807.333424178650603, 5569582.991019305773079, 522.2 ], [ 356824.112150076485705, 5569538.702792223542929, 520.2 ], [ 356834.143177105812356, 5569513.955497194081545, 519.1 ], [ 356836.345219486160204, 5569508.333211716264486, 518.8 ], [ 356846.702748857322149, 5569482.464561952278018, 517.9 ], [ 356856.98611749347765, 5569456.486679774709046, 517.2 ], [ 356860.989656591555104, 5569446.254255971871316, 517.0 ], [ 356875.826288335956633, 5569422.490071083419025, 516.4 ], [ 356890.588788762979675, 5569398.61667500808835, 515.6 ], [ 356912.379428994143382, 5569381.451889401301742, 514.5 ], [ 356936.362334809382446, 5569366.230765346437693, 515.6 ], [ 356960.274102708557621, 5569351.011672782711685, 516.0 ], [ 356998.607840825628955, 5569325.724778655916452, 516.2 ], [ 357036.941939604585059, 5569300.438168872147799, 515.8 ], [ 357068.953367682988755, 5569273.430685802362859, 516.1 ], [ 357103.250275654834695, 5569238.573857104405761, 515.0 ], [ 357108.570878261933103, 5569232.200223688967526, 514.6 ], [ 357113.64774757437408, 5569224.720578860491514, 514.2 ], [ 357138.278200741158798, 5569188.455301091074944, 512.5 ], [ 357152.413568208634388, 5569167.714813940227032, 511.4 ], [ 357165.743063053814694, 5569140.876880301162601, 510.1 ], [ 357179.072700741235167, 5569114.03898362070322, 508.6 ], [ 357202.112551225116476, 5569095.506795072928071, 507.2 ], [ 357220.099303030059673, 5569085.343658450059593, 506.1 ], [ 357239.65972932317527, 5569072.690606668591499, 505.7 ], [ 357246.391730518080294, 5569068.393071841448545, 505.5 ], [ 357282.337987606006209, 5569060.306237115524709, 505.1 ], [ 357318.358608845155686, 5569052.32890952937305, 504.9 ], [ 357354.305063543259166, 5569044.242566081695259, 505.4 ], [ 357385.102894402865786, 5569043.637750475667417, 505.5 ], [ 357414.210964941885322, 5569043.857293242588639, 504.9 ], [ 357443.247748403809965, 5569044.078909249044955, 504.0 ], [ 357454.726041432470083, 5569041.211817315779626, 503.5 ], [ 357465.975238572224043, 5569035.124438351020217, 503.3 ], [ 357482.640187736600637, 5569018.211011073552072, 502.3 ], [ 357507.902039977780078, 5568992.055080660618842, 501.5 ], [ 357531.246225934650283, 5568971.513600131496787, 499.6 ], [ 357542.246959849493578, 5568972.108495191670954, 499.8 ], [ 357580.859838784032036, 5568978.304364026524127, 499.7 ], [ 357603.672430990613066, 5568983.144114091992378, 498.0 ], [ 357620.209793168643955, 5568990.711145649664104, 497.6 ], [ 357636.423772384529002, 5569002.180897905491292, 497.3 ], [ 357651.108060445636511, 5569012.467878894880414, 496.7 ], [ 357672.418629177263938, 5569027.806354301050305, 495.8 ], [ 357693.726094527402893, 5569043.033736040815711, 495.1 ], [ 357730.236988575838041, 5569066.643102155067027, 494.1 ], [ 357767.668195571459364, 5569090.005537097342312, 493.1 ], [ 357805.024815271259286, 5569113.258962211199105, 492.1 ], [ 357842.455356649938039, 5569136.621913705021143, 491.3 ], [ 357869.1285691189114, 5569155.155259474180639, 490.9 ], [ 357876.689010257716291, 5569141.824549065902829, 489.8 ], [ 357892.552392098063137, 5569113.585696061141789, 487.5 ], [ 357916.050852162006777, 5569072.125515005551279, 481.9 ], [ 357932.553075362695381, 5569041.088285864330828, 476.8 ], [ 357949.126779691665433, 5569010.04920594021678, 471.9 ], [ 357964.441573427291587, 5568982.60408378764987, 467.4 ], [ 357984.594196087215096, 5568944.015190724283457, 461.4 ], [ 357990.566309310263023, 5568929.94835866894573, 459.2 ], [ 357996.464366840431467, 5568921.112585354596376, 457.8 ], [ 358003.722693221585359, 5568912.46295565739274, 456.4 ], [ 358024.333830609451979, 5568896.335848449729383, 453.3 ], [ 358026.852321215090342, 5568894.488399436697364, 453.0 ], [ 358037.19952875142917, 5568886.646283564157784, 451.6 ], [ 358047.13995003135642, 5568882.264023599214852, 450.6 ], [ 358059.946331431157887, 5568873.021130116656423, 449.0 ], [ 358073.227860050275922, 5568857.535193051211536, 446.8 ], [ 358093.079051032254938, 5568836.978417871519923, 443.8 ], [ 358104.162942417431623, 5568819.326166534796357, 441.6 ], [ 358111.629586944007315, 5568823.799420428462327, 441.4 ], [ 358123.396654004696757, 5568802.346231701783836, 438.8 ], [ 358142.648298252082895, 5568775.352796074934304, 435.7 ], [ 358146.36381775396876, 5568786.26794230658561, 436.2 ], [ 358169.556884870864451, 5568759.948116871528327, 433.4 ], [ 358181.600521029555239, 5568743.494235745631158, 431.6 ], [ 358189.295996041037142, 5568735.166981062851846, 430.7 ], [ 358204.057360421051271, 5568718.974347038194537, 428.7 ], [ 358215.13591040938627, 5568703.770145171321929, 426.8 ], [ 358212.296723034931347, 5568688.270037989132106, 425.7 ], [ 358211.382001305464655, 5568683.399174249731004, 425.4 ], [ 358211.168260361650027, 5568675.394409737549722, 424.4 ], [ 358213.912753345328383, 5568665.975577781908214, 422.7 ], [ 358217.165023358655162, 5568664.887430680915713, 422.4 ], [ 358213.912753345328383, 5568665.975577781908214, 422.7 ], [ 358181.621992505039088, 5568650.816928072832525, 421.6 ], [ 358149.399354740278795, 5568635.545390170067549, 419.6 ], [ 358116.136998187401332, 5568624.084545288234949, 419.3 ], [ 358104.286179230664857, 5568618.39334374666214, 418.1 ], [ 358103.706969902559649, 5568612.734732339158654, 417.1 ], [ 358141.971151003031991, 5568587.124688935466111, 415.51906 ], [ 358354.161741632386111, 5568564.660761712118983, 417.49973 ], [ 358406.730119210900739, 5568569.822946051135659, 416.9 ], [ 358413.138014484895393, 5568545.286951836198568, 424.2 ], [ 358411.442163330328185, 5568543.218297458253801, 424.2 ], [ 358406.874340907437727, 5568537.777273669838905, 424.3 ], [ 358403.399622922821436, 5568530.527004987932742, 425.2 ], [ 358397.706731052545365, 5568512.321507904678583, 428.3 ], [ 358385.061564399860799, 5568474.164011113345623, 434.5 ], [ 358373.565444843843579, 5568441.649968594312668, 437.1 ], [ 358364.917783909360878, 5568406.278567084111273, 437.7 ], [ 358356.267059001489542, 5568370.796002058312297, 436.7 ], [ 358354.606954944552854, 5568364.721180718392134, 436.5 ], [ 358350.407575834600721, 5568351.704938254319131, 435.8 ], [ 358342.956364271230996, 5568323.755828453227878, 435.2 ], [ 358335.502118871547282, 5568295.695551529526711, 434.8 ], [ 358329.264972362434492, 5568283.846244176849723, 433.8 ], [ 358324.355357522610575, 5568276.300526714883745, 433.0 ], [ 358321.587534822931048, 5568263.468626038171351, 433.0 ], [ 358317.411947714164853, 5568246.001515361480415, 432.7 ], [ 358315.187811729789246, 5568229.483652766793966, 432.8 ], [ 358315.915731345652603, 5568224.68020948395133, 433.2 ], [ 358317.116081775981002, 5568216.192703009583056, 433.8 ], [ 358319.213634051848203, 5568203.898545902222395, 434.7 ], [ 358321.82186562026618, 5568197.376097345724702, 435.6 ], [ 358327.308787268819287, 5568181.097556497901678, 437.8 ], [ 358333.214928607456386, 5568156.463615752756596, 440.7 ], [ 358334.730958668980747, 5568130.389195737428963, 442.6 ], [ 358335.706585937994532, 5568100.10145219694823, 445.3 ], [ 358335.469111050944775, 5568096.547584210522473, 445.5 ], [ 358334.590381531510502, 5568085.000365739688277, 446.3 ], [ 358333.206924144702498, 5568067.903794527053833, 447.8 ], [ 358324.582404129614588, 5568030.751724424771965, 450.0 ], [ 358323.765928880195133, 5568021.539229555055499, 451.3 ], [ 358320.62365246633999, 5568010.719931379891932, 452.0 ], [ 358309.815413598553278, 5567979.967742564156651, 453.3 ], [ 358307.69171625416493, 5567975.240375457331538, 453.3 ], [ 358304.050236640381627, 5567967.104554533958435, 453.3 ], [ 358296.066088021732867, 5567953.966803586110473, 452.4 ], [ 358291.595872796489857, 5567944.184255403466523, 452.3 ], [ 358277.89403272641357, 5567914.62188714183867, 451.7 ], [ 358273.791989943827502, 5567907.944705359637737, 451.2 ], [ 358266.960970789776184, 5567873.860030641779304, 453.5 ], [ 358260.126912666717544, 5567839.664187583141029, 454.5 ], [ 358256.286767255864106, 5567816.069064036011696, 453.7 ], [ 358257.157394773326814, 5567808.591656041331589, 453.6 ], [ 358258.666885619924869, 5567795.645639769732952, 452.0 ], [ 358273.719409110839479, 5567779.556839752011001, 452.2 ], [ 358292.440666794544086, 5567764.594028005376458, 452.9 ], [ 358304.412654583109543, 5567753.371529346331954, 453.2 ], [ 358299.151688002399169, 5567754.068156533874571, 452.2 ], [ 358295.6701197498478, 5567754.606061677448452, 451.5 ], [ 358282.949822329450399, 5567759.173167994245887, 449.8 ], [ 358258.376322704541963, 5567779.409969185478985, 448.5 ], [ 358248.849342992587481, 5567788.675970500335097, 448.0 ], [ 358237.783924228162505, 5567788.41500380448997, 447.0 ], [ 358225.491815715271514, 5567782.290214902721345, 449.3 ], [ 358218.938830153085291, 5567777.347334466874599, 451.1 ], [ 358217.194982787885237, 5567781.510368193499744, 450.8 ], [ 358212.272376501350664, 5567794.881277990527451, 449.2 ], [ 358211.116632463294081, 5567802.366306859068573, 448.1 ], [ 358213.043929334264249, 5567826.457493673078716, 446.1 ], [ 358214.100992018822581, 5567844.675323118455708, 445.3 ], [ 358215.357427652110346, 5567848.980782827362418, 445.0 ], [ 358217.558411473291926, 5567856.598720878362656, 444.5 ], [ 358213.471156678104308, 5567847.807314812205732, 445.3 ], [ 358204.247919699992053, 5567833.701455329544842, 446.9 ], [ 358186.704161551315337, 5567815.256240674294531, 449.4 ], [ 358169.157315101358108, 5567796.699905051849782, 450.8 ], [ 358155.507740679895505, 5567779.819648942910135, 451.2 ], [ 358138.492524384579156, 5567751.792411418631673, 451.7 ], [ 358130.394804337061942, 5567737.100324225611985, 452.4 ], [ 358119.406684294692241, 5567715.69880866073072, 453.1 ], [ 358100.88194500899408, 5567697.94759164005518, 455.3 ], [ 358085.0871077288175, 5567680.902294049039483, 457.7 ], [ 358079.178507655044086, 5567670.713304772041738, 458.2 ], [ 358065.846201777691022, 5567636.35751033667475, 458.4 ], [ 358052.442441616556607, 5567602.00365309137851, 458.4 ], [ 358043.357989736425225, 5567582.442763459868729, 458.6 ], [ 358038.625618811347522, 5567573.557457133196294, 458.8 ], [ 358034.160607277590316, 5567566.667626078240573, 459.0 ], [ 358013.900339901971165, 5567566.764106004498899, 462.2 ], [ 358003.434494168322999, 5567564.929987978190184, 463.3 ], [ 358000.680623054271564, 5567563.33475542627275, 463.4 ], [ 357996.907785264484119, 5567560.987967975437641, 463.5 ], [ 357992.546699499420356, 5567555.319212785921991, 463.3 ], [ 357990.642374031245708, 5567548.138447174802423, 463.2 ], [ 357989.620328567281831, 5567539.265247358940542, 463.0 ], [ 357988.256548669596668, 5567522.946995844133198, 463.2 ], [ 357988.648496936191805, 5567508.250655442476273, 463.1 ], [ 357986.96692983264802, 5567498.727548503316939, 463.4 ], [ 357983.740648313076235, 5567495.476104536093771, 464.0 ], [ 357979.023085350636393, 5567495.157201976515353, 464.9 ], [ 357976.979219961795025, 5567496.101898119784892, 465.3 ], [ 357974.650163014419377, 5567497.054220009595156, 465.8 ], [ 357972.395419381384272, 5567500.785969656892121, 466.2 ], [ 357975.853636968939099, 5567518.049530240707099, 465.5 ], [ 357976.254753264889587, 5567522.377811168320477, 465.4 ], [ 357972.033540878968779, 5567535.285174794495106, 466.3 ], [ 357965.465482916100882, 5567548.477806362323463, 467.9 ], [ 357962.298768493114039, 5567552.790229422040284, 468.7 ], [ 357949.135689052054659, 5567562.15399581938982, 471.7 ], [ 357944.762949574564118, 5567569.391352692618966, 473.1 ], [ 357944.370962223270908, 5567576.077230463735759, 474.1 ], [ 357946.462476261192933, 5567582.251667132601142, 475.0 ], [ 357949.403545268229209, 5567585.510714707896113, 475.3 ], [ 357955.347996835247613, 5567589.023220405913889, 475.3 ], [ 357976.146039458108135, 5567598.368942748755217, 474.7 ], [ 357983.9263771106489, 5567603.835011582821608, 474.6 ], [ 357971.633630819269456, 5567603.051111007109284, 476.7 ], [ 357959.54287813307019, 5567601.816811074502766, 477.9 ], [ 357920.843445525388233, 5567595.39757885877043, 480.9 ], [ 357904.216271842131391, 5567589.945733169093728, 482.3 ], [ 357898.833155665604863, 5567583.41433768440038, 482.3 ], [ 357897.166228912887163, 5567571.776984077878296, 482.0 ], [ 357895.252854948455933, 5567564.262719032354653, 482.9 ], [ 357889.661846061819233, 5567560.629565398208797, 484.5 ], [ 357885.743648168747313, 5567566.185964545235038, 485.0 ], [ 357880.132357694557868, 5567577.79552360996604, 485.7 ], [ 357878.935548925655894, 5567589.064465427771211, 486.9 ], [ 357881.410755631048232, 5567606.910562354139984, 489.0 ], [ 357890.433056670124643, 5567616.125996020622551, 489.1 ], [ 357901.237653782009147, 5567622.623605820350349, 488.7 ], [ 357921.260626647854224, 5567643.004251861013472, 490.5 ], [ 357931.750415755377617, 5567656.408250080421567, 491.9 ], [ 357939.69709983735811, 5567662.75985683593899, 491.8 ], [ 357939.325882969656959, 5567667.553818858228624, 492.4 ], [ 357939.076444998267107, 5567671.565727812238038, 492.8 ], [ 357912.842512235511094, 5567669.708499949425459, 494.8 ], [ 357886.679851139895618, 5567667.849493816494942, 496.4 ], [ 357863.057866939576343, 5567686.282602636143565, 498.1 ], [ 357847.671905868861359, 5567663.21917191427201, 498.3 ], [ 357818.125533877522685, 5567660.227230751886964, 498.6 ], [ 357793.31428123236401, 5567655.551088607870042, 498.5 ], [ 357783.900092837051488, 5567653.021711612120271, 498.7 ], [ 357760.758196905488148, 5567646.743429618887603, 499.2 ], [ 357748.388242269167677, 5567645.739601712673903, 499.5 ], [ 357702.55936133308569, 5567642.183054905384779, 500.6 ], [ 357674.726843691663817, 5567639.257246660999954, 501.5 ], [ 357631.562391876999754, 5567633.961063798516989, 503.1 ], [ 357617.314824707922526, 5567632.117806933820248, 503.7 ], [ 357394.565431267488748, 5567576.234232423827052, 503.31483 ], [ 357208.18704824935412, 5567477.437988990917802, 502.21008 ], [ 357105.443375264760107, 5567482.759678670205176, 500.59235 ], [ 357062.335277577862144, 5567408.041903253644705, 496.4224 ], [ 356943.252549121971242, 5567307.444172865711153, 495.93306 ], [ 356877.834546205762308, 5567379.409707772545516, 489.00556 ], [ 356735.371201770263724, 5567322.169337602332234, 468.60934 ], [ 356612.089207222277764, 5567269.866529140621424, 467.5 ], [ 356608.262217098264955, 5567268.189698803238571, 467.6 ], [ 356599.966515620821156, 5567264.853367941454053, 467.8 ], [ 356592.392822443449404, 5567261.831332826986909, 468.0 ], [ 356585.030753200524487, 5567261.362524832598865, 468.1 ], [ 356575.146847636206076, 5567262.630676992237568, 468.7 ], [ 356558.805266368843149, 5567267.855971494689584, 470.4 ], [ 356518.381035898055416, 5567261.1595547972247, 472.9 ], [ 356477.959693789773155, 5567254.574620543047786, 476.3 ], [ 356458.603099142783321, 5567251.203561252914369, 477.7 ], [ 356419.084473575232551, 5567243.704613127745688, 481.2 ], [ 356396.102348493062891, 5567256.675431445240974, 483.7 ], [ 356394.126408515090588, 5567265.406967206858099, 484.1 ], [ 356388.618772127607372, 5567286.02732252702117, 484.9 ], [ 356382.873236441635527, 5567305.764053544960916, 485.5 ], [ 356342.531033348815981, 5567304.740918442606926, 487.3 ], [ 356334.757943322882056, 5567291.711412718519568, 488.2 ], [ 356326.654083312489092, 5567284.921313809230924, 488.8 ], [ 356310.480246556981001, 5567275.234266598708928, 489.8 ], [ 356293.528923088451847, 5567268.461007748730481, 490.9 ], [ 356263.943013282318134, 5567264.143532674759626, 492.6 ], [ 356248.914625434903428, 5567259.877322084270418, 493.6 ], [ 356235.851670403091703, 5567251.775188477709889, 494.7 ], [ 356210.888712103362195, 5567231.089209510944784, 496.8 ], [ 356194.113980115507729, 5567220.306181807070971, 498.1 ], [ 356178.18972000136273, 5567211.947860391810536, 499.3 ], [ 356139.451791281229816, 5567196.41923145018518, 502.5 ], [ 356142.336223593913019, 5567186.995434451848269, 502.7 ], [ 356143.210084332560655, 5567179.7399877673015, 503.1 ], [ 356142.336223593913019, 5567186.995434451848269, 502.7 ], [ 356139.451791281229816, 5567196.41923145018518, 502.5 ], [ 356105.302061950729694, 5567184.326864263042808, 506.6 ], [ 356083.437350571970455, 5567172.680710868909955, 510.0 ], [ 356065.750340749684256, 5567154.579734862782061, 511.5 ], [ 356051.342107810487505, 5567149.518452192656696, 512.1 ], [ 356017.301292268792167, 5567120.401153, 515.5 ], [ 356004.518818229204044, 5567109.510497848503292, 516.8 ], [ 355981.281676169484854, 5567092.005246739834547, 519.3 ], [ 355977.346872692112811, 5567088.996678109280765, 519.7 ], [ 355964.059855579398572, 5567056.869443321600556, 521.8 ], [ 355950.840981338347774, 5567024.629130297340453, 522.0 ], [ 355938.444581525109243, 5566999.042045674286783, 522.9 ], [ 355918.079786857706495, 5566966.439276684075594, 525.2 ], [ 355898.2410348552512, 5566934.82363433483988, 528.3 ], [ 355878.402057549683377, 5566903.208063059486449, 531.5 ], [ 355862.741962412837893, 5566875.707009608857334, 533.9 ], [ 355843.386401333613321, 5566835.622797361575067, 536.4 ], [ 355824.104892422677949, 5566795.647894096560776, 537.5 ], [ 355818.955357905477285, 5566787.331986186094582, 537.5 ], [ 355816.566533856093884, 5566772.933210860937834, 537.3 ], [ 355811.109774587792344, 5566740.14878757763654, 536.8 ], [ 355799.636354297574144, 5566693.397826427593827, 534.8 ], [ 355784.844381905801129, 5566647.960795177146792, 531.8 ], [ 355764.574453684617765, 5566605.787726853042841, 528.3 ], [ 355744.232914107618853, 5566563.6166682979092, 524.7 ], [ 355723.962384915212169, 5566521.443747883662581, 520.7 ], [ 355708.387304091418628, 5566502.396416912786663, 518.3 ], [ 355701.756749228574336, 5566492.118168273940682, 517.2 ], [ 355678.147181390260812, 5566453.151310432702303, 513.1 ], [ 355670.078880540793762, 5566437.237960366532207, 511.5 ], [ 355667.182930487557314, 5566433.08879329636693, 511.0 ], [ 355634.358168704435229, 5566406.944626765325665, 507.0 ], [ 355631.159975898219272, 5566404.806342482566833, 506.7 ], [ 355616.901640951284207, 5566394.846681821160018, 505.0 ], [ 355607.924666334292851, 5566387.525013947859406, 503.9 ], [ 355606.797565865912475, 5566385.441726740449667, 503.7 ], [ 355600.531210034154356, 5566359.688752984628081, 501.4 ], [ 355578.008831215207465, 5566316.131143877282739, 496.8 ], [ 355567.659200522233732, 5566289.821622034534812, 494.1 ], [ 355562.184305531147402, 5566253.811383227817714, 490.3 ], [ 355558.31334635685198, 5566229.550964072346687, 487.5 ], [ 355557.495035147760063, 5566220.450001704506576, 486.5 ], [ 355558.827081370865926, 5566209.065421417355537, 485.1 ], [ 355587.724138435674831, 5566179.909157799556851, 481.2 ], [ 355616.62151650886517, 5566150.753058372996747, 477.0 ], [ 355645.590532700065523, 5566121.595185989513993, 472.9 ], [ 355674.488553167204373, 5566092.439415352419019, 470.1 ], [ 355685.463134078483563, 5566086.578469507396221, 470.0 ], [ 355696.559620180050842, 5566087.834776600822806, 470.4 ], [ 355730.350037260795943, 5566110.059129730798304, 472.8 ], [ 355764.140169183840044, 5566132.283693065866828, 475.5 ], [ 355797.9330326319905, 5566154.619643091224134, 478.5 ], [ 355831.722593549522571, 5566176.844626842997968, 481.9 ], [ 355847.227332823094912, 5566174.866420223377645, 482.2 ], [ 355852.420306709362194, 5566171.610330617055297, 482.0 ], [ 355858.245034436753485, 5566165.333137571811676, 481.4 ], [ 355859.469331888249144, 5566157.845626109279692, 480.7 ], [ 355859.211970160889905, 5566145.725453638471663, 479.4 ], [ 355858.52144590660464, 5566120.266036468558013, 476.8 ], [ 355857.57356599054765, 5566082.686448746360838, 473.2 ], [ 355856.809358028578572, 5566036.089962233789265, 470.1 ], [ 355855.973847762856167, 5565989.495412951335311, 466.8 ], [ 355855.135337489889935, 5565942.789690136909485, 463.4 ], [ 355854.371177890105173, 5565896.193212428130209, 460.0 ], [ 355853.532698880764656, 5565849.487495498731732, 456.7 ], [ 355853.523997689364478, 5565804.428150991909206, 453.6 ], [ 355853.515324317151681, 5565759.368809356354177, 450.8 ], [ 355853.506678763893433, 5565714.309470592997968, 448.3 ], [ 355853.228982843807898, 5565680.383251329883933, 446.5 ], [ 355852.876960755442269, 5565646.347791476175189, 444.9 ], [ 355852.527965140878223, 5565612.423509618267417, 443.4 ], [ 355859.204784538829699, 5565563.845139402896166, 441.4 ], [ 355853.154170032939874, 5565556.554923337884247, 441.2 ], [ 355832.684460874297656, 5565520.283613874576986, 440.2 ], [ 355808.398947399633471, 5565477.55164681468159, 439.2 ], [ 355784.116080506762955, 5565434.930962364189327, 438.2 ], [ 355759.829828107845969, 5565392.199207755737007, 437.1 ], [ 355735.617550680646673, 5565349.576799985021353, 435.9 ], [ 355719.039450136944652, 5565319.987009526230395, 435.1 ], [ 355702.464192907325923, 5565290.508444892242551, 434.1 ], [ 355685.888761783251539, 5565261.02992973010987, 433.2 ], [ 355675.210749674995895, 5565241.070815352723002, 432.6 ], [ 355672.539169119438156, 5565234.690367560833693, 432.4 ], [ 355672.176487227785401, 5565234.477697763592005, 432.4 ], [ 355639.424418820766732, 5565213.89416019897908, 432.0 ], [ 355630.924908844870515, 5565208.450804566964507, 431.9 ], [ 355614.554582784068771, 5565194.431823011487722, 431.5 ], [ 355604.169101817999035, 5565185.25694824103266, 431.3 ], [ 355583.720305676339194, 5565163.004460806027055, 431.1 ], [ 355575.842188617505599, 5565151.536355438642204, 431.2 ], [ 355568.269341864506714, 5565138.168574515730143, 431.3 ], [ 355562.404206576873548, 5565121.972945809364319, 431.5 ], [ 355558.046047122625168, 5565106.07015238609165, 431.7 ], [ 355547.253162879729643, 5565076.65742373559624, 432.0 ], [ 355543.712127776583657, 5565067.185422170907259, 432.2 ], [ 355542.402824734221213, 5565063.660731664858758, 432.3 ], [ 355532.713499281962868, 5565043.341227050870657, 432.6 ], [ 355511.475798250525258, 5564999.971328218467534, 433.9 ], [ 355499.845810002181679, 5564973.919182070530951, 434.7 ], [ 355486.745488903135993, 5564956.807696146890521, 435.4 ], [ 355479.115326345199719, 5564949.2270188331604, 435.8 ], [ 355469.132382104056887, 5564931.252021727152169, 436.3 ], [ 355465.799103002995253, 5564908.423406136222184, 436.7 ], [ 355459.860908554634079, 5564889.559655368328094, 437.1 ] ] ] } },
{ "type": "Feature", "properties": { "name": "Gerolsteiner Dolomiten Acht (Felsenpfad)", "km": 8.858, "darstell": "F1" }, "geometry": { "type": "MultiLineString", "coordinates": [ [ [ 332894.557817770168185, 5566029.489147175103426, 357.3481 ], [ 332894.545817152247764, 5566042.732079264707863, 356.13736 ], [ 332898.637088849791326, 5566052.507542848587036, 356.10251 ], [ 332905.570173480431549, 5566057.297257802449167, 356.45643 ], [ 332916.333134878892452, 5566056.736328022554517, 357.25701 ], [ 332926.150774953828659, 5566051.086167007684708, 358.36095 ], [ 332941.447673447604757, 5566053.943787687458098, 358.30248 ], [ 332950.455277882167138, 5566065.679113211110234, 357.56961 ], [ 332954.612819264293648, 5566077.566887308843434, 357.01365 ], [ 332959.62995003873948, 5566078.188174707815051, 356.99145 ], [ 332971.513343054219149, 5566065.573695844970644, 357.79426 ], [ 333015.348225255962461, 5566065.531673931516707, 358.0857 ], [ 332997.962853861274198, 5566109.811698220670223, 359.85046 ], [ 332999.541566751140635, 5566116.88413174264133, 360.43757 ], [ 333005.505354641878512, 5566120.369042994454503, 360.48525 ], [ 333038.49715652957093, 5566122.893533946014941, 360.75861 ], [ 333032.570340846548788, 5566122.857162488624454, 360.74179 ], [ 333031.424754155101255, 5566129.570062506012619, 360.91738 ], [ 333020.011020457430277, 5566127.591730387881398, 360.80727 ], [ 333014.293687905184925, 5566161.489766106009483, 361.43884 ], [ 333010.620657655992545, 5566183.193855810910463, 362.88681 ], [ 333005.754416574782226, 5566191.915462661534548, 363.7736 ], [ 333015.564568785135634, 5566197.393879253417253, 364.27362 ], [ 333027.345246749173384, 5566199.694511341862381, 364.37188 ], [ 333027.175218906253576, 5566203.372154590673745, 364.90195 ], [ 333007.573557150666602, 5566202.096235890872777, 365.02544 ], [ 332993.797179727582261, 5566290.7756770811975, 377.23336 ], [ 332964.708686913363636, 5566292.023701246827841, 377.71245 ], [ 332952.493046413059346, 5566350.830688982270658, 390.70433 ], [ 332925.497738658974413, 5566341.441360089927912, 389.64651 ], [ 332898.225397042057011, 5566341.408564591780305, 390.9621 ], [ 332895.444584553479217, 5566346.058566527441144, 392.31314 ], [ 332874.717644897056744, 5566343.038032837212086, 392.45434 ], [ 332858.332912793033756, 5566364.585632755421102, 400.11507 ], [ 332825.523040097672492, 5566381.419697415083647, 409.22922 ], [ 332780.185547741595656, 5566358.586573570035398, 403.17551 ], [ 332742.801172695239075, 5566386.582040191628039, 416.94332 ], [ 332719.605574596091174, 5566391.318284698762, 414.56086 ], [ 332685.969750202319119, 5566406.843853572383523, 414.45342 ], [ 332655.370717107900418, 5566437.185848088003695, 415.49289 ], [ 332645.389255817048252, 5566462.538697891868651, 420.70604 ], [ 332640.576161805714946, 5566497.855495751835406, 431.55504 ], [ 332637.084095035970677, 5566536.580451962538064, 440.61654 ], [ 332638.442052526632324, 5566568.364440470002592, 448.7792 ], [ 332659.9846132780076, 5566547.432628584094346, 451.66385 ], [ 332656.655093982350081, 5566564.118545966222882, 454.60752 ], [ 332663.698599564610049, 5566592.830153182148933, 462.8408 ], [ 332681.789513701573014, 5566596.044102594256401, 465.16201 ], [ 332691.058537832577713, 5566593.415332983247936, 465.85117 ], [ 332692.025040367501788, 5566581.032566338777542, 465.41425 ], [ 332685.395593613618985, 5566570.001780725084245, 463.50683 ], [ 332694.374601833347697, 5566551.35749906860292, 462.61006 ], [ 332713.705943182809278, 5566489.654943918809295, 453.41101 ], [ 332718.242810451018158, 5566481.833651802502573, 452.81849 ], [ 332729.217198690632358, 5566472.140497107990086, 454.30786 ], [ 332765.288844641996548, 5566461.434946885332465, 456.37827 ], [ 332766.125576066260692, 5566451.727063832804561, 451.94845 ], [ 332761.979914006777108, 5566478.78782070428133, 462.97281 ], [ 332764.026881730766036, 5566496.194709765724838, 466.66355 ], [ 332979.647314421948977, 5566721.881600771099329, 490.41982 ], [ 332987.70227179734502, 5566732.867908989079297, 492.26894 ], [ 332977.58109106530901, 5566735.634235218167305, 493.13941 ], [ 332963.606719263829291, 5566747.53555010445416, 495.66653 ], [ 332970.271103136008605, 5566752.890161224640906, 496.7634 ], [ 332961.691591176902875, 5566759.28036752063781, 498.09937 ], [ 332981.798064219765365, 5566765.325270550325513, 499.07171 ], [ 332993.58703107672045, 5566786.098318869248033, 502.49779 ], [ 332973.535658042121213, 5566799.97112952452153, 505.547 ], [ 332954.480540128832217, 5566834.177320714108646, 503.10525 ], [ 332973.410782961524092, 5566839.146335864439607, 506.87902 ], [ 333022.733278949046507, 5566873.095116234384477, 508.62475 ], [ 333048.30477826227434, 5566896.328497326932847, 506.3581 ], [ 333054.615546635119244, 5566913.156355534680188, 505.43589 ], [ 333059.505580064607784, 5566959.741145645268261, 501.12875 ], [ 333076.637870114645921, 5566987.023383817635477, 499.9222 ], [ 333108.76833391765831, 5567016.839162246324122, 501.60407 ], [ 333126.677640694077127, 5567043.87457081489265, 500.92922 ], [ 333159.225356379291043, 5567061.992920110933483, 504.06681 ], [ 333176.931315728113987, 5567078.01795790437609, 503.36653 ], [ 333197.201734078931622, 5567118.889675483107567, 498.05613 ], [ 333208.408319936832413, 5567123.434260450303555, 499.26077 ], [ 333226.693512989790179, 5567126.087443162687123, 501.89302 ], [ 333267.798483920632862, 5567116.673775630071759, 509.19771 ], [ 333283.386219130596146, 5567101.606721120886505, 510.49966 ], [ 333283.901620260556228, 5567088.45930078998208, 510.24223 ], [ 333291.138042001635768, 5567080.219953974708915, 508.95079 ], [ 333295.399201541149523, 5567059.054004887118936, 507.1071 ], [ 333318.040806599601638, 5567032.192454078234732, 501.35767 ], [ 333345.106602674699388, 5566971.140051172114909, 493.42772 ], [ 333347.036740647163242, 5566964.402611890807748, 492.85842 ], [ 333345.472597973363008, 5566957.774771576747298, 492.88528 ], [ 333357.402616183215287, 5566958.068286594003439, 490.89447 ], [ 333366.081146101932973, 5566973.041693890467286, 489.8341 ], [ 333370.136078544193879, 5566956.667407121509314, 488.52161 ], [ 333376.917374586395454, 5566952.114762218669057, 487.02049 ], [ 333391.17803985363571, 5567003.969937693327665, 486.73104 ], [ 333412.000934623763897, 5567057.956301064230502, 483.73512 ], [ 333430.841204407566693, 5567091.974197258241475, 479.49967 ], [ 333559.647892972105183, 5567218.470762277953327, 468.3933 ], [ 333582.618613012658898, 5567238.560827624052763, 468.48062 ], [ 333604.606308472692035, 5567252.338729333132505, 470.28082 ], [ 333622.001428871881217, 5567294.971144881099463, 468.94076 ], [ 333651.45072993071517, 5567341.899976816959679, 467.98779 ], [ 333701.063600762165152, 5567394.540773986838758, 466.16186 ], [ 333752.571113199228421, 5567434.77047036588192, 465.41293 ], [ 333770.536654371477198, 5567452.34714834112674, 464.28383 ], [ 333807.12996443582233, 5567497.272703564725816, 459.09733 ], [ 333806.084712953073904, 5567507.209436094388366, 456.84602 ], [ 333798.258606847957708, 5567512.573213445022702, 454.87012 ], [ 333748.684667013934813, 5567513.56799026299268, 448.21846 ], [ 333737.001186256820802, 5567514.267481313087046, 446.48681 ], [ 333743.801257199142128, 5567521.733075238764286, 446.54587 ], [ 333770.649985843279865, 5567535.804582307115197, 447.755 ], [ 333909.931414691382088, 5567603.001938695088029, 451.09152 ], [ 334023.753907006816007, 5567597.886505586095154, 461.08058 ], [ 334020.762647321680561, 5567598.091246551834047, 460.76396 ], [ 333984.89022182818735, 5567861.613068070262671, 460.857 ], [ 333996.50029275577981, 5567901.979116306640208, 462.35231 ], [ 334023.090673146652989, 5567967.249160001985729, 465.37458 ], [ 334032.323319608171005, 5568002.348063834011555, 466.07029 ], [ 334038.438089637667872, 5567987.913019607774913, 466.61304 ], [ 334050.729309464222752, 5567983.856716256588697, 467.43089 ], [ 334057.505037707276642, 5567967.731831784360111, 469.18638 ], [ 334073.179498599318322, 5567907.484231028705835, 474.75697 ], [ 334080.974144477630034, 5567862.28320640232414, 477.4727 ], [ 334086.499395868857391, 5567854.098388521932065, 478.63442 ], [ 334091.42440128326416, 5567851.830219742842019, 479.58715 ], [ 334117.325175924925134, 5567853.914608116261661, 484.38792 ], [ 334143.323674281593412, 5567849.986897709779441, 488.97544 ], [ 334149.486693249316886, 5567850.795995471999049, 490.30636 ], [ 334155.741547548444942, 5567856.832437993958592, 492.08695 ], [ 334158.881622695713304, 5567865.970719419419765, 493.35068 ], [ 334157.282521055894904, 5567881.043575203046203, 493.73446 ], [ 334141.56322168034967, 5567946.745039738714695, 490.88233 ], [ 334141.360804418916814, 5567958.547145591117442, 490.76746 ], [ 334159.557246095268056, 5567990.473029103130102, 494.8816 ], [ 334166.109707563649863, 5567990.045887590385973, 496.88991 ], [ 334168.01985424105078, 5567978.079187077470124, 497.92084 ], [ 334169.374807813670486, 5567973.474365005269647, 498.46878 ], [ 334180.854402876575477, 5567963.990941840223968, 502.21736 ], [ 334183.092046267935075, 5567944.224359516985714, 502.99116 ], [ 334188.287354071857408, 5567930.040779205039144, 504.31541 ], [ 334202.764175282558426, 5567909.113195679150522, 507.62903 ], [ 334214.412763896863908, 5567898.177929891273379, 509.92483 ], [ 334221.484029629151337, 5567891.502940365113318, 510.92832 ], [ 334257.997640501998831, 5567872.335986982099712, 513.97493 ], [ 334280.300879461166915, 5567866.632475419901311, 514.40496 ], [ 334311.994475782325026, 5567864.530971066094935, 513.84085 ], [ 334351.5117396004498, 5567863.854880997911096, 511.08756 ], [ 334394.768269624211825, 5567875.525942964479327, 508.2397 ], [ 334412.444041366223246, 5567886.214243561029434, 507.36534 ], [ 334435.761290576308966, 5567894.723702478222549, 505.13504 ], [ 334435.573119908221997, 5567897.845426084473729, 505.47565 ], [ 334436.210927837295458, 5567886.252357679419219, 504.2056 ], [ 334437.990179411543068, 5567854.036792122758925, 500.66212 ], [ 334396.998380374046974, 5567789.102602088823915, 496.50274 ], [ 334382.281165408203378, 5567690.187791391275823, 494.13573 ], [ 334429.717279941658489, 5567677.914843437261879, 491.72664 ], [ 334463.73493531474378, 5567665.615335933864117, 490.44525 ], [ 334521.193686503625941, 5567640.567493794485927, 486.33753 ], [ 334521.326519137888681, 5567635.667013494297862, 486.77821 ], [ 334525.587714001245331, 5567518.133355663158, 491.23147 ], [ 334534.180479252128862, 5567420.495304591022432, 500.04299 ], [ 334550.586579506285489, 5567367.459979767911136, 495.91677 ], [ 334449.999674007529393, 5567275.226066002622247, 498.79826 ], [ 334444.690305761643685, 5567272.053096423856914, 498.83893 ], [ 334439.858723011100665, 5567272.760061144828796, 499.22383 ], [ 334396.45955321873771, 5567295.589817225001752, 499.21379 ], [ 334393.002157129871193, 5567294.584782763384283, 499.01373 ], [ 334284.523537391680293, 5567098.218520060181618, 492.19854 ], [ 334284.127792219456751, 5567090.107375329360366, 491.62469 ], [ 334294.802436691126786, 5567082.207359957508743, 490.53164 ], [ 334298.217349187587388, 5567074.978896106593311, 489.48047 ], [ 334300.76400524599012, 5567037.620461912825704, 484.73499 ], [ 334297.847499994793907, 5567001.322652680799365, 479.5096 ], [ 334302.250146601465531, 5566913.607511231675744, 475.44244 ], [ 334291.886469249962829, 5566888.002329015173018, 478.70508 ], [ 334269.232597947178874, 5566862.00152226537466, 483.63639 ], [ 334264.624395534046926, 5566851.573596722446382, 484.11636 ], [ 334264.242958226590417, 5566839.344625139608979, 483.08637 ], [ 334259.75504264223855, 5566825.908373821526766, 483.03483 ], [ 334182.629438050440513, 5566717.36777260247618, 483.24999 ], [ 334169.531379222054966, 5566702.53106236550957, 484.1581 ], [ 334049.700288605177775, 5566634.718496884219348, 483.49355 ], [ 334050.14264523901511, 5566626.02477837447077, 483.70949 ], [ 334029.484997809282504, 5566602.299440983682871, 483.43923 ], [ 334024.36596846790053, 5566570.966849025338888, 483.18015 ], [ 334014.097629408468492, 5566548.475004154257476, 480.26961 ], [ 333998.661229139717761, 5566527.368702745065093, 474.40171 ], [ 333998.543653861153871, 5566514.463796562515199, 472.31073 ], [ 334010.118166424741503, 5566450.783450635150075, 458.1 ], [ 334010.855925303301774, 5566446.976858593523502, 457.0 ], [ 333990.437464861839544, 5566456.072013271972537, 455.2 ], [ 333972.336224636412226, 5566461.645146962255239, 452.6 ], [ 333955.320535022765398, 5566465.40393113810569, 450.0 ], [ 333949.662490621441975, 5566455.676723757758737, 445.2 ], [ 333956.471297889656853, 5566445.114853630773723, 442.7 ], [ 333946.232885111123323, 5566441.87377639207989, 438.9 ], [ 333952.749483018065803, 5566431.098471257835627, 436.0 ], [ 333943.168858272896614, 5566421.493834417313337, 429.6 ], [ 333933.605569765262771, 5566412.445075931958854, 425.8 ], [ 333926.02057201100979, 5566391.316171993501484, 419.2 ], [ 333927.562004466773942, 5566385.815237497910857, 417.1 ], [ 333926.062855499680154, 5566378.962670137174428, 415.0 ], [ 333923.568505973904394, 5566376.815001732669771, 414.6 ], [ 333926.062855499680154, 5566378.962670137174428, 415.0 ], [ 333927.562004466773942, 5566385.815237497910857, 417.1 ], [ 333924.208546838199254, 5566379.020618139766157, 415.3 ], [ 333918.932732410961762, 5566376.959875090047717, 415.3 ], [ 333909.20894623035565, 5566376.484801502898335, 416.2 ], [ 333894.838958207285032, 5566375.821123033761978, 417.4 ], [ 333884.617584151157644, 5566377.698546749539673, 418.8 ], [ 333871.030446499411482, 5566374.673561959527433, 418.6 ], [ 333850.472878871602006, 5566379.322359109297395, 421.2 ], [ 333838.649532196810469, 5566377.911527396179736, 421.0 ], [ 333815.807983450824395, 5566384.857494275085628, 424.4 ], [ 333795.1964726743754, 5566394.627124719321728, 428.6 ], [ 333761.223824271815829, 5566417.723386096768081, 436.9 ], [ 333730.429508143104613, 5566439.718906899914145, 441.6 ], [ 333729.658914648171049, 5566440.188141578808427, 441.7 ], [ 333698.094269344699569, 5566462.653090885840356, 444.2 ], [ 333666.529888363089412, 5566485.118234016932547, 446.8 ], [ 333633.347867949400097, 5566492.388690315186977, 445.1 ], [ 333600.233764908334706, 5566499.545950286090374, 444.7 ], [ 333600.162446868023835, 5566499.54818345233798, 444.7 ], [ 333566.980586646241136, 5566506.819058004766703, 444.0 ], [ 333559.605428459588438, 5566512.947957240976393, 445.2 ], [ 333525.51642007380724, 5566541.39097192697227, 450.3 ], [ 333506.77767944498919, 5566551.659520085901022, 450.7 ], [ 333491.83201142877806, 5566544.004258438013494, 446.1 ], [ 333493.153307780041359, 5566526.93680125195533, 441.3 ], [ 333501.768291256506927, 5566512.534135358408093, 438.2 ], [ 333487.682370276190341, 5566518.650838256813586, 438.2 ], [ 333463.951373924850486, 5566529.075967215001583, 438.1 ], [ 333430.449724507925566, 5566535.244919429533184, 437.2 ], [ 333418.634025451377966, 5566543.182438280433416, 438.8 ], [ 333390.627704346901737, 5566553.853211313486099, 442.1 ], [ 333379.963354654610157, 5566557.526024950668216, 443.3 ], [ 333371.792946450528689, 5566554.22120295651257, 442.3 ], [ 333364.901159488828853, 5566552.990648022852838, 441.8 ], [ 333354.624178966856562, 5566548.527811614796519, 440.2 ], [ 333346.542489486862905, 5566545.776652579195797, 439.1 ], [ 333340.708401394425891, 5566546.404744697734714, 439.1 ], [ 333330.894159098272212, 5566543.040255960077047, 437.6 ], [ 333320.516336969973054, 5566539.916024981997907, 436.2 ], [ 333311.921442375227343, 5566536.735887545160949, 434.7 ], [ 333311.181942318449728, 5566533.643198545090854, 433.7 ], [ 333309.442420484381728, 5566532.807510319165885, 433.3 ], [ 333304.471107002755161, 5566533.631141566671431, 433.3 ], [ 333303.676150594488718, 5566533.32223354279995, 433.1 ], [ 333294.04093557887245, 5566528.839378082193434, 431.1 ], [ 333282.342537465738133, 5566522.306915445253253, 428.3 ], [ 333269.91772651678184, 5566524.477237583138049, 428.3 ], [ 333252.866184356156737, 5566529.352245192974806, 429.5 ], [ 333232.646834448794834, 5566531.099551781080663, 430.3 ], [ 333215.209996709483676, 5566525.97141956910491, 429.7 ], [ 333217.471231389965396, 5566525.232759858481586, 429.3 ], [ 333235.303768472804222, 5566520.221847293898463, 426.7 ], [ 333261.189839818980545, 5566512.510100165382028, 423.8 ], [ 333264.378219377831556, 5566511.742370394989848, 423.7 ], [ 333280.822843524802011, 5566507.999260541051626, 423.5 ], [ 333297.295038668613415, 5566500.583044235594571, 422.3 ], [ 333303.078780644922517, 5566500.624175989069045, 422.7 ], [ 333343.398230784921907, 5566504.701076748780906, 426.2 ], [ 333344.512399889470544, 5566492.425162468105555, 422.6 ], [ 333315.099739361321554, 5566469.644667864777148, 414.3 ], [ 333310.423765479994472, 5566466.230325756594539, 412.9 ], [ 333309.426545115886256, 5566459.473427879624069, 411.1 ], [ 333323.259491135599092, 5566443.014998713508248, 407.8 ], [ 333324.201844801602419, 5566436.642392407171428, 406.3 ], [ 333324.610420713841449, 5566433.736256748437881, 405.6 ], [ 333322.674347082851455, 5566433.463135294616222, 405.5 ], [ 333313.517287729657255, 5566428.297550182789564, 404.1 ], [ 333309.316102837037761, 5566424.089343982748687, 403.1 ], [ 333304.655274739663582, 5566414.33147875405848, 400.7 ], [ 333336.567648143740371, 5566407.543921512551606, 399.6 ], [ 333331.727798146544956, 5566373.866113406606019, 391.5 ], [ 333331.311658336140681, 5566342.386483994312584, 384.7 ], [ 333331.702509241295047, 5566334.361954503692687, 383.2 ], [ 333335.857202195911668, 5566318.874805013649166, 380.5 ], [ 333340.229073693335522, 5566298.929588449187577, 377.5 ], [ 333310.712720347160939, 5566300.189138453453779, 376.8 ], [ 333308.715737928403541, 5566300.251774659380317, 376.8 ], [ 333270.590501006925479, 5566302.449267584830523, 376.2 ], [ 333251.598244188004173, 5566302.377452182583511, 376.0 ], [ 333236.281330484722275, 5566298.8519241893664, 375.5 ], [ 333222.81330547016114, 5566292.820220979861915, 374.7 ], [ 333192.282767504395451, 5566275.416929240338504, 373.1 ], [ 333163.571928634366486, 5566261.406410682015121, 371.8 ], [ 333137.211522600904573, 5566251.773511338979006, 371.2 ], [ 333137.23862210358493, 5566227.624521520920098, 367.9 ], [ 333131.165795122971758, 5566227.48134913854301, 367.9 ], [ 333131.650244858814403, 5566201.9826181223616, 364.0 ], [ 333141.571007503778674, 5566201.893699410371482, 363.9 ], [ 333141.617897107033059, 5566201.113255127333105, 363.8 ], [ 333141.547629391774535, 5566194.327275549992919, 362.8 ], [ 333141.803617296682205, 5566179.741331879980862, 362.0 ], [ 333141.951410189969465, 5566161.709052060730755, 361.0 ], [ 333142.085704322671518, 5566147.794620397500694, 361.0 ], [ 333142.078723728540353, 5566147.572276113554835, 361.0 ], [ 333142.381162542616948, 5566127.643353141844273, 360.6 ], [ 333139.66739191301167, 5566127.61727141123265, 360.6 ], [ 333139.696831200330053, 5566126.280966499820352, 360.6 ], [ 333139.74872926727403, 5566123.386012414470315, 360.6 ], [ 333139.713826082879677, 5566122.274291029199958, 360.5 ], [ 333142.712892381532583, 5566122.291416047140956, 360.5 ], [ 333142.762820352683775, 5566117.059607935138047, 360.2 ], [ 333142.807740110903978, 5566113.942309676669538, 360.0 ], [ 333142.833690309722442, 5566112.494832690805197, 359.9 ], [ 333142.824738159775734, 5566109.935634332709014, 359.6 ], [ 333143.946490476373583, 5566107.007092633284628, 359.2 ], [ 333162.125462208525278, 5566108.439471371471882, 359.4 ], [ 333162.980472618248314, 5566099.28753302898258, 358.0 ], [ 333165.053672929876484, 5566076.632271713577211, 357.5 ], [ 333163.629820913891308, 5566067.663150915876031, 357.5 ], [ 333163.01190108479932, 5566063.898970633745193, 357.6 ], [ 333162.749072255799547, 5566062.349277468398213, 357.6 ], [ 333162.033870490558911, 5566060.034812873229384, 357.5 ], [ 333159.967000125674531, 5566057.874060316942632, 357.5 ], [ 333156.009275731863454, 5566056.885482497513294, 357.5 ], [ 333152.850074997753836, 5566056.316966608166695, 357.5 ], [ 333148.906308076635469, 5566055.773082561790943, 357.5 ], [ 333145.968058348807972, 5566055.42019771784544, 357.5 ], [ 333145.68276181089459, 5566055.429154260084033, 357.5 ], [ 333141.29359732195735, 5566054.34285001270473, 357.5 ], [ 333137.036608311580494, 5566052.918554457835853, 357.5 ], [ 333132.67338883242337, 5566050.384780301712453, 357.5 ], [ 333130.63442595070228, 5566049.113415857776999, 357.5 ], [ 333120.779232277185656, 5566046.752083137631416, 357.6 ], [ 333116.165609624586068, 5566045.339001414366066, 357.6 ], [ 333094.976328945020214, 5566038.993621439673007, 357.7 ], [ 333085.616877096064854, 5566036.505502387881279, 357.7 ], [ 333083.02475863910513, 5566035.807935983873904, 357.7 ], [ 333078.924352021131199, 5566034.823894855566323, 357.7 ], [ 333072.816384428762831, 5566033.569063207134604, 357.8 ], [ 333068.508983841340523, 5566032.814094594679773, 357.8 ], [ 333064.704344945959747, 5566032.154620011337101, 357.8 ], [ 333060.346568508190103, 5566032.068930857814848, 357.9 ], [ 333055.089509456709493, 5566032.901746575720608, 357.9 ], [ 333052.399082978838123, 5566024.528838743455708, 357.9 ], [ 333051.2174685546197, 5566021.004937148652971, 357.9 ], [ 333049.503142210305668, 5566014.159315121360123, 357.9 ], [ 333048.216761032235809, 5566007.300251006148756, 358.0 ], [ 333048.134959912567865, 5566006.968975126743317, 358.0 ], [ 333032.586150802439079, 5566007.457412244752049, 358.2 ], [ 333010.504869829514064, 5566006.815751103684306, 358.6 ], [ 332993.08414616715163, 5566006.806707998737693, 358.9 ], [ 332975.538237842847593, 5566007.358065224252641, 359.1 ], [ 332940.468008142779581, 5566013.690525229088962, 359.2 ], [ 332936.148648195900023, 5566014.827830425463617, 359.1 ], [ 332932.243260146002285, 5566015.506998884491622, 359.1 ], [ 332921.669726020074449, 5566015.282963635399938, 359.1 ], [ 332910.968945496773813, 5566013.282438441179693, 359.2 ], [ 332895.597090995754115, 5566010.31597313284874, 359.3 ], [ 332890.637229530490004, 5566009.247813832014799, 359.3 ], [ 332889.902254783082753, 5566015.391430988907814, 358.6 ], [ 332886.733172112668399, 5566019.052096031606197, 358.1 ], [ 332892.88032104895683, 5566026.092148107476532, 357.6 ], [ 332894.557817770168185, 5566029.489147175103426, 357.4 ] ] ] } },
{ "type": "Feature", "properties": { "name": "2 Bäche-Pfad", "km": 13.962, "darstell": "F1" }, "geometry": { "type": "MultiLineString", "coordinates": [ [ [ 350637.331016539246775, 5546774.446034206077456, 367.99654 ], [ 350636.962875051249284, 5546789.476346566341817, 368.06872 ], [ 350635.465182584885042, 5546802.535539858043194, 368.17917 ], [ 350618.119387649756391, 5546843.184760707430542, 368.41744 ], [ 350603.260956736514345, 5546872.861123569309711, 368.41744 ], [ 350638.846160402405076, 5546936.397531408816576, 368.72691 ], [ 350657.282480217516422, 5546970.706801083870232, 369.51783 ], [ 350724.264437802659813, 5547094.114550774917006, 371.2547 ], [ 350727.410189860733226, 5547099.033402323722839, 371.18406 ], [ 350774.67317068297416, 5547178.154681203886867, 368.98458 ], [ 350785.280111310188659, 5547193.768749835900962, 368.74527 ], [ 350788.522146463335957, 5547199.575020967982709, 368.65755 ], [ 350790.582008100813255, 5547201.520205305889249, 368.65755 ], [ 350845.749676710169297, 5547253.385416085831821, 366.00811 ], [ 350953.720610027667135, 5547352.065392703749239, 358.75644 ], [ 350957.781212422880344, 5547353.843600894324481, 358.61962 ], [ 350981.38199083233485, 5547367.983211416751146, 357.41229 ], [ 350988.473664422985166, 5547393.708956587128341, 355.43586 ], [ 350992.912544677616097, 5547406.491312170401216, 354.40538 ], [ 351098.176462407107465, 5547485.334013795480132, 337.78008 ], [ 351121.618034063722007, 5547496.363379009068012, 334.14973 ], [ 351130.815515315858647, 5547500.001327211037278, 332.41055 ], [ 351193.551795846724417, 5547543.537180261686444, 307.84704 ], [ 351225.135682893567719, 5547556.343007591553032, 295.67439 ], [ 351245.332242830307223, 5547561.45520734693855, 290.75731 ], [ 351252.342720841756091, 5547561.148884762078524, 289.87605 ], [ 351251.579386651981622, 5547567.178111425600946, 288.37363 ], [ 351248.898795525543392, 5547576.375938028097153, 286.40975 ], [ 351179.004705723491497, 5547628.165258198976517, 286.40975 ], [ 351131.64069671696052, 5547671.094925992190838, 288.8565 ], [ 351128.873687624989543, 5547677.179976233281195, 288.8565 ], [ 351127.028105885256082, 5547680.34662929456681, 288.62496 ], [ 351121.521980895311572, 5547693.517293332144618, 288.62496 ], [ 351076.253208296722732, 5547711.355825521983206, 290.17943 ], [ 351055.529662826796994, 5547718.163704051636159, 292.41396 ], [ 351048.547268976748455, 5547719.470845449715853, 293.19701 ], [ 351039.744146328885108, 5547724.834064300172031, 293.48475 ], [ 351032.916974893189035, 5547729.140901903621852, 293.92025 ], [ 351015.478423242922872, 5547743.311774173751473, 296.54455 ], [ 351030.716452546301298, 5547786.389496210962534, 296.54455 ], [ 351027.474773320835084, 5547834.54385183006525, 298.47217 ], [ 351022.961062642396428, 5547852.471133354119956, 300.52034 ], [ 351022.449318514904007, 5547864.946438616141677, 300.88624 ], [ 351019.821676669642329, 5547878.593307604081929, 300.88624 ], [ 351033.992387354024686, 5547893.663429629988968, 296.04426 ], [ 351028.44896159961354, 5547910.618071940727532, 291.17289 ], [ 351042.942058477026876, 5547908.99033285677433, 291.17289 ], [ 351048.466921298648231, 5547917.069567217491567, 288.63336 ], [ 351044.936822779476643, 5547931.74290432035923, 288.63336 ], [ 351032.77533128822688, 5547950.217079442925751, 291.40969 ], [ 351023.575841084355488, 5547969.610068081878126, 292.77256 ], [ 351017.77875779743772, 5547974.889567505568266, 294.13763 ], [ 351012.952560583828017, 5547979.029419303871691, 295.31671 ], [ 350997.984057425754145, 5548004.702524135820568, 297.24596 ], [ 350989.529445321706589, 5548043.100174022838473, 297.24596 ], [ 350989.111407308955677, 5548082.052613719366491, 294.08789 ], [ 350988.882115063839592, 5548102.085696872323751, 292.62761 ], [ 350988.063411358743906, 5548106.11385905649513, 292.50756 ], [ 350988.274439647211693, 5548111.114648901857436, 292.15774 ], [ 350986.776508828974329, 5548124.173758679069579, 291.74421 ], [ 350987.493281230388675, 5548142.17779958806932, 290.97864 ], [ 350992.794041012064554, 5548149.929441976360977, 289.8318 ], [ 350994.980830257001799, 5548153.873818241991103, 289.35053 ], [ 350996.286982208664995, 5548187.882783716544509, 288.54273 ], [ 350994.420325351879001, 5548215.972193080931902, 288.54273 ], [ 350982.371305965003558, 5548238.448734865523875, 290.38564 ], [ 350955.329365721030626, 5548262.567230126820505, 292.66105 ], [ 350927.598588031309191, 5548269.682384648360312, 293.98565 ], [ 350886.931245209416375, 5548280.273849696852267, 300.47193 ], [ 350841.51294128887821, 5548295.114819909445941, 300.47193 ], [ 350820.088240122189745, 5548310.065256260335445, 298.40686 ], [ 350816.208452749997377, 5548312.176220898516476, 298.389 ], [ 350811.944769935100339, 5548331.320625178515911, 297.19439 ], [ 350809.309032502758782, 5548339.516149694100022, 297.76985 ], [ 350792.152646818896756, 5548361.134406551718712, 301.2382 ], [ 350787.413889464107342, 5548368.387318318709731, 302.22374 ], [ 350767.354932442307472, 5548391.19929647538811, 303.63514 ], [ 350763.826164112018887, 5548403.313872943632305, 304.86927 ], [ 350764.093288123956881, 5548410.315773862414062, 305.72419 ], [ 350797.583469019155018, 5548471.018587950617075, 318.79295 ], [ 350831.736095960717648, 5548524.693735462613404, 329.31806 ], [ 350847.346176623133942, 5548540.056929655373096, 332.74725 ], [ 350886.999253427959047, 5548580.450251715257764, 339.67498 ], [ 350922.114023666479625, 5548607.062991020269692, 345.65007 ], [ 350971.940912183024921, 5548627.146391463465989, 351.35634 ], [ 350989.103783214930445, 5548631.451977056451142, 352.31889 ], [ 350963.340541324811056, 5548611.476114585064352, 350.1937 ], [ 350943.146575960330665, 5548583.223086486570537, 348.17292 ], [ 350932.306653281615581, 5548561.718560581095517, 348.17292 ], [ 350919.912206526612863, 5548528.130125162191689, 351.38945 ], [ 350911.679968203185126, 5548497.429610815830529, 355.44594 ], [ 350911.090275382215623, 5548481.424685595557094, 357.681 ], [ 350915.282593690790236, 5548462.282356915995479, 359.69884 ], [ 350922.68827015790157, 5548447.945820521563292, 360.47078 ], [ 350937.022705159266479, 5548430.412037870846689, 360.80096 ], [ 350946.541466369642876, 5548443.05266503803432, 364.98025 ], [ 350959.301368945045397, 5548461.499675069004297, 368.92663 ], [ 350972.323596940957941, 5548437.994571588933468, 368.92663 ], [ 350988.630778609542176, 5548419.293334271758795, 366.9209 ], [ 351008.929435050114989, 5548402.48355114646256, 362.6774 ], [ 351013.854670364758931, 5548399.342248477041721, 361.67982 ], [ 351037.422505009279121, 5548389.339534524828196, 358.84574 ], [ 351040.372085115872324, 5548387.254657001234591, 358.29507 ], [ 351052.076887886039913, 5548380.697920766659081, 356.95379 ], [ 351061.880681117298082, 5548375.306779954582453, 356.7484 ], [ 351065.887828549137339, 5548375.195115272887051, 356.7484 ], [ 351095.888462823757436, 5548375.026757884770632, 361.72784 ], [ 351108.905497023835778, 5548374.441595440730453, 364.52045 ], [ 351153.064274278760422, 5548378.663310260511935, 373.51458 ], [ 351171.062367173901293, 5548376.938246601261199, 375.11339 ], [ 351177.001527941436507, 5548376.772865976206958, 375.11339 ], [ 351193.576156630006153, 5548365.074183096177876, 374.76868 ], [ 351204.493321055197157, 5548363.657645857892931, 373.33904 ], [ 351218.512170907866675, 5548363.044861373491585, 370.94281 ], [ 351256.504636764526367, 5548387.577000384218991, 368.5273 ], [ 351286.609754261386115, 5548414.331518702208996, 368.31009 ], [ 351335.645792179449927, 5548439.446983722038567, 368.05599 ], [ 351361.380512352916412, 5548458.424066542647779, 368.05599 ], [ 351387.394179103779607, 5548482.288908084854484, 371.27111 ], [ 351401.030088708503172, 5548498.821132897399366, 374.16282 ], [ 351404.215116959414445, 5548502.62664342019707, 374.87334 ], [ 351434.560381963732652, 5548535.494504410773516, 377.66516 ], [ 351459.419714062241837, 5548556.499020646326244, 377.66516 ], [ 351481.35702654812485, 5548580.588839550502598, 377.8394 ], [ 351500.490718585962895, 5548606.870563778094947, 378.78418 ], [ 351516.364715428790078, 5548629.237591790035367, 380.2921 ], [ 351531.734122043650132, 5548638.60137983225286, 380.65395 ], [ 351592.388351509463973, 5548654.161808562465012, 380.07993 ], [ 351619.719668950827327, 5548661.079751349054277, 380.07993 ], [ 351622.752642567967996, 5548661.996871854178607, 380.07993 ], [ 351652.477552957599983, 5548579.730182532221079, 369.66059 ], [ 351665.053829191369005, 5548545.224644240923226, 364.47751 ], [ 351666.946252535446547, 5548541.16680199932307, 363.5743 ], [ 351670.504691178211942, 5548530.053415819071233, 362.67443 ], [ 351693.569948536809534, 5548556.115416519343853, 362.67443 ], [ 351729.422697178088129, 5548601.738038992509246, 366.27604 ], [ 351735.695925657171756, 5548608.462042327038944, 366.27604 ], [ 351787.259932226967067, 5548647.418677407316864, 364.93948 ], [ 351826.190844037104398, 5548669.814712649211287, 359.34668 ], [ 351829.755254766729195, 5548684.735808463767171, 358.09332 ], [ 351843.905977940186858, 5548712.158155818469822, 358.09332 ], [ 351862.938120864913799, 5548737.442563223652542, 358.69143 ], [ 351872.327108186203986, 5548748.085656246170402, 361.01753 ], [ 351881.491119361773599, 5548750.613118129782379, 362.77823 ], [ 351886.372673226636834, 5548748.475163810886443, 363.30681 ], [ 351894.355573398759589, 5548747.141330630518496, 363.39054 ], [ 351902.582608530530706, 5548728.778173632919788, 363.39054 ], [ 351920.21249333221931, 5548693.131912592798471, 361.21757 ], [ 351937.031864792981651, 5548664.4062105640769, 359.30414 ], [ 351953.369245136680547, 5548646.708521053195, 358.55377 ], [ 351969.05370088579366, 5548639.042241481132805, 358.55377 ], [ 351984.104345461702906, 5548639.515437032096088, 359.42161 ], [ 352014.393408962525427, 5548647.243523634038866, 361.66639 ], [ 352018.428044283180498, 5548648.133128568530083, 361.89447 ], [ 352053.349411243340001, 5548644.718575202859938, 361.96198 ], [ 352080.846233981079422, 5548657.642220412380993, 363.70542 ], [ 352093.070854345860425, 5548662.087985711172223, 364.20943 ], [ 352066.451150647655595, 5548722.236807667650282, 371.74108 ], [ 352026.097743734600954, 5548813.918451003730297, 378.73277 ], [ 352036.32174615340773, 5548818.530729966238141, 378.86826 ], [ 352083.316220611101016, 5548842.59666620567441, 379.6936 ], [ 352116.20967485033907, 5548864.271746534854174, 379.6936 ], [ 352126.516561092576012, 5548871.885874125175178, 379.69495 ], [ 352134.693119886214845, 5548877.556315423920751, 379.69495 ], [ 352204.960803843918256, 5548932.799235180951655, 379.69495 ], [ 352200.289229868154507, 5548939.937720839865506, 380.03668 ], [ 352193.72809534415137, 5548951.245036674663424, 380.8096 ], [ 352188.140985841571819, 5548961.524093660525978, 381.58553 ], [ 352159.620849685044959, 5548973.66143218241632, 383.72367 ], [ 352167.769542972149793, 5548978.331361290998757, 383.5122 ], [ 352190.272267244406976, 5548989.390997579321265, 383.14612 ], [ 352232.679087851254735, 5549023.709563352167606, 382.78759 ], [ 352262.703477469854988, 5549024.548243933357298, 381.72538 ], [ 352260.886148511024658, 5549054.638241373002529, 383.46496 ], [ 352258.249408555857372, 5549088.756198719143867, 386.24732 ], [ 352258.827516310440842, 5549127.791897430084646, 388.53132 ], [ 352259.037387093121652, 5549132.792720817029476, 388.88202 ], [ 352262.462794742663391, 5549168.634461641311646, 391.07058 ], [ 352271.997871449042577, 5549231.231807272881269, 391.81825 ], [ 352290.864024584181607, 5549276.548671894706786, 391.14298 ], [ 352309.476168698165566, 5549317.867312430404127, 389.93795 ], [ 352328.128862312412821, 5549358.072303187102079, 388.31959 ], [ 352376.244484573195223, 5549459.211568964645267, 383.77862 ], [ 352381.462145210360177, 5549464.074029004201293, 383.26435 ], [ 352431.164694921812043, 5549506.091725490987301, 378.93039 ], [ 352484.235072041105013, 5549581.950619511306286, 369.19813 ], [ 352488.450963834649883, 5549586.840835048817098, 368.29337 ], [ 352490.533880455885082, 5549589.676038799807429, 367.79856 ], [ 352615.461042285547592, 5549760.792228086851537, 342.76 ], [ 352587.126412488985807, 5549776.927636172622442, 341.4049 ], [ 352591.21531215601135, 5549779.818779997527599, 341.03592 ], [ 352596.374194212781731, 5549782.569145413115621, 340.68594 ], [ 352603.492173989012372, 5549786.266785536892712, 340.2341 ], [ 352612.739921734551899, 5549791.908322531729937, 339.65703 ], [ 352616.828795807668939, 5549794.799485528841615, 339.40809 ], [ 352674.351536192232743, 5549806.452548472210765, 337.27197 ], [ 352724.657036227930803, 5549813.40982738789171, 333.6536 ], [ 352742.760849957470782, 5549815.692216017283499, 332.95301 ], [ 352761.783424813300371, 5549814.945376469753683, 332.49037 ], [ 352782.555658437660895, 5549810.145100655965507, 332.28656 ], [ 352816.886870340327732, 5549816.764669148251414, 331.03687 ], [ 352839.131407822016627, 5549823.82865044195205, 330.63861 ], [ 352861.505598076619208, 5549833.003050917759538, 328.55957 ], [ 352900.203966548549943, 5549873.436514131724834, 328.55957 ], [ 352939.831716448650695, 5549913.844647853635252, 325.53972 ], [ 353007.33711652335478, 5549950.14814221020788, 324.00624 ], [ 353063.385634124279022, 5549975.975572803989053, 322.40663 ], [ 353120.751191468676552, 5549984.633667991496623, 320.12207 ], [ 353170.817711650277488, 5549985.593696540221572, 319.42652 ], [ 353175.924133009160869, 5549986.454660631716251, 319.18712 ], [ 353185.600286951637827, 5549979.068227610550821, 320.47254 ], [ 353192.272028191946447, 5549971.764380637556314, 320.93079 ], [ 353219.121313702897169, 5549966.687522905878723, 320.93079 ], [ 353202.950173598190304, 5549938.316164445132017, 328.15101 ], [ 353202.449663451057859, 5549925.312778770923615, 330.99492 ], [ 353204.271125288039912, 5549921.257451774552464, 331.36634 ], [ 353206.593581838184036, 5549904.171219910494983, 333.67602 ], [ 353207.276090698433109, 5549895.14060025382787, 334.69677 ], [ 353209.41706413240172, 5549874.054085191339254, 336.07581 ], [ 353208.025050210533664, 5549865.080470903776586, 337.10959 ], [ 353207.315553823602386, 5549847.076238080859184, 338.12877 ], [ 353203.186576658277772, 5549819.264043621718884, 339.54272 ], [ 353196.025531070132274, 5549790.533853819593787, 340.4351 ], [ 353179.562279834994115, 5549754.160025064833462, 341.14673 ], [ 353156.327735450933687, 5549724.09152393694967, 341.14673 ], [ 353162.152295670821331, 5549719.814897237345576, 339.65564 ], [ 353202.627063113672193, 5549731.16342078987509, 333.63346 ], [ 353244.343417002004571, 5549722.563038793392479, 322.51612 ], [ 353250.306247002910823, 5549697.255043112672865, 319.54204 ], [ 353268.729883844847791, 5549682.508037121035159, 316.5046 ], [ 353270.705470836372115, 5549681.452459761872888, 316.2617 ], [ 353297.066920188255608, 5549666.376294040121138, 314.01825 ], [ 353308.818457135464996, 5549658.933133385144174, 313.41383 ], [ 353332.065623841772322, 5549639.937395255081356, 312.55404 ], [ 353344.483468501130119, 5549625.466809451580048, 311.72637 ], [ 353346.459091016789898, 5549624.41126086935401, 311.51377 ], [ 353366.232329903112259, 5549593.606507079675794, 307.71298 ], [ 353369.999173061165493, 5549587.383966555818915, 307.71298 ], [ 353380.359222892730031, 5549570.967320958152413, 308.60746 ], [ 353392.568544219830073, 5549551.496004132553935, 309.78448 ], [ 353409.865074818895664, 5549534.777826665900648, 311.69707 ], [ 353425.647708887350745, 5549528.114401204511523, 311.69707 ], [ 353463.414578398107551, 5549521.626805411651731, 309.09556 ], [ 353475.355698797502555, 5549521.076788120903075, 307.45202 ], [ 353483.507386037497781, 5549499.825611565262079, 308.2525 ], [ 353483.29865014879033, 5549494.824759802781045, 308.5726 ], [ 353484.009166713454761, 5549486.794753348454833, 308.86919 ], [ 353492.448939631460235, 5549473.434958937577903, 308.1069 ], [ 353508.03816292679403, 5549412.706089772284031, 306.55278 ], [ 353521.655077959643677, 5549353.14393175393343, 306.55278 ], [ 353529.529301271017175, 5549300.859709780663252, 307.06523 ], [ 353540.211173493065871, 5549267.412265029735863, 307.54392 ], [ 353564.519854086567648, 5549224.357033533975482, 308.25122 ], [ 353579.12381118920166, 5549213.832420468330383, 308.26549 ], [ 353597.601848182093818, 5549200.976558548398316, 308.47765 ], [ 353593.919326027331408, 5549184.166383879259229, 310.37544 ], [ 353602.831955484871287, 5549182.80961259175092, 310.37544 ], [ 353608.811254191095941, 5549181.533221236430109, 310.12046 ], [ 353612.845172071014531, 5549182.424017354846001, 309.71612 ], [ 353634.926630213973112, 5549183.487960178405046, 307.81375 ], [ 353646.997908503341023, 5549185.048680198378861, 306.46993 ], [ 353677.14410124742426, 5549187.783275878988206, 303.89355 ], [ 353698.921091042750049, 5549182.959199207834899, 303.89355 ], [ 353704.719283358310349, 5549177.682623985223472, 304.40708 ], [ 353711.231465679244138, 5549164.487263666465878, 305.94282 ], [ 353715.194028885336593, 5549139.234706291928887, 310.06467 ], [ 353739.979524607770145, 5549108.294324578717351, 310.65483 ], [ 353793.285076182277407, 5549065.114174303598702, 310.65483 ], [ 353825.838933327468112, 5549053.765396738424897, 305.82446 ], [ 353870.519151076907292, 5549045.979174914769828, 299.30357 ], [ 353880.269548269803636, 5549038.592103639617562, 298.39131 ], [ 353882.676822165027261, 5549024.5079236458987, 298.39131 ], [ 353876.520380489877425, 5548995.749513945542276, 298.56179 ], [ 353871.126790883485228, 5548960.85112629365176, 298.56179 ], [ 353871.766469465452246, 5548952.823146469891071, 298.37845 ], [ 353879.158893048064783, 5548911.567255547270179, 295.81077 ], [ 353875.501452809432521, 5548895.64629578217864, 295.81077 ], [ 353855.508377998601645, 5548871.494042831473053, 298.402 ], [ 353840.284779732814059, 5548841.09228181373328, 300.84572 ], [ 353824.671597956621554, 5548801.689415260218084, 303.55955 ], [ 353816.723547240893822, 5548751.952535619959235, 303.78475 ], [ 353819.103470530710183, 5548736.867769738659263, 303.78475 ], [ 353832.369874795083888, 5548719.260097276419401, 299.41074 ], [ 353832.48635543033015, 5548697.339331334456801, 297.9855 ], [ 353827.567798598553054, 5548648.409636456519365, 297.84188 ], [ 353823.024823090061545, 5548610.595347193069756, 298.05702 ], [ 353827.56198033830151, 5548598.455519717186689, 298.07049 ], [ 353832.024566715117544, 5548586.206480127759278, 298.84851 ], [ 353904.013957114249934, 5548558.315221163444221, 300.59666 ], [ 353929.086234259128105, 5548561.301353920251131, 300.59666 ], [ 353964.425319021218456, 5548567.901028054766357, 295.27427 ], [ 354016.825565418577753, 5548577.817587669938803, 292.53959 ], [ 354035.934500920644496, 5548580.077058682218194, 292.53959 ], [ 354071.995325520809274, 5548581.651176698505878, 292.94173 ], [ 354100.168407060904428, 5548585.443484948016703, 292.94173 ], [ 354172.481919285608456, 5548616.62420155480504, 287.81474 ], [ 354203.046957149868831, 5548629.36353736743331, 285.80277 ], [ 354223.293793447664939, 5548636.599158034659922, 285.04476 ], [ 354239.523353852331638, 5548640.940500169061124, 285.04476 ], [ 354253.388033391267527, 5548637.335929250344634, 285.96433 ], [ 354253.585093807836529, 5548618.305722555145621, 290.56713 ], [ 354254.729320223093964, 5548597.247072029858828, 293.35793 ], [ 354256.875299367704429, 5548576.161104152910411, 294.44506 ], [ 354263.55948650900973, 5548542.93570130225271, 294.44506 ], [ 354267.706001856247894, 5548521.683933510445058, 293.3353 ], [ 354266.972950111725368, 5548502.679096414707601, 293.11943 ], [ 354256.841490910155699, 5548475.141299747861922, 290.44233 ], [ 354242.205039943568408, 5548434.709391926415265, 290.44233 ], [ 354236.312680885544978, 5548412.952601833269, 288.0438 ], [ 354234.900958492420614, 5548376.944062687456608, 283.26563 ], [ 354233.751810922985896, 5548347.937510531395674, 280.30668 ], [ 354232.183640894596465, 5548335.074549812823534, 279.36055 ], [ 354218.764445275766775, 5548323.536129740066826, 279.36055 ], [ 354203.453826038050465, 5548316.165819626301527, 280.001 ], [ 354198.267190184851643, 5548312.413335329852998, 280.27253 ], [ 354190.201332169119269, 5548310.742017104290426, 281.1201 ], [ 354170.243203195044771, 5548311.509046386927366, 284.21888 ], [ 354133.610966042033397, 5548296.932782642543316, 286.48244 ], [ 354101.878236430289689, 5548278.217784261330962, 286.48244 ], [ 354071.633706618449651, 5548248.447945484891534, 285.47268 ], [ 354048.606615125143435, 5548223.376457488164306, 285.47268 ], [ 354007.117933289962821, 5548211.937559051439166, 290.05189 ], [ 353970.142653332441114, 5548187.46990448795259, 290.12862 ], [ 353953.970925473491661, 5548159.09631877578795, 290.12862 ], [ 353923.674852181691676, 5548101.292011987417936, 294.98229 ], [ 353919.105036563647445, 5548062.477112904191017, 299.75804 ], [ 353929.693449075333774, 5548028.031992802396417, 299.75804 ], [ 353942.798093211371452, 5548004.421283830888569, 298.58242 ], [ 353971.57807281636633, 5547975.264556610025465, 291.94083 ], [ 353992.752549065568019, 5547953.436150342226028, 289.0212 ], [ 354001.168927174294367, 5547939.076696967706084, 289.0212 ], [ 353992.713347106880974, 5547928.404521263204515, 289.72648 ], [ 353939.041975614032708, 5547911.513486754149199, 295.71144 ], [ 353897.137092389515601, 5547890.184865861199796, 295.71144 ], [ 353882.854011945833918, 5547883.788624548353255, 294.18986 ], [ 353874.442318810615689, 5547872.114113182760775, 290.16712 ], [ 353834.977355507027823, 5547887.656441684812307, 299.78708 ], [ 353789.87362467229832, 5547885.552242228761315, 299.96196 ], [ 353752.38921717723133, 5547874.005653742700815, 299.96196 ], [ 353726.561917715356685, 5547854.018586010672152, 298.67983 ], [ 353698.88438306748867, 5547837.086204125545919, 298.67983 ], [ 353676.424582318752073, 5547825.017683293670416, 299.48956 ], [ 353657.36754805536475, 5547824.760567125864327, 301.51761 ], [ 353632.456020915531553, 5547827.779007795266807, 304.64674 ], [ 353599.019361736660358, 5547841.155409668572247, 311.09383 ], [ 353560.238488739123568, 5547847.669248999096453, 314.78357 ], [ 353527.260306610609405, 5547849.017811136320233, 317.88924 ], [ 353495.201740879681893, 5547847.337436684407294, 320.95014 ], [ 353450.343662855331786, 5547828.0957733662799, 320.95014 ], [ 353431.832833484280854, 5547813.806108579970896, 320.95014 ], [ 353418.633136445947457, 5547810.385304820723832, 322.01778 ], [ 353401.860087723354809, 5547815.073030807077885, 324.14848 ], [ 353390.842419839347713, 5547815.486449869349599, 324.28825 ], [ 353391.399321037228219, 5547804.456733424216509, 324.28825 ], [ 353392.804227142129093, 5547790.399821365252137, 323.01412 ], [ 353390.564239137805998, 5547784.453377350233495, 323.01412 ], [ 353378.437893436406739, 5547781.003230629488826, 325.72575 ], [ 353364.486048983817454, 5547781.497180964797735, 329.86322 ], [ 353358.477759940666147, 5547781.773254103958607, 331.59611 ], [ 353354.972140125988517, 5547768.852349462918937, 331.59611 ], [ 353349.339304592402186, 5547754.098433720879257, 331.59611 ], [ 353328.882108306279406, 5547741.976381913758814, 334.19879 ], [ 353329.493805864127353, 5547732.947778203524649, 334.19879 ], [ 353339.495015916298144, 5547708.530608762055635, 334.19879 ], [ 353339.343043202825356, 5547679.496694683097303, 338.48522 ], [ 353338.689147111610509, 5547663.493623171001673, 340.8823 ], [ 353338.452881639415864, 5547657.492226026020944, 341.75576 ], [ 353338.161716074275319, 5547649.489708792418242, 342.92512 ], [ 353323.906620570400264, 5547618.061301657930017, 348.5309 ], [ 353314.00213218445424, 5547596.415425544604659, 352.2354 ], [ 353297.158685190253891, 5547575.071234074421227, 356.58915 ], [ 353284.723916820832528, 5547565.621858834289014, 358.73143 ], [ 353253.607466549728997, 5547561.803109494037926, 362.21691 ], [ 353232.871170849597547, 5547557.810813864693046, 364.03459 ], [ 353224.920529318682384, 5547547.348410838283598, 364.62614 ], [ 353205.455063678440638, 5547558.341039445251226, 366.22942 ], [ 353190.913843874412123, 5547566.083313325420022, 367.22268 ], [ 353170.691439938731492, 5547572.980346795171499, 368.35271 ], [ 353138.514047968783416, 5547574.865520513616502, 369.70552 ], [ 353092.859053668682463, 5547573.672260389663279, 370.28329 ], [ 353050.928824812057428, 5547559.471157789230347, 370.28329 ], [ 353019.770584138284903, 5547551.538386295549572, 368.96936 ], [ 353008.580459807883017, 5547553.514911688864231, 368.28288 ], [ 352999.03315137734171, 5547568.352137674577534, 368.11078 ], [ 352989.350686131161638, 5547586.085791139863431, 368.11078 ], [ 352975.283642590860836, 5547624.07763140834868, 368.94968 ], [ 352965.286349274101667, 5547643.377600349485874, 369.59869 ], [ 352957.52487103024032, 5547639.808329242281616, 369.59869 ], [ 352953.462155950430315, 5547637.917445864528418, 369.58177 ], [ 352900.034858083992731, 5547604.118703928776085, 368.88837 ], [ 352828.53656299575232, 5547566.923904159106314, 368.88837 ], [ 352801.146520459791645, 5547557.998597138561308, 369.56828 ], [ 352776.55285006959457, 5547543.989827331155539, 369.78027 ], [ 352728.130112743936479, 5547509.943637249991298, 369.92765 ], [ 352701.394294199883007, 5547490.987613529898226, 369.92765 ], [ 352632.161582597298548, 5547460.742120160721242, 369.82258 ], [ 352562.089923512889072, 5547410.494233114644885, 368.2215 ], [ 352529.134715303312987, 5547386.815200191922486, 367.31465 ], [ 352510.184314776677638, 5547364.530113060958683, 366.48934 ], [ 352509.740616611146834, 5547353.639092726632953, 365.82698 ], [ 352507.133553529565688, 5547313.658221039921045, 362.53561 ], [ 352507.023143508005887, 5547309.655987760052085, 361.95008 ], [ 352500.047206464223564, 5547261.89634510781616, 356.07394 ], [ 352491.822741872339975, 5547231.193591461516917, 354.53387 ], [ 352483.989791853702627, 5547209.491923885419965, 347.5406 ], [ 352482.260837636713404, 5547167.595453538931906, 347.5406 ], [ 352480.837593572214246, 5547131.587211392819881, 343.23837 ], [ 352458.300396828330122, 5547119.525684608146548, 343.23837 ], [ 352409.650205414043739, 5547103.400909445248544, 343.23837 ], [ 352351.568190238263924, 5547077.746315302327275, 342.83111 ], [ 352316.078743216465227, 5547066.154301255010068, 341.38216 ], [ 352284.779394294135273, 5547058.452041555196047, 340.59246 ], [ 352252.905807296163402, 5547037.748648192733526, 333.9168 ], [ 352225.274537410587072, 5547022.824858733452857, 331.53421 ], [ 352191.075918287271634, 5546993.174173596315086, 326.128 ], [ 352167.452419410925359, 5546978.139878443442285, 324.09874 ], [ 352153.233207589364611, 5546971.635027444921434, 324.09874 ], [ 352126.25876464752946, 5546972.714720320887864, 327.96807 ], [ 352094.677022418240085, 5546960.014730276539922, 327.96807 ], [ 352059.950556934811175, 5546942.395310168154538, 326.38826 ], [ 352025.805871017219033, 5546914.746772008948028, 320.43643 ], [ 352000.803280743421055, 5546888.73678220808506, 312.2888 ], [ 351981.26704331394285, 5546876.48285180516541, 308.29647 ], [ 351965.046267907251604, 5546870.145143236964941, 306.1275 ], [ 351937.258605352952145, 5546852.223123737610877, 292.79267 ], [ 351925.073689186712727, 5546846.775105096399784, 286.78404 ], [ 351910.809949371963739, 5546841.273426279425621, 279.80402 ], [ 351883.862554312916473, 5546843.354886497370899, 274.75216 ], [ 351864.112120083067566, 5546849.242397918365896, 274.75216 ], [ 351829.014684131951071, 5546872.577749286778271, 275.18507 ], [ 351812.82660531590227, 5546893.275364447385073, 279.59904 ], [ 351803.012919616885483, 5546921.695707279257476, 289.99635 ], [ 351765.234371940197889, 5546954.229012743569911, 289.99635 ], [ 351735.801324846339412, 5546967.394742376171052, 288.93328 ], [ 351707.144066259032115, 5546977.53514666762203, 286.73332 ], [ 351687.183962032024283, 5546978.422527332790196, 282.97633 ], [ 351671.225878254685085, 5546978.976446351036429, 281.17164 ], [ 351633.284555267659016, 5546956.553538870997727, 271.55563 ], [ 351629.220825362135656, 5546954.663644413463771, 271.00507 ], [ 351623.056734793353826, 5546951.941967513412237, 270.64248 ], [ 351616.964212883787695, 5546949.218311371281743, 270.75846 ], [ 351609.841864804271609, 5546945.521914138458669, 271.40195 ], [ 351597.737008031457663, 5546942.965134560130537, 272.10105 ], [ 351584.602312852395698, 5546939.435638993047178, 272.45698 ], [ 351573.746170110651292, 5546919.932947589084506, 275.38832 ], [ 351559.260004916810431, 5546906.427751473151147, 277.49219 ], [ 351553.123598655220121, 5546904.706709900870919, 277.55974 ], [ 351507.557942179730162, 5546891.508267958648503, 281.92012 ], [ 351485.355072771781124, 5546886.450701808556914, 286.22099 ], [ 351447.38139821816003, 5546862.917359042912722, 292.59072 ], [ 351439.28454076172784, 5546860.249579787254333, 293.9173 ], [ 351430.157804875809234, 5546856.609098475426435, 295.10449 ], [ 351419.957408638321795, 5546852.998465104028583, 296.30028 ], [ 351405.557170241489075, 5546842.606516532599926, 296.4853 ], [ 351381.139216559706256, 5546832.604279794730246, 298.04593 ], [ 351355.138304794614669, 5546832.659443682059646, 301.876 ], [ 351259.101275765744504, 5546833.438566833734512, 312.0197 ], [ 351204.148859232780524, 5546835.634970739483833, 317.05425 ], [ 351162.248188234167174, 5546838.358709595166147, 321.46808 ], [ 351126.707036978797987, 5546850.807770756073296, 324.89365 ], [ 351069.039855422335677, 5546884.122435316443443, 343.7439 ], [ 351043.333681519201491, 5546892.181570848450065, 348.30601 ], [ 351025.485787198878825, 5546896.906637064181268, 350.42479 ], [ 350968.657227125426289, 5546901.160428280942142, 354.594 ], [ 350934.5873619816266, 5546899.551139832474291, 357.54004 ], [ 350888.101527731283568, 5546889.387545886449516, 360.16584 ], [ 350856.882440642570145, 5546884.695250257849693, 363.90597 ], [ 350823.699715790513437, 5546878.94532214757055, 366.87803 ], [ 350779.217590239015408, 5546868.72675621882081, 368.76313 ], [ 350744.641187478613574, 5546854.115450899116695, 368.96506 ], [ 350738.548064200615045, 5546851.39278488047421, 368.96506 ], [ 350713.154618139669765, 5546842.422100571915507, 368.92851 ], [ 350675.121113371686079, 5546816.893060070462525, 368.00806 ], [ 350636.416188409668393, 5546772.468916615471244, 368.00806 ] ] ] } },
{ "type": "Feature", "properties": { "name": "Gerolsteiner Dolomiten Acht (Keltenpfad)", "km": 8.901, "darstell": "F1" }, "geometry": { "type": "MultiLineString", "coordinates": [ [ [ 332945.803587605885696, 5566040.341761280782521, 358.4 ], [ 332943.23179633601103, 5566035.748755949549377, 358.5 ], [ 332945.77296165865846, 5566032.552989758551121, 358.5 ], [ 332942.578155698021874, 5566026.310337943956256, 358.7 ], [ 332937.631675895769149, 5566021.124284397810698, 358.9 ], [ 332932.243260146002285, 5566015.506998884491622, 359.1 ], [ 332936.148648195900023, 5566014.827830425463617, 359.1 ], [ 332940.468008142779581, 5566013.690525229088962, 359.2 ], [ 332975.538237842847593, 5566007.358065224252641, 359.1 ], [ 332977.187149223231245, 5566005.303174119442701, 359.2 ], [ 332988.72257897030795, 5565990.696607450023293, 359.6 ], [ 332997.605067595024593, 5565975.728299222886562, 360.3 ], [ 332997.961693832941819, 5565975.717093726620078, 360.3 ], [ 333037.105286963691469, 5565974.042187388055027, 359.2 ], [ 333051.961892878171057, 5565974.243201896548271, 358.8 ], [ 333050.827151090488769, 5565969.938855313695967, 359.0 ], [ 333051.961892878171057, 5565974.243201896548271, 358.8 ], [ 333064.197900502127595, 5565968.294786584563553, 359.0 ], [ 333072.030711588915437, 5565960.815462747588754, 359.5 ], [ 333085.86986437777523, 5565946.804465477354825, 361.2 ], [ 333086.972670680959709, 5565945.545733923092484, 361.3 ], [ 333098.86262612848077, 5565939.94211664237082, 362.4 ], [ 333115.585304996406194, 5565933.630377376452088, 363.8 ], [ 333127.263309026195202, 5565930.370397076010704, 364.7 ], [ 333134.035771598340943, 5565930.046491199173033, 365.0 ], [ 333143.971000869525596, 5565930.402276366017759, 365.3 ], [ 333152.422345273429528, 5565931.249787545762956, 365.5 ], [ 333155.503313751891255, 5565931.598199426196516, 365.5 ], [ 333177.325928358011879, 5565935.364481742493808, 365.7 ], [ 333206.524899848853238, 5565942.126534272916615, 365.7 ], [ 333231.609398938133381, 5565947.459897468797863, 366.3 ], [ 333252.664737458107993, 5565951.806964653544128, 367.1 ], [ 333276.235443799174391, 5565954.405986921861768, 368.5 ], [ 333289.28800172242336, 5565953.996566865593195, 369.9 ], [ 333311.908630686462857, 5565953.620945262722671, 370.2 ], [ 333334.833594241878018, 5565951.566654780879617, 370.1 ], [ 333373.620468543842435, 5565945.342883944511414, 370.5 ], [ 333388.339552668621764, 5565943.434804819524288, 370.5 ], [ 333392.034542778332252, 5565942.873853366822004, 370.5 ], [ 333408.822079936158843, 5565940.900993514806032, 370.3 ], [ 333432.534987268503755, 5565934.371177607215941, 371.2 ], [ 333441.622868255479261, 5565932.751007113605738, 371.3 ], [ 333462.630773667886388, 5565928.754285408183932, 371.6 ], [ 333472.950287499814294, 5565925.426359195262194, 372.1 ], [ 333490.642423378012609, 5565920.420825099572539, 372.8 ], [ 333496.141478823497891, 5565920.471118278801441, 372.7 ], [ 333498.495231666776817, 5565920.397383795119822, 372.6 ], [ 333498.314271414768882, 5565919.178958496078849, 372.9 ], [ 333498.547336004208773, 5565917.502438283525407, 373.3 ], [ 333499.265751831117086, 5565915.365588876418769, 373.8 ], [ 333500.286884806118906, 5565913.775663149543107, 374.2 ], [ 333502.031725487438962, 5565912.496911011636257, 374.5 ], [ 333504.432430532819126, 5565911.642739643342793, 374.7 ], [ 333509.33650998637313, 5565910.932715659029782, 374.8 ], [ 333524.722027032810729, 5565909.783114607445896, 375.7 ], [ 333533.213300420553423, 5565909.628446702845395, 376.5 ], [ 333534.902440784149803, 5565906.570950536057353, 377.7 ], [ 333540.309096460579894, 5565896.831435652449727, 381.7 ], [ 333541.982340388174634, 5565881.867348928004503, 387.9 ], [ 333539.630167128052562, 5565875.152858980000019, 390.5 ], [ 333526.363342211348936, 5565871.00583435036242, 391.6 ], [ 333526.51464657834731, 5565868.998033138923347, 392.5 ], [ 333526.985970422276296, 5565863.530490480363369, 394.7 ], [ 333536.762888309604023, 5565861.109941143542528, 396.1 ], [ 333517.39304348884616, 5565849.030545796267688, 400.3 ], [ 333492.390356286196038, 5565848.589641378261149, 400.2 ], [ 333490.746356993971858, 5565848.52986119966954, 400.2 ], [ 333480.172140715527348, 5565834.617124397307634, 405.2 ], [ 333482.012711364892311, 5565834.114336878061295, 405.4 ], [ 333488.308574372669682, 5565832.247882406227291, 406.1 ], [ 333468.320947979344055, 5565820.966977164149284, 409.7 ], [ 333480.744819616782479, 5565789.085140612907708, 418.6 ], [ 333478.930283627531026, 5565788.140455514192581, 418.8 ], [ 333452.752554519916885, 5565775.273028501309454, 421.4 ], [ 333438.111887102015316, 5565747.800178949721158, 424.0 ], [ 333434.351164321240503, 5565716.647976631298661, 426.8 ], [ 333438.831907455052715, 5565695.586684504523873, 429.8 ], [ 333442.749521801131777, 5565688.45320554357022, 430.6 ], [ 333445.717308390536346, 5565682.907429660670459, 431.3 ], [ 333450.396842399029993, 5565672.745489207096398, 431.6 ], [ 333444.30818392150104, 5565635.657036302611232, 432.8 ], [ 333442.362719488737639, 5565623.69961634837091, 433.2 ], [ 333435.435760741354898, 5565596.318909401074052, 434.0 ], [ 333428.508742252714001, 5565568.938210966996849, 434.4 ], [ 333436.429758232377935, 5565564.238754650577903, 433.1 ], [ 333432.40987095242599, 5565536.210553308948874, 434.5 ], [ 333431.501481368206441, 5565530.007266170345247, 434.6 ], [ 333428.315138720790856, 5565508.073418238200247, 434.8 ], [ 333425.446950412122533, 5565480.342976118437946, 434.8 ], [ 333422.578744402097072, 5565452.612535956315696, 434.9 ], [ 333417.100576996221207, 5565419.065976423211396, 436.0 ], [ 333424.143101879861206, 5565411.389449264854193, 436.1 ], [ 333433.428009386581834, 5565395.519140272401273, 436.6 ], [ 333440.005945780023467, 5565384.407476046122611, 437.0 ], [ 333455.797625976148993, 5565357.427789374254644, 437.6 ], [ 333456.304447137517855, 5565314.346084835939109, 440.1 ], [ 333464.621599844540469, 5565272.132523783482611, 441.9 ], [ 333471.593884389149025, 5565225.732428563758731, 444.4 ], [ 333486.391042410337832, 5565198.895307528786361, 445.1 ], [ 333493.2164051765576, 5565186.551889632828534, 445.6 ], [ 333493.145069481513929, 5565186.554123853333294, 445.6 ], [ 333501.188358733896166, 5565172.058231863193214, 446.2 ], [ 333520.436650721705519, 5565155.097124303691089, 446.6 ], [ 333539.685066110861953, 5565138.136089437641203, 447.7 ], [ 333546.381888272415381, 5565126.241900611668825, 448.9 ], [ 333543.552389976452105, 5565076.921699746511877, 454.5 ], [ 333540.722877890337259, 5565027.601502588018775, 459.1 ], [ 333537.743881367146969, 5565000.876040855422616, 461.4 ], [ 333534.764866230310872, 5564974.150581119582057, 463.5 ], [ 333528.881823124131188, 5564948.183735435828567, 465.4 ], [ 333532.048307164339349, 5564912.47465943172574, 467.9 ], [ 333519.502850774908438, 5564894.95122101623565, 468.4 ], [ 333521.462068929686211, 5564893.665782992728055, 468.6 ], [ 333556.989153532718774, 5564869.740888392552733, 470.7 ], [ 333590.894876384467352, 5564844.197779471054673, 472.9 ], [ 333610.296067642630078, 5564829.791760609485209, 474.1 ], [ 333631.266916634747759, 5564810.774186225607991, 475.3 ], [ 333652.30925759288948, 5564791.7544662700966, 476.0 ], [ 333681.813427209621295, 5564776.142411265522242, 476.4 ], [ 333704.479426407080609, 5564761.078236698172987, 476.8 ], [ 333723.785546726663597, 5564745.89667341299355, 477.0 ], [ 333733.554351487429813, 5564738.580502931028605, 477.0 ], [ 333756.694064456154592, 5564720.385893788188696, 476.8 ], [ 333771.698915936867706, 5564709.23382920678705, 476.9 ], [ 333788.247192749055102, 5564699.480212758295238, 477.4 ], [ 333803.859284312813543, 5564691.758965200744569, 478.0 ], [ 333807.866721375263296, 5564689.741936800070107, 478.2 ], [ 333835.119955781497993, 5564679.765174721367657, 479.3 ], [ 333849.615005273895804, 5564672.857940690591931, 479.5 ], [ 333852.501835303963162, 5564671.543647828511894, 479.5 ], [ 333870.526125105447136, 5564658.73960436694324, 479.1 ], [ 333896.970542536815628, 5564648.009480059146881, 478.2 ], [ 333912.831685620825738, 5564641.393594401888549, 477.6 ], [ 333927.837076835567132, 5564630.241983271203935, 475.7 ], [ 333942.102890006033704, 5564620.56016150303185, 474.2 ], [ 333952.334993588970974, 5564614.342758203856647, 473.6 ], [ 333979.866485626203939, 5564592.673633249476552, 472.3 ], [ 334007.401671884697862, 5564571.115828340873122, 472.1 ], [ 334035.004107617074624, 5564558.569792195223272, 473.5 ], [ 334062.603198936441913, 5564545.912730167619884, 475.0 ], [ 334105.55926615151111, 5564528.770595050416887, 478.3 ], [ 334108.435828089597635, 5564527.122928032651544, 478.6 ], [ 334124.852974104695022, 5564517.708354438655078, 480.0 ], [ 334155.13102068786975, 5564485.605462286621332, 482.7 ], [ 334171.279962465167046, 5564465.293945047073066, 485.1 ], [ 334186.593356244207826, 5564434.214357207529247, 488.6 ], [ 334201.839061767561361, 5564403.248215205967426, 493.8 ], [ 334208.865670366445556, 5564376.655736143700778, 493.6 ], [ 334215.895825633080676, 5564350.174440952017903, 491.6 ], [ 334221.464696903247386, 5564334.087768594734371, 490.8 ], [ 334229.482632721308619, 5564300.34249750059098, 489.8 ], [ 334228.388771072728559, 5564295.035149389877915, 489.8 ], [ 334223.129026589158457, 5564288.96742442343384, 489.7 ], [ 334218.23580578766996, 5564287.784604393877089, 489.8 ], [ 334210.607113925623707, 5564285.908107910305262, 489.9 ], [ 334189.030395865673199, 5564287.916188855655491, 491.8 ], [ 334156.460695848916657, 5564292.381499929353595, 494.3 ], [ 334112.919393014279194, 5564295.408770348876715, 496.4 ], [ 334085.46497588744387, 5564292.147894934751093, 497.4 ], [ 334058.085334521369077, 5564288.996106186881661, 497.4 ], [ 334021.677684368973132, 5564284.902142226696014, 495.9 ], [ 333999.796849243866745, 5564263.440323378890753, 500.4 ], [ 333989.014523428864777, 5564245.1930827870965, 505.2 ], [ 333980.10414025594946, 5564232.006319117732346, 508.6 ], [ 333964.775429463945329, 5564223.693731674924493, 509.7 ], [ 333935.392550863849465, 5564218.156926106661558, 508.4 ], [ 333934.811347615381237, 5564217.841234043240547, 508.4 ], [ 333914.667438764008693, 5564208.566347014158964, 509.2 ], [ 333901.637171336682513, 5564202.964162990450859, 509.5 ], [ 333883.743159063917119, 5564194.843201741576195, 510.0 ], [ 333862.188169921515509, 5564179.269591919146478, 512.1 ], [ 333849.062109082122333, 5564172.891558970324695, 512.1 ], [ 333812.655305064632557, 5564166.573335777036846, 507.7 ], [ 333779.534416384878568, 5564151.138923185877502, 505.0 ], [ 333750.221455666236579, 5564125.014005817472935, 507.8 ], [ 333731.60215312888613, 5564095.995442271232605, 513.5 ], [ 333711.345068800554145, 5564067.139424595981836, 518.0 ], [ 333693.743322553636972, 5564040.98245595023036, 521.3 ], [ 333680.212075140094385, 5564010.247012169100344, 525.3 ], [ 333647.33584292489104, 5563972.994683095254004, 526.3 ], [ 333624.256878204352688, 5563943.003130981698632, 526.4 ], [ 333603.133601444540545, 5563920.74013233743608, 525.2 ], [ 333594.789193289878312, 5563902.862442838959396, 524.9 ], [ 333589.046356409264263, 5563892.804297242313623, 524.5 ], [ 333584.366839568363503, 5563882.490324333310127, 524.1 ], [ 333606.901063192635775, 5563858.527610593475401, 526.3 ], [ 333616.17881295067491, 5563856.011748240329325, 527.2 ], [ 333617.109886465303134, 5563856.093901892192662, 527.4 ], [ 333625.061425413936377, 5563856.846684422343969, 528.3 ], [ 333662.787608877522871, 5563875.585917928256094, 533.5 ], [ 333701.860814717016183, 5563887.161326069384813, 539.0 ], [ 333733.062534297234379, 5563895.978507230058312, 543.5 ], [ 333747.028261360130273, 5563901.773644145578146, 545.6 ], [ 333766.689416451961733, 5563918.407575067132711, 548.9 ], [ 333786.353923771181144, 5563935.152748345397413, 552.2 ], [ 333791.190382981323637, 5563932.219586876221001, 553.1 ], [ 333811.246324178646319, 5563920.353518381714821, 556.6 ], [ 333837.002040089690126, 5563905.750001243315637, 559.8 ], [ 333862.832719581783749, 5563891.255555202253163, 562.0 ], [ 333887.897228797490243, 5563884.240960189141333, 564.0 ], [ 333931.297629253007472, 5563878.879535560496151, 567.4 ], [ 333960.211873376392759, 5563871.633804252371192, 569.1 ], [ 333985.38068500882946, 5563867.954832880757749, 570.9 ], [ 334001.149308695283253, 5563872.025144609622657, 573.1 ], [ 334007.546358500840142, 5563875.609018770977855, 574.2 ], [ 334018.594903282122687, 5563900.079708208329976, 578.3 ], [ 334029.643354910658672, 5563924.550419226288795, 581.6 ], [ 334033.523674427298829, 5563929.88206347450614, 582.2 ], [ 334037.100202711822931, 5563927.767411668784916, 582.3 ], [ 334056.603182651568204, 5563916.475952699780464, 583.0 ], [ 334075.061241086805239, 5563896.871151759289205, 582.9 ], [ 334093.519437976763584, 5563877.266418295912445, 582.8 ], [ 334120.730511824949645, 5563852.047311516478658, 583.2 ], [ 334147.938379128521774, 5563826.717178271152079, 584.3 ], [ 334167.155697001260705, 5563808.535699076019228, 585.4 ], [ 334186.369681658106856, 5563790.243120529688895, 586.6 ], [ 334211.193711822270416, 5563766.323024175129831, 587.9 ], [ 334233.665522229392081, 5563763.17444936465472, 589.9 ], [ 334265.674660598859191, 5563770.411654178984463, 594.1 ], [ 334265.735622551583219, 5563770.075914607383311, 594.1 ], [ 334271.667686274391599, 5563740.40187746938318, 594.3 ], [ 334277.589438025606796, 5563710.394333458505571, 592.8 ], [ 334292.3108500035014, 5563690.016558966599405, 592.6 ], [ 334307.032378931180574, 5563669.638828189112246, 591.8 ], [ 334318.6032366551226, 5563653.58792161103338, 590.8 ], [ 334332.927255378570408, 5563638.786650816909969, 589.9 ], [ 334345.00663305411581, 5563632.178760713897645, 589.8 ], [ 334356.523461147095077, 5563628.147855289280415, 590.0 ], [ 334368.201670745038427, 5563627.005226319655776, 590.4 ], [ 334371.978755228570662, 5563624.439453474245965, 590.2 ], [ 334368.201670745038427, 5563627.005226319655776, 590.4 ], [ 334367.959699308616109, 5563637.584346832707524, 592.1 ], [ 334364.342451822245494, 5563652.163370080292225, 594.1 ], [ 334362.342945533862803, 5563661.350585095584393, 595.2 ], [ 334367.030119805480354, 5563669.661891786381602, 596.4 ], [ 334373.018215726769995, 5563683.051565093919635, 597.9 ], [ 334373.509229321614839, 5563691.938663496635854, 598.5 ], [ 334374.868445563421119, 5563692.007618279196322, 598.5 ], [ 334373.509229321614839, 5563691.938663496635854, 598.5 ], [ 334373.481534632213879, 5563691.049287058413029, 598.5 ], [ 334373.509229321614839, 5563691.938663496635854, 598.5 ], [ 334374.868445563421119, 5563692.007618279196322, 598.5 ], [ 334396.358167165890336, 5563694.009205062873662, 597.3 ], [ 334409.996637187781744, 5563698.480898294597864, 596.1 ], [ 334422.937007727858145, 5563694.294532720930874, 594.7 ], [ 334437.099992212257348, 5563694.966453165747225, 593.3 ], [ 334447.764405780821107, 5563697.972900254651904, 592.1 ], [ 334452.972506447462365, 5563702.373268316499889, 591.5 ], [ 334448.559801012743264, 5563716.643145423382521, 591.8 ], [ 334461.905113763932604, 5563762.186325284652412, 588.5 ], [ 334471.321851360902656, 5563800.841169421561062, 584.8 ], [ 334480.652426001848653, 5563843.61605866625905, 580.3 ], [ 334489.986338576418348, 5563886.50213567353785, 575.5 ], [ 334493.060138320026454, 5563902.653327194042504, 574.2 ], [ 334499.091368559049442, 5563933.512698316946626, 571.6 ], [ 334508.478219051961787, 5563980.403223026543856, 569.6 ], [ 334518.08245032292325, 5564027.398275509476662, 567.4 ], [ 334520.395015563350171, 5564055.813939142972231, 566.0 ], [ 334522.704109694925137, 5564084.118432220071554, 564.4 ], [ 334526.090818499447778, 5564101.150139410980046, 563.5 ], [ 334529.476219843141735, 5564115.845013642683625, 562.7 ], [ 334529.126389140379615, 5564116.078457948751748, 562.7 ], [ 334520.441603369428776, 5564121.578836760483682, 562.0 ], [ 334507.936391724506393, 5564130.53650919906795, 560.7 ], [ 334497.505120946792886, 5564141.877826535142958, 558.9 ], [ 334484.606612408184446, 5564170.321768445894122, 554.5 ], [ 334480.763444169191644, 5564193.698868157342076, 551.3 ], [ 334477.68175618944224, 5564211.710839526727796, 549.5 ], [ 334472.828264607232995, 5564250.8098567975685, 548.3 ], [ 334464.576847587886732, 5564277.106189789250493, 547.0 ], [ 334458.791812149807811, 5564290.862416110001504, 546.2 ], [ 334453.322015327168629, 5564303.273478357121348, 545.6 ], [ 334443.38002593559213, 5564325.727688339538872, 544.6 ], [ 334431.571951915277168, 5564352.468659752979875, 544.4 ], [ 334406.10495965660084, 5564383.19594681635499, 543.3 ], [ 334400.737291467492469, 5564389.70605789590627, 543.3 ], [ 334386.519265634240583, 5564396.380523291416466, 542.0 ], [ 334373.716926790890284, 5564430.163255805149674, 539.6 ], [ 334371.719832343515009, 5564448.586661016568542, 537.8 ], [ 334374.70580521505326, 5564471.083499364554882, 536.8 ], [ 334378.945525254355744, 5564487.977288463152945, 536.4 ], [ 334382.678805823088624, 5564516.126134903170168, 534.5 ], [ 334385.874563232064247, 5564543.067644615657628, 531.9 ], [ 334384.043057568720542, 5564559.927971394732594, 529.3 ], [ 334382.884172765421681, 5564570.869508708827198, 527.5 ], [ 334378.539732043980621, 5564589.588589728809893, 524.2 ], [ 334359.373238463769667, 5564632.249473853036761, 516.7 ], [ 334343.237343504908495, 5564657.567613719962537, 511.9 ], [ 334325.897711094119586, 5564669.45842451043427, 508.4 ], [ 334314.645743659231812, 5564675.039192118681967, 506.4 ], [ 334306.087482802453451, 5564679.979642326012254, 505.0 ], [ 334294.692872668732889, 5564685.56489947065711, 503.3 ], [ 334286.216382758575492, 5564690.836675703525543, 502.1 ], [ 334276.191174168314319, 5564696.824417160823941, 500.6 ], [ 334276.935779278748669, 5564697.80273109395057, 500.6 ], [ 334287.523695392184891, 5564712.16172281652689, 500.4 ], [ 334313.113436508341692, 5564731.283405283465981, 501.3 ], [ 334343.085363546502776, 5564767.294526579789817, 500.8 ], [ 334344.222684330015909, 5564771.71029691118747, 500.5 ], [ 334351.01886741357157, 5564797.31554610375315, 498.4 ], [ 334359.023635799298063, 5564827.334354281425476, 496.0 ], [ 334364.430291083932389, 5564847.307619537226856, 494.4 ], [ 334368.663637354562525, 5564882.340253881178796, 491.2 ], [ 334377.455720305559225, 5564917.008320173248649, 488.6 ], [ 334387.934920749336015, 5564932.48366769310087, 488.2 ], [ 334412.156092365272343, 5564948.977667399682105, 488.9 ], [ 334436.377112544956617, 5564965.471774557605386, 488.4 ], [ 334474.266260477132164, 5564996.674514567479491, 484.7 ], [ 334474.34105961030582, 5564996.783465825021267, 484.7 ], [ 334473.832657335733529, 5564998.80233443249017, 484.5 ], [ 334465.062409946345724, 5565035.909080179408193, 480.9 ], [ 334458.21779524354497, 5565066.056527218781412, 478.0 ], [ 334451.448070273851044, 5565096.312936905771494, 475.0 ], [ 334449.778894057904836, 5565100.037155256606638, 474.7 ], [ 334443.951327117159963, 5565114.685032728128135, 473.3 ], [ 334432.655070319655351, 5565141.744034817442298, 470.7 ], [ 334418.147420004592277, 5565178.028057664632797, 467.7 ], [ 334412.2839969744673, 5565212.151119600050151, 465.6 ], [ 334411.498612851602957, 5565216.738067472353578, 465.4 ], [ 334397.414505088352598, 5565250.560814428143203, 465.8 ], [ 334390.6543984641321, 5565267.352142840623856, 467.0 ], [ 334380.804191060364246, 5565297.259531145915389, 469.6 ], [ 334359.878032372216694, 5565329.181243967264891, 472.6 ], [ 334378.170667418162338, 5565341.074689979664981, 473.9 ], [ 334376.196349227102473, 5565362.501997665502131, 477.3 ], [ 334373.179872255306691, 5565396.313880450092256, 484.3 ], [ 334374.345746169914491, 5565431.442102614790201, 491.7 ], [ 334349.3179252181435, 5565437.118273068219423, 495.5 ], [ 334328.538890304858796, 5565441.66062524728477, 497.6 ], [ 334324.286687079584226, 5565442.683390201069415, 498.0 ], [ 334345.412323610391468, 5565460.72011086717248, 495.8 ], [ 334336.206445376039483, 5565465.458205610513687, 495.1 ], [ 334327.961113732366357, 5565468.94229800067842, 494.1 ], [ 334340.386867048102431, 5565480.462043668143451, 491.0 ], [ 334333.157520817359909, 5565484.470869010314345, 489.6 ], [ 334349.309777876362205, 5565496.430899638682604, 486.9 ], [ 334344.814046170562506, 5565510.258469304069877, 482.9 ], [ 334308.832246193429455, 5565521.840236861258745, 476.1 ], [ 334301.25527979969047, 5565523.856899630278349, 474.5 ], [ 334290.798804201069288, 5565527.409980483353138, 472.2 ], [ 334270.785464376385789, 5565533.597915932536125, 468.3 ], [ 334250.463116570259444, 5565534.45410637371242, 466.0 ], [ 334229.926778809633106, 5565535.317047909833491, 463.7 ], [ 334198.568968170089647, 5565537.185269352979958, 460.8 ], [ 334151.701176786096767, 5565538.536033199168742, 457.6 ], [ 334112.876837532734498, 5565534.517290082760155, 456.4 ], [ 334095.866932499047834, 5565536.272227130830288, 454.4 ], [ 334065.843596301740035, 5565537.431900448165834, 451.0 ], [ 334025.124113698955625, 5565539.036982442252338, 445.9 ], [ 333993.174855767341796, 5565540.257200985215604, 442.1 ], [ 333963.504715338931419, 5565541.295142727904022, 438.9 ], [ 333933.90243545465637, 5565542.219849623739719, 435.6 ], [ 333902.86126389936544, 5565545.081454308703542, 431.7 ], [ 333862.761113057145849, 5565548.226362504996359, 427.2 ], [ 333836.542679949081503, 5565550.047383435070515, 424.1 ], [ 333810.249451608338859, 5565551.759591888636351, 420.5 ], [ 333779.815577276051044, 5565553.490124718286097, 415.2 ], [ 333760.55629222933203, 5565554.092389130964875, 412.0 ], [ 333728.551110323867761, 5565571.78553269803524, 408.4 ], [ 333726.985317725455388, 5565571.945790917612612, 408.3 ], [ 333704.453555987915024, 5565575.210087679326534, 407.0 ], [ 333688.418072599102743, 5565580.719410197809339, 406.5 ], [ 333665.428668361739255, 5565603.583654589019716, 407.7 ], [ 333642.442943715897854, 5565626.559175501577556, 409.3 ], [ 333610.215931991871912, 5565655.388128723949194, 414.5 ], [ 333591.237228051235434, 5565671.784162743017077, 417.9 ], [ 333580.555304697714746, 5565677.237516367807984, 419.2 ], [ 333568.573787759640254, 5565679.949554652906954, 420.5 ], [ 333538.194575937697664, 5565681.123393745161593, 423.4 ], [ 333505.892966503510252, 5565682.468901712447405, 427.0 ], [ 333479.509864059626125, 5565681.29228578787297, 429.3 ], [ 333458.765223731170408, 5565680.050418434664607, 431.1 ], [ 333445.717308390536346, 5565682.907429660670459, 431.3 ], [ 333442.749521801131777, 5565688.45320554357022, 430.6 ], [ 333438.831907455052715, 5565695.586684504523873, 429.8 ], [ 333434.351164321240503, 5565716.647976631298661, 426.8 ], [ 333438.111887102015316, 5565747.800178949721158, 424.0 ], [ 333452.752554519916885, 5565775.273028501309454, 421.4 ], [ 333480.744819616782479, 5565789.085140612907708, 418.6 ], [ 333468.320947979344055, 5565820.966977164149284, 409.7 ], [ 333488.308574372669682, 5565832.247882406227291, 406.1 ], [ 333480.172140715527348, 5565834.617124397307634, 405.2 ], [ 333490.746356993971858, 5565848.52986119966954, 400.2 ], [ 333517.39304348884616, 5565849.030545796267688, 400.3 ], [ 333536.762888309604023, 5565861.109941143542528, 396.1 ], [ 333526.985970422276296, 5565863.530490480363369, 394.7 ], [ 333526.363342211348936, 5565871.00583435036242, 391.6 ], [ 333539.630167128052562, 5565875.152858980000019, 390.5 ], [ 333541.982340388174634, 5565881.867348928004503, 387.9 ], [ 333540.309096460579894, 5565896.831435652449727, 381.7 ], [ 333533.213300420553423, 5565909.628446702845395, 376.5 ], [ 333524.722027032810729, 5565909.783114607445896, 375.7 ], [ 333509.33650998637313, 5565910.932715659029782, 374.8 ], [ 333504.432430532819126, 5565911.642739643342793, 374.7 ], [ 333502.031725487438962, 5565912.496911011636257, 374.5 ], [ 333500.286884806118906, 5565913.775663149543107, 374.2 ], [ 333499.265751831117086, 5565915.365588876418769, 373.8 ], [ 333498.547336004208773, 5565917.502438283525407, 373.3 ], [ 333498.314271414768882, 5565919.178958496078849, 372.9 ], [ 333498.495231666776817, 5565920.397383795119822, 372.6 ], [ 333490.642423378012609, 5565920.420825099572539, 372.8 ], [ 333472.950287499814294, 5565925.426359195262194, 372.1 ], [ 333462.630773667886388, 5565928.754285408183932, 371.6 ], [ 333441.622868255479261, 5565932.751007113605738, 371.3 ], [ 333432.534987268503755, 5565934.371177607215941, 371.2 ], [ 333408.822079936158843, 5565940.900993514806032, 370.3 ], [ 333392.034542778332252, 5565942.873853366822004, 370.5 ], [ 333388.339552668621764, 5565943.434804819524288, 370.5 ], [ 333373.620468543842435, 5565945.342883944511414, 370.5 ], [ 333334.833594241878018, 5565951.566654780879617, 370.1 ], [ 333311.908630686462857, 5565953.620945262722671, 370.2 ], [ 333289.28800172242336, 5565953.996566865593195, 369.9 ], [ 333276.235443799174391, 5565954.405986921861768, 368.5 ], [ 333252.664737458107993, 5565951.806964653544128, 367.1 ], [ 333231.609398938133381, 5565947.459897468797863, 366.3 ], [ 333206.524899848853238, 5565942.126534272916615, 365.7 ], [ 333177.325928358011879, 5565935.364481742493808, 365.7 ], [ 333155.503313751891255, 5565931.598199426196516, 365.5 ], [ 333143.971000869525596, 5565930.402276366017759, 365.3 ], [ 333134.035771598340943, 5565930.046491199173033, 365.0 ], [ 333127.263309026195202, 5565930.370397076010704, 364.7 ], [ 333115.585304996406194, 5565933.630377376452088, 363.8 ], [ 333098.86262612848077, 5565939.94211664237082, 362.4 ], [ 333086.972670680959709, 5565945.545733923092484, 361.3 ], [ 333085.86986437777523, 5565946.804465477354825, 361.2 ], [ 333072.030711588915437, 5565960.815462747588754, 359.5 ], [ 333064.197900502127595, 5565968.294786584563553, 359.0 ], [ 333051.961892878171057, 5565974.243201896548271, 358.8 ], [ 333037.105286963691469, 5565974.042187388055027, 359.2 ], [ 332997.605067595024593, 5565975.728299222886562, 360.3 ], [ 332988.72257897030795, 5565990.696607450023293, 359.6 ], [ 332975.538237842847593, 5566007.358065224252641, 359.1 ], [ 332940.468008142779581, 5566013.690525229088962, 359.2 ], [ 332936.148648195900023, 5566014.827830425463617, 359.1 ], [ 332932.243260146002285, 5566015.506998884491622, 359.1 ], [ 332942.578155698021874, 5566026.310337943956256, 358.7 ], [ 332945.77296165865846, 5566032.552989758551121, 358.5 ], [ 332943.23179633601103, 5566035.748755949549377, 358.5 ], [ 332945.803587605885696, 5566040.341761280782521, 358.4 ] ] ] } },
{ "type": "Feature", "properties": { "name": "Hinterbüsch-Pfad (2-Tages-Tour)", "km": 34.599, "darstell": "F1" }, "geometry": { "type": "MultiLineString", "coordinates": [ [ [ 344145.727829322509933, 5557963.36752522084862, 347.7489 ], [ 344132.977936931536533, 5557969.860224136151373, 348.91458 ], [ 344129.007154131890275, 5557970.977793333120644, 349.25954 ], [ 344116.504357234749477, 5557983.471794093959033, 350.98899 ], [ 344094.281150922935922, 5558003.371405682526529, 354.432 ], [ 344051.588104467489757, 5558037.111122573725879, 360.74335 ], [ 344048.721354460227303, 5558039.309126322157681, 361.20537 ], [ 343937.391469606140163, 5558133.808919955976307, 388.5261 ], [ 343933.362230634957086, 5558132.925521734170616, 389.43659 ], [ 343906.97858013532823, 5558123.01660661585629, 394.92017 ], [ 343895.152121271123178, 5558102.444594592787325, 394.92017 ], [ 343860.16533851478016, 5558003.88435750361532, 392.30328 ], [ 343834.123512183141429, 5557978.833219977095723, 395.23303 ], [ 343813.837408979656175, 5557947.71624902728945, 398.37088 ], [ 343840.40720028814394, 5557861.483243635855615, 389.05579 ], [ 343855.832502365810797, 5557821.864685351029038, 383.3526 ], [ 343863.002877134480514, 5557800.624826516024768, 380.92046 ], [ 343865.955101421102881, 5557774.501488433219492, 379.88474 ], [ 343866.412595017754938, 5557736.434249272570014, 379.88474 ], [ 343853.377846500778105, 5557686.856611773371696, 381.08295 ], [ 343846.779407313209958, 5557647.104561392217875, 382.01943 ], [ 343835.066457246663049, 5557603.607994244433939, 387.58292 ], [ 343830.294714085583109, 5557584.720911412499845, 389.88076 ], [ 343820.137703431828413, 5557582.125591582618654, 391.73822 ], [ 343811.052204328530934, 5557579.498885905370116, 392.96404 ], [ 343807.243850757135078, 5557583.727441341616213, 393.04116 ], [ 343805.273003532900475, 5557584.786623070016503, 393.17199 ], [ 343791.799195119005162, 5557598.31124566309154, 396.08063 ], [ 343787.104847629321739, 5557606.460187869146466, 398.76517 ], [ 343768.62366325291805, 5557644.276946562342346, 411.30089 ], [ 343762.10772605589591, 5557680.519009767100215, 417.03484 ], [ 343758.058344969933387, 5557705.784442720003426, 419.73722 ], [ 343766.123019828868564, 5557756.509022448211908, 419.73722 ], [ 343713.68357958632987, 5557745.584647983312607, 427.89025 ], [ 343680.385253275337163, 5557738.883800772018731, 431.73306 ], [ 343683.730933023092803, 5557723.764382097870111, 431.94382 ], [ 343688.868057713727467, 5557701.471221981570125, 431.99765 ], [ 343689.649945033132099, 5557696.441195951774716, 431.99765 ], [ 343691.402552612649743, 5557690.381278532557189, 431.9411 ], [ 343693.979145410528872, 5557678.288684074766934, 431.83556 ], [ 343705.967468788614497, 5557628.756310516968369, 430.46851 ], [ 343703.75241010740865, 5557623.925454894080758, 430.46851 ], [ 343692.311849125893787, 5557587.31981099024415, 431.82863 ], [ 343693.152459272998385, 5557584.290901104919612, 431.82863 ], [ 343704.072190892882645, 5557556.821076320484281, 429.20386 ], [ 343701.499030230392236, 5557517.841248512268066, 428.88691 ], [ 343699.8897971920087, 5557501.977029280737042, 428.88691 ], [ 343691.784896431781817, 5557474.286311835050583, 429.38514 ], [ 343654.29558527271729, 5557463.702796086668968, 431.88543 ], [ 343666.710615402786061, 5557448.206052074208856, 428.32898 ], [ 343669.333277667115908, 5557440.117774480953813, 426.36909 ], [ 343664.436756024020724, 5557441.374097759835422, 426.36909 ], [ 343621.532984008314088, 5557446.082178053446114, 430.32638 ], [ 343595.249957214051392, 5557464.100120136514306, 433.79611 ], [ 343587.529338404536247, 5557471.447911166585982, 434.11175 ], [ 343582.74706609826535, 5557476.595365175046027, 434.03466 ], [ 343570.941213591548149, 5557481.1700997101143, 434.03466 ], [ 343581.223055213922635, 5557536.725229663774371, 435.75626 ], [ 343588.853014174615964, 5557577.448192059993744, 436.88537 ], [ 343590.130103278439492, 5557584.420641858130693, 437.0169 ], [ 343591.407189755933359, 5557591.393091959878802, 437.0169 ], [ 343537.222546249278821, 5557562.496028025634587, 434.27673 ], [ 343527.19551536149811, 5557561.900279245339334, 433.29502 ], [ 343464.388121366209816, 5557643.524591401219368, 435.93204 ], [ 343462.446749890223145, 5557645.584458696655929, 435.99728 ], [ 343461.576889964169823, 5557647.612851162441075, 436.00412 ], [ 343423.51546965102898, 5557722.168553847819567, 435.8606 ], [ 343423.544868722383399, 5557723.169110784307122, 435.84537 ], [ 343417.984631449100561, 5557733.457965726964176, 435.7562 ], [ 343415.202887953317259, 5557738.546809094026685, 435.70978 ], [ 343414.291031751781702, 5557741.577866170555353, 435.67246 ], [ 343408.73083381622564, 5557751.866731781512499, 435.5598 ], [ 343406.848330530105159, 5557755.927734789438546, 435.50801 ], [ 343352.349973413278349, 5557867.129539922811091, 433.16062 ], [ 343330.734224524232559, 5557927.071463908068836, 432.65067 ], [ 343329.851874864893034, 5557931.103094900026917, 432.65067 ], [ 343324.102952507673763, 5557937.391930724494159, 432.68914 ], [ 343268.445484676631168, 5557921.5594781069085, 434.40168 ], [ 343226.646687302389182, 5557927.239866667427123, 436.42568 ], [ 343176.909941382415127, 5557935.268318545073271, 438.492 ], [ 343150.0789225861663, 5557939.396127884276211, 439.37201 ], [ 343114.365579604462255, 5557947.791283252649009, 440.39696 ], [ 343105.250820428074803, 5557944.165227991528809, 440.75036 ], [ 343095.064595671370625, 5557940.570738360285759, 441.10644 ], [ 343089.750173567677848, 5557956.750020059756935, 440.83507 ], [ 343073.552942528272979, 5558001.512229536660016, 440.16283 ], [ 343046.744679498602636, 5558081.636929446831346, 438.66257 ], [ 343029.348836821038276, 5558146.351862464100122, 439.22432 ], [ 343022.182295812875964, 5558167.592929425649345, 439.79938 ], [ 343012.326437623938546, 5558197.03592080809176, 441.17648 ], [ 343001.660089451470412, 5558230.508522193878889, 443.68665 ], [ 342989.290852059377357, 5558245.004246206954122, 445.75748 ], [ 343006.002914944605436, 5558312.38619052991271, 452.60016 ], [ 343013.27409596455982, 5558394.177580404095352, 461.89078 ], [ 343005.90827170596458, 5558384.380367828533053, 461.89078 ], [ 342993.200016892631538, 5558367.953157929703593, 461.75776 ], [ 342979.896708371466957, 5558360.445077178068459, 461.75776 ], [ 342957.348749479744583, 5558347.312227807939053, 462.32718 ], [ 342944.048614165978506, 5558339.915407668799162, 462.65887 ], [ 342830.996641783916857, 5558290.396092914044857, 465.62319 ], [ 342829.114790180057753, 5558294.457315775565803, 466.33013 ], [ 342804.223275271360762, 5558371.522705286741257, 483.28869 ], [ 342779.391615580418147, 5558450.589347488246858, 504.66669 ], [ 342778.450741662294604, 5558452.619969364255667, 505.19479 ], [ 342746.476154155912809, 5558527.001743393950164, 524.5962 ], [ 342745.564842160791159, 5558530.032928632572293, 525.35556 ], [ 342682.358780655253213, 5558500.520874097011983, 527.46932 ], [ 342673.392340620630421, 5558501.898351259529591, 528.90694 ], [ 342651.590324634686112, 5558506.770483305677772, 533.29163 ], [ 342627.244244385161437, 5558524.736441819928586, 539.59814 ], [ 342595.530460354639217, 5558557.051489602774382, 546.00753 ], [ 342560.817358323722146, 5558589.455384009517729, 550.01356 ], [ 342514.222180290089455, 5558575.366058183833957, 549.93195 ], [ 342452.103898033965379, 5558548.828829051926732, 549.76003 ], [ 342443.799752458173316, 5558541.174230348318815, 549.76003 ], [ 342434.466077295830473, 5558532.548661124892533, 549.83944 ], [ 342425.001761733787134, 5558521.924107739701867, 549.83944 ], [ 342408.140994391753338, 5558500.502607235684991, 548.61092 ], [ 342398.558177897240967, 5558485.875874205492437, 546.68871 ], [ 342381.979121477983426, 5558471.567406494170427, 545.39782 ], [ 342357.768034813401755, 5558467.499129951931536, 542.57992 ], [ 342335.028684540651739, 5558474.514432518742979, 541.93171 ], [ 342315.223352330503985, 5558479.217588272877038, 541.93171 ], [ 342299.732818389311433, 5558467.881444352678955, 540.2109 ], [ 342296.997771516325884, 5558447.933750934898853, 538.76565 ], [ 342293.342732356511988, 5558433.131725026294589, 537.44098 ], [ 342311.528322937898338, 5558412.34224749635905, 536.50617 ], [ 342343.798763366648927, 5558394.029054714366794, 534.92972 ], [ 342364.29283217980992, 5558381.182919355109334, 533.25637 ], [ 342371.013786457653623, 5558373.974043996073306, 532.11634 ], [ 342368.338193856354337, 5558356.027432941831648, 529.46115 ], [ 342366.958570913877338, 5558348.056797107681632, 528.25645 ], [ 342308.803593269432895, 5558245.406240420415998, 520.74799 ], [ 342303.436184504884295, 5558235.550779025070369, 520.05899 ], [ 342302.376985809765756, 5558233.579264548607171, 519.91982 ], [ 342323.770545822859276, 5558219.704948467202485, 518.26169 ], [ 342345.868133353651501, 5558195.795575059950352, 515.70142 ], [ 342350.648569444019813, 5558190.646969073452055, 515.70142 ], [ 342339.373421862139367, 5558184.08184218313545, 515.73159 ], [ 342302.491922247281764, 5558162.585452386178076, 517.19474 ], [ 342301.272442119196057, 5558157.61438534129411, 517.19474 ], [ 342275.662330334249418, 5558043.541546171531081, 512.02383 ], [ 342274.265100647113286, 5558032.567152819596231, 511.37735 ], [ 342175.535038364119828, 5557991.538817350752652, 506.83077 ], [ 342173.535005504323635, 5557991.598057389259338, 506.74921 ], [ 342164.478875110624358, 5557989.974709413014352, 506.3367 ], [ 342155.482017548871227, 5557990.352486917749047, 505.47741 ], [ 342145.013327515451238, 5558003.792514574714005, 503.26935 ], [ 342096.764948785596061, 5557972.731141434051096, 500.34133 ], [ 342095.634197323815897, 5557970.761782884597778, 500.34133 ], [ 342058.221821659826674, 5557936.264056814834476, 499.6197 ], [ 342016.719837638665922, 5557898.88351642806083, 498.1625 ], [ 342012.719699891167693, 5557899.002115066163242, 498.05024 ], [ 341950.677998767583631, 5557899.506705421954393, 494.09536 ], [ 341937.680847102077678, 5557900.003495912998915, 492.60431 ], [ 341881.682823605136946, 5557875.293730438686907, 483.79897 ], [ 341844.856682503945194, 5557855.801544106565416, 478.37378 ], [ 341842.826899194042198, 5557854.860352844931185, 478.08855 ], [ 341839.636547429370694, 5557850.949301579035819, 477.52951 ], [ 341828.211535886512138, 5557839.382459416054189, 475.51622 ], [ 341776.273267014417797, 5557792.521641899831593, 465.80878 ], [ 341746.163838077802211, 5557765.70933498442173, 458.90123 ], [ 341708.243901682726573, 5557743.134933894500136, 446.43752 ], [ 341672.97531738167163, 5557737.617714680731297, 438.10819 ], [ 341670.165465481404681, 5557741.706948455423117, 438.10819 ], [ 341663.53704066912178, 5557752.029538749717176, 436.68415 ], [ 341691.205816917004995, 5557792.934030129574239, 442.15193 ], [ 341732.837436133646406, 5557856.234424946829677, 443.78857 ], [ 341757.789000731310807, 5557880.306768625043333, 449.57345 ], [ 341770.710220615961589, 5557903.735003181733191, 450.80757 ], [ 341797.597390706883743, 5557949.670368358492851, 452.33089 ], [ 341835.216355931421276, 5558039.239205809310079, 452.33089 ], [ 341855.885753751848824, 5558080.463476380333304, 446.64509 ], [ 341863.601567063771654, 5558097.147617574781179, 446.64509 ], [ 341871.685704397619702, 5558123.83519731182605, 449.27585 ], [ 341869.834191084373742, 5558128.897326381877065, 449.27585 ], [ 341822.423211237241048, 5558118.843715852126479, 440.46324 ], [ 341804.312423319730442, 5558091.563713547773659, 441.11344 ], [ 341779.672336351708509, 5558051.458965566940606, 441.11344 ], [ 341750.9162796192104, 5558007.582077982835472, 440.0036 ], [ 341750.785418712999672, 5558005.583090526983142, 439.81024 ], [ 341748.95038394239964, 5557984.718684581108391, 437.89099 ], [ 341748.581796336860862, 5557974.715262102894485, 436.87536 ], [ 341747.464035148674157, 5557946.708225603215396, 434.02273 ], [ 341747.024017258081585, 5557936.706925077363849, 433.60779 ], [ 341739.188771863235161, 5557916.020726930350065, 432.7779 ], [ 341725.517145709483884, 5557898.623473767191172, 431.76849 ], [ 341710.711216646130197, 5557879.145801614969969, 430.88668 ], [ 341688.408611248712987, 5557847.984906516037881, 428.85721 ], [ 341670.015950074186549, 5557837.738102707080543, 428.85721 ], [ 341654.241894092527218, 5557843.436545717529953, 430.7445 ], [ 341631.306274462956935, 5557870.378068696707487, 435.54938 ], [ 341628.425099928048439, 5557874.469450282864273, 436.28082 ], [ 341586.287467323476449, 5557895.194395362399518, 439.63655 ], [ 341531.611286763683893, 5557929.422541050240397, 441.03391 ], [ 341521.084457299206406, 5557940.862714583054185, 442.39089 ], [ 341515.334272443957161, 5557947.042371973395348, 443.4782 ], [ 341433.82888410409214, 5557961.373199523426592, 450.77802 ], [ 341382.314624161459506, 5557974.478620215319097, 454.00482 ], [ 341319.550976500846446, 5558005.945482816547155, 459.27004 ], [ 341281.403729663521517, 5558028.557001462206244, 459.94832 ], [ 341221.351939920685254, 5558103.006314150989056, 470.04627 ], [ 341201.300333854567725, 5558125.858152107335627, 472.52027 ], [ 341198.389810200198554, 5558128.949223535135388, 472.81206 ], [ 341164.96194447868038, 5558168.334249945357442, 476.34587 ], [ 341144.587357164011337, 5558209.110659749247134, 481.21508 ], [ 341142.676893072668463, 5558212.171949442476034, 481.52035 ], [ 341132.711991239455529, 5558237.616415635682642, 484.48289 ], [ 341101.444318555411883, 5558255.907179966568947, 484.48289 ], [ 341063.266623883275315, 5558277.408596935681999, 484.48289 ], [ 341042.305970773100853, 5558303.292556965723634, 485.54971 ], [ 341028.193716554727871, 5558299.930379216559231, 486.98931 ], [ 341010.445955267408863, 5558282.545228952541947, 490.30168 ], [ 341005.139149947848637, 5558274.803305875509977, 490.71372 ], [ 341005.637970040668733, 5558262.771086583845317, 490.71372 ], [ 341005.987506124423817, 5558245.736100353300571, 490.37753 ], [ 341008.176003618631512, 5558225.641905650496483, 490.19344 ], [ 341005.865763032226823, 5558217.69928992446512, 490.19344 ], [ 341001.648448519408703, 5558212.929189660586417, 490.70873 ], [ 340972.097194770933129, 5558224.048120640218258, 494.41856 ], [ 340935.111305476631969, 5558225.597265366464853, 495.96478 ], [ 340897.784577370446641, 5558242.067255129106343, 493.10098 ], [ 340887.937552863790188, 5558247.479809927754104, 492.58855 ], [ 340859.019713423564099, 5558248.677286684513092, 491.25024 ], [ 340775.737881214590743, 5558244.044065563008189, 480.11112 ], [ 340728.692556179594249, 5558243.892385679297149, 473.10488 ], [ 340682.089246177871246, 5558253.742378210648894, 464.38525 ], [ 340628.9800432943739, 5558277.918931907974184, 454.98315 ], [ 340571.002787298057228, 5558304.244602745398879, 439.75563 ], [ 340535.179797200951725, 5558332.689606581814587, 431.59216 ], [ 340517.779299993184395, 5558348.454720305278897, 428.9803 ], [ 340509.723077319795266, 5558346.804252744652331, 426.21783 ], [ 340497.565643295296468, 5558344.275126086547971, 423.1168 ], [ 340492.505949593381956, 5558342.423704053275287, 422.14257 ], [ 340480.479835589590948, 5558341.893583080731332, 420.30783 ], [ 340431.21738888323307, 5558336.91497256141156, 414.78863 ], [ 340391.549955847207457, 5558320.522136343643069, 408.53478 ], [ 340387.490160436136648, 5558318.640856931917369, 408.17099 ], [ 340383.433692637714557, 5558316.870753054507077, 407.81234 ], [ 340324.518594567314722, 5558295.157632814720273, 399.13487 ], [ 340288.910358547233045, 5558280.646780915558338, 393.35754 ], [ 340256.137081784196198, 5558262.93553136382252, 391.38131 ], [ 340224.716442732722498, 5558252.194072811864316, 389.26749 ], [ 340197.633755810442381, 5558250.224480478093028, 386.21825 ], [ 340168.76452893728856, 5558255.430056532844901, 382.02131 ], [ 340141.933369724196382, 5558259.461917069740593, 380.30355 ], [ 340142.184916197205894, 5558265.463085797615349, 380.10138 ], [ 340142.556542609003372, 5558275.466462479904294, 380.10138 ], [ 340093.867644253186882, 5558282.491148067638278, 378.85767 ], [ 340068.875070521025918, 5558283.463845008984208, 382.23359 ], [ 340055.878799932310358, 5558283.965246909298003, 387.98315 ], [ 340054.938903195667081, 5558285.996369551867247, 388.47255 ], [ 340062.692097907187417, 5558353.751191527582705, 385.78339 ], [ 340072.091961928992532, 5558414.446417856961489, 383.31577 ], [ 340079.40648932219483, 5558446.162097093649209, 382.62606 ], [ 340080.658052617684007, 5558452.133250722661614, 382.60933 ], [ 340081.996376042254269, 5558460.994888498447835, 382.60933 ], [ 340084.27790241362527, 5558467.936580486595631, 382.60933 ], [ 340084.469457463361323, 5558471.936645110137761, 382.66614 ], [ 340085.619554912787862, 5558476.909391620196402, 382.66614 ], [ 340095.215442197630182, 5558515.56678513251245, 383.03762 ], [ 340042.984303549281321, 5558511.682377845048904, 388.73686 ], [ 340014.909762635012157, 5558533.778459339402616, 390.63916 ], [ 339986.545687851321418, 5558550.987396787852049, 390.97524 ], [ 339941.596597379422747, 5558577.707844552583992, 391.30244 ], [ 339846.778079192736186, 5558657.669542144052684, 392.51419 ], [ 339802.009905996383168, 5558640.432993685826659, 396.76549 ], [ 339823.470662011124659, 5558600.508350536227226, 401.75017 ], [ 339854.607640172995161, 5558554.284199420362711, 406.8404 ], [ 339866.625857010541949, 5558530.778187504969537, 411.8175 ], [ 339870.441771589859854, 5558524.543484155088663, 413.11897 ], [ 339874.219686319236644, 5558519.4226547293365, 413.99538 ], [ 339901.63977327774046, 5558480.320733613334596, 421.53236 ], [ 339933.936399008729495, 5558436.955370172858238, 426.3793 ], [ 339949.894930913695134, 5558411.328291506506503, 428.44085 ], [ 339958.643577516952064, 5558378.907659966498613, 432.25927 ], [ 339965.606145716679748, 5558353.662153054028749, 432.25927 ], [ 339964.012525514117442, 5558338.688203775323927, 433.56949 ], [ 339957.734293245477602, 5558331.977880973368883, 435.75153 ], [ 339944.76819541194709, 5558333.480108272284269, 437.44194 ], [ 339937.990189488045871, 5558338.691005044616759, 438.00183 ], [ 339934.083868726389483, 5558341.923998923040926, 438.31783 ], [ 339915.753207419300452, 5558357.607839393429458, 439.47491 ], [ 339877.644099933677353, 5558381.230141184292734, 442.84645 ], [ 339839.757444528630003, 5558383.704201582819223, 444.7411 ], [ 339755.415876141167246, 5558377.11590342503041, 447.61732 ], [ 339752.416015630355105, 5558377.206131200306118, 447.78677 ], [ 339738.389914054423571, 5558376.737837476655841, 448.59196 ], [ 339713.371005807886831, 5558376.822832884266973, 451.65394 ], [ 339649.396777235087939, 5558353.377619451843202, 456.87648 ], [ 339630.091900457511656, 5558346.169552156701684, 458.61633 ], [ 339627.061903628055006, 5558345.259298977442086, 458.83928 ], [ 339469.143123134737834, 5558276.574786811135709, 467.16057 ], [ 339410.193204728886485, 5558253.871136882342398, 469.81084 ], [ 339395.917669059941545, 5558247.513757919892669, 470.52273 ], [ 339315.631135310046375, 5558216.663716983981431, 475.88331 ], [ 339264.589203930983786, 5558190.718745961785316, 478.36655 ], [ 339216.199533879174851, 5558181.607772377319634, 479.11588 ], [ 339173.839843743131496, 5558173.316677425988019, 479.11588 ], [ 339035.661599154002033, 5558147.890473464503884, 484.28167 ], [ 339030.631374869612046, 5558147.040975207462907, 484.5173 ], [ 338870.691835145407822, 5558125.503380396403372, 489.96758 ], [ 338860.362038735882379, 5558192.913905998691916, 478.57254 ], [ 338866.151199358515441, 5558211.766656592488289, 475.52036 ], [ 338867.241963603533804, 5558214.738063761033118, 475.07068 ], [ 338816.730594104039483, 5558201.68899114895612, 479.23577 ], [ 338756.780101935844868, 5558179.133918368257582, 482.50466 ], [ 338753.587571157375351, 5558175.224670148454607, 482.50466 ], [ 338727.150403768580873, 5558140.305851318873465, 477.9779 ], [ 338716.37660733575467, 5558145.750564376823604, 475.61069 ], [ 338697.542251857812516, 5558149.436381746083498, 472.80838 ], [ 338651.285064874100499, 5558168.306972033344209, 463.54628 ], [ 338646.379345474706497, 5558171.571204638108611, 462.22592 ], [ 338625.953262677532621, 5558186.432895903475583, 456.3408 ], [ 338589.007088979182299, 5558212.922524330206215, 445.9433 ], [ 338522.39601482974831, 5558272.580930737778544, 433.45036 ], [ 338508.997446232126094, 5558288.120321969501674, 433.45036 ], [ 338500.419698209734634, 5558323.542990663088858, 433.45036 ], [ 338473.085849999391939, 5558341.61912150029093, 432.48984 ], [ 338439.202079363400117, 5558370.019982823170722, 430.64721 ], [ 338438.796907517244108, 5558359.016108581796288, 428.24521 ], [ 338437.783031083876267, 5558335.011594289913774, 422.917 ], [ 338436.441943382495083, 5558326.150313746184111, 420.976 ], [ 338436.381262074457482, 5558324.149215646088123, 420.6086 ], [ 338437.317178660770878, 5558322.006622473709285, 420.42439 ], [ 338438.185040811542422, 5558319.977367512881756, 420.24972 ], [ 338439.124330093560275, 5558317.945946818217635, 420.09244 ], [ 338467.846525328874122, 5558260.770271426998079, 417.33094 ], [ 338468.785837889299728, 5558258.738856579177082, 417.25495 ], [ 338469.623390241642483, 5558255.70905836392194, 417.03284 ], [ 338482.019048239686526, 5558214.16178981680423, 414.53251 ], [ 338485.633506960235536, 5558206.04047367349267, 414.34007 ], [ 338504.806363834126387, 5558159.280499076470733, 413.40813 ], [ 338518.161478094174527, 5558118.705735061317682, 413.40813 ], [ 338521.56044010038022, 5558103.469432425685227, 413.53329 ], [ 338529.334865296084899, 5558072.188326449133456, 415.89257 ], [ 338533.230589340091683, 5558045.030644105747342, 418.23734 ], [ 338533.095941651845351, 5558016.993630819022655, 418.56457 ], [ 338528.501541929435916, 5558002.2221161108464, 418.56457 ], [ 338516.683857122203335, 5557982.662167665548623, 413.34431 ], [ 338510.964692391571589, 5557963.807606759481132, 412.63367 ], [ 338503.893689674441703, 5557938.095021460205317, 412.63367 ], [ 338502.549297549412586, 5557929.12255728058517, 412.63367 ], [ 338482.633213986875489, 5557882.991038892418146, 410.18883 ], [ 338455.845122244791128, 5557838.9595677992329, 403.17331 ], [ 338429.029645565082319, 5557794.03884840849787, 399.64954 ], [ 338411.954618037561886, 5557716.664617588743567, 399.40882 ], [ 338396.970404067949858, 5557642.231427828781307, 398.51889 ], [ 338392.611650441191159, 5557609.31515645980835, 398.32676 ], [ 338391.077599422889762, 5557596.453864893876016, 398.24734 ], [ 338384.478946402668953, 5557581.631952659226954, 396.92206 ], [ 338384.820351268281229, 5557564.596639551222324, 396.92206 ], [ 338392.837759052170441, 5557541.319740925915539, 397.60482 ], [ 338391.672116357134655, 5557512.312515162862837, 397.60482 ], [ 338391.912112476420589, 5557468.35192034393549, 397.3855 ], [ 338401.309094028430991, 5557426.895519307814538, 397.3855 ], [ 338407.982215332100168, 5557394.64621589332819, 397.3855 ], [ 338406.607261878380086, 5557384.673228579573333, 397.14296 ], [ 338403.593115846742876, 5557360.729396191425622, 395.58032 ], [ 338402.904163350758608, 5557342.723868675529957, 395.58032 ], [ 338415.335213759797625, 5557328.21514505147934, 397.62468 ], [ 338418.575502123974729, 5557310.090492531657219, 398.50663 ], [ 338417.383088525617495, 5557280.19389655161649, 398.50663 ], [ 338413.500911256764084, 5557258.279313727281988, 397.86438 ], [ 338406.398441794095561, 5557231.566305722109973, 396.12761 ], [ 338399.742161875357851, 5557214.854450216516852, 394.37527 ], [ 338395.173846174729988, 5557200.972420208156109, 393.47507 ], [ 338390.203718661505263, 5557176.197709285654128, 393.14512 ], [ 338378.383932244207244, 5557156.638040787540376, 390.14153 ], [ 338367.219734980608337, 5557128.045305576175451, 388.31154 ], [ 338348.86196826066589, 5557142.845140926539898, 389.07391 ], [ 338340.144124816404656, 5557150.119826482608914, 390.34134 ], [ 338325.492621446552221, 5557159.799997583031654, 391.34214 ], [ 338316.714133715431672, 5557165.073628013953567, 391.79169 ], [ 338289.347623272158671, 5557182.261185156181455, 393.34508 ], [ 338257.139541798154823, 5557202.488947813399136, 394.88872 ], [ 338234.095831841405015, 5557225.443166588433087, 398.27213 ], [ 338215.383284620358609, 5557233.243983185850084, 398.27213 ], [ 338153.464917162549682, 5557261.71845745947212, 395.0883 ], [ 338086.341431058128364, 5557309.491027673706412, 394.81805 ], [ 338054.794587628915906, 5557346.725012070499361, 393.77839 ], [ 338010.100988352089189, 5557379.573977656662464, 393.77839 ], [ 337986.302297649381217, 5557410.564088630490005, 394.08151 ], [ 337969.055364924832247, 5557478.29831304308027, 397.15047 ], [ 337965.593194632208906, 5557491.422713233157992, 397.15047 ], [ 337970.845086719666142, 5557598.309280247427523, 404.07922 ], [ 337971.373921338294167, 5557660.384483500383794, 407.54643 ], [ 337946.158010112238117, 5557729.362643625587225, 407.54643 ], [ 337927.336781547171995, 5557785.238596391864121, 409.15977 ], [ 337894.241192986199167, 5557832.535602402873337, 409.15977 ], [ 337852.433662424678914, 5557887.219530839473009, 409.15977 ], [ 337790.21932573185768, 5557933.845564795657992, 407.64754 ], [ 337738.731916046584956, 5557996.948249705135822, 413.9532 ], [ 337718.649768610775936, 5558020.705033413134515, 415.68037 ], [ 337696.673049789504148, 5558045.632362127304077, 417.47211 ], [ 337688.930544979986735, 5558051.988334894180298, 417.47959 ], [ 337663.791165452334099, 5558074.007727312855422, 417.47959 ], [ 337632.428030750597827, 5558091.209518034011126, 416.3116 ], [ 337603.139935888117179, 5558108.459535203874111, 416.3116 ], [ 337594.489111185190268, 5558117.847770719788969, 416.44571 ], [ 337572.47949260979658, 5558141.663916070945561, 419.9221 ], [ 337553.402041052759159, 5558165.502041538245976, 423.54083 ], [ 337543.321353517938405, 5558188.954648676328361, 423.54083 ], [ 337536.145826505380683, 5558209.2029880406335, 422.75545 ], [ 337534.237365403794684, 5558212.265613527968526, 422.722 ], [ 337527.271312838071026, 5558213.590781071223319, 422.722 ], [ 337517.407224952650722, 5558216.005811456590891, 422.77568 ], [ 337509.468311144039035, 5558218.250873089767992, 423.4805 ], [ 337486.414236251264811, 5558217.173594695515931, 422.91622 ], [ 337473.611233990755863, 5558221.681304963305593, 422.91622 ], [ 337464.675743849307764, 5558224.068109291605651, 422.60431 ], [ 337430.164895399473608, 5558236.471077200956643, 420.71025 ], [ 337347.717736621911172, 5558275.81952721439302, 417.77195 ], [ 337343.778898813412525, 5558277.942731739021838, 417.7142 ], [ 337236.941740512207616, 5558333.282379726879299, 417.28566 ], [ 337227.098258318263106, 5558338.701778147369623, 417.66466 ], [ 337219.295592339709401, 5558343.057362423278391, 418.0233 ], [ 337215.326282490277663, 5558344.180117256008089, 418.1751 ], [ 337213.356913324678317, 5558345.241769250482321, 418.1751 ], [ 337206.504212175786961, 5558324.531323517672718, 417.52689 ], [ 337205.381952160911169, 5558320.559690069407225, 417.36198 ], [ 337191.125004700093996, 5558289.170485477894545, 416.33933 ], [ 337183.462509002361912, 5558272.379457034170628, 416.32496 ], [ 337174.640221963403746, 5558252.730712994001806, 416.65183 ], [ 337168.664959613815881, 5558227.987566512078047, 417.04796 ], [ 337164.066858847800177, 5558213.217148371040821, 417.55951 ], [ 337162.811965016531758, 5558207.246612983755767, 417.8309 ], [ 337166.614810945524368, 5558203.013192293234169, 417.96065 ], [ 337168.553649138193578, 5558200.950977496802807, 418.02356 ], [ 337169.492491636890918, 5558198.91932372841984, 418.10741 ], [ 337194.211315593856853, 5558167.896986179053783, 419.43076 ], [ 337210.606576364370994, 5558152.262560582719743, 420.1499 ], [ 337218.910163098305929, 5558133.870948480442166, 421.66941 ], [ 337216.915759400115348, 5558084.970611294731498, 426.40221 ], [ 337216.406093734782189, 5558072.968416745774448, 427.57678 ], [ 337209.831744177034125, 5557984.148790526203811, 437.17508 ], [ 337075.296970084600616, 5557947.533718526363373, 439.72395 ], [ 337068.208274837234057, 5557944.857295846566558, 439.97202 ], [ 336985.993813524022698, 5557917.104778190143406, 441.35161 ], [ 336956.594354848843068, 5557907.321770294569433, 442.28819 ], [ 336942.56640065414831, 5557906.860803042538464, 442.87166 ], [ 336928.569061645772308, 5557907.400418507866561, 443.30156 ], [ 336795.143720165244304, 5557799.764167340472341, 446.77833 ], [ 336786.857182175270282, 5557793.007575415074825, 446.90229 ], [ 336631.868739630153868, 5557670.23438018001616, 453.175 ], [ 336630.766532333800569, 5557669.266684384085238, 453.29307 ], [ 336626.674115709611215, 5557666.387688370421529, 453.67226 ], [ 336528.372231732355431, 5557585.277399661950767, 460.52922 ], [ 336524.402464028680697, 5557586.400658960454166, 460.81248 ], [ 336512.435191690106876, 5557587.880537022836506, 461.7287 ], [ 336492.75674532080302, 5557596.718708897940814, 462.36951 ], [ 336478.697173301654402, 5557595.258399576880038, 462.76936 ], [ 336478.288027202885132, 5557584.254600358195603, 464.35633 ], [ 336483.174080146360211, 5557557.064540091902018, 466.5712 ], [ 336488.743295887717977, 5557521.841635941527784, 468.48106 ], [ 336487.761526690563187, 5557496.834597142413259, 469.79395 ], [ 336469.463073389371857, 5557415.496710071340203, 474.04158 ], [ 336468.770991601864807, 5557397.602466437034309, 476.22048 ], [ 336491.575730817741714, 5557292.525665815919638, 484.97504 ], [ 336491.228030840109568, 5557283.522958849556744, 485.81642 ], [ 336488.230926206335425, 5557283.726183360442519, 485.87884 ], [ 336455.980012258980423, 5557279.0406279778108, 487.13922 ], [ 336459.660240975441411, 5557270.804533733054996, 487.5075 ], [ 336483.626457192236558, 5557219.883619194850326, 488.8744 ], [ 336492.082787730498239, 5557206.493597136810422, 489.41372 ], [ 336492.960196588130202, 5557202.46073689032346, 489.44176 ], [ 336494.797046724997927, 5557199.399929573759437, 489.54888 ], [ 336515.729276052094065, 5557147.459511939436197, 489.65377 ], [ 336537.207152359304018, 5557108.633052198216319, 489.65377 ], [ 336541.887848555052187, 5557100.366347229108214, 489.88788 ], [ 336537.173222511541098, 5557058.559834169223905, 490.80867 ], [ 336536.508696283388417, 5557041.554966885596514, 491.86556 ], [ 336552.50570646050619, 5556991.880360092967749, 492.7354 ], [ 336564.982460610684939, 5556953.330087857320905, 493.62742 ], [ 336572.156455025426112, 5556933.080434419214725, 494.85173 ], [ 336575.840549772430677, 5556924.955604707822204, 495.33169 ], [ 336585.042382532381453, 5556905.534010602161288, 495.33169 ], [ 336581.83928713365458, 5556875.698955030180514, 494.2282 ], [ 336569.958090856787749, 5556803.066134221851826, 492.29064 ], [ 336571.161436007474549, 5556784.001038888469338, 492.29064 ], [ 336574.008856714179274, 5556778.906319641508162, 492.43583 ], [ 336574.876325693097897, 5556776.876756111159921, 492.53195 ], [ 336576.784835525846574, 5556773.813792486675084, 492.78671 ], [ 336604.589008122682571, 5556719.660254071466625, 498.16554 ], [ 336608.300585485529155, 5556712.424825574271381, 498.91406 ], [ 336608.1165782174794, 5556706.421562902629375, 499.08032 ], [ 336598.08754883200163, 5556656.877334407530725, 499.09773 ], [ 336597.924091816123109, 5556653.877893432974815, 499.09773 ], [ 336596.83179396338528, 5556650.906923936679959, 499.03073 ], [ 336575.44025909982156, 5556566.65909564960748, 498.90754 ], [ 336549.080631423334125, 5556483.676410936750472, 494.4858 ], [ 336550.570255100959912, 5556471.612932151183486, 494.4858 ], [ 336569.592155996593647, 5556445.881392076611519, 495.70019 ], [ 336579.019741703930777, 5556431.460343617014587, 497.00097 ], [ 336571.101019131136127, 5556408.78024270478636, 497.48831 ], [ 336560.559407039894722, 5556396.195396832190454, 497.48831 ], [ 336545.026144353556447, 5556381.760642941109836, 496.494 ], [ 336531.514069463941269, 5556370.268407402560115, 496.494 ], [ 336506.156333119026385, 5556336.327877651900053, 496.6816 ], [ 336492.040868740295991, 5556309.831973735243082, 496.93756 ], [ 336476.713505483639892, 5556276.474158174358308, 496.93756 ], [ 336458.252026781090535, 5556241.209547320380807, 496.17902 ], [ 336454.269260711444076, 5556216.294609401375055, 495.37949 ], [ 336446.76552046003053, 5556153.542553772218525, 495.37949 ], [ 336418.589325514272787, 5556125.697738234885037, 494.95553 ], [ 336387.227437501365785, 5556091.941906074993312, 494.83545 ], [ 336375.878690406563692, 5556083.388084811158478, 494.57865 ], [ 336353.211796266841702, 5556067.281055224128067, 494.57865 ], [ 336336.053953350230586, 5556013.950056039728224, 495.19118 ], [ 336336.992940228432417, 5556011.918263244442642, 495.35315 ], [ 336353.450301306205802, 5555949.209785379469395, 495.35315 ], [ 336373.233141647535376, 5555892.296966036781669, 493.15928 ], [ 336415.612732420675457, 5555753.57075856346637, 492.4346 ], [ 336417.460179713903926, 5555748.506663622334599, 492.4346 ], [ 336391.168682936229743, 5555742.525451415218413, 489.87763 ], [ 336297.375142952427268, 5555723.260147262364626, 479.33844 ], [ 336290.547026019834448, 5555703.551349360495806, 479.69523 ], [ 336285.972168899839744, 5555689.671013150364161, 480.22552 ], [ 336281.052770469745155, 5555666.899168970063329, 481.53332 ], [ 336281.674595927121118, 5555656.86522732116282, 482.28991 ], [ 336295.593885994516313, 5555630.288011340424418, 484.45886 ], [ 336298.736409937497228, 5555609.160358825698495, 484.45886 ], [ 336307.010897066327743, 5555589.766866575926542, 483.50691 ], [ 336274.34028851299081, 5555574.078432156704366, 480.6654 ], [ 336282.26021562400274, 5555547.79666940215975, 478.73463 ], [ 336264.815043436712585, 5555536.425738194026053, 476.19425 ], [ 336261.755512563628145, 5555534.62798544485122, 475.7364 ], [ 336258.692566050332971, 5555532.719063111580908, 475.2976 ], [ 336251.463976710045245, 5555527.933598218485713, 475.2976 ], [ 336269.213820474571548, 5555521.268406032584608, 475.60912 ], [ 336292.02424713090295, 5555516.339612132869661, 476.16782 ], [ 336266.036071101552807, 5555492.322912320494652, 473.76207 ], [ 336258.595800997863989, 5555480.644816682673991, 472.60026 ], [ 336238.764024661679287, 5555461.446633835323155, 470.2667 ], [ 336181.267734582477715, 5555424.710998822003603, 464.37268 ], [ 336154.964651278569363, 5555392.803857834078372, 460.43053 ], [ 336219.876293784065638, 5555389.140811007469893, 461.91421 ], [ 336145.900799044291489, 5555291.042067152447999, 452.99454 ], [ 336135.735048721020576, 5555288.461228440515697, 452.03761 ], [ 336097.253276930889115, 5555276.958263471722603, 448.34846 ], [ 336092.192442863830365, 5555275.222104392945766, 448.34846 ], [ 336024.093187575461343, 5555272.97572082746774, 449.78462 ], [ 336012.05922874895623, 5555272.455527926795185, 450.04003 ], [ 335990.962184621079359, 5555270.322372248396277, 450.52485 ], [ 335973.017220786656253, 5555272.988512204028666, 451.2314 ], [ 335963.984905012592208, 5555272.37610890250653, 451.78389 ], [ 335940.948285573977046, 5555272.30578251928091, 453.54107 ], [ 335929.443238924490288, 5555258.750164374709129, 454.93668 ], [ 335932.027467131032608, 5555198.581405859440565, 455.46593 ], [ 335926.198038540838752, 5555178.842265200801194, 455.902 ], [ 335932.989917775499634, 5555148.477422433905303, 455.902 ], [ 335915.228402565116994, 5555129.216641447506845, 457.79431 ], [ 335917.00417988729896, 5555124.154570892453194, 457.79431 ], [ 335937.626448954222724, 5555064.321132962591946, 456.30287 ], [ 335968.702615646179765, 5554941.962834381498396, 453.95166 ], [ 335983.517120454111136, 5554886.314216976985335, 453.89992 ], [ 336019.677697223727591, 5554740.765849037095904, 453.56534 ], [ 336023.199011020711623, 5554729.641253028064966, 453.32024 ], [ 336043.185909346211702, 5554653.692895356565714, 450.94173 ], [ 336056.950978640466928, 5554573.150995204225183, 449.837 ], [ 336057.85941062902566, 5554570.118620329536498, 449.837 ], [ 336060.080308630713262, 5554525.985020219348371, 450.20048 ], [ 336061.160033962863963, 5554502.917681773193181, 450.39541 ], [ 336054.613049881358165, 5554341.10088303592056, 452.32028 ], [ 336057.51956709404476, 5554337.895830946974456, 452.32028 ], [ 336051.536191683029756, 5554313.153867547400296, 452.42105 ], [ 336049.983004981593695, 5554274.254972003400326, 452.42105 ], [ 336056.631061473977752, 5554215.85328630823642, 452.16808 ], [ 336068.012878791661933, 5554176.445642115548253, 450.74485 ], [ 336082.782658576732501, 5554144.834536104463041, 448.07309 ], [ 336109.015897849923931, 5554099.74075348675251, 443.8781 ], [ 336135.270311768865213, 5554057.650926412083209, 441.59151 ], [ 336168.475840053171851, 5554011.230590444989502, 439.89007 ], [ 336210.922593738301657, 5553946.500106038525701, 439.33372 ], [ 336236.94506963994354, 5553922.444670863449574, 438.44416 ], [ 336242.724859890178777, 5553917.259860836900771, 438.29164 ], [ 336285.967679148772731, 5553871.422511691227555, 438.29164 ], [ 336349.16183342167642, 5553801.828241269104183, 438.30268 ], [ 336404.191671730601229, 5553750.623047186993062, 435.65953 ], [ 336427.897447839321103, 5553718.627836151979864, 431.73233 ], [ 336057.25846328062471, 5553784.528180105611682, 470.10248 ], [ 336055.260218887415249, 5553784.700854263268411, 470.33096 ], [ 336049.669716932578012, 5553744.813282262533903, 473.80231 ], [ 336051.515958296484314, 5553690.787712299264967, 475.61165 ], [ 336032.917686473170761, 5553651.411122188903391, 478.8604 ], [ 335988.614720615907572, 5553595.243001152761281, 483.36982 ], [ 335921.359425647126045, 5553490.819448567926884, 484.43794 ], [ 335920.266244266007561, 5553487.848608816973865, 484.40681 ], [ 335917.069030306884088, 5553483.940981632098556, 484.40232 ], [ 335896.904278980917297, 5553479.776198231615126, 484.40232 ], [ 335698.104270464449655, 5553437.710954830981791, 481.34675 ], [ 335695.10500351304654, 5553437.914578666910529, 481.34675 ], [ 335689.557033426244743, 5553425.066078940406442, 480.74676 ], [ 335685.464434748631902, 5553422.298912961967289, 480.74676 ], [ 335543.521384296589531, 5553325.855054137296975, 482.49193 ], [ 335405.942030679550953, 5553264.332241962663829, 482.49193 ], [ 335346.777423252118751, 5553336.81803738232702, 487.8796 ], [ 335360.779904964263551, 5553410.273703486658633, 490.46232 ], [ 335342.143256722309161, 5553495.085170080885291, 495.14768 ], [ 335340.459965730202384, 5553503.149033132009208, 495.64268 ], [ 335164.397765084751882, 5553553.318069528788328, 502.47346 ], [ 335154.481722017226275, 5553556.628870246931911, 502.47346 ], [ 335012.946935716550797, 5553471.31384920142591, 500.22089 ], [ 335009.882385193370283, 5553469.405614431016147, 500.13308 ], [ 334854.621840283740312, 5553391.640689852647483, 490.41611 ], [ 334885.621621669502929, 5553290.309431520290673, 486.69916 ], [ 334934.780263045453466, 5553269.315175933763385, 488.22672 ], [ 334931.201203561387956, 5553255.40496876090765, 488.22672 ], [ 334929.983630939619616, 5553248.432174163870513, 487.7862 ], [ 334928.72894768929109, 5553242.573298492468894, 487.25703 ], [ 334892.414395701605827, 5553260.054439323954284, 485.65263 ], [ 334888.379706480773166, 5553259.177775626070797, 485.36893 ], [ 334829.217972323880531, 5553257.558955552987754, 480.54191 ], [ 334786.04967234947253, 5553303.294842159375548, 477.06243 ], [ 334750.04346072266344, 5553353.816808956675231, 474.94273 ], [ 334718.841423595440574, 5553423.107406380586326, 472.57234 ], [ 334717.902499932562932, 5553425.139480085112154, 472.5036 ], [ 334706.257154099701438, 5553409.587524242699146, 472.44661 ], [ 334691.547027359541971, 5553392.127537461929023, 472.44661 ], [ 334688.485753377783112, 5553390.330654651857913, 472.50313 ], [ 334679.220092990028206, 5553384.608719333074987, 472.54994 ], [ 334680.690948472474702, 5553346.61756628472358, 471.49032 ], [ 334685.006204483157489, 5553303.419543488882482, 469.17415 ], [ 334684.748740920913406, 5553297.418541788123548, 469.01601 ], [ 334686.235672418959439, 5553285.354524999856949, 468.95458 ], [ 334685.503789181879256, 5553266.348769552074373, 468.95458 ], [ 334685.308316566515714, 5553262.348840170539916, 469.02982 ], [ 334685.093444734695368, 5553232.310612167231739, 469.02982 ], [ 334684.454548122477718, 5553216.306465934030712, 468.68134 ], [ 334700.901951402542181, 5553176.627375713549554, 468.51508 ], [ 334726.809946761408355, 5553123.524641984142363, 467.80794 ], [ 334719.81848350004293, 5553098.815050977282226, 468.13283 ], [ 334708.978029766469263, 5553079.232152227312326, 468.52651 ], [ 334689.399162826710381, 5553064.037197292782366, 468.82343 ], [ 334688.367200190783478, 5553063.067666684277356, 468.8047 ], [ 334628.524917515052948, 5552993.370283118449152, 465.19256 ], [ 334589.873406309518032, 5552953.951818414032459, 465.19256 ], [ 334564.969166784198023, 5552930.91035568062216, 465.19256 ], [ 334544.347873699502088, 5552916.749694946222007, 465.03309 ], [ 334541.251822882739361, 5552913.841184863820672, 464.76303 ], [ 334538.186787166749127, 5552911.933211850933731, 464.60001 ], [ 334524.252701082848944, 5552889.553334428928792, 460.46664 ], [ 334509.540666397660971, 5552872.093818080611527, 456.29684 ], [ 334506.444571792380884, 5552869.185327397659421, 455.35938 ], [ 334505.192582154937554, 5552764.178229629993439, 450.71104 ], [ 334506.462201463524252, 5552745.110420658253133, 450.81782 ], [ 334507.041025536018424, 5552736.079001071862876, 450.81782 ], [ 334507.948991660960019, 5552733.046358034014702, 450.75378 ], [ 334509.826971256639808, 5552728.982142627239227, 450.61725 ], [ 334512.37685590586625, 5552718.888114563189447, 450.36615 ], [ 334513.224330958444625, 5552690.819927914068103, 449.79983 ], [ 334506.850793923309539, 5552656.0764275258407, 449.65205 ], [ 334503.239307888783514, 5552641.16595131251961, 449.82019 ], [ 334490.274491481948644, 5552617.754579495638609, 451.4628 ], [ 334471.919041586399544, 5552584.384153409861028, 453.45078 ], [ 334441.763827253365889, 5552530.570866076275706, 455.37586 ], [ 334433.088108457275666, 5552513.925784236751497, 455.80518 ], [ 334416.118396530859172, 5552490.638788161799312, 457.2529 ], [ 334388.899892122135498, 5552434.620382435619831, 459.29426 ], [ 334383.38236657861853, 5552422.884873462840915, 459.48224 ], [ 334356.700440020533279, 5552381.872421121224761, 459.48224 ], [ 334335.188323832815513, 5552343.704133721068501, 459.11227 ], [ 334319.806820436555427, 5552309.351633599027991, 457.85101 ], [ 334316.782671549415682, 5552283.4065465265885, 455.0539 ], [ 334325.824686158564873, 5552261.092963571660221, 451.09001 ], [ 334337.907174388354179, 5552237.572270665317774, 448.27169 ], [ 334339.785233528469689, 5552233.507999191060662, 447.94097 ], [ 334376.013437087647617, 5552189.987161456607282, 440.9087 ], [ 334413.408003842458129, 5552149.434915903024375, 434.37402 ], [ 334431.147261349484324, 5552116.725547660142183, 432.94224 ], [ 334446.977520094253123, 5552087.079939696937799, 432.71215 ], [ 334457.224789581843652, 5552043.586560845375061, 432.71215 ], [ 334463.728668612020556, 5552006.329536364413798, 432.71215 ], [ 334473.205169750493951, 5551967.97886523604393, 432.70259 ], [ 334475.689981528499629, 5551955.772598063573241, 432.53648 ], [ 334481.388549800787587, 5551922.546563881449401, 431.9415 ], [ 334508.342162039363757, 5551921.488442704081535, 430.01933 ], [ 334512.346905655984301, 5551921.364306594245136, 430.74425 ], [ 334517.637990217888728, 5551928.099492034874856, 432.06003 ], [ 334526.056656091473997, 5551938.743724538944662, 433.94915 ], [ 334523.314136782777496, 5551944.94897729717195, 433.94915 ], [ 334521.693406958424021, 5551955.014165475033224, 434.17123 ], [ 334512.700712711550295, 5552004.366184081882238, 434.87595 ], [ 334508.458188508171588, 5552024.527605625800788, 434.89801 ], [ 334494.709906962816603, 5552105.184743410907686, 435.42333 ], [ 334445.577056206064299, 5552201.182686084881425, 435.42333 ], [ 334429.189962866017595, 5552242.863554404117167, 435.83416 ], [ 334415.90904759906698, 5552285.44963656924665, 436.26672 ], [ 334416.806345611577854, 5552307.45473791193217, 436.87551 ], [ 334429.64200495055411, 5552328.978264071978629, 437.59256 ], [ 334462.204089290928096, 5552342.657022041268647, 440.78192 ], [ 334501.965870147687383, 5552360.00745961535722, 444.03929 ], [ 334514.934610059252009, 5552383.530034381896257, 444.03929 ], [ 334569.498891195515171, 5552497.455890918150544, 446.37341 ], [ 334569.312840538565069, 5552491.452681722119451, 446.69667 ], [ 334569.086292746243998, 5552486.452223522588611, 446.95373 ], [ 334579.486617484653834, 5552470.99619488697499, 450.13086 ], [ 334583.295419441419654, 5552466.872179673053324, 451.16557 ], [ 334598.836775980307721, 5552430.225476055406034, 457.36443 ], [ 334610.993570690101478, 5552383.668741659261286, 464.43103 ], [ 334628.373118151910603, 5552343.960715468972921, 470.94674 ], [ 334626.020431746030226, 5552335.020145387388766, 470.94674 ], [ 334623.863232923904434, 5552330.079499985091388, 470.60415 ], [ 334617.056544012099039, 5552311.373246517032385, 470.00032 ], [ 334616.355569494888186, 5552293.368052543140948, 470.00032 ], [ 334617.23269536223961, 5552289.334898193366826, 470.00032 ], [ 334633.13532185938675, 5552162.653906162828207, 469.99948 ], [ 334647.224001389346085, 5552116.037482770159841, 469.99948 ], [ 334799.157781063171569, 5552135.92593240737915, 488.92551 ], [ 334831.37326189421583, 5552140.715513607487082, 491.12656 ], [ 334834.342297512688674, 5552139.510884906165302, 491.31271 ], [ 334842.156121507752687, 5552135.263170504011214, 491.31271 ], [ 334856.80492124252487, 5552076.612165013328195, 491.14575 ], [ 334863.051003835687879, 5552056.38910889159888, 490.84037 ], [ 334877.98845062952023, 5552004.739708402194083, 490.60827 ], [ 334879.823001470998861, 5552001.567214807495475, 490.59218 ], [ 334882.219312551955227, 5551986.470722049474716, 490.31506 ], [ 334888.363167373230681, 5551965.249379371292889, 490.27519 ], [ 334906.925018781854305, 5551903.47309126611799, 490.27519 ], [ 334916.937033727765083, 5551880.017923066392541, 491.24397 ], [ 334935.424395665584598, 5551841.278373640961945, 493.04161 ], [ 334949.012208411993925, 5551780.657568707130849, 494.15436 ], [ 334995.664960328023881, 5551770.758531483821571, 494.41789 ], [ 335006.544940608437173, 5551768.419317175634205, 494.29831 ], [ 335147.978558735921979, 5551751.698793609626591, 491.49367 ], [ 335156.986062811571173, 5551751.309407023712993, 491.40337 ], [ 335199.983959247241728, 5551750.538422972895205, 490.27751 ], [ 335358.605446437199134, 5551764.227839659899473, 482.18527 ], [ 335369.902824630611576, 5551770.778605814091861, 481.34567 ], [ 335385.473595440853387, 5551809.133929410018027, 479.18294 ], [ 335402.947623362881131, 5551846.540402513928711, 475.96492 ], [ 335419.108377700322308, 5551873.861266067251563, 472.46852 ], [ 335444.05979001725791, 5551872.86960328463465, 468.9329 ], [ 335486.167243842734024, 5551850.206906016916037, 465.30003 ], [ 335533.534059509052895, 5551833.280178680084646, 462.04249 ], [ 335605.169604587368667, 5551823.395890747196972, 456.78502 ], [ 335655.14097472501453, 5551821.30105996876955, 452.35733 ], [ 335691.020383984025102, 5551793.93561658449471, 449.89042 ], [ 335693.958996078115888, 5551791.730938640423119, 449.5408 ], [ 335695.852141093462706, 5551813.705316795967519, 448.71744 ], [ 335697.092712229932658, 5551844.713130651041865, 446.23136 ], [ 335674.284567675320432, 5551924.643590345047414, 440.42449 ], [ 335657.866188968066126, 5551963.316638387739658, 438.84342 ], [ 335655.149780508130789, 5551970.410647640004754, 438.61791 ], [ 335668.982165111694485, 5551991.906232827343047, 436.5487 ], [ 335674.213500039884821, 5551996.752630106173456, 436.04591 ], [ 335686.630911542568356, 5552007.164207530207932, 435.73058 ], [ 335714.305080132267904, 5552048.152294452302158, 438.2475 ], [ 335718.460232484561857, 5552052.920572151429951, 438.84668 ], [ 335758.028305205865763, 5552066.391539200209081, 441.94233 ], [ 335767.229898745485116, 5552070.003116746433079, 442.21425 ], [ 335771.265289673639927, 5552070.880459224805236, 442.23162 ], [ 335775.32803772308398, 5552072.64717048406601, 442.42463 ], [ 335778.362272817641497, 5552073.555315719917417, 442.42463 ], [ 335825.741213877801783, 5552082.66929308604449, 442.00781 ], [ 335864.082293138140813, 5552091.171341000124812, 440.13891 ], [ 335893.881206765421666, 5552084.914004262536764, 437.66916 ], [ 335937.929448332521133, 5552060.192244192585349, 432.12116 ], [ 335946.711177184595726, 5552054.803693414665759, 430.53827 ], [ 335989.81680037692422, 5552032.003040310926735, 420.91583 ], [ 336017.586521378019825, 5552024.918552776798606, 416.07467 ], [ 336032.264784679748118, 5552041.381610466167331, 414.00183 ], [ 336046.26802646019496, 5552091.804501106962562, 411.22132 ], [ 336052.000598008395173, 5552110.65658116992563, 409.33273 ], [ 336053.254199103219435, 5552116.515690887346864, 408.81027 ], [ 336054.449758804985322, 5552120.484897601418197, 408.52242 ], [ 336051.767073618946597, 5552128.690404967404902, 408.52242 ], [ 336027.778003301820718, 5552179.612504485994577, 409.54078 ], [ 336026.000912842806429, 5552184.674494558013976, 409.54078 ], [ 335991.280932331399526, 5552217.12082018982619, 413.4244 ], [ 335951.781029279576614, 5552254.721692318096757, 419.42437 ], [ 335925.600234888377599, 5552301.817042427137494, 422.12946 ], [ 335918.168353525281418, 5552316.177502488717437, 423.44557 ], [ 335892.855231123627163, 5552382.163274177350104, 427.86843 ], [ 335907.292140187637415, 5552467.624416838400066, 429.10569 ], [ 335907.353655371640343, 5552469.625491256825626, 429.10569 ], [ 335909.448081879760139, 5552472.565554874949157, 429.01371 ], [ 335912.915010120603256, 5552508.512357948347926, 431.93538 ], [ 335913.833517399150878, 5552531.40695040486753, 433.38175 ], [ 335909.466742343327496, 5552547.676190267316997, 434.36039 ], [ 335820.357306505728047, 5552645.334699080325663, 442.66548 ], [ 335823.975278333295137, 5552686.172979092225432, 440.05618 ], [ 335828.775232649291866, 5552704.942258800379932, 439.34544 ], [ 335840.999623398878612, 5552711.465384542942047, 439.20664 ], [ 335884.126052743638866, 5552712.809790286235511, 439.20664 ], [ 335953.998790359473787, 5552659.920025269500911, 432.06695 ], [ 335984.593225903285202, 5552672.666742623783648, 434.07667 ], [ 336094.157305749831721, 5552686.326299185864627, 440.25884 ], [ 336140.126365490024909, 5552633.394245091825724, 436.19864 ], [ 336170.630352427600883, 5552622.220531758852303, 431.18244 ], [ 336209.802770945010707, 5552599.653438250534236, 421.82905 ], [ 336220.422321000194643, 5552591.204465446062386, 418.6788 ], [ 336223.108380555408075, 5552583.110209020785987, 416.97701 ], [ 336224.854791182558984, 5552577.047745008952916, 415.82913 ], [ 336224.568392920889892, 5552570.046173630282283, 414.98977 ], [ 336281.601485314546153, 5552569.743132753297687, 413.76688 ], [ 336304.91311458137352, 5552601.743153074756265, 416.12593 ], [ 336320.865159347478766, 5552599.139727475121617, 419.38223 ], [ 336323.898994560702704, 5552600.048174963332713, 419.83541 ], [ 336355.074734905268997, 5552603.765849058516324, 423.68738 ], [ 336359.916461190208793, 5552600.612975222989917, 424.57476 ], [ 336451.781001137511339, 5552545.831857868470252, 445.49472 ], [ 336732.353180984850042, 5552555.602915591560304, 467.21639 ], [ 336734.102003732637968, 5552673.612194375135005, 462.52702 ], [ 336734.132608473068103, 5552674.612733302637935, 462.48372 ], [ 336741.422184100490995, 5552681.2888129260391, 462.54902 ], [ 336862.636089901614469, 5552783.516313186846673, 464.6857 ], [ 336869.823277527466416, 5552789.194208726286888, 464.76938 ], [ 337166.124695089296438, 5552740.310004737228155, 490.03875 ], [ 337274.987659007136244, 5552735.877180932089686, 497.50638 ], [ 337316.645493226824328, 5552900.406169814057648, 500.78643 ], [ 337322.084521562908776, 5552912.146746883168817, 500.97245 ], [ 337330.852458072127774, 5552929.794684489257634, 501.15294 ], [ 337366.98298893624451, 5552908.330373886972666, 503.95577 ], [ 337384.42761874711141, 5552893.666986371390522, 504.56918 ], [ 337397.699378098011948, 5552850.088188994675875, 504.23091 ], [ 337412.202240447804797, 5552837.517468788661063, 502.27615 ], [ 337474.532534799422137, 5552820.930874301120639, 492.68209 ], [ 337539.242658580536954, 5552861.356238967739046, 476.4705 ], [ 337542.544868575758301, 5552845.232241749763489, 473.79717 ], [ 337549.11492753343191, 5552833.014653035439551, 471.02345 ], [ 337578.463638019689824, 5552816.765612016431987, 464.03033 ], [ 337582.335265520261601, 5552814.644859672524035, 463.20629 ], [ 337598.852927236468531, 5552825.937295585870743, 460.82963 ], [ 337653.021551940124482, 5552879.815093878656626, 450.70762 ], [ 337692.904870554804802, 5552925.225882025435567, 450.72145 ], [ 337728.050882670562714, 5552927.829209522344172, 450.60449 ], [ 337731.084255599183962, 5552928.738447868265212, 450.60449 ], [ 337747.559181363438256, 5552915.107240931130946, 449.87497 ], [ 337759.776247638161294, 5552895.596726333722472, 448.396 ], [ 337772.054232039954513, 5552878.087324102409184, 447.69232 ], [ 337779.98311899905093, 5552851.696952667087317, 446.32147 ], [ 337780.669334427278955, 5552843.664373610168695, 445.76547 ], [ 337781.294732627575286, 5552833.63071284070611, 445.03505 ], [ 337782.133004260773305, 5552830.600839042104781, 444.82299 ], [ 337782.788818479166366, 5552821.567719667218626, 444.15117 ], [ 337782.22008161834674, 5552807.56449272017926, 443.17341 ], [ 337781.158255338610616, 5552805.593834807164967, 443.04083 ], [ 337780.096428325632587, 5552803.623177097178996, 442.91334 ], [ 337736.075694969855249, 5552730.407761661335826, 439.99662 ], [ 337730.725320882862434, 5552721.557232164777815, 439.5529 ], [ 337721.028928606421687, 5552703.936924629844725, 439.07681 ], [ 337709.079762308567297, 5552680.487608863972127, 438.69382 ], [ 337710.736525243497454, 5552671.424043356440961, 438.32635 ], [ 337741.057227056240663, 5552654.144951670430601, 437.53414 ], [ 337767.123377448820975, 5552631.097839382477105, 436.99034 ], [ 337786.314764098089654, 5552610.262719802558422, 435.56775 ], [ 337803.477183290524408, 5552588.599141056649387, 433.99418 ], [ 337806.287210211739875, 5552584.507894866168499, 433.85748 ], [ 337928.867413678904995, 5552621.621959829702973, 431.08245 ], [ 338059.153167258366011, 5552627.348355506546795, 424.72814 ], [ 338062.738419424567837, 5552592.18840728327632, 426.04842 ], [ 338069.577146762167104, 5552562.827262609265745, 426.10489 ], [ 338082.364181978744455, 5552557.320773841813207, 426.10489 ], [ 338094.464483346207999, 5552559.846840935759246, 426.10489 ], [ 338111.613636782276444, 5552587.256344306282699, 425.19456 ], [ 338121.782306788489223, 5552615.767781300470233, 423.0318 ], [ 338153.42543534206925, 5552632.611963984556496, 422.60251 ], [ 338214.652469876222312, 5552662.134888547472656, 422.60251 ], [ 338263.343582375557162, 5552677.127698800526559, 424.72856 ], [ 338296.640247083734721, 5552684.798170458525419, 426.33677 ], [ 338355.016323689604178, 5552693.48963113874197, 432.01534 ], [ 338407.639287602389231, 5552708.364646391943097, 434.07976 ], [ 338434.062867573695257, 5552692.320306083187461, 442.97175 ], [ 338471.826887044124305, 5552660.799751312471926, 452.60406 ], [ 338434.574986778781749, 5552631.215827198699117, 457.11422 ], [ 338330.598448029137217, 5552558.364497799426317, 473.50762 ], [ 338326.506695128045976, 5552555.595325872302055, 474.16276 ], [ 338289.192630307632498, 5552524.011304651387036, 478.01227 ], [ 338274.049733991676476, 5552496.65175845194608, 479.16355 ], [ 338274.89922504365677, 5552491.618721189908683, 479.39352 ], [ 338282.608215809043031, 5552460.228634443134069, 479.85716 ], [ 338295.888542711094487, 5552416.65227323397994, 480.01537 ], [ 338292.574689590954222, 5552408.852258734405041, 479.37176 ], [ 338271.170047498773783, 5552349.635695884004235, 479.37176 ], [ 338244.177618433604948, 5552299.712929130531847, 480.90704 ], [ 338198.511453647282906, 5552259.480658892542124, 484.48515 ], [ 338138.866070515243337, 5552220.896596443839371, 484.48515 ], [ 338101.457626766641624, 5552186.312206458300352, 483.59498 ], [ 338066.811791631684173, 5552169.67055722605437, 481.88284 ], [ 338037.844718811742496, 5552120.810063069686294, 480.18019 ], [ 338039.684413462178782, 5552117.749865045771003, 480.44998 ], [ 338058.3749577550916, 5552085.02482449170202, 485.21307 ], [ 338114.993995826458558, 5552049.703043990768492, 494.61943 ], [ 338147.038027302594855, 5552025.36404335219413, 498.89451 ], [ 338175.780880517442711, 5552017.259946304373443, 499.79698 ], [ 338198.878974550403655, 5551995.306648433208466, 500.92949 ], [ 338201.82179973681923, 5551993.214540606364608, 500.92949 ], [ 338249.091282952111214, 5551949.275785380043089, 502.10354 ], [ 338301.394355676369742, 5551906.075220263563097, 508.08236 ], [ 338366.370429683825932, 5551879.516309428028762, 510.95007 ], [ 338390.29017831152305, 5551877.568190925754607, 513.72079 ], [ 338419.495950542856008, 5551882.359124838374555, 517.03682 ], [ 338454.678446793288458, 5551885.967908769845963, 522.17388 ], [ 338512.242971100786235, 5551874.656933735124767, 529.10526 ], [ 338530.631579581997357, 5551883.892771789804101, 529.60839 ], [ 338559.311818460118957, 5551925.754229024983943, 530.25756 ], [ 338579.430156732560135, 5551951.962667629122734, 530.21361 ], [ 338623.123656681622379, 5551993.259239546954632, 529.6633 ], [ 338643.290895818034187, 5552023.4722362132743, 527.78135 ], [ 338664.560809128743131, 5552054.653430473990738, 526.68699 ], [ 338689.872402469685767, 5552110.637678062543273, 526.60903 ], [ 338715.738676878798287, 5552182.628546568565071, 524.28305 ], [ 338737.765444661374204, 5552257.851138061843812, 519.63567 ], [ 338798.253813770832494, 5552343.484544904902577, 511.81357 ], [ 338839.667386240500491, 5552401.876239638775587, 508.69518 ], [ 338870.06189702253323, 5552436.677202262915671, 501.98914 ], [ 338902.712279897648841, 5552451.381160870194435, 495.44719 ], [ 338912.870586101140361, 5552455.970588629133999, 493.55983 ], [ 338948.924137905996758, 5552481.47683160752058, 489.03785 ], [ 338990.82164676557295, 5552503.80266170296818, 486.38837 ], [ 338994.927565276157111, 5552504.680265337228775, 486.24122 ], [ 339020.658312690793537, 5552548.635761939920485, 483.238 ], [ 339079.984989061602391, 5552655.337538705207407, 483.44501 ], [ 339128.301160171045922, 5552686.483911634422839, 483.39828 ], [ 339231.356023713946342, 5552736.3444690303877, 480.64465 ], [ 339266.40515746048186, 5552761.882946007885039, 480.64465 ], [ 339319.871521826600656, 5552797.77183473482728, 483.08716 ], [ 339365.994581420032773, 5552798.942751389928162, 483.23418 ], [ 339385.277909928059671, 5552807.152927971445024, 486.21793 ], [ 339385.914719112566672, 5552806.911220085807145, 486.1 ], [ 339385.455609644996002, 5552805.923586243763566, 485.9 ], [ 339408.82190127420472, 5552819.018225708045065, 490.9 ], [ 339437.870804881327786, 5552837.839430274441838, 497.9 ], [ 339474.350026182481088, 5552853.878038616850972, 504.0 ], [ 339500.288336716941558, 5552857.32629956677556, 507.5 ], [ 339526.229950167820789, 5552860.885857400484383, 510.1 ], [ 339559.537963677081279, 5552866.672077890485525, 512.7 ], [ 339606.057859359309077, 5552869.168366766534746, 514.7 ], [ 339635.886355275113601, 5552868.717123541049659, 515.2 ], [ 339650.540334919409361, 5552868.165568102151155, 515.0 ] ] ] } },
{ "type": "Feature", "properties": { "name": "Manderscheider Burgenstieg mit Rittersteig (Rundtour: Manderscheid)", "km": 5.367, "darstell": "F1" }, "geometry": { "type": "MultiLineString", "coordinates": [ [ [ 343549.467438530991785, 5551247.89055444765836, 372.39285 ], [ 343551.330976417695638, 5551318.82464013248682, 370.32196 ], [ 343569.729443012969568, 5551353.112351360730827, 369.25244 ], [ 343561.999358959263191, 5551360.459938001818955, 368.51232 ], [ 343539.383898627071176, 5551370.3577652098611, 362.20356 ], [ 343478.092357014655136, 5551364.810395771637559, 354.53709 ], [ 343470.551251041761134, 5551376.158217030577362, 356.96062 ], [ 343468.854911949310917, 5551384.219214476644993, 358.96056 ], [ 343464.226347710355185, 5551392.36617283988744, 361.74046 ], [ 343465.475106010679156, 5551398.338017175905406, 362.73599 ], [ 343493.199285624781623, 5551416.21829438675195, 358.83806 ], [ 343557.516473448369652, 5551473.750375930219889, 341.17291 ], [ 343556.138974520727061, 5551487.810448980890214, 341.80948 ], [ 343557.47230458247941, 5551496.672788462601602, 340.00487 ], [ 343569.283392901183106, 5551516.243636315688491, 341.43162 ], [ 343579.351019706344232, 5551517.84023900795728, 341.53244 ], [ 343604.07379156909883, 5551535.920241753570735, 341.31142 ], [ 343607.485602879314683, 5551571.759718662127852, 344.5631 ], [ 343626.089137703820597, 5551635.082395103760064, 337.18658 ], [ 343615.155277392652351, 5551662.55191517341882, 347.44917 ], [ 343625.902770832763053, 5551680.039935346692801, 344.18705 ], [ 343645.068726582801901, 5551684.374401908367872, 334.71667 ], [ 343655.01998468185775, 5551708.895645092241466, 332.57098 ], [ 343632.900565161020495, 5551730.795516034588218, 333.77559 ], [ 343598.744354252237827, 5551752.269208411686122, 332.40358 ], [ 343563.165583120600786, 5551788.694676517508924, 326.8921 ], [ 343547.527628123934846, 5551797.275445891544223, 331.318 ], [ 343539.827584765851498, 5551805.623632432892919, 332.01369 ], [ 343538.349452611641027, 5551818.685265406034887, 327.58005 ], [ 343532.970755567308515, 5551832.973889004439116, 326.48191 ], [ 343535.541334795299917, 5551871.842235176824033, 315.74803 ], [ 343551.222999966703355, 5551889.185499650426209, 304.16344 ], [ 343550.527919324696995, 5551897.217139695771039, 303.44638 ], [ 343536.418950855964795, 5551918.882739492692053, 305.41624 ], [ 343518.201419202727266, 5551939.556130204349756, 306.16566 ], [ 343512.663427338819019, 5551950.845227111130953, 304.77044 ], [ 343526.454799094703048, 5551945.211410174146295, 302.45008 ], [ 343580.411098984710407, 5551918.038700531236827, 296.70248 ], [ 343586.418002812890336, 5551917.862707328051329, 297.90127 ], [ 343600.79222318198299, 5551927.233141491189599, 299.2274 ], [ 343605.932870750955772, 5551956.123392732813954, 297.92033 ], [ 343658.148601245251484, 5551959.934850685298443, 303.0408 ], [ 343704.133839701418765, 5551983.17849671561271, 313.36228 ], [ 343727.489536701294128, 5552018.211640684865415, 313.466 ], [ 343764.451500887749717, 5552065.753683731891215, 316.11631 ], [ 343845.091895613004453, 5552155.634944944642484, 320.3822 ], [ 343844.451327928341925, 5552138.629769903607666, 323.71596 ], [ 343975.172698406502604, 5552279.455019541084766, 331.93184 ], [ 344002.890711237443611, 5552297.337836802005768, 335.15648 ], [ 344028.40499144140631, 5552308.386609888635576, 339.87645 ], [ 344003.729668747924734, 5552267.271157474257052, 340.95441 ], [ 343966.436446469277143, 5552210.724649472162127, 343.26838 ], [ 343947.825352053390816, 5552171.434979263693094, 346.35839 ], [ 343883.289408411132172, 5552083.974234256893396, 348.75767 ], [ 343823.292111392947845, 5551985.365928547456861, 353.91172 ], [ 343821.825979314395227, 5551974.393347358331084, 355.50496 ], [ 343829.425399649189785, 5551965.047111060470343, 359.43109 ], [ 343842.248402950703166, 5551960.555124255828559, 364.13501 ], [ 343860.26245003414806, 5551959.805701497010887, 370.21492 ], [ 343875.393366232339758, 5551963.257545107975602, 375.14434 ], [ 343926.454657261143439, 5552013.281294628046453, 377.29208 ], [ 343949.269270580494776, 5552032.308661730028689, 377.76626 ], [ 343973.712260364904068, 5552043.388551764190197, 380.38037 ], [ 343985.751759293023497, 5552043.92682989500463, 382.61581 ], [ 343998.441447237099055, 5552037.3250328656286, 386.34038 ], [ 344011.612061117892154, 5552039.83312632702291, 388.29781 ], [ 344039.084229029947892, 5552051.714934305287898, 391.33824 ], [ 344064.44037102884613, 5552059.764335250481963, 394.92103 ], [ 344108.824128101929091, 5552069.928594652563334, 401.91678 ], [ 344102.515395501803141, 5552062.212857373990119, 401.47672 ], [ 344095.989037253428251, 5552049.496461591683328, 402.25325 ], [ 344086.791395785636269, 5552018.832812561653554, 408.52685 ], [ 344054.616918744402938, 5551966.030534574761987, 417.83669 ], [ 344046.390848545590416, 5551934.337156564928591, 424.88742 ], [ 344038.674645434366539, 5551917.649959391914308, 427.97871 ], [ 344039.065106939175166, 5551901.6160824354738, 430.5013 ], [ 344042.299843422719277, 5551882.494904660619795, 432.46588 ], [ 344062.343920509738382, 5551833.61947966273874, 434.83324 ], [ 344060.127204247284681, 5551828.788472874090075, 434.39274 ], [ 343991.324362723738886, 5551759.476274714805186, 420.58098 ], [ 343981.735400743898936, 5551744.846676525659859, 416.66864 ], [ 343975.049189063254744, 5551729.130859605036676, 412.62434 ], [ 343963.311551134567708, 5551709.557058450765908, 407.97038 ], [ 343962.876109205128159, 5551699.555737182497978, 405.36442 ], [ 343967.576622010790743, 5551691.407127531245351, 402.579 ], [ 343972.478578160284087, 5551690.151201019063592, 401.74128 ], [ 344094.080537952191662, 5551702.287604528479278, 409.64232 ], [ 344119.003049252962228, 5551700.335966478101909, 409.2349 ], [ 344189.079684487427585, 5551700.515795731917024, 410.79678 ], [ 344130.664564757025801, 5551665.836533980444074, 395.42894 ], [ 344170.136521099600941, 5551674.364574925042689, 400.57957 ], [ 344192.6887810328044, 5551684.388031251728535, 405.66402 ], [ 344210.824517486034892, 5551675.513800817541778, 404.62971 ], [ 344201.604071413283236, 5551648.967518034391105, 397.15311 ], [ 344196.534055951749906, 5551632.202890087850392, 394.80086 ], [ 344188.035257288487628, 5551603.410228611901402, 394.02898 ], [ 344175.872472528542858, 5551581.511791250668466, 391.66511 ], [ 344155.29673586867284, 5551560.749064506962895, 384.63343 ], [ 344144.011266167450231, 5551541.9405581895262, 379.90193 ], [ 344131.981235879822634, 5551524.600278393365443, 374.40289 ], [ 344136.90032918821089, 5551509.213106396608055, 376.22111 ], [ 344138.672859693528153, 5551491.469916534610093, 376.82841 ], [ 344142.155064759310335, 5551478.350035537034273, 378.32653 ], [ 344143.212338078825269, 5551463.075600728392601, 378.65076 ], [ 344141.574819318891969, 5551446.210821770131588, 377.39574 ], [ 344142.573693984595593, 5551428.935287473723292, 377.00252 ], [ 344139.482982431771234, 5551413.781931427307427, 374.30674 ], [ 344136.207159512559883, 5551394.739636868238449, 370.79035 ], [ 344132.381644759501796, 5551381.388004165142775, 367.08932 ], [ 344130.038519560592249, 5551367.325499195605516, 363.69026 ], [ 344128.166682302951813, 5551354.695707857608795, 360.58304 ], [ 344123.567406137124635, 5551341.811734865419567, 355.97978 ], [ 344122.456169233191758, 5551330.717478937469423, 354.37751 ], [ 344128.106994817848317, 5551313.417413100600243, 356.96761 ], [ 344134.1673769246554, 5551297.885671708732843, 359.74193 ], [ 344137.34392995305825, 5551289.002862974070013, 361.03987 ], [ 344141.925181772676297, 5551274.293176406994462, 362.67891 ], [ 344144.887607106706128, 5551258.073007442988455, 363.26125 ], [ 344141.455335265723988, 5551245.933826279826462, 360.41528 ], [ 344141.50480485172011, 5551232.914153509773314, 359.50234 ], [ 344152.965024655451998, 5551218.448773084208369, 364.88634 ], [ 344163.111558764416259, 5551210.475237498991191, 369.91556 ], [ 344171.990521208266728, 5551198.310571217909455, 373.7501 ], [ 344172.082100224099122, 5551189.184015239588916, 372.63366 ], [ 344168.962042637751438, 5551175.477971775457263, 369.00065 ], [ 344165.601308735378552, 5551163.33668942656368, 365.25082 ], [ 344162.13335307140369, 5551149.974602138623595, 360.8558 ], [ 344159.900562155991793, 5551139.691942729055882, 357.32236 ], [ 344156.51369222078938, 5551129.109163741581142, 353.51458 ], [ 344146.953265191114042, 5551117.927693301811814, 349.22958 ], [ 344137.412268052983563, 5551107.413272441364825, 345.18268 ], [ 344128.661216899869032, 5551096.987076233141124, 341.11961 ], [ 344117.959701768122613, 5551083.502354476600885, 335.95924 ], [ 344105.603392602002714, 5551069.732158907689154, 331.2569 ], [ 344087.122195814794395, 5551054.583071720786393, 326.79215 ], [ 344075.204068095888942, 5551053.373311222530901, 325.15788 ], [ 344043.432354655407835, 5551043.953259230591357, 318.64498 ], [ 344018.75406744342763, 5551039.667011603713036, 311.63629 ], [ 343995.736843743710779, 5551040.784434956498444, 305.43823 ], [ 343983.038404075545259, 5551039.820206733420491, 303.22101 ], [ 343974.673593539046124, 5551037.727987418882549, 302.31146 ], [ 343968.438269963720813, 5551032.569350354373455, 302.08084 ], [ 343964.121110308566131, 5551024.461729629896581, 301.11082 ], [ 343967.983639245736413, 5551012.109497052617371, 299.05512 ], [ 343976.738915339461528, 5551003.063596300780773, 298.35555 ], [ 343979.018105962313712, 5550995.319582015275955, 296.06633 ], [ 343971.69696609757375, 5550987.299719433300197, 290.68116 ], [ 343962.834475619543809, 5550992.676947439089417, 289.5907 ], [ 343961.250928089721128, 5551004.628791428171098, 294.1186 ], [ 343932.852148945035879, 5551056.752784367650747, 289.80275 ], [ 343939.077735897037201, 5551061.577863775193691, 288.51135 ], [ 343952.172783928690478, 5551061.417725311592221, 290.59848 ], [ 344001.006015058723278, 5551064.330383847467601, 298.65421 ], [ 344008.898565874435008, 5551091.916583919897676, 291.52031 ], [ 344011.538060224440414, 5551101.408445496112108, 289.25931 ], [ 344006.241912736732047, 5551111.243383679538965, 286.40551 ], [ 344033.450706091301981, 5551162.966660602018237, 289.41382 ], [ 344029.873911707545631, 5551185.101998911239207, 289.70788 ], [ 344018.787381882080808, 5551212.352448240853846, 290.15011 ], [ 344012.423148383095395, 5551178.268106413073838, 289.11642 ], [ 344009.074971027323045, 5551169.019480964168906, 288.99525 ], [ 343997.819757467717864, 5551185.593267212621868, 288.84318 ], [ 343993.374882102594711, 5551217.211699449457228, 289.477 ], [ 343987.779763880069368, 5551229.058207091875374, 289.76094 ], [ 343978.17643583973404, 5551236.01481488160789, 289.82482 ], [ 343952.169085857749451, 5551245.008532989770174, 289.49592 ], [ 343931.483436775044538, 5551259.743999334983528, 289.3749 ], [ 343912.08194543706486, 5551279.226502145640552, 289.4092 ], [ 343900.541063484735787, 5551312.9440180612728, 290.86164 ], [ 343872.518658222048543, 5551331.34350274130702, 304.56338 ], [ 343850.061857856810093, 5551344.239557706750929, 318.86848 ], [ 343831.395562891499139, 5551344.78545290697366, 324.86395 ], [ 343822.244429160840809, 5551340.268609073013067, 324.85132 ], [ 343815.49568248342257, 5551339.575865153223276, 325.00654 ], [ 343807.983040950144641, 5551344.58010548632592, 325.21588 ], [ 343802.186516889254563, 5551317.711713957600296, 321.9553 ], [ 343787.196566264843568, 5551297.120701864361763, 323.22778 ], [ 343767.703688785317354, 5551254.741812783293426, 327.74199 ], [ 343766.724416254437529, 5551206.591724421828985, 327.37174 ], [ 343764.627069065580145, 5551174.051771653816104, 325.83717 ], [ 343762.633796599926427, 5551145.069328476674855, 324.68836 ], [ 343755.114005023729987, 5551125.372500880621374, 327.99215 ], [ 343737.109909497143235, 5551114.327512476593256, 337.01742 ], [ 343724.154547240817919, 5551104.581305048428476, 342.68903 ], [ 343708.500953694805503, 5551100.477462868206203, 349.57628 ], [ 343700.880800870829262, 5551106.708927061408758, 352.41896 ], [ 343686.053193014347926, 5551111.259828070178628, 354.97596 ], [ 343680.962073384376708, 5551108.515905081294477, 355.44717 ], [ 343647.593694760464132, 5551100.813934399746358, 357.49345 ], [ 343606.071511784743052, 5551088.455190652050078, 359.89129 ], [ 343589.530996017041616, 5551100.511445311829448, 358.86885 ], [ 343583.244187179487199, 5551113.15754355955869, 359.46901 ], [ 343574.125741409312468, 5551124.440119718201458, 360.92681 ], [ 343551.877006195718423, 5551142.00455429032445, 363.86047 ], [ 343519.640232383972034, 5551192.463152476586401, 369.43597 ], [ 343512.687682749470696, 5551211.693643838167191, 371.37036 ], [ 343510.563643824309111, 5551244.246017394587398, 373.17655 ], [ 343546.69757232174743, 5551246.191427898593247, 372.43796 ] ] ] } },
{ "type": "Feature", "properties": { "name": "Vulkan-Pfad", "km": 31.101, "darstell": "F1" }, "geometry": { "type": "MultiLineString", "coordinates": [ [ [ 329032.61670973803848, 5582904.400658645667136, 573.4 ], [ 329003.688387985457666, 5582881.40897601377219, 572.7 ], [ 328967.964121886529028, 5582852.961514243856072, 571.1 ], [ 328932.310572520946153, 5582824.51198570523411, 569.2 ], [ 328896.589138356910553, 5582796.17616487108171, 567.6 ], [ 328860.863723446149379, 5582767.729404453188181, 565.8 ], [ 328825.209026454656851, 5582739.280575855635107, 563.9 ], [ 328789.482845334103331, 5582710.834282859228551, 562.2 ], [ 328752.516132545191795, 5582692.444504232145846, 560.0 ], [ 328715.549154724401888, 5582674.054978765547276, 558.4 ], [ 328678.507206903072074, 5582655.556837079115212, 556.7 ], [ 328636.636513850535266, 5582644.004156271927059, 556.1 ], [ 328594.698123972280882, 5582632.56528169196099, 553.4 ], [ 328552.827034796238877, 5582621.013256633654237, 550.3 ], [ 328510.884644148463849, 5582609.463865492492914, 545.3 ], [ 328472.185488201794215, 5582592.578924271278083, 544.5 ], [ 328433.489682576968335, 5582575.805434510111809, 543.5 ], [ 328394.790012797922827, 5582558.921049420721829, 541.6 ], [ 328356.090085708186962, 5582542.036942404694855, 540.4 ], [ 328328.63990415178705, 5582527.458789507858455, 539.5 ], [ 328301.260671754251234, 5582512.878466903232038, 538.1 ], [ 328283.157929611275904, 5582514.356707186438143, 537.8 ], [ 328258.738607659121044, 5582525.166020295582712, 537.7 ], [ 328234.251888700760901, 5582536.088931852951646, 537.2 ], [ 328191.790081229642965, 5582561.173518143594265, 536.2 ], [ 328170.604760124348104, 5582561.973291122354567, 533.4 ], [ 328148.363833298149984, 5582556.575176974758506, 529.8 ], [ 328122.548487261170521, 5582541.944925603456795, 525.2 ], [ 328096.661891073570587, 5582527.317109217867255, 521.0 ], [ 328078.378518824174535, 5582510.105064431205392, 518.1 ], [ 328060.098644667421468, 5582493.004253905266523, 515.6 ], [ 328049.834230971406214, 5582466.29438185878098, 513.6 ], [ 328039.569724553846754, 5582439.584528402425349, 511.6 ], [ 328036.210794337908737, 5582395.400003339163959, 509.3 ], [ 328032.780733645777218, 5582351.217794475145638, 507.1 ], [ 328035.288718207913917, 5582321.087691995315254, 505.9 ], [ 328035.939529046416283, 5582321.400398190133274, 505.9 ], [ 328035.85032878536731, 5582288.016041984781623, 504.3 ], [ 328042.133122940547764, 5582268.892268560826778, 503.6 ], [ 328057.69622620777227, 5582237.447310243733227, 502.5 ], [ 328065.973782086977735, 5582224.936157817021012, 501.9 ], [ 328073.537865849211812, 5582214.562744219787419, 501.1 ], [ 328100.939121620205697, 5582185.960468650795519, 497.9 ], [ 328064.068757712957449, 5582159.781692923977971, 497.1 ], [ 328057.327879341377411, 5582153.879889886826277, 496.7 ], [ 328055.756282437941991, 5582147.142255214974284, 496.3 ], [ 328056.231206217722502, 5582137.667093903757632, 495.9 ], [ 328058.64416930556763, 5582128.685367769561708, 495.5 ], [ 328065.797490133729298, 5582107.863974793814123, 494.9 ], [ 328071.780449093086645, 5582099.211342323571444, 494.4 ], [ 328072.368716339115053, 5582088.842173718847334, 494.7 ], [ 328072.191598116129171, 5582083.394684774801135, 495.0 ], [ 328078.989343007560819, 5582075.717188173905015, 494.1 ], [ 328087.57101012323983, 5582059.412317130714655, 493.2 ], [ 328089.617676471418235, 5582050.108647547662258, 493.1 ], [ 328088.609025281039067, 5582038.789783266372979, 493.5 ], [ 328077.24025074171368, 5581995.644713069312274, 494.5 ], [ 328065.9424326592125, 5581952.497353613376617, 492.7 ], [ 328052.138689468440134, 5581904.534699816256762, 490.8 ], [ 328046.942885499272961, 5581876.101922639645636, 489.7 ], [ 328041.818152350548189, 5581847.666838024742901, 488.5 ], [ 328038.562683346215636, 5581837.311366000212729, 488.1 ], [ 328032.575959997775499, 5581826.154385131783783, 487.6 ], [ 328024.442528028739616, 5581816.847872626967728, 487.1 ], [ 328014.842180008534342, 5581810.593928598798811, 486.5 ], [ 328004.13772749301279, 5581807.603343123570085, 486.0 ], [ 328000.328911178279668, 5581806.503022668883204, 485.8 ], [ 327986.9293387887883, 5581803.822710553184152, 485.6 ], [ 327978.059355477569625, 5581800.327343600802124, 485.7 ], [ 327971.98691253864672, 5581795.29420629888773, 485.8 ], [ 327968.746962962555699, 5581787.609243935905397, 486.1 ], [ 327967.922463068854995, 5581775.394074347801507, 486.4 ], [ 327972.454446333053056, 5581759.332062921486795, 486.1 ], [ 327987.996008539397735, 5581718.427972954697907, 484.0 ], [ 327990.702013353351504, 5581705.318936724215746, 483.3 ], [ 327991.270951741898898, 5581692.168119723908603, 482.7 ], [ 327988.310630300198682, 5581675.570787655189633, 481.8 ], [ 327977.038151465880219, 5581648.559906655922532, 480.4 ], [ 327967.347031730867457, 5581632.960556609556079, 479.9 ], [ 327950.469433832680807, 5581610.91755788680166, 479.5 ], [ 327933.520583737408742, 5581588.876924321986735, 478.6 ], [ 327918.482005383586511, 5581555.53380807954818, 475.4 ], [ 327915.943412586988416, 5581549.717993279919028, 474.8 ], [ 327910.419032132718712, 5581539.658989465795457, 473.9 ], [ 327901.825715214014053, 5581529.365980762988329, 473.3 ], [ 327870.371833616460208, 5581501.342669142410159, 472.0 ], [ 327838.917622314533219, 5581473.319538180716336, 470.4 ], [ 327807.459461832651868, 5581445.185414783656597, 468.8 ], [ 327773.033343819610309, 5581419.930381426587701, 467.9 ], [ 327735.905648916959763, 5581396.989365139976144, 467.9 ], [ 327722.244162950781174, 5581386.305236971005797, 467.8 ], [ 327702.949349642323796, 5581368.793314643204212, 467.3 ], [ 327683.729152320651338, 5581351.390316248871386, 466.7 ], [ 327653.861754919751547, 5581321.869707401841879, 465.5 ], [ 327623.994030178058892, 5581292.34926092531532, 464.6 ], [ 327605.166069734026678, 5581271.706294575706124, 463.8 ], [ 327593.215456780279055, 5581256.737642793916166, 463.0 ], [ 327585.161978578078561, 5581241.196813617832959, 461.4 ], [ 327575.408787868451327, 5581243.406697393395007, 463.0 ], [ 327568.557993974303827, 5581240.736459667794406, 463.4 ], [ 327534.681640057649929, 5581217.134294723160565, 463.5 ], [ 327500.804981927445624, 5581193.532340689562261, 464.0 ], [ 327466.924393275403418, 5581169.819424582645297, 464.6 ], [ 327433.047126039280556, 5581146.217892391607165, 464.5 ], [ 327399.165926916757599, 5581122.505398146808147, 463.9 ], [ 327389.060667600773741, 5581113.931843754835427, 463.4 ], [ 327357.275046445080079, 5581086.812471526674926, 462.5 ], [ 327332.786607601330616, 5581065.130929381586611, 462.5 ], [ 327328.310126463649794, 5581061.047982946038246, 462.5 ], [ 327308.365465099341236, 5581043.33600177615881, 462.9 ], [ 327284.492704395204782, 5581012.174789130687714, 462.0 ], [ 327259.24717242619954, 5580976.050383086316288, 462.4 ], [ 327240.555787076707929, 5580940.045899329707026, 463.6 ], [ 327231.844694809173234, 5580921.856014234013855, 464.5 ], [ 327237.303713412140496, 5580905.874332332983613, 462.3 ], [ 327242.882581714889966, 5580893.561362873762846, 460.5 ], [ 327249.06828150828369, 5580884.567327692173421, 458.8 ], [ 327252.871332756476477, 5580881.104389733634889, 458.1 ], [ 327255.430411947483663, 5580878.794991786591709, 457.7 ], [ 327262.459587783028837, 5580876.005751530639827, 457.1 ], [ 327300.888350644498132, 5580873.192951135337353, 455.9 ], [ 327329.474059276282787, 5580872.037210665643215, 455.1 ], [ 327358.134526933776215, 5580870.990476498380303, 456.0 ], [ 327372.623389146989211, 5580865.509527528658509, 456.1 ], [ 327371.743614705395885, 5580880.006109106354415, 456.2 ], [ 327370.384777374565601, 5580901.640970124863088, 455.2 ], [ 327384.888730989070609, 5580903.17091051582247, 455.8 ], [ 327398.401955499546602, 5580907.070333569310606, 456.1 ], [ 327401.906216974952258, 5580892.26554436609149, 456.6 ], [ 327401.968977113487199, 5580868.001996147446334, 457.3 ], [ 327400.955852310813498, 5580863.138235705904663, 457.5 ], [ 327396.067802092991769, 5580855.173460674472153, 457.3 ], [ 327389.77689336927142, 5580839.130199954845011, 456.7 ], [ 327389.586837516515516, 5580831.123428453691304, 456.6 ], [ 327393.152173443813808, 5580811.642410285770893, 457.2 ], [ 327399.992257972015068, 5580796.506200150586665, 458.7 ], [ 327414.065875467611477, 5580769.559715514071286, 462.8 ], [ 327419.851446405344177, 5580757.017639832571149, 463.5 ], [ 327433.163804772950243, 5580735.104158635251224, 464.3 ], [ 327438.47414996533189, 5580718.90500072017312, 464.0 ], [ 327441.007140783127397, 5580691.778614140115678, 462.5 ], [ 327444.592886265309062, 5580681.645445835776627, 462.7 ], [ 327451.537078202993143, 5580667.507548103109002, 463.7 ], [ 327452.355215864838101, 5580662.027595558203757, 463.7 ], [ 327450.283265530131757, 5580653.080588975921273, 462.9 ], [ 327445.457610398414545, 5580642.665323813445866, 461.4 ], [ 327438.793437273881864, 5580632.643904880620539, 459.6 ], [ 327431.947353142837528, 5580610.497686554677784, 457.7 ], [ 327431.096849085763097, 5580604.070540220476687, 457.4 ], [ 327430.713282026408706, 5580587.945828916504979, 457.4 ], [ 327432.432961880345829, 5580579.542895066551864, 457.9 ], [ 327435.613201541593298, 5580563.524520635604858, 459.0 ], [ 327434.875951253809035, 5580556.203350522555411, 459.0 ], [ 327434.872324983414728, 5580556.09217762388289, 459.0 ], [ 327426.725697083049454, 5580524.639924833551049, 457.3 ], [ 327418.575361759576481, 5580493.076510881073773, 455.4 ], [ 327412.194924196694046, 5580476.479679252952337, 453.7 ], [ 327407.875063268351369, 5580461.930164927616715, 452.5 ], [ 327406.745263171556871, 5580446.942711006850004, 452.0 ], [ 327405.572429476771504, 5580408.808094648644328, 450.5 ], [ 327404.324842837348115, 5580370.564627799205482, 448.9 ], [ 327396.813599873683415, 5580343.32074386253953, 445.9 ], [ 327392.394289866730105, 5580323.543796382844448, 443.8 ], [ 327392.267585401539691, 5580308.746203165501356, 442.8 ], [ 327391.31827055499889, 5580303.657779290340841, 442.3 ], [ 327386.194598245143425, 5580295.032932507805526, 441.0 ], [ 327387.879478991613723, 5580287.744037297554314, 440.8 ], [ 327391.777617648418527, 5580276.265164795331657, 440.4 ], [ 327381.979967818129808, 5580272.800907548516989, 439.3 ], [ 327375.777538664580788, 5580268.217746438458562, 438.5 ], [ 327373.367823178530671, 5580259.838237053714693, 438.0 ], [ 327368.694270447129384, 5580243.185752253979445, 437.7 ], [ 327384.145357827481348, 5580232.220273718237877, 437.1 ], [ 327391.823777015379164, 5580225.292304988950491, 436.5 ], [ 327406.261771898833103, 5580209.463136620819569, 436.1 ], [ 327408.398075797711499, 5580207.278919005766511, 436.1 ], [ 327426.856899946986232, 5580188.091214492917061, 435.5 ], [ 327439.800376642611809, 5580176.651247660629451, 435.3 ], [ 327443.54020829993533, 5580173.413129772990942, 435.2 ], [ 327466.242089467297774, 5580153.308164738118649, 434.5 ], [ 327490.211461440718267, 5580134.942638824693859, 433.6 ], [ 327514.252135893679224, 5580116.574906619265676, 432.5 ], [ 327520.577010801061988, 5580111.805796996690333, 432.2 ], [ 327525.234471059637144, 5580108.315248095430434, 432.0 ], [ 327560.268700542219449, 5580082.021616441197693, 431.4 ], [ 327567.460477109416388, 5580075.443660815246403, 431.3 ], [ 327587.281832107109949, 5580060.886391973122954, 431.3 ], [ 327598.822630634356756, 5580052.274829522706568, 431.3 ], [ 327600.913296163314953, 5580050.871221101842821, 431.3 ], [ 327632.047839378647041, 5580027.264855841174722, 431.3 ], [ 327663.257418048917316, 5580003.767536545172334, 431.3 ], [ 327694.463652072707191, 5579980.159235258586705, 431.3 ], [ 327710.549184180563316, 5579968.951551135629416, 431.6 ], [ 327738.413537589251064, 5579947.678159028291702, 432.4 ], [ 327766.352871859329753, 5579926.513776522129774, 433.5 ], [ 327767.465771897928789, 5579925.698518052697182, 433.6 ], [ 327778.932396905613132, 5579916.978505488485098, 434.1 ], [ 327802.129828057542909, 5579901.088033028878272, 436.0 ], [ 327808.345496254158206, 5579897.324466126970947, 436.6 ], [ 327841.054171832161956, 5579873.890792738646269, 436.9 ], [ 327880.927867907448672, 5579845.216205283999443, 436.2 ], [ 327898.897662492119707, 5579830.609136234968901, 435.0 ], [ 327905.553616084973328, 5579825.050724854692817, 434.5 ], [ 327924.6208733554231, 5579806.958055538125336, 433.9 ], [ 327917.49489260208793, 5579798.063964635133743, 431.2 ], [ 327914.939880165504292, 5579796.143823894672096, 430.9 ], [ 327915.56090858503012, 5579793.341366574168205, 430.9 ], [ 327920.60715011076536, 5579790.840167716145515, 431.0 ], [ 327929.227510473690927, 5579779.987260065972805, 430.9 ], [ 327930.912053982145153, 5579777.038932679221034, 430.9 ], [ 327929.804011171800084, 5579773.624958598054945, 430.9 ], [ 327927.440726620028727, 5579771.030834482982755, 430.9 ], [ 327924.92431170726195, 5579768.107819375582039, 431.0 ], [ 327891.394298698054627, 5579733.473992966115475, 430.7 ], [ 327888.425684641697444, 5579729.786667031235993, 430.3 ], [ 327885.517361082427669, 5579725.76351017318666, 429.9 ], [ 327883.444570215651765, 5579727.722865479998291, 430.0 ], [ 327873.11466722690966, 5579714.481414029374719, 428.8 ], [ 327849.05157668486936, 5579736.631944958120584, 429.5 ], [ 327824.917547577118967, 5579758.784905063919723, 430.1 ], [ 327806.760790661792271, 5579776.403150245547295, 430.4 ], [ 327788.536632870440371, 5579794.13494884967804, 430.7 ], [ 327768.416756397811696, 5579773.310667218640447, 430.1 ], [ 327747.61664303712314, 5579751.284399171359837, 428.0 ], [ 327745.836865324818064, 5579749.116519681178033, 427.8 ], [ 327738.093176628346555, 5579743.136314396746457, 427.9 ], [ 327730.716037415084429, 5579737.478058906272054, 428.0 ], [ 327723.558413997292519, 5579736.375584184192121, 428.6 ], [ 327723.554794738651253, 5579736.264411335811019, 428.6 ], [ 327721.840149543073494, 5579736.097650941461325, 428.8 ], [ 327716.316413756343536, 5579737.056516932323575, 429.2 ], [ 327709.336144243890885, 5579741.401531119830906, 429.4 ], [ 327684.745777663309127, 5579767.020032469183207, 428.8 ], [ 327678.669954505516216, 5579772.89370977692306, 428.7 ], [ 327668.202565993648022, 5579775.126523905433714, 429.5 ], [ 327661.392170457635075, 5579771.564430619589984, 430.9 ], [ 327656.475091300264467, 5579775.842327280901372, 430.9 ], [ 327647.88891253923066, 5579783.355871854349971, 430.9 ], [ 327617.786507084500045, 5579816.833310339599848, 429.8 ], [ 327607.751251124660484, 5579827.955439137294888, 429.5 ], [ 327594.109600364230573, 5579839.862832386977971, 429.5 ], [ 327588.039902742835693, 5579843.733189443126321, 429.7 ], [ 327576.140316382981837, 5579847.904804114252329, 430.8 ], [ 327560.82469108956866, 5579849.961946771480143, 433.1 ], [ 327542.032739813788794, 5579850.240483719855547, 435.8 ], [ 327535.263525740127079, 5579850.127228793688118, 436.5 ], [ 327524.134331802313682, 5579851.714163276366889, 436.6 ], [ 327511.014547924976796, 5579855.591826475225389, 436.4 ], [ 327492.807983846694697, 5579865.088607749901712, 436.6 ], [ 327486.933683013776317, 5579868.396261484362185, 436.7 ], [ 327449.646719807526097, 5579888.97663436178118, 437.3 ], [ 327412.360038470011204, 5579909.557276861742139, 437.4 ], [ 327382.274068843107671, 5579926.008104906417429, 437.2 ], [ 327379.46475614560768, 5579927.212661255151033, 437.2 ], [ 327358.028371425578371, 5579935.924969031475484, 437.1 ], [ 327333.779132489231415, 5579945.730773554183543, 437.1 ], [ 327325.87462870858144, 5579950.106485227122903, 437.2 ], [ 327313.396887942333706, 5579956.189531675539911, 437.3 ], [ 327290.099456908530556, 5579968.969346664845943, 437.0 ], [ 327255.650761815952137, 5579987.010120561346412, 437.0 ], [ 327248.022224133368582, 5579978.021993221715093, 437.9 ], [ 327237.327426700037904, 5579968.911403983831406, 439.3 ], [ 327226.774160792818293, 5579964.136573756113648, 440.6 ], [ 327210.887606833013706, 5579957.421381197869778, 442.6 ], [ 327195.177437461679801, 5579953.92792241461575, 444.9 ], [ 327179.546318557229824, 5579946.314147423021495, 446.8 ], [ 327172.60075349843828, 5579942.979672059416771, 447.6 ], [ 327161.591486022400204, 5579937.329528487287462, 448.7 ], [ 327118.973336667113472, 5579914.571520886383951, 452.4 ], [ 327076.358444422541652, 5579891.92502164747566, 457.0 ], [ 327068.241798693779856, 5579887.627322614192963, 457.8 ], [ 327037.351069552707486, 5579870.719009317457676, 460.9 ], [ 327034.379807375953533, 5579869.146757108159363, 461.2 ], [ 326996.984433097473811, 5579849.335123561322689, 464.5 ], [ 326974.874211379734334, 5579835.256256164051592, 465.4 ], [ 326952.012469127774239, 5579819.9778435183689, 466.2 ], [ 326929.154229661799036, 5579804.810699655674398, 466.6 ], [ 326906.102664251346141, 5579788.091888478025794, 466.8 ], [ 326901.501420637592673, 5579795.476354219950736, 469.0 ], [ 326891.806664265459403, 5579808.258154045790434, 473.7 ], [ 326885.833554412703961, 5579817.245597194880247, 477.0 ], [ 326873.085489336925093, 5579828.12407407630235, 482.0 ], [ 326870.467394695733674, 5579832.995272660627961, 483.6 ], [ 326870.10035084275296, 5579837.013781856745481, 484.7 ], [ 326872.417614278616384, 5579849.068760308437049, 487.3 ], [ 326872.734483862761408, 5579854.400393889285624, 488.5 ], [ 326864.405643136007711, 5579891.510447411797941, 498.1 ], [ 326862.737459073250648, 5579901.469990622252226, 500.1 ], [ 326858.385395249293651, 5579899.052680736407638, 500.3 ], [ 326850.85668973904103, 5579886.611772559583187, 498.9 ], [ 326816.688229470455553, 5579858.794076280668378, 496.6 ], [ 326793.526606618659571, 5579847.421352971345186, 496.7 ], [ 326770.293740145745687, 5579836.051057839766145, 496.8 ], [ 326757.199195996159688, 5579825.4618522785604, 496.0 ], [ 326746.342407558462583, 5579820.141417677514255, 496.1 ], [ 326706.821900488692336, 5579805.075590115971863, 497.3 ], [ 326697.619472434860654, 5579800.257533088326454, 497.3 ], [ 326692.709038449218497, 5579798.192512989044189, 497.4 ], [ 326685.702728401054628, 5579795.194513767957687, 497.6 ], [ 326683.422560428560246, 5579795.157902166247368, 497.8 ], [ 326672.408512805588543, 5579793.737978779710829, 498.8 ], [ 326658.800588674610481, 5579791.401417519897223, 500.0 ], [ 326648.476337697356939, 5579784.950810825452209, 500.0 ], [ 326644.27388956170762, 5579778.410963915288448, 499.2 ], [ 326637.897599913994782, 5579762.037353800609708, 496.8 ], [ 326627.212445962708443, 5579748.921091102994978, 495.9 ], [ 326618.331066639337223, 5579740.865177904255688, 496.0 ], [ 326597.379462219891138, 5579727.417597974650562, 497.7 ], [ 326576.223528507398441, 5579712.084827621467412, 499.4 ], [ 326555.067471771850251, 5579696.752139385789633, 501.0 ], [ 326538.021106473985128, 5579682.954198237508535, 502.1 ], [ 326518.501268628751859, 5579663.227621773257852, 502.8 ], [ 326515.183195541671012, 5579659.775050455704331, 503.0 ], [ 326491.630007044994272, 5579636.508150615729392, 504.7 ], [ 326482.753766821755562, 5579626.449018417857587, 505.2 ], [ 326468.837326243752614, 5579612.548654596321285, 506.3 ], [ 326439.656133007549215, 5579584.903536921367049, 507.9 ], [ 326418.708964172867127, 5579569.453203683719039, 509.3 ], [ 326414.250669223605655, 5579563.812245608307421, 509.1 ], [ 326412.346282397746108, 5579557.864935072138906, 508.4 ], [ 326411.84104892029427, 5579553.318529098294675, 507.7 ], [ 326421.918496437836438, 5579530.506976071745157, 502.0 ], [ 326419.12593059160281, 5579512.680536257103086, 499.3 ], [ 326407.781368980067782, 5579490.349044488742948, 496.6 ], [ 326399.088937545428053, 5579483.734060340560973, 496.4 ], [ 326388.495575723412912, 5579479.963752452284098, 496.9 ], [ 326357.764310763217509, 5579472.402473207563162, 498.8 ], [ 326343.588036671339069, 5579472.311161020770669, 500.2 ], [ 326331.150265084346756, 5579475.279018984176219, 501.7 ], [ 326303.204543518542778, 5579480.98171292245388, 505.1 ], [ 326275.191378033661749, 5579486.798063687980175, 508.6 ], [ 326263.83906069205841, 5579485.946513832546771, 509.5 ], [ 326253.847606824128889, 5579483.158341054804623, 509.8 ], [ 326248.146790968603455, 5579480.897071816027164, 510.0 ], [ 326249.711890970007516, 5579472.164886785671115, 508.7 ], [ 326250.310204342065845, 5579468.695181770250201, 508.3 ], [ 326266.038842423586175, 5579457.494762181304395, 506.8 ], [ 326275.729251511627808, 5579448.941028860397637, 506.5 ], [ 326297.520016144611873, 5579429.306092914193869, 507.2 ], [ 326325.245336007559672, 5579401.686049504205585, 509.6 ], [ 326343.805649564834312, 5579385.607394564896822, 511.2 ], [ 326351.99128387629753, 5579376.76931435521692, 512.2 ], [ 326356.750932773924433, 5579367.709775816649199, 513.5 ], [ 326359.839535148465075, 5579359.817989168688655, 514.8 ], [ 326361.477864988846704, 5579348.968897514045238, 516.7 ], [ 326360.533001592499204, 5579337.536804082803428, 518.2 ], [ 326357.800298337358981, 5579328.055334417149425, 518.4 ], [ 326353.215894704160746, 5579320.749170399270952, 518.4 ], [ 326346.90019766590558, 5579314.946612915955484, 518.6 ], [ 326334.507714867591858, 5579308.453119619749486, 519.2 ], [ 326310.824526699259877, 5579302.997927962802351, 520.8 ], [ 326304.472272112849168, 5579300.424091592431068, 521.2 ], [ 326300.829118563211523, 5579295.758090774528682, 521.2 ], [ 326296.965216385782696, 5579290.876752665266395, 521.2 ], [ 326296.144269610580523, 5579283.224532495252788, 520.8 ], [ 326301.006092758965679, 5579264.256584105081856, 519.1 ], [ 326301.527855273219757, 5579258.452265166677535, 518.6 ], [ 326300.079345922917128, 5579249.039965349249542, 518.0 ], [ 326286.748907507397234, 5579213.975253365933895, 516.2 ], [ 326277.413693356735166, 5579196.474896899424493, 515.5 ], [ 326271.90778007847257, 5579189.310331290587783, 515.3 ], [ 326264.292902170680463, 5579182.994042838923633, 515.5 ], [ 326254.167701738071628, 5579178.318261487409472, 516.0 ], [ 326234.353203839273192, 5579162.720075624063611, 516.4 ], [ 326223.023832618724555, 5579156.08062278944999, 516.9 ], [ 326189.794746656320058, 5579150.605476768687367, 520.0 ], [ 326179.054705328308046, 5579151.06947004981339, 521.2 ], [ 326158.470366819063202, 5579151.077762736007571, 523.6 ], [ 326140.509275915217586, 5579144.211130814626813, 525.2 ], [ 326116.635203436191659, 5579132.975821433588862, 527.2 ], [ 326082.641106039984152, 5579119.402117085643113, 530.6 ], [ 326048.646825737901963, 5579105.828627307899296, 534.3 ], [ 326039.949672735878266, 5579099.103039623238146, 535.1 ], [ 326030.371176235727035, 5579089.401535891927779, 535.9 ], [ 326019.639394464553334, 5579074.952378590591252, 536.6 ], [ 326005.132869997003581, 5579060.516032375395298, 537.9 ], [ 325969.61186388914939, 5579030.855786030180752, 541.6 ], [ 325949.516700266976841, 5579013.264553404413164, 543.8 ], [ 325929.4925568200415, 5578995.671054519712925, 546.1 ], [ 325921.635964088549372, 5578986.358271261677146, 546.9 ], [ 325904.955811023653951, 5578968.654880603775382, 548.8 ], [ 325904.287861794000491, 5578965.671949350275099, 548.9 ], [ 325890.681181235704571, 5578939.631855730898678, 550.4 ], [ 325885.797943672107067, 5578925.435733518563211, 551.1 ], [ 325882.784946305328049, 5578913.960409942083061, 551.8 ], [ 325877.891106955590658, 5578879.954553978517652, 553.7 ], [ 325900.373207796947099, 5578868.308381533250213, 552.5 ], [ 325941.473942875454668, 5578853.156441932544112, 550.6 ], [ 325971.876367083052173, 5578841.917908507399261, 549.8 ], [ 325994.366345754358917, 5578834.834888280369341, 549.4 ], [ 325999.914470453571994, 5578832.426661557517946, 549.3 ], [ 326004.670245204702951, 5578818.915238906629384, 550.1 ], [ 326016.609799421392381, 5578781.239825466647744, 552.5 ], [ 326028.549545380286872, 5578743.564444662071764, 554.8 ], [ 326034.139356746338308, 5578731.583742528222501, 555.4 ], [ 326041.918679623515345, 5578721.200481371022761, 555.9 ], [ 326045.536514750914648, 5578716.407311780378222, 556.1 ], [ 326057.855275039211847, 5578705.42973701748997, 556.3 ], [ 326066.564977824338712, 5578688.67228099051863, 557.1 ], [ 326068.281504132319242, 5578678.043106339871883, 557.7 ], [ 326069.129403563332744, 5578662.656901354901493, 558.6 ], [ 326067.075951401959173, 5578637.015836026519537, 560.1 ], [ 326066.933210345508996, 5578623.999320477247238, 560.7 ], [ 326077.772019211435691, 5578596.153998989611864, 561.5 ], [ 326088.53614317253232, 5578568.199868622235954, 562.4 ], [ 326112.576841998845339, 5578575.757064420729876, 561.3 ], [ 326136.546309352037497, 5578583.316704914905131, 559.9 ], [ 326136.832644574809819, 5578576.852349569089711, 560.3 ], [ 326133.907780186797027, 5578572.38542818557471, 560.6 ], [ 326113.695037339814007, 5578564.257229113951325, 562.0 ], [ 326110.406950685603078, 5578555.239266241900623, 562.6 ], [ 326126.437001586833503, 5578522.771862123161554, 564.0 ], [ 326142.463612522406038, 5578490.193340001627803, 565.1 ], [ 326158.565245452336967, 5578457.723707860335708, 567.3 ], [ 326178.520719075226225, 5578429.80187332816422, 569.5 ], [ 326198.335924792685546, 5578404.110574916936457, 572.1 ], [ 326218.151329235814046, 5578378.41935582831502, 574.1 ], [ 326241.185606799030211, 5578350.953194407746196, 577.3 ], [ 326258.395805383101106, 5578328.352541130036116, 579.4 ], [ 326275.677317560941447, 5578305.749612669460475, 581.9 ], [ 326283.66762870788807, 5578295.2485596165061, 583.3 ], [ 326314.841403217054904, 5578322.605233971960843, 584.1 ], [ 326320.246728931029793, 5578287.59351307246834, 586.5 ], [ 326325.723308408632874, 5578252.579466551542282, 588.4 ], [ 326331.19998027337715, 5578217.565428966656327, 590.2 ], [ 326334.957668453862425, 5578190.954684199765325, 591.5 ], [ 326338.715405973372981, 5578164.34394389949739, 592.7 ], [ 326345.632176352431998, 5578123.272937819361687, 594.5 ], [ 326352.552727500558831, 5578082.313117773272097, 595.1 ], [ 326356.936852137208916, 5578046.555926103144884, 595.1 ], [ 326360.355515539529733, 5578018.286961927078664, 595.3 ], [ 326361.31741111894371, 5578010.687568786554039, 595.4 ], [ 326361.426046711509116, 5577981.414241707883775, 595.0 ], [ 326361.609509899630211, 5577952.249754308722913, 594.3 ], [ 326360.230966926901601, 5577923.247784342616796, 594.0 ], [ 326358.856068654335104, 5577894.356987837702036, 593.6 ], [ 326359.703996984986588, 5577859.383538135327399, 592.5 ], [ 326358.141279967618175, 5577826.937564213760197, 590.4 ], [ 326356.507392917003017, 5577794.493925581686199, 587.6 ], [ 326358.341602920205332, 5577787.422390483319759, 587.1 ], [ 326375.477250932948664, 5577775.508728512562811, 586.5 ], [ 326410.3595351499971, 5577763.792357589118183, 584.1 ], [ 326445.24196290911641, 5577752.076219980604947, 580.6 ], [ 326459.415768346982077, 5577747.605177557095885, 579.7 ], [ 326442.907402288867161, 5577728.67018249258399, 578.4 ], [ 326421.187250276911072, 5577707.235070900060236, 577.2 ], [ 326399.466925618879031, 5577685.800045046024024, 576.2 ], [ 326383.043912861729041, 5577667.307584945112467, 575.1 ], [ 326358.7887328423094, 5577640.279937252402306, 573.4 ], [ 326334.533311917912215, 5577613.252396058291197, 572.0 ], [ 326310.277650090341922, 5577586.224961360916495, 570.9 ], [ 326302.558712972444482, 5577572.455371221527457, 570.6 ], [ 326296.732076390064321, 5577562.073766738176346, 570.5 ], [ 326280.007411275873892, 5577536.580095339566469, 570.4 ], [ 326259.366341373533942, 5577508.989120999351144, 570.6 ], [ 326247.94620263541583, 5577495.341030353680253, 570.7 ], [ 326242.615727247786708, 5577487.057743296958506, 570.8 ], [ 326232.170265026856214, 5577459.688795998692513, 571.3 ], [ 326218.686140385689214, 5577433.087330184876919, 571.6 ], [ 326215.123956086055841, 5577424.41216329485178, 571.8 ], [ 326213.771857125684619, 5577411.43537818081677, 571.9 ], [ 326215.332512155931909, 5577391.685493378899992, 572.2 ], [ 326223.364602792949881, 5577369.3861237866804, 572.4 ], [ 326240.240739212895278, 5577343.012663048692048, 572.7 ], [ 326257.049524201487657, 5577316.752767992205918, 573.1 ], [ 326253.109583910321817, 5577307.422218496911228, 573.2 ], [ 326254.965767341665924, 5577301.017686138860881, 573.3 ], [ 326263.274067803635262, 5577267.580151857808232, 573.9 ], [ 326275.341991773690097, 5577235.79998089093715, 574.8 ], [ 326282.172055874369107, 5577209.422366442158818, 575.5 ], [ 326289.073375651729293, 5577183.042428699322045, 576.4 ], [ 326289.466012669494376, 5577175.461708649992943, 576.6 ], [ 326288.042909966316074, 5577162.487246140837669, 576.9 ], [ 326288.983381397789344, 5577145.540047796443105, 577.4 ], [ 326291.020545805920847, 5577133.787594087421894, 577.8 ], [ 326300.980620402260683, 5577113.76228466257453, 578.7 ], [ 326315.31370238144882, 5577092.369381335563958, 579.8 ], [ 326319.044646492344327, 5577080.116232386790216, 580.2 ], [ 326320.154508199775591, 5577074.849125618115067, 580.4 ], [ 326309.873749964870512, 5577030.780862433835864, 581.2 ], [ 326299.592852380708791, 5576986.712617987766862, 581.8 ], [ 326293.780579454440158, 5576968.094932471401989, 582.0 ], [ 326293.40296882664552, 5576963.099188366904855, 582.1 ], [ 326291.184697536285967, 5576934.569962743669748, 582.3 ], [ 326289.04124242614489, 5576906.149576297029853, 582.2 ], [ 326285.62555676465854, 5576880.21933416556567, 581.8 ], [ 326282.284676110022701, 5576854.39793199300766, 581.3 ], [ 326278.548244239180349, 5576814.344163367524743, 580.2 ], [ 326278.336603486852255, 5576812.23656187299639, 580.1 ], [ 326274.74424662522506, 5576774.403905038721859, 579.1 ], [ 326271.467343272524886, 5576744.017449415288866, 578.6 ], [ 326268.190417708014138, 5576713.630996224470437, 578.2 ], [ 326266.488217030419037, 5576694.322067304514349, 578.1 ], [ 326266.15847082354594, 5576677.750417167320848, 578.0 ], [ 326269.875761667615734, 5576647.691028391011059, 578.0 ], [ 326270.619182614493184, 5576633.421308629214764, 578.1 ], [ 326269.635070054384414, 5576594.724075116217136, 578.7 ], [ 326267.673317351494916, 5576584.88345445599407, 579.0 ], [ 326263.607089018099941, 5576573.887647647410631, 579.3 ], [ 326255.791658548987471, 5576565.908397148363292, 579.6 ], [ 326246.12601227191044, 5576540.628339149989188, 580.4 ], [ 326233.79753451817669, 5576505.864555380307138, 581.5 ], [ 326221.405303295468912, 5576462.64471435919404, 583.0 ], [ 326208.941712956177071, 5576419.427235709503293, 584.8 ], [ 326200.464193655352574, 5576384.759757770225406, 586.4 ], [ 326192.057770918007009, 5576350.0899569215253, 588.1 ], [ 326183.580069354036823, 5576315.422504273243248, 589.9 ], [ 326178.544401074992493, 5576298.782676351256669, 590.8 ], [ 326171.281845067860559, 5576279.433627277612686, 591.8 ], [ 326166.005131784593686, 5576264.137218443676829, 592.6 ], [ 326156.960882958839647, 5576246.961191029287875, 593.4 ], [ 326145.854343055281788, 5576210.376796049065888, 595.5 ], [ 326134.672832441458013, 5576173.683587016537786, 596.8 ], [ 326123.49118850810919, 5576136.990399917587638, 596.9 ], [ 326112.313060086104088, 5576100.408406763337553, 596.8 ], [ 326104.829325708793476, 5576072.163345132954419, 596.6 ], [ 326102.208258614060469, 5576057.447570259682834, 596.4 ], [ 326101.898242236522492, 5576039.317187497392297, 596.1 ], [ 326087.291239021811634, 5576028.556180366314948, 595.9 ], [ 326059.829473983962089, 5576008.31225211918354, 595.8 ], [ 326035.582127513363957, 5575988.296784891746938, 595.9 ], [ 326011.334598866174929, 5575968.281425016932189, 596.2 ], [ 326001.825749437848572, 5575958.68871985655278, 596.3 ], [ 325995.108012530428823, 5575949.449531015940011, 596.4 ], [ 325994.301136119174771, 5575937.901675834320486, 596.4 ], [ 325995.4675942187896, 5575919.166333368048072, 596.3 ], [ 326003.459598000044934, 5575871.716124112717807, 595.0 ], [ 326011.455432093178388, 5575824.377105100080371, 592.3 ], [ 326011.68730295682326, 5575816.245187735185027, 591.9 ], [ 326010.117390131636057, 5575807.504685719497502, 591.5 ], [ 325988.671181523764972, 5575766.474531115032732, 591.1 ], [ 325971.710057282587513, 5575733.977902164682746, 590.6 ], [ 325959.862167915329337, 5575711.774800829589367, 590.3 ], [ 325939.578146857907996, 5575673.600225114263594, 590.3 ], [ 325927.735465250560082, 5575649.393758070655167, 590.4 ], [ 325921.449848491698503, 5575633.796805461868644, 590.6 ], [ 325918.52875912404852, 5575618.645782331936061, 590.4 ], [ 325919.154885996715166, 5575613.839660961180925, 590.3 ], [ 325921.827494351717178, 5575608.409848391078413, 589.9 ], [ 325933.146067217807285, 5575597.131416437216103, 588.6 ], [ 325933.903682763397228, 5575596.327485733665526, 588.5 ], [ 325954.175007951445878, 5575575.517790863290429, 586.3 ], [ 325974.446494869247545, 5575554.708177661523223, 584.6 ], [ 325997.779724676918704, 5575529.457732171751559, 583.5 ], [ 326024.633099539205432, 5575494.186863750219345, 583.1 ], [ 326051.558044108795002, 5575458.913803811185062, 582.6 ], [ 326059.722607084317133, 5575442.731086349114776, 582.3 ], [ 326042.44507191341836, 5575420.149565986357629, 583.0 ], [ 326017.497708675742615, 5575404.942575748078525, 583.9 ], [ 325986.503586242208257, 5575392.271380936726928, 585.0 ], [ 325977.302356674568728, 5575368.200638815760612, 584.5 ], [ 325976.730974059435539, 5575357.312809207476676, 584.0 ], [ 325990.078644087421708, 5575336.174232577905059, 582.4 ], [ 326003.422775720944628, 5575314.924520662985742, 580.8 ], [ 326017.011738850153051, 5575288.102225567214191, 578.8 ], [ 326030.600849250738975, 5575261.279969355091453, 576.7 ], [ 326049.698011533473618, 5575248.077122242189944, 575.0 ], [ 326097.258081666193902, 5575237.724169882945716, 572.1 ], [ 326115.666949391772505, 5575231.778113634325564, 571.0 ], [ 326124.659270641743205, 5575212.563500743359327, 569.9 ], [ 326142.506932718621101, 5575180.816319623962045, 568.2 ], [ 326160.354821545886807, 5575149.069204731844366, 566.9 ], [ 326167.119786545110401, 5575135.826195726171136, 566.5 ], [ 326170.738735167658888, 5575128.807418875396252, 566.3 ], [ 326173.080058617517352, 5575113.261106006801128, 566.0 ], [ 326175.274842411687132, 5575069.340274127200246, 565.4 ], [ 326170.683776437595952, 5575053.242301338352263, 565.3 ], [ 326187.113568956090603, 5575023.878950132988393, 564.9 ], [ 326203.54355460597435, 5574994.51565507799387, 564.7 ], [ 326219.973733386024833, 5574965.152416171506047, 564.6 ], [ 326246.774259394383989, 5574943.350935960188508, 564.1 ], [ 326273.503798628691584, 5574921.551930866204202, 563.1 ], [ 326305.588685345137492, 5574900.022727803327143, 561.2 ], [ 326337.74503668025136, 5574878.491392138414085, 559.3 ], [ 326372.97087091911817, 5574857.082293764688075, 557.4 ], [ 326408.19698367791716, 5574835.673436384648085, 556.1 ], [ 326432.508543075819034, 5574831.427204143255949, 555.4 ], [ 326464.65124600508716, 5574809.451973352581263, 554.3 ], [ 326496.790572796016932, 5574787.365772092714906, 553.6 ], [ 326519.739533299405593, 5574774.149988152086735, 553.5 ], [ 326542.617396181216463, 5574760.936636733822525, 553.7 ], [ 326585.641879807400983, 5574749.067430647090077, 553.7 ], [ 326591.252867855888326, 5574748.43868915271014, 553.7 ], [ 326621.069874473498203, 5574744.680977343581617, 553.5 ], [ 326656.569124295492657, 5574740.29243319388479, 553.0 ], [ 326692.068419945542701, 5574735.904128028079867, 552.6 ], [ 326722.623749797116034, 5574728.561547821387649, 552.6 ], [ 326767.355682843946852, 5574718.752554919570684, 553.0 ], [ 326787.008841931354254, 5574700.637618293054402, 554.0 ], [ 326809.62390246684663, 5574681.535655669867992, 554.8 ], [ 326828.150308452139143, 5574666.017389426939189, 555.2 ], [ 326827.690356776234694, 5574665.030800995416939, 555.2 ], [ 326853.503721208951902, 5574641.261636102572083, 555.2 ], [ 326858.102738700050395, 5574633.654934476129711, 555.2 ], [ 326859.960859543876722, 5574627.250674468465149, 555.2 ], [ 326865.293983965937514, 5574609.381267062388361, 555.1 ], [ 326861.829440901579801, 5574603.707323092967272, 555.3 ], [ 326851.851516064838506, 5574579.771906342357397, 555.5 ], [ 326852.95952410378959, 5574541.67433104198426, 554.7 ], [ 326853.996359569428023, 5574503.579084440134466, 553.2 ], [ 326855.236172908917069, 5574454.236864496953785, 550.7 ], [ 326855.517590792733245, 5574443.20990663766861, 550.1 ], [ 326841.561260718735866, 5574395.699558313004673, 546.1 ], [ 326834.990159873676021, 5574382.225474443286657, 544.6 ], [ 326856.962450776365586, 5574391.412604700773954, 546.5 ], [ 326868.294152903778013, 5574393.490879078395665, 547.4 ], [ 326874.161346159176901, 5574391.963767165318131, 547.7 ], [ 326879.515521040884778, 5574390.008254440501332, 547.9 ], [ 326915.435729128192179, 5574365.686841779388487, 547.6 ], [ 326938.521339423605241, 5574350.020183355547488, 546.4 ], [ 326951.356262370070908, 5574341.365680556744337, 545.8 ], [ 326973.068136389600113, 5574320.735961999744177, 544.6 ], [ 326994.85139635624364, 5574300.104012473486364, 544.6 ], [ 327018.892908238689415, 5574274.390406588092446, 545.0 ], [ 327043.005873619462363, 5574248.674592243507504, 546.2 ], [ 327067.11545062973164, 5574222.847721673548222, 547.9 ], [ 327074.237075973476749, 5574222.615406164899468, 547.9 ], [ 327080.052735255972948, 5574223.872473179362714, 547.9 ], [ 327120.438813312328421, 5574233.684279393404722, 547.5 ], [ 327160.89231817680411, 5574243.382895996794105, 546.7 ], [ 327200.688960785861127, 5574250.432261388748884, 545.8 ], [ 327176.336721049272455, 5574207.600387976504862, 548.2 ], [ 327152.058954856416676, 5574164.87747002299875, 550.4 ], [ 327129.217336607864127, 5574124.667487485334277, 552.4 ], [ 327127.705979672144167, 5574122.04580734949559, 552.5 ], [ 327103.352636247116607, 5574079.214250207878649, 553.4 ], [ 327105.08958255010657, 5574077.822120271623135, 553.4 ], [ 327116.562962153053377, 5574077.670530131086707, 553.8 ], [ 327131.071006395388395, 5574078.755490859039128, 554.4 ], [ 327128.932717259391211, 5574063.467174097895622, 553.5 ], [ 327134.040369620081037, 5574040.82001194357872, 550.5 ], [ 327136.616180887736846, 5574036.729576876387, 549.9 ], [ 327149.276066689635627, 5574031.420028060674667, 549.2 ], [ 327155.883644872927107, 5574028.533633486367762, 548.6 ], [ 327154.294889811892062, 5574021.351573653519154, 547.3 ], [ 327147.447871813550591, 5574010.334509745240211, 545.1 ], [ 327142.677264284808189, 5574006.149739556014538, 544.2 ], [ 327136.286732336739078, 5574002.574243758805096, 543.6 ], [ 327128.753058631322347, 5573998.924740330316126, 542.9 ], [ 327105.1971165984869, 5573987.117111431434751, 541.8 ], [ 327071.204425401694607, 5573976.651613854803145, 541.0 ], [ 327037.136743496637791, 5573966.077482892200351, 540.0 ], [ 327029.133423095103353, 5573963.333758574910462, 539.4 ], [ 327025.253587373008486, 5573960.232926924712956, 538.8 ], [ 327001.664577082497999, 5573947.425202121026814, 537.5 ], [ 326978.004229904501699, 5573934.61990422103554, 537.2 ], [ 326960.489135377691127, 5573920.056064004078507, 535.5 ], [ 326948.968712304718792, 5573907.856280315667391, 533.9 ], [ 326933.45851859357208, 5573893.560950865969062, 532.4 ], [ 326903.987971434893552, 5573866.589170208200812, 530.4 ], [ 326886.111706578813028, 5573838.793787804432213, 527.0 ], [ 326868.235264275455847, 5573810.998462508432567, 522.3 ], [ 326866.058149366872385, 5573803.279227690771222, 520.8 ], [ 326872.623707445920445, 5573801.284184691496193, 521.4 ], [ 326874.692774938885123, 5573801.327911985106766, 521.5 ], [ 326872.623707445920445, 5573801.284184691496193, 521.4 ], [ 326866.058149366872385, 5573803.279227690771222, 520.8 ], [ 326863.843866453622468, 5573798.788629298098385, 519.9 ], [ 326858.05342070851475, 5573787.403519904240966, 517.3 ], [ 326854.375596719037276, 5573777.396198306232691, 515.4 ], [ 326828.525763726851437, 5573739.066209242679179, 505.8 ], [ 326826.320920354221016, 5573732.6833779476583, 504.6 ], [ 326826.47955677122809, 5573724.442703754641116, 503.9 ], [ 326835.323522903432604, 5573698.334470017813146, 503.2 ], [ 326844.099993351555895, 5573672.339751763269305, 502.7 ], [ 326846.20488282176666, 5573666.929070856422186, 502.8 ], [ 326850.478969449643046, 5573644.976572424173355, 501.8 ], [ 326850.777861286420375, 5573638.845839800313115, 501.3 ], [ 326846.547773669939488, 5573622.846873484551907, 498.7 ], [ 326843.707769820641261, 5573614.481550252996385, 497.3 ], [ 326841.019498599693179, 5573586.746743534691632, 494.4 ], [ 326839.406528495135717, 5573570.105860356241465, 492.7 ], [ 326838.360905461129732, 5573538.088375245220959, 490.4 ], [ 326837.004640440572985, 5573516.208461498841643, 488.8 ], [ 326834.321021840907633, 5573501.717062538489699, 487.2 ], [ 326827.249337406188715, 5573475.127031264826655, 483.1 ], [ 326826.039340273011476, 5573470.826223792508245, 482.4 ], [ 326820.12167693709489, 5573473.022721742279828, 481.6 ], [ 326811.148265734082088, 5573486.44807424582541, 481.2 ], [ 326808.680492784245871, 5573498.214171670377254, 481.7 ], [ 326805.68286979815457, 5573511.221772558987141, 482.0 ], [ 326801.092558494652621, 5573506.029770587570965, 480.7 ], [ 326796.834929747739807, 5573508.83981594350189, 479.9 ], [ 326793.780644079437479, 5573522.294438394717872, 479.8 ], [ 326791.456202658766415, 5573529.715538315474987, 479.5 ], [ 326786.573503530060407, 5573535.216983056627214, 478.4 ], [ 326780.95898944279179, 5573537.960078861564398, 477.1 ], [ 326766.670914889255073, 5573543.657522119581699, 474.8 ], [ 326763.06321759178536, 5573537.988287003710866, 474.6 ], [ 326737.305773397791199, 5573535.26860068552196, 476.1 ], [ 326714.910433810553513, 5573532.884321818128228, 477.8 ], [ 326711.473437156062573, 5573532.440194830298424, 478.1 ], [ 326683.394549543096218, 5573530.686960532329977, 480.5 ], [ 326655.383226509089582, 5573528.820374142378569, 483.0 ], [ 326638.53103748097783, 5573523.695514652878046, 484.3 ], [ 326610.263690768915694, 5573511.821375677362084, 486.5 ], [ 326581.928621653583832, 5573500.060885949060321, 488.5 ], [ 326541.328571995138191, 5573483.916253229603171, 492.3 ], [ 326519.417520688148215, 5573476.73143700696528, 494.6 ], [ 326520.498948379070498, 5573474.915403851307929, 494.4 ], [ 326506.4736760831438, 5573469.03071497194469, 495.9 ], [ 326478.027848376543261, 5573462.616336740553379, 499.2 ], [ 326457.438165673054755, 5573460.953065914101899, 501.8 ], [ 326445.937380625749938, 5573464.668210171163082, 503.7 ], [ 326428.000217674823944, 5573472.155374671332538, 506.2 ], [ 326396.956938087940216, 5573484.412030579522252, 507.4 ], [ 326386.97176760667935, 5573490.859958476386964, 507.8 ], [ 326374.784790778532624, 5573491.036421575583518, 507.7 ], [ 326363.635499537340365, 5573488.062785726971924, 507.7 ], [ 326355.134546224609949, 5573483.221788286231458, 508.1 ], [ 326347.754996485076845, 5573477.787623209878802, 508.6 ], [ 326343.1059353093151, 5573470.817259787581861, 509.1 ], [ 326326.702863205340691, 5573462.006052355282009, 511.2 ], [ 326326.151699951966293, 5573458.240212114527822, 511.5 ], [ 326328.153777383267879, 5573454.05687184818089, 511.4 ], [ 326331.545580042526126, 5573450.940925046801567, 510.8 ], [ 326318.755918895651121, 5573450.135632348246872, 513.1 ], [ 326315.843773719505407, 5573441.772906049154699, 514.1 ], [ 326298.214292660471983, 5573441.237484376877546, 515.3 ], [ 326276.10478835797403, 5573441.071479139849544, 516.1 ], [ 326268.407406744896434, 5573434.646210805512965, 517.5 ], [ 326270.832770073437132, 5573434.678037377074361, 517.4 ], [ 326279.656435419106856, 5573427.600197026506066, 518.6 ], [ 326279.72402039449662, 5573427.486691799946129, 518.6 ], [ 326283.420961137977429, 5573422.802642832510173, 519.3 ], [ 326288.006246739765629, 5573410.410415436141193, 521.4 ], [ 326295.550001180614345, 5573381.672793418169022, 525.1 ], [ 326303.018980528286193, 5573352.826346597634256, 526.6 ], [ 326305.568332248658407, 5573337.050812802277505, 527.6 ], [ 326299.231473516614642, 5573330.803511459380388, 529.5 ], [ 326268.077111769642215, 5573333.159626993350685, 533.8 ], [ 326254.245846300502308, 5573335.393457444384694, 535.0 ], [ 326231.598851083719637, 5573336.246843776665628, 536.7 ], [ 326216.374186682980508, 5573337.302234383299947, 537.7 ], [ 326208.164701641537249, 5573337.014834466390312, 538.2 ], [ 326204.097394574782811, 5573336.925557826645672, 538.5 ], [ 326190.691876203869469, 5573336.919779848307371, 539.1 ], [ 326169.80372675799299, 5573337.048032886348665, 539.7 ], [ 326148.61243582557654, 5573336.629851061850786, 540.5 ], [ 326131.499384632334113, 5573336.634486627765, 540.9 ], [ 326107.771336235571653, 5573334.964151326566935, 540.8 ], [ 326087.710429708065931, 5573336.401093195192516, 540.1 ], [ 326075.988852234615479, 5573335.561337575316429, 539.6 ], [ 326060.133840313297696, 5573341.312084736302495, 538.5 ], [ 326041.77106075535994, 5573351.04034473747015, 536.6 ], [ 326028.098462401540019, 5573360.280917442403734, 534.9 ], [ 326020.597217486938462, 5573368.540002129971981, 533.6 ], [ 326010.299867804627866, 5573376.334387913346291, 532.5 ], [ 326001.387162001803517, 5573378.518793444149196, 532.1 ], [ 325992.149421318259556, 5573379.489675897173584, 531.8 ], [ 325991.185772093944252, 5573363.161472875624895, 533.1 ], [ 325988.622795465635136, 5573332.863046021200716, 535.0 ], [ 325986.059804866556078, 5573302.564620985649526, 536.5 ], [ 325982.061622541164979, 5573263.298697976395488, 536.7 ], [ 325977.988528416957706, 5573223.92394467163831, 536.2 ], [ 325973.990278506535105, 5573184.658029239624739, 535.6 ], [ 325971.808723953086883, 5573159.466493810527027, 534.7 ], [ 325979.761595311341807, 5573145.405387710779905, 535.3 ], [ 325992.801112840359565, 5573132.067716191522777, 535.2 ], [ 326021.029071207274683, 5573125.243112751282752, 539.4 ], [ 326059.433943377283867, 5573119.9767986824736, 541.7 ], [ 326096.370499832788482, 5573113.4234231216833, 545.8 ], [ 326120.757777426042594, 5573104.722071526572108, 548.2 ], [ 326135.017632631002925, 5573093.793166570365429, 549.3 ], [ 326148.505909860599786, 5573070.20241391658783, 550.7 ], [ 326165.286263867805246, 5573038.268250781111419, 550.7 ], [ 326176.470816096174531, 5573024.880586569197476, 550.6 ], [ 326199.712359359255061, 5573007.313901114277542, 550.3 ], [ 326222.954055692185648, 5572989.747321333736181, 549.1 ], [ 326227.292385384324007, 5572985.042234241962433, 548.6 ], [ 326232.118427302746568, 5572979.987297716550529, 548.2 ], [ 326243.074593932367861, 5572970.502457978203893, 547.2 ], [ 326258.39060902572237, 5572961.319971658289433, 545.2 ], [ 326266.044191447726917, 5572955.504690970294178, 543.7 ], [ 326277.441996416891925, 5572950.790970031172037, 541.8 ], [ 326297.825725710019469, 5572950.45716379955411, 539.3 ], [ 326304.89969714259496, 5572950.893216045573354, 538.4 ], [ 326303.975050330569502, 5572937.90246732160449, 536.7 ], [ 326275.587051420239732, 5572907.225696686655283, 535.4 ], [ 326271.610623546293937, 5572890.328446215949953, 532.8 ], [ 326302.437570016365498, 5572899.66876177303493, 530.5 ], [ 326334.285585768346209, 5572907.529033100232482, 527.4 ], [ 326340.364160195749719, 5572860.142675912007689, 518.1 ], [ 326346.514115357189439, 5572812.753998693078756, 509.6 ], [ 326352.313238939736038, 5572767.713932123035192, 502.2 ], [ 326357.65543345734477, 5572726.138854884542525, 497.7 ], [ 326355.079997234395705, 5572725.889302821829915, 497.8 ], [ 326355.718008104944602, 5572721.416783133521676, 497.3 ], [ 326361.323418656829745, 5572679.165355072356761, 492.4 ], [ 326357.899917478789575, 5572653.012818054296076, 490.0 ], [ 326354.476393883989658, 5572626.860283414833248, 487.8 ], [ 326346.544568136334419, 5572587.166590402834117, 484.2 ], [ 326338.612649537040852, 5572547.472908715717494, 480.4 ], [ 326330.684278149507008, 5572507.890409927815199, 478.4 ], [ 326324.035568884864915, 5572489.967716632410884, 478.2 ], [ 326317.158538462303113, 5572471.607343079522252, 478.4 ], [ 326313.402030606172048, 5572463.606124790385365, 478.6 ], [ 326301.780956854170654, 5572446.291441863402724, 479.3 ], [ 326266.940903552283999, 5572412.487166945822537, 479.7 ], [ 326260.056966306117829, 5572404.810998155735433, 480.1 ], [ 326255.883810317609459, 5572397.157333920709789, 480.3 ], [ 326244.337530764052644, 5572360.364415460266173, 481.6 ], [ 326232.719870570406783, 5572323.573854196816683, 483.0 ], [ 326231.575209212838672, 5572316.933902638033032, 483.3 ], [ 326238.084189017652534, 5572313.159369796514511, 483.5 ], [ 326257.618465343606658, 5572302.058163590729237, 483.3 ], [ 326296.38772442669142, 5572279.420618618838489, 483.2 ], [ 326335.160946078132838, 5572256.894536512903869, 483.2 ], [ 326336.350237285892945, 5572256.187855914235115, 483.2 ], [ 326373.930850104312412, 5572234.257574199698865, 483.3 ], [ 326412.704715017811395, 5572211.732074767351151, 482.6 ], [ 326416.163511818798725, 5572206.276940919458866, 482.6 ], [ 326408.403723601484671, 5572204.527643099427223, 482.9 ], [ 326373.121110268635675, 5572196.445258418098092, 484.4 ], [ 326337.763494468061253, 5572188.254266838543117, 485.8 ], [ 326313.015380698256195, 5572181.719343429431319, 486.4 ], [ 326283.18389379652217, 5572170.231626817956567, 486.9 ], [ 326249.890910348971374, 5572155.407434487715364, 487.9 ], [ 326232.428113844245672, 5572144.850365195423365, 488.3 ], [ 326222.226502770849038, 5572136.058707934804261, 489.0 ], [ 326224.406863145530224, 5572126.416272395290434, 489.4 ], [ 326223.996958199073561, 5572081.245637262240052, 491.9 ], [ 326223.58708024956286, 5572036.075004759244621, 493.1 ], [ 326222.519855977559928, 5571988.254930337890983, 494.6 ], [ 326222.190513549314346, 5571976.023733894340694, 495.1 ], [ 326223.330460694385692, 5571975.986392042599618, 495.0 ], [ 326224.444090676843189, 5571949.017547242343426, 496.0 ], [ 326221.67854914185591, 5571912.493477888405323, 497.9 ], [ 326221.340651107195299, 5571878.226993906311691, 498.5 ], [ 326220.709704962559044, 5571867.675040360540152, 498.4 ], [ 326220.739784749457613, 5571859.883702610619366, 498.4 ], [ 326221.032697720918804, 5571820.922347439453006, 497.8 ], [ 326220.772895338828675, 5571791.216230861842632, 496.5 ], [ 326218.650314946542494, 5571772.143752200528979, 494.4 ], [ 326214.504231746017467, 5571763.153723297640681, 493.2 ], [ 326204.451228014717344, 5571758.920117092318833, 492.6 ], [ 326191.438499964016955, 5571755.78510893881321, 492.1 ], [ 326176.139633318642154, 5571759.068608643487096, 492.6 ], [ 326160.011718982888851, 5571758.818013350479305, 492.4 ], [ 326146.801813583704643, 5571754.02021171990782, 491.5 ], [ 326142.368564574979246, 5571747.154167630709708, 490.7 ], [ 326157.590521387872286, 5571745.876326056197286, 490.5 ], [ 326178.952491996693425, 5571746.957045170478523, 490.8 ], [ 326212.582867913064547, 5571741.514968178234994, 490.2 ], [ 326235.061903451802209, 5571735.325425556860864, 489.7 ], [ 326252.003765301662497, 5571727.759247805923223, 488.9 ], [ 326274.773621831554919, 5571719.557122955098748, 487.8 ], [ 326299.332628346513957, 5571707.178768782876432, 485.3 ], [ 326322.09689457307104, 5571700.980269564315677, 483.0 ], [ 326342.385053429286927, 5571699.759703534655273, 481.4 ], [ 326364.136729574587662, 5571697.489702302031219, 480.2 ], [ 326375.465542497695424, 5571697.118945182301104, 479.8 ], [ 326381.766192470677197, 5571700.028889605775476, 479.5 ], [ 326387.72877336142119, 5571703.506356569007039, 479.1 ], [ 326396.281819896597881, 5571707.678097479045391, 478.7 ], [ 326401.5209673132631, 5571710.845379726961255, 478.4 ], [ 326403.146673707407899, 5571712.572833203710616, 478.3 ], [ 326404.074427908868529, 5571714.76828654576093, 478.2 ], [ 326403.481967798899859, 5571718.460258981212974, 478.4 ], [ 326401.171601381967776, 5571726.326192265376449, 479.2 ], [ 326400.856732438085601, 5571755.939772230572999, 483.0 ], [ 326402.044891625642776, 5571763.913811079226434, 484.0 ], [ 326405.46573927969439, 5571770.368017191067338, 484.6 ], [ 326415.03584506054176, 5571777.288765652105212, 484.8 ], [ 326435.449699940741993, 5571788.640251645818353, 485.0 ], [ 326459.578514096210711, 5571793.638024131767452, 484.6 ], [ 326487.584506884566508, 5571795.059092841111124, 484.4 ], [ 326499.659023302956484, 5571791.32548816036433, 483.8 ], [ 326535.251615284476429, 5571773.91321393661201, 481.6 ], [ 326547.413490602513775, 5571761.941380009055138, 480.2 ], [ 326553.705316337756813, 5571751.496966509148479, 479.1 ], [ 326558.312693050480448, 5571730.980209271423519, 476.9 ], [ 326558.684403893712442, 5571705.259991589933634, 475.4 ], [ 326560.661238819011487, 5571704.638914812356234, 475.5 ], [ 326567.225730176898651, 5571702.53238349314779, 475.7 ], [ 326588.939678822003771, 5571696.925831097178161, 475.9 ], [ 326617.571414649719372, 5571695.656191406771541, 475.3 ], [ 326643.88235541281756, 5571697.578665000386536, 474.7 ], [ 326670.122019743314013, 5571699.503596365451813, 473.7 ], [ 326711.391430571209639, 5571711.732868759892881, 474.0 ], [ 326716.974355597456452, 5571712.329549230635166, 473.9 ], [ 326717.743102224136237, 5571705.293161736801267, 473.8 ], [ 326711.391430571209639, 5571711.732868759892881, 474.0 ], [ 326733.295620896620676, 5571714.13358726259321, 473.8 ], [ 326736.824991379573476, 5571706.450595855712891, 473.5 ], [ 326743.511167379387189, 5571699.332256886176765, 473.3 ], [ 326754.122470437781885, 5571696.648647068068385, 473.1 ], [ 326763.440809767576866, 5571700.239522573538125, 472.9 ], [ 326777.290109540452249, 5571702.792154386639595, 472.4 ], [ 326787.879641565319616, 5571699.441582939587533, 472.0 ], [ 326793.854726652614772, 5571694.572328466922045, 471.8 ], [ 326813.144084354746155, 5571691.160373192280531, 471.2 ], [ 326830.183802737039514, 5571690.938037474639714, 470.8 ], [ 326841.645540551398881, 5571692.455867347307503, 470.6 ], [ 326859.176747038087342, 5571691.995003269053996, 470.3 ], [ 326872.769742144853808, 5571688.880458797328174, 470.0 ], [ 326890.46988259034697, 5571684.852907969616354, 469.8 ], [ 326911.249612633313518, 5571683.395903810858727, 469.4 ], [ 326930.376083508715965, 5571681.547752868384123, 469.0 ], [ 326954.49734797491692, 5571679.75933575630188, 468.5 ], [ 326970.977957267838065, 5571679.889559329487383, 468.1 ], [ 326984.123036025266629, 5571678.347970606759191, 467.8 ], [ 326995.506103747989982, 5571673.08001787122339, 467.4 ], [ 327010.349095284356736, 5571668.923463393934071, 466.9 ], [ 327025.304468776506837, 5571668.213270836509764, 466.4 ], [ 327038.24423660885077, 5571662.560790868476033, 465.9 ], [ 327059.033708504401147, 5571659.212128123268485, 465.1 ], [ 327070.848051129141822, 5571660.607668642885983, 464.7 ], [ 327082.401530790142715, 5571660.564970922656357, 464.4 ], [ 327093.021504310599994, 5571660.330142059363425, 464.2 ], [ 327101.768429753370583, 5571655.14833814650774, 464.0 ], [ 327111.235125401522964, 5571650.165673946030438, 463.9 ], [ 327114.525950793758966, 5571648.277802900411189, 463.9 ], [ 327117.115157559106592, 5571640.180575149133801, 463.8 ], [ 327115.097193992172834, 5571637.352800512686372, 463.7 ], [ 327109.859670214296784, 5571623.278394026681781, 463.5 ], [ 327096.423382474400569, 5571587.435818249359727, 465.6 ], [ 327083.061808399565052, 5571551.702123599126935, 468.0 ], [ 327077.557240928115789, 5571538.192893581464887, 469.1 ], [ 327072.366645336209331, 5571525.563752417452633, 469.9 ], [ 327058.185988316021394, 5571490.969700030051172, 471.3 ], [ 327044.008788496314082, 5571456.486854602582753, 472.6 ], [ 327029.827798326616175, 5571421.892872957512736, 475.1 ], [ 327068.401489571086131, 5571408.282368076965213, 474.4 ], [ 327106.975365822319873, 5571394.67214815504849, 472.2 ], [ 327145.54942707909504, 5571381.062213193625212, 471.0 ], [ 327184.123673340189271, 5571367.45256319642067, 469.4 ], [ 327217.814637804985978, 5571335.305584649555385, 466.0 ], [ 327251.50239539204631, 5571303.047658815979958, 464.1 ], [ 327285.190566965611652, 5571270.789957297034562, 463.8 ], [ 327318.882770419877488, 5571238.643651708960533, 463.2 ], [ 327317.521344087726902, 5571194.617374865338206, 464.2 ], [ 327316.231184702599421, 5571150.588781563565135, 465.5 ], [ 327314.937418168643489, 5571106.449019125662744, 465.8 ], [ 327313.647280163539108, 5571062.420430747792125, 466.9 ], [ 327312.35715283639729, 5571018.391844830475748, 469.2 ], [ 327352.780680445779581, 5571013.292689403519034, 466.4 ], [ 327367.302035358618014, 5571010.149320374242961, 465.6 ], [ 327394.903016105177812, 5570999.01287301350385, 463.5 ], [ 327422.033163562999107, 5570986.556417386047542, 460.1 ], [ 327436.919681265135296, 5570979.283670261502266, 458.2 ], [ 327450.791563525795937, 5570973.71329584531486, 456.8 ], [ 327461.577611870074179, 5570967.575555363669991, 455.7 ], [ 327468.185678024135996, 5570964.578478930518031, 455.1 ], [ 327476.018555267015472, 5570975.11886337865144, 454.7 ], [ 327492.648307037772611, 5570992.940940635278821, 452.9 ], [ 327511.494214437552728, 5571010.913606586866081, 452.3 ], [ 327521.78588650142774, 5571022.487019546329975, 451.9 ], [ 327527.601647219678853, 5571032.425298927351832, 451.9 ], [ 327532.831260913400911, 5571046.277751324698329, 452.2 ], [ 327545.550791204907, 5571093.050928502343595, 452.0 ], [ 327550.804376492276788, 5571120.813747805543244, 451.9 ], [ 327556.057919389975723, 5571148.576572126708925, 452.2 ], [ 327558.577218082325999, 5571149.27372460719198, 452.1 ], [ 327595.632367798127234, 5571159.087275340221822, 450.9 ], [ 327635.206645461032167, 5571169.598270219750702, 450.3 ], [ 327650.490084215067327, 5571174.554998429492116, 449.7 ], [ 327659.355798508506268, 5571177.38313599769026, 449.5 ], [ 327689.337109584361315, 5571184.644849942997098, 449.5 ], [ 327689.391260787029751, 5571186.312425239011645, 449.6 ], [ 327689.337109584361315, 5571184.644849942997098, 449.5 ], [ 327688.198214989155531, 5571153.966093011200428, 449.3 ], [ 327687.062932829372585, 5571123.398508982732892, 449.0 ], [ 327685.323993631987832, 5571080.83132741227746, 448.8 ], [ 327683.659925349056721, 5571038.373005951754749, 448.5 ], [ 327681.99586021702271, 5570995.914686859585345, 448.0 ], [ 327681.423749565263279, 5570982.689887481741607, 447.6 ], [ 327679.000923251907807, 5570982.76856305450201, 447.7 ], [ 327676.702721027075313, 5570940.553416864946485, 446.6 ], [ 327656.52204421593342, 5570916.613932775333524, 446.4 ], [ 327651.28012005292112, 5570906.76817306317389, 446.2 ], [ 327647.337972878711298, 5570895.210869834758341, 446.1 ], [ 327643.242256043944508, 5570874.532866361550987, 445.7 ], [ 327639.353076790634077, 5570853.625579158775508, 445.3 ], [ 327637.816664953366853, 5570843.659479076974094, 445.1 ], [ 327636.872006513411179, 5570834.341892979107797, 444.9 ], [ 327636.666192526055966, 5570828.005110234022141, 444.8 ], [ 327638.359171524411067, 5570820.827634290792048, 444.7 ], [ 327642.179373896855395, 5570822.039026618935168, 444.7 ], [ 327646.512848888174631, 5570823.678907403722405, 444.8 ], [ 327650.875204822514206, 5570826.208164704032242, 445.0 ], [ 327656.253271753666922, 5570829.260883883573115, 445.5 ], [ 327660.401833382726181, 5570831.797091620974243, 445.8 ], [ 327665.213406427064911, 5570834.979504982940853, 446.4 ], [ 327670.780909895780496, 5570839.472841458395123, 447.0 ], [ 327673.526680625509471, 5570836.156301948241889, 447.6 ], [ 327674.819280775845982, 5570834.222417684271932, 447.9 ], [ 327675.684312194236554, 5570832.302417761646211, 448.2 ], [ 327676.082065006252378, 5570829.173413972370327, 448.4 ], [ 327675.859185575332958, 5570824.506519303657115, 448.6 ], [ 327675.389893069572281, 5570810.054206943139434, 449.3 ], [ 327668.610617928556167, 5570788.016574480570853, 449.3 ], [ 327660.881972296803724, 5570745.532628291286528, 450.2 ], [ 327649.149320428667124, 5570722.542983169667423, 449.2 ], [ 327637.301035104668699, 5570695.995870936661959, 448.4 ], [ 327622.882579631055705, 5570667.195192399434745, 447.2 ], [ 327610.929121104883961, 5570628.63234359305352, 447.4 ], [ 327590.336331659811549, 5570594.245272652246058, 445.3 ], [ 327582.627410371322185, 5570574.352413633838296, 445.1 ], [ 327586.719827928231098, 5570529.036171953193843, 449.1 ], [ 327583.531628108001314, 5570490.188629863783717, 448.1 ], [ 327587.479692312132102, 5570473.367042714729905, 448.7 ], [ 327597.86972114094533, 5570455.000737668015063, 450.4 ], [ 327610.294261378003284, 5570444.358595374971628, 452.5 ], [ 327625.589142649318092, 5570421.047625684179366, 454.9 ], [ 327637.141356968437321, 5570403.311400750651956, 456.6 ], [ 327640.884164469665848, 5570397.736703772097826, 457.2 ], [ 327653.234982152411249, 5570389.211556032299995, 459.3 ], [ 327667.61474525637459, 5570383.847935903817415, 462.0 ], [ 327670.24678998143645, 5570346.258163072168827, 461.1 ], [ 327681.219159949396271, 5570312.849166770465672, 462.1 ], [ 327692.008570836973377, 5570284.788000907748938, 463.2 ], [ 327692.086147118359804, 5570282.782285504974425, 463.2 ], [ 327693.443866976187564, 5570282.849498523399234, 463.5 ], [ 327693.871480938163586, 5570282.835616949945688, 463.6 ], [ 327694.270223429659382, 5570281.932362888939679, 463.6 ], [ 327695.717230171547271, 5570273.761312839575112, 463.7 ], [ 327693.917328266077675, 5570229.304256271570921, 462.9 ], [ 327692.121037711796816, 5570184.958373872563243, 465.2 ], [ 327685.818531230906956, 5570171.029304461553693, 464.8 ], [ 327678.665159553638659, 5570133.089502461254597, 466.0 ], [ 327677.06555570976343, 5570116.781992442905903, 466.9 ], [ 327676.459164690459147, 5570080.521561412140727, 469.5 ], [ 327675.781514882692136, 5570044.263445809483528, 472.0 ], [ 327676.277695144701283, 5570037.570016503334045, 472.5 ], [ 327693.620311452425085, 5570059.709930328652263, 474.5 ], [ 327710.895125108771026, 5570081.963383078575134, 476.3 ], [ 327719.390848469804041, 5570090.924597637727857, 477.2 ], [ 327723.707721829530783, 5570094.234438879415393, 477.8 ], [ 327726.1570993285859, 5570097.159737695939839, 478.0 ], [ 327729.718841575435363, 5570101.384400210343301, 478.4 ], [ 327758.019633650837932, 5570124.838202387094498, 481.7 ], [ 327778.867600836965721, 5570136.292201942764223, 484.5 ], [ 327790.098541069193743, 5570141.60354021564126, 485.8 ], [ 327799.510761996323708, 5570143.635245592333376, 487.1 ], [ 327816.188990441267379, 5570145.319976264610887, 488.8 ], [ 327834.63009973440785, 5570144.16536617744714, 490.3 ], [ 327855.707396990794223, 5570140.699555711820722, 492.0 ], [ 327898.762532808119431, 5570130.734203516505659, 494.2 ], [ 327905.893234656890854, 5570130.614300373010337, 494.0 ], [ 327940.350350031629205, 5570132.724630835466087, 493.0 ], [ 327974.807425900944509, 5570134.83518426772207, 491.6 ], [ 328009.264462264138274, 5570136.945960667915642, 489.5 ], [ 328036.594377241446637, 5570139.287849917076528, 488.0 ], [ 328063.852989774080925, 5570141.632187868468463, 486.6 ], [ 328068.533150731236674, 5570145.153104293160141, 486.3 ], [ 328099.952159908367321, 5570163.610949247144163, 484.3 ], [ 328131.303276024875231, 5570182.182455035857856, 482.2 ], [ 328162.650569829973392, 5570200.642969857901335, 479.5 ], [ 328174.939910111250356, 5570207.81272722221911, 478.5 ], [ 328199.859748382819816, 5570219.470364633947611, 476.9 ], [ 328208.313441865670029, 5570222.757971480488777, 476.4 ], [ 328216.746225855138618, 5570227.604301489889622, 475.8 ], [ 328247.798426511348225, 5570250.192498231306672, 473.4 ], [ 328270.726626031449996, 5570264.251944611780345, 471.5 ], [ 328272.102319280907977, 5570264.8751639444381, 471.4 ], [ 328281.304548642539885, 5570269.251543247140944, 470.7 ], [ 328292.063889703305904, 5570273.2437006495893, 469.8 ], [ 328314.471755627833772, 5570275.634916060604155, 468.3 ], [ 328329.089072333823424, 5570275.384702164679766, 467.3 ], [ 328341.953428657958284, 5570276.0815240284428, 466.4 ], [ 328344.031012437888421, 5570276.348197824321687, 466.3 ], [ 328346.607478132587858, 5570276.598738635890186, 466.1 ], [ 328347.323762202868238, 5570276.686862142756581, 466.0 ], [ 328367.743238321098033, 5570279.365180069580674, 464.6 ], [ 328381.767577495193109, 5570274.015040013939142, 463.8 ], [ 328390.810303931823, 5570269.048574732616544, 463.2 ], [ 328402.832582547038328, 5570265.766405160538852, 462.0 ], [ 328418.971116738510318, 5570264.02051795925945, 460.1 ], [ 328426.472332692472264, 5570264.334477716125548, 459.3 ], [ 328437.259108621394262, 5570264.764824721962214, 458.1 ], [ 328452.88198655040469, 5570266.930783344432712, 456.7 ], [ 328457.472389095462859, 5570309.628247115761042, 455.9 ], [ 328478.313931142911315, 5570305.504781164228916, 455.0 ], [ 328513.005217247758992, 5570281.792413052171469, 454.2 ], [ 328532.194150365598034, 5570266.259920836426318, 453.9 ], [ 328557.584708261536434, 5570254.978698400780559, 454.2 ], [ 328582.975369269493967, 5570243.697599926963449, 455.0 ], [ 328599.256422815728001, 5570226.478676789440215, 455.5 ], [ 328609.29150218993891, 5570212.466253484599292, 455.8 ], [ 328614.802305517718196, 5570204.164315316826105, 455.9 ], [ 328620.793549874913879, 5570193.06468060798943, 456.0 ], [ 328628.974187122657895, 5570172.434919034130871, 455.7 ], [ 328625.245568665559404, 5570167.436069841496646, 455.1 ], [ 328637.097486651386134, 5570134.557445024140179, 454.6 ], [ 328642.575193764292635, 5570089.865566352382302, 452.7 ], [ 328644.831818133592606, 5570077.996233105659485, 452.1 ], [ 328648.232892278407235, 5570068.426996983587742, 451.7 ], [ 328654.049541066749953, 5570056.331462571397424, 451.2 ], [ 328660.860933386604302, 5570046.318291321396828, 450.8 ], [ 328668.314293974428438, 5570038.510160811245441, 450.4 ], [ 328678.522171845834237, 5570029.834127008914948, 449.8 ], [ 328704.525491657608654, 5570010.96636180114001, 448.5 ], [ 328713.654579249327071, 5570006.442851665429771, 448.3 ], [ 328741.027123960491735, 5569990.201996230520308, 446.9 ], [ 328768.47110518347472, 5569973.958986869081855, 445.3 ], [ 328788.942571174178738, 5569964.952116979286075, 444.5 ], [ 328815.988292265334167, 5569951.838260103948414, 443.8 ], [ 328819.501757297490258, 5569950.166935508139431, 443.7 ], [ 328858.609500664519146, 5569930.543547476641834, 441.9 ], [ 328862.468606926617213, 5569928.527247463352978, 441.8 ], [ 328869.139229795255233, 5569925.196152075193822, 441.5 ], [ 328897.717523039085791, 5569910.920454333536327, 440.6 ], [ 328903.636426983692218, 5569908.615219730883837, 440.5 ], [ 328945.94134448521072, 5569888.555600031279027, 439.2 ], [ 328973.45091510261409, 5569874.314769363030791, 438.4 ], [ 328972.670121656614356, 5569872.225468405522406, 438.3 ], [ 328973.45091510261409, 5569874.314769363030791, 438.4 ], [ 328987.577828261768445, 5569898.676689246669412, 439.6 ], [ 328991.69844074966386, 5569904.776025278493762, 439.9 ], [ 329019.622401029337198, 5569943.272186581976712, 442.0 ], [ 329037.890261629130691, 5569969.94916049670428, 443.1 ], [ 329050.309031999669969, 5569990.026038119569421, 444.0 ], [ 329063.134849335299805, 5570016.099336168728769, 445.0 ], [ 329075.889278619317338, 5570042.174958296120167, 445.8 ], [ 329095.822337558900472, 5570029.736719689331949, 444.9 ], [ 329113.086822122219019, 5570020.834367932751775, 443.9 ], [ 329112.783839041541796, 5570020.287686595693231, 444.0 ], [ 329129.313887836178765, 5570008.515571765601635, 443.0 ], [ 329157.221972821978852, 5569991.146817329339683, 441.0 ], [ 329176.863718323875219, 5569982.947184702381492, 438.6 ], [ 329225.973843785759527, 5569979.252573321573436, 432.6 ], [ 329234.908968723553699, 5570019.696134586818516, 433.2 ], [ 329243.18082881718874, 5570057.267583332955837, 433.5 ], [ 329243.747425031673629, 5570057.138069759123027, 433.5 ], [ 329249.679782476101536, 5570079.649765398353338, 433.5 ], [ 329256.660205154796131, 5570105.91150769405067, 433.9 ], [ 329263.640569708542898, 5570132.173258581198752, 434.0 ], [ 329254.01214576914208, 5570134.48613647557795, 435.0 ], [ 329257.384068408166058, 5570141.72260719165206, 434.8 ], [ 329279.665523509727791, 5570162.373009817674756, 433.6 ], [ 329281.426064909668639, 5570163.874402295798063, 433.5 ], [ 329288.404101481079124, 5570170.104613781906664, 433.4 ], [ 329300.036119420779869, 5570176.852884129621089, 434.3 ], [ 329324.989314879872836, 5570191.853197677060962, 437.1 ], [ 329341.776801308675203, 5570190.311845700256526, 437.4 ], [ 329349.683954609907232, 5570187.720601203851402, 437.7 ], [ 329357.473383094300516, 5570183.686425103805959, 438.4 ], [ 329366.794815900851972, 5570176.264408121816814, 439.5 ], [ 329378.421327118412592, 5570162.870113832876086, 441.1 ], [ 329381.332481068791822, 5570160.216941623017192, 441.5 ], [ 329385.633307393582072, 5570156.406235136091709, 442.1 ], [ 329395.211710436851718, 5570152.537189465947449, 443.3 ], [ 329440.670533034484833, 5570139.61375714559108, 449.2 ], [ 329464.748719790601172, 5570131.829061148688197, 452.1 ], [ 329488.826972052396741, 5570124.044475960545242, 455.0 ], [ 329532.137394620338455, 5570110.857005244120955, 460.9 ], [ 329575.448015503759962, 5570097.669892722740769, 467.9 ], [ 329616.866435169824399, 5570081.094000373035669, 472.0 ], [ 329658.213828471838497, 5570064.520724263973534, 473.9 ], [ 329699.636304569081403, 5570048.0566615043208, 474.6 ], [ 329740.984186295885593, 5570031.484041910618544, 475.9 ], [ 329782.403584535350092, 5570014.909464825876057, 477.5 ], [ 329823.751955564250238, 5569998.337501741945744, 478.3 ], [ 329865.171843522577547, 5569981.76358229201287, 478.1 ], [ 329910.109297711984254, 5569963.630568210966885, 476.6 ], [ 329954.975770041404758, 5569945.500224683433771, 475.5 ], [ 329999.910245695034973, 5569927.25681284815073, 473.6 ], [ 330044.848573568277061, 5569909.124960443004966, 472.3 ], [ 330089.787192421266809, 5569890.993495468981564, 472.8 ], [ 330126.586295299581252, 5569879.354898592457175, 473.5 ], [ 330163.460378154821228, 5569867.82545214984566, 475.2 ], [ 330167.416145492985379, 5569866.58603641577065, 475.4 ], [ 330200.331053089699708, 5569856.185093379579484, 476.8 ], [ 330237.130603556404822, 5569844.547273613512516, 478.4 ], [ 330245.776449041906744, 5569840.487076692283154, 479.0 ], [ 330256.216432636138052, 5569816.671953983604908, 480.7 ], [ 330266.588797508098651, 5569792.970305560156703, 481.0 ], [ 330270.81926357379416, 5569789.162617285735905, 481.0 ], [ 330272.897832040733192, 5569778.301449065096676, 480.9 ], [ 330287.942543183569796, 5569753.448899922892451, 480.6 ], [ 330288.701693533861544, 5569752.645631119608879, 480.6 ], [ 330312.420869267662056, 5569726.848143791779876, 479.4 ], [ 330317.79225035244599, 5569718.552604950964451, 478.8 ], [ 330324.414847187697887, 5569706.989798773080111, 478.2 ], [ 330324.640180600632448, 5569698.413604726083577, 477.7 ], [ 330324.687855675583705, 5569684.278808688744903, 476.6 ], [ 330324.089068316447083, 5569647.684983095154166, 473.2 ], [ 330323.125091233989224, 5569628.685955457389355, 471.5 ], [ 330314.824375860276632, 5569596.678436503745615, 468.7 ], [ 330306.523576579173096, 5569564.670929724350572, 465.9 ], [ 330315.558310862630606, 5569561.600015815347433, 465.7 ], [ 330313.895107852935325, 5569549.745616628788412, 465.0 ], [ 330313.781615667743608, 5569543.962393357418478, 464.8 ], [ 330314.213476665667258, 5569537.382740528322756, 465.0 ], [ 330316.008663728891406, 5569510.950680221430957, 465.9 ], [ 330320.095464893849567, 5569484.779238710179925, 467.7 ], [ 330324.182317198836245, 5569458.607802159152925, 469.8 ], [ 330320.095401596277952, 5569449.056573828682303, 470.6 ], [ 330314.322202664450742, 5569444.789664352312684, 471.0 ], [ 330295.694014648208395, 5569437.928934761323035, 471.6 ], [ 330287.247489388100803, 5569437.086072409525514, 471.6 ], [ 330267.243005040800199, 5569436.278857184574008, 471.6 ], [ 330264.222201837343164, 5569419.905159910209477, 473.1 ], [ 330266.60012307355646, 5569371.531182658858597, 478.1 ], [ 330266.767961049103178, 5569367.85339202452451, 478.5 ], [ 330266.810809127113316, 5569366.961737366393209, 478.6 ], [ 330267.389360916335136, 5569353.811540443450212, 480.1 ], [ 330267.236938511254266, 5569344.579708258621395, 481.1 ], [ 330265.708854715747293, 5569334.724140749312937, 482.1 ], [ 330255.272005635197274, 5569309.573400494642556, 484.4 ], [ 330246.723351876600645, 5569292.152299874462187, 486.0 ], [ 330243.074352883268148, 5569285.146687449887395, 486.7 ], [ 330235.847609884513076, 5569271.133190530352294, 488.1 ], [ 330217.189284793799743, 5569232.112114294432104, 492.3 ], [ 330211.00959414197132, 5569226.300300917588174, 492.8 ], [ 330178.452983291586861, 5569205.640791074372828, 493.9 ], [ 330158.106204600306228, 5569194.161460055969656, 493.8 ], [ 330147.100658272625878, 5569186.946085419505835, 493.9 ], [ 330142.496178635861725, 5569181.306526398286223, 494.5 ], [ 330139.345804181764834, 5569176.510738072916865, 495.1 ], [ 330137.785451532807201, 5569165.654655962251127, 496.7 ], [ 330145.35230272798799, 5569163.520731746219099, 497.4 ], [ 330162.692576485802419, 5569154.619622897356749, 499.4 ], [ 330185.621812166064046, 5569141.978683899156749, 502.0 ], [ 330208.476315255858935, 5569129.228954019024968, 504.2 ], [ 330218.741360886313487, 5569126.675000960938632, 504.5 ], [ 330254.985500525333919, 5569126.517767900601029, 504.0 ], [ 330265.620995415141806, 5569126.622917357832193, 503.9 ], [ 330276.577371712191962, 5569125.604975723661482, 503.8 ], [ 330277.86047941702418, 5569125.563961761072278, 503.8 ], [ 330286.934837351727765, 5569125.941626042127609, 503.5 ], [ 330307.896039669169113, 5569123.157265639863908, 503.6 ], [ 330332.460998504771851, 5569117.030554072931409, 504.2 ], [ 330339.846341157972347, 5569113.678574313409626, 504.6 ], [ 330365.509296797798015, 5569106.181510766036808, 504.4 ], [ 330391.101034850580618, 5569098.686849876306951, 503.6 ], [ 330411.172810567542911, 5569083.689923635683954, 503.8 ], [ 330418.038497569155879, 5569075.235527762211859, 504.2 ], [ 330441.55453346692957, 5569051.893610686995089, 503.9 ], [ 330459.294020357774571, 5569021.947843260131776, 505.3 ], [ 330468.296358813531697, 5569002.185484944842756, 506.5 ], [ 330478.404451610636897, 5568976.823580303229392, 507.7 ], [ 330487.103754937357735, 5568958.740216884762049, 507.8 ], [ 330495.464434932742734, 5568941.224107163026929, 507.9 ], [ 330496.833378281444311, 5568939.399844371713698, 507.8 ], [ 330520.6071525036823, 5568915.159824439324439, 506.8 ], [ 330526.41846380662173, 5568904.958680761046708, 505.6 ], [ 330523.096376612782478, 5568905.954989292658865, 506.2 ], [ 330488.467582035867963, 5568916.519563202746212, 512.4 ], [ 330471.6898059444502, 5568920.727595210075378, 515.7 ], [ 330468.535455326607917, 5568920.271875071339309, 516.4 ], [ 330465.666249945294112, 5568919.807052938267589, 517.0 ], [ 330462.334128056827467, 5568916.01845337357372, 518.0 ], [ 330460.064794708508998, 5568907.521940605714917, 518.8 ], [ 330458.074985929240938, 5568887.665404114872217, 516.7 ], [ 330457.6168028342654, 5568875.549936503171921, 513.2 ], [ 330457.37868909095414, 5568870.327130488120019, 511.6 ], [ 330453.145533398375846, 5568860.669182924553752, 510.1 ], [ 330448.683714670594782, 5568855.024809724651277, 510.2 ], [ 330437.595127650885843, 5568854.154736200347543, 514.3 ], [ 330424.531222619814798, 5568858.466889899224043, 520.1 ], [ 330418.902794511348475, 5568860.983623569831252, 522.6 ], [ 330412.952882283600047, 5568869.074897330254316, 526.0 ], [ 330404.559575265680905, 5568863.22226185631007, 527.6 ], [ 330400.421911509009078, 5568858.791712466627359, 528.2 ], [ 330388.301727372338064, 5568870.307364927604795, 533.6 ], [ 330369.24977993639186, 5568874.810926721431315, 539.2 ], [ 330353.063043922767974, 5568884.119578539393842, 543.4 ], [ 330337.387751867820043, 5568878.16583839058876, 546.4 ], [ 330335.117467683274299, 5568876.346523803658783, 546.9 ], [ 330326.706318047596142, 5568869.938149960711598, 548.3 ], [ 330282.481830712291412, 5568886.152392722666264, 552.5 ], [ 330272.152545326505788, 5568884.479399332776666, 553.5 ], [ 330263.215616151981521, 5568859.391962897032499, 557.4 ], [ 330260.312973872525617, 5568835.558361650444567, 559.2 ], [ 330249.516180097940378, 5568801.404981444589794, 561.2 ], [ 330276.447119560558349, 5568782.182059656828642, 557.3 ], [ 330276.867743441252969, 5568781.946045085787773, 557.3 ], [ 330290.695058744982816, 5568772.490004792809486, 555.2 ], [ 330313.01004331104923, 5568756.196940291672945, 551.6 ], [ 330317.758454533992335, 5568750.703511280938983, 551.0 ], [ 330320.371762379829306, 5568745.389594082720578, 550.9 ], [ 330322.397248968016356, 5568737.312325309962034, 551.3 ], [ 330323.756029828684404, 5568730.703070446848869, 551.7 ], [ 330322.783586108009331, 5568724.836015149019659, 552.5 ], [ 330312.323539741337299, 5568710.146712196059525, 554.9 ], [ 330313.764021431910805, 5568706.094408712349832, 555.0 ], [ 330315.725089237152133, 5568700.467475698329508, 555.0 ], [ 330320.808692502207123, 5568694.295630038715899, 554.8 ], [ 330346.996099128795322, 5568669.643886297941208, 554.1 ], [ 330373.112460973090492, 5568644.994554908014834, 555.5 ], [ 330393.382966511941049, 5568622.757771049626172, 556.9 ], [ 330393.925724938162602, 5568615.173035875894129, 558.0 ], [ 330399.42147490545176, 5568592.851744772866368, 556.3 ], [ 330407.879269161901902, 5568571.660009205341339, 551.7 ], [ 330411.013107273494825, 5568566.997236819937825, 550.7 ], [ 330417.280217638239264, 5568562.123127364553511, 549.9 ], [ 330430.748063121340238, 5568554.793397556990385, 549.6 ], [ 330465.886254499549977, 5568537.757772151380777, 547.5 ], [ 330487.321473962103482, 5568527.391726924106479, 547.3 ], [ 330501.095954718999565, 5568520.720109093002975, 547.1 ], [ 330518.396037898724899, 5568512.711878802627325, 546.0 ], [ 330539.783958631800488, 5568509.803668651729822, 545.9 ], [ 330562.821900275186636, 5568509.402459519915283, 545.4 ], [ 330599.191065244085621, 5568510.801799677312374, 543.0 ], [ 330640.964974203612655, 5568507.132487931288779, 535.1 ], [ 330684.8099354255246, 5568503.508763479068875, 527.0 ], [ 330691.971032437926624, 5568504.282026316970587, 525.8 ], [ 330700.539422467118129, 5568508.905408845283091, 524.9 ], [ 330709.973930879728869, 5568513.835049981251359, 523.0 ], [ 330742.530792274221312, 5568505.341251394711435, 518.3 ], [ 330775.159040018683299, 5568496.845382994972169, 515.8 ], [ 330807.716090104659088, 5568488.351988583803177, 513.3 ], [ 330814.755675294203684, 5568456.188986447639763, 512.3 ], [ 330821.791820396203548, 5568423.914824935607612, 510.9 ], [ 330829.545482931891456, 5568387.277718086726964, 509.1 ], [ 330830.754629286355339, 5568366.985376097261906, 508.0 ], [ 330830.02161828475073, 5568343.972779055126011, 507.3 ], [ 330828.240677225810941, 5568303.744425215758383, 506.7 ], [ 330826.534571667318232, 5568263.624974618665874, 506.0 ], [ 330832.124398627202027, 5568262.111511346884072, 506.1 ], [ 330841.043379158654716, 5568262.050006971694529, 506.0 ], [ 330874.319546448765323, 5568264.885241464711726, 505.6 ], [ 330891.319147701258771, 5568267.571198943071067, 504.1 ], [ 330938.396607961622067, 5568275.75421233382076, 497.7 ], [ 330966.888769023295026, 5568278.519733203575015, 493.9 ], [ 330961.32704321743222, 5568251.765872506424785, 493.4 ], [ 330955.693977122544311, 5568225.014286559075117, 492.3 ], [ 330949.059709967987146, 5568195.957595209591091, 491.4 ], [ 330945.855595635250211, 5568178.254043547436595, 490.9 ], [ 330941.97455144173, 5568143.76806618552655, 490.3 ], [ 330940.557558307598811, 5568105.976408479735255, 490.2 ], [ 330941.775046907248907, 5568067.989615343511105, 491.0 ], [ 330944.343174081644975, 5568032.074244759045541, 492.3 ], [ 330944.354320135083981, 5568030.182052408345044, 492.4 ], [ 330944.61032469489146, 5568018.043887010775506, 492.8 ], [ 330940.946148789138533, 5567985.887987460941076, 493.1 ], [ 330937.353244506171905, 5567953.729821533896029, 492.3 ], [ 330956.938182946352754, 5567927.733627473004162, 489.8 ], [ 330977.068956807197537, 5567900.941156778484583, 487.9 ], [ 331002.407110606203787, 5567865.080340076237917, 486.3 ], [ 331016.515564979054034, 5567844.15515667758882, 486.1 ], [ 331015.567435273667797, 5567843.51761235576123, 486.1 ], [ 331023.085160913644359, 5567833.040291536599398, 486.0 ], [ 331039.351083715446293, 5567810.377282262779772, 486.1 ], [ 331055.691987839643843, 5567787.823230733163655, 486.5 ], [ 331065.179802679340355, 5567783.18139386177063, 487.0 ], [ 331073.928087395732291, 5567784.461163953877985, 487.2 ], [ 331090.561885205213912, 5567800.291018572635949, 487.6 ], [ 331110.94919276505243, 5567817.448275008238852, 488.3 ], [ 331128.161485157092102, 5567829.031039718538523, 488.3 ], [ 331158.738978950947057, 5567827.725179132074118, 488.7 ], [ 331185.904632680118084, 5567826.861776045523584, 489.0 ], [ 331205.740776599268429, 5567813.211159290745854, 489.3 ], [ 331234.941325460909866, 5567791.028069094754755, 489.7 ], [ 331264.074346615583636, 5567768.958582207560539, 489.0 ], [ 331292.787545070110355, 5567744.899487862363458, 488.4 ], [ 331321.50453410029877, 5567720.951727086678147, 487.2 ], [ 331328.920663395139854, 5567707.250870274379849, 486.5 ], [ 331291.632035248563625, 5567677.052880289964378, 490.2 ], [ 331254.34298485761974, 5567646.855143940076232, 490.7 ], [ 331217.04998003190849, 5567616.54648928437382, 489.8 ], [ 331179.760084415262099, 5567586.349260224960744, 489.2 ], [ 331142.46976656280458, 5567556.15228480938822, 488.1 ], [ 331172.723479994223453, 5567533.379029191099107, 488.5 ], [ 331202.977451275393832, 5567510.605952150188386, 489.7 ], [ 331233.231680404627696, 5567487.833053688518703, 490.6 ], [ 331263.486167380469851, 5567465.060333805158734, 491.5 ], [ 331274.971995454165153, 5567458.129772134125233, 491.2 ], [ 331278.235793620464392, 5567453.018332285806537, 490.7 ], [ 331278.456008478067815, 5567444.219897063449025, 489.9 ], [ 331278.00193107384257, 5567425.427311023697257, 487.9 ], [ 331271.255226129549555, 5567406.278155423700809, 486.2 ], [ 331269.245044551149476, 5567381.191800047643483, 483.5 ], [ 331270.871595684671775, 5567367.229633164592087, 481.8 ], [ 331276.059931494412012, 5567341.803376132622361, 478.1 ], [ 331281.248326996224932, 5567316.377126128412783, 473.8 ], [ 331290.164561458397657, 5567284.711883957497776, 468.4 ], [ 331295.554325852950569, 5567276.862136540934443, 466.7 ], [ 331299.616079022991471, 5567263.156511768698692, 464.4 ], [ 331304.653578025987372, 5567253.203565375879407, 462.3 ], [ 331303.531016382738017, 5567240.330265511758626, 461.2 ], [ 331300.661060498794541, 5567206.145923021249473, 458.8 ], [ 331308.559523572621401, 5567180.633669569157064, 455.2 ], [ 331310.398113428615034, 5567162.102153575979173, 453.6 ], [ 331312.4754146336345, 5567133.102367811836302, 451.3 ], [ 331312.698676493600942, 5567104.161449512466788, 449.2 ], [ 331319.774630450760014, 5567108.944576412439346, 448.6 ], [ 331326.935999335953966, 5567114.170136221684515, 448.0 ], [ 331328.373972795787267, 5567143.726015196181834, 449.2 ], [ 331333.747462629457004, 5567164.588093393482268, 449.1 ], [ 331341.00257717736531, 5567177.266715917736292, 448.1 ], [ 331351.345138298172969, 5567190.515045411884785, 446.1 ], [ 331376.01375107106287, 5567203.086121588945389, 442.5 ], [ 331393.214675622759387, 5567209.773675032891333, 442.9 ], [ 331422.355914696585387, 5567217.083960965275764, 442.9 ], [ 331433.964550234435592, 5567187.00284948758781, 437.0 ], [ 331453.873486293130554, 5567157.548724510706961, 431.3 ], [ 331473.7148685666034, 5567128.208113919012249, 424.8 ], [ 331493.624264117213897, 5567098.754149780608714, 417.7 ], [ 331517.511594719835557, 5567073.180344582535326, 411.9 ], [ 331538.777451236033812, 5567050.471868348307908, 408.7 ], [ 331541.399159477616195, 5567047.606652626767755, 408.3 ], [ 331548.746927752625197, 5567049.710649909451604, 407.7 ], [ 331584.252242856367957, 5567059.602181724272668, 405.5 ], [ 331618.92366987594869, 5567067.962399758398533, 403.6 ], [ 331653.594977054046467, 5567076.322841658256948, 402.9 ], [ 331688.266164390428457, 5567084.683507427573204, 403.8 ], [ 331710.347003156552091, 5567067.402827154844999, 401.5 ], [ 331709.82669874210842, 5567066.751606254838407, 401.3 ], [ 331718.315373286604881, 5567059.805732414126396, 400.3 ], [ 331752.144367742002942, 5567034.808451911434531, 395.2 ], [ 331764.359855916933157, 5567026.075395098887384, 393.1 ], [ 331767.149867053260095, 5567021.758284131065011, 392.2 ], [ 331796.385189777589403, 5567009.481784852221608, 388.6 ], [ 331825.617122307303362, 5566997.094277514144778, 388.1 ], [ 331826.684218758367933, 5566994.723551750183105, 388.0 ], [ 331833.985484564094804, 5566988.594444133341312, 388.3 ], [ 331839.570816222112626, 5566984.634038031101227, 388.1 ], [ 331850.130411671707407, 5566979.95979970600456, 388.5 ], [ 331857.330366548034362, 5566977.394999267533422, 388.7 ], [ 331864.184320914326236, 5566975.175007756799459, 388.9 ], [ 331877.865703645977192, 5566974.408240324817598, 389.2 ], [ 331883.877031152020209, 5566974.885735898278654, 389.1 ], [ 331898.66326945606852, 5566975.196896909736097, 389.6 ], [ 331908.527624356443994, 5566986.903414093889296, 389.1 ], [ 331917.072563102468848, 5566990.750574829056859, 390.5 ], [ 331925.034883600776084, 5566989.71971548255533, 392.2 ], [ 331934.883948329254054, 5566987.405072748661041, 394.4 ], [ 331948.237857674830593, 5566985.313444597646594, 397.1 ], [ 331956.701898364524823, 5566986.603712278418243, 398.5 ], [ 331959.036621388513595, 5566988.199121097102761, 398.8 ], [ 331961.442654939251952, 5566989.792275604791939, 399.1 ], [ 331972.292190509324428, 5567014.599162817001343, 399.3 ], [ 331979.166745047899894, 5567022.060305667109787, 400.1 ], [ 331994.778425848926418, 5567041.708896908909082, 402.1 ], [ 332001.076404209074099, 5567046.740066515281796, 403.1 ], [ 332006.943999410257675, 5567049.447904238477349, 404.1 ], [ 332011.329127521603368, 5567050.422088721767068, 404.8 ], [ 332018.182023795437999, 5567050.427990161813796, 406.0 ], [ 332029.607899316237308, 5567046.060569919645786, 407.8 ], [ 332034.767926444357727, 5567044.450764052569866, 408.6 ], [ 332041.216097422293387, 5567040.685863566584885, 409.4 ], [ 332054.609583866724279, 5567037.591697950847447, 411.0 ], [ 332062.373004798369948, 5567034.786798869259655, 411.7 ], [ 332070.70237286115298, 5567034.078403130173683, 412.4 ], [ 332078.670631444896571, 5567035.495811821892858, 412.9 ], [ 332084.559274931554683, 5567038.870766849257052, 413.2 ], [ 332098.045493486570194, 5567020.639284633100033, 411.7 ], [ 332098.730503654340282, 5567019.727373464033008, 411.6 ], [ 332092.312097428250127, 5567013.141934581100941, 411.8 ], [ 332086.835826022259425, 5567004.746199568733573, 411.8 ], [ 332080.852945058140904, 5566989.355646215379238, 411.6 ], [ 332074.215210961527191, 5566971.315000589936972, 411.4 ], [ 332072.791049425955862, 5566966.908687550574541, 411.4 ], [ 332067.955724790575914, 5566944.916175557300448, 411.4 ], [ 332065.437910389504395, 5566930.751518321223557, 411.4 ], [ 332063.016792283684481, 5566930.939323336817324, 411.4 ] ] ] } },
{ "type": "Feature", "properties": { "name": "Maare-Pfad (2-Tages-Tour)", "km": 34.057, "darstell": "F1" }, "geometry": { "type": "MultiLineString", "coordinates": [ [ [ 347139.582078057806939, 5559279.808035193942487, 421.4748 ], [ 347161.265533909900114, 5559245.917394584976137, 421.58777 ], [ 347219.802527238323819, 5559233.55649100150913, 421.36675 ], [ 347253.95387080789078, 5559213.216817880049348, 421.57027 ], [ 347257.728472116403282, 5559132.997524168342352, 424.86045 ], [ 347215.087546108523384, 5559091.605842548422515, 431.88452 ], [ 347224.921320589957759, 5559038.250205324031413, 433.07126 ], [ 347261.525716013158672, 5559003.709598861634731, 435.11256 ], [ 347267.034370314737316, 5558966.50030021276325, 438.16098 ], [ 347258.222293910454027, 5558945.83510054461658, 441.40478 ], [ 347208.863394090323709, 5558961.826434439048171, 447.09427 ], [ 347191.600577590987086, 5558955.534440912306309, 448.75465 ], [ 347211.458381748758256, 5558927.704805044457316, 452.2629 ], [ 347216.669098453596234, 5558907.527587650343776, 452.53817 ], [ 347200.099547671270557, 5558853.149046997539699, 460.631 ], [ 347183.272444481379353, 5558901.920918624848127, 460.01147 ], [ 347122.116851161117665, 5558885.428185017779469, 464.47011 ], [ 346967.313663479872048, 5558803.753663947805762, 481.69629 ], [ 347025.728720191807952, 5558784.495896784588695, 486.1533 ], [ 347106.24510218272917, 5558718.429259859025478, 490.88354 ], [ 347128.411485506454483, 5558671.395446168258786, 493.58999 ], [ 347116.985148786799982, 5558644.352069100365043, 495.36996 ], [ 346975.56826061848551, 5558585.992416710592806, 495.95905 ], [ 346804.174338414275553, 5558454.729164539836347, 480.532 ], [ 346705.097581969574094, 5558429.762625195086002, 472.43483 ], [ 346641.431947407778352, 5558413.236036856658757, 467.15204 ], [ 346524.254195524961688, 5558454.774553336203098, 468.45149 ], [ 346485.072114770533517, 5558499.074648981913924, 473.15107 ], [ 346379.348604033526499, 5558546.072289578616619, 475.96572 ], [ 346334.984981844434515, 5558514.750753390602767, 473.1045 ], [ 346307.577830710273702, 5558471.591214328072965, 472.70964 ], [ 346268.494645116035827, 5558385.486154300160706, 473.64152 ], [ 346268.458351175533608, 5558312.385320950299501, 473.68845 ], [ 346280.24620089889504, 5558257.636051843874156, 473.81448 ], [ 346365.078460373566486, 5558170.181903028860688, 470.72286 ], [ 346341.622178710880689, 5558115.336551123298705, 480.0977 ], [ 346202.385087110218592, 5558004.527112820185721, 495.72915 ], [ 346222.410202514729463, 5557987.481753903441131, 495.42978 ], [ 346205.39271076611476, 5557858.57036558073014, 495.10179 ], [ 346085.461137379345018, 5557760.558369295671582, 495.16022 ], [ 346005.481679063290358, 5557726.596252145245671, 495.85441 ], [ 345929.511077965958975, 5557670.599899713881314, 494.77274 ], [ 345902.485682266298681, 5557618.64105187729001, 492.43851 ], [ 345902.515237466897815, 5557572.68717382196337, 488.83272 ], [ 345834.550439962884411, 5557521.690063577145338, 487.87542 ], [ 345821.528422817704268, 5557491.691043073311448, 486.62883 ], [ 345821.547546910471283, 5557457.754219939932227, 485.74568 ], [ 345785.528701731411275, 5557418.740446978248656, 486.27546 ], [ 345804.573789070069324, 5557320.83122883643955, 484.60782 ], [ 345856.506940574967302, 5557269.815391704440117, 482.85916 ], [ 345965.479028024012223, 5557247.860801007598639, 476.80705 ], [ 346024.479399947798811, 5557250.829109002836049, 473.14716 ], [ 346106.588729075738229, 5557276.607894979417324, 468.74163 ], [ 346188.403083490848076, 5557279.809411509893835, 460.72631 ], [ 346265.129343927372247, 5557299.960105222649872, 455.15415 ], [ 346242.976710482267663, 5557211.141309354454279, 449.00081 ], [ 346174.207847987941932, 5557144.697060460224748, 451.03213 ], [ 346056.711456931894645, 5557119.160269234329462, 458.19108 ], [ 345973.577174870413728, 5557112.438272210769355, 464.3969 ], [ 345817.183621766977012, 5557119.074207087978721, 475.90781 ], [ 345777.279639945016243, 5557089.185370680876076, 478.59822 ], [ 345767.289016963622998, 5557072.561964152380824, 479.42883 ], [ 345734.050299113499932, 5557058.057860092259943, 481.38104 ], [ 345741.839426999387797, 5557038.138261563144624, 480.98073 ], [ 345800.917983677238226, 5556944.856534333899617, 479.903 ], [ 345855.426642545033246, 5556883.863691200502217, 478.13291 ], [ 345932.248287819093093, 5556753.686511693522334, 478.65583 ], [ 345974.215233969385736, 5556652.000368353910744, 477.2754 ], [ 345949.638961370801553, 5556637.912141982465982, 477.07265 ], [ 345955.414828620501794, 5556508.676507405005395, 474.47001 ], [ 345781.394739757932257, 5556435.598996969871223, 466.41645 ], [ 345874.325365740805864, 5556184.676638233475387, 481.54869 ], [ 346048.624000633426476, 5555915.495387631468475, 469.02172 ], [ 346148.59568344661966, 5555937.533320007845759, 473.8009 ], [ 346113.076083082007244, 5555826.847458087839186, 470.71232 ], [ 346140.83318616473116, 5555819.704288969747722, 471.62555 ], [ 346147.965469282935373, 5555722.363461513072252, 469.33571 ], [ 346108.078689788060728, 5555576.866153676994145, 460.88763 ], [ 346001.834668433526531, 5555573.146131739020348, 461.86707 ], [ 345948.893233698327094, 5555550.308063888922334, 458.6498 ], [ 345938.593896682374179, 5555468.60261273290962, 453.86926 ], [ 345880.109294254798442, 5555456.940644747577608, 452.09345 ], [ 345917.640441182360519, 5555295.410609843209386, 433.96719 ], [ 345866.469412106554955, 5555242.368991314433515, 428.84912 ], [ 345884.55407231731806, 5555219.704424356110394, 424.30818 ], [ 346005.943530853372067, 5555202.734730853699148, 417.79415 ], [ 346032.274714893195778, 5555185.72967631649226, 414.13863 ], [ 346125.519637778168544, 5555065.875757483765483, 437.71896 ], [ 346159.579608222120441, 5555041.527406657114625, 443.42032 ], [ 346328.790865702088922, 5554844.605095213279128, 463.94415 ], [ 346334.923460300196894, 5554799.254658848047256, 465.21445 ], [ 346286.960821821703576, 5554701.16536822821945, 464.3436 ], [ 346234.930555556202307, 5554452.095225835219026, 449.75253 ], [ 346202.307962141232565, 5554412.312524762935936, 445.74056 ], [ 346180.319421477383003, 5554312.140013131313026, 447.51501 ], [ 346105.002614106517285, 5554181.127424808219075, 458.82628 ], [ 346093.768485370790586, 5554126.486347927711904, 464.19056 ], [ 346092.526295375137124, 5554120.625112, 464.65437 ], [ 346443.451750021369662, 5554188.509716548025608, 465.69975 ], [ 346475.475112688960508, 5554237.323573338799179, 468.16149 ], [ 346606.787530793808401, 5554193.935911143198609, 464.93968 ], [ 346858.348747393349186, 5554376.971387380734086, 468.17637 ], [ 346872.954334028880112, 5554392.35171016305685, 468.94365 ], [ 346877.049699282390065, 5554445.307447780855, 470.89859 ], [ 346982.620213802205399, 5554532.068695778958499, 468.16893 ], [ 346996.413412752968725, 5554576.512707062065601, 465.40376 ], [ 347018.397711478173733, 5554624.727347278036177, 461.33085 ], [ 347106.524135984480381, 5554652.130778224207461, 453.51763 ], [ 347178.043166799761821, 5554564.296321644447744, 451.62519 ], [ 347253.45084219367709, 5554547.227025729604065, 447.98916 ], [ 347335.304284737561829, 5554492.923317642882466, 446.03467 ], [ 347378.245937015220989, 5554516.172665361315012, 444.53137 ], [ 347422.917427547392435, 5554557.39766873139888, 449.10236 ], [ 347582.208385917940177, 5554612.03624642174691, 452.30006 ], [ 347615.820078592339996, 5554601.729741812683642, 452.74259 ], [ 347643.070559723302722, 5554606.625788748264313, 453.85835 ], [ 347772.26277451752685, 5554659.459326704032719, 457.68754 ], [ 347831.90425485430751, 5554699.036438314244151, 461.57298 ], [ 347897.153325154213235, 5554704.518805496394634, 466.11239 ], [ 347958.280828949296847, 5554731.037028297781944, 468.15361 ], [ 347943.942673663026653, 5554624.521296333521605, 466.10444 ], [ 347973.925257164810318, 5554597.297182281501591, 463.88505 ], [ 347991.803693564084824, 5554569.528062885627151, 462.33332 ], [ 348024.595072342664935, 5554465.118526891805232, 460.24642 ], [ 348018.23983997607138, 5554430.362813668325543, 459.58699 ], [ 347999.540326226968318, 5554389.171749586239457, 458.56789 ], [ 347975.632473087287508, 5554366.042612903751433, 457.90212 ], [ 347966.231846122071147, 5554332.375108114443719, 458.03298 ], [ 347778.515470360056497, 5554291.998849229887128, 462.43139 ], [ 347687.009887699212413, 5554281.592828308232129, 455.03401 ], [ 347676.038852075929753, 5554208.026833270676434, 444.47311 ], [ 347684.070496371248737, 5554183.653243555687368, 441.84306 ], [ 347748.271953199524432, 5554087.023811778053641, 435.40306 ], [ 347810.614519815135282, 5554045.523860325105488, 432.02348 ], [ 347858.562492234341335, 5554043.59997842554003, 434.4565 ], [ 347892.087905758235138, 5554055.216823742724955, 437.01993 ], [ 347936.516206725151278, 5554090.444777994416654, 443.255 ], [ 347974.975290265749209, 5554076.887189854867756, 437.71121 ], [ 347980.252030812611338, 5554058.712126731872559, 434.71808 ], [ 348034.174901977705304, 5554030.472639828920364, 430.36243 ], [ 348078.91000553307822, 5554023.74666940420866, 430.4531 ], [ 348183.781330474885181, 5554018.536133692599833, 428.88737 ], [ 348217.263076108065434, 5554031.157604480162263, 424.02119 ], [ 348223.112471294763964, 5554100.975833867676556, 424.28891 ], [ 348297.782165772747248, 5554190.978036696091294, 432.31824 ], [ 348358.848581775208004, 5554192.579777205362916, 428.65917 ], [ 348403.038418851792812, 5554171.741547168232501, 426.14691 ], [ 348457.329493967117742, 5554103.55245444085449, 423.62378 ], [ 348706.403426222444978, 5554234.004079350270331, 449.44574 ], [ 348765.348857750301249, 5554234.00164497923106, 451.45709 ], [ 348926.265023385174572, 5554262.932305704802275, 454.08311 ], [ 348965.248005062865559, 5554277.961562661454082, 454.02113 ], [ 348985.244161520735361, 5554254.030317608267069, 454.52009 ], [ 348987.264391873206478, 5554236.949949321337044, 454.71435 ], [ 349107.196241991536226, 5554132.084936599247158, 454.9622 ], [ 349194.187227622256614, 5554041.06032987870276, 454.14354 ], [ 349302.112451495951973, 5553883.133655751124024, 446.27447 ], [ 349334.110231049009599, 5553909.155413539148867, 444.27777 ], [ 349424.046372298325878, 5553983.053483242169023, 439.0694 ], [ 349519.045588727283757, 5554031.108612534590065, 432.31565 ], [ 349772.936568534816615, 5554297.991238967515528, 420.47508 ], [ 349828.950858725234866, 5554348.92968585062772, 414.88041 ], [ 349884.921751479036175, 5554372.944551835767925, 409.81019 ], [ 349975.900329447933473, 5554453.942646890878677, 402.12799 ], [ 350002.836337562184781, 5554485.896084099076688, 396.62652 ], [ 349992.845754667418078, 5554524.89608324598521, 395.34729 ], [ 349974.705088437651284, 5554586.933977475389838, 394.71696 ], [ 349947.390858028200455, 5554627.979025426320732, 394.40718 ], [ 349990.407462415285408, 5554677.281902289018035, 393.32536 ], [ 350039.765099426149391, 5554761.342975215986371, 392.63196 ], [ 350066.576199522882234, 5554781.283913332037628, 392.86775 ], [ 350065.155076841474511, 5554794.341474676504731, 392.89105 ], [ 350193.896043313550763, 5554911.220288852229714, 393.96938 ], [ 350236.923612643731758, 5554935.602072244510055, 393.98055 ], [ 350267.885094283206854, 5554935.289081759750843, 395.83962 ], [ 350293.316492411540821, 5554995.323942393995821, 402.3378 ], [ 350354.570444902637973, 5555049.903193105943501, 412.33406 ], [ 350378.630131172365509, 5555050.897086478769779, 414.29958 ], [ 350438.883757273491938, 5555156.574261088855565, 419.05119 ], [ 350406.024537863908336, 5555333.956447754055262, 415.78654 ], [ 350435.621141280978918, 5555348.814156821928918, 418.06612 ], [ 350450.060082009411417, 5555384.235386531800032, 419.57548 ], [ 350478.446170621493366, 5555417.151604149490595, 423.17736 ], [ 350594.91060397576075, 5555502.562591983936727, 428.31115 ], [ 350945.747544845391531, 5555716.601547800935805, 430.76186 ], [ 351026.067136827507056, 5555599.201912019401789, 450.0384 ], [ 351051.04377939394908, 5555597.280312434770167, 451.7728 ], [ 351063.465508485154714, 5555583.693312996998429, 453.00913 ], [ 351260.461874335771427, 5555505.764081400819123, 457.35634 ], [ 351282.915417542273644, 5555515.930112193338573, 458.50622 ], [ 351293.769828295451589, 5555538.435827361419797, 459.35933 ], [ 351316.984758677659556, 5555542.572689088992774, 459.88657 ], [ 351361.245506628183648, 5555598.749200352467597, 459.63077 ], [ 351409.471904494799674, 5555627.890490794554353, 456.08147 ], [ 351444.61843150970526, 5555613.67121790535748, 451.89836 ], [ 351405.551740523951594, 5555579.601417578756809, 453.39648 ], [ 351387.385964842687827, 5555533.378252057358623, 450.38984 ], [ 351384.407069589127786, 5555444.452880810946226, 440.94872 ], [ 351398.633981749298982, 5555331.349566919729114, 428.91972 ], [ 351402.383709363173693, 5555263.153694966807961, 425.81425 ], [ 351419.983340212376788, 5555217.157820013351738, 419.46396 ], [ 351419.762902214075439, 5555286.256674630567431, 418.86728 ], [ 351422.779593484476209, 5555361.162149669602513, 421.33377 ], [ 351453.939262615982443, 5555439.956544918939471, 418.12384 ], [ 351537.010629334079567, 5555564.702464998699725, 419.77415 ], [ 351575.993846409372054, 5555588.094524004496634, 414.33969 ], [ 351679.997994246310554, 5555612.014352694153786, 414.13013 ], [ 351722.826969117973931, 5555632.296444748528302, 415.86843 ], [ 351788.312985969008878, 5555618.682283013127744, 415.03756 ], [ 351926.699812108592596, 5555551.975740539841354, 416.88478 ], [ 351977.068170955753885, 5555508.966120823286474, 416.40013 ], [ 352066.318142757285386, 5555390.334170697256923, 417.31991 ], [ 352080.191550045332406, 5555387.724133588373661, 419.82839 ], [ 352084.033868896774948, 5555407.644317542202771, 426.29176 ], [ 352113.960263236076571, 5555380.445752121508121, 430.05613 ], [ 352133.647382175899111, 5555347.634507692418993, 434.95876 ], [ 352131.323629020655062, 5555289.621364842168987, 434.34921 ], [ 352047.045767308445647, 5555084.904413630254567, 430.57153 ], [ 352012.843362155021168, 5555030.223462911322713, 432.63886 ], [ 351942.78778826596681, 5554979.986932688392699, 428.87982 ], [ 351826.457861239206977, 5554924.694826132617891, 428.51531 ], [ 351695.088900202536024, 5554891.964048333466053, 427.4866 ], [ 351615.115387519123033, 5554894.188389857299626, 428.6587 ], [ 351683.711552470689639, 5554858.346096383407712, 436.49507 ], [ 351703.692295366141479, 5554833.535822788253427, 435.89046 ], [ 351761.762625499861315, 5554833.256680697202682, 436.64604 ], [ 351901.361051099956967, 5554796.557001173496246, 426.8031 ], [ 351946.320589308277704, 5554769.719069798476994, 420.00733 ], [ 351951.634662688127719, 5554703.483254298567772, 417.82358 ], [ 352005.939585883868858, 5554660.253836833871901, 420.6944 ], [ 352069.402219532406889, 5554521.644046368077397, 428.75861 ], [ 352130.97369366424391, 5554459.189149503596127, 433.0499 ], [ 352035.059266520838719, 5554413.005821632221341, 438.14609 ], [ 351990.569195795920677, 5554451.734587465412915, 439.27008 ], [ 351969.747470724163577, 5554456.651490980759263, 440.44325 ], [ 351887.044155414507259, 5554414.888327891007066, 443.04885 ], [ 351805.727645425708033, 5554235.125660161487758, 433.7256 ], [ 351872.876844904967584, 5554113.322709563188255, 431.38441 ], [ 352034.148095623124391, 5554142.892761496827006, 433.66914 ], [ 352048.627696293988265, 5554154.284692227840424, 435.02609 ], [ 352069.592294718138874, 5554252.501808234490454, 439.64071 ], [ 352174.357480831968132, 5554295.325328560546041, 442.74249 ], [ 352240.71759680705145, 5554152.521187633275986, 433.22444 ], [ 352458.228104566689581, 5553789.581893868744373, 433.91723 ], [ 352826.919524751836434, 5553949.84754881169647, 437.53213 ], [ 352907.884865800384432, 5553998.682431886903942, 437.8955 ], [ 353199.369673798326403, 5554354.135299631394446, 439.16149 ], [ 353304.545964660472237, 5554506.002397894859314, 437.99148 ], [ 353311.24735599802807, 5554598.830148660577834, 440.62175 ], [ 353470.277691269118804, 5554844.567770837806165, 448.82691 ], [ 353482.569719664403237, 5554852.018170146271586, 449.43219 ], [ 353443.464454831788316, 5554917.73366651777178, 450.83884 ], [ 353465.489025608985685, 5554995.676907405257225, 452.65034 ], [ 353501.119719153386541, 5555040.42524522729218, 451.71196 ], [ 353586.814499578555115, 5555106.050800136290491, 444.33613 ], [ 353583.312475103302859, 5555119.164161062799394, 443.24712 ], [ 353672.216078677447513, 5555163.675094400532544, 423.96916 ], [ 353686.243568099336699, 5555190.10345202498138, 414.88307 ], [ 353751.096618594252504, 5555210.464945395477116, 399.66969 ], [ 353766.277865623822436, 5555239.865820710547268, 399.78543 ], [ 353822.189675174071454, 5555210.629709055647254, 394.79793 ], [ 353857.942700400657486, 5555205.199514705687761, 394.07915 ], [ 353905.682912594231311, 5555222.249054282903671, 392.5646 ], [ 353971.329700589936692, 5555237.696073116734624, 389.14347 ], [ 354017.929283182602376, 5555275.805559657514095, 385.23683 ], [ 354111.363078110851347, 5555161.990944204851985, 376.34131 ], [ 354260.092509835434612, 5555003.943925088271499, 374.13167 ], [ 354383.875060758669861, 5554895.869581156410277, 378.5811 ], [ 354379.083397691720165, 5554901.118248745799065, 377.98322 ], [ 354413.52108174120076, 5554886.715959333814681, 379.62193 ], [ 354414.898109615198337, 5554871.658619611524045, 381.68016 ], [ 354463.102549712872133, 5554850.650492866523564, 384.81965 ], [ 354383.649676992441528, 5554816.882946879602969, 390.25999 ], [ 354376.052786290645599, 5554701.048853026703, 417.35856 ], [ 354321.730064145871438, 5554545.214190152473748, 430.67686 ], [ 354403.466562412155326, 5554363.74695201870054, 421.66585 ], [ 354406.771498039131984, 5554196.548268855549395, 412.4579 ], [ 354367.090476727636997, 5554205.085619821213186, 410.14601 ], [ 354304.786716982838698, 5554173.632124128751457, 398.41852 ], [ 354242.927925713302102, 5554352.221252513118088, 384.14185 ], [ 354191.522551736910827, 5554392.343710167333484, 376.28777 ], [ 354130.99239718093304, 5554404.790555677376688, 371.01805 ], [ 353943.813234189641662, 5554230.119742969051003, 370.38134 ], [ 353940.24618777341675, 5554191.277194303460419, 369.35766 ], [ 353956.215232204180211, 5554139.661448953673244, 368.61292 ], [ 354004.592026182566769, 5554098.618337337858975, 369.83397 ], [ 354181.649460976943374, 5554096.557327182032168, 372.66279 ], [ 354245.291674018953927, 5554087.920214004814625, 371.36729 ], [ 354247.877468049060553, 5554077.836400006897748, 371.08502 ], [ 354254.114154180104379, 5554083.562657848931849, 373.20997 ], [ 354270.617628847656306, 5554095.906421266496181, 379.27151 ], [ 354278.862909932737239, 5554075.654865853488445, 378.34537 ], [ 354267.197937763703521, 5554009.997866091318429, 368.00854 ], [ 354283.221158458036371, 5553986.418662846088409, 367.9067 ], [ 354393.601758125587367, 5553894.844204509630799, 366.91659 ], [ 354459.087369075685274, 5553880.262828355655074, 369.1216 ], [ 354498.68071581562981, 5553894.647646151483059, 368.28506 ], [ 354592.355343743227422, 5553958.959283579140902, 367.1116 ], [ 354644.24982450006064, 5554080.92920642066747, 366.62685 ], [ 354658.143426779948641, 5554152.422722248360515, 372.30177 ], [ 354712.300183432758786, 5554205.240954195149243, 364.88607 ], [ 354739.521373870724346, 5554259.238102613016963, 370.35189 ], [ 354755.68949571531266, 5554264.58323369268328, 367.945 ], [ 354767.783672762801871, 5554291.066888640634716, 374.0766 ], [ 354841.410727009351831, 5554305.083904298953712, 369.53506 ], [ 354872.701374234224204, 5554287.877781393937767, 363.12727 ], [ 354914.000078566896264, 5554244.143041023984551, 354.24816 ], [ 355010.537975295213982, 5554256.315513709560037, 349.08318 ], [ 355027.09347382071428, 5554270.662719094194472, 350.97257 ], [ 355060.509044563223142, 5554255.291351073421538, 349.71357 ], [ 355079.253979945322499, 5554247.550407069735229, 347.41823 ], [ 355076.50463723775465, 5554230.602827835828066, 348.68646 ], [ 355101.803556220140308, 5554187.638086190447211, 354.00985 ], [ 355098.305248089251108, 5554174.716080809943378, 357.45125 ], [ 355033.709029528021347, 5554211.405630161054432, 358.87219 ], [ 355053.327696811640635, 5554151.572736883535981, 367.51347 ], [ 355049.387248530751094, 5554127.648361099883914, 364.58538 ], [ 354976.613677731598727, 5554084.567189507186413, 376.74965 ], [ 354917.274642107426189, 5554027.882037819363177, 384.47293 ], [ 354834.307819290785119, 5553831.100461062043905, 391.56264 ], [ 354840.435285112122074, 5553782.870808637700975, 389.89125 ], [ 354872.580932632379699, 5553736.492309659719467, 386.59593 ], [ 354876.519763603922911, 5553710.351094194687903, 386.24797 ], [ 354864.242049101507291, 5553629.801398543640971, 388.48479 ], [ 354770.31703378946986, 5553632.579598723910749, 393.99445 ], [ 354752.901037896925118, 5553597.228963281027973, 394.03408 ], [ 354771.776931054075249, 5553444.404593633487821, 391.98624 ], [ 354797.479818091262132, 5553387.297927435487509, 387.74301 ], [ 354814.399206626461819, 5553409.645185398869216, 383.85578 ], [ 354820.080607618379872, 5553426.512887589633465, 382.68003 ], [ 354806.218231160310097, 5553456.039338067173958, 386.32232 ], [ 354821.288909836905077, 5553481.440846042707562, 383.99898 ], [ 354836.849175295210443, 5553545.880189992487431, 382.73607 ], [ 354853.505928840837441, 5553561.225518027320504, 382.13438 ], [ 354860.886605030682404, 5553545.89383533410728, 379.46189 ], [ 354849.233861181186512, 5553530.412357066757977, 379.87211 ], [ 354851.294080469175242, 5553506.213602565228939, 378.80788 ], [ 354896.422081461059861, 5553458.369654054753482, 365.90102 ], [ 354877.91731699887896, 5553396.124124144203961, 366.50866 ], [ 354882.640181275433861, 5553340.923628552816808, 366.07532 ], [ 354917.349456435069442, 5553283.461452735587955, 371.86731 ], [ 354938.892794496845454, 5553270.6375478701666, 371.95386 ], [ 355054.626506713218987, 5553261.929879810661077, 362.23157 ], [ 355178.449403806356713, 5553205.943756744265556, 359.45 ], [ 355206.222071739146486, 5553174.817142932675779, 361.7956 ], [ 355320.035061191592831, 5553095.185994633473456, 346.25745 ], [ 355324.898387237568386, 5553015.950998675078154, 343.13659 ], [ 355315.41718940762803, 5552980.272289728745818, 342.97136 ], [ 355267.284783381037414, 5552928.174434201791883, 349.23654 ], [ 355234.581667585996911, 5552909.4803267121315, 349.24175 ], [ 355197.328273595310748, 5552905.039413947612047, 350.33316 ], [ 355095.923702391213737, 5552920.029927101917565, 358.38152 ], [ 355075.526833975571208, 5552911.905772826634347, 358.8574 ], [ 355057.235819934518076, 5552878.58055264223367, 355.03731 ], [ 355013.922070977801923, 5552872.302878371439874, 358.24208 ], [ 354997.948574684560299, 5552847.926654937677085, 359.18031 ], [ 355290.186846034601331, 5552675.113144625909626, 344.51504 ], [ 355348.9070891176234, 5552692.76868929900229, 339.80469 ], [ 355361.260962525848299, 5552652.270443881861866, 333.9459 ], [ 355356.937268482055515, 5552619.455818234011531, 327.08501 ], [ 355415.433995179482736, 5552605.076435375027359, 314.32077 ], [ 355413.991870091529563, 5552594.101156188175082, 313.77781 ], [ 355459.389602155075409, 5552516.104954060167074, 288.43005 ], [ 355495.480513422342483, 5552488.092549649998546, 280.08944 ], [ 355521.94380928092869, 5552485.03980256523937, 272.72808 ], [ 355559.052800462581217, 5552417.949496821500361, 273.51937 ], [ 355547.579404161544517, 5552382.658114339224994, 275.40187 ], [ 355578.005457929859404, 5552367.37154782563448, 272.76238 ], [ 355548.317723777203355, 5552301.532633069902658, 262.2533 ], [ 355535.076315802638419, 5552296.105677581392229, 265.06263 ], [ 355475.704183157416992, 5552336.42989909928292, 263.12986 ], [ 355472.752970069006551, 5552351.640607850626111, 263.40978 ], [ 355450.450426607218105, 5552341.8977175001055, 269.32474 ], [ 355392.198666498879902, 5552449.947482848539948, 261.55296 ], [ 355374.312284848536365, 5552452.65721021220088, 262.19347 ], [ 355357.888064519094769, 5552443.311724129132926, 263.02278 ], [ 355346.123165591445286, 5552423.715714578516781, 262.55291 ], [ 355345.908819325617515, 5552394.683697682805359, 261.19111 ], [ 355381.671181514975615, 5552312.275266225449741, 269.24841 ], [ 355399.853056528430898, 5552217.437648858875036, 261.92702 ], [ 355409.059598561900202, 5552198.052244118414819, 261.30224 ], [ 355454.699497369700111, 5552163.21693061105907, 265.61028 ], [ 355490.915250195597764, 5552168.800506796687841, 281.44994 ], [ 355603.870917334221303, 5552141.156356979161501, 304.33672 ], [ 355632.800092009361833, 5552163.070076771080494, 307.50633 ], [ 355672.468040706997272, 5552153.430740587413311, 312.58495 ], [ 355801.372488496825099, 5552149.279587307013571, 321.11769 ], [ 355911.267454181157518, 5552169.898311230354011, 332.86552 ], [ 356014.125921263708733, 5552165.787849095650017, 350.02378 ], [ 356101.312317158619408, 5552119.157284838147461, 365.6624 ], [ 356134.743949470517691, 5552079.873143865726888, 374.25651 ], [ 356233.576056320103817, 5552098.905313199386001, 376.15058 ], [ 356282.356415328104049, 5551967.868401667103171, 397.33083 ], [ 356655.40610970830312, 5552162.992247195914388, 401.88521 ], [ 356716.618966603768058, 5552217.532473596744239, 398.19724 ], [ 356826.802682386129163, 5552345.188975173979998, 399.70312 ], [ 356909.876070248894393, 5552395.918559407815337, 402.57925 ], [ 357105.259512541932054, 5552451.095568049699068, 409.68207 ], [ 357163.792793788423296, 5552488.69040925335139, 410.54521 ], [ 357189.970330169715453, 5552493.663919322192669, 411.12732 ] ] ] } },
{ "type": "Feature", "properties": { "name": "Maare-und-Thermen-Pfad (Mehrtagestour)", "km": 34.95, "darstell": "F1" }, "geometry": { "type": "MultiLineString", "coordinates": [ [ [ 355546.486836253490765, 5565064.217309351079166, 432.19588 ], [ 355678.110772050684318, 5564879.847839566878974, 431.94373 ], [ 355785.554763008258305, 5564664.318096151575446, 431.1028 ], [ 355776.018534995731898, 5564378.532346905209124, 435.13531 ], [ 355739.985378608340397, 5564302.964265970513225, 439.22014 ], [ 355735.136070301057771, 5564232.113204692490399, 442.27672 ], [ 355696.918527529458515, 5564228.699838138185441, 443.21021 ], [ 355703.553714060341008, 5564094.34259567130357, 440.30519 ], [ 355717.414366531127598, 5564015.752142458222806, 432.65781 ], [ 355796.374601218558382, 5563915.480997392907739, 424.09086 ], [ 355883.405916866729967, 5563888.978899574838579, 424.82483 ], [ 355928.192224302678369, 5563908.12561625149101, 423.63583 ], [ 355937.387354374979623, 5563891.744150311686099, 423.9053 ], [ 355931.421524638135452, 5563885.007777240127325, 425.28014 ], [ 355917.29800956370309, 5563877.602350456640124, 426.85743 ], [ 355905.6123100357363, 5563870.575939325615764, 427.41037 ], [ 355895.813796133850701, 5563862.052065714262426, 427.42262 ], [ 355904.808046089077834, 5563840.891902461647987, 430.1757 ], [ 355909.780907466018107, 5563813.610273280180991, 433.14571 ], [ 355916.440959337982349, 5563790.621996249072254, 435.29639 ], [ 355932.992841292871162, 5563787.503421186469495, 440.35673 ], [ 355944.936043470283039, 5563790.851418129168451, 441.82971 ], [ 355957.051119228359312, 5563792.63717809971422, 441.98536 ], [ 355974.529632310615852, 5563786.823451400734484, 442.5716 ], [ 355969.499117298051715, 5563785.624590325169265, 443.2662 ], [ 355962.365194296231493, 5563788.487977342680097, 442.88184 ], [ 355952.376426544447895, 5563788.758510860614479, 442.78497 ], [ 355944.851726191234775, 5563787.738485502079129, 442.27833 ], [ 355919.742192890727893, 5563785.970994030125439, 436.17156 ], [ 355918.428941764985211, 5563779.66487923450768, 435.34841 ], [ 355917.885462780599482, 5563772.78162192646414, 434.60146 ], [ 355952.686774694942869, 5563671.039446601644158, 423.6626 ], [ 355920.527180756500456, 5563667.348975798115134, 420.89699 ], [ 355784.698116265819408, 5563600.715310587547719, 427.4448 ], [ 355663.549704295641277, 5563572.626838328316808, 439.25861 ], [ 355649.894103243481368, 5563556.197476572357118, 440.79089 ], [ 355654.608208337798715, 5563500.996851626783609, 441.64177 ], [ 355625.177357559325173, 5563440.047458281740546, 446.11352 ], [ 355606.879899706691504, 5563407.834294846281409, 447.59704 ], [ 355561.490772762103006, 5563374.576652526855469, 449.61777 ], [ 355558.814654761459678, 5563207.651063185185194, 452.75268 ], [ 355536.470210817293264, 5563076.417122579179704, 457.43204 ], [ 355555.911930199945346, 5562987.661629044450819, 454.44416 ], [ 355568.354760058165994, 5562698.943309465423226, 448.25508 ], [ 355636.203028487332631, 5562620.111436068080366, 446.56549 ], [ 355658.553623855230398, 5562554.196713237091899, 447.46364 ], [ 355650.671827389101963, 5562308.419679887592793, 457.78549 ], [ 355630.487633625743911, 5562304.18320487998426, 458.24801 ], [ 355412.515187976881862, 5562109.837518028914928, 457.02938 ], [ 355369.084847890480887, 5562025.571672132238746, 453.25708 ], [ 355323.053625950065907, 5561974.420453710481524, 449.64221 ], [ 355253.771182836964726, 5561969.183992132544518, 440.46356 ], [ 355202.998283251887187, 5561951.206364594399929, 434.47668 ], [ 355181.603243836609181, 5561892.042964686639607, 437.54757 ], [ 355127.903009983594529, 5561874.145672334358096, 429.48883 ], [ 355104.475699734990485, 5561840.070944182574749, 428.68303 ], [ 355025.170749544980936, 5561784.265253550373018, 419.61997 ], [ 355021.23328614392085, 5561760.340743616223335, 422.36616 ], [ 355043.968814757652581, 5561703.424787416122854, 435.19565 ], [ 355040.323838181211613, 5561687.614148441702127, 436.84679 ], [ 354890.887390995805617, 5561679.559426126070321, 406.26595 ], [ 354859.45173754618736, 5561668.845772019587457, 399.48397 ], [ 354845.721976775443181, 5561626.385756189934909, 408.90606 ], [ 354841.837187485187314, 5561528.473107217811048, 416.94552 ], [ 354814.409387997002341, 5561494.508629771880805, 408.51893 ], [ 354807.317157334531657, 5561417.822576905600727, 405.60617 ], [ 354746.311960165738128, 5561394.231449203565717, 388.37109 ], [ 354718.9269720443408, 5561359.264917171560228, 383.62751 ], [ 354701.020474678603932, 5561313.02517004031688, 383.40412 ], [ 354702.245656548766419, 5561268.933388695120811, 388.95025 ], [ 354677.414607058512047, 5561222.882734183222055, 384.74676 ], [ 354653.051329988404177, 5561065.78348530922085, 371.72725 ], [ 354684.4905242115492, 5560851.420302149839699, 369.87868 ], [ 354706.603321918635629, 5560779.500138414092362, 365.10665 ], [ 354727.433268658875022, 5560749.559484170749784, 362.6541 ], [ 354716.00221657298971, 5560739.079377555288374, 361.24583 ], [ 354682.915287926094607, 5560639.29365922883153, 357.51375 ], [ 354659.469643931544852, 5560602.217106642201543, 358.22231 ], [ 354789.484889398445375, 5560551.940837483853102, 357.7403 ], [ 354821.392561493325047, 5560524.702463087625802, 357.68521 ], [ 354991.535174593678676, 5560276.63314544223249, 364.60804 ], [ 355042.556748210103251, 5560250.655832849442959, 362.03584 ], [ 355192.707484991580714, 5560128.525641744025052, 355.60962 ], [ 355234.316856687830295, 5560042.727116879075766, 351.46087 ], [ 355102.786098389769904, 5559882.978282851167023, 357.98793 ], [ 355087.290286502568051, 5559846.573632529005408, 358.02818 ], [ 355088.465432716649957, 5559800.480940368957818, 354.38331 ], [ 355113.796928228577599, 5559783.436781384982169, 349.96589 ], [ 355124.670284935506061, 5559754.992752822116017, 348.55902 ], [ 355055.614920019870624, 5559580.63957863394171, 353.31115 ], [ 355052.783402831060812, 5559510.735525907017291, 353.76562 ], [ 355074.727670449996367, 5559434.816855697892606, 356.83493 ], [ 355129.715993897872977, 5559383.58863901719451, 347.69062 ], [ 355136.826256852014922, 5559361.254969337955117, 346.52795 ], [ 355126.793363583798055, 5559286.651488281786442, 345.61793 ], [ 355113.918260312348139, 5559265.195222524926066, 346.74692 ], [ 354968.577889347390737, 5559207.959143874235451, 350.0506 ], [ 354870.19695633254014, 5559200.959518712945282, 354.38348 ], [ 354831.694259717129171, 5559188.435327685438097, 355.61426 ], [ 354800.150377391255461, 5559150.688667624257505, 354.55722 ], [ 354778.212272596429102, 5559103.557119141332805, 355.15971 ], [ 354773.307960678241216, 5559054.737353294156492, 354.95889 ], [ 354808.559914963436313, 5558911.254998640157282, 353.04855 ], [ 354836.373735131171998, 5558833.061503667384386, 355.26416 ], [ 355100.101965698529966, 5558623.281109475530684, 338.29245 ], [ 355127.241333068814129, 5558575.25855646468699, 339.43691 ], [ 355177.376263178884983, 5558529.169910165481269, 341.60028 ], [ 355185.307781396666542, 5558502.808808776549995, 345.23739 ], [ 355247.007269302033819, 5558469.312385385856032, 336.33523 ], [ 355256.80765496758977, 5558538.025654711760581, 336.71113 ], [ 355269.034516357234679, 5558543.478846768848598, 336.4063 ], [ 355273.149301686091349, 5558571.292649258859456, 336.3745 ], [ 355329.032751891587395, 5558642.091984098777175, 340.34412 ], [ 355328.528992779436521, 5558655.122768553905189, 341.04409 ], [ 355393.083220878383145, 5558642.578076322562993, 350.00275 ], [ 355413.594107151729986, 5558655.705979445949197, 355.36925 ], [ 355445.696870554413181, 5558632.472063629887998, 363.55373 ], [ 355426.265080354758538, 5558472.121499160304666, 367.44393 ], [ 355390.454605805804022, 5558403.557682302780449, 362.52541 ], [ 355244.940271979547106, 5558243.293677674606442, 344.03083 ], [ 355205.748512472491711, 5558189.842556697316468, 339.19394 ], [ 355194.399085368146189, 5558156.217520980164409, 336.7476 ], [ 355185.69648141565267, 5558038.521287619136274, 336.29012 ], [ 355253.832643411704339, 5558041.787686252966523, 351.30616 ], [ 355380.747655246057548, 5558111.771105915307999, 376.82703 ], [ 355470.521025794267189, 5558180.205890909768641, 388.83195 ], [ 355502.029606317810249, 5558192.924617232754827, 391.454 ], [ 355474.583594668132719, 5558105.998488761484623, 389.55182 ], [ 355385.908752073068172, 5558017.507492708042264, 384.949 ], [ 355294.366164675331675, 5557955.129911666736007, 365.36593 ], [ 355337.0429869343061, 5557897.341185021214187, 377.12391 ], [ 355350.452309103100561, 5557806.747625687159598, 367.86256 ], [ 355429.182367219706066, 5557773.570286229252815, 369.26451 ], [ 355496.673177178017795, 5557760.836438896134496, 364.26918 ], [ 355546.069704032503068, 5557768.842702471651137, 364.15531 ], [ 355685.057493833941408, 5557817.367381637915969, 361.02501 ], [ 355784.153593056835234, 5557868.421433568932116, 367.31896 ], [ 355804.262934472062625, 5557845.514614203944802, 366.88502 ], [ 355797.160220334830228, 5557717.761649732477963, 363.7493 ], [ 355976.816013682051562, 5557681.528599034063518, 386.81591 ], [ 355935.079289537854493, 5557465.039080214686692, 388.60567 ], [ 355894.103549603256397, 5557366.683631983585656, 390.40348 ], [ 355769.087485092750285, 5557319.666321044787765, 390.7055 ], [ 355647.729380639735609, 5557336.525377849116921, 393.12303 ], [ 355520.427717692102306, 5557405.727824971079826, 393.2644 ], [ 355440.16864143894054, 5557424.926622343249619, 396.30463 ], [ 355413.022832266520709, 5557422.992879373021424, 395.41719 ], [ 355401.657982208533213, 5557412.509304038248956, 393.98834 ], [ 355372.687727886077482, 5557190.558947806246579, 396.38469 ], [ 355390.053540018096101, 5557100.748406336642802, 408.45495 ], [ 355358.456944791134447, 5557085.028508633375168, 408.33107 ], [ 355327.437591210473329, 5557085.314126962795854, 406.26038 ], [ 355303.061968691588845, 5557101.218048427253962, 401.64309 ], [ 355277.780012364208233, 5557144.293417019769549, 388.63556 ], [ 355276.690418232115917, 5557167.353213030844927, 383.19847 ], [ 355293.389657909050584, 5557184.700907929800451, 383.73251 ], [ 355286.59912147349678, 5557190.003108785487711, 380.84993 ], [ 355194.103624742478132, 5557103.620970505289733, 374.03375 ], [ 355142.707395970704965, 5557069.637840096838772, 358.20108 ], [ 355158.747020362934563, 5556946.930340561084449, 356.69374 ], [ 355155.304238104145043, 5556786.034863366745412, 336.63714 ], [ 355173.41803181101568, 5556763.291258724406362, 340.71349 ], [ 355176.343548340722919, 5556663.080421508289874, 331.9091 ], [ 355301.447136657836381, 5556364.85219740588218, 332.06513 ], [ 355303.294391736562829, 5556311.732535613700747, 326.79721 ], [ 355324.817098825064022, 5556224.813113459385931, 320.77754 ], [ 355344.519885477959178, 5556192.014001146890223, 319.27359 ], [ 355373.63704443234019, 5556168.861429749988019, 319.30201 ], [ 355413.09436999441823, 5556155.219186074100435, 319.96497 ], [ 355552.532960243406706, 5556139.646234576590359, 323.06404 ], [ 355591.939710851758718, 5556124.115353045985103, 324.80755 ], [ 355824.780115280242171, 5555942.584999560378492, 320.9242 ], [ 355887.421890243771486, 5555932.102229743264616, 321.44712 ], [ 355967.162882720353082, 5555974.894978450611234, 326.47965 ], [ 355941.989594353013672, 5555921.838352166116238, 320.50136 ], [ 356025.020321561954916, 5555845.499054420739412, 317.29854 ], [ 356122.177108650503214, 5555823.517911709845066, 317.77589 ], [ 356275.557639047503471, 5555831.396895470097661, 315.21409 ], [ 356301.230683782021515, 5555847.393298242241144, 315.84329 ], [ 356318.261913719587028, 5555871.744362147524953, 313.49009 ], [ 356346.708040797384456, 5556006.598679326474667, 317.17119 ], [ 356401.914766819507349, 5556086.439449363388121, 319.77932 ], [ 356435.230919589288533, 5556118.140145628713071, 320.88912 ], [ 356568.894660987658426, 5556182.853467186912894, 321.09193 ], [ 356603.000507321208715, 5556209.416139958426356, 317.60895 ], [ 356529.998453327163588, 5556533.576707903295755, 331.08086 ], [ 356558.352686509082559, 5556617.479258837178349, 331.30473 ], [ 356629.562537431367673, 5556670.635082033462822, 325.37712 ], [ 356649.381699495250359, 5556665.874341290444136, 323.60854 ], [ 356664.937540505256038, 5556630.1879938011989, 322.59593 ], [ 356727.035299540148117, 5556607.71379632037133, 323.7283 ], [ 356730.524882718571462, 5556495.474417432211339, 328.82558 ], [ 356787.611863017140422, 5556273.098376594483852, 334.63058 ], [ 356766.039679907087702, 5556233.959724290296435, 332.89648 ], [ 356729.644695039489307, 5556199.335920169949532, 329.89865 ], [ 356720.71478969452437, 5556151.736049946397543, 335.55025 ], [ 356695.140417130663991, 5556112.705206258222461, 339.44771 ], [ 356642.488216533442028, 5556071.843615517020226, 341.72121 ], [ 356572.271234998421278, 5556042.580561516806483, 335.51308 ], [ 356531.310992960818112, 5555995.175166079774499, 338.22809 ], [ 356534.553343468345702, 5555926.999483720399439, 353.46346 ], [ 356559.266370331170037, 5555894.070450067520142, 346.5254 ], [ 356625.729134774534032, 5555879.377185763791203, 350.14747 ], [ 356686.315919936867431, 5555842.925378566607833, 357.51566 ], [ 356723.588295122433919, 5555774.391649257391691, 357.82261 ], [ 356743.871343793114647, 5555757.492120974697173, 357.01199 ], [ 356895.33464967663167, 5555816.506613717414439, 352.38637 ], [ 357105.389757175929844, 5555713.969909345731139, 345.28916 ], [ 357158.704991558915935, 5555696.854433090426028, 346.58163 ], [ 357268.334334592451341, 5555686.464646094478667, 348.33912 ], [ 357272.69043253257405, 5555670.216088674031198, 345.08349 ], [ 357264.172345902421512, 5555656.537242940627038, 343.89571 ], [ 357169.420180275454186, 5555640.3836450567469, 335.56112 ], [ 357135.098651594656985, 5555533.7195466440171, 352.55575 ], [ 357124.572081396181602, 5555421.077800494618714, 367.11437 ], [ 357206.623879162012599, 5555320.641989892348647, 372.28495 ], [ 357224.832117645069957, 5555276.876337925903499, 374.37965 ], [ 357178.992322799516842, 5555180.755795414559543, 377.95244 ], [ 357129.977013657335192, 5555131.670215157791972, 379.24143 ], [ 357152.282703886390664, 5555088.684605181217194, 380.80531 ], [ 357135.05075308913365, 5555083.472189312800765, 380.55537 ], [ 357069.779883518000133, 5555103.021854851394892, 370.56443 ], [ 356963.799998757487629, 5555079.27325963973999, 354.37014 ], [ 356928.383816282672342, 5555094.686400383710861, 353.79307 ], [ 356900.847858025634196, 5555131.916846219450235, 348.26994 ], [ 356863.004418573342264, 5555235.398398472927511, 337.73218 ], [ 356844.67526036046911, 5555253.24619759619236, 334.22062 ], [ 356814.768260710057802, 5555255.38416407443583, 329.4238 ], [ 356793.355611286009662, 5555246.279921527951956, 327.13137 ], [ 356724.117376140202396, 5555142.002118584699929, 342.5795 ], [ 356694.950595982838422, 5555137.111759297549725, 342.44003 ], [ 356629.888314975542016, 5555137.74788870383054, 343.88206 ], [ 356580.391709811519831, 5555150.760561417788267, 343.75129 ], [ 356462.865062096272595, 5555213.555410617031157, 340.78374 ], [ 356443.754098255420104, 5555210.287130001932383, 346.2404 ], [ 356428.641739909071475, 5555182.880065700039268, 355.45558 ], [ 356415.114555126754567, 5555121.386157534085214, 357.60828 ], [ 356393.714771679835394, 5555086.249312890693545, 354.73235 ], [ 356355.569058543536812, 5555058.683907774277031, 347.5268 ], [ 356325.113048052880913, 5555021.899891505949199, 352.13575 ], [ 356169.319105998729356, 5554806.035270728170872, 336.89452 ], [ 356112.208358879259322, 5554754.284143516793847, 330.94082 ], [ 356021.957262735930271, 5554698.977814068086445, 327.53425 ], [ 355999.797930970904417, 5554696.794617754407227, 324.679 ], [ 355942.449324495857581, 5554713.140231931582093, 319.31591 ], [ 355919.363895520102233, 5554711.093638787046075, 328.28298 ], [ 355897.710776075487956, 5554695.88024393375963, 331.96812 ], [ 355858.256301289889961, 5554609.499103298410773, 315.73343 ], [ 355831.548525685444474, 5554518.434698490425944, 324.6039 ], [ 355648.725107946374919, 5554351.710846142843366, 318.39594 ], [ 355659.054565702797845, 5554334.297894950024784, 316.9732 ], [ 355714.887114350683987, 5554304.083393675275147, 315.09663 ], [ 355783.885195337759797, 5554279.29888079315424, 315.20485 ], [ 355996.492832562013064, 5554314.720056556165218, 339.01465 ], [ 356069.483348189736716, 5554339.785333709791303, 344.35498 ], [ 356095.464265179121867, 5554337.749328481964767, 343.39303 ], [ 356084.431538051459938, 5554313.236939349211752, 342.75172 ], [ 356113.905353800626472, 5554324.012458257377148, 346.46117 ], [ 356109.384942697302904, 5554310.227427496574819, 348.9098 ], [ 356042.911429892061278, 5554274.861452968791127, 342.48161 ], [ 356016.817330040270463, 5554248.864302097819746, 344.48176 ], [ 355959.171048731077462, 5554233.175860175862908, 337.39577 ], [ 355917.197055616765283, 5554209.833081648685038, 335.8223 ], [ 355928.001861623022705, 5554154.358373848721385, 338.74352 ], [ 355925.884956616559066, 5554102.459072924219072, 347.79979 ], [ 355883.503216200741008, 5554019.049362960271537, 345.27454 ], [ 355959.606256576022133, 5553994.965459102764726, 351.30235 ], [ 355921.077708270633593, 5553908.558773654513061, 346.78187 ], [ 355827.038578938459978, 5553859.253935236483812, 333.94325 ], [ 355826.874507529544644, 5553755.234142588451505, 343.26381 ], [ 355790.313831054721959, 5553667.662527605891228, 328.28063 ], [ 355811.477425248769578, 5553595.775571372359991, 318.93293 ], [ 355840.165712611167692, 5553537.592405744828284, 317.72232 ], [ 355843.639101953594945, 5553499.337831117212772, 314.5451 ], [ 355860.907530682219658, 5553505.657929330132902, 321.03113 ], [ 355873.108666153741069, 5553536.257451104931533, 328.51737 ], [ 355896.319534161826596, 5553516.27204966545105, 331.57662 ], [ 355946.713118850078899, 5553451.161819204688072, 342.05813 ], [ 355949.694376500672661, 5553376.095019849017262, 343.09202 ], [ 355922.78692566807149, 5553328.091482205316424, 343.46746 ], [ 355763.031977533828467, 5553211.472213605418801, 336.52044 ], [ 355753.940385364810936, 5553184.794053632766008, 341.19455 ], [ 355764.353842171491124, 5553170.383097060956061, 345.6565 ], [ 355994.302673429949209, 5553266.194260967895389, 362.01682 ], [ 356078.272764102672227, 5553262.816333242692053, 370.62912 ], [ 356107.805067393113859, 5553251.673156058415771, 369.92608 ], [ 356188.032204684161115, 5553255.406986120156944, 366.76866 ], [ 356310.782569775707088, 5553273.461314628832042, 363.11847 ], [ 356428.067413356737234, 5553303.792288185097277, 345.46855 ], [ 356456.547602725739125, 5553338.627749026753008, 343.62542 ], [ 356469.9919917221996, 5553325.138000964187086, 342.19186 ], [ 356457.955432104470674, 5553300.540613411925733, 338.42908 ], [ 356383.638559898594394, 5553242.573664003051817, 335.26793 ], [ 356311.125135888811201, 5553206.476409479044378, 331.31608 ], [ 356286.715293249115348, 5553171.420782732777297, 322.24367 ], [ 356151.01400599302724, 5553081.733736151829362, 321.17288 ], [ 356134.223965263692662, 5553037.461665289476514, 328.40475 ], [ 356127.791540562699083, 5552976.667109062895179, 340.66993 ], [ 356155.55001041921787, 5552870.448759375140071, 360.27545 ], [ 356312.840935797197744, 5552651.044149414636195, 397.61063 ], [ 356308.096165623806883, 5552658.180962425656617, 397.32228 ], [ 356312.840935797197744, 5552651.044149414636195, 397.61063 ], [ 356078.069223027327098, 5552512.403912929818034, 384.07942 ], [ 356066.100762646528892, 5552487.805441589094698, 382.49575 ], [ 356070.019777278997935, 5552460.664710005745292, 383.30435 ], [ 356091.852510906290263, 5552431.8171779923141, 382.10674 ], [ 356059.818738180270884, 5552406.090898242779076, 373.95866 ], [ 356069.386087964754552, 5552394.707373851910233, 369.16537 ], [ 356159.534775927080773, 5552397.061284055933356, 358.54066 ], [ 356287.444563346565701, 5552443.903256852179766, 361.63646 ], [ 356345.290646537090652, 5552487.626933725550771, 366.14541 ], [ 356432.625254641636275, 5552521.101261965930462, 363.87486 ], [ 356532.58943961863406, 5552617.207778687588871, 378.19825 ], [ 356576.831177256943192, 5552647.392637817189097, 383.06912 ], [ 356623.487486494996119, 5552663.60611875820905, 386.38043 ], [ 356746.141942913236562, 5552677.668383101001382, 388.61825 ], [ 356875.371182404691353, 5552731.497535183094442, 397.44377 ], [ 356945.603111647360492, 5552511.555679515004158, 405.92753 ], [ 357150.198296673595905, 5552598.305995459668338, 409.94731 ], [ 357171.526135018677451, 5552582.493375788442791, 410.78571 ], [ 357185.458411262719892, 5552530.943580785766244, 411.08017 ], [ 357189.970330169715453, 5552493.663919322192669, 411.12732 ], [ 357231.818600048893131, 5552487.982981917448342, 411.67003 ], [ 357181.26505475473823, 5552425.030426246114075, 410.11146 ], [ 357162.173371319542639, 5552374.698069768957794, 408.94758 ], [ 357250.110569371376187, 5552321.168670586310327, 405.43707 ], [ 357306.720297338441014, 5552211.849792462773621, 386.45226 ], [ 357323.01287758682156, 5552144.105554085224867, 376.45793 ], [ 357394.536667017149739, 5552156.323628266341984, 374.07959 ], [ 357391.2772728530108, 5552050.385604611597955, 372.25679 ], [ 357367.512267638696358, 5552031.32855318672955, 369.20152 ], [ 357353.424781099311076, 5552004.892739972099662, 367.19656 ], [ 357353.830239368078765, 5551963.829161733388901, 366.47568 ], [ 357412.856799267698079, 5551789.363601041026413, 354.0248 ], [ 357424.302449590351898, 5551775.818704958073795, 353.82417 ], [ 357537.479931783978827, 5551828.313095226883888, 369.65669 ], [ 357735.949301588581875, 5551738.356627555564046, 380.2669 ], [ 357703.946645458112471, 5551713.621153326705098, 378.26867 ], [ 357689.117784829693846, 5551568.051594546996057, 361.20784 ], [ 357764.320198782195803, 5551573.056633689440787, 362.12036 ], [ 357772.095107605913654, 5551566.730567323975265, 361.81727 ], [ 357767.198205150547437, 5551519.912009110674262, 361.0133 ], [ 357747.182809267716948, 5551469.713608490303159, 364.88332 ], [ 357567.393297642003745, 5551401.858002250082791, 348.87586 ], [ 357489.78137375973165, 5551362.987517300993204, 343.84074 ], [ 357421.794796269503422, 5551365.692533900029957, 333.18746 ], [ 357398.383846769982483, 5551354.636061105877161, 331.2364 ], [ 357298.183143009315245, 5551276.653925242833793, 325.48572 ], [ 357248.87700951541774, 5551220.564794520847499, 319.49108 ], [ 357235.530332446855027, 5551088.084347111172974, 310.66209 ], [ 357240.374827110208571, 5551057.805003931745887, 308.55461 ], [ 357272.643792644492351, 5550990.523825218901038, 306.09555 ], [ 357387.329999328008853, 5550881.768681203015149, 304.89248 ], [ 357393.696993535151705, 5550865.578108815476298, 307.90617 ], [ 357344.182063017040491, 5550753.532918787561357, 305.18598 ], [ 357229.870573162799701, 5550597.939554203301668, 296.64014 ], [ 357224.763364299433306, 5550546.120515842922032, 293.31215 ], [ 357271.198664384079166, 5550505.273019002750516, 285.8883 ], [ 357300.003122671041638, 5550501.05447322782129, 283.85076 ], [ 357449.532912675465923, 5550536.11145989689976, 283.79934 ], [ 357534.448257041629404, 5550582.686042348854244, 290.7783 ], [ 357564.203383741551079, 5550576.552239664830267, 293.07311 ], [ 357529.75396475859452, 5550540.868656368926167, 292.15977 ], [ 357521.443537876883056, 5550484.239757489413023, 301.88464 ], [ 357481.834772250091191, 5550469.832271973602474, 294.53986 ], [ 357431.234492003219202, 5550429.796351689845324, 295.63265 ], [ 357427.766797362535726, 5550417.873519269749522, 298.5294 ], [ 357464.250002651358955, 5550430.472725327126682, 301.78863 ], [ 357549.759261408005841, 5550416.064811576157808, 326.78302 ], [ 357582.209959965199232, 5550427.771079197525978, 333.13689 ], [ 357601.99705787259154, 5550420.902050673961639, 338.07555 ], [ 357500.70460659271339, 5550315.910079653374851, 347.07735 ], [ 357441.996670598280616, 5550224.24612826667726, 356.12475 ], [ 357428.44333114818437, 5550185.780356896109879, 358.30401 ], [ 357444.748239597538486, 5550169.10215565469116, 365.98009 ], [ 357467.085985707584769, 5550102.198918324895203, 369.17872 ], [ 357488.805540506029502, 5550095.277958805672824, 371.64805 ], [ 357620.034683904843405, 5550198.02550336625427, 383.15965 ], [ 357801.946101279871073, 5550217.766622113063931, 386.58952 ], [ 357807.608191572944634, 5550110.478999737650156, 379.3626 ], [ 357742.871252293814905, 5550018.082378716208041, 368.70966 ], [ 357726.224469152628444, 5549852.647067057900131, 368.95444 ], [ 357878.861556464806199, 5549791.399992214515805, 367.60661 ], [ 357959.629862213914748, 5549835.199376893229783, 371.52796 ], [ 358064.995875587803312, 5549667.855748696252704, 362.95999 ], [ 358094.190546497644391, 5549672.754087314940989, 364.42988 ], [ 358133.861562455247622, 5549762.149058382958174, 380.69604 ], [ 358219.069182887964416, 5549816.848422026261687, 384.16209 ], [ 358289.113339922449086, 5549890.975519631057978, 393.34424 ], [ 358330.114150964887813, 5549890.33302784152329, 387.86225 ], [ 358313.3805394298397, 5549872.086372029036283, 385.50551 ], [ 358312.643252276000567, 5549855.084259630180895, 380.99651 ], [ 358375.151685169897974, 5549766.538382828235626, 370.59107 ], [ 358351.361400245863479, 5549722.445557910948992, 364.36167 ], [ 358350.669254290813114, 5549704.440978438593447, 363.15419 ], [ 358369.159155528002884, 5549691.712965910322964, 358.67035 ], [ 358450.287275505601428, 5549719.489727065898478, 363.66897 ], [ 358520.808881710923743, 5549730.638184305280447, 369.29443 ], [ 358578.732564213394653, 5549728.325735020451248, 368.5772 ], [ 358650.423083454370499, 5549694.387724065221846, 351.68858 ], [ 358744.182044528715778, 5549712.600752755068243, 357.78146 ], [ 358784.90099650027696, 5549703.959100257605314, 352.13782 ], [ 358799.05143021279946, 5549708.48017343878746, 353.86769 ], [ 358817.565817642142065, 5549696.643128253519535, 354.60382 ], [ 358789.466295029153116, 5549643.762212487868965, 343.98713 ], [ 358787.814854911295697, 5549502.738038014620543, 342.65064 ], [ 358778.302558807190508, 5549465.163712998852134, 340.96976 ], [ 358680.527599733090028, 5549297.97806329280138, 326.46855 ], [ 358614.890293058473617, 5549233.519406930543482, 309.97771 ], [ 358601.185212149866857, 5549042.973103538155556, 305.56721 ], [ 358585.812139797606505, 5549008.557958841323853, 306.41707 ], [ 358451.599420515354723, 5548879.943687713705003, 268.97452 ], [ 358454.990948607504833, 5548864.723524766042829, 268.18693 ], [ 358480.111298586649355, 5548842.697738654911518, 265.08953 ], [ 358582.670284327236004, 5548854.667935363017023, 271.5022 ], [ 358631.901949117309414, 5548834.674916039220989, 258.8389 ], [ 358666.761564479675144, 5548807.274806616827846, 247.34424 ], [ 358724.909446831850801, 5548758.900082800537348, 239.03472 ], [ 358712.656457216478884, 5548704.376724246889353, 217.55716 ], [ 358716.546224319317844, 5548651.095373761840165, 214.06321 ], [ 358728.8296351255849, 5548633.637823879718781, 222.58344 ], [ 358719.667587732197717, 5548603.953213799744844, 216.40181 ], [ 358728.97241751558613, 5548587.575683035887778, 222.34604 ], [ 358771.561978726065718, 5548551.850633868947625, 221.16134 ], [ 358825.949468081409577, 5548485.665000515058637, 199.86915 ], [ 359071.685544661711901, 5548425.778580542653799, 195.10321 ], [ 359109.801040028571151, 5548402.189553389325738, 189.85406 ], [ 359144.02935424936004, 5548358.789212303236127, 180.89487 ], [ 359146.627835006569512, 5548348.708081350661814, 177.49285 ], [ 359136.251496938348282, 5548338.07889030687511, 168.13617 ], [ 359148.714054325246252, 5548324.622744769789279, 168.96612 ], [ 359150.498980619711801, 5548294.537762410007417, 163.84505 ] ] ] } },
{ "type": "Feature", "properties": { "name": "Grafschaft-Pfad", "km": 14.318, "darstell": "F1" }, "geometry": { "type": "MultiLineString", "coordinates": [ [ [ 343759.684808511985466, 5550527.956315284594893, 339.74505 ], [ 343751.26682383636944, 5550492.263274385593832, 331.35685 ], [ 343772.202211447525769, 5550466.393235820345581, 315.68949 ], [ 343768.141241903067566, 5550464.620477775111794, 317.31748 ], [ 343742.705879246117547, 5550478.605324857868254, 327.8541 ], [ 343734.655750373087358, 5550501.984412888996303, 337.44822 ], [ 343723.949161804514006, 5550510.420171187259257, 341.3053 ], [ 343684.224369280738756, 5550518.036128732375801, 340.94261 ], [ 343698.83247770217713, 5550508.373440246097744, 338.76266 ], [ 343710.263977364869788, 5550492.906583916395903, 333.44164 ], [ 343674.691153155523352, 5550505.408141151070595, 332.59687 ], [ 343658.71400662814267, 5550504.98564974591136, 327.84262 ], [ 343597.442115208308678, 5550500.437266738153994, 316.02141 ], [ 343566.372054669656791, 5550498.009149899706244, 313.6733 ], [ 343583.255958304798696, 5550487.834415287710726, 308.59986 ], [ 343641.344353016116656, 5550471.668857024982572, 305.33143 ], [ 343667.039992208010517, 5550473.920916439034045, 314.8505 ], [ 343700.379109992994927, 5550448.688954128883779, 313.79035 ], [ 343728.399298972566612, 5550427.618449972942472, 311.60248 ], [ 343742.409396870352793, 5550407.291747489012778, 307.67332 ], [ 343746.281702429696452, 5550390.377126441337168, 304.43615 ], [ 343744.854173962085042, 5550368.499259269796312, 300.36779 ], [ 343738.152804213925265, 5550347.443278607912362, 295.63144 ], [ 343725.823173401586246, 5550332.226592524908483, 290.46373 ], [ 343716.826128405402415, 5550308.567386845126748, 284.26891 ], [ 343689.445571611635387, 5550312.372785464860499, 282.62736 ], [ 343681.944056208420079, 5550290.895209384150803, 278.42705 ], [ 343670.843644336739089, 5550298.118639818392694, 279.78949 ], [ 343671.814922074729111, 5550250.579118770547211, 280.39171 ], [ 343668.302867763675749, 5550228.42846561409533, 283.82249 ], [ 343666.276683157193474, 5550203.230112848803401, 287.12763 ], [ 343656.08239006990334, 5550168.034242336638272, 285.99657 ], [ 343675.223981212940998, 5550149.337480444461107, 292.82349 ], [ 343706.191568642214406, 5550118.834251396358013, 303.63066 ], [ 343716.128511276852805, 5550130.560367787256837, 307.01741 ], [ 343718.343173536122777, 5550169.550335681065917, 304.34532 ], [ 343719.28300588572165, 5550184.543901984579861, 300.98384 ], [ 343759.078623343724757, 5550171.919243887998164, 317.22747 ], [ 343771.961319451860618, 5550130.151098289526999, 331.91391 ], [ 343759.5240332033718, 5550054.964517362415791, 327.6071 ], [ 343768.228679805761203, 5550029.452308312989771, 330.10394 ], [ 343788.573988428572193, 5550059.233222504146397, 339.84389 ], [ 343824.861414945218712, 5550110.245159473270178, 354.82216 ], [ 343838.286813565238845, 5550138.448284115642309, 355.57904 ], [ 343844.896729777916335, 5550173.526691108010709, 348.04608 ], [ 343919.914067531994078, 5550256.342152035795152, 363.02471 ], [ 343923.55851941119181, 5550273.259504077024758, 360.87028 ], [ 343954.229235980194062, 5550288.942179244942963, 370.73751 ], [ 343967.85560465377057, 5550304.455284050665796, 373.56781 ], [ 343983.273257524706423, 5550324.92310864944011, 376.97782 ], [ 343994.873248035088181, 5550354.40382366720587, 378.3493 ], [ 343996.732185243570711, 5550376.380373348481953, 377.16218 ], [ 344018.596003012149595, 5550421.472530039958656, 382.75078 ], [ 344027.171441759273876, 5550460.165511678904295, 380.03842 ], [ 344052.043029372231103, 5550488.146120769903064, 381.80606 ], [ 344080.477720402064733, 5550518.025620286352932, 386.1098 ], [ 344110.004073147545569, 5550555.884604252874851, 390.26124 ], [ 344143.706139368005097, 5550621.549841294065118, 391.02871 ], [ 344152.121341258927714, 5550657.243449553847313, 389.80783 ], [ 344130.18558190157637, 5550759.247656775638461, 380.17777 ], [ 344132.358966548345052, 5550787.112200074829161, 375.96312 ], [ 344156.357470039045438, 5550812.225752708502114, 370.28802 ], [ 344190.145296437025536, 5550831.824253370054066, 368.19967 ], [ 344244.14484113448998, 5550854.727781142108142, 370.20893 ], [ 344260.770014711190015, 5550867.594941219314933, 368.44015 ], [ 344263.408933668397367, 5550879.534791044890881, 364.52824 ], [ 344290.678783223440405, 5550884.302964778617024, 365.99304 ], [ 344310.154331323807128, 5550904.096962817013264, 359.17538 ], [ 344328.476783627527766, 5550911.351505574770272, 356.61083 ], [ 344498.774007569882087, 5550918.629433912225068, 372.38103 ], [ 344576.549607246532105, 5550917.366741737350821, 382.70115 ], [ 344606.613001212710515, 5550912.375027967616916, 387.32061 ], [ 344646.663036865531467, 5550933.240552281960845, 383.75672 ], [ 344659.411942457896657, 5550965.470730775035918, 374.25335 ], [ 344669.996006274363026, 5550994.648444237187505, 366.38953 ], [ 344674.435347873019055, 5551004.533289816230536, 363.77854 ], [ 344751.004135243594646, 5551018.440383970737457, 369.34537 ], [ 344781.905517058679834, 5551015.205532201565802, 374.54401 ], [ 344840.698446147260256, 5551057.8921925323084, 364.92332 ], [ 344941.841675404924899, 5551047.944661442190409, 374.077 ], [ 344991.245484620390926, 5550994.104111795313656, 391.20914 ], [ 345018.869398921029642, 5550993.858691774308681, 390.78936 ], [ 345029.616560743190348, 5551011.460626013576984, 388.35881 ], [ 345018.796713580784854, 5551043.151625392027199, 388.28941 ], [ 345025.763319059624337, 5551073.547589286230505, 390.11212 ], [ 345073.298705731052905, 5551088.524385688826442, 396.22902 ], [ 345091.728669171221554, 5551087.210868614725769, 401.49466 ], [ 345138.773595936538186, 5551112.438919170759618, 403.16302 ], [ 345230.870983644388616, 5551131.243200065568089, 406.50275 ], [ 345297.731539522006642, 5551111.614568571560085, 412.49517 ], [ 345345.514982475026045, 5551095.654692757874727, 413.5862 ], [ 345361.765546832582913, 5551075.935131014324725, 414.73306 ], [ 345382.849526796955615, 5551003.113252904266119, 420.76044 ], [ 345429.86411199264694, 5550953.129199380986392, 427.49848 ], [ 345516.124563305813354, 5550908.686113547533751, 432.81542 ], [ 345542.805281291832216, 5550900.570861681364477, 432.85951 ], [ 345624.67242385505233, 5550845.241415672935545, 433.26755 ], [ 345656.165483878576197, 5550807.947410908527672, 429.99573 ], [ 345685.519231532467529, 5550790.743172404356301, 427.51075 ], [ 345822.636924045742489, 5550742.276945461519063, 416.78315 ], [ 345840.252052185416687, 5550732.533452647738159, 416.45292 ], [ 345864.329485881025903, 5550708.584116635844111, 416.67624 ], [ 345882.730279640061781, 5550693.811172981746495, 417.42953 ], [ 345833.427775156334974, 5550612.675431582145393, 419.33695 ], [ 345734.554875803354662, 5550567.686318202875555, 414.57676 ], [ 345706.747877832618542, 5550546.792839415371418, 411.58364 ], [ 345697.183396918931976, 5550508.126337585970759, 412.5373 ], [ 345699.013301520084497, 5550454.999988255091012, 409.75272 ], [ 345713.022674463572912, 5550429.449368715286255, 403.12804 ], [ 345758.622467012493871, 5550394.641573322936893, 395.65973 ], [ 345806.957013608771376, 5550377.668921012431383, 389.85235 ], [ 345839.646197730442509, 5550369.270594960078597, 383.82757 ], [ 346007.731054628442507, 5550418.607985351234674, 371.37119 ], [ 346027.1116359034786, 5550427.840567206032574, 372.10745 ], [ 346045.537978474749252, 5550456.127002860419452, 380.23592 ], [ 346067.521135975723155, 5550461.279173137620091, 379.38832 ], [ 346077.014174169162288, 5550447.876348664052784, 372.59751 ], [ 346094.904079433414154, 5550445.135530512779951, 368.40766 ], [ 346122.220993627444841, 5550454.028502567671239, 366.58729 ], [ 346151.013196948741097, 5550471.891555797308683, 362.80588 ], [ 346162.481151222076733, 5550507.16594269964844, 369.06728 ], [ 346167.107654697436374, 5550573.346451645717025, 378.57099 ], [ 346186.349873102386482, 5550562.889707289636135, 374.92448 ], [ 346198.122302504256368, 5550549.087664211168885, 371.72347 ], [ 346204.855677995656151, 5550541.772833209484816, 369.47556 ], [ 346227.89633924147347, 5550543.891042411327362, 368.43331 ], [ 346394.525581511144992, 5550605.187365255318582, 370.34924 ], [ 346428.304987019684631, 5550599.876659080386162, 369.28507 ], [ 346443.976364689238835, 5550592.193883198313415, 368.1392 ], [ 346492.105995775549673, 5550543.189183936454356, 362.40035 ], [ 346517.79161593853496, 5550535.218825555406511, 364.54317 ], [ 346551.902467582025565, 5550543.918706540949643, 367.55946 ], [ 346592.351745615247637, 5550561.449146080762148, 370.21137 ], [ 346660.415741370408796, 5550568.395735829137266, 367.43224 ], [ 346689.952610296313651, 5550587.352837723679841, 369.66697 ], [ 346700.447791348211467, 5550598.845589742995799, 372.13326 ], [ 346712.489951077732258, 5550599.390072932466865, 372.39806 ], [ 346735.742622005462181, 5550581.476818026043475, 368.81063 ], [ 346760.524014366441406, 5550574.423693682998419, 371.52775 ], [ 346778.95951386669185, 5550560.765624114312232, 373.93823 ], [ 346790.270533203089144, 5550543.306481023319066, 377.07177 ], [ 346811.158138902974315, 5550465.378841280005872, 390.86918 ], [ 346824.957648066570982, 5550434.830528536811471, 394.02619 ], [ 346859.51558225962799, 5550299.321453236043453, 407.6229 ], [ 346907.929140931752045, 5550060.162732222117484, 424.76476 ], [ 346915.050074381171726, 5549938.903604613617063, 428.49883 ], [ 346921.998700461583212, 5549911.5561145497486, 427.59924 ], [ 346939.731859067396726, 5549880.784248455427587, 425.78601 ], [ 347026.477226461691316, 5549772.265277260914445, 416.91252 ], [ 347044.485970926005393, 5549723.572478700429201, 412.55549 ], [ 347060.718460035976022, 5549702.85777950566262, 410.1512 ], [ 347007.453770863474347, 5549673.006506600417197, 411.04739 ], [ 346966.474146937427577, 5549674.625247965566814, 412.65096 ], [ 346937.15184915997088, 5549665.785307348705828, 412.76842 ], [ 346859.924796559149399, 5549611.810191395692527, 411.93822 ], [ 346791.198110028111842, 5549594.643223979510367, 411.1494 ], [ 346689.01001192885451, 5549541.720097221434116, 407.45626 ], [ 346662.806944786745589, 5549529.342914212495089, 406.72655 ], [ 346648.051828293071594, 5549514.189446198754013, 405.74926 ], [ 346656.681748926290311, 5549485.569432358257473, 403.24236 ], [ 346649.885883310693316, 5549460.841348189860582, 399.81248 ], [ 346643.25455229904037, 5549444.342083877883852, 398.1454 ], [ 346627.842579113144893, 5549398.832439468242228, 397.40065 ], [ 346627.60301854647696, 5549373.026067689992487, 395.76928 ], [ 346635.67486841295613, 5549342.419300770387053, 389.98179 ], [ 346652.504009524767753, 5549312.562586396932602, 381.4337 ], [ 346661.869436066248454, 5549289.595960910432041, 377.07826 ], [ 346628.794042795954738, 5549234.913274774327874, 375.58063 ], [ 346625.494009241170716, 5549209.751077664084733, 370.78703 ], [ 346617.777530163526535, 5549172.921675157733262, 364.92116 ], [ 346613.146867946721613, 5549118.869048944674432, 357.35868 ], [ 346615.948780313949101, 5549091.751477530226111, 352.98399 ], [ 346612.475491768214852, 5549068.040692371316254, 349.44251 ], [ 346631.632352155866101, 5549094.305432592518628, 351.73807 ], [ 346684.276849146117456, 5549124.727429925464094, 361.85304 ], [ 346711.107098824402783, 5549123.957674364559352, 361.87379 ], [ 346731.461217103351373, 5549119.59083725232631, 360.23246 ], [ 346737.498709108564071, 5549105.398421107791364, 358.02742 ], [ 346700.849118034937419, 5549090.872796766459942, 356.16339 ], [ 346694.512393378419802, 5549082.153484556823969, 357.16152 ], [ 346669.307936361292377, 5549077.202202367596328, 354.29879 ], [ 346593.382851710775867, 5549019.076320338994265, 345.53199 ], [ 346541.568540460022632, 5548990.189002005383372, 341.80419 ], [ 346525.804341876530088, 5548967.387557949870825, 344.237 ], [ 346438.396255884552374, 5548933.404056070372462, 332.84031 ], [ 346376.413269607408438, 5548834.825328473933041, 330.27646 ], [ 346349.286478523747064, 5548807.900440955534577, 328.1191 ], [ 346325.836418201506604, 5548796.780727316625416, 326.18171 ], [ 346266.087075154762715, 5548805.842678423970938, 326.23366 ], [ 346214.812680052127689, 5548823.228764749132097, 324.98346 ], [ 346189.66850201098714, 5548845.315160496160388, 318.90884 ], [ 346180.358787220902741, 5548862.717833288013935, 319.69944 ], [ 346161.429782926104963, 5548864.375367169268429, 318.41365 ], [ 346127.125042115105316, 5548856.795675598084927, 320.20045 ], [ 346089.876990244723856, 5548848.967175458557904, 323.46 ], [ 346038.570560345484409, 5548845.326932976022363, 323.36856 ], [ 345973.514563444885425, 5548869.009483987465501, 321.1786 ], [ 345939.456567960209213, 5548892.355429267510772, 317.54104 ], [ 345894.683064169366844, 5548899.20964952558279, 314.87537 ], [ 345844.063531525724102, 5548894.550096912309527, 315.61205 ], [ 345797.831629888969474, 5548880.640698430128396, 312.70856 ], [ 345766.066901845857501, 5548871.766094030812383, 311.33089 ], [ 345695.974673953023739, 5548835.069377966225147, 314.76692 ], [ 345644.855159623548388, 5548808.173131280578673, 311.23219 ], [ 345448.351870920392685, 5548723.950347077101469, 299.77217 ], [ 345366.710336914169602, 5548684.253809277899563, 296.70452 ], [ 345226.446516309864819, 5548630.790005119517446, 287.24127 ], [ 345199.413240175461397, 5548604.869299858808517, 288.68819 ], [ 345188.116791094420478, 5548573.374640572816133, 298.08001 ], [ 345124.078862265509088, 5548572.893448707647622, 291.54462 ], [ 345027.654625455266796, 5548539.749866255559027, 286.31251 ], [ 344912.117761279107071, 5548477.343371379189193, 286.40587 ], [ 344812.380984990450088, 5548436.288518156856298, 279.56172 ], [ 344755.143973428406753, 5548381.539053878746927, 278.3737 ], [ 344704.377415178518277, 5548364.655029869638383, 272.81703 ], [ 344658.556487356720027, 5548320.81267324835062, 277.85552 ], [ 344600.39115913095884, 5548293.35184761416167, 268.53978 ], [ 344528.839118377189152, 5548273.513280945830047, 274.99623 ], [ 344488.398402938852087, 5548274.355963216163218, 273.16267 ], [ 344393.414728562696837, 5548266.43884189426899, 278.16059 ], [ 344343.077639546710998, 5548279.142416854389012, 271.37487 ], [ 344289.58909878868144, 5548316.416842403821647, 257.21765 ], [ 344233.534754860331304, 5548327.062722755596042, 253.48982 ], [ 344217.993057008483447, 5548302.480779427103698, 255.54722 ], [ 344206.642981815617532, 5548257.081175168976188, 260.72628 ], [ 344144.19591765786754, 5548274.479017426259816, 254.71967 ], [ 344115.336946020659525, 5548321.273611917160451, 257.11055 ], [ 344099.93511784367729, 5548362.891391506418586, 259.11415 ], [ 344092.732179039274342, 5548381.1266506370157, 259.95266 ], [ 344094.575649018748663, 5548427.137159986421466, 256.94499 ], [ 344057.88304775103461, 5548468.041004093363881, 266.54908 ], [ 344048.00841292750556, 5548507.606188044883311, 268.21729 ], [ 344018.025210205873009, 5548569.789012564346194, 278.64363 ], [ 343997.879975093354005, 5548605.871029459871352, 287.88853 ], [ 343979.748949386645108, 5548683.953093302436173, 299.62894 ], [ 343986.007847250089981, 5548716.816540943458676, 301.33702 ], [ 343994.929596124333329, 5548762.397913863882422, 303.32193 ], [ 344054.139517584058922, 5548850.239320401102304, 297.89268 ], [ 344098.144959650584497, 5548915.270163936540484, 297.98876 ], [ 344129.827531824528705, 5548931.035912437364459, 285.96613 ], [ 344152.831976765883155, 5548956.178771624341607, 278.43807 ], [ 344135.021033029421233, 5549010.885012709535658, 296.75966 ], [ 344145.325512643205002, 5549069.555684709921479, 292.38109 ], [ 344184.387222227058373, 5549110.030167942866683, 283.03552 ], [ 344157.161937734927051, 5549124.287365675903857, 296.41395 ], [ 344146.148759996169247, 5549139.518285836093128, 301.69842 ], [ 344137.762008522287942, 5549171.14006254915148, 304.41563 ], [ 344152.567803263198584, 5549185.284119673073292, 302.63227 ], [ 344178.119659002113622, 5549187.320583391934633, 297.64208 ], [ 344206.853798964759335, 5549205.175482844002545, 290.66019 ], [ 344213.31079720944399, 5549222.789851375855505, 283.84273 ], [ 344206.167683486710303, 5549238.130352945998311, 280.55634 ], [ 344157.159466144978069, 5549264.149405096657574, 292.39296 ], [ 344150.432879240659531, 5549279.03277822304517, 292.79945 ], [ 344157.466025914647616, 5549291.845821932889521, 288.0833 ], [ 344150.051556939259171, 5549327.333566350862384, 288.84259 ], [ 344141.526524758082815, 5549344.383479498326778, 293.23032 ], [ 344145.647965453274082, 5549370.299625584855676, 292.6359 ], [ 344144.281355302897282, 5549419.185498262755573, 303.57535 ], [ 344181.218428713153116, 5549482.642737568356097, 294.31748 ], [ 344209.672791078570299, 5549520.422444435767829, 276.03334 ], [ 344232.461221982026473, 5549599.647337777540088, 266.86882 ], [ 344193.366853105835617, 5549602.122492361813784, 274.3485 ], [ 344147.657276441284921, 5549615.917562277987599, 281.69942 ], [ 344107.383042029687203, 5549612.308107321150601, 295.25989 ], [ 344067.410497134318575, 5549619.037946802563965, 298.49986 ], [ 344028.315033886989113, 5549643.545156949199736, 296.02874 ], [ 343967.773042812186759, 5549688.818273187614977, 315.85127 ], [ 343949.125442705000751, 5549726.971101874485612, 317.78382 ], [ 343945.940692401723936, 5549757.662500991486013, 313.85573 ], [ 343942.918744958587922, 5549784.121010594069958, 310.25938 ], [ 343942.743915768456645, 5549849.217212320305407, 293.01766 ], [ 343897.850735403015278, 5549836.954259349964559, 296.69655 ], [ 343835.905838625854813, 5549785.133999783545732, 313.75611 ], [ 343774.300891888560727, 5549771.914106862619519, 314.86952 ], [ 343709.492665669007692, 5549776.480080821551383, 328.96195 ], [ 343683.140308620524593, 5549793.496077135205269, 328.44186 ], [ 343661.259215244790539, 5549804.261670507490635, 331.59059 ], [ 343636.99483166571008, 5549824.109752218239009, 331.74756 ], [ 343613.989439554861747, 5549860.054838744923472, 325.77925 ], [ 343593.274278312863316, 5549920.411774083040655, 310.62536 ], [ 343532.059786811587401, 5549974.277450052089989, 327.89623 ], [ 343541.789464571455028, 5549991.127637418918312, 322.92496 ], [ 343538.168428209028207, 5550023.946274265646935, 321.84455 ], [ 343534.949805587413721, 5550036.279948548413813, 321.54494 ], [ 343535.328647652990185, 5550076.102544670924544, 312.95305 ], [ 343515.86897829559166, 5550103.487984927371144, 320.68012 ], [ 343514.626072092331015, 5550156.376378463581204, 323.39613 ], [ 343519.43011479859706, 5550188.391907002776861, 324.39833 ], [ 343508.952118068002164, 5550224.193149400874972, 330.29219 ], [ 343506.420589812914841, 5550252.640493079088628, 325.99406 ], [ 343475.252255286206491, 5550264.012869711965322, 340.01093 ], [ 343453.469645543838851, 5550304.930025541223586, 342.03394 ], [ 343447.570416913949884, 5550340.597235986962914, 339.95056 ], [ 343444.764049251854885, 5550386.52167984098196, 340.46977 ], [ 343442.184599401836749, 5550420.645128526724875, 347.02024 ], [ 343452.79642655828502, 5550460.279114682227373, 350.56397 ], [ 343467.568692706874572, 5550480.653183253481984, 348.13481 ], [ 343482.717904421268031, 5550499.235962641425431, 347.02898 ], [ 343496.664177898317575, 5550520.746981493197381, 350.96969 ], [ 343529.29925345943775, 5550547.273866403847933, 354.17976 ], [ 343579.835136222885922, 5550559.256964792497456, 355.79557 ], [ 343645.066507825336885, 5550564.579339765943587, 360.85817 ], [ 343700.533655306440778, 5550549.381262973882258, 357.14925 ], [ 343736.034701700671576, 5550536.881965037435293, 351.5017 ], [ 343758.16644884791458, 5550529.892273144796491, 341.0 ] ] ] } },
{ "type": "Feature", "properties": { "name": "VulkaMaar-Pfad (2-Tages-Tour)", "km": 26.573, "darstell": "F1" }, "geometry": { "type": "MultiLineString", "coordinates": [ [ [ 343680.256547154393047, 5551106.422477899119258, 355.58618 ], [ 343682.781930706580169, 5550970.157323324121535, 350.23388 ], [ 343713.435001690988429, 5550911.957507831975818, 345.08554 ], [ 343744.936582441732753, 5550799.54593638330698, 342.44923 ], [ 343737.10096084914403, 5550778.856954568997025, 348.08895 ], [ 343665.876484263804741, 5550749.6752805756405, 356.30493 ], [ 343666.513447168981656, 5550739.64257816132158, 354.94692 ], [ 343729.391361656831577, 5550711.098254115320742, 356.64441 ], [ 343827.500235366227571, 5550712.234116282314062, 336.83755 ], [ 343822.711311396211386, 5550668.423637710511684, 344.6192 ], [ 343764.46789203165099, 5550588.679538306780159, 351.79765 ], [ 343758.979255074751563, 5550525.86287847161293, 339.54388 ], [ 343644.360912496922538, 5550562.48591716773808, 359.57428 ], [ 343528.590353459352627, 5550545.069286188110709, 352.90908 ], [ 343485.511950206942856, 5550518.848423396237195, 355.49153 ], [ 343484.463516918709502, 5550492.842565291561186, 343.12141 ], [ 343452.015955514973029, 5550458.076640521176159, 350.405 ], [ 343441.47890888643451, 5550418.551731140352786, 347.01468 ], [ 343440.197701875178609, 5550262.481047896668315, 359.29345 ], [ 343485.202354722074233, 5550212.649578076787293, 345.34401 ], [ 343504.546541885356419, 5550095.808430349454284, 329.38832 ], [ 343551.970084515225608, 5549981.816825516521931, 318.41319 ], [ 343538.789889963809401, 5549952.271943959407508, 325.99228 ], [ 343598.558290140237659, 5549919.923269734717906, 308.91805 ], [ 343639.779308837722056, 5549875.211142084561288, 304.48054 ], [ 343666.185748165822588, 5549811.127329737879336, 325.54749 ], [ 343682.434650720795617, 5549791.402649995870888, 330.00569 ], [ 343708.787016531801783, 5549774.386650417000055, 330.55845 ], [ 343773.592017072602175, 5549769.709496491588652, 316.6159 ], [ 343909.288015871308744, 5549809.359689746052027, 315.19161 ], [ 343927.091636091645341, 5549803.609994428232312, 313.95253 ], [ 343979.531660278327763, 5549689.365000657737255, 308.269 ], [ 344027.609498107340187, 5549641.451687019318342, 297.68711 ], [ 344066.701729695138056, 5549616.833300068043172, 300.46135 ], [ 344193.578459617681801, 5549562.727972174994648, 282.89781 ], [ 344189.547248578921426, 5549512.88686668407172, 290.03847 ], [ 344128.978516059811227, 5549324.165210829116404, 299.15353 ], [ 344127.556844712060411, 5549290.159124648198485, 300.31981 ], [ 344156.453943332657218, 5549262.055919273756444, 292.98359 ], [ 344205.46217753237579, 5549236.036861049942672, 281.53125 ], [ 344206.145048557140399, 5549202.970818948000669, 291.19062 ], [ 344177.410894792759791, 5549185.115923073142767, 297.61832 ], [ 344127.836377814295702, 5549172.097193188033998, 305.95894 ], [ 344145.443220239889342, 5549137.424801412038505, 301.76941 ], [ 344139.824826071853749, 5549121.566304385662079, 302.40147 ], [ 344147.185823365405668, 5549106.330627351999283, 297.41069 ], [ 344125.63277016824577, 5549116.194423739798367, 306.93048 ], [ 344108.563450760906562, 5549139.83581462316215, 309.23802 ], [ 343996.409620913909748, 5549188.394529415294528, 318.98996 ], [ 343971.069988066854421, 5549230.414336457848549, 317.36663 ], [ 343931.262766314204782, 5549260.061173050664365, 320.53378 ], [ 343813.958534094970673, 5549303.767357882112265, 333.19908 ], [ 343748.887272695777938, 5549353.403363566845655, 348.16073 ], [ 343545.036674028960988, 5549385.627630908042192, 364.50446 ], [ 343465.188566087512299, 5549365.824165311641991, 365.59786 ], [ 343340.831318649579771, 5549334.864736379124224, 363.59022 ], [ 343356.87741836218629, 5549186.074955612421036, 358.38714 ], [ 343264.803365650121123, 5549159.734145618975163, 354.10076 ], [ 343059.170733203995042, 5549072.972620964981616, 339.00266 ], [ 342950.906229123356752, 5549044.108352600596845, 316.34495 ], [ 342932.575056489440612, 5549126.985252136364579, 325.14559 ], [ 342904.404411084891763, 5549082.193600442260504, 319.16141 ], [ 342885.912099702516571, 5549081.624611340463161, 314.79094 ], [ 342866.815441907034256, 5549084.856562214903533, 311.30704 ], [ 342887.549373370304238, 5549134.873735337518156, 311.61995 ], [ 342899.89593237527879, 5549165.109364012256265, 310.10342 ], [ 342900.78425179811893, 5549190.452299448661506, 309.45634 ], [ 342878.557421785080805, 5549223.596029815264046, 309.07148 ], [ 342879.062498047249392, 5549187.196606541052461, 301.98216 ], [ 342856.076964913925622, 5549150.709089128300548, 298.81792 ], [ 342810.546331241261214, 5549131.686263491399586, 290.05141 ], [ 342781.1448742421926, 5549122.982211131602526, 286.33792 ], [ 342762.93264842685312, 5549105.158887200057507, 286.35909 ], [ 342751.949589745956473, 5549084.786251535639167, 284.9076 ], [ 342750.085069383378141, 5549060.362180220894516, 282.62902 ], [ 342730.772445284295827, 5549056.257288809865713, 286.1045 ], [ 342723.21899304020917, 5549101.320581168867648, 286.3908 ], [ 342731.702081487863325, 5549126.773797395639122, 284.14534 ], [ 342756.268198277335614, 5549139.069175318814814, 282.16027 ], [ 342725.075940393493511, 5549227.666321194730699, 294.29611 ], [ 342708.718749540916178, 5549233.933738499879837, 295.06795 ], [ 342687.23123766342178, 5549248.363544618710876, 298.65824 ], [ 342667.114455157890916, 5549270.430576045997441, 305.88046 ], [ 342656.95538140879944, 5549290.201630222611129, 313.37058 ], [ 342685.552342951414175, 5549295.924416764639318, 313.84026 ], [ 342671.529781912337057, 5549315.809194154106081, 320.31351 ], [ 342549.167354200035334, 5549306.61769643612206, 330.49764 ], [ 342440.288237983593717, 5549286.015804033726454, 339.08615 ], [ 342342.400364007102326, 5549290.906029898673296, 342.87225 ], [ 342347.494073478039354, 5549242.68780217692256, 342.4129 ], [ 342381.227525924041402, 5549211.31635953206569, 344.67813 ], [ 342306.34042445383966, 5549214.304793954826891, 345.34268 ], [ 342084.576568306190893, 5549200.158170443028212, 360.13288 ], [ 341930.727076431154273, 5549206.376215324737132, 368.95063 ], [ 341885.837989506311715, 5549209.150824567303061, 371.74006 ], [ 341844.541240888589527, 5549226.840782234445214, 373.55658 ], [ 341803.008269224315882, 5549265.567894495092332, 376.93378 ], [ 341702.613848678185605, 5549282.56109743565321, 384.74416 ], [ 341685.026269598165527, 5549317.353043434210122, 387.37801 ], [ 341652.670911756984424, 5549334.668368847109377, 391.41669 ], [ 341578.876074080122635, 5549340.638985353522003, 397.35388 ], [ 341504.322893363947514, 5549376.564554714597762, 399.46694 ], [ 341421.416047753940802, 5549381.917529549449682, 402.80846 ], [ 341414.627934162621386, 5549387.237391090020537, 403.23557 ], [ 341349.479129825311247, 5549358.79489194881171, 406.89135 ], [ 341285.507407372817397, 5549360.360950231552124, 409.54277 ], [ 341185.734865449601784, 5549393.368371636606753, 420.39979 ], [ 341087.184199623181485, 5549455.382771347649395, 424.61613 ], [ 341065.523168477811851, 5549490.298151242546737, 422.40412 ], [ 341069.420738702639937, 5549565.95691442489624, 422.17724 ], [ 341079.148027995135635, 5549632.985770355910063, 426.32784 ], [ 341063.927641828893684, 5549689.407236229628325, 438.58035 ], [ 341100.233683495549485, 5549646.156052353791893, 432.05004 ], [ 341126.816065782331862, 5549634.683615258894861, 434.24199 ], [ 341158.977253295481205, 5549606.132460492663085, 429.57949 ], [ 341192.749591930245515, 5549552.27542120963335, 426.87217 ], [ 341214.249501752376091, 5549526.378207435831428, 424.46364 ], [ 341259.401085312943906, 5549520.474467302672565, 427.59754 ], [ 341340.658850985812023, 5549563.347517525777221, 430.92038 ], [ 341340.713589175895322, 5549620.649675738066435, 446.01876 ], [ 341347.558242220780812, 5549670.295146811753511, 460.40248 ], [ 341319.775964599451981, 5549740.218614485114813, 467.62431 ], [ 341305.788230717007536, 5549765.892280864529312, 467.75417 ], [ 341281.858588777598925, 5549767.827119663357735, 466.90517 ], [ 341256.840096155530773, 5549742.755906220525503, 464.45559 ], [ 341192.447466497018468, 5549929.933656836859882, 492.83787 ], [ 341210.978955194936134, 5550011.388563328422606, 493.5106 ], [ 341207.613197566766758, 5550086.039319779723883, 483.58285 ], [ 341202.812361970311031, 5550117.2262865267694, 479.26203 ], [ 341191.327459692198317, 5550130.697542745620012, 479.66962 ], [ 341174.689715031068772, 5550139.426162359304726, 482.65273 ], [ 341074.004644202999771, 5550105.145338233560324, 491.18108 ], [ 341041.818567011738196, 5550135.144453191198409, 486.03012 ], [ 341001.884494971542154, 5550222.344616685062647, 474.91082 ], [ 340999.719540085294284, 5550267.47339796833694, 470.92453 ], [ 340912.599828030972276, 5550340.056244833394885, 482.65634 ], [ 340841.337778019835241, 5550384.906903007999063, 482.61196 ], [ 340773.731878411024809, 5550470.708304752595723, 475.9831 ], [ 340731.726651038334239, 5550471.404328550212085, 469.97888 ], [ 340693.143886645906605, 5550582.044982735067606, 464.21955 ], [ 340706.605924774950836, 5550668.545618602074683, 457.55655 ], [ 340631.577930412429851, 5550668.558466210961342, 451.96338 ], [ 340339.924501424888149, 5550707.312276072800159, 454.38569 ], [ 340340.525350796873681, 5550696.278508933261037, 453.85564 ], [ 340380.401767757488415, 5550643.568251739256084, 450.52366 ], [ 340344.224228053935803, 5550614.050124970264733, 448.08733 ], [ 340286.24638870311901, 5550516.307460254058242, 442.83475 ], [ 340238.606604408530984, 5550551.224741255864501, 443.33065 ], [ 340162.413856534985825, 5550548.274608795531094, 443.72086 ], [ 340038.43617422087118, 5550575.353120571002364, 446.97656 ], [ 339928.088216513220686, 5550519.685402089729905, 449.60618 ], [ 339821.628440228290856, 5550483.932071202434599, 455.39432 ], [ 339816.088503416685853, 5550397.084086854942143, 455.33069 ], [ 339726.202580407611094, 5550400.781904490664601, 460.06665 ], [ 339739.897791335475631, 5550542.241947813890874, 462.72052 ], [ 339711.309843022958376, 5550553.448044517077506, 464.25732 ], [ 339643.286000826512463, 5550603.225363897159696, 466.16808 ], [ 339614.731071159243584, 5550639.355831719003618, 465.18756 ], [ 339592.39489275123924, 5550632.237611325457692, 465.63331 ], [ 339575.536548767588101, 5550685.931757140904665, 461.49927 ], [ 339604.31889542308636, 5550728.908282397314906, 458.64821 ], [ 339622.60762897785753, 5550737.149514500983059, 459.30595 ], [ 339608.345599377760664, 5550755.715066375210881, 456.82382 ], [ 339477.748803721973673, 5550891.05057358648628, 435.42353 ], [ 339448.443978330644313, 5550909.28987202141434, 435.43982 ], [ 339391.556550242821686, 5550912.558189189061522, 434.9297 ], [ 339380.917428912885953, 5550923.003893095068634, 429.15026 ], [ 339351.212544461479411, 5551080.234346820041537, 415.87902 ], [ 339304.592446118011139, 5551139.164608987048268, 385.71605 ], [ 339297.08960379625205, 5551277.590173362754285, 373.11675 ], [ 339288.397950046579354, 5551309.898088861256838, 368.53614 ], [ 339318.147554264927749, 5551351.731239276006818, 364.62604 ], [ 339329.466629424365237, 5551385.328590841032565, 363.67531 ], [ 339391.644129156600684, 5551462.906184780411422, 357.15746 ], [ 339449.593951803341042, 5551485.643237856216729, 354.58192 ], [ 339665.401027897140011, 5551602.002539758570492, 349.54127 ], [ 339718.090244626160711, 5551618.891679058782756, 348.80122 ], [ 339726.57008897990454, 5551629.541742913424969, 348.51522 ], [ 339777.568099118536338, 5551654.493763660080731, 346.97011 ], [ 339921.729965310776606, 5551680.769258045591414, 343.35206 ], [ 339974.020678284927271, 5551710.691536038182676, 342.2096 ], [ 340021.890367617597803, 5551781.80587968789041, 340.46195 ], [ 340070.605964260234032, 5551823.853453327901661, 340.15072 ], [ 340176.176029244146775, 5551835.60245059337467, 349.82284 ], [ 340173.486952107225079, 5551843.805745888501406, 352.24737 ], [ 340129.519958839169703, 5551845.567218204960227, 348.6868 ], [ 340117.790410227084067, 5551853.039825077168643, 345.95356 ], [ 340121.233259779401124, 5551862.83986331243068, 347.0083 ], [ 340151.183096047141589, 5551911.681291034445167, 358.60461 ], [ 340174.600161101669073, 5551971.845550964586437, 370.4056 ], [ 340194.349483063444495, 5552115.127994192764163, 389.13737 ], [ 340185.283019469701685, 5552211.537742298096418, 396.78303 ], [ 340159.167563040042296, 5552333.716597277671099, 412.73234 ], [ 340137.083663755736779, 5552382.558393004350364, 416.88986 ], [ 340072.957982877909672, 5552454.246390531770885, 420.22206 ], [ 340061.912549712113105, 5552479.724672735668719, 424.06732 ], [ 340060.945945589919575, 5552504.789705199189484, 427.66934 ], [ 340075.917988189554308, 5552529.154634318314493, 431.24383 ], [ 340078.704160704975948, 5552548.098569904454052, 433.23615 ], [ 340038.183313713350799, 5552609.733161451295018, 445.63824 ], [ 339981.678840123582631, 5552649.036614785902202, 461.6357 ], [ 340004.317657532985322, 5552664.158509977161884, 465.04473 ], [ 340000.96644065703731, 5552681.283509065397084, 469.33584 ], [ 339951.290461126714945, 5552788.369590170681477, 484.69528 ], [ 339989.333675960020628, 5552789.788175340741873, 485.8641 ], [ 340003.025989501038566, 5552881.288003584370017, 490.65466 ], [ 339967.981640953337774, 5552929.740383624099195, 494.59377 ], [ 339952.062723435752559, 5552933.444614575244486, 496.05745 ], [ 339882.158137827645987, 5552886.136745283380151, 502.12861 ], [ 339763.817277296213433, 5552855.973012309521437, 509.90406 ], [ 339574.295542003586888, 5552869.566631534136832, 513.58535 ], [ 339510.952510249568149, 5552862.124133019708097, 509.02988 ], [ 339457.232061996182892, 5552846.270054034888744, 500.7777 ], [ 339384.574190755025484, 5552805.171205440536141, 485.63347 ], [ 339423.185720495763235, 5552870.661430612206459, 493.9742 ], [ 339494.728254903340712, 5552931.823269870132208, 497.78734 ], [ 339531.564640242489986, 5553026.409579128026962, 498.18578 ], [ 339699.555498536094092, 5553346.831560174003243, 481.79757 ], [ 339720.095375010976568, 5553385.048509642481804, 480.3578 ], [ 340021.959049564437009, 5553477.024983144365251, 470.46039 ], [ 340110.965176517493092, 5553474.357305117882788, 459.79277 ], [ 340300.630829742236529, 5553487.816308892332017, 440.26447 ], [ 340330.477627937914804, 5553509.622488580644131, 439.87149 ], [ 340344.426534883386921, 5553507.090962399728596, 437.44905 ], [ 340358.679584020166658, 5553488.41603375505656, 434.65586 ], [ 340332.985979706747457, 5553471.492634569294751, 432.02122 ], [ 340335.737478445633315, 5553465.40165336150676, 429.36129 ], [ 340424.994840736559127, 5553444.817034985870123, 404.79919 ], [ 340454.50059333012905, 5553457.621123014949262, 398.14219 ], [ 340468.688658449449576, 5553487.017612623982131, 400.5087 ], [ 340462.839101689518429, 5553540.268863385543227, 409.96882 ], [ 340447.865913599845953, 5553565.975125323049724, 408.00148 ], [ 340411.848450952093117, 5553591.42062355671078, 406.62193 ], [ 340505.438727918546647, 5553629.681389750912786, 390.82748 ], [ 340540.927370030316524, 5553615.26817636936903, 387.52031 ], [ 340574.270777603669558, 5553624.842591926455498, 386.28134 ], [ 340753.553953128575813, 5553628.724445685744286, 360.87188 ], [ 340752.554897201014683, 5553652.788782610557973, 355.37449 ], [ 340742.050354753853753, 5553665.23083387222141, 354.76445 ], [ 340665.270748610550072, 5553696.230960330925882, 361.49891 ], [ 340522.586287888581865, 5553782.055463853292167, 345.04493 ], [ 340307.044356740661897, 5553797.737752742134035, 347.13678 ], [ 340226.616638893669005, 5553788.016954206861556, 347.68033 ], [ 340263.595911572454497, 5553811.500740679912269, 336.9339 ], [ 340251.279160069185309, 5553878.076036443002522, 336.5764 ], [ 340230.141919662244618, 5553900.963255660608411, 345.72031 ], [ 340186.443196639767848, 5553908.725755210965872, 346.82857 ], [ 340156.209349673707038, 5553928.881439693272114, 346.97498 ], [ 340275.033543553086929, 5553921.094550978392363, 349.55872 ], [ 340313.420584627892822, 5553905.591478927060962, 348.07227 ], [ 340511.069807707332075, 5553918.595675393007696, 347.69049 ], [ 340607.224150163296144, 5553896.806129383854568, 342.40829 ], [ 340753.745477599848527, 5553807.753676101565361, 337.26792 ], [ 340891.242180364904925, 5553742.230200874619186, 346.47176 ], [ 340935.07316176511813, 5553712.438033701851964, 348.02947 ], [ 341010.643116221472155, 5553626.398915902711451, 344.67578 ], [ 341025.603042425937019, 5553549.732803200371563, 338.5091 ], [ 341009.195982381119393, 5553515.393932921811938, 337.3309 ], [ 340961.029071887896862, 5553462.195411047898233, 338.18242 ], [ 340894.79670538182836, 5553431.901307297870517, 334.96118 ], [ 340788.699240364017896, 5553406.135373579338193, 328.22555 ], [ 340768.93723220314132, 5553388.921689637936652, 327.02992 ], [ 340757.749997496372089, 5553359.323658653534949, 326.2518 ], [ 340761.161091813119128, 5553320.165797569788992, 326.34419 ], [ 340795.679941932554357, 5553282.750302907079458, 329.10553 ], [ 340864.969631365849636, 5553213.921167805790901, 335.28157 ], [ 341010.206941930577159, 5553117.015096147544682, 354.82542 ], [ 341042.005880318465643, 5553062.658002686686814, 348.829 ], [ 341054.794373161159456, 5553057.158667796291411, 340.83241 ], [ 341076.147412195801735, 5553089.347547769546509, 340.21358 ], [ 341083.150686201406643, 5553089.027731101959944, 338.0503 ], [ 341104.506742713972926, 5553049.224643741734326, 354.04156 ], [ 341099.189602477592416, 5552916.303522228263319, 353.13794 ], [ 341131.931994888873305, 5552883.950534163042903, 352.85568 ], [ 341185.647129477700219, 5552851.752548738382757, 346.93193 ], [ 341294.826321530388668, 5552978.468504950404167, 363.45931 ], [ 341282.187120924529154, 5552887.936596693471074, 358.43541 ], [ 341293.064853783813305, 5552784.465648306533694, 346.30394 ], [ 341452.000121411168948, 5552830.036043872125447, 356.99069 ], [ 341445.909956956922542, 5552803.289615238085389, 347.85201 ], [ 341402.648834991734475, 5552749.051187912933528, 345.16093 ], [ 341407.562845379230566, 5552721.755278489552438, 351.49684 ], [ 341539.59114801872056, 5552644.395753680728376, 371.22141 ], [ 341601.731917078897823, 5552596.930649007670581, 374.71764 ], [ 341743.04413568333257, 5552603.198297598399222, 398.18341 ], [ 341854.20927425386617, 5552555.729447419755161, 412.20224 ], [ 341904.697679031523876, 5552590.730198961682618, 408.89043 ], [ 341929.396079750789795, 5552583.767619701102376, 404.28162 ], [ 341913.987672550254501, 5552474.289703533053398, 402.67615 ], [ 341936.645458897459321, 5552415.313523544929922, 397.80395 ], [ 341934.890468925936148, 5552346.378444046713412, 389.54771 ], [ 341890.988204865017906, 5552251.096730962395668, 373.72507 ], [ 341864.483593106153421, 5552214.050202485173941, 367.76364 ], [ 341755.461544214747846, 5552114.356533789075911, 348.34568 ], [ 341732.072797909379005, 5552006.228240902535617, 347.32435 ], [ 341749.475781929097138, 5551965.544035568833351, 346.97421 ], [ 341787.385704650136176, 5551914.015350967645645, 334.68186 ], [ 341806.270318772061728, 5551911.230354552157223, 334.71735 ], [ 341941.580624653201085, 5551989.784516400657594, 352.745 ], [ 341976.991480962838978, 5552025.455112627707422, 362.89459 ], [ 341996.006497645401396, 5552024.669758113101125, 361.67485 ], [ 342001.54456903715618, 5552013.490192733705044, 357.26371 ], [ 341988.554071642050985, 5551963.914755934849381, 359.50739 ], [ 341912.411295151221566, 5551886.945151944644749, 346.35616 ], [ 341920.284806959098205, 5551809.602363273501396, 354.16309 ], [ 341926.263112968765199, 5551784.278489117510617, 354.87798 ], [ 341952.261931147135329, 5551758.250663737766445, 355.88858 ], [ 341979.905360538396053, 5551749.087229517288506, 355.42603 ], [ 342040.721609714557417, 5551767.649852400645614, 359.63722 ], [ 342007.083452689112164, 5551729.033329268917441, 345.61168 ], [ 342071.263244721805677, 5551706.438453885726631, 334.20078 ], [ 342091.588842546858359, 5551713.626108287833631, 337.96564 ], [ 342084.475209396681748, 5551661.873819303698838, 332.9851 ], [ 342130.08372568199411, 5551626.031649461947381, 346.61169 ], [ 342182.733051048940979, 5551566.837832980789244, 351.30033 ], [ 342220.111584406229667, 5551550.378032838925719, 353.10424 ], [ 342292.904363476089202, 5551545.445759868249297, 362.69801 ], [ 342428.559469813480973, 5551608.980825822800398, 384.87755 ], [ 342450.35388537653489, 5551627.142094541341066, 389.76084 ], [ 342280.931286965787876, 5551619.904510351829231, 384.82477 ], [ 342260.072607211302966, 5551623.747506452724338, 385.19871 ], [ 342259.569144554436207, 5551635.779426055029035, 389.02002 ], [ 342476.709703783097211, 5551710.149802414700389, 406.52432 ], [ 342733.587545144313481, 5551777.905883172526956, 415.35408 ], [ 342784.80572955601383, 5551832.810525252483785, 412.39268 ], [ 343037.986596354749054, 5551957.770203028805554, 396.75464 ], [ 343097.795114160282537, 5551976.374178393743932, 395.10044 ], [ 343166.2026021463098, 5551985.602198866195977, 390.86698 ], [ 343220.603594243642874, 5551944.392913567833602, 392.60138 ], [ 343241.461507481813896, 5551940.553655407391489, 391.93899 ], [ 343301.168513546814211, 5551958.161448027938604, 388.53514 ], [ 343369.184596513456199, 5551956.499296921305358, 378.19715 ], [ 343374.677695023536216, 5552019.315744610503316, 367.66947 ], [ 343364.198206453933381, 5552081.710684569552541, 357.72351 ], [ 343342.616705125779845, 5552092.580600143410265, 348.96104 ], [ 343372.281433203606866, 5552108.400347319431603, 335.12664 ], [ 343279.102318989869673, 5552106.127958852797747, 337.16682 ], [ 343291.57855255540926, 5552116.665966636501253, 333.52105 ], [ 343362.263046996085905, 5552132.839427648112178, 322.34892 ], [ 343379.075927155907266, 5552152.151815438643098, 322.38456 ], [ 343418.812835098593496, 5552096.576151927001774, 325.82199 ], [ 343451.403516089194454, 5552085.272429814562201, 313.59808 ], [ 343427.372981632011943, 5552010.203792421147227, 336.18964 ], [ 343469.888070294866338, 5551922.390743142925203, 331.63335 ], [ 343510.13757415371947, 5551903.741759129799902, 321.06675 ], [ 343518.591105102736037, 5551889.362978789955378, 321.24815 ], [ 343517.887390001793392, 5551821.399051669985056, 339.32075 ], [ 343529.720709649089258, 5551792.901514103636146, 343.55489 ], [ 343536.260102991946042, 5551781.583100812509656, 345.01921 ], [ 343620.532275556994136, 5551736.16480614989996, 334.70649 ], [ 343650.749032310559414, 5551717.031974758952856, 333.44279 ], [ 343654.314508646028116, 5551706.802220986224711, 332.86435 ], [ 343644.359988452866673, 5551682.169806869700551, 334.70906 ], [ 343625.197280304739252, 5551677.946514861658216, 344.25204 ], [ 343614.44652456312906, 5551660.347323862835765, 347.53941 ], [ 343625.383642718777992, 5551632.98897460848093, 337.3506 ], [ 343606.397996057989076, 5551534.628221083432436, 339.44185 ], [ 343597.926050970098004, 5551523.972158065997064, 340.59218 ], [ 343568.577863340440672, 5551514.15022290032357, 340.50825 ], [ 343556.766768350847997, 5551494.579376515001059, 340.70828 ], [ 343556.807677658158354, 5551471.545791856013238, 341.37527 ], [ 343470.425406763155479, 5551388.957684029825032, 359.53645 ], [ 343477.386775917198975, 5551362.716993710957468, 355.16121 ], [ 343495.461504379636608, 5551363.967478660866618, 356.77122 ], [ 343538.678342470026109, 5551368.264355538412929, 363.03203 ], [ 343569.023897189297713, 5551351.018937925808132, 369.41485 ], [ 343550.625419819843955, 5551316.731228992342949, 370.38192 ], [ 343548.761874043149874, 5551245.797143551521003, 372.38264 ], [ 343509.578500179457478, 5551242.383339335210621, 373.19177 ], [ 343518.492496217601001, 5551189.937631920911372, 369.25585 ], [ 343542.092326357553247, 5551154.975722944363952, 365.44263 ], [ 343529.656727117486298, 5551143.434464133344591, 364.78381 ], [ 343528.481491244630888, 5551115.540752035565674, 362.36398 ], [ 343591.425696790451184, 5551086.992588896304369, 360.16057 ], [ 343680.256547154393047, 5551106.422477899119258, 355.58618 ] ] ] } },
{ "type": "Feature", "properties": { "name": "Schneifel-Pfad", "km": 72.182, "darstell": "F1" }, "geometry": { "type": "MultiLineString", "coordinates": [ [ [ 320617.162807539454661, 5581765.757612490095198, 470.59282 ], [ 320626.334342039655894, 5581740.181557119823992, 474.26919 ], [ 320566.557892591401469, 5581667.638698441907763, 473.43832 ], [ 320521.20098451449303, 5581434.669686778448522, 487.71262 ], [ 320429.327202987624332, 5581410.964924408122897, 493.52754 ], [ 320367.22911149635911, 5581331.045737682841718, 501.77643 ], [ 320345.314464833005331, 5581339.91492320317775, 507.20262 ], [ 320351.388034891453572, 5581384.562399721704423, 509.21641 ], [ 320333.871870759408921, 5581392.948353188112378, 509.01189 ], [ 320188.530657549446914, 5581323.427821729332209, 527.98863 ], [ 320014.18883985595312, 5581274.37532342877239, 534.14293 ], [ 319830.296026299358346, 5581335.952277588658035, 537.26703 ], [ 319800.142882745945826, 5581334.976077594794333, 540.51545 ], [ 319641.002511466387659, 5581197.267795778810978, 568.96284 ], [ 319660.451198628463317, 5581084.747716487385333, 568.98629 ], [ 319478.584272289182991, 5581113.990439360961318, 583.20939 ], [ 319452.347098245634697, 5581092.180570569820702, 587.302 ], [ 319354.585662444995251, 5580810.922180402092636, 605.86679 ], [ 319327.887008732766844, 5580665.139526176266372, 610.2905 ], [ 319268.199620065104682, 5580535.620689138770103, 615.73554 ], [ 319197.539611888350919, 5580428.960116910748184, 619.77436 ], [ 319190.04457999166334, 5580384.69590412452817, 618.86856 ], [ 319201.72284945694264, 5580355.469904414378107, 617.18922 ], [ 319415.492567639797926, 5580185.559265315532684, 612.72909 ], [ 319494.589018622413278, 5580057.313456520438194, 617.42619 ], [ 319536.161320010665804, 5580021.16975003760308, 616.04162 ], [ 319474.773948438989464, 5579927.434034139849246, 618.03435 ], [ 319389.262241366202943, 5579857.338843742385507, 617.81649 ], [ 319277.574807989993133, 5579827.984400971792638, 620.86271 ], [ 319122.071900554001331, 5579948.382406075485051, 629.12666 ], [ 318931.804085057694465, 5579749.873040194623172, 610.6213 ], [ 318838.417269842582755, 5579718.454523090273142, 601.58941 ], [ 318766.238424561102875, 5579647.02191651891917, 589.76399 ], [ 318673.117507448012475, 5579523.66216529533267, 568.73761 ], [ 318547.803704890364315, 5579440.029047640971839, 550.60575 ], [ 318458.245686953072436, 5579393.793725065886974, 543.21332 ], [ 318403.032097447430715, 5579381.107410074211657, 538.00975 ], [ 318488.166264200815931, 5579362.71608716621995, 531.04264 ], [ 318529.858735696529038, 5579315.541499260812998, 530.36945 ], [ 318592.057039563544095, 5579105.943583970889449, 533.82035 ], [ 318639.298046296811663, 5579037.655256426893175, 533.28385 ], [ 318512.275454461574554, 5578908.669952557422221, 529.85581 ], [ 318501.311066217022017, 5578954.568153785541654, 527.11389 ], [ 318349.648909677111078, 5579012.861451974138618, 544.14637 ], [ 318286.680195707886014, 5578803.43836073577404, 542.4459 ], [ 318227.34932875900995, 5578735.355308857746422, 545.67831 ], [ 318209.03481166443089, 5578758.021957522258162, 549.349 ], [ 318015.650144442857709, 5578558.090272760950029, 542.49069 ], [ 317980.70367712964071, 5578387.107640782371163, 535.67732 ], [ 318020.96649529482238, 5578318.942430629394948, 536.46291 ], [ 318011.815122904372402, 5578218.528832479380071, 540.378 ], [ 317966.588031379156746, 5578144.398339305073023, 544.66586 ], [ 317978.729649566230364, 5578054.049032898619771, 551.3115 ], [ 318003.551805250928737, 5577986.414698316715658, 553.62794 ], [ 318000.043040616437793, 5577954.81429398059845, 554.54149 ], [ 318017.467502361279912, 5577947.648601930588484, 553.39715 ], [ 317986.361255467811134, 5577880.155877200886607, 555.63099 ], [ 317941.816753532737494, 5577854.97479603253305, 559.1375 ], [ 317844.209689631417859, 5577764.170192049816251, 565.56525 ], [ 317766.210317614022642, 5577642.752166715450585, 575.21531 ], [ 317777.93587795633357, 5577606.620733874849975, 574.76514 ], [ 317772.588243667501956, 5577372.51413210388273, 575.54681 ], [ 317751.047766455914825, 5577289.111083566211164, 579.07095 ], [ 317661.010643520625308, 5577106.001902136951685, 595.04298 ], [ 317513.886473996855784, 5577123.646120572462678, 608.47892 ], [ 317517.88184032618301, 5577101.025421110913157, 609.31368 ], [ 317561.664650494931266, 5577058.335331127047539, 609.75308 ], [ 317591.655648520565592, 5576952.455821650102735, 613.92932 ], [ 317613.240237596444786, 5576784.536901186220348, 620.44836 ], [ 317577.060953001026064, 5576675.593752306886017, 625.38311 ], [ 317556.920733573031612, 5576632.990886026062071, 625.50012 ], [ 317130.019703433848917, 5576837.815947836264968, 618.65941 ], [ 317031.261024209437892, 5576720.796898174099624, 621.76839 ], [ 316963.528058917727321, 5576668.487267315387726, 620.74763 ], [ 316924.150810385704972, 5576661.277725625783205, 618.37883 ], [ 316875.979214569553733, 5576649.141248535364866, 615.13703 ], [ 316782.252723297453485, 5576593.391623850911856, 609.27643 ], [ 316661.959270887076855, 5576571.174747933633626, 598.38465 ], [ 316615.519385519437492, 5576483.517079221084714, 598.83242 ], [ 316571.506842698785476, 5576453.653354636393487, 597.86051 ], [ 316500.082541973330081, 5576373.205981503240764, 600.84109 ], [ 316440.314375021553133, 5576353.572408741340041, 601.32528 ], [ 316246.747336041938979, 5576208.24217673111707, 604.67824 ], [ 316238.223747770360205, 5576213.212563306093216, 603.88695 ], [ 316246.747336041938979, 5576208.24217673111707, 604.67824 ], [ 316136.909334623836912, 5576070.697268530726433, 607.6229 ], [ 316005.085530266049318, 5575971.427151449024677, 602.78461 ], [ 315985.236787576926872, 5575917.132392348721623, 603.61414 ], [ 315925.283811114379205, 5575717.97753267083317, 606.91236 ], [ 315875.081717946217395, 5575670.302817462943494, 607.64123 ], [ 315915.856514668965247, 5575653.860116614028811, 609.14444 ], [ 315994.257268000859767, 5575534.37944883108139, 615.36813 ], [ 316027.013964381767437, 5575492.282360533252358, 617.9691 ], [ 316052.26713841909077, 5575377.764709989540279, 624.59814 ], [ 316038.935101601702627, 5575320.238318406976759, 627.49141 ], [ 315984.029673347831704, 5575315.80023620929569, 626.69802 ], [ 315788.365539950085804, 5575121.805778106674552, 636.85535 ], [ 315662.416107552649919, 5575001.635870239697397, 639.91425 ], [ 315576.82154467375949, 5574965.65716334618628, 640.78839 ], [ 315393.888421616051346, 5574808.408414798788726, 648.00049 ], [ 315100.328917151200585, 5574470.480163338594139, 646.31697 ], [ 315191.338204069877975, 5574311.702862536534667, 662.44395 ], [ 314968.043140784080606, 5574153.314150067046285, 663.94912 ], [ 314789.658885019831359, 5574062.262687720358372, 666.69592 ], [ 314663.970782150805462, 5573936.650814431719482, 665.42332 ], [ 314550.212158359237947, 5573738.387311750091612, 663.78104 ], [ 314481.625634034397081, 5573667.547857108525932, 665.18573 ], [ 314265.676176173845306, 5573624.575332164764404, 663.76187 ], [ 314179.14687593805138, 5573575.070838794112206, 665.84037 ], [ 314112.134124034550041, 5573463.88798757456243, 667.07966 ], [ 314029.105446676141582, 5573274.351795420050621, 667.55571 ], [ 313850.164806369692087, 5573087.514519723132253, 663.10123 ], [ 313857.174513545469381, 5573061.668141646310687, 664.91521 ], [ 313929.308191224467009, 5572852.998648734763265, 672.8992 ], [ 313901.591371774324216, 5572778.617167213000357, 672.76614 ], [ 313674.673464561928995, 5572542.378845339640975, 674.38312 ], [ 313660.801668053958565, 5572549.544507086277008, 674.35517 ], [ 313649.369914297596551, 5572510.432513686828315, 675.55363 ], [ 313437.918242877931334, 5572246.05584826413542, 691.32546 ], [ 313370.383059400250204, 5572175.637169410474598, 692.90662 ], [ 313229.609484297921881, 5572069.507851846516132, 692.9679 ], [ 313169.939011602080427, 5571987.572619923390448, 693.55126 ], [ 313137.640755767235532, 5571901.000674850307405, 693.49826 ], [ 313099.303604456654284, 5571859.720737143419683, 693.62066 ], [ 313054.55789948720485, 5571741.865356607362628, 695.18449 ], [ 313009.578884694376029, 5571694.364223953336477, 696.3615 ], [ 312987.51514027803205, 5571647.280048852786422, 696.96459 ], [ 312786.847723641199991, 5571425.510059972293675, 695.62052 ], [ 312776.874820333439857, 5571403.711889298632741, 695.22356 ], [ 312784.706833730917424, 5571350.67613975238055, 694.58506 ], [ 312803.316927924868651, 5571303.827272262424231, 693.26803 ], [ 312840.796946912771091, 5571263.993067178875208, 690.6363 ], [ 312988.034319000085816, 5571180.219575747847557, 669.94748 ], [ 313033.277738240605686, 5571125.754755204543471, 656.17583 ], [ 313064.45709203754086, 5571150.034160974435508, 655.48392 ], [ 313017.789893336070236, 5571095.245967573486269, 653.52596 ], [ 312981.923370843345765, 5571004.793344843201339, 643.63964 ], [ 313107.40751166199334, 5570979.78095901850611, 624.59131 ], [ 313171.075298992916942, 5571033.080933689139783, 624.91282 ], [ 313200.256456193630584, 5571035.058932667598128, 622.03527 ], [ 313277.034787813667208, 5570921.607321181334555, 606.62023 ], [ 313240.745654437923804, 5570837.28988026175648, 602.52609 ], [ 313330.002555194485467, 5570717.389679209329188, 589.4781 ], [ 313395.25377507560188, 5570693.94692450389266, 584.10491 ], [ 313505.2093991493457, 5570679.619303667917848, 574.65891 ], [ 313597.157887281151488, 5570690.970159550197423, 566.26252 ], [ 313685.133934711455368, 5570680.64615526702255, 555.5535 ], [ 313756.697422734287102, 5570688.597102646715939, 548.27283 ], [ 313775.038154431560542, 5570700.864951828494668, 547.54862 ], [ 313775.621155692089815, 5570721.547298647463322, 549.21536 ], [ 313741.865867313463241, 5570780.388050246052444, 557.59978 ], [ 313756.08870873315027, 5570815.617956315167248, 559.61747 ], [ 313846.256574198254384, 5570745.782550946809351, 549.56769 ], [ 313839.189641312637832, 5570627.712886760942638, 543.13294 ], [ 313716.516039976966567, 5570403.729717897251248, 533.7357 ], [ 313722.058422811795026, 5570299.353366354480386, 529.14287 ], [ 313654.815318207256496, 5570233.705986720509827, 530.16046 ], [ 313648.833417671034113, 5570223.898499404080212, 530.54113 ], [ 313717.298063525871839, 5570210.476133736781776, 528.83999 ], [ 313865.647301705845166, 5570206.051207921467721, 523.61181 ], [ 313927.644429044681601, 5570189.296623176895082, 520.76853 ], [ 313993.439555542427115, 5570144.472139395773411, 516.97744 ], [ 314072.561404011910781, 5570044.085824358277023, 514.30727 ], [ 314087.190740484395064, 5570033.88992817606777, 513.40936 ], [ 314160.897535149240866, 5570039.656925834715366, 510.04889 ], [ 314230.835907850589138, 5570005.04190568625927, 517.86517 ], [ 314266.071840528864413, 5569951.495771953836083, 517.46808 ], [ 314279.425592948915437, 5569855.863142743706703, 509.24767 ], [ 314325.541678245004732, 5569782.792515093460679, 507.66247 ], [ 314458.877233335748315, 5569603.716962066479027, 517.03831 ], [ 314469.521287318784744, 5569446.739867525175214, 504.56631 ], [ 314496.867898692027666, 5569328.581006628461182, 502.03546 ], [ 314557.572702153527644, 5569245.876315386965871, 503.58293 ], [ 314598.984560847224202, 5569213.598950495012105, 504.05004 ], [ 314613.291758771054447, 5569165.461284467950463, 509.90036 ], [ 314595.10409528913442, 5569084.065232735127211, 513.20381 ], [ 314488.088227214990184, 5568948.561386945657432, 497.14685 ], [ 314390.561857065884396, 5568688.512227388098836, 501.19949 ], [ 314388.361208402668126, 5568633.716172984801233, 511.7944 ], [ 314407.307859005755745, 5568589.645401403307915, 509.19705 ], [ 314520.395923534058966, 5568477.729769139550626, 508.50081 ], [ 314647.058851237408817, 5568474.420834105461836, 527.54595 ], [ 314689.082022466463968, 5568439.006763734854758, 526.51524 ], [ 314770.659640821977518, 5568461.093080876395106, 538.57424 ], [ 314899.249445528606884, 5568435.239665086381137, 550.77658 ], [ 315018.912855793605559, 5568399.015193832106888, 544.21914 ], [ 315082.533932866412215, 5568344.153292034752667, 535.11611 ], [ 315168.842850821733009, 5568301.191226436756551, 525.70585 ], [ 315210.553579423925839, 5568303.858101, 521.21509 ], [ 315229.980646333424374, 5568310.305637345649302, 518.10537 ], [ 315415.215578711708076, 5568201.13241293374449, 500.5226 ], [ 315529.250063803396188, 5568156.767855540849268, 483.46801 ], [ 315593.671121602063067, 5568180.2418128605932, 473.66716 ], [ 315613.7115295950789, 5568070.692170867696404, 458.72554 ], [ 315629.241055160877295, 5568047.113490805029869, 456.66597 ], [ 315648.90459730400471, 5568029.513026772066951, 456.19466 ], [ 315651.836582516669296, 5567998.803082031197846, 457.3723 ], [ 315621.58331072924193, 5567867.625713990069926, 465.94387 ], [ 315633.509541483712383, 5567838.940943605266511, 468.19114 ], [ 315709.799176915490534, 5567759.940290632657707, 482.84913 ], [ 315707.041256394062657, 5567655.745648169890046, 502.23714 ], [ 315721.799489291326609, 5567616.055270422250032, 509.29288 ], [ 315700.913842316775117, 5567512.044279034249485, 526.79452 ], [ 315716.50031724962173, 5567397.418739762157202, 551.09767 ], [ 315603.654275182751007, 5567328.431060623377562, 546.2457 ], [ 315559.527349533163942, 5567283.104408169165254, 543.26291 ], [ 315542.755285229883157, 5567238.052654682658613, 541.41184 ], [ 315543.358317373495083, 5567185.496956964023411, 534.98887 ], [ 315592.338056706823409, 5567129.926421857438982, 539.61376 ], [ 315676.51647010515444, 5567098.957364585250616, 543.62413 ], [ 315706.458821937325411, 5567033.808649441227317, 535.8986 ], [ 315688.533063205890357, 5567006.93876485247165, 532.637 ], [ 315696.968957676319405, 5566922.835581592284143, 544.51198 ], [ 315635.485357661964372, 5566823.906009675934911, 551.9624 ], [ 315569.664945555268787, 5566742.045499779284, 561.74235 ], [ 315465.381594519072678, 5566673.31925577390939, 567.64343 ], [ 315447.275734962429851, 5566637.218209534883499, 567.36937 ], [ 315442.98266112152487, 5566513.598981123417616, 557.12936 ], [ 315458.894250793033279, 5566441.256375836208463, 550.82117 ], [ 315456.311870631296188, 5566323.699421149678528, 544.52737 ], [ 315441.45069803239312, 5566317.314722656272352, 542.89605 ], [ 315497.811961196013726, 5566142.950546360574663, 535.4532 ], [ 315499.904912439407781, 5566057.175140799023211, 531.82659 ], [ 315464.47870430914918, 5566044.714795569889247, 532.40587 ], [ 315408.14937235834077, 5565872.482585333287716, 534.91706 ], [ 315327.082265506032854, 5565720.142875981517136, 544.27724 ], [ 315292.986485303961672, 5565626.831735492683947, 546.72245 ], [ 315288.755461389548145, 5565546.173190156929195, 549.49253 ], [ 315165.458718194044195, 5565428.471118060871959, 554.85651 ], [ 315140.350218855193816, 5565345.199414764530957, 557.95668 ], [ 315096.36668033816386, 5565304.545300988480449, 558.27813 ], [ 315079.041530901566148, 5565252.056545866653323, 558.65211 ], [ 315143.402390579693019, 5565322.053658626042306, 558.31821 ], [ 315209.030275535478722, 5565338.137020315043628, 556.92738 ], [ 315234.775487868231721, 5565328.783222530037165, 555.30778 ], [ 315249.6272055945592, 5565291.648593933321536, 552.06896 ], [ 315224.021301900560502, 5565224.866601291112602, 548.6824 ], [ 315352.506899612897541, 5565146.386660085059702, 524.84866 ], [ 315373.455772958579473, 5565130.522048893384635, 520.41927 ], [ 315379.564896945084911, 5565150.121703335084021, 520.47369 ], [ 315458.067019731970504, 5565199.597014350816607, 504.7303 ], [ 315469.241218679351732, 5565231.375476953573525, 502.63178 ], [ 315458.932464195648208, 5565354.165658411569893, 510.13933 ], [ 315467.633899964625016, 5565436.115919069387019, 513.21634 ], [ 315511.646057459467556, 5565467.422505312599242, 503.99131 ], [ 315536.99069356918335, 5565512.399484505876899, 501.70262 ], [ 315528.313554295862559, 5565573.137632710859179, 503.88357 ], [ 315537.433334150759038, 5565597.196334759704769, 499.89234 ], [ 315541.146925776964054, 5565617.769668477587402, 497.97313 ], [ 315579.290236765285954, 5565626.129530251026154, 490.83729 ], [ 315594.421187230269425, 5565662.890812407247722, 488.59065 ], [ 315641.070227486896329, 5565677.634156027808785, 492.82107 ], [ 315783.874523061676882, 5565668.342648582533002, 513.01035 ], [ 315849.323963660281152, 5565559.89307280164212, 522.06782 ], [ 315861.764743260107934, 5565492.235894153825939, 522.36043 ], [ 315896.704269787063822, 5565459.638710808940232, 522.72038 ], [ 315946.659267027629539, 5565555.409159503877163, 531.55051 ], [ 315979.920860617887229, 5565558.932326101697981, 532.64224 ], [ 316136.294033726328053, 5565665.156848275102675, 537.83866 ], [ 316241.006633927230723, 5565553.907740178517997, 512.18296 ], [ 316271.092905935598537, 5565554.426042263396084, 509.23886 ], [ 316361.490022666635923, 5565613.742465420626104, 506.66986 ], [ 316454.312665463541634, 5565770.253660382702947, 513.56923 ], [ 316525.903907267434988, 5565872.516336439177394, 515.75038 ], [ 316638.285786123247817, 5565952.44795424118638, 516.44835 ], [ 316657.619945486192591, 5566045.051124672405422, 528.23821 ], [ 316704.597408872912638, 5566061.239003287628293, 523.28272 ], [ 316809.125420396914706, 5566128.979046802967787, 511.12323 ], [ 316823.913337002857588, 5566129.137179641053081, 508.14179 ], [ 316818.119351458386518, 5566089.491226868703961, 505.13491 ], [ 316936.924491566780489, 5566115.671721699647605, 479.59906 ], [ 317004.053869118797593, 5566144.746762678027153, 465.57907 ], [ 317073.582976905745454, 5566135.675288749858737, 448.60458 ], [ 317087.578111245820764, 5566094.123808178119361, 440.33052 ], [ 317047.113173312856816, 5566016.048052521422505, 439.6321 ], [ 317050.596262058184948, 5566003.128620929084718, 438.60021 ], [ 317094.377530169673264, 5566036.458849493414164, 437.64157 ], [ 317145.003923224867322, 5566048.740762089379132, 435.93327 ], [ 317273.4626234928146, 5566048.32979002315551, 442.89179 ], [ 317272.299786868039519, 5566062.282280185259879, 441.70123 ], [ 317273.4626234928146, 5566048.32979002315551, 442.89179 ], [ 317297.413920229359064, 5566053.294036580249667, 445.40754 ], [ 317224.659619153593667, 5565966.532676105387509, 444.70516 ], [ 317202.785247146617621, 5565878.689982405863702, 453.16263 ], [ 317163.410784236737527, 5565844.762053758837283, 449.75658 ], [ 317076.001846148516051, 5565763.960262371227145, 441.27453 ], [ 317000.443184470757842, 5565631.2197310263291, 445.73452 ], [ 316978.148403879138641, 5565533.375162170268595, 457.58547 ], [ 316951.742532012460288, 5565488.317284638993442, 459.01309 ], [ 316899.511931585031562, 5565381.931979531422257, 467.77304 ], [ 316760.363332920591347, 5565232.241111560724676, 465.6428 ], [ 316730.537608109181747, 5565187.524631831794977, 470.73649 ], [ 316727.853106501337606, 5565101.359227148815989, 485.5102 ], [ 316745.657947520085145, 5565099.855106223374605, 488.08002 ], [ 316758.753449290001299, 5565119.215248283930123, 487.65026 ], [ 316779.787109395314474, 5565172.025906587019563, 485.48707 ], [ 316785.356071862042882, 5565068.324531000107527, 493.95724 ], [ 316751.378159267711453, 5565042.004275158047676, 495.37684 ], [ 316729.353229445056058, 5564995.683295389637351, 498.85107 ], [ 316720.461163660278544, 5564886.915279638953507, 504.48847 ], [ 316745.136608531582169, 5564844.327095287851989, 512.0322 ], [ 316725.53308171936078, 5564710.774362702853978, 512.92534 ], [ 316706.360557698528282, 5564691.289823910221457, 510.36141 ], [ 316639.555918178870343, 5564676.341429972089827, 492.35498 ], [ 316594.465749871102162, 5564622.023536500521004, 486.99382 ], [ 316525.215870382264256, 5564519.678501377813518, 477.74236 ], [ 316564.063921905588359, 5564455.119532532989979, 502.84634 ], [ 316588.90516573167406, 5564427.661864742636681, 514.42064 ], [ 316546.701287143165246, 5564295.556873174384236, 524.39955 ], [ 316565.103998948819935, 5564307.1651506787166, 525.8158 ], [ 316584.310677592409775, 5564319.302261951379478, 527.68052 ], [ 316584.332573557738215, 5564297.152694001793861, 529.77109 ], [ 316636.658424767840188, 5564389.285921511240304, 529.57442 ], [ 316656.122557512135245, 5564448.271902020089328, 527.66483 ], [ 316642.3790638896171, 5564493.043366573750973, 522.59951 ], [ 316638.068344890954904, 5564515.118209610693157, 519.23996 ], [ 316653.520027794293128, 5564534.396933746524155, 522.31429 ], [ 316685.536364861647598, 5564570.022318517789245, 525.64033 ], [ 316785.757223281310871, 5564613.537124210037291, 531.43493 ], [ 316800.59259179153014, 5564594.216237341053784, 532.43188 ], [ 316781.572212241240777, 5564494.144710493274033, 535.68563 ], [ 316780.940670434618369, 5564482.034729729406536, 536.19691 ], [ 316882.762729982845485, 5564480.753535435535014, 535.01635 ], [ 317210.464744482131209, 5564433.863336013630033, 515.91432 ], [ 317570.561612288642209, 5564314.984524469822645, 495.79023 ], [ 318009.883084780536592, 5564329.315217368304729, 472.40579 ], [ 318145.333889268746134, 5564166.63753514084965, 464.19241 ], [ 318153.442425777961034, 5564029.796868342906237, 464.19243 ], [ 318202.498132560460363, 5564029.12151344679296, 462.57636 ], [ 318338.052144904970191, 5563954.816970354877412, 456.79369 ], [ 318373.559551020734943, 5564030.17756631039083, 456.8308 ], [ 318509.521653188741766, 5563923.809712748974562, 456.40665 ], [ 318561.275600224093068, 5563914.253097046166658, 455.68045 ], [ 318702.217174631194212, 5563932.819562966935337, 451.50524 ], [ 318768.432882588822395, 5563995.44953450281173, 452.4067 ], [ 318862.02308671164792, 5564131.939949094317853, 456.40416 ], [ 318892.215806862106547, 5564028.406491319648921, 463.60172 ], [ 318861.057922422245611, 5563830.912420785054564, 468.24623 ], [ 318832.2910977184074, 5563743.521776313893497, 471.79916 ], [ 318912.967153805249836, 5563691.580978029407561, 486.15012 ], [ 318907.308305471320637, 5563623.993383932858706, 488.6987 ], [ 318863.703728527470957, 5563558.254295980557799, 488.59745 ], [ 318848.996491616882849, 5563365.542416634969413, 485.85562 ], [ 318892.860727890743874, 5563281.466087101958692, 488.50592 ], [ 318925.280289611022454, 5563268.342361899092793, 488.80766 ], [ 318996.820888870686758, 5563289.948004992678761, 488.67225 ], [ 319180.877912325318903, 5563401.552491222508252, 490.74232 ], [ 319260.533568247687072, 5563449.708292294293642, 492.6272 ], [ 319363.299137299414724, 5563305.315625411458313, 484.48033 ], [ 319536.905500967579428, 5563111.220665565691888, 478.34781 ], [ 319696.61523007764481, 5562993.729902613908052, 468.79543 ], [ 319605.113702120725065, 5562880.749283023178577, 475.41227 ], [ 319648.064468139316887, 5562849.354397675953805, 473.37156 ], [ 319740.475740827736445, 5562767.758702300488949, 463.57154 ], [ 319791.384761220484506, 5562692.801180700771511, 459.59084 ], [ 319827.712584221852012, 5562674.653883931227028, 454.56655 ], [ 319887.091748785227537, 5562674.646860460750759, 458.38374 ], [ 319949.066512187535409, 5562592.972583306953311, 454.99376 ], [ 320079.259006895008497, 5562478.830869334749877, 456.46303 ], [ 320143.004818685934879, 5562402.886678140610456, 451.09526 ], [ 320141.595446105115116, 5562308.332828638143837, 452.9294 ], [ 320114.121615508804098, 5562243.930803116410971, 451.36894 ], [ 320043.782176704378799, 5562209.470019359141588, 446.6359 ], [ 320010.581832993950229, 5562165.963143180124462, 447.03548 ], [ 320013.933718863641843, 5562051.660116257146001, 448.76561 ], [ 320000.073313296132255, 5562013.731787019409239, 446.6521 ], [ 319925.154314978979528, 5561791.225682951509953, 438.18262 ], [ 319921.340477982768789, 5561680.615205465815961, 438.91832 ], [ 319946.719368179910816, 5561647.035599205642939, 435.25072 ], [ 319935.683318378054537, 5561614.465339409187436, 435.49609 ], [ 319885.497382731293328, 5561607.704875749535859, 434.11699 ], [ 319706.917486428632401, 5561494.441384816542268, 424.86609 ], [ 319659.499473763629794, 5561398.552216579206288, 425.62727 ], [ 319655.88716543384362, 5561334.122785769402981, 429.08865 ], [ 319672.766403813555371, 5561294.374686758033931, 432.47461 ], [ 319566.279835662338883, 5561263.036050933413208, 431.03174 ], [ 319448.032862757507246, 5561281.180079929530621, 420.60547 ], [ 319344.570854323683307, 5561206.337527923285961, 418.63196 ], [ 319340.576973621384241, 5561126.562132531777024, 419.67066 ], [ 319378.841289146861527, 5560952.420252599753439, 427.42957 ], [ 319357.402220159070566, 5560885.145511790178716, 422.33897 ], [ 319288.632650691084564, 5560817.585122986696661, 415.55741 ], [ 319331.698683595401235, 5560740.66448263451457, 431.23376 ], [ 319332.614386363071389, 5560702.347419127821922, 433.81112 ], [ 319212.411128226900473, 5560587.451618641614914, 411.68758 ], [ 319142.736426516901702, 5560463.941335445269942, 415.85487 ], [ 319081.595023607718758, 5560414.933254533447325, 412.99977 ], [ 319030.516120367916301, 5560403.313420557416975, 414.38432 ], [ 318862.205009937752038, 5560444.428910289891064, 405.70429 ], [ 318821.988667554687709, 5560424.316855216398835, 405.10512 ], [ 318791.046973504940979, 5560386.860993776470423, 404.43762 ], [ 318776.834012479172088, 5560355.736335707828403, 405.19732 ], [ 318775.489794914145023, 5560278.430625860579312, 411.55467 ], [ 318723.892619900521822, 5560165.550889534875751, 404.03932 ], [ 318726.783314281958155, 5560103.460010238923132, 404.98136 ], [ 318736.209470775094815, 5560071.642076894640923, 404.71934 ], [ 318799.309702080558054, 5560091.86530047096312, 424.36457 ], [ 318858.83460774179548, 5560091.064446058124304, 437.90952 ], [ 318964.551861599436961, 5560061.092100458219647, 457.81952 ], [ 319061.652905496302992, 5560013.162013343535364, 473.21451 ], [ 319111.258438469725661, 5560025.500173525884748, 475.76131 ], [ 319129.012419461330865, 5559996.739107450470328, 475.11372 ], [ 319173.619530621625017, 5560036.626561067998409, 476.31786 ], [ 319254.885243085678667, 5560021.291215496137738, 473.93772 ], [ 319344.373682769131847, 5560029.16170516051352, 472.25632 ], [ 319380.540073236566968, 5559988.869927148334682, 473.7993 ], [ 319255.113181374617852, 5559867.917027082294226, 461.85342 ], [ 319251.05184419231955, 5559851.471703446470201, 459.32875 ], [ 319269.113600578974001, 5559838.059642490930855, 458.55147 ], [ 319338.874897304922342, 5559831.240824098698795, 452.41734 ], [ 319443.739850475685671, 5559851.83580082654953, 453.73 ], [ 319561.482661193236709, 5559902.268974492326379, 447.19777 ], [ 319694.2126765914727, 5559971.00617668312043, 444.97694 ], [ 319648.864203553821426, 5559850.0049456525594, 420.41949 ], [ 319737.608142912504263, 5559897.083496196195483, 422.93548 ], [ 319790.483945834566839, 5559951.164451363496482, 431.2397 ], [ 319836.431113427097443, 5559967.417137974873185, 432.80182 ], [ 319885.252850996039342, 5559960.868664857000113, 431.08677 ], [ 319991.796821555239148, 5559910.744696483016014, 427.76787 ], [ 320048.98914986604359, 5559910.703855724073946, 427.37987 ], [ 320157.087734019965865, 5559959.472350314259529, 427.9825 ], [ 320164.661936866235919, 5560031.335946196690202, 433.28113 ], [ 320187.529623996233568, 5560077.641672004945576, 434.86782 ], [ 320327.549958174466155, 5560129.787376672960818, 438.08858 ], [ 320497.652491926564835, 5560334.286973981186748, 459.72795 ], [ 320503.006026678252965, 5560353.137950639240444, 465.41988 ], [ 320477.911534256942105, 5560370.010431974194944, 466.78238 ], [ 320510.359374932595529, 5560484.329485393129289, 487.07444 ], [ 320543.796979433158413, 5560534.73198854457587, 494.26087 ], [ 320560.836934050545096, 5560522.805607870221138, 493.99039 ], [ 320583.517521476373076, 5560512.803816953673959, 488.77963 ], [ 320598.895240344048943, 5560513.064726221375167, 484.9316 ], [ 320606.675014506618027, 5560540.292447928339243, 489.23794 ], [ 320561.978094470629003, 5560571.514350934885442, 497.06522 ], [ 320514.278120918083005, 5560573.010821676813066, 496.17294 ], [ 320394.342758159677032, 5560624.244390436448157, 497.2 ], [ 320383.700276132905856, 5560624.492112444713712, 497.0 ], [ 320362.224159372737631, 5560617.203403348103166, 496.1 ], [ 320334.258234925684519, 5560606.127139136195183, 495.7 ], [ 320305.93131459527649, 5560597.066513841971755, 496.1 ], [ 320296.972497831855435, 5560594.252609805203974, 496.2 ], [ 320270.148118965676986, 5560595.825807295739651, 497.4 ], [ 320265.522045143065043, 5560596.42715008277446, 497.6 ], [ 320255.942821905016899, 5560600.64586419519037, 498.3 ], [ 320249.467549804947339, 5560607.876075256615877, 499.1 ], [ 320236.520986465737224, 5560618.218460691161454, 499.9 ], [ 320200.943429147824645, 5560650.582501467317343, 500.6 ], [ 320180.266727607231587, 5560671.202679621055722, 501.1 ], [ 320166.39208104647696, 5560687.920440501533449, 501.1 ], [ 320199.374482495011762, 5560707.841340735554695, 502.1 ], [ 320232.356632933253422, 5560727.762439970858395, 503.0 ], [ 320248.455048223957419, 5560734.564399288035929, 503.5 ], [ 320266.751788923400454, 5560740.84701066557318, 504.1 ], [ 320287.055168184218928, 5560747.284538999199867, 504.7 ], [ 320282.736837371252477, 5560759.116317569278181, 505.2 ], [ 320281.341934376163408, 5560774.967344940640032, 505.7 ], [ 320280.450587416824419, 5560790.912670673802495, 505.9 ], [ 320280.070589597220533, 5560800.830785856582224, 506.1 ], [ 320277.214454996166751, 5560805.156424480490386, 506.1 ], [ 320274.099001272348687, 5560810.269886647351086, 506.1 ], [ 320268.571021423209459, 5560815.909976528026164, 506.0 ], [ 320253.689620501594618, 5560828.209691835567355, 505.9 ], [ 320237.489499733725097, 5560835.323094308376312, 505.4 ], [ 320230.03368572081672, 5560845.257548618130386, 505.1 ], [ 320226.564695391454734, 5560861.067343274131417, 505.0 ], [ 320222.167418191325851, 5560881.137715792283416, 504.8 ], [ 320218.958004273590632, 5560889.815844066441059, 504.7 ], [ 320217.777966212655883, 5560892.971966011449695, 504.6 ], [ 320201.852354234433733, 5560901.856949225999415, 503.8 ], [ 320189.117135425563902, 5560909.96645378973335, 503.2 ], [ 320175.566495662322268, 5560919.327784668654203, 502.5 ], [ 320159.313597461790778, 5560952.375091530382633, 500.8 ], [ 320158.001738711260259, 5560972.786493067629635, 499.9 ], [ 320162.232851716107689, 5560975.314654660411179, 500.0 ], [ 320180.840678101172671, 5560986.594723072834313, 500.3 ], [ 320213.220139832701534, 5561003.530999371781945, 500.0 ], [ 320221.11458049970679, 5561017.176334179006517, 499.0 ], [ 320190.639357605483383, 5561039.685608935542405, 497.8 ], [ 320169.633561023627408, 5561065.325347679667175, 495.2 ], [ 320148.627972734160721, 5561090.965174856595695, 492.3 ], [ 320145.884826217545196, 5561096.51133537851274, 491.7 ], [ 320248.876812640810385, 5561214.901293604634702, 487.38778 ], [ 320313.479041605023667, 5561318.339623687788844, 483.77056 ], [ 320443.142042985593434, 5561414.018772038631141, 480.91529 ], [ 320481.887802150915377, 5561469.361205304972827, 467.62124 ], [ 320525.965643836883828, 5561509.054051572456956, 455.62136 ], [ 320559.894511503283866, 5561504.23740014154464, 458.02912 ], [ 320589.91420758748427, 5561517.026068047620356, 455.5382 ], [ 320667.795106594800018, 5561626.698295578360558, 449.60839 ], [ 320634.884914987254888, 5561634.151055350899696, 447.45287 ], [ 320604.33609068847727, 5561622.604256036691368, 447.24288 ], [ 320594.199460782227106, 5561618.716700792312622, 447.1066 ], [ 320718.303545742062852, 5561825.550437754951417, 456.25652 ], [ 320918.302864822908305, 5561932.894349182024598, 460.25349 ], [ 321010.149535116041079, 5561935.480624182149768, 464.37312 ], [ 321030.261034393100999, 5561910.875912076793611, 466.79909 ], [ 321018.933314079069532, 5561822.666253759525716, 466.1301 ], [ 320969.384074473171495, 5561758.223684861324728, 464.6608 ], [ 320978.553709990810603, 5561744.003405889496207, 462.84379 ], [ 321086.656103456160054, 5561792.120404587127268, 472.6687 ], [ 321223.088173251657281, 5561749.695754311978817, 469.08664 ], [ 321431.512601210095454, 5561814.483668059110641, 473.57143 ], [ 321453.102266734000295, 5561838.132777894847095, 474.1356 ], [ 321451.096328074636403, 5561897.631179369054735, 481.26006 ], [ 321474.218758039700333, 5561935.029412096366286, 486.00952 ], [ 321506.136501788860187, 5561940.636488040909171, 485.64648 ], [ 321569.757529321534093, 5561924.146165336482227, 479.68255 ], [ 321693.808360221213661, 5561951.596089937724173, 479.80888 ], [ 321771.934399187332019, 5562011.860188578255475, 488.80243 ], [ 321855.924433553242125, 5562021.067789777182043, 484.08154 ], [ 321968.325130558921956, 5562069.948380195535719, 482.55078 ], [ 321983.203122366103344, 5562100.279017425142229, 482.79539 ], [ 322006.034744723234326, 5562150.487801914103329, 482.60089 ], [ 322012.793446422321722, 5562128.22561433725059, 482.58769 ], [ 322043.298793555237353, 5562138.668670691549778, 482.49024 ], [ 322148.672108714468777, 5562242.544219406321645, 490.68682 ], [ 322211.545153943414334, 5562299.985261767171323, 496.35381 ], [ 322280.534911086666398, 5562399.402862121351063, 507.25372 ], [ 322391.910965206159744, 5562507.867841592058539, 519.65401 ], [ 322452.910922161769122, 5562460.090623938478529, 520.46651 ], [ 322485.230547886865679, 5562377.211899907328188, 509.0817 ], [ 322480.983947773929685, 5562354.872360036708415, 505.92342 ], [ 322529.42117133399006, 5562339.567669738084078, 498.61404 ], [ 322570.149446977069601, 5562367.368269923143089, 499.1431 ], [ 322635.110539795830846, 5562331.147010457701981, 515.87731 ], [ 322666.557052148215007, 5562339.892737942747772, 516.65354 ], [ 322702.80463281669654, 5562364.059676551260054, 514.32641 ], [ 322725.555321877938695, 5562362.74524309579283, 515.42854 ], [ 322778.083330188994296, 5562356.543865229934454, 516.5724 ], [ 322774.540435315750074, 5562318.822325681336224, 522.15669 ], [ 322887.642436778172851, 5562258.297494076192379, 524.14698 ], [ 322913.890038946410641, 5562222.478104839101434, 525.14574 ], [ 322947.444302745512687, 5562223.698757769539952, 525.07933 ], [ 323032.910743833752349, 5562283.958694285713136, 522.70757 ], [ 323135.815277085814159, 5562178.81637398712337, 529.13917 ], [ 323225.03019314649282, 5562113.194553174078465, 535.46422 ], [ 323346.541655579465441, 5562008.662915998138487, 547.26761 ], [ 323352.000222644826863, 5561990.118548423983157, 548.86131 ], [ 323311.383046078553889, 5561974.216625637374818, 546.45382 ], [ 323229.911532086902298, 5561903.024133357219398, 543.41111 ], [ 323185.610136099508964, 5561804.221531508490443, 541.69041 ], [ 323134.523496173031162, 5561795.902670962736011, 537.24409 ], [ 323164.336789584311191, 5561733.923909754492342, 540.47307 ], [ 323197.288931953546125, 5561540.516419300809503, 545.28183 ], [ 323219.447485434007831, 5561516.965556571260095, 545.78312 ], [ 323250.320391327200923, 5561510.486972335726023, 547.81747 ], [ 323305.556334349210374, 5561508.096602010540664, 551.13804 ], [ 323417.592787042376585, 5561531.088635348714888, 558.10006 ], [ 323406.207768635533284, 5561495.964255532249808, 555.65136 ], [ 323409.187225564615801, 5561411.283626040443778, 556.1413 ], [ 323242.306664878968149, 5561338.027894595637918, 552.01433 ], [ 323264.784415462752804, 5561278.853263705037534, 557.9635 ], [ 323308.484095752704889, 5561189.37066859472543, 563.49439 ], [ 323413.047356252209283, 5561120.46145645622164, 560.49006 ], [ 323527.165922320913523, 5561078.838004947640002, 559.14494 ], [ 323573.395329919178039, 5561020.213139559142292, 555.08796 ], [ 323632.080003822455183, 5560981.542427668347955, 551.4936 ], [ 323668.966483371565118, 5560867.359760059043765, 543.76897 ], [ 323661.33833528473042, 5560751.424212824553251, 535.37004 ], [ 323657.195562007953413, 5560693.244750224985182, 532.18762 ], [ 323537.542576649342664, 5560673.837975027039647, 527.92352 ], [ 323513.262837653746828, 5560560.235073951072991, 537.8967 ], [ 323459.680865118396468, 5560552.440360479056835, 538.2951 ], [ 323413.342615421628579, 5560582.022496188059449, 537.85063 ], [ 323300.954792579403147, 5560505.954972333274782, 544.56268 ], [ 323347.333383223158307, 5560430.184483024291694, 543.82091 ], [ 323535.65388396725757, 5560273.919063694775105, 554.92854 ], [ 323589.581608624663204, 5560179.871649596840143, 560.75088 ], [ 323749.474035954102874, 5559989.277274655178189, 555.16476 ], [ 323856.216387786669657, 5559695.721291514113545, 543.42438 ], [ 323974.7446713069221, 5559593.977855676785111, 536.35076 ], [ 324036.098284505074844, 5559399.6401721611619, 529.54739 ], [ 324089.643354414147325, 5559323.751957600936294, 526.07048 ], [ 324100.443600381026044, 5559274.093564902432263, 524.57796 ], [ 324198.133811424893793, 5559142.773123756982386, 526.9814 ], [ 324265.012268761172891, 5559150.137275591492653, 527.43348 ], [ 324515.784469892270863, 5559072.981373669579625, 535.20171 ], [ 324585.221348461695015, 5559086.386224100366235, 536.99267 ], [ 324730.315049975295551, 5559063.247384766116738, 538.8425 ], [ 324937.78869710105937, 5558980.191599981859326, 531.36123 ], [ 325065.495764420717023, 5558858.586001239717007, 520.64087 ], [ 325075.345335229532793, 5558853.699707888066769, 520.05826 ], [ 325120.169910535565577, 5559069.130875635892153, 530.8749 ], [ 325154.520976841915399, 5559329.310540633276105, 515.70753 ], [ 325152.89322602248285, 5559406.04233340639621, 514.54496 ], [ 325112.87815392727498, 5559546.022683016955853, 517.94489 ], [ 325058.80749100598041, 5559656.305704575963318, 508.52684 ], [ 325028.310064061777666, 5559685.463816154748201, 502.40953 ], [ 324942.294796229922213, 5559693.743617254309356, 496.51494 ], [ 324948.231681413948536, 5559711.243531080894172, 494.58269 ], [ 325033.405118176480755, 5559777.444184587337077, 488.97643 ], [ 325044.229431046638638, 5559847.98003136087209, 481.97764 ], [ 325135.289079684647731, 5559886.722841586917639, 481.82713 ], [ 325265.122478900419082, 5559965.594395900145173, 482.17562 ], [ 325317.302256872877479, 5560013.406256717629731, 482.76275 ], [ 325359.339482708834112, 5560163.937323409132659, 478.97439 ], [ 325365.98080828867387, 5560274.897505849599838, 483.17024 ], [ 325456.497870838851668, 5560419.499123935587704, 472.24006 ], [ 325456.450751064927317, 5560439.866595744155347, 467.93648 ], [ 325419.022053028224036, 5560462.461222296580672, 470.82098 ], [ 325409.866806452628225, 5560470.996822915971279, 471.91189 ], [ 325511.80537075700704, 5560449.515079543925822, 468.14764 ], [ 325589.651875932933763, 5560464.993382631801069, 467.96474 ], [ 325930.12037154805148, 5560714.823774727992713, 459.05327 ], [ 325978.27244802529458, 5560740.404094217345119, 457.32366 ], [ 326060.621887765708379, 5560749.509622448123991, 456.63586 ], [ 326196.910002097196411, 5560740.384592613205314, 453.81474 ], [ 326340.221488662587944, 5560712.114970004186034, 453.34117 ], [ 326394.00522413814906, 5560673.747104347683489, 453.67731 ], [ 326419.175817454466596, 5560634.64328577183187, 451.2339 ], [ 326461.443754462525249, 5560521.420882601290941, 444.80831 ], [ 326487.871417698101141, 5560487.952184896916151, 443.61351 ], [ 326504.670322433754336, 5560400.266252676025033, 444.50452 ], [ 326550.587543708155863, 5560387.975354686379433, 442.01905 ], [ 326626.787995968596078, 5560337.639875983819366, 444.04428 ], [ 326739.384395540400874, 5560311.828629354946315, 438.60205 ], [ 326871.935787838185206, 5560295.164274170063436, 434.26788 ], [ 326961.299789749318734, 5560308.841281813569367, 429.26896 ], [ 326992.788689250242896, 5560184.622904320247471, 433.30049 ], [ 327036.503428301250096, 5560146.255388821475208, 435.33701 ], [ 327405.854104375350289, 5560384.778061967343092, 445.85539 ], [ 327475.720759350864682, 5560456.40831886138767, 445.85573 ], [ 327540.37358627805952, 5560477.461475701071322, 450.82507 ], [ 327609.84430470346706, 5560534.750167267397046, 451.77371 ], [ 327773.906206194544211, 5560632.825963515788317, 455.9852 ], [ 327845.320437546353787, 5560653.107492448762059, 454.55602 ], [ 327860.343953083152883, 5560691.12686278577894, 442.0031 ], [ 327981.947789795347489, 5560665.495657589286566, 449.82752 ], [ 327920.834446922875941, 5560751.603099644184113, 437.78369 ], [ 327930.517106032115407, 5560825.629500762559474, 442.84226 ], [ 327968.1211627497687, 5560806.051985764876008, 449.14218 ], [ 328044.603729461086914, 5560724.456548053771257, 456.20278 ], [ 328126.891592094209045, 5560674.28021979611367, 469.49878 ], [ 328150.928382546990179, 5560612.964633206836879, 473.17457 ], [ 328203.603979356237687, 5560573.093544089235365, 480.67389 ], [ 328212.436972750292625, 5560578.817987731657922, 481.50793 ], [ 328248.179541332414374, 5560603.371944337151945, 486.08588 ], [ 328250.511299608275294, 5560728.827407863922417, 489.54084 ], [ 328285.108982980134897, 5560868.599557644687593, 491.5093 ], [ 328356.639164409134537, 5560970.233987292274833, 491.78075 ], [ 328401.344908402301371, 5560989.158095885999501, 491.95004 ], [ 328523.199561204644851, 5560951.512029843404889, 491.46443 ], [ 328696.974931572913192, 5560874.91722337435931, 484.47494 ], [ 328759.29962266801158, 5561008.346658398397267, 481.83127 ], [ 328771.498842714470811, 5561038.78035781532526, 479.46363 ], [ 328751.407410916639492, 5561074.036451417952776, 478.03207 ], [ 328755.388294594362378, 5561146.689164659008384, 463.29882 ], [ 328667.433205577195622, 5561182.793752707540989, 475.50843 ], [ 328679.464151612832211, 5561203.550819346681237, 467.95161 ], [ 328700.773606992792338, 5561243.92945247143507, 453.39706 ], [ 328769.360356536810286, 5561221.134913292713463, 443.46029 ], [ 328853.134467655909248, 5561161.68518971838057, 440.38802 ], [ 328994.734921090188436, 5561144.781821066513658, 424.18031 ], [ 329098.691493705613539, 5561101.714504745788872, 426.64281 ], [ 329207.939197395346127, 5561083.184833839535713, 413.32345 ], [ 329258.854635875090025, 5561019.565785937011242, 410.31261 ], [ 329504.185931665764656, 5561050.42995077278465, 399.35314 ], [ 329718.02444732922595, 5561039.690574890933931, 382.96414 ], [ 329726.093720354547258, 5561023.852640951052308, 384.38519 ], [ 329807.737042634282261, 5560928.653263642452657, 383.74499 ], [ 329904.063759696902707, 5560845.561270072124898, 371.80849 ], [ 330013.637820389179979, 5560819.136942437849939, 354.38847 ], [ 330124.913119590491988, 5560769.847427085973322, 347.0951 ], [ 330325.058864562714007, 5560757.455595933832228, 336.57493 ], [ 330322.343146981555037, 5560768.670522155240178, 336.26544 ], [ 330335.371750393882394, 5560832.132168264128268, 338.67176 ], [ 330366.573234222596511, 5560867.082531234249473, 339.20423 ], [ 330387.989581077068578, 5560888.768191994167864, 339.24675 ], [ 330444.101245321100578, 5560862.164523873478174, 337.01113 ], [ 330426.465335785294883, 5560826.781624430790544, 336.80118 ], [ 330471.620135191362351, 5560794.96312222443521, 334.47218 ], [ 330574.633540648035705, 5560777.884684580378234, 328.90987 ], [ 330571.381463752302807, 5560765.524430667981505, 328.76994 ], [ 330574.633540648035705, 5560777.884684580378234, 328.90987 ], [ 330695.237111699476372, 5560767.816124886274338, 333.53579 ], [ 330704.603635436738841, 5560803.907913739793003, 339.28946 ], [ 330695.881250943406485, 5560866.726526884362102, 337.56724 ], [ 330728.341965113126207, 5560930.127353742718697, 345.46388 ], [ 330779.924668049672619, 5560981.347010360099375, 355.15742 ], [ 330894.314096429327037, 5561050.268727669492364, 382.36758 ], [ 330917.934687768458389, 5561058.198520974256098, 389.78339 ], [ 330979.942029077676125, 5561136.241927560418844, 388.98124 ], [ 331032.85971493460238, 5561263.427744228392839, 374.05348 ], [ 331064.826376499200705, 5561372.24948198441416, 361.15957 ], [ 331097.313497517956421, 5561393.920245977118611, 362.36884 ], [ 331178.221925746882334, 5561250.246766263619065, 370.30619 ], [ 331256.625289510120638, 5561212.261552132666111, 366.82975 ], [ 331257.215852625493426, 5561287.247437473386526, 367.33475 ], [ 331240.104366643121466, 5561322.287589340470731, 364.66051 ], [ 331215.601343611138873, 5561473.518946333788335, 362.17587 ], [ 331149.92975590378046, 5561615.373251751065254, 339.1576 ], [ 331179.313859833870083, 5561636.141322802752256, 340.36625 ], [ 331346.465569730557036, 5561744.906938377767801, 351.72017 ], [ 331339.485363624931779, 5561777.177586374804378, 345.4663 ], [ 331474.672454223560635, 5561919.231914492323995, 350.7608 ], [ 331632.28425972891273, 5562027.30631716363132, 349.54361 ], [ 331648.723382608499378, 5562063.620761444792151, 345.58824 ], [ 331680.793286503641866, 5562085.864366256631911, 345.79552 ], [ 331806.68643002200406, 5562088.115759894251823, 350.25315 ], [ 331979.440813037450425, 5562010.881559043191373, 348.41617 ], [ 332070.765642710903194, 5561911.628750523552299, 350.33068 ], [ 332223.823005157290027, 5561843.927093028090894, 350.76553 ], [ 332266.666879251773935, 5561840.796110072173178, 352.15026 ], [ 332290.863684137351811, 5561878.537053611129522, 347.4983 ], [ 332277.48270181461703, 5561880.182839857414365, 346.91879 ], [ 332136.638501459499821, 5561954.508500026538968, 348.06851 ], [ 331941.755776636768132, 5562163.749152689240873, 350.72119 ], [ 331822.266060545225628, 5562235.183785120025277, 343.68941 ], [ 331809.599586381518748, 5562374.687116850167513, 346.10754 ], [ 331741.432995598064736, 5562430.925457707606256, 343.7495 ], [ 331641.265417597955093, 5562478.273038122802973, 340.43705 ], [ 331550.714390771987382, 5562547.240848157554865, 341.40441 ], [ 331478.064781842462253, 5562558.777787072584033, 339.00959 ], [ 331412.681230941787362, 5562569.640374685637653, 337.89768 ], [ 331335.680725086480379, 5562700.835087965242565, 346.79314 ], [ 331322.227980013121851, 5562700.148730936460197, 345.1199 ], [ 331335.680725086480379, 5562700.835087965242565, 346.79314 ], [ 331342.958560967294034, 5562732.097474727779627, 350.37722 ], [ 331433.087766740936786, 5562753.723450704477727, 366.44219 ], [ 331573.650139019824564, 5562770.749508379027247, 384.4089 ], [ 331681.6929163185996, 5562803.163382431492209, 406.40099 ], [ 331679.457642202498391, 5562829.608087752945721, 408.33896 ], [ 331691.08159664896084, 5562871.861607261002064, 411.38884 ], [ 331814.97854941902915, 5562949.402344091795385, 431.02054 ], [ 331836.830602742615156, 5562978.535297402180731, 433.85484 ], [ 331842.519211632490624, 5563020.642843287438154, 431.63648 ], [ 331839.447717395261861, 5563099.750522586517036, 422.4953 ], [ 331939.657984749064781, 5563024.695411946624517, 450.03956 ], [ 332076.373573645367287, 5563051.426060277037323, 456.99132 ], [ 332647.023468329571187, 5563270.140379749238491, 473.08747 ], [ 332922.842819160781801, 5563559.59321266412735, 480.9731 ], [ 333052.64642439148156, 5563742.2475950056687, 481.93792 ], [ 333103.397116064676084, 5564123.57383341435343, 483.72704 ], [ 333322.021294752252288, 5564183.040910255163908, 485.25013 ], [ 333495.669626372284256, 5564170.256729898042977, 487.28172 ], [ 333618.573994143400341, 5564213.370608530007303, 485.217 ], [ 333705.702390465885401, 5564179.041662024334073, 494.40454 ], [ 333910.173353436053731, 5564220.168591511435807, 504.96133 ], [ 333942.2867731153965, 5564223.950788242742419, 507.2565 ] ] ] } },
{ "type": "Feature", "properties": { "name": "Vulcano-Pfad", "km": 26.64, "darstell": "F1" }, "geometry": { "type": "MultiLineString", "coordinates": [ [ [ 347116.985148786799982, 5558644.352069100365043, 495.36996 ], [ 347123.16328548558522, 5558662.867353720590472, 494.38651 ], [ 347119.192990360665135, 5558688.906126398593187, 492.7843 ], [ 347092.012739997939207, 5558733.079735707491636, 490.28677 ], [ 347048.469883939134888, 5558774.941656034439802, 487.42302 ], [ 347016.779645464499481, 5558796.435770841315389, 483.42929 ], [ 346973.772022088582162, 5558807.128630995750427, 480.74507 ], [ 346979.42940263915807, 5558822.432028264738619, 476.66265 ], [ 347021.280091691936832, 5558841.146527944132686, 471.74187 ], [ 347066.554493585368618, 5558854.644835461862385, 470.3694 ], [ 347146.859258996322751, 5558910.754250600934029, 459.11173 ], [ 347191.572778112371452, 5558914.700850190594792, 457.09442 ], [ 347196.114599340944551, 5558901.107454240322113, 457.60473 ], [ 347211.418057730654255, 5558898.888238995335996, 454.26598 ], [ 347216.669098453596234, 5558907.527587650343776, 452.53817 ], [ 347211.458381748758256, 5558927.704805044457316, 452.2629 ], [ 347191.600577590987086, 5558955.534440912306309, 448.75465 ], [ 347208.863394090323709, 5558961.826434439048171, 447.09427 ], [ 347237.662273010588251, 5558956.661099006421864, 443.9261 ], [ 347258.222293910454027, 5558945.83510054461658, 441.40478 ], [ 347267.034370314737316, 5558966.50030021276325, 438.16098 ], [ 347261.525716013158672, 5559003.709598861634731, 435.11256 ], [ 347224.921320589957759, 5559038.250205324031413, 433.07126 ], [ 347221.169051120989025, 5559069.4008625196293, 431.41166 ], [ 347215.087546108523384, 5559091.605842548422515, 431.88452 ], [ 347222.200876517978031, 5559095.407361807301641, 430.65466 ], [ 347257.728472116403282, 5559132.997524168342352, 424.86045 ], [ 347258.645360406138934, 5559155.001768036745489, 423.75233 ], [ 347257.86046752135735, 5559184.954653367400169, 422.50466 ], [ 347253.95387080789078, 5559213.216817880049348, 421.57027 ], [ 347237.419501530355774, 5559224.817550201900303, 421.43488 ], [ 347219.802527238323819, 5559233.55649100150913, 421.36675 ], [ 347194.90411144279642, 5559237.608707705512643, 421.45005 ], [ 347161.265533909900114, 5559245.917394584976137, 421.58777 ], [ 347139.582078057806939, 5559279.808035193942487, 421.4748 ], [ 347147.605647343560122, 5559280.467889688909054, 421.57095 ], [ 347166.623332750459667, 5559280.701005358248949, 422.175 ], [ 347198.122171461232938, 5559292.481504420749843, 424.28206 ], [ 347225.836772780865431, 5559309.377671456895769, 426.51676 ], [ 347116.985148786799982, 5558644.352069100365043, 495.36996 ], [ 347146.825096607732121, 5558638.043794985860586, 493.91709 ], [ 347175.14500133972615, 5558646.02125780377537, 491.65942 ], [ 347220.295584379229695, 5558650.178195057436824, 488.24944 ], [ 347319.308100247057155, 5558673.153061030432582, 484.57949 ], [ 347446.450641575967893, 5558675.073851466178894, 479.76851 ], [ 347471.49827286839718, 5558676.136867962777615, 478.51855 ], [ 347521.744459867710248, 5558681.040556785650551, 476.03496 ], [ 347593.256325024121907, 5558692.234699848107994, 473.64395 ], [ 347744.443126869911794, 5558720.178268949501216, 465.83312 ], [ 347755.83611511066556, 5558753.677140328101814, 464.02503 ], [ 347758.164594210102223, 5558762.6230394449085, 463.41692 ], [ 347780.152376318001188, 5558786.695466195233166, 459.25292 ], [ 347797.929417648236267, 5558805.99263487290591, 456.30203 ], [ 347807.053410823107697, 5558807.623452187515795, 455.07995 ], [ 347891.914585088263266, 5558803.308121175505221, 445.83888 ], [ 347960.024675079504959, 5558780.557246370241046, 437.24251 ], [ 347969.448795876465738, 5558765.156299433670938, 436.11251 ], [ 348015.683841212128755, 5558727.230959754437208, 434.73911 ], [ 348096.625725067337044, 5558693.21191433724016, 431.60914 ], [ 348020.647582407924347, 5558683.251139178872108, 428.76861 ], [ 347880.336490832734853, 5558690.705138986930251, 424.43028 ], [ 347880.736373568302952, 5558674.671615359373391, 423.04989 ], [ 347876.222631448414177, 5558661.782548011280596, 422.90198 ], [ 347866.955402146209963, 5558630.114244144409895, 421.47382 ], [ 347757.976029606594238, 5558533.423077885061502, 420.64011 ], [ 347754.79373045579996, 5558529.61975447461009, 420.22581 ], [ 347722.477055085357279, 5558496.830167905427516, 418.65442 ], [ 347719.694170165166724, 5558476.993324431590736, 417.5745 ], [ 347722.050628334691282, 5558461.905229701660573, 417.02637 ], [ 347722.806767280446365, 5558430.840757854282856, 416.82879 ], [ 347832.759177691303194, 5558436.377799605950713, 414.83179 ], [ 347913.690193721558899, 5558419.379937435500324, 416.59922 ], [ 347966.726656819693744, 5558434.333325600251555, 415.23864 ], [ 348049.685300581564661, 5558453.32935084681958, 413.17093 ], [ 348125.667061342857778, 5558453.276798082515597, 411.97437 ], [ 348186.598607977386564, 5558439.301084932871163, 409.79963 ], [ 348230.577262081613299, 5558412.346029616892338, 407.73032 ], [ 348206.577176006743684, 5558370.30431533139199, 409.64826 ], [ 348142.595675238990225, 5558292.351128895767033, 412.35192 ], [ 348130.619830743642524, 5558268.436871732585132, 412.49691 ], [ 348096.634698772104457, 5558119.42143788933754, 417.45244 ], [ 348097.143739314808045, 5558059.546743077225983, 419.84555 ], [ 348082.940660364751238, 5557955.029465320520103, 416.89006 ], [ 348082.29847094824072, 5557940.027098834514618, 416.68694 ], [ 348110.081985623226501, 5557858.90226963441819, 416.27777 ], [ 348135.764996922342107, 5557801.870562946423888, 415.50013 ], [ 348150.789106143289246, 5557777.18681694753468, 414.43192 ], [ 348151.703603056899738, 5557774.156624772585928, 414.32179 ], [ 348158.944712252239697, 5557754.812851265072823, 413.35911 ], [ 348163.088980089640245, 5557734.667217382229865, 412.21387 ], [ 348163.333043815335259, 5557715.634095290675759, 411.03815 ], [ 348161.82425474683987, 5557677.736016184091568, 408.21271 ], [ 348159.339165721554309, 5557665.790299247950315, 407.57801 ], [ 348148.157780810957775, 5557637.180235061794519, 406.5057 ], [ 348133.164683091337793, 5557612.795589058659971, 405.71126 ], [ 348116.542321459623054, 5557596.468434762209654, 405.51475 ], [ 348105.332067257957533, 5557566.857891134917736, 404.13375 ], [ 348103.336443655542098, 5557541.991599903441966, 402.09872 ], [ 348149.836144173226785, 5557578.162420846521854, 403.01402 ], [ 348237.548025707073975, 5557645.648892368189991, 403.11091 ], [ 348293.28019354166463, 5557712.378085094504058, 403.87131 ], [ 348327.811477146111429, 5557750.114985295571387, 404.03399 ], [ 348349.287355394975748, 5557761.186476729810238, 403.62549 ], [ 348355.583632128313184, 5557768.907035127282143, 403.4497 ], [ 348356.683571740053594, 5557769.877108809538186, 403.41377 ], [ 348352.741105836350471, 5557797.137710421346128, 403.86773 ], [ 348351.166239504702389, 5557832.230679515749216, 404.67154 ], [ 348367.722102321567945, 5557896.515162194147706, 404.91444 ], [ 348402.40019336307887, 5557987.209935830906034, 404.79043 ], [ 348422.388369456399232, 5558036.487530769780278, 404.93973 ], [ 348435.533196126867551, 5558088.963973846286535, 405.91236 ], [ 348457.460603324463591, 5558136.072497984394431, 406.21092 ], [ 348463.995660198736005, 5558174.829004388302565, 406.41476 ], [ 348480.979962649173103, 5558249.226593394763768, 405.70399 ], [ 348485.913835930288769, 5558297.041034537367523, 405.56682 ], [ 348493.850336261792108, 5558319.735708645544946, 405.66964 ], [ 348505.359124739479739, 5558332.315060122869909, 405.75855 ], [ 348512.654483946273103, 5558340.007359698414803, 405.8329 ], [ 348573.63435258064419, 5558312.571879651397467, 406.07997 ], [ 348597.224490517110098, 5558302.555292939767241, 407.2603 ], [ 348612.013719588809181, 5558246.948196567595005, 412.8401 ], [ 348628.860061406332534, 5558193.285465381108224, 416.20345 ], [ 348637.760273821768351, 5558166.88563069049269, 416.68518 ], [ 348657.027283910429105, 5558148.091064633801579, 417.94776 ], [ 348680.831819048675243, 5558143.075669686309993, 419.13266 ], [ 348710.82124801480677, 5558141.890253929421306, 410.43393 ], [ 348746.864115244126879, 5558142.424641309306026, 420.56393 ], [ 348755.775421030528378, 5558139.056293716654181, 422.68186 ], [ 348761.496523818932474, 5558181.952920126728714, 423.28709 ], [ 348770.621067762840539, 5558334.681425129063427, 425.84661 ], [ 348771.703042382607237, 5558337.543568139895797, 425.90971 ], [ 348838.241451181238517, 5558448.031522938981652, 430.00678 ], [ 348839.266591692110524, 5558448.892545035108924, 430.01939 ], [ 349050.965532644186169, 5558662.524131559766829, 435.31923 ], [ 349059.259517889353447, 5558670.188826944679022, 435.26679 ], [ 349132.136693944688886, 5558689.37572065461427, 434.40315 ], [ 349149.184668733505532, 5558690.673153106123209, 434.51387 ], [ 349158.208581345388666, 5558691.307733854278922, 435.19962 ], [ 349209.27359103190247, 5558667.164327481761575, 439.34575 ], [ 349237.805858779174741, 5558655.007920793257654, 441.00048 ], [ 349261.279049308446702, 5558666.137573347426951, 443.89989 ], [ 349273.356043460429646, 5558668.577435318380594, 444.85472 ], [ 349284.110118967946619, 5558662.153695220127702, 444.58774 ], [ 349347.926222600974143, 5558656.676921122707427, 442.77988 ], [ 349431.089193023974076, 5558683.25413591042161, 443.87562 ], [ 349434.085896185832098, 5558693.18311227671802, 445.43656 ], [ 349456.119458141271025, 5558719.152269948273897, 450.12031 ], [ 349536.071267185965553, 5558680.176651080138981, 451.58565 ], [ 349519.093915250559803, 5558666.192011539824307, 448.68251 ], [ 349503.049697657872457, 5558657.4104207707569, 446.35664 ], [ 349479.577025343314745, 5558646.27971254196018, 443.2815 ], [ 349468.563877581793349, 5558620.777880374342203, 440.05817 ], [ 349477.921120117534883, 5558605.381714181043208, 439.26484 ], [ 349491.672038364340551, 5558598.762473416514695, 439.78043 ], [ 349532.987792241910938, 5558581.128453439101577, 441.36644 ], [ 349680.692105880298186, 5558496.18190370965749, 440.30136 ], [ 349696.046428703295533, 5558480.505691548809409, 440.2457 ], [ 349703.235422705532983, 5558459.162951635196805, 438.97241 ], [ 349706.271898495382629, 5558435.044537030160427, 437.43491 ], [ 349704.090895846486092, 5558431.211868789978325, 436.95825 ], [ 349676.907133309636265, 5558377.237537706270814, 431.38314 ], [ 349664.534250509808771, 5558318.728657327592373, 427.93441 ], [ 349653.85221135255415, 5558277.084024373441935, 424.87504 ], [ 349671.393670825404115, 5558141.293572364374995, 418.38874 ], [ 349729.576993338821921, 5558044.856503466144204, 418.55812 ], [ 349744.276525230379775, 5558013.510949112474918, 417.67418 ], [ 349799.739541793591343, 5557906.692827528342605, 416.78028 ], [ 349896.966840284818318, 5557957.692809452302754, 434.32232 ], [ 349914.44706172728911, 5557926.046930270269513, 435.17586 ], [ 349941.237270737765357, 5557849.300183053128421, 433.63323 ], [ 349943.73178156488575, 5557810.955675558187068, 430.81477 ], [ 349955.850450891652144, 5557700.575953078456223, 422.65259 ], [ 349943.078410534420982, 5557681.130893158726394, 418.91489 ], [ 349940.413212839397602, 5557665.184165028855205, 417.00975 ], [ 349939.791362024843693, 5557648.178536389954388, 415.15039 ], [ 349945.461549466301221, 5557615.975314539857209, 413.26484 ], [ 349946.499759280937724, 5557591.913416154682636, 411.23768 ], [ 349941.144279616884887, 5557559.130567079409957, 410.06494 ], [ 349909.798321127425879, 5557550.333492901176214, 407.93414 ], [ 349871.945650238136295, 5557528.813459739089012, 406.83027 ], [ 349814.307281554560177, 5557490.160515422001481, 406.57661 ], [ 349776.325941239017993, 5557466.642025495879352, 406.41436 ], [ 349758.680133200832643, 5557449.337468582205474, 406.16288 ], [ 349731.696152320073452, 5557425.397987426258624, 406.07426 ], [ 349681.478302060684655, 5557396.439523698762059, 411.43129 ], [ 349706.564973234722856, 5557373.368223232217133, 410.66665 ], [ 349728.570035539101809, 5557347.491117032244802, 409.79366 ], [ 349743.449800436268561, 5557319.9235335951671, 409.21125 ], [ 349756.751298624556512, 5557302.30285176821053, 408.02953 ], [ 349771.787397792330012, 5557277.735041283071041, 406.88748 ], [ 349772.584350460034329, 5557247.671718554571271, 407.07339 ], [ 349768.590506793232635, 5557199.830186954699457, 408.10316 ], [ 349767.877821602975018, 5557156.79171706084162, 409.90245 ], [ 349786.440025412943214, 5557094.962946297600865, 407.95014 ], [ 349801.683781906147487, 5557052.364907324314117, 406.02891 ], [ 349805.906375092803501, 5557032.218690360896289, 405.70282 ], [ 349803.184197241440415, 5557014.270897695794702, 406.03727 ], [ 349781.355294568988029, 5556993.189908681437373, 406.99942 ], [ 349821.850569180678576, 5556981.478841877542436, 404.76603 ], [ 349857.381716721691191, 5556994.051841950044036, 403.43677 ], [ 349860.510050866636448, 5556995.966441359370947, 403.46989 ], [ 349907.633458114461973, 5557024.123742314055562, 403.86883 ], [ 349957.825160384993069, 5557052.083798445761204, 407.61682 ], [ 349956.909498346154578, 5557055.11365503910929, 408.07813 ], [ 349915.994917867239565, 5557107.780030680820346, 410.18482 ], [ 349903.382590932655148, 5557142.292720025405288, 409.9961 ], [ 349895.464376499992795, 5557193.696375206112862, 410.02989 ], [ 349885.602461375005078, 5557247.157522331923246, 409.08187 ], [ 349877.515766936063301, 5557320.48465668130666, 410.11354 ], [ 349888.575513783493079, 5557345.095896208658814, 411.16339 ], [ 349912.940216573304497, 5557380.124886523932219, 412.1996 ], [ 349958.584073889243882, 5557419.339116320014, 411.57995 ], [ 350008.67233388859313, 5557446.301033028401434, 410.51828 ], [ 350049.228559684590437, 5557459.735083352774382, 410.71218 ], [ 350146.191605454252567, 5557480.817764359526336, 412.78823 ], [ 350218.369381986907683, 5557484.908066033385694, 414.04435 ], [ 350291.702840614598244, 5557491.970945742912591, 416.25493 ], [ 350333.986808379879221, 5557498.237810594961047, 417.46492 ], [ 350352.702020291471854, 5557515.514144225046039, 419.19998 ], [ 350355.278412843937986, 5557505.42822514846921, 420.07894 ], [ 350370.185799271101132, 5557478.751833295449615, 422.45149 ], [ 350337.586981818370987, 5557438.055266624316573, 427.6673 ], [ 350294.722851992002688, 5557418.787000346928835, 432.4802 ], [ 350287.429020595445763, 5557411.092297596856952, 433.14278 ], [ 350275.990617860283237, 5557375.476026521995664, 436.86768 ], [ 350264.442755231051706, 5557335.968681579455733, 439.21318 ], [ 350274.22873456205707, 5557330.575693977996707, 439.94771 ], [ 350303.459143067360856, 5557312.397712263278663, 441.7898 ], [ 350481.133710440073628, 5557300.178060434758663, 447.66816 ], [ 350586.843442478275392, 5557317.017993885092437, 450.56146 ], [ 350591.86893260263605, 5557317.767198052257299, 450.91172 ], [ 350594.8692660179222, 5557317.683086349628866, 451.12405 ], [ 350713.277702791732736, 5557325.936158112250268, 454.60142 ], [ 350719.303270210162736, 5557326.657467238605022, 454.79929 ], [ 350819.842934907355811, 5557337.638657961040735, 456.50595 ], [ 350838.711292335938197, 5557334.885303831659257, 456.47003 ], [ 350916.324866360519081, 5557323.701434273272753, 455.97174 ], [ 350979.999336916254833, 5557315.13367457780987, 451.20023 ], [ 351009.570728439663071, 5557303.959600165486336, 449.3386 ], [ 351018.624570776592009, 5557305.597939921543002, 448.7701 ], [ 351019.004069293732755, 5557339.633263836614788, 447.94656 ], [ 351023.38086795154959, 5557373.445586551912129, 447.26336 ], [ 351029.856851097196341, 5557385.169511451385915, 446.99252 ], [ 351058.977942704979796, 5557409.055558445863426, 445.90903 ], [ 351076.035283355624415, 5557390.109518761746585, 444.72319 ], [ 351093.089689439046197, 5557383.847393653355539, 443.92926 ], [ 351126.366189406078774, 5557390.149692859500647, 443.29474 ], [ 351152.443179267982487, 5557394.650573180988431, 442.96335 ], [ 351182.082666374277323, 5557391.041299861855805, 442.35976 ], [ 351190.223304349114187, 5557383.025709776207805, 442.1845 ], [ 351196.494305520434864, 5557369.49928348697722, 443.02168 ], [ 351194.7055876145605, 5557351.524936978705227, 443.25562 ], [ 351187.584439173457213, 5557303.881523290649056, 442.92789 ], [ 351190.284235010971315, 5557257.187762979418039, 444.11269 ], [ 351201.097123189945705, 5557201.477873042225838, 445.42589 ], [ 351212.794699847348966, 5557182.570713108405471, 445.94927 ], [ 351228.993046333547682, 5557160.978946608491242, 445.65443 ], [ 351241.389550652471371, 5557146.614049674943089, 444.38025 ], [ 351264.160836082708556, 5557114.602943574078381, 441.93518 ], [ 351290.311391982599162, 5557093.512491623871028, 440.39935 ], [ 351377.886839363200124, 5557206.113431535661221, 451.54175 ], [ 351402.074627251364291, 5557235.145625293254852, 455.58339 ], [ 351493.497647892683744, 5557293.568265940062702, 469.63707 ], [ 351557.053343747858889, 5557231.939417809247971, 467.07025 ], [ 351611.300167812034488, 5557187.70470399223268, 464.03703 ], [ 351644.993734351941384, 5557129.356259693391621, 466.0336 ], [ 351646.894730193947908, 5557128.302000392228365, 466.28046 ], [ 351670.229021277395077, 5557111.297246651723981, 466.58257 ], [ 351711.981217970896978, 5557103.571064990013838, 466.72898 ], [ 351779.50484516256256, 5557091.901906166225672, 467.33978 ], [ 351851.649025685794186, 5557068.979145653545856, 464.05479 ], [ 351895.219408832490444, 5557057.198516923002899, 464.61445 ], [ 351899.065182120539248, 5557054.087625325657427, 464.15259 ], [ 351907.952291731024161, 5557049.724057003855705, 464.49414 ], [ 351910.198207648354582, 5557048.215270589105785, 464.49858 ], [ 351928.771073819603771, 5557037.352055910974741, 466.27276 ], [ 351928.750125161604956, 5557052.038993261754513, 470.13651 ], [ 351947.711093112244271, 5557042.277666117995977, 472.64236 ], [ 351950.189858760801144, 5557080.03729750495404, 478.64699 ], [ 351950.483644975349307, 5557088.039875190705061, 479.42955 ], [ 351947.856682893412653, 5557122.158486343920231, 481.50434 ], [ 351936.52544238907285, 5557164.640907496213913, 483.65819 ], [ 351934.735595905804075, 5557169.697344115935266, 483.8651 ], [ 351764.13123592705233, 5557230.626205484382808, 484.63223 ], [ 351739.905339815653861, 5557251.549483194947243, 483.60098 ], [ 351737.007346477126703, 5557252.742706719785929, 483.53309 ], [ 351612.469750122807454, 5557365.800400434061885, 478.23549 ], [ 351561.526658132090233, 5557443.877695256844163, 473.33419 ], [ 351557.737108382512815, 5557448.989981421269476, 472.52989 ], [ 351559.765144234290347, 5557449.934838486835361, 472.58502 ], [ 351720.401476548984647, 5557511.551665296778083, 474.5383 ], [ 351802.891689648211468, 5557534.401930348947644, 476.23792 ], [ 351858.267524517257698, 5557559.119725601747632, 477.02787 ], [ 351925.571275865135249, 5557568.041430342011154, 479.23093 ], [ 351994.425681180204265, 5557589.048279727809131, 479.30883 ], [ 352088.667424086481333, 5557618.140833240002394, 480.85765 ], [ 352124.637397075071931, 5557621.147928160615265, 480.70937 ], [ 352215.863327872473747, 5557613.721783801913261, 476.10299 ], [ 352225.623753450810909, 5557633.144149225205183, 474.8682 ], [ 352260.053148801787756, 5557709.515255963429809, 473.79168 ], [ 352310.150014996761456, 5557840.526006937026978, 480.1816 ], [ 352373.743815756752156, 5557973.722161777317524, 488.89416 ], [ 352418.594514863565564, 5558075.506465093232691, 492.46353 ], [ 352425.362226458091754, 5558097.904792476445436, 491.85113 ], [ 352352.150057641207241, 5558146.32853012625128, 491.47023 ], [ 352377.373354969662614, 5558362.698012996464968, 469.37419 ], [ 352376.644434291345533, 5558400.880424045957625, 465.88461 ], [ 352340.739551603968721, 5558394.866051849909127, 467.19269 ], [ 352186.58928889548406, 5558336.501155545935035, 471.96073 ], [ 352177.673581573821139, 5558355.217730249278247, 469.44129 ], [ 352152.951397949364036, 5558463.714984455145895, 459.6984 ], [ 352138.707240461255424, 5558643.239490724168718, 441.04193 ], [ 352125.97939239104744, 5558697.109032551757991, 438.17117 ], [ 352125.57650441234, 5558728.940693409182131, 440.16149 ], [ 352134.627531179052312, 5558730.580878691747785, 439.59461 ], [ 352125.514345594798215, 5558729.276200127787888, 440.19197 ], [ 352126.187961362418719, 5558730.370105247944593, 440.22624 ], [ 352150.776619031326845, 5558733.025414693169296, 438.42713 ], [ 352178.109024210716598, 5558741.835278593935072, 436.43934 ], [ 352231.327363745542243, 5558771.734173336997628, 433.28629 ], [ 352309.448284976999275, 5558797.605274439789355, 429.84208 ], [ 352383.362144017883111, 5558818.698620157316327, 427.34026 ], [ 352449.61895732866833, 5558823.98359627276659, 423.60858 ], [ 352505.519085399981122, 5558821.767938820645213, 419.57263 ], [ 352524.691764831892215, 5558825.019947754219174, 418.96492 ], [ 352557.259685805649497, 5558839.694801120087504, 419.24402 ], [ 352586.112516110413708, 5558859.590614452958107, 420.09943 ], [ 352624.487663636216894, 5558893.019347550347447, 422.17065 ], [ 352649.661256376595702, 5558922.029331705532968, 424.95741 ], [ 352974.179332013591193, 5559004.07260440196842, 406.4209 ], [ 352977.175621157686692, 5559003.878640905022621, 406.22377 ], [ 352957.687945691403002, 5559017.656470978632569, 406.77753 ], [ 352903.422711683437228, 5559060.877165007404983, 405.28063 ], [ 352890.751893852720968, 5559070.461657247506082, 405.13688 ], [ 352866.420156323933043, 5559087.377646774984896, 405.00179 ], [ 352761.424278046120889, 5559138.67706185951829, 403.18459 ], [ 352722.89303675229894, 5559151.202110407873988, 405.16736 ], [ 352711.084162222919986, 5559155.756525914184749, 405.91372 ], [ 352666.712129981489852, 5559171.558790938928723, 409.17656 ], [ 352628.418841717590112, 5559190.086002583615482, 407.14861 ], [ 352554.246271619107574, 5559211.053008510731161, 405.08247 ], [ 352472.162505793501623, 5559235.355481842532754, 403.65563 ], [ 352435.604323116829619, 5559246.826679075136781, 405.63578 ], [ 352431.056458961742464, 5559258.078704201616347, 407.57191 ], [ 352429.294725511281285, 5559264.135568058118224, 408.63387 ], [ 352425.743548472644761, 5559275.2487240023911, 410.80142 ], [ 352401.632237678277306, 5559274.247943746857345, 411.90372 ], [ 352353.493837162677664, 5559270.130428505130112, 413.4571 ], [ 352314.88880570983747, 5559256.736903306096792, 412.15096 ], [ 352299.812534591997974, 5559254.262195587158203, 412.38526 ], [ 352270.804616776760668, 5559254.510395625606179, 414.26603 ], [ 352256.315218469011597, 5559268.041028117761016, 417.30646 ], [ 352242.039179261773825, 5559286.68376353662461, 420.39673 ], [ 352217.503790650865994, 5559347.66764654032886, 425.53329 ], [ 352208.513093297602609, 5559397.094246366992593, 429.93486 ], [ 352201.340472032490652, 5559419.322862184606493, 430.24763 ], [ 352185.982044956588652, 5559434.991785045713186, 427.5726 ], [ 352175.674692875239998, 5559452.411984488368034, 426.42584 ], [ 352180.094040044234134, 5559462.302767525427043, 427.55604 ], [ 352182.645812950970139, 5559500.17177561391145, 429.74627 ], [ 352176.865926465485245, 5559531.373886453919113, 430.87917 ], [ 352154.703850676130969, 5559577.383382389321923, 435.09846 ], [ 352108.478161597042345, 5559647.203399343416095, 443.82085 ], [ 352088.360520953254309, 5559669.012896387837827, 447.52198 ], [ 352057.252961986814626, 5559691.35029374063015, 454.38145 ], [ 352057.546738165197894, 5559699.352900940924883, 455.44148 ], [ 352076.301405663776677, 5559718.525055224075913, 454.58725 ], [ 352066.368833236163482, 5559769.980873730033636, 457.51899 ], [ 352053.487539410125464, 5559797.59759577177465, 464.07088 ], [ 352034.18775301927235, 5559815.379232407547534, 469.09373 ], [ 352030.399620957090519, 5559820.491223263554275, 470.45317 ], [ 351999.977084548445418, 5559859.72161458991468, 476.80513 ], [ 351965.64306012581801, 5559902.176242019981146, 483.94345 ], [ 351952.366389535483904, 5559920.680858345702291, 487.46006 ], [ 351938.798937503364868, 5559931.294078369624913, 490.33028 ], [ 351922.019085566338617, 5559936.878666248172522, 493.94342 ], [ 351898.220326960086823, 5559941.879692033864558, 497.88127 ], [ 351860.303048313013278, 5559945.382145952433348, 501.63969 ], [ 351838.320837485371158, 5559946.327514080330729, 503.11286 ], [ 351820.965839998214506, 5559962.053177152760327, 504.03686 ], [ 351809.706903239653911, 5559955.46831476688385, 504.60807 ], [ 351793.848270850023255, 5559937.662872822955251, 505.57367 ], [ 351743.413361134007573, 5559912.475439390167594, 508.64961 ], [ 351722.669601809815504, 5559914.276886929757893, 509.55084 ], [ 351691.315795676666312, 5559948.194576839916408, 510.17557 ], [ 351669.250827477662824, 5559979.517231028527021, 510.47963 ], [ 351662.328579819877632, 5559972.144305247813463, 511.22704 ], [ 351634.781262299860828, 5559958.002773767337203, 513.82422 ], [ 351612.697449558414519, 5559945.044261859729886, 515.21649 ], [ 351580.089926747023128, 5559926.259780365042388, 513.17032 ], [ 351552.698318468872458, 5559958.732762277126312, 513.68564 ], [ 351551.291299651609734, 5559974.904864300042391, 514.25073 ], [ 351550.032150128623471, 5560016.885451205074787, 515.68722 ], [ 351559.191759109089617, 5560045.558021198026836, 516.4579 ], [ 351558.570390252047218, 5560056.590205393731594, 516.77822 ], [ 351549.99889840988908, 5560066.953936398029327, 517.33595 ], [ 351529.702157807187177, 5560084.765326307155192, 518.65589 ], [ 351511.43262621446047, 5560103.521619570441544, 520.45453 ], [ 351496.37289627105929, 5560127.195219814777374, 523.2348 ], [ 351489.303712612017989, 5560150.42347505223006, 525.70747 ], [ 351456.640385612496175, 5560157.787754339165986, 529.88278 ], [ 351431.982982925255783, 5560167.821645623072982, 532.38311 ], [ 351408.449381022830494, 5560179.715737737715244, 534.47265 ], [ 351395.119490114215296, 5560196.220653526484966, 536.6825 ], [ 351408.293858736928087, 5560199.7471315395087, 536.7405 ], [ 351421.393708703224547, 5560203.164459298364818, 536.68018 ], [ 351422.843193186214194, 5560214.138890916481614, 537.78709 ], [ 351425.714229392469861, 5560235.087181963026524, 539.81701 ], [ 351426.933630464831367, 5560265.983826132491231, 542.52333 ], [ 351429.366677419457119, 5560301.964631074108183, 543.47156 ], [ 351424.452316327369772, 5560328.136934812180698, 544.29292 ], [ 351412.547775902377907, 5560331.695725750178099, 545.92079 ], [ 351385.907732996100094, 5560339.78249931242317, 547.86564 ], [ 351369.396611157979351, 5560352.370889998972416, 548.89648 ], [ 351356.126280431926716, 5560370.988240216858685, 549.42337 ], [ 351355.660617574700154, 5560385.020189573056996, 549.49484 ], [ 351380.760303431656212, 5560436.946185918524861, 547.15582 ], [ 351384.419928506831639, 5560452.865685530006886, 545.64403 ], [ 351385.403746077616233, 5560477.872058339416981, 544.10708 ], [ 351378.251825045794249, 5560498.098769157193601, 544.09279 ], [ 351365.71444412774872, 5560509.686180043034256, 544.76314 ], [ 351363.771294025238603, 5560511.743135860189795, 544.80513 ], [ 351307.466599847772159, 5560503.969376982189715, 545.60848 ], [ 351272.524111788719893, 5560506.391784478910267, 544.50424 ], [ 351249.57265520823421, 5560508.368124747648835, 543.46204 ], [ 351242.759307572618127, 5560512.563909049145877, 543.1828 ], [ 351251.678692981018685, 5560586.303690030239522, 540.43828 ], [ 351226.908723871340044, 5560592.225112208165228, 541.77638 ], [ 351191.882927413098514, 5560591.646339516155422, 541.02811 ], [ 351188.859584355726838, 5560590.840752185322344, 540.78623 ], [ 351185.395948150951881, 5560604.95654290355742, 539.67849 ], [ 351170.353844007942826, 5560603.59683848451823, 538.13919 ], [ 351141.87091115739895, 5560591.709319425746799, 535.13375 ], [ 351114.626624483964406, 5560585.795443355105817, 531.45154 ], [ 351095.726380431093276, 5560589.550622933544219, 528.78019 ], [ 351072.494201478781179, 5560558.490837358869612, 526.4734 ], [ 351042.785860646923538, 5560566.665237045846879, 523.41394 ], [ 351036.947354582953267, 5560569.943926310166717, 522.98067 ], [ 351027.039469321374781, 5560573.336489272303879, 522.25816 ], [ 350984.988969114609063, 5560571.954279873520136, 519.37874 ], [ 350973.633858668501489, 5560564.483783840201795, 518.8324 ], [ 350905.26859258353943, 5560506.205157375894487, 515.74225 ], [ 350857.562706725904718, 5560614.130351052619517, 511.94833 ], [ 350834.203981354716234, 5560604.103615331463516, 511.47485 ], [ 350814.76863796368707, 5560593.855774087831378, 511.27664 ], [ 350747.500920687103644, 5560564.587764800526202, 509.8884 ], [ 350630.412370156554971, 5560514.243133832700551, 507.25183 ], [ 350625.626572888402734, 5560519.384206146933138, 507.10381 ], [ 350539.157292683375999, 5560607.928002523258328, 494.48461 ], [ 350536.426836501283105, 5560615.014185567386448, 494.48565 ], [ 350470.401017551426776, 5560614.754236669279635, 486.08877 ], [ 350456.026805029483512, 5560581.22293836157769, 482.1617 ], [ 350445.798026335716713, 5560575.724618358537555, 480.26318 ], [ 350430.596706994692795, 5560571.256111628375947, 477.96799 ], [ 350405.350360705517232, 5560565.289687770418823, 475.63311 ], [ 350395.962133302469738, 5560556.652491983957589, 474.44225 ], [ 350298.853751265211031, 5560505.53105098567903, 462.67985 ], [ 350250.934364337357692, 5560483.513510758057237, 456.10312 ], [ 350214.342894661356695, 5560467.964699831791222, 457.16653 ], [ 350189.841762674157508, 5560480.892951051704586, 454.60083 ], [ 350172.874356809188612, 5560507.628404685296118, 449.63366 ], [ 350151.305829499731772, 5560543.505702696740627, 445.0499 ], [ 350136.04112464201171, 5560562.182453491725028, 443.00282 ], [ 350119.717562877573073, 5560578.775070300325751, 440.661 ], [ 350098.272008792380802, 5560593.620489317923784, 437.49326 ], [ 350060.728192829934414, 5560605.136424344964325, 430.91239 ], [ 350043.68665926984977, 5560603.836195582523942, 429.06826 ], [ 350021.197922401712276, 5560591.785710263065994, 427.94166 ], [ 350019.09934515261557, 5560590.843463532626629, 427.69317 ], [ 349937.344002614961937, 5560623.188233748078346, 421.11104 ], [ 349914.888908188673668, 5560586.993176346644759, 421.12213 ], [ 349895.916486676549539, 5560562.827674514614046, 421.87154 ], [ 349872.424578593112528, 5560550.694813785143197, 421.93402 ], [ 349848.80786510265898, 5560536.67410018760711, 422.17564 ], [ 349780.814862782368436, 5560512.334031569771469, 424.80239 ], [ 349748.361316539812833, 5560501.678450943902135, 427.68255 ], [ 349726.055799935245886, 5560493.629462257027626, 428.60302 ], [ 349706.541622938646469, 5560457.908505304716527, 428.07128 ], [ 349700.105881948198657, 5560445.072392914444208, 427.43592 ], [ 349662.847121965838596, 5560436.33316960092634, 428.06621 ], [ 349634.363541787606664, 5560427.123838898725808, 428.54357 ], [ 349597.586289459140971, 5560420.26293720677495, 430.78141 ], [ 349530.953140926663764, 5560413.800912987440825, 436.73797 ], [ 349478.610955219017342, 5560432.637511911801994, 445.15105 ], [ 349451.600299987592734, 5560437.629214722663164, 447.14195 ], [ 349385.568447264959104, 5560437.271496619097888, 449.67903 ], [ 349340.307428702828474, 5560431.09741261228919, 454.7689 ], [ 349314.197877302707639, 5560430.056087614968419, 456.63578 ], [ 349307.204302947910037, 5560430.36528860963881, 456.80903 ], [ 349303.754268608172424, 5560467.513698548078537, 457.84188 ], [ 349300.170366315636784, 5560527.697462411597371, 461.95072 ], [ 349304.645152982149739, 5560564.621569972485304, 464.2911 ], [ 349312.926928513450548, 5560597.209911270067096, 466.64025 ], [ 349319.591210042010061, 5560613.043243608437479, 468.14327 ], [ 349310.598882097634487, 5560613.409022301435471, 468.40428 ], [ 349298.551417632726952, 5560611.858551635406911, 468.226 ], [ 349284.163885555462912, 5560603.364746496081352, 467.93355 ], [ 349227.921428771747742, 5560572.69077003467828, 466.42559 ], [ 349163.469090313534252, 5560537.243081939406693, 459.91556 ], [ 349183.002351182512939, 5560626.47951480653137, 458.06599 ], [ 349183.72673257405404, 5560644.483714274130762, 457.84005 ], [ 349127.784200325841084, 5560596.667670245282352, 447.39169 ], [ 349113.560950926446822, 5560566.250693881884217, 445.66325 ], [ 349082.200532729271799, 5560508.503556874580681, 442.15287 ], [ 349072.369829886301886, 5560486.863264526240528, 440.76645 ], [ 349063.893630207807291, 5560475.198328929953277, 438.99446 ], [ 349056.989989982685074, 5560453.475080330856144, 438.00897 ], [ 349026.961503006517887, 5560427.623173699714243, 432.81899 ], [ 349006.091118692071177, 5560432.443041389808059, 431.38914 ], [ 348976.274306001840159, 5560436.737908921204507, 431.65412 ], [ 348931.009487916599028, 5560430.45611933618784, 433.77873 ], [ 348918.202704972005449, 5560460.081928963772953, 436.63774 ], [ 348896.457173024886288, 5560491.964212874881923, 439.43894 ], [ 348877.283659392851405, 5560513.759833624586463, 440.54215 ], [ 348846.070026220288128, 5560483.937052853405476, 442.49334 ], [ 348824.598959177033976, 5560497.78709018137306, 444.48287 ], [ 348777.790484327124432, 5560527.711275818757713, 447.30733 ], [ 348756.419584010611288, 5560542.560137588530779, 448.34232 ], [ 348753.481053942581639, 5560544.757633906789124, 448.48196 ], [ 348743.976274236687459, 5560532.121019710786641, 449.82663 ], [ 348739.679406132956501, 5560524.232078725472093, 450.32106 ], [ 348708.368353830184788, 5560493.522723836824298, 450.30668 ], [ 348695.864808510232251, 5560480.971401740796864, 449.82934 ], [ 348686.544926116825081, 5560472.335134885273874, 449.55042 ], [ 348682.549981978721917, 5560472.559938182123005, 449.77626 ], [ 348680.365784830995835, 5560468.61650559399277, 449.54983 ], [ 348678.1247086225776, 5560462.671935227699578, 449.15457 ], [ 348677.971003000973724, 5560434.637732385657728, 446.73556 ], [ 348673.620250112027861, 5560424.858878119848669, 446.12477 ], [ 348668.654174895491451, 5560426.112669610418379, 446.50834 ], [ 348619.877970937697683, 5560432.061105701141059, 449.72646 ], [ 348586.689172687591054, 5560428.331750167533755, 451.52414 ], [ 348569.002935602446087, 5560437.068309372290969, 453.50402 ], [ 348539.513147826888599, 5560425.223010872490704, 454.70874 ], [ 348523.225496150786057, 5560442.93234920874238, 457.57171 ], [ 348517.442038983339444, 5560448.103790873661637, 458.51472 ], [ 348475.937696523498744, 5560410.787356048822403, 459.02327 ], [ 348469.51607323664939, 5560401.067585730925202, 458.86895 ], [ 348465.245155653276015, 5560419.21396881621331, 460.70059 ], [ 348452.981169276405126, 5560437.699129342101514, 463.11821 ], [ 348436.45153866824694, 5560449.407357996329665, 465.00329 ], [ 348433.452945084893145, 5560449.492720033042133, 465.22046 ], [ 348416.495732540206518, 5560451.199387669563293, 466.69832 ], [ 348396.568427058751695, 5560453.992061220109463, 468.70106 ], [ 348379.03943670168519, 5560465.728933120146394, 471.0063 ], [ 348360.753377927700058, 5560483.495711854659021, 473.24587 ], [ 348349.460928516229615, 5560500.952085496857762, 474.38571 ], [ 348336.76972626557108, 5560509.435905681923032, 475.3401 ], [ 348320.424692192580551, 5560550.17930711992085, 475.5968 ], [ 348317.725600219680928, 5560558.267252293415368, 475.5466 ], [ 348277.311474435846321, 5560646.984063206240535, 474.07203 ], [ 348251.514585033233743, 5560702.01645205821842, 473.88668 ], [ 348245.120492530462798, 5560718.332089334726334, 474.57499 ], [ 348222.895694605249446, 5560713.17989993840456, 475.45679 ], [ 348153.839007137226872, 5560736.957016470842063, 479.32683 ], [ 348070.939383212127723, 5560766.359544784761965, 481.28996 ], [ 348064.971100925467908, 5560767.531258129514754, 481.16049 ], [ 348002.48327861254802, 5560756.074485125951469, 480.20931 ], [ 347938.393605268676765, 5560778.600003874860704, 484.07881 ], [ 347935.426947544270661, 5560779.797392927110195, 484.11054 ], [ 347924.192408600472845, 5560749.186641726642847, 477.30268 ], [ 347906.292495818226598, 5560702.855433934368193, 466.81739 ], [ 347903.025723379978444, 5560696.050333012826741, 465.48825 ], [ 347911.832201280165464, 5560691.681939183734357, 465.50586 ], [ 347925.575796967023052, 5560685.058494241908193, 465.16999 ], [ 347900.54093271587044, 5560684.104702527634799, 463.54145 ], [ 347894.332846272736788, 5560679.386409838683903, 462.50004 ], [ 347893.27618149004411, 5560677.413829739205539, 462.18065 ], [ 347881.527587764081545, 5560658.834460501559079, 459.62707 ], [ 347851.667971576272976, 5560614.069061612710357, 457.76143 ], [ 347854.663301843334921, 5560613.872195767238736, 457.66417 ], [ 347856.605119490530342, 5560611.813932679593563, 457.62381 ], [ 347921.152546252589673, 5560550.220442239195108, 460.18136 ], [ 347938.836941873829346, 5560516.44710682425648, 462.0146 ], [ 347940.678857565158978, 5560513.39034696854651, 462.10584 ], [ 347939.707432701077778, 5560489.384867970831692, 464.16226 ], [ 347930.357185143162496, 5560454.714738440699875, 466.11158 ], [ 347917.154756637057289, 5560425.272841951809824, 467.01747 ], [ 347901.010730386245996, 5560397.917773804627359, 469.04729 ], [ 347874.788478948059492, 5560367.957802472636104, 472.71552 ], [ 347864.581824026303366, 5560363.353775842115283, 474.4571 ], [ 347857.259437263361178, 5560354.661809982731938, 475.49898 ], [ 347840.329720720881596, 5560332.336279340088367, 478.12479 ], [ 347833.463683635985944, 5560309.611911924555898, 479.42071 ], [ 347838.600393668399192, 5560289.326149900443852, 480.31895 ], [ 347849.377236442640424, 5560258.865374892950058, 481.96548 ], [ 347850.319622416631319, 5560256.835676386021078, 482.01743 ], [ 347854.046366891940124, 5560249.719492066651583, 482.11008 ], [ 347859.826269038021564, 5560244.436148916371167, 481.45812 ], [ 347877.600384051329456, 5560213.775513843633235, 481.30729 ], [ 347899.883678634185344, 5560170.858267172239721, 481.04852 ], [ 347916.027362137450837, 5560148.144166931509972, 479.77602 ], [ 347994.840871949389111, 5560092.931634846143425, 465.02095 ], [ 348044.433938117465004, 5560057.914195965975523, 458.56662 ], [ 348056.94023465947248, 5560045.429462993517518, 458.37528 ], [ 348060.849845998338424, 5560042.202493125572801, 458.23329 ], [ 348061.820905151194893, 5560041.173402736894786, 458.22336 ], [ 348067.575867334729992, 5560035.00090155005455, 458.13833 ], [ 348055.583715195534751, 5560035.454346646554768, 459.71203 ], [ 348030.931495071970858, 5560020.469522505067289, 462.55568 ], [ 348018.453814133070409, 5560008.92031363863498, 462.87889 ], [ 348011.216963568353094, 5559978.195268979296088, 462.54844 ], [ 347998.256783179589547, 5559954.754544249735773, 462.80324 ], [ 347986.050171187671367, 5559925.172772476449609, 462.8726 ], [ 347974.060837144963443, 5559900.702999986708164, 463.01401 ], [ 347970.219277074967977, 5559878.782249159179628, 462.48764 ], [ 347968.791173123696353, 5559868.809191722422838, 462.16902 ], [ 347952.745751758106053, 5559817.41791944950819, 461.15232 ], [ 347938.542487072292715, 5559788.004509753547609, 460.59872 ], [ 347928.877375404408667, 5559772.369636411778629, 460.33941 ], [ 347914.102768843236845, 5559752.986429126933217, 460.09585 ], [ 347876.555873784876894, 5559714.44857563637197, 458.71005 ], [ 347848.573988694697618, 5559690.547168134711683, 456.07184 ], [ 347841.365088353515603, 5559685.857481395825744, 455.54307 ], [ 347838.208886667853221, 5559682.943509592674673, 455.36848 ], [ 347828.614711453090422, 5559667.30677067860961, 454.72854 ], [ 347810.414844447223004, 5559638.119122331961989, 453.72324 ], [ 347779.889694938668981, 5559600.271346245892346, 452.06668 ], [ 347743.669351091841236, 5559570.708883862011135, 450.17241 ], [ 347715.015332190843765, 5559555.839795246720314, 448.65001 ], [ 347687.432261380716227, 5559540.940224603749812, 449.82603 ], [ 347682.351068511488847, 5559538.19265649933368, 450.05569 ], [ 347649.971121226786636, 5559555.474791497923434, 445.92978 ], [ 347639.40664322162047, 5559565.902134056203067, 442.71745 ], [ 347633.411623569205403, 5559566.184912003576756, 442.63283 ], [ 347601.459399549406953, 5559568.434335465542972, 443.68302 ], [ 347518.58438273757929, 5559571.807903401553631, 443.09983 ], [ 347455.379066146851983, 5559568.277204723097384, 441.08709 ], [ 347420.700456360704266, 5559552.692101740278304, 441.342 ], [ 347417.644013546989299, 5559550.776893811300397, 441.32897 ], [ 347375.42615839606151, 5559521.499917502515018, 439.564 ], [ 347343.782764966483228, 5559479.68095775321126, 438.79698 ], [ 347331.417302410467528, 5559447.212136036716402, 438.88415 ], [ 347329.331809481605887, 5559444.267754091881216, 438.66922 ], [ 347328.088583577191457, 5559438.295064573176205, 438.75704 ], [ 347329.815852560568601, 5559431.235835645347834, 439.20707 ], [ 347328.658671144978143, 5559428.264843251556158, 439.067 ], [ 347323.817703141481616, 5559406.484345991164446, 437.98627 ], [ 347314.93203318741871, 5559360.786493134684861, 434.30582 ], [ 347308.363686198950745, 5559346.065242419950664, 432.43805 ], [ 347306.178049307374749, 5559342.122350572608411, 431.87169 ], [ 347302.938480742275715, 5559336.31816469784826, 431.06168 ], [ 347245.312822169275023, 5559320.613187940791249, 427.99418 ], [ 347225.836772780865431, 5559309.377671456895769, 426.51676 ] ] ] } },
{ "type": "Feature", "properties": { "name": "Vulkangipfel-Pfad (2 Etappen)", "km": 31.327, "darstell": "F1" }, "geometry": { "type": "MultiLineString", "coordinates": [ [ [ 342673.179720197513234, 5563470.240059570409358, 417.07917 ], [ 342648.074745353194885, 5563517.271380870603025, 421.61032 ], [ 342626.159972862456925, 5563544.179677850566804, 425.79468 ], [ 342604.55660314677516, 5563555.055836298502982, 429.15803 ], [ 342578.252092922688462, 5563547.04387329891324, 431.87884 ], [ 342575.094982742797583, 5563544.132994387298822, 432.05029 ], [ 342569.984955000167247, 5563540.389750217087567, 432.39258 ], [ 342543.004470356390812, 5563567.448351592756808, 438.61368 ], [ 342513.264788910339121, 5563573.669830859638751, 441.83695 ], [ 342505.335599235026166, 5563576.018760359846056, 442.26582 ], [ 342461.540121735539287, 5563606.802590421400964, 442.96132 ], [ 342465.340469591261353, 5563626.607570306397974, 444.8827 ], [ 342466.398695931653492, 5563628.579108846373856, 445.08894 ], [ 342456.513411871274002, 5563629.984611581079662, 445.7046 ], [ 342443.563202402729075, 5563631.59219323284924, 446.94007 ], [ 342391.41435187344905, 5563628.686365677043796, 449.95362 ], [ 342388.41748078702949, 5563628.77516989223659, 450.13896 ], [ 342384.569902841700241, 5563633.896391638554633, 451.45332 ], [ 342377.990075052017346, 5563643.215622049756348, 453.89737 ], [ 342359.321831029665191, 5563651.891686508432031, 456.96576 ], [ 342342.494515259226318, 5563657.620197291485965, 459.49283 ], [ 342316.028075887588784, 5563670.644615147262812, 465.26848 ], [ 342282.63506481400691, 5563686.099987838417292, 472.38925 ], [ 342324.01802293851506, 5563694.442354256287217, 469.98005 ], [ 342285.49644668167457, 5563707.935601020231843, 476.21455 ], [ 342184.373779668123461, 5563732.076704205945134, 486.65325 ], [ 342108.536320708692074, 5563761.143936863169074, 492.75863 ], [ 342102.602129821083508, 5563763.322993651032448, 493.60996 ], [ 342009.718998884083703, 5563793.120299499481916, 509.65594 ], [ 341926.834445760468952, 5563796.473232296295464, 520.81406 ], [ 341793.945460038958117, 5563801.759741240181029, 535.65987 ], [ 341667.079915978712961, 5563807.871705587953329, 550.8079 ], [ 341617.339117019786499, 5563789.880097914487123, 554.94075 ], [ 341613.313601520494558, 5563788.998526509851217, 555.10774 ], [ 341617.187004217703361, 5563736.807841006666422, 555.10774 ], [ 341612.046635270467959, 5563732.064944355748594, 555.2166 ], [ 341608.8890701616765, 5563729.154629467055202, 555.83046 ], [ 341595.699216729262844, 5563698.725068022496998, 558.18798 ], [ 341579.628262441547122, 5563672.275869909673929, 561.68553 ], [ 341568.015099290350918, 5563658.824037691578269, 563.07854 ], [ 341547.083382282755338, 5563634.633886148221791, 565.5109 ], [ 341521.305721629294567, 5563615.595440034754574, 567.61413 ], [ 341423.748126755701378, 5563603.592622851021588, 573.59606 ], [ 341293.537920819828287, 5563576.765078630298376, 580.39049 ], [ 341287.517556155857164, 5563576.054537672549486, 580.78982 ], [ 341283.521671357215382, 5563576.173772330395877, 581.06051 ], [ 341278.526815397432074, 5563576.322819878347218, 581.40732 ], [ 341250.565577037865296, 5563577.491093114949763, 582.7892 ], [ 341207.873677857220173, 5563585.219248716719449, 583.37748 ], [ 341161.896434983354993, 5563612.073464622721076, 582.91668 ], [ 341137.209498628566507, 5563620.043463094159961, 581.21267 ], [ 341107.220666947716381, 5563620.271608176641166, 579.83954 ], [ 341103.126888423226774, 5563619.503723585046828, 579.69944 ], [ 341100.129997152136639, 5563619.593253720551729, 579.43493 ], [ 341095.135178401018493, 5563619.742474366910756, 579.00505 ], [ 341058.714174184366129, 5563610.259795575402677, 577.43793 ], [ 341017.058937300404068, 5563592.92217477876693, 575.64859 ], [ 340992.333546635578386, 5563551.822735464200377, 573.23948 ], [ 340972.95483020262327, 5563517.57372107822448, 573.23948 ], [ 340822.585599940852262, 5563535.646810891106725, 555.73876 ], [ 340854.827337840106338, 5563689.462592770345509, 558.49556 ], [ 340865.375342588638887, 5563703.056100715883076, 558.80887 ], [ 340911.060752459452488, 5563745.308358265087008, 559.51737 ], [ 340944.238067522644997, 5563772.913192371837795, 559.78311 ], [ 340973.979701751377434, 5563790.717666215263307, 560.24047 ], [ 340999.346742170979269, 5563800.752709755674005, 560.24047 ], [ 341007.495943495072424, 5563803.402184527367353, 560.02992 ], [ 341051.21469363279175, 5563796.643083903938532, 560.02992 ], [ 341070.098036806914024, 5563792.851871908642352, 560.02992 ], [ 341095.004889425938018, 5563789.882213041186333, 559.93296 ], [ 341096.374111191718839, 5563799.85584263317287, 559.2287 ], [ 341102.802260758006014, 5563859.639747573062778, 553.13716 ], [ 341105.271621226682328, 5563870.581964761018753, 551.59912 ], [ 341076.429278080177028, 5563875.672099947929382, 552.81585 ], [ 341029.747648959746584, 5563883.632313774898648, 557.48302 ], [ 341021.786242219270207, 5563884.871743717230856, 558.06819 ], [ 341009.084409402217716, 5563892.372896722517908, 558.70434 ], [ 340957.086214480223134, 5563894.483966274186969, 560.14318 ], [ 340954.561314134742133, 5563905.575480449013412, 560.60024 ], [ 340955.689135210239328, 5563957.617433146573603, 562.99781 ], [ 340956.089624602580443, 5563968.621466303244233, 563.53369 ], [ 340945.445727927959524, 5563978.064155665226281, 564.45825 ], [ 340862.253028718521819, 5563973.431392412632704, 565.71662 ], [ 340776.961015106877312, 5563967.861313902772963, 566.28963 ], [ 340738.851581640657969, 5563966.331843155436218, 567.20285 ], [ 340689.92213337199064, 5563968.353666579350829, 568.06093 ], [ 340654.282911871909164, 5563977.76684635411948, 568.40895 ], [ 340624.17078587342985, 5564000.033596868626773, 568.93434 ], [ 340615.581936251430307, 5564011.307038089260459, 569.25548 ], [ 340590.862521084723994, 5564044.317157356999815, 570.11024 ], [ 340556.349298148124944, 5564081.738140825182199, 570.66161 ], [ 340546.059008702053688, 5564098.181292600929737, 570.66161 ], [ 340454.030280220904388, 5564148.900247187353671, 570.53613 ], [ 340445.260951398988254, 5564180.319897840730846, 571.0707 ], [ 340454.817284117336385, 5564217.977417975664139, 573.35117 ], [ 340427.290607266244479, 5564281.116462231613696, 574.58286 ], [ 340414.879248814191669, 5564319.655708316713572, 575.51164 ], [ 340409.760892144287936, 5564341.841461859643459, 576.10886 ], [ 340382.513629229390062, 5564361.909574136137962, 576.36511 ], [ 340372.434718597156461, 5564385.357011683285236, 576.87669 ], [ 340370.658597036963329, 5564390.417637755163014, 576.87669 ], [ 340357.583349237276707, 5564413.955058823339641, 575.44499 ], [ 340357.33926189027261, 5564431.988702305592597, 574.34825 ], [ 340362.649117223452777, 5564463.76480205450207, 572.0857 ], [ 340366.986029097577557, 5564472.647761832922697, 571.59622 ], [ 340368.104984250268899, 5564476.620018160901964, 571.42703 ], [ 340379.163418818847276, 5564526.249873201362789, 570.86714 ], [ 340371.984024336910807, 5564572.532649886794388, 571.82302 ], [ 340362.71711020800285, 5564615.873732362873852, 573.94783 ], [ 340357.734113154700026, 5564640.169707860797644, 575.71684 ], [ 340356.855501926853321, 5564644.201936806552112, 576.05132 ], [ 340357.07704758021282, 5564649.202597049064934, 576.53514 ], [ 340356.551408574916422, 5564660.234465424902737, 577.65129 ], [ 340461.020405020623002, 5564696.044605948962271, 575.15282 ], [ 340483.399383149051573, 5564704.163776045665145, 573.482 ], [ 340535.917954585049301, 5564741.089036916382611, 572.90221 ], [ 340573.672610294714104, 5564759.540974081493914, 572.51382 ], [ 340663.1002329189796, 5564793.91429852321744, 572.51382 ], [ 340703.016127347946167, 5564815.417996562086046, 570.16724 ], [ 340728.596894890884869, 5564830.341168490238488, 567.66457 ], [ 340771.289728637144435, 5564870.678611386567354, 563.18419 ], [ 340835.967865407699719, 5564937.063712402246892, 558.27018 ], [ 340872.383795475703664, 5564946.65587873570621, 556.10909 ], [ 340946.772351777297445, 5564979.703498410992324, 553.67078 ], [ 340948.826309249910992, 5564981.533693498931825, 553.59396 ], [ 341002.056747944210656, 5565011.431772410869598, 551.82816 ], [ 341014.981457736459561, 5565032.966034905053675, 551.61899 ], [ 341018.258331348071806, 5565039.878241743892431, 551.61899 ], [ 341027.243282314098906, 5565039.498294554650784, 551.43793 ], [ 341070.305129985383246, 5565039.768661425448954, 550.34383 ], [ 341082.536956989904866, 5565045.300484742037952, 549.93318 ], [ 341082.653267111803871, 5565049.191560061648488, 549.7765 ], [ 341082.215961809968576, 5565063.225019304081798, 548.82837 ], [ 341066.613978085923009, 5565073.928522670641541, 547.66334 ], [ 341029.175402028253302, 5565087.39917279779911, 545.52193 ], [ 340983.559798497357406, 5565097.220113796181977, 544.42588 ], [ 340947.171984629589133, 5565114.777034372091293, 542.91107 ], [ 340918.090820655925199, 5565137.901773976162076, 541.40078 ], [ 340911.324434423819184, 5565143.222814182750881, 541.40078 ], [ 340905.703124980209395, 5565153.40561371203512, 541.97116 ], [ 340899.187768765492365, 5565164.727907923050225, 543.3139 ], [ 340814.789957162109204, 5565479.264564462937415, 588.37097 ], [ 340804.179495112621225, 5565489.708185913041234, 589.97612 ], [ 340809.047149766352959, 5565511.594523808918893, 591.09476 ], [ 340795.578126696054824, 5565548.161730519495904, 594.1141 ], [ 340772.832760265097022, 5565580.110819370485842, 597.04853 ], [ 340759.597880485758651, 5565600.64776390325278, 599.29963 ], [ 340756.76335467887111, 5565603.7370610749349, 599.73262 ], [ 340750.057700973236933, 5565611.059450190514326, 600.44947 ], [ 340746.344504169363063, 5565618.180919985286891, 600.5773 ], [ 340745.465823439066298, 5565622.213087446987629, 600.60279 ], [ 340735.612312530167401, 5565674.584264543838799, 602.97536 ], [ 340719.451732075831387, 5565721.35825171135366, 605.03643 ], [ 340710.530943311983719, 5565747.66356838401407, 606.10156 ], [ 340700.897796937962994, 5565831.184819787740707, 603.78827 ], [ 340699.959222775651142, 5565833.215872278437018, 603.78827 ], [ 340701.733292866265401, 5565878.117188698612154, 603.53304 ], [ 340702.115844834595919, 5565886.117414287291467, 603.52845 ], [ 340700.867665651137941, 5565930.219127163290977, 603.23224 ], [ 340701.0889321952709, 5565935.21980285923928, 603.14697 ], [ 340700.431624557590112, 5565944.25265708565712, 602.93872 ], [ 340697.221282169106416, 5565963.376647892408073, 602.3855 ], [ 340679.965566677507013, 5566033.106014934368432, 602.13932 ], [ 340661.783196577453054, 5566102.863251391798258, 602.64792 ], [ 340659.069008330116048, 5566109.954860837198794, 602.69205 ], [ 340669.421935464662965, 5566119.54782441817224, 603.92697 ], [ 340770.854063726728782, 5566226.55738040804863, 613.82015 ], [ 340681.0686927678762, 5566284.217385163530707, 612.41117 ], [ 340594.38870790717192, 5566416.784334951080382, 612.25274 ], [ 340532.126513846043963, 5566511.343405272811651, 615.26276 ], [ 340478.6094131085556, 5566673.629137218929827, 620.03806 ], [ 340479.740037412382662, 5566751.70946770068258, 623.45085 ], [ 340479.988240986480378, 5566757.599533081054688, 623.69554 ], [ 340479.714452803949825, 5566774.632659737952054, 624.27539 ], [ 340479.245776810217649, 5566813.703872319310904, 626.2723 ], [ 340488.295583759550937, 5566839.359008312225342, 626.2723 ], [ 340507.952246319619007, 5566854.569836328737438, 625.07143 ], [ 340529.031215623952448, 5566857.720465670339763, 625.07143 ], [ 340541.04945380683057, 5566856.247038451954722, 626.22855 ], [ 340552.865024136379361, 5566852.77679125033319, 627.76045 ], [ 340562.443703583208844, 5566841.361976056359708, 629.81687 ], [ 340597.192230047250632, 5566860.01487132627517, 632.86881 ], [ 340615.25324511283543, 5566886.290051103569567, 632.86881 ], [ 340638.591003649868071, 5566943.34112496394664, 631.9043 ], [ 340671.441677675233223, 5567039.164092044346035, 627.12381 ], [ 340714.989151645335369, 5567101.395667760632932, 623.20589 ], [ 340735.015461493632756, 5567126.610811164602637, 622.26102 ], [ 340740.288249106844887, 5567133.462996119633317, 621.92351 ], [ 340801.459009684389457, 5567186.042517920024693, 619.64803 ], [ 340815.960816390579566, 5567198.404462131671607, 619.34712 ], [ 340822.17176731384825, 5567203.225685485638678, 619.31621 ], [ 340837.862975638941862, 5567219.557899434119463, 619.19638 ], [ 340906.859550669556484, 5567292.823525023646653, 619.44061 ], [ 340908.569727192749269, 5567311.800091085955501, 619.56316 ], [ 340911.286214969004504, 5567328.632325460202992, 620.03873 ], [ 340912.344406973687001, 5567330.603561592288315, 620.11266 ], [ 340941.044969165697694, 5567371.471767717041075, 621.35622 ], [ 340955.023521457333118, 5567445.05016303807497, 621.96902 ], [ 340960.881374519551173, 5567516.757499150931835, 621.15018 ], [ 340961.885500455158763, 5567540.762524507008493, 620.43732 ], [ 340961.945410290383734, 5567542.763654868118465, 620.35964 ], [ 340948.129314710851759, 5567572.330974524840713, 619.7983 ], [ 340886.313462607969996, 5567702.925771152600646, 619.24418 ], [ 340883.569998015300371, 5567709.016727057285607, 619.24418 ], [ 340873.496456576045603, 5567732.463408808223903, 619.4782 ], [ 340827.626649353594985, 5567835.430632129311562, 618.90252 ], [ 340838.137395356432535, 5567848.02343113720417, 617.14999 ], [ 340865.365583142789546, 5567877.919176490046084, 612.91076 ], [ 340899.94825183856301, 5567917.498111104592681, 607.75235 ], [ 340908.342489377129823, 5567926.148578029125929, 606.09524 ], [ 340913.614336800877936, 5567933.000921614468098, 604.99496 ], [ 340980.826164349215105, 5568011.327851738780737, 591.53499 ], [ 340986.157749223057181, 5568020.181396048516035, 590.16425 ], [ 341035.996377402450889, 5568114.162294174544513, 578.55602 ], [ 341045.257032810535748, 5568120.784097394905984, 578.12257 ], [ 341143.118457932025194, 5568190.962899622507393, 577.96802 ], [ 341150.543708391429391, 5568200.644155259244144, 577.70957 ], [ 341216.373872975585982, 5568295.038452221080661, 576.85383 ], [ 341256.072848658193834, 5568336.469421068206429, 576.85383 ], [ 341298.919609112082981, 5568406.84894313570112, 578.64997 ], [ 341344.139787280117162, 5568485.058263103477657, 578.97304 ], [ 341346.506089787755627, 5568495.002170874737203, 578.97304 ], [ 341350.087852871278301, 5568509.805795452557504, 578.09956 ], [ 341357.07530975912232, 5568533.520822804421186, 576.46333 ], [ 341357.236268342589028, 5568536.520394622348249, 576.22167 ], [ 341517.426356812356971, 5568613.189407524652779, 569.93702 ], [ 341562.413981480640359, 5568638.330010471865535, 567.87133 ], [ 341592.661581596534234, 5568693.175478344783187, 563.63933 ], [ 341592.13446696207393, 5568704.207241693511605, 562.63917 ], [ 341592.006966119050048, 5568726.243124511092901, 560.84032 ], [ 341621.405047690379433, 5568786.121356414631009, 556.2472 ], [ 341660.668051839107648, 5568815.550549078732729, 552.24879 ], [ 341684.64268659974914, 5568839.538330643437803, 548.17077 ], [ 341688.66443938552402, 5568840.419883749447763, 547.9115 ], [ 341698.670757631538436, 5568841.011753277853131, 547.76009 ], [ 341696.64802581310505, 5568864.10557534918189, 547.57406 ], [ 341695.111143286922015, 5568877.170340633019805, 547.42994 ], [ 341684.106918374891393, 5568876.608233443461359, 547.54526 ], [ 341675.348921829194296, 5568881.987919909879565, 547.48918 ], [ 341650.865417267312296, 5568895.959487702697515, 546.80907 ], [ 341631.562527610512916, 5568913.782493215985596, 545.39307 ], [ 341634.45872611325467, 5568960.653375242836773, 541.59064 ], [ 341634.491950578521937, 5568985.688840006478131, 539.16287 ], [ 341635.422008594323415, 5569009.696099278517067, 536.99623 ], [ 341632.738186231756117, 5569017.787812098860741, 536.34509 ], [ 341615.779715565033257, 5569018.516185525804758, 535.39708 ], [ 341614.034181092341896, 5569024.577004423364997, 534.97913 ], [ 341607.579141982248984, 5569037.788519871421158, 533.9134 ], [ 341604.764400741027202, 5569043.881238199770451, 533.40728 ], [ 341622.226966510701459, 5569079.190295490436256, 532.751 ], [ 341635.573381976690143, 5569136.7655283305794, 530.4606 ], [ 341695.274561360944062, 5569179.383164032362401, 529.15256 ], [ 341777.743969110888429, 5569239.126559089869261, 527.42867 ], [ 341739.449782895157114, 5569306.697920478880405, 518.06749 ], [ 341707.0510933069163, 5569370.978188189677894, 513.00556 ], [ 341698.693378708558157, 5569387.36198846809566, 513.72974 ], [ 341708.391939393011853, 5569403.986334376968443, 513.72974 ], [ 341717.989335716702044, 5569419.612253240309656, 513.72974 ], [ 341715.869024858926423, 5569465.742550469003618, 517.51731 ], [ 341683.471692280378193, 5569506.099265951663256, 524.64563 ], [ 341757.265751651255414, 5569574.112515192478895, 528.56705 ], [ 341858.054938766697887, 5569667.137812475673854, 528.56705 ], [ 341832.418995288084261, 5569702.173664415255189, 532.06637 ], [ 341829.806585088488646, 5569710.263162888586521, 532.06637 ], [ 341827.99314080143813, 5569716.437214910052717, 531.39985 ], [ 341967.042156378389336, 5569788.851764710620046, 527.30371 ], [ 341973.085224915237632, 5569790.56350499484688, 526.87102 ], [ 341979.45285093045095, 5569798.38560235965997, 526.37524 ], [ 341985.775661981489975, 5569807.099224020726979, 525.85813 ], [ 341981.157920613652095, 5569841.286203028634191, 522.65134 ], [ 341956.180532485363074, 5569867.288755449466407, 513.07404 ], [ 341965.687087540165521, 5569879.913390337489545, 512.43524 ], [ 342061.850873484043404, 5570031.164290655404329, 512.17226 ], [ 342075.907221946050413, 5570057.674107571132481, 511.88103 ], [ 342090.489635131438263, 5570097.075960322283208, 511.88103 ], [ 342124.275245703815017, 5570189.762699564918876, 511.95429 ], [ 342127.607533957576379, 5570198.676686065271497, 512.12975 ], [ 342136.644819662673399, 5570224.334467045031488, 512.78701 ], [ 342151.357195960939862, 5570265.735499251633883, 513.02995 ], [ 342146.767245016759261, 5570276.888019864447415, 513.02995 ], [ 342130.581928083964158, 5570370.616094453260303, 503.39417 ], [ 342124.12079810508294, 5570409.976348978467286, 499.28111 ], [ 342124.281351632089354, 5570412.975941801443696, 499.1248 ], [ 342122.934497290523723, 5570430.04076280631125, 497.5218 ], [ 342134.153856365592219, 5570459.528173867613077, 497.07168 ], [ 342147.240965224686079, 5570487.068411929532886, 493.34508 ], [ 342163.577636144822463, 5570494.37163991946727, 493.34508 ], [ 342191.356960201461334, 5570488.315734852105379, 496.06802 ], [ 342217.855878651607782, 5570475.176582643762231, 498.50614 ], [ 342240.427019379916601, 5570464.268504735082388, 498.50614 ], [ 342289.367740521440282, 5570462.257598757743835, 490.00231 ], [ 342300.219918767805211, 5570457.818036536686122, 489.7584 ], [ 342311.030580518476199, 5570454.381185490638018, 489.22063 ], [ 342347.476987905101851, 5570439.945702858269215, 488.46417 ], [ 342385.446775828895625, 5570438.372866582125425, 484.15541 ], [ 342391.842785177286714, 5570447.196008623577654, 481.63467 ], [ 342427.187821691506542, 5570455.715949329547584, 477.09684 ], [ 342437.630247012944892, 5570442.275759380310774, 477.09684 ], [ 342450.946955050341785, 5570424.744455953128636, 477.89186 ], [ 342488.183681317663286, 5570379.24147108476609, 479.43643 ], [ 342507.263854909338988, 5570356.420749858021736, 479.43643 ], [ 342520.670085698890034, 5570341.891346696764231, 478.85065 ], [ 342532.57993761880789, 5570315.38895021378994, 478.89813 ], [ 342534.896177572547458, 5570297.294091789983213, 479.18885 ], [ 342537.699284871341661, 5570293.205121246166527, 479.18885 ], [ 342601.324348888068926, 5570307.674948338419199, 474.65217 ], [ 342602.203360268031247, 5570303.643074592575431, 474.65217 ], [ 342613.644811651203781, 5570266.138811584562063, 474.95936 ], [ 342631.435534743010066, 5570209.418757987208664, 475.18932 ], [ 342629.749359259963967, 5570193.445534317754209, 475.3125 ], [ 342631.465877622191329, 5570186.384483797475696, 475.3898 ], [ 342636.112950603768695, 5570177.122374283149838, 475.58872 ], [ 342637.021682177262846, 5570174.091079487465322, 475.68411 ], [ 342656.969610924599692, 5570173.277162859216332, 475.89759 ], [ 342664.921760133467615, 5570172.039985386654735, 476.069 ], [ 342672.840959331893828, 5570169.691073739901185, 476.27994 ], [ 342678.794367532536853, 5570168.401889976114035, 476.42824 ], [ 342680.350725738680921, 5570158.34125470276922, 476.82642 ], [ 342681.259486208495218, 5570155.309968136250973, 476.97211 ], [ 342643.390127509832382, 5570109.809419221244752, 479.00374 ], [ 342606.767168849357404, 5570070.280858943238854, 479.7022 ], [ 342591.190840417752042, 5570030.907254721038043, 480.96731 ], [ 342593.347197766590398, 5570009.812835400924087, 481.62633 ], [ 342607.939654848480131, 5569975.108250197023153, 482.17381 ], [ 342585.280512506375089, 5569959.089319463819265, 482.03256 ], [ 342576.435045676073059, 5569937.430990050546825, 482.15149 ], [ 342569.90718719677534, 5569849.608166304416955, 487.59832 ], [ 342555.561507722712122, 5569842.133302194066346, 489.13019 ], [ 342488.073773388168775, 5569805.857698293402791, 496.98949 ], [ 342478.877184862678405, 5569801.234603110700846, 498.31265 ], [ 342444.288198133581318, 5569688.540668695233762, 507.13159 ], [ 342406.704651731357444, 5569624.005503095686436, 510.68079 ], [ 342378.33567923179362, 5569615.167029159143567, 514.15226 ], [ 342304.625699064286891, 5569600.108824047259986, 519.02207 ], [ 342123.321376856882125, 5569421.341163635253906, 528.57006 ], [ 342026.274413355160505, 5569322.190800012089312, 532.15531 ], [ 342016.856437066337094, 5569312.56775688380003, 532.61733 ], [ 342013.713897119392641, 5569307.653991824015975, 532.82828 ], [ 342015.679906304343604, 5569306.594034749083221, 532.92668 ], [ 341966.855347044765949, 5569262.536509055644274, 533.36922 ], [ 341971.561790657462552, 5569255.274960998445749, 533.89037 ], [ 342036.776659623719752, 5569159.642623926512897, 534.5885 ], [ 342039.886179041932337, 5569163.444659476168454, 534.53252 ], [ 342056.759737659711391, 5569183.861962847411633, 533.72143 ], [ 342059.589602359337732, 5569180.66214554477483, 533.48917 ], [ 342099.286638672521804, 5569148.102529054507613, 528.04686 ], [ 342159.25275275396416, 5569096.580664255656302, 518.94682 ], [ 342092.204207956907339, 5568996.314684480428696, 522.82703 ], [ 342007.898028592579067, 5568915.590534372255206, 527.30368 ], [ 342042.456698785303161, 5568854.141310700215399, 527.30368 ], [ 342105.232808321423363, 5568798.640875013545156, 531.14852 ], [ 342109.721029842912685, 5568810.413589150644839, 530.88903 ], [ 342118.920756222796626, 5568839.070927361957729, 530.13965 ], [ 342119.848596893600188, 5568863.078222297132015, 529.25679 ], [ 342170.610737300012261, 5568881.041869775392115, 533.36205 ], [ 342182.523607940180227, 5568878.573615651577711, 534.7409 ], [ 342231.16985828615725, 5568868.560042715631425, 542.9601 ], [ 342322.44001709506847, 5568849.937081823125482, 557.3313 ], [ 342325.252380133781116, 5568843.733590011484921, 557.90804 ], [ 342362.577496127923951, 5568827.269813949242234, 561.05176 ], [ 342389.837207363219932, 5568808.211976666934788, 561.78841 ], [ 342429.096051487606019, 5568789.577122929506004, 561.58333 ], [ 342441.00922104914207, 5568787.109455419704318, 561.06285 ], [ 342447.463333857129328, 5568773.787831623107195, 561.06285 ], [ 342450.338558022282086, 5568769.696723556146026, 561.10546 ], [ 342453.772351376363076, 5568755.574544157832861, 561.51766 ], [ 342438.526979917078279, 5568725.093193104490638, 562.45981 ], [ 342424.122109843650833, 5568715.728665880858898, 563.20053 ], [ 342414.864266725955531, 5568709.104510448873043, 563.20053 ], [ 342414.644518167944625, 5568704.103779784403741, 563.15129 ], [ 342415.33369672979461, 5568696.071725209243596, 562.98005 ], [ 342417.109960346249864, 5568691.011762510053813, 562.98005 ], [ 342431.704950351268053, 5568704.376433778554201, 563.25316 ], [ 342440.434267805947457, 5568697.997448001988232, 563.25316 ], [ 342464.012129229377024, 5568663.026088706217706, 564.96521 ], [ 342470.54105821729172, 5568649.813559061847627, 565.78008 ], [ 342541.110748684732243, 5568613.893883761949837, 568.61159 ], [ 342587.26873873360455, 5568592.051395818591118, 570.64991 ], [ 342607.823152133903932, 5568580.203684353269637, 573.88899 ], [ 342615.587803170841653, 5568574.96631932631135, 575.34957 ], [ 342646.808899298368488, 5568554.679797887802124, 578.16806 ], [ 342652.544622133835219, 5568548.389889479614794, 578.75522 ], [ 342655.070038201403804, 5568537.299137701280415, 579.28777 ], [ 342654.423485632636584, 5568520.293681956827641, 579.63284 ], [ 342656.360268769785762, 5568518.233402322977781, 579.67083 ], [ 342668.892454022541642, 5568507.736360630951822, 580.38997 ], [ 342672.048262236465234, 5568486.612469039857388, 580.45054 ], [ 342665.726679543266073, 5568453.863252565264702, 580.9713 ], [ 342506.505187697242945, 5568426.202554202638566, 583.03371 ], [ 342506.255862495861948, 5568420.201254206709564, 583.46432 ], [ 342505.579176740720868, 5568402.195240373723209, 584.68357 ], [ 342509.512853278254624, 5568376.040914834477007, 586.5755 ], [ 342515.41222903970629, 5568372.861627612262964, 586.80279 ], [ 342532.064114754204638, 5568364.133733192458749, 586.83032 ], [ 342536.276917808572762, 5568344.981300943531096, 587.1421 ], [ 342522.278421933413483, 5568320.471420970745385, 588.37429 ], [ 342448.567073619458824, 5568279.484011061489582, 592.62242 ], [ 342454.213852665619925, 5568270.192186084575951, 592.68904 ], [ 342472.218353467644192, 5568244.510632490739226, 591.30433 ], [ 342491.895301273209043, 5568212.659586001187563, 588.10358 ], [ 342515.547188294178341, 5568177.686415403150022, 584.64586 ], [ 342578.24542643444147, 5568095.044224506244063, 574.25399 ], [ 342540.272908461512998, 5568046.542518036440015, 573.34475 ], [ 342457.357809231732972, 5568024.966478310525417, 574.8472 ], [ 342445.823558057891205, 5568011.399598984047771, 574.8472 ], [ 342375.699510755483061, 5567911.109787113033235, 571.95765 ], [ 342375.479752524755895, 5567906.10906218457967, 571.64148 ], [ 342431.444310392485932, 5567853.819788586348295, 567.19636 ], [ 342505.505401145084761, 5567778.851446386426687, 560.8703 ], [ 342521.000741031137295, 5567767.153567427769303, 558.32043 ], [ 342648.24454066978069, 5567671.027118862606585, 541.94566 ], [ 342647.026849792571738, 5567666.055957946926355, 541.68607 ], [ 342617.166734968312085, 5567595.170229269191623, 539.19587 ], [ 342507.214152103173546, 5567499.508191719651222, 539.64713 ], [ 342467.404282709409017, 5567454.176899079233408, 540.61856 ], [ 342463.999921869544778, 5567445.2648243336007, 540.61856 ], [ 342439.376936424057931, 5567380.23332608025521, 542.27707 ], [ 342439.186931520758662, 5567376.233170544728637, 542.33995 ], [ 342439.806127592222765, 5567267.16829102486372, 548.80168 ], [ 342443.427884275792167, 5567256.935134320519865, 549.87392 ], [ 342472.003285472281277, 5567245.850748602300882, 551.18717 ], [ 342438.042960347433109, 5567222.155446265824139, 553.33888 ], [ 342442.595025860704482, 5567212.005972932092845, 554.43024 ], [ 342445.307565900846384, 5567204.80412660073489, 555.03225 ], [ 342446.246506147319451, 5567202.773387147113681, 555.20835 ], [ 342453.615443227346987, 5567186.531707236543298, 556.81627 ], [ 342462.28808236529585, 5567178.151687458157539, 558.09049 ], [ 342476.100538102618884, 5567174.626522379927337, 558.95437 ], [ 342489.761395611800253, 5567165.987382459454238, 559.86611 ], [ 342494.574878724291921, 5567159.835998844355345, 560.14116 ], [ 342503.057674643176142, 5567147.455892676487565, 560.60751 ], [ 342503.278492296871264, 5567128.421860289759934, 562.35453 ], [ 342492.215971218072809, 5567101.93329219892621, 565.35451 ], [ 342458.813882119895425, 5567068.206803387962282, 568.42919 ], [ 342446.089452488115057, 5567050.669346592389047, 569.40487 ], [ 342439.823853996174876, 5567043.956293163821101, 569.87426 ], [ 342407.241337180952542, 5567004.197108585387468, 572.75664 ], [ 342378.613340461975895, 5566965.433505333028734, 575.12552 ], [ 342304.688703909981996, 5566968.405970348976552, 577.38989 ], [ 342275.464514774852432, 5566962.485826710239053, 580.49604 ], [ 342196.052137833961751, 5566929.681810815818608, 595.17824 ], [ 342150.86377422651276, 5566900.535520917735994, 601.38241 ], [ 342123.10947290470358, 5566857.630151053890586, 603.98008 ], [ 342081.251408933545463, 5566861.322034674696624, 606.22663 ], [ 342051.705982332408894, 5566873.438733443617821, 608.58152 ], [ 342053.1741278890986, 5566884.411045269109309, 608.99655 ], [ 341993.282379077980295, 5566912.897111513651907, 616.84418 ], [ 341949.884253203403205, 5566953.578286342322826, 619.05668 ], [ 341932.010156303527765, 5566957.336908475495875, 618.70201 ], [ 341907.367919514072128, 5566966.304230567067862, 617.06159 ], [ 341879.295244940905832, 5566989.505363744683564, 615.48307 ], [ 341832.536019965889864, 5566996.349484304897487, 613.43345 ], [ 341825.521257509244606, 5566995.668131140992045, 613.32049 ], [ 341805.051404648693278, 5567010.520451488904655, 612.76145 ], [ 341777.325249204179272, 5567016.575862418860197, 612.5893 ], [ 341747.47490492137149, 5567020.803055554628372, 612.27833 ], [ 341742.486605562036857, 5567021.062908184714615, 612.1709 ], [ 341733.40059294673847, 5567020.332099821418524, 611.96528 ], [ 341730.351570857455954, 5567042.566179685294628, 610.16626 ], [ 341718.464488601894118, 5567046.035927576944232, 609.59496 ], [ 341711.565693228621967, 5567049.245815466158092, 609.13015 ], [ 341679.498551130411215, 5567048.532174533233047, 608.67635 ], [ 341661.073964533687104, 5567012.249960181303322, 608.75201 ], [ 341675.703389801550657, 5566978.654741658829153, 610.28894 ], [ 341704.687510754854884, 5566952.532250205054879, 610.28894 ], [ 341703.468817529443186, 5566947.561289165169001, 610.01601 ], [ 341701.570925592735875, 5566924.584394629113376, 608.63476 ], [ 341650.410234650131315, 5566922.659415706992149, 608.63476 ], [ 341636.597550765029155, 5566926.186723086051643, 608.28746 ], [ 341623.652264330245089, 5566927.68530295137316, 607.78712 ], [ 341527.022370040183887, 5566913.653021967969835, 605.45844 ], [ 341526.831689580460079, 5566909.652887335978448, 605.50011 ], [ 341521.21985369711183, 5566893.796979364939034, 605.50011 ], [ 341517.596381030394696, 5566879.995952351950109, 605.432 ], [ 341515.420615772774909, 5566874.052116677165031, 605.39664 ], [ 341475.649118263041601, 5566880.690920758061111, 606.20685 ], [ 341422.681873597030062, 5566882.827829654328525, 607.56713 ], [ 341402.471018975833431, 5566877.644868093542755, 608.36007 ], [ 341337.339682324498426, 5566826.178311174735427, 614.41004 ], [ 341306.676887600100599, 5566810.403051307424903, 616.95491 ], [ 341286.125335831544362, 5566796.217570145614445, 619.85517 ], [ 341264.096611150889657, 5566797.098157644271851, 622.45492 ], [ 341234.028893019421957, 5566820.362383346073329, 623.28408 ], [ 341193.419897940126248, 5566830.032692596316338, 626.0394 ], [ 341171.612164344755001, 5566835.914359140209854, 626.90168 ], [ 341172.550706499430817, 5566833.883387156762183, 627.23206 ], [ 341173.354798240354285, 5566829.742243809625506, 628.01845 ], [ 341182.155963058001362, 5566799.43541553337127, 632.74341 ], [ 341188.329165688017383, 5566779.110463433898985, 635.00469 ], [ 341186.588795902905986, 5566735.20958398655057, 640.11103 ], [ 341180.567331483238377, 5566710.464370629750192, 642.69155 ], [ 341180.196960444794968, 5566700.460857055149972, 643.0893 ], [ 341178.513038713834248, 5566658.449938200414181, 643.0893 ], [ 341171.930157927796245, 5566619.701095724478364, 642.95215 ], [ 341175.392352999653667, 5566606.578655870631337, 641.42794 ], [ 341176.301038464764133, 5566603.547121695242822, 641.03158 ], [ 341180.600634595495649, 5566587.395283600315452, 638.93106 ], [ 341174.426180019858293, 5566557.536082725971937, 638.93106 ], [ 341154.209161207836587, 5566528.319177349098027, 640.85108 ], [ 341108.981503229239024, 5566498.181010344997048, 649.4531 ], [ 341106.763753469102085, 5566493.240029017440975, 649.5843 ], [ 341145.639306954923086, 5566463.703112438321114, 638.03905 ], [ 341157.893185747496318, 5566446.200758565217257, 633.78961 ], [ 341164.568323592888191, 5566437.878301071003079, 631.56774 ], [ 341176.111524040810764, 5566401.369538498111069, 626.03862 ], [ 341185.410601938725449, 5566359.030402924865484, 620.35715 ], [ 341192.900535916560329, 5566320.63991347886622, 614.97466 ], [ 341208.127606820838992, 5566276.009510165080428, 606.82 ], [ 341220.543166435090825, 5566261.506879195570946, 603.2041 ], [ 341228.21712145593483, 5566253.154679315164685, 601.43588 ], [ 341217.546813077817205, 5566237.672703569754958, 600.69372 ], [ 341207.034131544176489, 5566225.079135361127555, 600.22336 ], [ 341206.723642561875749, 5566217.076754856854677, 600.22336 ], [ 341217.579716913402081, 5566188.600322735495865, 597.39942 ], [ 341226.164859342970885, 5566103.219995600171387, 591.65945 ], [ 341243.165901495493017, 5566053.418204382993281, 587.97351 ], [ 341247.567485464503989, 5566038.264879366382957, 586.97452 ], [ 341222.450413256243337, 5566036.233359668403864, 586.97452 ], [ 341181.274107500677928, 5566031.899995716288686, 586.51733 ], [ 341153.045137258595787, 5566026.067235850729048, 585.54821 ], [ 341124.374356515530962, 5566010.233253396116197, 583.60104 ], [ 341129.303788381861523, 5566007.971712834201753, 583.27423 ], [ 341144.027431348222308, 5566001.411598350852728, 582.40303 ], [ 341156.694267796119675, 5565992.910082513466477, 581.38991 ], [ 341151.203504523145966, 5565981.167970836162567, 579.88622 ], [ 341124.933451022778172, 5565950.129087705165148, 576.48958 ], [ 341118.354321288585197, 5565935.415166085585952, 575.13515 ], [ 341132.079630330030341, 5565928.884872353635728, 574.09856 ], [ 341187.053483574418351, 5565926.685590256005526, 572.78339 ], [ 341221.894945789710619, 5565898.160215795971453, 567.64185 ], [ 341252.663589722127654, 5565891.009857393801212, 565.09848 ], [ 341280.612649976625107, 5565889.841341888532043, 563.71976 ], [ 341318.895514181465842, 5565895.263363006524742, 563.54659 ], [ 341336.835963364981581, 5565893.615050289779902, 563.09999 ], [ 341355.330339962150902, 5565881.824440067633986, 561.2874 ], [ 341381.103129839990288, 5565850.789039197377861, 556.80045 ], [ 341413.305392060428858, 5565829.465214523486793, 554.30452 ], [ 341434.396138468757272, 5565806.581436335109174, 551.14764 ], [ 341450.748009529197589, 5565789.959104253910482, 548.76887 ], [ 341475.204495826095808, 5565776.989647739566863, 548.49562 ], [ 341495.19884250900941, 5565777.172269792295992, 545.82618 ], [ 341528.769578075618483, 5565789.746523941867054, 545.82618 ], [ 341566.489334193407558, 5565831.3507190188393, 544.46742 ], [ 341558.439475348801352, 5565781.62929171230644, 538.36709 ], [ 341548.964277786784805, 5565743.967800181359053, 534.06106 ], [ 341536.821378803695552, 5565717.401835864409804, 532.53273 ], [ 341517.20540706673637, 5565701.18451133929193, 530.06078 ], [ 341506.224440680409316, 5565701.623203911818564, 530.06078 ], [ 341492.17643557995325, 5565702.1533796582371, 530.18399 ], [ 341472.652714089490473, 5565712.972709909081459, 532.56352 ], [ 341448.902611866767984, 5565720.913821267895401, 533.8868 ], [ 341428.070351751055568, 5565723.760722307488322, 533.8868 ], [ 341419.70366841822397, 5565716.109970571473241, 532.1918 ], [ 341426.982418743544258, 5565696.865188347175717, 527.83325 ], [ 341451.096359375398606, 5565650.857883024960756, 517.7451 ], [ 341475.591684154816903, 5565636.774579119868577, 513.02762 ], [ 341502.424704539007507, 5565607.711161863990128, 504.98722 ], [ 341551.819655130733736, 5565566.73678935226053, 494.28484 ], [ 341555.590276333678048, 5565561.505859142169356, 493.02365 ], [ 341575.001172500720713, 5565570.830557708628476, 491.6809 ], [ 341595.9650484980084, 5565569.983248786069453, 490.22461 ], [ 341599.956117184192408, 5565569.753044148907065, 489.93722 ], [ 341619.305061176535673, 5565553.041990394704044, 487.37752 ], [ 341670.125648493762128, 5565523.932459339499474, 484.57611 ], [ 341705.41627028019866, 5565505.522937976755202, 484.32372 ], [ 341740.058062227093615, 5565470.108316723257303, 483.22569 ], [ 341763.547885184176266, 5565458.170531185343862, 481.94709 ], [ 341779.559222115785815, 5565432.435136152431369, 481.94709 ], [ 341800.186281806905754, 5565398.662103828974068, 481.01446 ], [ 341813.335020644415636, 5565351.091396356932819, 477.28123 ], [ 341834.048645333503373, 5565320.209027593955398, 476.82932 ], [ 341865.506225375749636, 5565280.884279957972467, 476.20639 ], [ 341902.92646353848977, 5565240.380967937409878, 476.20639 ], [ 341904.792932203738019, 5565238.322563550435007, 476.20639 ], [ 341912.469513747899327, 5565229.971415424719453, 476.27831 ], [ 341921.174531713826582, 5565222.591147150844336, 476.27831 ], [ 341931.041448284639046, 5565194.257200595922768, 474.39847 ], [ 341935.233677402487956, 5565147.954655073583126, 468.49479 ], [ 341961.293139652931131, 5565123.924065204337239, 468.28912 ], [ 341982.169135430420283, 5565096.041889432817698, 465.08066 ], [ 342022.237121996062342, 5565072.485447517596185, 463.13661 ], [ 342068.879514358879533, 5565063.533181898295879, 462.14657 ], [ 342101.927388952753972, 5565063.21918816305697, 462.14657 ], [ 342104.013915420451667, 5565066.16155852843076, 462.16888 ], [ 342099.66821466566762, 5565107.349940177053213, 467.13006 ], [ 342105.026678817346692, 5565141.128707990981638, 471.11255 ], [ 342111.678461090370547, 5565155.952853409573436, 472.55124 ], [ 342113.702217181911692, 5565156.782924981787801, 472.55124 ], [ 342130.925930480589159, 5565162.168838645331562, 471.17308 ], [ 342165.735036393394694, 5565182.722008747979999, 469.53176 ], [ 342197.153148713812698, 5565192.471414989791811, 466.59791 ], [ 342216.649886485130992, 5565204.688974447548389, 465.52862 ], [ 342239.112818838795647, 5565215.817130818963051, 463.76193 ], [ 342253.251154466066509, 5565218.290649920701981, 461.96657 ], [ 342267.475238031882327, 5565223.654726082459092, 460.21113 ], [ 342287.440877820597962, 5565246.874516236595809, 458.84642 ], [ 342309.46300531399902, 5565272.036261724308133, 457.56304 ], [ 342320.254799940856174, 5565267.599104648455977, 456.06116 ], [ 342327.182695768889971, 5565265.279460201971233, 455.30681 ], [ 342341.130822496663313, 5565263.75306674093008, 454.84603 ], [ 342353.301344094506931, 5565267.286647250875831, 454.84603 ], [ 342366.746215298655443, 5565277.681307375431061, 456.39271 ], [ 342369.390540434338618, 5565294.62745454814285, 457.22879 ], [ 342374.573763671214692, 5565298.479542543180287, 457.94781 ], [ 342377.655398964416236, 5565301.281231731176376, 458.41878 ], [ 342382.838609733444173, 5565305.133327563293278, 459.23793 ], [ 342383.455932576966006, 5565321.138135154731572, 459.73199 ], [ 342419.801876895944588, 5565352.663189937360585, 467.17004 ], [ 342420.8598290089285, 5565354.634717495180666, 467.45322 ], [ 342420.94880765961716, 5565357.636412384919822, 467.57832 ], [ 342432.89944033883512, 5565356.169459905475378, 469.95083 ], [ 342435.803071948816068, 5565352.967791875824332, 470.3922 ], [ 342445.756451339344494, 5565351.560067860409617, 472.26731 ], [ 342449.750983905803878, 5565351.441679058596492, 473.02833 ], [ 342456.797426744131371, 5565353.124462037347257, 474.47651 ], [ 342481.272018029994797, 5565314.12179109454155, 476.41474 ], [ 342505.557081645529252, 5565271.11909547727555, 477.02641 ], [ 342566.166196804551873, 5565210.683804323896766, 481.47573 ], [ 342611.726200810458977, 5565174.840665150433779, 485.75568 ], [ 342646.710626111365855, 5565148.323932063765824, 488.59663 ], [ 342681.037823304650374, 5565130.951138745993376, 491.89057 ], [ 342687.000258059240878, 5565129.773261890746653, 492.7502 ], [ 342685.062125775497407, 5565131.83349531982094, 492.7502 ], [ 342668.509302691207267, 5565192.521095559932292, 498.77351 ], [ 342667.374798713775817, 5565238.620983676984906, 505.188 ], [ 342630.181082013412379, 5565335.192684818059206, 508.457 ], [ 342630.649564040475525, 5565346.194679951295257, 510.02989 ], [ 342630.732708483643364, 5565373.119886351749301, 513.45831 ], [ 342628.380639433744363, 5565414.248649585992098, 516.72282 ], [ 342618.984728914976586, 5565429.659725199453533, 516.72282 ], [ 342597.078733465459663, 5565456.568376718088984, 515.88826 ], [ 342624.034697573399171, 5565455.547719470225275, 519.52058 ], [ 342644.998987219005357, 5565454.70455891545862, 523.47853 ], [ 342657.518039013375528, 5565441.092699797824025, 525.30234 ], [ 342664.540514188760426, 5565417.851679424755275, 525.30234 ], [ 342668.887526264123153, 5565400.698507532477379, 525.30234 ], [ 342686.387791470799129, 5565388.942186499014497, 528.39025 ], [ 342708.4222972614225, 5565388.067618304863572, 533.42179 ], [ 342732.192990600771736, 5565383.136011873371899, 538.57869 ], [ 342743.645767276466358, 5565369.667192974127829, 540.25285 ], [ 342750.32476694410434, 5565361.346817540936172, 540.86328 ], [ 342761.250237304251641, 5565334.874907738529146, 540.86328 ], [ 342773.553871102398261, 5565316.373792343772948, 541.32536 ], [ 342785.167008074582554, 5565305.904655869118869, 542.55225 ], [ 342795.769394105882384, 5565297.468317815102637, 543.76131 ], [ 342812.097407339373603, 5565279.849737618118525, 543.76131 ], [ 342823.183458774001338, 5565256.37755495402962, 542.89033 ], [ 342832.609868686879054, 5565241.967427629977465, 542.07021 ], [ 342833.771982528211083, 5565220.902829672209918, 538.0532 ], [ 342839.488954594009556, 5565189.689178481698036, 532.7368 ], [ 342849.914204288157634, 5565175.249563643708825, 531.64867 ], [ 342859.812370202620514, 5565147.806836559437215, 527.48163 ], [ 342868.433627975755371, 5565113.391798445954919, 521.24651 ], [ 342871.930797056527808, 5565101.271162459626794, 518.9713 ], [ 342892.251145362271927, 5565083.423612232320011, 518.9713 ], [ 342913.09863616572693, 5565078.579278266057372, 519.37697 ], [ 342920.957637046230957, 5565076.344191275537014, 519.94843 ], [ 342984.112559172557667, 5565077.705439605750144, 531.3474 ], [ 343045.517326871922705, 5565063.31864167470485, 531.66739 ], [ 343129.557608643488493, 5565036.915003521367908, 531.66739 ], [ 343183.880501692881808, 5565019.623230227269232, 531.66739 ], [ 343198.638727476238273, 5565014.069487728178501, 530.77776 ], [ 343223.292134536080994, 5565005.108404302969575, 527.27114 ], [ 343284.707333681872115, 5564988.609990642406046, 522.01604 ], [ 343296.528624524187762, 5564985.145972159691155, 521.14734 ], [ 343350.986088970559649, 5564969.966131564229727, 517.77501 ], [ 343396.077053250919562, 5564947.051277715712786, 512.79811 ], [ 343432.62388095643837, 5564934.625310751609504, 510.08541 ], [ 343476.028314653784037, 5564919.883571414276958, 507.06447 ], [ 343520.865573000686709, 5564915.003087310120463, 505.29987 ], [ 343583.777209508116357, 5564910.481368859298527, 502.95037 ], [ 343647.805326541420072, 5564909.933292697183788, 501.15825 ], [ 343634.266324090072885, 5564971.530087435618043, 507.586 ], [ 343632.161081567639485, 5564994.624943986535072, 510.74965 ], [ 343651.94739028980257, 5565062.919301679357886, 514.17284 ], [ 343656.486313269939274, 5565100.728968958370388, 514.17284 ], [ 343668.515531894692685, 5565126.189918513409793, 511.96984 ], [ 343669.661315364472102, 5565131.163385855965316, 511.80588 ], [ 343672.59127682808321, 5565153.108733321540058, 511.72355 ], [ 343673.977720319817308, 5565188.118086962029338, 511.72355 ], [ 343669.058371521765366, 5565239.335787779651582, 513.00814 ], [ 343635.501901669427752, 5565326.668436731211841, 516.79521 ], [ 343610.173367371084169, 5565392.72920080833137, 519.08229 ], [ 343564.746910688234493, 5565532.708742097020149, 520.4115 ], [ 343548.606490745965857, 5565554.325151988305151, 521.6054 ], [ 343498.668387938058004, 5565606.42327119410038, 526.93083 ], [ 343489.509041841723956, 5565651.757511709816754, 527.74708 ], [ 343491.056532229995355, 5565689.766465180553496, 527.74708 ], [ 343495.466176487796474, 5565725.577005906961858, 528.9309 ], [ 343493.456705635180697, 5565773.705044963397086, 531.48337 ], [ 343480.010852741368581, 5565838.304089436307549, 536.52421 ], [ 343491.759133683575783, 5565880.908573053777218, 537.2464 ], [ 343496.801293216354679, 5565906.686143000610173, 538.34376 ], [ 343503.92883736663498, 5565935.406618050299585, 539.83388 ], [ 343494.277303454698995, 5565968.849443935789168, 543.72557 ], [ 343446.775020527187735, 5566030.779668333008885, 550.43058 ], [ 343459.870149733033031, 5566034.288423280231655, 550.33531 ], [ 343465.95867193385493, 5566034.999261611141264, 550.29364 ], [ 343495.82157410425134, 5566006.747238809242845, 547.43614 ], [ 343546.699564193724655, 5566003.691501985304058, 543.10878 ], [ 343616.529408280155621, 5566047.924880110658705, 540.61764 ], [ 343652.644524216710124, 5566074.457402474246919, 540.61764 ], [ 343669.112958004348911, 5566085.878895896486938, 540.89457 ], [ 343673.292693991912529, 5566089.650415511801839, 540.89457 ], [ 343711.502783644478768, 5566095.202857217751443, 540.1101 ], [ 343820.569893210427836, 5566070.744015464559197, 532.39639 ], [ 343881.063729718327522, 5566057.283299065195024, 528.54434 ], [ 343910.278426479024347, 5566036.062763577327132, 526.22676 ], [ 343920.263415404013358, 5566035.769522754475474, 525.83659 ], [ 343934.235871007898822, 5566035.136668596416712, 525.29708 ], [ 343995.363825971609913, 5566011.644359182566404, 522.01081 ], [ 344105.574335189536214, 5565965.23776725307107, 515.12291 ], [ 344109.565120136132464, 5565965.009442251175642, 514.92013 ], [ 344176.605163270607591, 5565965.380183911882341, 511.45074 ], [ 344494.400818248628639, 5565955.516101217828691, 491.26316 ], [ 344538.422920156270266, 5565954.784610803239048, 487.0285 ], [ 344578.432713292597327, 5565929.135187381878495, 484.9412 ], [ 344581.327681427530479, 5565928.04910721257329, 484.9412 ], [ 344592.114395213196985, 5565896.578253360465169, 485.93054 ], [ 344604.016793303308077, 5565869.080508816987276, 486.45548 ], [ 344608.40991481434321, 5565828.895083825103939, 486.45548 ], [ 344604.124841248965822, 5565797.086045802570879, 485.52017 ], [ 344584.705681381979957, 5565762.826501094736159, 485.52017 ], [ 344557.489473680499941, 5565732.912001110613346, 486.06257 ], [ 344535.350305819476489, 5565705.742134519852698, 486.39527 ], [ 344509.625995510257781, 5565687.801321879960597, 487.62797 ], [ 344498.902760094497353, 5565670.200634565204382, 487.62797 ], [ 344493.99523569457233, 5565646.421267873607576, 487.47081 ], [ 344491.257207855407614, 5565628.475715696811676, 487.47081 ], [ 344480.228282855881844, 5565602.87259928882122, 488.27623 ], [ 344457.005051027343143, 5565572.841728896833956, 490.67807 ], [ 344445.035836415132508, 5565549.269039902836084, 492.50715 ], [ 344442.544632186938543, 5565537.324835850857198, 493.20452 ], [ 344452.166419005952775, 5565527.029014367610216, 493.20452 ], [ 344477.209296115324832, 5565528.966725061647594, 491.62106 ], [ 344515.054984070651699, 5565524.410227874293923, 490.01297 ], [ 344550.81900674267672, 5565517.021874065510929, 489.55613 ], [ 344575.52724199910881, 5565509.957015009596944, 489.55613 ], [ 344600.615452531259507, 5565511.003827470354736, 489.16792 ], [ 344634.078926482703537, 5565522.59908099193126, 488.02734 ], [ 344656.041466181748547, 5565521.734662552364171, 486.14376 ], [ 344693.875623791420367, 5565541.213941108435392, 486.14376 ], [ 344768.906054463644978, 5565541.247681688517332, 485.10591 ], [ 344880.173794712754898, 5565520.752790720202029, 482.22402 ], [ 344920.827431280049495, 5565512.111572351306677, 480.13673 ], [ 344940.676067152991891, 5565507.304320326074958, 479.60344 ], [ 344953.667407157947309, 5565482.780006221495569, 479.60344 ], [ 344967.929797915858217, 5565438.190249584615231, 480.66406 ], [ 344971.473548679845408, 5565403.037182088941336, 481.56383 ], [ 344973.396220570779406, 5565375.942759614437819, 481.56383 ], [ 344990.784573442069814, 5565360.191850464791059, 480.59993 ], [ 345031.222420962760225, 5565346.55073990020901, 477.60584 ], [ 345071.948927706456743, 5565337.908631132915616, 474.49354 ], [ 345084.739857749606017, 5565333.418920097872615, 473.43758 ], [ 345087.619106209371239, 5565329.329337787814438, 473.14317 ], [ 345092.333574686199427, 5565322.070751995779574, 472.61205 ], [ 345096.429122693371028, 5565300.921607237309217, 471.56489 ], [ 345088.80360260955058, 5565284.230957355350256, 471.3541 ], [ 345067.693371774279512, 5565258.030377522110939, 471.22703 ], [ 345056.637487584725022, 5565231.425549848936498, 469.66916 ], [ 345048.635782319586724, 5565206.734557828865945, 468.4354 ], [ 345023.997205520514399, 5565191.763856125995517, 468.4354 ], [ 344998.515442060306668, 5565179.710836728103459, 469.47343 ], [ 344982.1381857477827, 5565171.398123402148485, 470.2629 ], [ 344949.062512808537576, 5565143.766585442237556, 470.85709 ], [ 344949.655872625415213, 5565134.736498442478478, 470.85709 ], [ 344964.43814099195879, 5565103.038833299651742, 467.2723 ], [ 344970.226018157089129, 5565073.828873011283576, 465.19551 ], [ 344960.109650082304142, 5565045.193975364789367, 465.19551 ], [ 344940.259234028984793, 5565001.042804169468582, 465.22938 ], [ 344922.778820392326452, 5564964.722655800171196, 465.26084 ], [ 344913.936376761994325, 5564943.060611425898969, 465.26084 ], [ 344915.800735332653858, 5564913.965045543387532, 463.91147 ], [ 344933.015458586392924, 5564870.179335881955922, 461.97131 ], [ 344938.527913805563003, 5564833.967452423647046, 461.81261 ], [ 344952.373964968835935, 5564804.411221055313945, 462.35598 ], [ 344969.430346703273244, 5564779.657254243269563, 463.72737 ], [ 344968.749535960028879, 5564763.654396540485322, 464.41204 ], [ 344945.509797318663914, 5564708.586392972618341, 464.41204 ], [ 344916.059831703081727, 5564648.692505368031561, 460.36027 ], [ 344897.595791519270279, 5564637.436579711735249, 456.37833 ], [ 344878.479925628518686, 5564633.209669911302626, 452.04515 ], [ 344855.952608503517695, 5564622.183694289065897, 446.47366 ], [ 344859.058928238344379, 5564598.949129092507064, 444.84248 ], [ 344878.100067559513263, 5564549.212755862623453, 443.33818 ], [ 344916.183416184154339, 5564476.667298961430788, 440.96521 ], [ 344933.052748261368833, 5564447.913052990101278, 440.96521 ], [ 344961.790824739728123, 5564441.734171465970576, 445.37497 ], [ 344989.601507818209939, 5564435.582482906058431, 450.55366 ], [ 345001.308311782078817, 5564428.120030621998012, 452.8133 ], [ 345003.594869944849052, 5564411.02926845382899, 452.8133 ], [ 344997.865095964691136, 5564393.282023246400058, 451.91865 ], [ 344981.310504783294164, 5564378.965863627381623, 448.13325 ], [ 344960.689246056776028, 5564364.768317686393857, 443.76551 ], [ 344959.428178636706434, 5564333.76110814884305, 443.76551 ], [ 344957.518428753246553, 5564309.894011585973203, 443.76551 ], [ 344950.873873866861686, 5564295.066465730778873, 442.94764 ], [ 344935.269827734096907, 5564205.61631637532264, 441.80544 ], [ 344919.610260009474587, 5564114.276252219453454, 439.25793 ], [ 344913.500830846256576, 5564061.490499642677605, 436.65986 ], [ 344913.56961490039248, 5563990.387783208861947, 432.75102 ], [ 344933.337199778587092, 5563933.620684264227748, 425.95818 ], [ 344955.433681685070042, 5563885.687283297069371, 420.06763 ], [ 344976.910297848749906, 5563872.821680197492242, 420.86991 ], [ 345021.88683493854478, 5563771.925511496141553, 420.86991 ], [ 345076.141845981357619, 5563653.624209210276604, 417.44463 ], [ 345113.699437376402784, 5563592.111618095077574, 413.37312 ], [ 345125.8567168089794, 5563570.616613391786814, 410.61664 ], [ 345157.552868689585011, 5563538.316111746244133, 407.17038 ], [ 345192.61876124353148, 5563513.817795096896589, 405.0439 ], [ 345222.813042598310858, 5563493.689676122739911, 403.20445 ], [ 345229.686153164540883, 5563489.37275577802211, 402.74535 ], [ 345234.548199058044702, 5563487.117188188247383, 402.59986 ], [ 345238.427641428017523, 5563482.998653975315392, 402.36631 ], [ 345221.249420274281874, 5563454.680006029084325, 402.36631 ], [ 345215.722203579731286, 5563416.898357082158327, 401.886 ], [ 345224.579101004987024, 5563387.488348041661084, 400.83081 ], [ 345234.551552084856667, 5563362.051559842191637, 400.83081 ], [ 345234.05949750560103, 5563350.048905042931437, 401.06711 ], [ 345214.651129806181416, 5563340.822023217566311, 403.57341 ], [ 345217.402085222711321, 5563334.733488157391548, 402.95115 ], [ 345246.449736443464644, 5563309.520590302534401, 397.28949 ], [ 345268.624241779092699, 5563288.62471130117774, 394.1739 ], [ 345276.8191981932614, 5563268.358066846616566, 393.34289 ], [ 345285.185596076888032, 5563253.983665955252945, 393.09378 ], [ 345284.635462550038937, 5563239.979875979945064, 393.04879 ], [ 345285.084350618824828, 5563225.947030168026686, 392.97718 ], [ 345285.099518625880592, 5563201.912664032541215, 392.74257 ], [ 345285.432016940671019, 5563183.877550588920712, 392.51193 ], [ 345277.009275879594497, 5563174.219657038338482, 392.51193 ], [ 345258.974969093513209, 5563172.963933570310473, 392.64985 ], [ 345236.902273135958239, 5563172.827172037214041, 393.14335 ], [ 345214.541669821366668, 5563162.796006320975721, 393.33871 ], [ 345191.701604894828051, 5563143.654886622913182, 393.33871 ], [ 345170.221673304331489, 5563107.450225225649774, 393.5622 ], [ 345166.952561800484546, 5563100.646740825846791, 394.58046 ], [ 345159.353784854291007, 5563084.95654908940196, 398.35244 ], [ 345164.30222179874545, 5563058.664475711062551, 398.99136 ], [ 345174.597422255028505, 5563017.306853727437556, 400.72952 ], [ 345186.53948566771578, 5562990.811279758810997, 401.93547 ], [ 345210.622760161350016, 5562966.74416965059936, 401.93547 ], [ 345234.160180970677175, 5562955.822703767567873, 400.05563 ], [ 345251.021527173812501, 5562951.104018256999552, 398.37849 ], [ 345265.005320658790879, 5562950.586003422737122, 396.46501 ], [ 345284.169005863484927, 5562953.811765009537339, 393.43538 ], [ 345300.42273533414118, 5562960.126451265998185, 392.40495 ], [ 345307.503518538200296, 5562962.924791631288826, 392.03883 ], [ 345315.420974968699738, 5562935.54516208358109, 392.66131 ], [ 345288.991900811670348, 5562925.631943077780306, 397.94247 ], [ 345272.763921179110184, 5562920.206682332791388, 401.94341 ], [ 345250.764778978016693, 5562920.178940952755511, 405.82449 ], [ 345216.805792170343921, 5562921.500655860640109, 411.93155 ], [ 345181.32971421390539, 5562909.959623659960926, 421.7634 ], [ 345179.621542773675174, 5562892.985296444967389, 425.49895 ], [ 345163.454815663048066, 5562889.672672344371676, 428.69147 ], [ 345127.699907769798301, 5562871.018927914090455, 431.62633 ], [ 345119.493426225613803, 5562866.362027167342603, 431.36301 ] ] ] } }
]
}
